Gene_ID,uncleaned,cloak,divvier,taper,divvierpf,gene_cloak,gene_divvier,gene_taper,gene_divvierpf,propagate
1,0.636069015,0.662069015,0.678069015,0.706069015,0.715069015,0.718069015,0.695069015,0.729069015,0.681069015,0.699069015
2,0.609630407,0.627630407,0.711630407,0.633630407,0.669630407,0.742630407,0.692630407,0.730630407,0.683630407,0.695630407
3,0.621469888,0.649469888,0.647469888,0.644469888,0.660469888,0.683469888,0.675469888,0.661469888,0.664469888,0.698469888
4,0.786845115,0.835845115,0.850845115,0.804845115,0.805845115,0.834845115,0.816845115,0.843845115,0.792845115,0.816845115
5,0.679813157,0.621813157,0.720813157,0.723813157,0.735813157,0.760813157,0.712813157,0.740813157,0.717813157,0.741813157
6,0.616541921,0.681541921,0.709541921,0.664541921,0.728541921,0.718541921,0.663541921,0.684541921,0.663541921,0.688541921
7,0.697024492,0.736024492,0.754024492,0.707024492,0.724024492,0.752024492,0.715024492,0.714024492,0.729024492,0.737024492
8,0.574050463,0.568050463,0.609050463,0.606050463,0.591050463,0.632050463,0.599050463,0.608050463,0.598050463,0.612050463
9,0.543656268,0.523656268,0.534656268,0.603656268,0.612656268,0.624656268,0.595656268,0.620656268,0.568656268,0.590656268
10,0.695981567,0.715981567,0.725981567,0.714981567,0.743981567,0.744981567,0.774981567,0.766981567,0.720981567,0.772981567
11,0.708217514,0.703217514,0.683217514,0.697217514,0.743217514,0.837217514,0.787217514,0.786217514,0.768217514,0.784217514
12,0.637933374,0.666933374,0.654933374,0.661933374,0.614933374,0.708933374,0.690933374,0.734933374,0.699933374,0.719933374
13,0.650495825,0.630495825,0.730495825,0.683495825,0.705495825,0.735495825,0.702495825,0.728495825,0.689495825,0.691495825
14,0.734021536,0.759021536,0.757021536,0.760021536,0.826021536,0.822021536,0.769021536,0.794021536,0.805021536,0.784021536
15,0.594264943,0.658264943,0.671264943,0.651264943,0.674264943,0.691264943,0.645264943,0.682264943,0.668264943,0.664264943
16,0.737575264,0.823575264,0.854575264,0.815575264,0.817575264,0.827575264,0.785575264,0.793575264,0.799575264,0.812575264
17,0.62189698,0.61789698,0.63189698,0.59589698,0.63389698,0.68289698,0.63589698,0.65789698,0.63889698,0.68489698
18,0.534436403,0.545436403,0.612436403,0.584436403,0.585436403,0.580436403,0.578436403,0.571436403,0.557436403,0.597436403
19,0.771876163,0.804876163,0.840876163,0.816876163,0.848876163,0.846876163,0.875876163,0.869876163,0.844876163,0.851876163
20,0.483975018,0.533975018,0.496975018,0.467975018,0.549975018,0.565975018,0.559975018,0.563975018,0.574975018,0.576975018
21,0.490788789,0.523788789,0.522788789,0.578788789,0.557788789,0.565788789,0.579788789,0.559788789,0.545788789,0.589788789
22,0.592799452,0.611799452,0.607799452,0.640799452,0.607799452,0.699799452,0.655799452,0.723799452,0.629799452,0.690799452
23,0.759756158,0.720756158,0.795756158,0.782756158,0.808756158,0.857756158,0.836756158,0.881756158,0.859756158,0.843756158
24,0.652948436,0.688948436,0.694948436,0.699948436,0.743948436,0.686948436,0.668948436,0.668948436,0.678948436,0.687948436
25,0.669243751,0.641243751,0.657243751,0.681243751,0.683243751,0.743243751,0.710243751,0.707243751,0.688243751,0.727243751
26,0.640886131,0.663886131,0.719886131,0.673886131,0.659886131,0.754886131,0.723886131,0.739886131,0.704886131,0.733886131
27,0.870098582,0.849098582,0.930098582,0.883098582,0.924098582,0.908098582,0.909098582,0.929098582,0.933098582,0.932098582
28,0.496961513,0.545961513,0.523961513,0.482961513,0.515961513,0.601961513,0.567961513,0.564961513,0.585961513,0.576961513
29,0.660338718,0.738338718,0.704338718,0.761338718,0.720338718,0.748338718,0.710338718,0.727338718,0.738338718,0.745338718
30,0.69834876,0.72434876,0.75234876,0.75834876,0.73834876,0.80034876,0.74034876,0.77434876,0.72534876,0.78334876
31,0.620930035,0.712930035,0.729930035,0.710930035,0.735930035,0.671930035,0.652930035,0.674930035,0.631930035,0.702930035
32,0.468373842,0.532373842,0.500373842,0.460373842,0.536373842,0.544373842,0.526373842,0.560373842,0.532373842,0.568373842
33,0.738300993,0.800300993,0.765300993,0.780300993,0.768300993,0.803300993,0.784300993,0.760300993,0.764300993,0.812300993
34,0.528826955,0.571826955,0.533826955,0.526826955,0.576826955,0.617826955,0.611826955,0.611826955,0.580826955,0.598826955
35,0.660057352,0.649057352,0.698057352,0.698057352,0.686057352,0.716057352,0.676057352,0.699057352,0.685057352,0.716057352
36,0.811419792,0.826419792,0.839419792,0.824419792,0.864419792,0.915419792,0.915419792,0.910419792,0.884419792,0.905419792
37,0.595317932,0.624317932,0.591317932,0.613317932,0.627317932,0.637317932,0.641317932,0.617317932,0.606317932,0.637317932
38,0.459438698,0.538438698,0.496438698,0.521438698,0.534438698,0.573438698,0.528438698,0.552438698,0.513438698,0.495438698
39,0.588375261,0.641375261,0.642375261,0.622375261,0.692375261,0.704375261,0.649375261,0.681375261,0.648375261,0.656375261
40,0.592137444,0.671137444,0.681137444,0.632137444,0.673137444,0.671137444,0.650137444,0.579137444,0.627137444,0.663137444
41,0.634598607,0.679598607,0.684598607,0.633598607,0.723598607,0.693598607,0.686598607,0.744598607,0.688598607,0.737598607
42,0.502839721,0.498839721,0.544839721,0.501839721,0.592839721,0.556839721,0.539839721,0.538839721,0.524839721,0.542839721
43,0.596227876,0.660227876,0.652227876,0.640227876,0.671227876,0.654227876,0.629227876,0.663227876,0.668227876,0.666227876
44,0.699654186,0.721654186,0.714654186,0.682654186,0.758654186,0.821654186,0.768654186,0.762654186,0.793654186,0.811654186
45,0.697281626,0.717281626,0.725281626,0.757281626,0.825281626,0.777281626,0.766281626,0.725281626,0.733281626,0.732281626
46,0.633004532,0.667004532,0.685004532,0.650004532,0.655004532,0.706004532,0.687004532,0.719004532,0.675004532,0.682004532
47,0.818327877,0.824327877,0.906327877,0.831327877,0.873327877,0.932327877,0.885327877,0.877327877,0.872327877,0.923327877
48,0.559049448,0.592049448,0.583049448,0.614049448,0.629049448,0.617049448,0.613049448,0.611049448,0.573049448,0.636049448
49,0.590596824,0.587596824,0.594596824,0.575596824,0.635596824,0.639596824,0.599596824,0.624596824,0.635596824,0.654596824
50,0.613642462,0.705642462,0.704642462,0.671642462,0.632642462,0.652642462,0.638642462,0.638642462,0.651642462,0.664642462
51,0.667893484,0.628893484,0.684893484,0.693893484,0.718893484,0.759893484,0.720893484,0.721893484,0.711893484,0.705893484
52,0.749710652,0.755710652,0.748710652,0.745710652,0.793710652,0.806710652,0.833710652,0.810710652,0.831710652,0.805710652
53,0.611394601,0.675394601,0.658394601,0.704394601,0.707394601,0.657394601,0.665394601,0.683394601,0.677394601,0.698394601
54,0.644159198,0.624159198,0.666159198,0.634159198,0.648159198,0.723159198,0.719159198,0.734159198,0.719159198,0.703159198
55,0.457276747,0.489276747,0.495276747,0.515276747,0.541276747,0.500276747,0.478276747,0.483276747,0.514276747,0.535276747
56,0.542065649,0.621065649,0.616065649,0.612065649,0.679065649,0.653065649,0.601065649,0.615065649,0.593065649,0.636065649
57,0.725288437,0.770288437,0.803288437,0.772288437,0.801288437,0.833288437,0.809288437,0.801288437,0.781288437,0.826288437
58,0.714719798,0.718719798,0.800719798,0.761719798,0.783719798,0.754719798,0.701719798,0.744719798,0.721719798,0.797719798
59,0.537925891,0.638925891,0.665925891,0.559925891,0.601925891,0.632925891,0.588925891,0.649925891,0.621925891,0.613925891
60,0.754898327,0.743898327,0.857898327,0.807898327,0.767898327,0.837898327,0.805898327,0.842898327,0.819898327,0.827898327
61,0.620977169,0.654977169,0.671977169,0.706977169,0.700977169,0.700977169,0.677977169,0.677977169,0.646977169,0.680977169
62,0.809595731,0.828595731,0.874595731,0.837595731,0.918595731,0.887595731,0.886595731,0.909595731,0.892595731,0.898595731
63,0.593711277,0.653711277,0.632711277,0.649711277,0.631711277,0.656711277,0.642711277,0.641711277,0.639711277,0.651711277
64,0.919183837,0.897183837,0.983183837,0.972183837,1.033183837,1.016183837,0.943183837,0.992183837,0.969183837,0.967183837
65,0.741129008,0.706129008,0.761129008,0.754129008,0.810129008,0.815129008,0.790129008,0.838129008,0.816129008,0.825129008
66,0.64938395,0.72238395,0.74538395,0.67438395,0.68838395,0.72238395,0.68138395,0.70238395,0.69838395,0.69538395
67,0.740714888,0.738714888,0.804714888,0.762714888,0.842714888,0.837714888,0.787714888,0.818714888,0.807714888,0.814714888
68,0.576044946,0.571044946,0.599044946,0.560044946,0.567044946,0.647044946,0.610044946,0.611044946,0.613044946,0.606044946
69,0.730614587,0.776614587,0.806614587,0.780614587,0.733614587,0.774614587,0.738614587,0.791614587,0.764614587,0.803614587
70,0.705487677,0.727487677,0.783487677,0.763487677,0.769487677,0.769487677,0.769487677,0.737487677,0.789487677,0.766487677
71,0.852163556,0.856163556,0.884163556,0.814163556,0.949163556,0.919163556,0.903163556,0.882163556,0.923163556,0.931163556
72,0.506129175,0.557129175,0.566129175,0.538129175,0.587129175,0.528129175,0.525129175,0.524129175,0.539129175,0.562129175
73,0.634770844,0.639770844,0.656770844,0.665770844,0.716770844,0.723770844,0.657770844,0.685770844,0.704770844,0.735770844
74,0.639488858,0.662488858,0.669488858,0.667488858,0.731488858,0.678488858,0.672488858,0.686488858,0.692488858,0.707488858
75,0.568661825,0.643661825,0.653661825,0.594661825,0.645661825,0.617661825,0.622661825,0.628661825,0.619661825,0.643661825
76,0.715630738,0.744630738,0.785630738,0.745630738,0.732630738,0.779630738,0.760630738,0.779630738,0.764630738,0.770630738
77,0.641233751,0.681233751,0.644233751,0.659233751,0.705233751,0.729233751,0.709233751,0.693233751,0.699233751,0.710233751
78,0.563878178,0.596878178,0.599878178,0.626878178,0.642878178,0.620878178,0.589878178,0.640878178,0.641878178,0.613878178
79,0.649236508,0.670236508,0.666236508,0.643236508,0.682236508,0.701236508,0.686236508,0.713236508,0.675236508,0.685236508
80,0.426165826,0.426165826,0.471165826,0.411165826,0.488165826,0.537165826,0.463165826,0.472165826,0.465165826,0.474165826
81,0.592781081,0.607781081,0.613781081,0.606781081,0.608781081,0.625781081,0.637781081,0.640781081,0.628781081,0.654781081
82,0.797804411,0.805804411,0.839804411,0.852804411,0.833804411,0.858804411,0.859804411,0.836804411,0.855804411,0.896804411
83,0.450966803,0.526966803,0.546966803,0.506966803,0.544966803,0.504966803,0.495966803,0.515966803,0.487966803,0.512966803
84,0.510345248,0.586345248,0.582345248,0.566345248,0.555345248,0.592345248,0.561345248,0.573345248,0.580345248,0.593345248
85,0.637534805,0.623534805,0.661534805,0.654534805,0.696534805,0.698534805,0.685534805,0.692534805,0.697534805,0.689534805
86,0.621159062,0.648159062,0.680159062,0.660159062,0.721159062,0.643159062,0.623159062,0.633159062,0.607159062,0.642159062
87,0.536343264,0.510343264,0.612343264,0.599343264,0.562343264,0.630343264,0.620343264,0.598343264,0.600343264,0.601343264
88,0.667087688,0.703087688,0.726087688,0.684087688,0.771087688,0.762087688,0.723087688,0.786087688,0.732087688,0.757087688
89,0.643931588,0.671931588,0.724931588,0.679931588,0.691931588,0.752931588,0.722931588,0.729931588,0.721931588,0.708931588
90,0.668071846,0.729071846,0.655071846,0.744071846,0.710071846,0.767071846,0.754071846,0.744071846,0.741071846,0.755071846
91,0.618661046,0.663661046,0.714661046,0.658661046,0.652661046,0.700661046,0.649661046,0.707661046,0.680661046,0.677661046
92,0.688320552,0.716320552,0.755320552,0.767320552,0.729320552,0.742320552,0.724320552,0.716320552,0.727320552,0.761320552
93,0.47289129,0.51589129,0.52289129,0.54289129,0.54089129,0.53889129,0.52989129,0.52889129,0.51389129,0.52289129
94,0.673308312,0.729308312,0.736308312,0.681308312,0.692308312,0.777308312,0.738308312,0.759308312,0.750308312,0.760308312
95,0.749782403,0.723782403,0.732782403,0.713782403,0.760782403,0.832782403,0.772782403,0.824782403,0.808782403,0.830782403
96,0.581148382,0.580148382,0.620148382,0.573148382,0.634148382,0.649148382,0.645148382,0.644148382,0.634148382,0.668148382
97,0.795771175,0.811771175,0.886771175,0.833771175,0.898771175,0.889771175,0.845771175,0.873771175,0.802771175,0.866771175
98,0.615896885,0.640896885,0.665896885,0.595896885,0.621896885,0.706896885,0.644896885,0.697896885,0.685896885,0.690896885
99,0.720607775,0.784607775,0.776607775,0.789607775,0.831607775,0.733607775,0.758607775,0.749607775,0.761607775,0.761607775
100,0.472878124,0.477878124,0.503878124,0.508878124,0.567878124,0.540878124,0.514878124,0.537878124,0.524878124,0.534878124
101,0.649937824,0.690937824,0.705937824,0.663937824,0.727937824,0.753937824,0.727937824,0.777937824,0.705937824,0.749937824
102,0.595957954,0.648957954,0.672957954,0.679957954,0.654957954,0.633957954,0.665957954,0.631957954,0.631957954,0.667957954
103,0.659308528,0.706308528,0.697308528,0.678308528,0.651308528,0.743308528,0.728308528,0.721308528,0.733308528,0.728308528
104,0.784848354,0.831848354,0.853848354,0.797848354,0.903848354,0.875848354,0.858848354,0.840848354,0.832848354,0.849848354
105,0.726993181,0.724993181,0.769993181,0.704993181,0.805993181,0.712993181,0.756993181,0.746993181,0.730993181,0.732993181
106,0.589169831,0.616169831,0.649169831,0.616169831,0.619169831,0.670169831,0.635169831,0.646169831,0.635169831,0.670169831
107,0.878657823,0.915657823,0.938657823,0.914657823,0.953657823,0.975657823,0.972657823,1.002657823,0.947657823,0.979657823
108,0.819731187,0.834731187,0.864731187,0.845731187,0.857731187,0.903731187,0.859731187,0.854731187,0.879731187,0.891731187
109,0.5938103,0.5878103,0.6198103,0.5978103,0.6318103,0.6408103,0.6188103,0.6298103,0.6488103,0.6698103
110,0.719182864,0.795182864,0.773182864,0.768182864,0.826182864,0.802182864,0.752182864,0.755182864,0.747182864,0.780182864
111,0.679149106,0.763149106,0.725149106,0.714149106,0.747149106,0.784149106,0.776149106,0.770149106,0.781149106,0.774149106
112,0.594504204,0.628504204,0.664504204,0.660504204,0.629504204,0.684504204,0.638504204,0.654504204,0.647504204,0.637504204
113,0.681822349,0.670822349,0.760822349,0.761822349,0.735822349,0.763822349,0.753822349,0.764822349,0.771822349,0.739822349
114,0.595795997,0.606795997,0.577795997,0.571795997,0.605795997,0.685795997,0.640795997,0.653795997,0.666795997,0.654795997
115,0.568270143,0.538270143,0.598270143,0.583270143,0.594270143,0.636270143,0.598270143,0.609270143,0.587270143,0.606270143
116,0.684318812,0.688318812,0.769318812,0.722318812,0.759318812,0.750318812,0.686318812,0.707318812,0.708318812,0.743318812
117,0.725185707,0.809185707,0.822185707,0.787185707,0.822185707,0.789185707,0.765185707,0.771185707,0.751185707,0.796185707
118,0.639666257,0.699666257,0.669666257,0.653666257,0.686666257,0.706666257,0.746666257,0.758666257,0.765666257,0.737666257
119,0.747003804,0.793003804,0.834003804,0.841003804,0.870003804,0.778003804,0.743003804,0.739003804,0.759003804,0.818003804
120,0.565059482,0.641059482,0.694059482,0.600059482,0.703059482,0.642059482,0.621059482,0.638059482,0.629059482,0.625059482
121,0.898439051,0.957439051,0.981439051,0.909439051,0.948439051,0.958439051,0.936439051,0.986439051,0.944439051,0.956439051
122,0.60211434,0.61211434,0.60911434,0.60511434,0.61211434,0.68711434,0.63211434,0.66111434,0.63611434,0.66511434
123,0.687050704,0.671050704,0.674050704,0.639050704,0.668050704,0.782050704,0.772050704,0.763050704,0.763050704,0.754050704
124,0.975002743,1.041002743,1.041002743,1.024002743,1.027002743,1.023002743,1.031002743,1.038002743,1.035002743,1.041002743
125,0.737894188,0.740894188,0.724894188,0.730894188,0.793894188,0.789894188,0.800894188,0.757894188,0.770894188,0.783894188
126,0.76449111,0.77849111,0.78549111,0.82049111,0.77849111,0.81049111,0.79849111,0.83249111,0.78749111,0.81549111
127,0.81818844,0.85018844,0.88018844,0.83518844,0.84018844,0.88518844,0.86818844,0.89218844,0.87518844,0.87518844
128,0.697165995,0.730165995,0.792165995,0.778165995,0.777165995,0.803165995,0.783165995,0.791165995,0.782165995,0.754165995
129,0.621486815,0.652486815,0.692486815,0.686486815,0.708486815,0.685486815,0.692486815,0.686486815,0.662486815,0.700486815
130,0.509583904,0.534583904,0.563583904,0.545583904,0.623583904,0.584583904,0.546583904,0.542583904,0.545583904,0.542583904
131,0.647192319,0.690192319,0.682192319,0.688192319,0.716192319,0.734192319,0.693192319,0.698192319,0.708192319,0.731192319
132,0.455845941,0.534845941,0.560845941,0.503845941,0.579845941,0.575845941,0.524845941,0.523845941,0.552845941,0.525845941
133,0.582163231,0.603163231,0.620163231,0.574163231,0.664163231,0.656163231,0.639163231,0.664163231,0.621163231,0.655163231
134,0.631484486,0.620484486,0.664484486,0.663484486,0.649484486,0.677484486,0.668484486,0.689484486,0.652484486,0.700484486
135,0.495574051,0.520574051,0.516574051,0.538574051,0.503574051,0.601574051,0.561574051,0.548574051,0.548574051,0.590574051
136,0.634777113,0.676777113,0.705777113,0.688777113,0.672777113,0.747777113,0.710777113,0.718777113,0.738777113,0.711777113
137,0.6847417,0.7197417,0.7247417,0.6937417,0.7207417,0.7837417,0.7387417,0.7447417,0.7527417,0.7347417
138,0.73926624,0.73326624,0.73626624,0.75026624,0.79326624,0.85426624,0.81326624,0.81526624,0.83926624,0.79726624
139,0.74201152,0.69501152,0.75901152,0.74601152,0.81301152,0.77801152,0.75501152,0.74101152,0.77001152,0.78801152
140,0.62957116,0.65457116,0.63057116,0.64057116,0.70657116,0.70157116,0.68257116,0.66257116,0.68057116,0.69957116
141,0.472129055,0.544129055,0.567129055,0.548129055,0.557129055,0.566129055,0.487129055,0.569129055,0.495129055,0.532129055
142,0.727059018,0.775059018,0.803059018,0.788059018,0.845059018,0.824059018,0.790059018,0.740059018,0.821059018,0.814059018
143,0.810112126,0.798112126,0.857112126,0.816112126,0.885112126,0.915112126,0.904112126,0.876112126,0.886112126,0.921112126
144,0.569905003,0.584905003,0.630905003,0.575905003,0.622905003,0.632905003,0.602905003,0.598905003,0.586905003,0.583905003
145,0.676921497,0.637921497,0.696921497,0.663921497,0.671921497,0.728921497,0.734921497,0.770921497,0.722921497,0.710921497
146,0.62425568,0.61025568,0.64225568,0.65225568,0.66825568,0.70725568,0.69925568,0.71525568,0.68025568,0.67225568
147,0.677354673,0.749354673,0.742354673,0.720354673,0.739354673,0.728354673,0.745354673,0.754354673,0.737354673,0.762354673
148,0.755356682,0.767356682,0.825356682,0.749356682,0.809356682,0.854356682,0.822356682,0.804356682,0.803356682,0.793356682
149,0.611901229,0.652901229,0.739901229,0.648901229,0.700901229,0.674901229,0.669901229,0.673901229,0.647901229,0.697901229
150,0.645572831,0.661572831,0.709572831,0.711572831,0.720572831,0.715572831,0.673572831,0.660572831,0.695572831,0.667572831
151,0.660690892,0.653690892,0.623690892,0.633690892,0.674690892,0.727690892,0.744690892,0.739690892,0.732690892,0.729690892
152,0.576506976,0.625506976,0.652506976,0.644506976,0.625506976,0.655506976,0.629506976,0.627506976,0.618506976,0.630506976
153,0.508025363,0.510025363,0.546025363,0.513025363,0.505025363,0.592025363,0.575025363,0.585025363,0.537025363,0.568025363
154,0.544232084,0.572232084,0.624232084,0.646232084,0.602232084,0.635232084,0.600232084,0.603232084,0.574232084,0.622232084
155,0.582448484,0.623448484,0.630448484,0.614448484,0.663448484,0.678448484,0.646448484,0.668448484,0.613448484,0.637448484
156,0.862611355,0.893611355,0.903611355,0.932611355,0.933611355,0.955611355,0.919611355,0.940611355,0.931611355,0.902611355
157,0.479591608,0.533591608,0.525591608,0.544591608,0.565591608,0.536591608,0.515591608,0.534591608,0.512591608,0.520591608
158,0.592414402,0.643414402,0.636414402,0.635414402,0.664414402,0.624414402,0.646414402,0.681414402,0.634414402,0.656414402
159,0.522199183,0.577199183,0.582199183,0.586199183,0.587199183,0.608199183,0.614199183,0.607199183,0.578199183,0.630199183
160,0.497699438,0.534699438,0.593699438,0.578699438,0.575699438,0.550699438,0.551699438,0.583699438,0.572699438,0.593699438
161,0.654253128,0.721253128,0.737253128,0.733253128,0.738253128,0.768253128,0.725253128,0.775253128,0.756253128,0.760253128
162,0.734416666,0.754416666,0.806416666,0.802416666,0.778416666,0.785416666,0.767416666,0.802416666,0.786416666,0.793416666
163,0.589531915,0.672531915,0.683531915,0.678531915,0.711531915,0.640531915,0.601531915,0.640531915,0.600531915,0.599531915
164,0.611334637,0.580334637,0.599334637,0.644334637,0.625334637,0.683334637,0.666334637,0.655334637,0.661334637,0.701334637
165,0.539783106,0.576783106,0.627783106,0.534783106,0.600783106,0.595783106,0.609783106,0.602783106,0.614783106,0.609783106
166,0.804834001,0.804834001,0.838834001,0.841834001,0.890834001,0.880834001,0.843834001,0.839834001,0.846834001,0.858834001
167,0.513408103,0.514408103,0.547408103,0.505408103,0.522408103,0.612408103,0.537408103,0.585408103,0.540408103,0.590408103
168,0.487294429,0.515294429,0.537294429,0.555294429,0.559294429,0.556294429,0.544294429,0.565294429,0.530294429,0.561294429
169,0.522584919,0.565584919,0.557584919,0.547584919,0.551584919,0.602584919,0.587584919,0.570584919,0.575584919,0.589584919
170,0.699526033,0.694526033,0.713526033,0.729526033,0.766526033,0.781526033,0.743526033,0.761526033,0.743526033,0.759526033
171,0.587760492,0.599760492,0.645760492,0.673760492,0.681760492,0.675760492,0.636760492,0.663760492,0.631760492,0.637760492
172,0.520697774,0.511697774,0.558697774,0.551697774,0.523697774,0.571697774,0.554697774,0.534697774,0.571697774,0.582697774
173,0.467384206,0.471384206,0.480384206,0.496384206,0.523384206,0.534384206,0.515384206,0.533384206,0.477384206,0.533384206
174,0.558731332,0.622731332,0.639731332,0.594731332,0.612731332,0.648731332,0.586731332,0.610731332,0.566731332,0.615731332
175,0.732032449,0.793032449,0.819032449,0.839032449,0.860032449,0.758032449,0.727032449,0.717032449,0.721032449,0.745032449
176,0.834931001,0.852931001,0.853931001,0.843931001,0.894931001,0.868931001,0.873931001,0.879931001,0.870931001,0.878931001
177,0.87267741,0.90267741,0.89867741,0.89367741,0.91167741,0.93567741,0.91267741,0.92267741,0.90967741,0.94367741
178,0.650002764,0.699002764,0.698002764,0.694002764,0.709002764,0.738002764,0.711002764,0.762002764,0.702002764,0.731002764
179,0.514980265,0.590980265,0.590980265,0.550980265,0.613980265,0.579980265,0.584980265,0.597980265,0.594980265,0.572980265
180,0.542092846,0.599092846,0.582092846,0.590092846,0.591092846,0.624092846,0.576092846,0.594092846,0.576092846,0.579092846
181,0.640355076,0.697355076,0.723355076,0.675355076,0.695355076,0.686355076,0.662355076,0.660355076,0.639355076,0.660355076
182,0.469089309,0.493089309,0.519089309,0.526089309,0.529089309,0.561089309,0.528089309,0.541089309,0.517089309,0.555089309
183,0.647851599,0.670851599,0.683851599,0.669851599,0.728851599,0.730851599,0.708851599,0.723851599,0.716851599,0.735851599
184,0.567067981,0.655067981,0.618067981,0.602067981,0.610067981,0.622067981,0.612067981,0.621067981,0.607067981,0.625067981
185,0.676512979,0.710512979,0.763512979,0.744512979,0.713512979,0.752512979,0.730512979,0.786512979,0.744512979,0.729512979
186,0.697509734,0.712509734,0.769509734,0.729509734,0.705509734,0.725509734,0.748509734,0.757509734,0.724509734,0.766509734
187,0.676735329,0.694735329,0.735735329,0.683735329,0.739735329,0.728735329,0.703735329,0.682735329,0.661735329,0.715735329
188,0.548421557,0.592421557,0.613421557,0.591421557,0.616421557,0.594421557,0.570421557,0.610421557,0.578421557,0.638421557
189,0.681386062,0.791386062,0.754386062,0.799386062,0.766386062,0.750386062,0.714386062,0.731386062,0.684386062,0.720386062
190,0.575312522,0.615312522,0.707312522,0.637312522,0.691312522,0.654312522,0.629312522,0.631312522,0.645312522,0.592312522
191,0.59314051,0.63014051,0.63514051,0.59214051,0.64814051,0.64414051,0.62514051,0.56714051,0.63814051,0.60514051
192,0.782758267,0.778758267,0.787758267,0.789758267,0.742758267,0.880758267,0.837758267,0.856758267,0.833758267,0.856758267
193,0.609779225,0.679779225,0.644779225,0.636779225,0.701779225,0.687779225,0.671779225,0.674779225,0.680779225,0.650779225
194,0.750155082,0.761155082,0.778155082,0.749155082,0.762155082,0.854155082,0.815155082,0.819155082,0.813155082,0.829155082
195,0.594905607,0.580905607,0.596905607,0.597905607,0.562905607,0.664905607,0.628905607,0.642905607,0.651905607,0.644905607
196,0.549980507,0.577980507,0.586980507,0.556980507,0.623980507,0.667980507,0.603980507,0.631980507,0.611980507,0.638980507
197,0.517989866,0.563989866,0.561989866,0.552989866,0.531989866,0.571989866,0.558989866,0.572989866,0.536989866,0.610989866
198,0.639050874,0.721050874,0.699050874,0.614050874,0.749050874,0.710050874,0.674050874,0.705050874,0.688050874,0.680050874
199,0.599924367,0.629924367,0.671924367,0.684924367,0.666924367,0.673924367,0.682924367,0.648924367,0.634924367,0.666924367
200,0.527165748,0.537165748,0.546165748,0.555165748,0.637165748,0.609165748,0.584165748,0.609165748,0.586165748,0.630165748
201,0.690376117,0.747376117,0.760376117,0.752376117,0.768376117,0.754376117,0.784376117,0.809376117,0.769376117,0.799376117
202,0.648125017,0.708125017,0.711125017,0.713125017,0.714125017,0.705125017,0.637125017,0.709125017,0.691125017,0.706125017
203,0.47529971,0.51129971,0.55629971,0.52229971,0.47829971,0.52029971,0.49329971,0.51129971,0.46829971,0.50329971
204,0.62329326,0.64229326,0.66729326,0.66629326,0.61229326,0.70129326,0.64829326,0.69129326,0.64229326,0.65529326
205,0.575254693,0.540254693,0.628254693,0.551254693,0.653254693,0.635254693,0.639254693,0.641254693,0.620254693,0.637254693
206,0.714323132,0.668323132,0.706323132,0.680323132,0.715323132,0.776323132,0.758323132,0.747323132,0.739323132,0.746323132
207,0.636648728,0.638648728,0.705648728,0.679648728,0.692648728,0.700648728,0.666648728,0.678648728,0.642648728,0.689648728
208,0.67408399,0.67608399,0.67408399,0.69308399,0.69908399,0.73808399,0.73808399,0.72908399,0.70408399,0.73608399
209,0.875463871,0.884463871,0.924463871,0.902463871,0.938463871,0.964463871,0.924463871,0.894463871,0.932463871,0.924463871
210,0.529176658,0.516176658,0.577176658,0.567176658,0.541176658,0.630176658,0.593176658,0.639176658,0.594176658,0.608176658
211,0.813144221,0.819144221,0.837144221,0.824144221,0.896144221,0.882144221,0.846144221,0.887144221,0.839144221,0.847144221
212,0.808601125,0.863601125,0.900601125,0.883601125,0.902601125,0.916601125,0.877601125,0.843601125,0.866601125,0.907601125
213,0.629598314,0.666598314,0.685598314,0.693598314,0.706598314,0.640598314,0.621598314,0.623598314,0.650598314,0.644598314
214,0.520991536,0.524991536,0.576991536,0.543991536,0.542991536,0.571991536,0.572991536,0.564991536,0.514991536,0.585991536
215,0.602316338,0.626316338,0.637316338,0.627316338,0.630316338,0.651316338,0.653316338,0.639316338,0.608316338,0.684316338
216,0.646562798,0.680562798,0.698562798,0.662562798,0.717562798,0.698562798,0.662562798,0.701562798,0.673562798,0.704562798
217,0.594319077,0.579319077,0.582319077,0.582319077,0.606319077,0.646319077,0.634319077,0.618319077,0.620319077,0.682319077
218,0.636210882,0.661210882,0.680210882,0.599210882,0.628210882,0.686210882,0.686210882,0.705210882,0.687210882,0.718210882
219,0.673497399,0.762497399,0.688497399,0.708497399,0.761497399,0.742497399,0.775497399,0.775497399,0.745497399,0.750497399
220,0.708186281,0.745186281,0.760186281,0.780186281,0.820186281,0.733186281,0.745186281,0.749186281,0.743186281,0.741186281
221,0.826504046,0.863504046,0.923504046,0.879504046,0.888504046,0.865504046,0.842504046,0.907504046,0.872504046,0.884504046
222,0.648614271,0.683614271,0.715614271,0.702614271,0.758614271,0.699614271,0.677614271,0.704614271,0.711614271,0.725614271
223,0.660282295,0.654282295,0.699282295,0.722282295,0.704282295,0.761282295,0.754282295,0.781282295,0.746282295,0.804282295
224,0.825601938,0.878601938,0.872601938,0.903601938,0.863601938,0.919601938,0.871601938,0.909601938,0.862601938,0.883601938
225,0.775474363,0.789474363,0.852474363,0.812474363,0.809474363,0.858474363,0.801474363,0.816474363,0.825474363,0.831474363
226,0.618451478,0.657451478,0.675451478,0.678451478,0.721451478,0.702451478,0.701451478,0.681451478,0.686451478,0.708451478
227,0.620035905,0.654035905,0.650035905,0.681035905,0.676035905,0.734035905,0.703035905,0.720035905,0.697035905,0.727035905
228,0.545184205,0.587184205,0.647184205,0.593184205,0.649184205,0.636184205,0.587184205,0.640184205,0.609184205,0.631184205
229,0.664198961,0.617198961,0.674198961,0.661198961,0.655198961,0.731198961,0.724198961,0.756198961,0.721198961,0.750198961
230,0.749143746,0.859143746,0.810143746,0.839143746,0.800143746,0.815143746,0.828143746,0.870143746,0.801143746,0.804143746
231,0.657209223,0.671209223,0.683209223,0.650209223,0.716209223,0.751209223,0.744209223,0.747209223,0.768209223,0.730209223
232,0.568742443,0.607742443,0.645742443,0.555742443,0.614742443,0.628742443,0.600742443,0.643742443,0.611742443,0.638742443
233,0.648612862,0.628612862,0.646612862,0.662612862,0.647612862,0.722612862,0.693612862,0.678612862,0.694612862,0.734612862
234,0.722746335,0.724746335,0.710746335,0.745746335,0.755746335,0.797746335,0.782746335,0.786746335,0.776746335,0.761746335
235,0.669097347,0.603097347,0.659097347,0.644097347,0.698097347,0.762097347,0.728097347,0.771097347,0.725097347,0.716097347
236,0.689230039,0.689230039,0.730230039,0.718230039,0.739230039,0.774230039,0.704230039,0.762230039,0.736230039,0.732230039
237,0.67784144,0.76084144,0.74284144,0.75584144,0.71384144,0.77584144,0.74484144,0.78484144,0.76584144,0.73384144
238,0.558126935,0.633126935,0.659126935,0.642126935,0.671126935,0.685126935,0.632126935,0.640126935,0.636126935,0.670126935
239,0.693747536,0.769747536,0.777747536,0.783747536,0.754747536,0.778747536,0.769747536,0.755747536,0.753747536,0.792747536
240,0.783906343,0.861906343,0.816906343,0.842906343,0.871906343,0.836906343,0.830906343,0.825906343,0.848906343,0.838906343
241,0.814923491,0.820923491,0.899923491,0.821923491,0.840923491,0.872923491,0.858923491,0.865923491,0.876923491,0.897923491
242,0.551584085,0.623584085,0.647584085,0.612584085,0.657584085,0.617584085,0.604584085,0.579584085,0.582584085,0.576584085
243,0.615801594,0.640801594,0.657801594,0.596801594,0.680801594,0.726801594,0.685801594,0.669801594,0.681801594,0.698801594
244,0.716188608,0.734188608,0.739188608,0.731188608,0.735188608,0.777188608,0.790188608,0.790188608,0.764188608,0.765188608
245,0.521105182,0.520105182,0.568105182,0.552105182,0.577105182,0.586105182,0.596105182,0.584105182,0.572105182,0.600105182
246,0.562914966,0.631914966,0.636914966,0.601914966,0.687914966,0.663914966,0.640914966,0.658914966,0.626914966,0.677914966
247,0.528338354,0.593338354,0.636338354,0.613338354,0.572338354,0.646338354,0.594338354,0.621338354,0.592338354,0.586338354
248,0.636465084,0.655465084,0.685465084,0.698465084,0.734465084,0.713465084,0.661465084,0.720465084,0.693465084,0.680465084
249,0.736372616,0.751372616,0.761372616,0.767372616,0.742372616,0.838372616,0.813372616,0.829372616,0.817372616,0.847372616
250,0.854207342,0.921207342,0.907207342,0.889207342,0.883207342,0.923207342,0.898207342,0.918207342,0.916207342,0.920207342
251,0.471745246,0.471745246,0.483745246,0.517745246,0.519745246,0.526745246,0.523745246,0.507745246,0.492745246,0.539745246
252,0.546644531,0.603644531,0.608644531,0.600644531,0.606644531,0.645644531,0.612644531,0.642644531,0.620644531,0.615644531
253,0.764578595,0.788578595,0.881578595,0.803578595,0.859578595,0.814578595,0.836578595,0.807578595,0.820578595,0.797578595
254,0.675969187,0.682969187,0.763969187,0.723969187,0.705969187,0.733969187,0.731969187,0.709969187,0.714969187,0.757969187
255,0.671271233,0.731271233,0.753271233,0.780271233,0.781271233,0.727271233,0.721271233,0.750271233,0.700271233,0.732271233
256,0.643613182,0.708613182,0.686613182,0.695613182,0.687613182,0.733613182,0.746613182,0.716613182,0.672613182,0.714613182
257,0.668594858,0.682594858,0.702594858,0.696594858,0.713594858,0.732594858,0.697594858,0.692594858,0.711594858,0.734594858
258,0.652954352,0.672954352,0.733954352,0.708954352,0.704954352,0.725954352,0.689954352,0.678954352,0.653954352,0.704954352
259,0.620056847,0.653056847,0.652056847,0.621056847,0.623056847,0.686056847,0.662056847,0.693056847,0.676056847,0.683056847
260,0.463219415,0.427219415,0.455219415,0.460219415,0.461219415,0.516219415,0.555219415,0.541219415,0.516219415,0.553219415
261,0.521831795,0.570831795,0.564831795,0.513831795,0.597831795,0.616831795,0.592831795,0.589831795,0.580831795,0.582831795
262,0.741198996,0.814198996,0.762198996,0.780198996,0.838198996,0.826198996,0.778198996,0.863198996,0.819198996,0.814198996
263,0.634680897,0.641680897,0.676680897,0.651680897,0.681680897,0.693680897,0.710680897,0.728680897,0.681680897,0.711680897
264,0.705171982,0.744171982,0.749171982,0.705171982,0.721171982,0.749171982,0.698171982,0.749171982,0.721171982,0.755171982
265,0.689930815,0.639930815,0.677930815,0.671930815,0.681930815,0.769930815,0.766930815,0.789930815,0.746930815,0.749930815
266,0.613970665,0.675970665,0.651970665,0.677970665,0.664970665,0.648970665,0.637970665,0.646970665,0.628970665,0.645970665
267,0.670173829,0.689173829,0.717173829,0.693173829,0.724173829,0.793173829,0.757173829,0.797173829,0.744173829,0.786173829
268,0.704684721,0.739684721,0.755684721,0.733684721,0.784684721,0.776684721,0.761684721,0.797684721,0.759684721,0.788684721
269,0.547496958,0.578496958,0.600496958,0.573496958,0.586496958,0.637496958,0.592496958,0.606496958,0.587496958,0.615496958
270,0.675847093,0.738847093,0.765847093,0.746847093,0.749847093,0.754847093,0.736847093,0.757847093,0.744847093,0.782847093
271,0.653615109,0.678615109,0.731615109,0.678615109,0.709615109,0.789615109,0.721615109,0.687615109,0.709615109,0.729615109
272,0.694614135,0.720614135,0.780614135,0.756614135,0.769614135,0.782614135,0.752614135,0.770614135,0.740614135,0.779614135
273,0.72146098,0.73246098,0.75246098,0.75646098,0.76146098,0.80246098,0.78146098,0.80846098,0.76846098,0.79646098
274,0.653170368,0.748170368,0.738170368,0.683170368,0.740170368,0.679170368,0.694170368,0.677170368,0.681170368,0.702170368
275,0.570557221,0.578557221,0.596557221,0.562557221,0.591557221,0.640557221,0.625557221,0.648557221,0.618557221,0.638557221
276,0.818449398,0.888449398,0.859449398,0.887449398,0.962449398,0.869449398,0.839449398,0.877449398,0.854449398,0.878449398
277,0.616071755,0.578071755,0.618071755,0.623071755,0.652071755,0.654071755,0.653071755,0.655071755,0.646071755,0.651071755
278,0.616074051,0.648074051,0.676074051,0.625074051,0.674074051,0.677074051,0.636074051,0.658074051,0.646074051,0.649074051
279,0.64255833,0.68255833,0.67855833,0.60855833,0.65555833,0.75155833,0.71455833,0.73855833,0.71755833,0.72755833
280,0.692155226,0.717155226,0.762155226,0.706155226,0.732155226,0.773155226,0.759155226,0.764155226,0.757155226,0.767155226
281,0.669509142,0.674509142,0.696509142,0.697509142,0.740509142,0.701509142,0.698509142,0.732509142,0.695509142,0.713509142
282,0.59043314,0.57843314,0.58843314,0.57143314,0.67743314,0.67143314,0.65243314,0.69843314,0.62543314,0.66543314
283,0.789133858,0.842133858,0.806133858,0.898133858,0.898133858,0.828133858,0.841133858,0.833133858,0.851133858,0.848133858
284,0.624396064,0.636396064,0.648396064,0.674396064,0.686396064,0.693396064,0.694396064,0.687396064,0.681396064,0.711396064
285,0.641608211,0.678608211,0.695608211,0.711608211,0.709608211,0.763608211,0.704608211,0.745608211,0.715608211,0.719608211
286,0.562682459,0.565682459,0.619682459,0.586682459,0.640682459,0.643682459,0.627682459,0.633682459,0.605682459,0.620682459
287,0.602735118,0.607735118,0.568735118,0.595735118,0.615735118,0.677735118,0.649735118,0.647735118,0.627735118,0.671735118
288,0.591654822,0.596654822,0.647654822,0.631654822,0.657654822,0.650654822,0.655654822,0.651654822,0.645654822,0.643654822
289,0.546568667,0.554568667,0.598568667,0.545568667,0.592568667,0.566568667,0.570568667,0.580568667,0.556568667,0.572568667
290,0.652648324,0.686648324,0.698648324,0.635648324,0.712648324,0.704648324,0.699648324,0.727648324,0.680648324,0.741648324
291,0.658265828,0.639265828,0.720265828,0.702265828,0.743265828,0.702265828,0.713265828,0.686265828,0.713265828,0.744265828
292,0.520985152,0.515985152,0.597985152,0.548985152,0.526985152,0.611985152,0.592985152,0.634985152,0.628985152,0.596985152
293,0.811781127,0.857781127,0.922781127,0.899781127,0.933781127,0.903781127,0.887781127,0.894781127,0.876781127,0.907781127
294,0.544953326,0.573953326,0.597953326,0.613953326,0.633953326,0.641953326,0.606953326,0.639953326,0.631953326,0.631953326
295,0.577470415,0.611470415,0.620470415,0.633470415,0.611470415,0.675470415,0.651470415,0.675470415,0.652470415,0.624470415
296,0.607652868,0.674652868,0.647652868,0.622652868,0.697652868,0.674652868,0.681652868,0.669652868,0.670652868,0.716652868
297,0.552794867,0.514794867,0.545794867,0.551794867,0.559794867,0.623794867,0.626794867,0.594794867,0.615794867,0.602794867
298,0.656426398,0.645426398,0.671426398,0.654426398,0.744426398,0.737426398,0.739426398,0.768426398,0.714426398,0.725426398
299,0.599874574,0.554874574,0.661874574,0.614874574,0.639874574,0.662874574,0.675874574,0.680874574,0.641874574,0.686874574
300,0.704014721,0.613014721,0.652014721,0.664014721,0.699014721,0.749014721,0.694014721,0.726014721,0.709014721,0.744014721
301,0.673016952,0.736016952,0.760016952,0.713016952,0.710016952,0.781016952,0.714016952,0.694016952,0.697016952,0.751016952
302,0.679535318,0.729535318,0.790535318,0.722535318,0.759535318,0.738535318,0.709535318,0.717535318,0.700535318,0.705535318
303,0.654387867,0.666387867,0.698387867,0.685387867,0.721387867,0.717387867,0.703387867,0.689387867,0.709387867,0.691387867
304,0.590838623,0.620838623,0.640838623,0.588838623,0.650838623,0.660838623,0.679838623,0.606838623,0.649838623,0.642838623
305,0.568834421,0.597834421,0.635834421,0.545834421,0.630834421,0.635834421,0.611834421,0.627834421,0.606834421,0.622834421
306,0.629784309,0.673784309,0.730784309,0.696784309,0.638784309,0.677784309,0.644784309,0.693784309,0.658784309,0.684784309
307,0.778446901,0.789446901,0.765446901,0.759446901,0.809446901,0.813446901,0.804446901,0.839446901,0.829446901,0.821446901
308,0.552906923,0.605906923,0.564906923,0.566906923,0.573906923,0.581906923,0.609906923,0.614906923,0.576906923,0.592906923
309,0.728692416,0.735692416,0.740692416,0.679692416,0.751692416,0.836692416,0.802692416,0.806692416,0.778692416,0.799692416
310,0.661500019,0.738500019,0.734500019,0.768500019,0.697500019,0.759500019,0.751500019,0.742500019,0.710500019,0.766500019
311,0.482090066,0.502090066,0.506090066,0.557090066,0.513090066,0.499090066,0.504090066,0.507090066,0.546090066,0.558090066
312,0.679346571,0.684346571,0.756346571,0.746346571,0.772346571,0.738346571,0.711346571,0.757346571,0.724346571,0.710346571
313,0.629161587,0.633161587,0.641161587,0.621161587,0.662161587,0.728161587,0.688161587,0.714161587,0.713161587,0.701161587
314,0.524565323,0.543565323,0.546565323,0.527565323,0.579565323,0.605565323,0.566565323,0.587565323,0.565565323,0.618565323
315,0.523088487,0.592088487,0.599088487,0.591088487,0.632088487,0.576088487,0.546088487,0.532088487,0.567088487,0.557088487
316,0.647789498,0.704789498,0.786789498,0.715789498,0.725789498,0.707789498,0.716789498,0.756789498,0.699789498,0.738789498
317,0.546380054,0.588380054,0.630380054,0.594380054,0.563380054,0.626380054,0.628380054,0.641380054,0.615380054,0.630380054
318,0.676057727,0.691057727,0.692057727,0.677057727,0.721057727,0.785057727,0.744057727,0.788057727,0.762057727,0.749057727
319,0.544366453,0.633366453,0.580366453,0.594366453,0.626366453,0.598366453,0.617366453,0.580366453,0.600366453,0.626366453
320,0.680236184,0.686236184,0.717236184,0.724236184,0.717236184,0.750236184,0.757236184,0.713236184,0.729236184,0.750236184
321,0.511807889,0.584807889,0.540807889,0.583807889,0.630807889,0.561807889,0.558807889,0.563807889,0.550807889,0.562807889
322,0.576430552,0.565430552,0.576430552,0.569430552,0.635430552,0.670430552,0.620430552,0.634430552,0.614430552,0.669430552
323,0.496320293,0.563320293,0.529320293,0.564320293,0.592320293,0.554320293,0.539320293,0.560320293,0.534320293,0.566320293
324,0.602284134,0.579284134,0.609284134,0.641284134,0.619284134,0.652284134,0.697284134,0.664284134,0.668284134,0.675284134
325,0.79236131,0.78636131,0.82836131,0.82036131,0.84236131,0.87736131,0.87436131,0.87836131,0.84936131,0.88436131
326,0.645276368,0.683276368,0.704276368,0.654276368,0.725276368,0.707276368,0.720276368,0.732276368,0.730276368,0.743276368
327,0.658194927,0.692194927,0.752194927,0.705194927,0.703194927,0.689194927,0.682194927,0.724194927,0.683194927,0.719194927
328,0.574952599,0.560952599,0.552952599,0.565952599,0.604952599,0.630952599,0.615952599,0.651952599,0.650952599,0.646952599
329,0.717455654,0.769455654,0.751455654,0.725455654,0.823455654,0.804455654,0.793455654,0.792455654,0.797455654,0.810455654
330,0.706240243,0.706240243,0.745240243,0.757240243,0.727240243,0.811240243,0.763240243,0.794240243,0.793240243,0.784240243
331,0.675975346,0.726975346,0.748975346,0.724975346,0.795975346,0.732975346,0.734975346,0.732975346,0.740975346,0.788975346
332,0.610239755,0.621239755,0.661239755,0.645239755,0.701239755,0.684239755,0.715239755,0.673239755,0.674239755,0.712239755
333,0.75603541,0.78503541,0.78503541,0.77603541,0.80403541,0.81903541,0.80103541,0.81203541,0.78903541,0.81603541
334,0.595673645,0.625673645,0.653673645,0.645673645,0.663673645,0.668673645,0.677673645,0.645673645,0.649673645,0.639673645
335,0.660580479,0.682580479,0.677580479,0.747580479,0.735580479,0.756580479,0.682580479,0.738580479,0.729580479,0.698580479
336,0.737074339,0.755074339,0.836074339,0.766074339,0.810074339,0.806074339,0.789074339,0.833074339,0.818074339,0.828074339
337,0.524078667,0.528078667,0.591078667,0.536078667,0.547078667,0.608078667,0.616078667,0.576078667,0.601078667,0.609078667
338,0.639374747,0.641374747,0.695374747,0.614374747,0.693374747,0.704374747,0.688374747,0.671374747,0.656374747,0.678374747
339,0.746747893,0.814747893,0.828747893,0.762747893,0.794747893,0.832747893,0.812747893,0.814747893,0.795747893,0.808747893
340,0.806542539,0.801542539,0.797542539,0.778542539,0.863542539,0.860542539,0.834542539,0.853542539,0.863542539,0.864542539
341,0.593190219,0.636190219,0.652190219,0.593190219,0.638190219,0.662190219,0.618190219,0.636190219,0.636190219,0.682190219
342,0.762856319,0.819856319,0.843856319,0.817856319,0.877856319,0.889856319,0.860856319,0.857856319,0.820856319,0.837856319
343,0.550030905,0.576030905,0.618030905,0.612030905,0.596030905,0.658030905,0.641030905,0.606030905,0.624030905,0.661030905
344,0.527237418,0.612237418,0.569237418,0.598237418,0.597237418,0.618237418,0.584237418,0.613237418,0.574237418,0.622237418
345,0.579060252,0.602060252,0.622060252,0.615060252,0.659060252,0.690060252,0.666060252,0.665060252,0.671060252,0.702060252
346,0.724877762,0.791877762,0.835877762,0.796877762,0.804877762,0.786877762,0.791877762,0.787877762,0.757877762,0.790877762
347,0.679033009,0.669033009,0.697033009,0.700033009,0.731033009,0.775033009,0.708033009,0.733033009,0.711033009,0.731033009
348,0.72749387,0.76949387,0.77449387,0.76249387,0.79649387,0.81649387,0.74849387,0.77849387,0.75249387,0.78449387
349,0.717779555,0.746779555,0.745779555,0.793779555,0.774779555,0.791779555,0.754779555,0.774779555,0.755779555,0.782779555
350,0.6684902,0.6984902,0.7154902,0.7224902,0.7384902,0.7294902,0.7034902,0.7444902,0.7154902,0.7094902
351,0.606079262,0.636079262,0.614079262,0.608079262,0.674079262,0.688079262,0.636079262,0.671079262,0.639079262,0.680079262
352,0.681393625,0.721393625,0.756393625,0.728393625,0.704393625,0.800393625,0.759393625,0.762393625,0.748393625,0.784393625
353,0.609033921,0.714033921,0.731033921,0.713033921,0.698033921,0.666033921,0.682033921,0.675033921,0.639033921,0.684033921
354,0.729681477,0.732681477,0.787681477,0.786681477,0.800681477,0.846681477,0.795681477,0.828681477,0.800681477,0.798681477
355,0.549012055,0.558012055,0.567012055,0.606012055,0.607012055,0.616012055,0.620012055,0.606012055,0.581012055,0.599012055
356,0.612432246,0.592432246,0.674432246,0.654432246,0.640432246,0.742432246,0.683432246,0.722432246,0.717432246,0.716432246
357,0.796052498,0.850052498,0.858052498,0.873052498,0.869052498,0.846052498,0.792052498,0.795052498,0.800052498,0.803052498
358,0.709582114,0.771582114,0.785582114,0.788582114,0.806582114,0.757582114,0.731582114,0.745582114,0.710582114,0.754582114
359,0.654690099,0.631690099,0.674690099,0.725690099,0.699690099,0.703690099,0.730690099,0.722690099,0.706690099,0.703690099
360,0.733343194,0.726343194,0.785343194,0.780343194,0.794343194,0.798343194,0.804343194,0.765343194,0.801343194,0.799343194
361,0.729549187,0.788549187,0.814549187,0.779549187,0.814549187,0.821549187,0.779549187,0.789549187,0.772549187,0.795549187
362,0.64154894,0.65854894,0.74054894,0.68154894,0.68354894,0.73354894,0.68754894,0.71154894,0.70354894,0.72054894
363,1.017958486,1.052958486,1.080958486,1.019958486,1.076958486,1.092958486,1.070958486,1.062958486,1.072958486,1.079958486
364,0.454451806,0.422451806,0.517451806,0.472451806,0.495451806,0.556451806,0.533451806,0.547451806,0.557451806,0.542451806
365,0.632486094,0.687486094,0.639486094,0.682486094,0.675486094,0.742486094,0.693486094,0.693486094,0.679486094,0.713486094
366,0.533127181,0.520127181,0.554127181,0.566127181,0.572127181,0.599127181,0.581127181,0.580127181,0.585127181,0.567127181
367,0.688551478,0.733551478,0.743551478,0.677551478,0.765551478,0.752551478,0.749551478,0.732551478,0.724551478,0.721551478
368,0.523375008,0.539375008,0.573375008,0.632375008,0.571375008,0.620375008,0.598375008,0.585375008,0.581375008,0.588375008
369,0.742895463,0.758895463,0.775895463,0.770895463,0.799895463,0.823895463,0.796895463,0.812895463,0.802895463,0.809895463
370,0.676338159,0.699338159,0.712338159,0.722338159,0.678338159,0.748338159,0.752338159,0.778338159,0.735338159,0.740338159
371,0.558679258,0.561679258,0.678679258,0.635679258,0.677679258,0.617679258,0.619679258,0.612679258,0.586679258,0.584679258
372,0.713229541,0.681229541,0.771229541,0.704229541,0.736229541,0.789229541,0.766229541,0.795229541,0.768229541,0.815229541
373,0.588540261,0.552540261,0.628540261,0.631540261,0.640540261,0.646540261,0.660540261,0.637540261,0.652540261,0.657540261
374,0.639577104,0.654577104,0.650577104,0.627577104,0.678577104,0.738577104,0.692577104,0.744577104,0.681577104,0.701577104
375,0.527036391,0.524036391,0.522036391,0.511036391,0.576036391,0.664036391,0.599036391,0.608036391,0.615036391,0.628036391
376,0.643194303,0.640194303,0.647194303,0.642194303,0.671194303,0.731194303,0.686194303,0.689194303,0.706194303,0.704194303
377,0.749479218,0.769479218,0.772479218,0.779479218,0.785479218,0.821479218,0.785479218,0.844479218,0.812479218,0.843479218
378,0.523812194,0.568812194,0.541812194,0.568812194,0.595812194,0.596812194,0.593812194,0.591812194,0.579812194,0.621812194
379,0.791356753,0.795356753,0.838356753,0.792356753,0.798356753,0.814356753,0.791356753,0.807356753,0.792356753,0.818356753
380,0.590011123,0.625011123,0.646011123,0.645011123,0.657011123,0.598011123,0.567011123,0.643011123,0.610011123,0.617011123
381,0.625889089,0.652889089,0.737889089,0.639889089,0.679889089,0.694889089,0.729889089,0.693889089,0.688889089,0.706889089
382,0.699659728,0.712659728,0.741659728,0.746659728,0.796659728,0.781659728,0.759659728,0.766659728,0.751659728,0.770659728
383,0.785532252,0.775532252,0.797532252,0.823532252,0.860532252,0.849532252,0.858532252,0.851532252,0.858532252,0.865532252
384,0.621514567,0.645514567,0.665514567,0.638514567,0.719514567,0.696514567,0.683514567,0.695514567,0.667514567,0.706514567
385,0.594862156,0.586862156,0.652862156,0.650862156,0.653862156,0.692862156,0.674862156,0.677862156,0.681862156,0.738862156
386,0.636277579,0.696277579,0.732277579,0.658277579,0.727277579,0.738277579,0.690277579,0.689277579,0.689277579,0.689277579
387,0.794307608,0.790307608,0.847307608,0.790307608,0.893307608,0.848307608,0.835307608,0.841307608,0.828307608,0.865307608
388,0.690213024,0.694213024,0.711213024,0.701213024,0.738213024,0.769213024,0.727213024,0.750213024,0.741213024,0.758213024
389,0.847183663,0.889183663,0.905183663,0.919183663,0.868183663,0.931183663,0.901183663,0.887183663,0.904183663,0.890183663
390,0.560805923,0.591805923,0.549805923,0.575805923,0.592805923,0.586805923,0.591805923,0.619805923,0.586805923,0.576805923
391,0.602140176,0.600140176,0.645140176,0.600140176,0.640140176,0.635140176,0.637140176,0.656140176,0.608140176,0.624140176
392,0.62104661,0.65604661,0.66404661,0.64404661,0.66204661,0.67704661,0.63704661,0.69104661,0.66704661,0.67204661
393,0.86619029,0.93919029,0.97519029,0.92519029,0.96819029,0.92819029,0.91819029,0.92319029,0.92419029,0.93919029
394,0.56598448,0.58498448,0.61798448,0.60898448,0.60398448,0.66398448,0.62898448,0.62698448,0.63398448,0.60598448
395,0.599381009,0.609381009,0.595381009,0.592381009,0.660381009,0.676381009,0.671381009,0.658381009,0.658381009,0.659381009
396,0.667516314,0.649516314,0.684516314,0.682516314,0.682516314,0.716516314,0.702516314,0.729516314,0.731516314,0.706516314
397,0.428073189,0.422073189,0.450073189,0.425073189,0.468073189,0.507073189,0.463073189,0.470073189,0.498073189,0.451073189
398,0.614771779,0.659771779,0.691771779,0.638771779,0.686771779,0.700771779,0.663771779,0.675771779,0.699771779,0.677771779
399,0.526206153,0.544206153,0.561206153,0.566206153,0.580206153,0.546206153,0.556206153,0.589206153,0.546206153,0.562206153
400,0.642305759,0.734305759,0.748305759,0.697305759,0.673305759,0.710305759,0.707305759,0.672305759,0.677305759,0.710305759
401,0.675294599,0.673294599,0.704294599,0.654294599,0.708294599,0.758294599,0.743294599,0.738294599,0.719294599,0.755294599
402,0.494417418,0.506417418,0.589417418,0.519417418,0.597417418,0.565417418,0.558417418,0.598417418,0.555417418,0.576417418
403,0.812410667,0.847410667,0.844410667,0.868410667,0.903410667,0.880410667,0.842410667,0.877410667,0.842410667,0.850410667
404,0.781129854,0.824129854,0.835129854,0.875129854,0.831129854,0.829129854,0.810129854,0.824129854,0.813129854,0.842129854
405,0.635597968,0.671597968,0.700597968,0.645597968,0.657597968,0.713597968,0.691597968,0.675597968,0.693597968,0.643597968
406,0.805569004,0.871569004,0.883569004,0.846569004,0.833569004,0.901569004,0.838569004,0.850569004,0.845569004,0.871569004
407,0.782935729,0.836935729,0.851935729,0.861935729,0.851935729,0.869935729,0.858935729,0.854935729,0.851935729,0.850935729
408,0.813573033,0.856573033,0.806573033,0.779573033,0.865573033,0.900573033,0.906573033,0.929573033,0.868573033,0.914573033
409,0.524996444,0.587996444,0.585996444,0.563996444,0.652996444,0.574996444,0.548996444,0.545996444,0.543996444,0.574996444
410,0.64852432,0.63752432,0.72652432,0.66752432,0.69552432,0.69552432,0.67652432,0.72652432,0.72152432,0.68552432
411,0.610441492,0.680441492,0.642441492,0.643441492,0.645441492,0.693441492,0.688441492,0.713441492,0.664441492,0.657441492
412,0.638364202,0.664364202,0.713364202,0.643364202,0.740364202,0.737364202,0.735364202,0.722364202,0.727364202,0.719364202
413,0.614680113,0.611680113,0.627680113,0.642680113,0.626680113,0.706680113,0.685680113,0.685680113,0.653680113,0.662680113
414,0.693029169,0.696029169,0.710029169,0.706029169,0.682029169,0.762029169,0.752029169,0.795029169,0.738029169,0.758029169
415,0.56823295,0.53623295,0.60623295,0.57023295,0.62223295,0.62623295,0.57923295,0.63823295,0.61123295,0.67123295
416,0.660156605,0.702156605,0.671156605,0.749156605,0.702156605,0.726156605,0.677156605,0.714156605,0.696156605,0.721156605
417,0.746935044,0.746935044,0.757935044,0.774935044,0.779935044,0.838935044,0.792935044,0.798935044,0.787935044,0.794935044
418,0.717652618,0.696652618,0.710652618,0.715652618,0.722652618,0.804652618,0.763652618,0.763652618,0.756652618,0.791652618
419,0.639022256,0.675022256,0.664022256,0.695022256,0.678022256,0.743022256,0.680022256,0.758022256,0.703022256,0.752022256
420,0.500651205,0.544651205,0.543651205,0.562651205,0.551651205,0.586651205,0.561651205,0.553651205,0.552651205,0.607651205
421,0.62750452,0.68050452,0.67650452,0.67550452,0.63750452,0.71950452,0.70150452,0.69250452,0.70450452,0.71350452
422,0.678750891,0.687750891,0.755750891,0.685750891,0.742750891,0.733750891,0.696750891,0.703750891,0.732750891,0.743750891
423,0.491645879,0.538645879,0.500645879,0.550645879,0.486645879,0.557645879,0.559645879,0.552645879,0.549645879,0.573645879
424,0.881666799,0.945666799,0.958666799,0.918666799,0.969666799,0.998666799,0.979666799,0.938666799,0.951666799,0.965666799
425,0.669059636,0.656059636,0.713059636,0.708059636,0.682059636,0.741059636,0.711059636,0.763059636,0.750059636,0.709059636
426,0.636228356,0.706228356,0.758228356,0.735228356,0.743228356,0.694228356,0.700228356,0.720228356,0.663228356,0.703228356
427,0.778903907,0.794903907,0.833903907,0.859903907,0.860903907,0.846903907,0.831903907,0.801903907,0.808903907,0.841903907
428,0.728577664,0.739577664,0.739577664,0.736577664,0.725577664,0.815577664,0.761577664,0.763577664,0.750577664,0.787577664
429,0.664352187,0.722352187,0.670352187,0.712352187,0.722352187,0.758352187,0.714352187,0.716352187,0.726352187,0.748352187
430,0.57407865,0.60707865,0.64107865,0.61507865,0.66807865,0.65707865,0.64407865,0.64507865,0.64007865,0.65707865
431,0.683882878,0.719882878,0.738882878,0.763882878,0.744882878,0.756882878,0.713882878,0.732882878,0.705882878,0.684882878
432,0.57215899,0.62115899,0.60815899,0.60715899,0.61915899,0.71715899,0.64715899,0.66015899,0.68915899,0.64815899
433,0.62633863,0.68433863,0.75433863,0.70633863,0.75133863,0.73733863,0.68933863,0.66933863,0.67533863,0.66833863
434,0.574716944,0.644716944,0.691716944,0.655716944,0.699716944,0.679716944,0.661716944,0.649716944,0.654716944,0.691716944
435,0.850485262,0.868485262,0.864485262,0.858485262,0.850485262,0.932485262,0.906485262,0.933485262,0.912485262,0.918485262
436,0.481185465,0.500185465,0.457185465,0.447185465,0.475185465,0.550185465,0.556185465,0.562185465,0.567185465,0.567185465
437,0.777972974,0.808972974,0.802972974,0.842972974,0.856972974,0.914972974,0.871972974,0.872972974,0.880972974,0.896972974
438,0.665868124,0.684868124,0.718868124,0.684868124,0.663868124,0.718868124,0.721868124,0.723868124,0.668868124,0.722868124
439,0.46893348,0.52593348,0.52193348,0.57293348,0.56493348,0.59193348,0.56793348,0.58793348,0.56093348,0.53893348
440,0.691358434,0.719358434,0.736358434,0.708358434,0.736358434,0.758358434,0.774358434,0.772358434,0.792358434,0.735358434
441,0.744772538,0.723772538,0.728772538,0.744772538,0.701772538,0.829772538,0.824772538,0.818772538,0.794772538,0.821772538
442,0.67489919,0.73489919,0.75089919,0.75789919,0.74689919,0.76889919,0.76089919,0.73789919,0.74989919,0.73889919
443,0.741727812,0.803727812,0.793727812,0.753727812,0.819727812,0.818727812,0.826727812,0.846727812,0.803727812,0.795727812
444,0.598804755,0.625804755,0.636804755,0.607804755,0.645804755,0.699804755,0.658804755,0.651804755,0.680804755,0.691804755
445,0.647359311,0.676359311,0.675359311,0.668359311,0.652359311,0.717359311,0.711359311,0.690359311,0.704359311,0.750359311
446,0.563950635,0.573950635,0.619950635,0.605950635,0.642950635,0.649950635,0.571950635,0.608950635,0.589950635,0.616950635
447,0.749300304,0.791300304,0.753300304,0.768300304,0.786300304,0.808300304,0.804300304,0.809300304,0.801300304,0.832300304
448,0.712240819,0.746240819,0.769240819,0.763240819,0.752240819,0.775240819,0.759240819,0.787240819,0.770240819,0.806240819
449,0.765373232,0.781373232,0.853373232,0.770373232,0.835373232,0.858373232,0.811373232,0.817373232,0.810373232,0.844373232
450,0.641327491,0.606327491,0.584327491,0.624327491,0.618327491,0.731327491,0.702327491,0.669327491,0.661327491,0.697327491
451,0.680128349,0.719128349,0.739128349,0.750128349,0.773128349,0.778128349,0.773128349,0.768128349,0.746128349,0.759128349
452,0.755556706,0.790556706,0.777556706,0.779556706,0.807556706,0.795556706,0.777556706,0.807556706,0.815556706,0.781556706
453,0.70996809,0.69696809,0.75596809,0.66996809,0.74596809,0.79096809,0.74196809,0.78996809,0.74196809,0.79096809
454,0.582747983,0.625747983,0.658747983,0.631747983,0.687747983,0.631747983,0.616747983,0.625747983,0.619747983,0.572747983
455,0.586945733,0.618945733,0.609945733,0.596945733,0.663945733,0.708945733,0.651945733,0.675945733,0.687945733,0.687945733
456,0.507261441,0.533261441,0.568261441,0.552261441,0.594261441,0.553261441,0.520261441,0.547261441,0.548261441,0.552261441
457,0.563052691,0.674052691,0.642052691,0.572052691,0.672052691,0.672052691,0.626052691,0.644052691,0.612052691,0.676052691
458,0.651595669,0.670595669,0.746595669,0.712595669,0.753595669,0.672595669,0.686595669,0.706595669,0.649595669,0.688595669
459,0.596320119,0.645320119,0.631320119,0.662320119,0.613320119,0.619320119,0.593320119,0.632320119,0.613320119,0.613320119
460,0.486855765,0.522855765,0.498855765,0.508855765,0.516855765,0.571855765,0.518855765,0.527855765,0.513855765,0.554855765
461,0.727101864,0.765101864,0.809101864,0.768101864,0.809101864,0.814101864,0.802101864,0.809101864,0.823101864,0.849101864
462,0.573266783,0.578266783,0.618266783,0.612266783,0.599266783,0.667266783,0.643266783,0.673266783,0.669266783,0.678266783
463,0.855329613,0.870329613,0.891329613,0.885329613,0.893329613,0.903329613,0.889329613,0.898329613,0.885329613,0.890329613
464,0.854431502,0.835431502,0.885431502,0.876431502,0.900431502,0.925431502,0.921431502,0.912431502,0.899431502,0.931431502
465,0.545026958,0.575026958,0.588026958,0.536026958,0.571026958,0.642026958,0.634026958,0.626026958,0.624026958,0.659026958
466,0.702844243,0.733844243,0.727844243,0.737844243,0.750844243,0.814844243,0.769844243,0.805844243,0.814844243,0.778844243
467,0.540513694,0.538513694,0.583513694,0.569513694,0.577513694,0.614513694,0.603513694,0.608513694,0.588513694,0.612513694
468,0.636292266,0.680292266,0.702292266,0.680292266,0.725292266,0.729292266,0.676292266,0.690292266,0.649292266,0.650292266
469,0.477098547,0.459098547,0.589098547,0.451098547,0.552098547,0.525098547,0.484098547,0.503098547,0.466098547,0.521098547
470,0.751830476,0.784830476,0.825830476,0.779830476,0.832830476,0.850830476,0.833830476,0.806830476,0.797830476,0.818830476
471,0.58066529,0.61866529,0.67866529,0.64566529,0.72066529,0.66566529,0.61966529,0.62766529,0.60866529,0.63166529
472,0.618498524,0.717498524,0.692498524,0.663498524,0.689498524,0.652498524,0.640498524,0.651498524,0.638498524,0.626498524
473,0.617731404,0.661731404,0.669731404,0.688731404,0.686731404,0.660731404,0.667731404,0.647731404,0.645731404,0.662731404
474,0.566011322,0.526011322,0.540011322,0.533011322,0.605011322,0.667011322,0.619011322,0.631011322,0.623011322,0.609011322
475,0.525650739,0.564650739,0.597650739,0.545650739,0.604650739,0.604650739,0.596650739,0.589650739,0.605650739,0.612650739
476,0.59645137,0.59445137,0.64445137,0.66045137,0.63045137,0.64145137,0.63845137,0.63845137,0.61845137,0.67145137
477,0.493334988,0.549334988,0.541334988,0.534334988,0.535334988,0.579334988,0.512334988,0.535334988,0.534334988,0.576334988
478,0.705105015,0.738105015,0.738105015,0.754105015,0.743105015,0.810105015,0.824105015,0.815105015,0.800105015,0.817105015
479,0.561298535,0.572298535,0.648298535,0.630298535,0.659298535,0.653298535,0.638298535,0.641298535,0.656298535,0.669298535
480,0.703689702,0.781689702,0.777689702,0.759689702,0.759689702,0.756689702,0.749689702,0.776689702,0.768689702,0.786689702
481,0.666180103,0.638180103,0.675180103,0.703180103,0.685180103,0.771180103,0.702180103,0.723180103,0.725180103,0.724180103
482,0.686230061,0.723230061,0.747230061,0.708230061,0.765230061,0.789230061,0.721230061,0.755230061,0.725230061,0.740230061
483,0.72302432,0.70302432,0.71602432,0.68602432,0.71202432,0.82002432,0.77402432,0.78502432,0.77402432,0.78502432
484,0.875305826,0.935305826,0.940305826,0.975305826,0.943305826,0.919305826,0.887305826,0.875305826,0.881305826,0.905305826
485,0.714967483,0.720967483,0.720967483,0.697967483,0.784967483,0.781967483,0.767967483,0.765967483,0.750967483,0.754967483
486,0.585856946,0.568856946,0.551856946,0.589856946,0.642856946,0.666856946,0.638856946,0.620856946,0.589856946,0.648856946
487,0.413540154,0.471540154,0.490540154,0.516540154,0.512540154,0.485540154,0.461540154,0.448540154,0.464540154,0.451540154
488,0.676507816,0.688507816,0.713507816,0.706507816,0.738507816,0.772507816,0.737507816,0.759507816,0.739507816,0.715507816
489,0.571371856,0.603371856,0.640371856,0.579371856,0.673371856,0.660371856,0.668371856,0.652371856,0.625371856,0.647371856
490,0.597660317,0.587660317,0.628660317,0.608660317,0.692660317,0.711660317,0.660660317,0.669660317,0.656660317,0.678660317
491,0.720674863,0.733674863,0.791674863,0.752674863,0.800674863,0.798674863,0.746674863,0.787674863,0.767674863,0.787674863
492,0.504179195,0.525179195,0.559179195,0.525179195,0.548179195,0.594179195,0.595179195,0.606179195,0.569179195,0.556179195
493,0.6693667,0.6933667,0.7253667,0.7083667,0.7823667,0.7393667,0.6953667,0.7403667,0.7183667,0.7393667
494,0.630055085,0.679055085,0.737055085,0.665055085,0.710055085,0.703055085,0.696055085,0.701055085,0.684055085,0.692055085
495,0.732721887,0.722721887,0.743721887,0.752721887,0.786721887,0.815721887,0.793721887,0.811721887,0.806721887,0.800721887
496,0.565501544,0.543501544,0.608501544,0.622501544,0.670501544,0.673501544,0.664501544,0.649501544,0.675501544,0.696501544
497,0.607909002,0.616909002,0.633909002,0.644909002,0.656909002,0.762909002,0.687909002,0.727909002,0.690909002,0.724909002
498,0.637545718,0.663545718,0.631545718,0.635545718,0.705545718,0.661545718,0.687545718,0.730545718,0.715545718,0.708545718
499,0.697509834,0.741509834,0.712509834,0.734509834,0.711509834,0.761509834,0.769509834,0.765509834,0.757509834,0.746509834
500,0.654896116,0.654896116,0.654896116,0.654896116,0.654896116,0.654896116,0.654896116,0.654896116,0.654896116,0.654896116
501,0.966766569,0.966766569,0.966766569,0.966766569,0.966766569,0.966766569,0.966766569,0.966766569,0.966766569,0.966766569
502,0.734109957,0.734109957,0.734109957,0.734109957,0.734109957,0.734109957,0.734109957,0.734109957,0.734109957,0.734109957
503,0.60601408,0.60601408,0.60601408,0.60601408,0.60601408,0.60601408,0.60601408,0.60601408,0.60601408,0.60601408
504,0.683478793,0.683478793,0.683478793,0.683478793,0.683478793,0.683478793,0.683478793,0.683478793,0.683478793,0.683478793
505,0.562903013,0.562903013,0.562903013,0.562903013,0.562903013,0.562903013,0.562903013,0.562903013,0.562903013,0.562903013
506,0.58631576,0.58631576,0.58631576,0.58631576,0.58631576,0.58631576,0.58631576,0.58631576,0.58631576,0.58631576
507,0.617468401,0.617468401,0.617468401,0.617468401,0.617468401,0.617468401,0.617468401,0.617468401,0.617468401,0.617468401
508,0.480930776,0.480930776,0.480930776,0.480930776,0.480930776,0.480930776,0.480930776,0.480930776,0.480930776,0.480930776
509,0.707534374,0.707534374,0.707534374,0.707534374,0.707534374,0.707534374,0.707534374,0.707534374,0.707534374,0.707534374
510,0.724691484,0.724691484,0.724691484,0.724691484,0.724691484,0.724691484,0.724691484,0.724691484,0.724691484,0.724691484
511,0.803412225,0.803412225,0.803412225,0.803412225,0.803412225,0.803412225,0.803412225,0.803412225,0.803412225,0.803412225
512,0.872168319,0.872168319,0.872168319,0.872168319,0.872168319,0.872168319,0.872168319,0.872168319,0.872168319,0.872168319
513,0.705725463,0.705725463,0.705725463,0.705725463,0.705725463,0.705725463,0.705725463,0.705725463,0.705725463,0.705725463
514,0.966920346,0.966920346,0.966920346,0.966920346,0.966920346,0.966920346,0.966920346,0.966920346,0.966920346,0.966920346
515,0.647554246,0.647554246,0.647554246,0.647554246,0.647554246,0.647554246,0.647554246,0.647554246,0.647554246,0.647554246
516,0.624794614,0.624794614,0.624794614,0.624794614,0.624794614,0.624794614,0.624794614,0.624794614,0.624794614,0.624794614
517,0.654775501,0.654775501,0.654775501,0.654775501,0.654775501,0.654775501,0.654775501,0.654775501,0.654775501,0.654775501
518,0.553521768,0.553521768,0.553521768,0.553521768,0.553521768,0.553521768,0.553521768,0.553521768,0.553521768,0.553521768
519,0.572469392,0.572469392,0.572469392,0.572469392,0.572469392,0.572469392,0.572469392,0.572469392,0.572469392,0.572469392
520,0.473726645,0.473726645,0.473726645,0.473726645,0.473726645,0.473726645,0.473726645,0.473726645,0.473726645,0.473726645
521,0.591120203,0.591120203,0.591120203,0.591120203,0.591120203,0.591120203,0.591120203,0.591120203,0.591120203,0.591120203
522,0.603629806,0.603629806,0.603629806,0.603629806,0.603629806,0.603629806,0.603629806,0.603629806,0.603629806,0.603629806
523,0.607607374,0.607607374,0.607607374,0.607607374,0.607607374,0.607607374,0.607607374,0.607607374,0.607607374,0.607607374
524,0.625147542,0.625147542,0.625147542,0.625147542,0.625147542,0.625147542,0.625147542,0.625147542,0.625147542,0.625147542
525,0.640267435,0.640267435,0.640267435,0.640267435,0.640267435,0.640267435,0.640267435,0.640267435,0.640267435,0.640267435
526,0.693632152,0.693632152,0.693632152,0.693632152,0.693632152,0.693632152,0.693632152,0.693632152,0.693632152,0.693632152
527,0.541004582,0.541004582,0.541004582,0.541004582,0.541004582,0.541004582,0.541004582,0.541004582,0.541004582,0.541004582
528,0.666455602,0.666455602,0.666455602,0.666455602,0.666455602,0.666455602,0.666455602,0.666455602,0.666455602,0.666455602
529,0.68250314,0.68250314,0.68250314,0.68250314,0.68250314,0.68250314,0.68250314,0.68250314,0.68250314,0.68250314
530,0.643078948,0.643078948,0.643078948,0.643078948,0.643078948,0.643078948,0.643078948,0.643078948,0.643078948,0.643078948
531,0.645312514,0.666312514,0.687312514,0.672312514,0.696312514,0.722312514,0.739312514,0.747312514,0.700312514,0.735312514
532,0.690451707,0.739451707,0.726451707,0.716451707,0.729451707,0.736451707,0.732451707,0.727451707,0.721451707,0.736451707
533,0.479559677,0.519559677,0.504559677,0.536559677,0.557559677,0.532559677,0.525559677,0.526559677,0.520559677,0.578559677
534,0.747204453,0.733204453,0.795204453,0.836204453,0.773204453,0.842204453,0.824204453,0.802204453,0.822204453,0.824204453
535,0.541596492,0.478596492,0.515596492,0.490596492,0.521596492,0.615596492,0.551596492,0.573596492,0.533596492,0.599596492
536,0.705941207,0.691941207,0.700941207,0.702941207,0.691941207,0.759941207,0.761941207,0.736941207,0.763941207,0.761941207
537,0.666085943,0.708085943,0.720085943,0.652085943,0.730085943,0.781085943,0.732085943,0.737085943,0.784085943,0.745085943
538,0.760811846,0.826811846,0.852811846,0.797811846,0.849811846,0.850811846,0.805811846,0.816811846,0.784811846,0.811811846
539,0.650730944,0.671730944,0.694730944,0.657730944,0.687730944,0.757730944,0.720730944,0.730730944,0.716730944,0.724730944
540,0.809302182,0.794302182,0.814302182,0.857302182,0.845302182,0.916302182,0.890302182,0.893302182,0.898302182,0.912302182
541,0.652572058,0.692572058,0.665572058,0.683572058,0.741572058,0.712572058,0.691572058,0.740572058,0.703572058,0.750572058
542,0.721101339,0.722101339,0.650101339,0.732101339,0.743101339,0.782101339,0.776101339,0.809101339,0.760101339,0.807101339
543,0.785163395,0.822163395,0.822163395,0.788163395,0.850163395,0.904163395,0.822163395,0.901163395,0.863163395,0.870163395
544,0.542927869,0.576927869,0.642927869,0.634927869,0.614927869,0.671927869,0.602927869,0.610927869,0.608927869,0.625927869
545,0.457689452,0.494689452,0.515689452,0.471689452,0.492689452,0.541689452,0.523689452,0.536689452,0.530689452,0.536689452
546,0.717095486,0.721095486,0.767095486,0.794095486,0.798095486,0.801095486,0.753095486,0.760095486,0.742095486,0.800095486
547,0.640235601,0.761235601,0.767235601,0.713235601,0.747235601,0.703235601,0.658235601,0.686235601,0.675235601,0.666235601
548,0.835309103,0.892309103,0.906309103,0.893309103,0.942309103,0.870309103,0.839309103,0.856309103,0.826309103,0.861309103
549,0.580161353,0.583161353,0.617161353,0.596161353,0.668161353,0.651161353,0.652161353,0.620161353,0.622161353,0.628161353
550,0.79589719,0.76389719,0.77489719,0.77089719,0.83589719,0.88589719,0.84089719,0.81689719,0.82889719,0.84489719
551,0.851539099,0.886539099,0.913539099,0.914539099,0.877539099,0.936539099,0.908539099,0.903539099,0.880539099,0.910539099
552,0.65377617,0.68477617,0.76377617,0.66377617,0.70777617,0.73577617,0.73677617,0.69877617,0.69377617,0.70577617
553,0.795493944,0.774493944,0.780493944,0.805493944,0.846493944,0.898493944,0.844493944,0.862493944,0.864493944,0.828493944
554,0.748156529,0.779156529,0.770156529,0.836156529,0.817156529,0.804156529,0.817156529,0.819156529,0.773156529,0.811156529
555,0.644812666,0.716812666,0.707812666,0.648812666,0.680812666,0.700812666,0.659812666,0.706812666,0.690812666,0.682812666
556,0.716869211,0.761869211,0.755869211,0.787869211,0.823869211,0.815869211,0.775869211,0.786869211,0.796869211,0.781869211
557,0.405613378,0.454613378,0.418613378,0.414613378,0.471613378,0.455613378,0.467613378,0.437613378,0.445613378,0.431613378
558,0.570736526,0.602736526,0.662736526,0.665736526,0.636736526,0.694736526,0.650736526,0.662736526,0.666736526,0.675736526
559,0.646425223,0.625425223,0.725425223,0.696425223,0.755425223,0.704425223,0.694425223,0.678425223,0.684425223,0.685425223
560,0.787143577,0.773143577,0.826143577,0.830143577,0.854143577,0.855143577,0.823143577,0.826143577,0.823143577,0.812143577
561,0.599864137,0.670864137,0.667864137,0.637864137,0.693864137,0.668864137,0.663864137,0.650864137,0.634864137,0.677864137
562,0.73365564,0.83565564,0.82765564,0.79165564,0.83065564,0.80265564,0.78865564,0.79565564,0.80265564,0.79065564
563,0.547773247,0.537773247,0.594773247,0.581773247,0.591773247,0.623773247,0.594773247,0.637773247,0.602773247,0.602773247
564,0.515332724,0.508332724,0.517332724,0.533332724,0.550332724,0.627332724,0.572332724,0.615332724,0.544332724,0.586332724
565,0.708492455,0.644492455,0.764492455,0.743492455,0.740492455,0.811492455,0.763492455,0.777492455,0.734492455,0.781492455
566,0.439803692,0.457803692,0.495803692,0.467803692,0.498803692,0.494803692,0.474803692,0.489803692,0.465803692,0.467803692
567,0.696095932,0.691095932,0.733095932,0.744095932,0.755095932,0.782095932,0.805095932,0.819095932,0.757095932,0.740095932
568,0.533005519,0.509005519,0.611005519,0.501005519,0.576005519,0.591005519,0.599005519,0.625005519,0.602005519,0.606005519
569,0.797219004,0.785219004,0.815219004,0.786219004,0.872219004,0.895219004,0.868219004,0.855219004,0.846219004,0.850219004
570,0.619392358,0.630392358,0.622392358,0.680392358,0.670392358,0.692392358,0.677392358,0.687392358,0.674392358,0.702392358
571,0.739580451,0.736580451,0.772580451,0.736580451,0.761580451,0.854580451,0.832580451,0.842580451,0.802580451,0.868580451
572,0.630940281,0.668940281,0.645940281,0.617940281,0.693940281,0.680940281,0.654940281,0.650940281,0.625940281,0.662940281
573,0.815132494,0.862132494,0.881132494,0.848132494,0.899132494,0.874132494,0.852132494,0.893132494,0.860132494,0.871132494
574,0.658982301,0.668982301,0.715982301,0.683982301,0.768982301,0.725982301,0.714982301,0.718982301,0.719982301,0.722982301
575,0.663355432,0.692355432,0.735355432,0.768355432,0.743355432,0.763355432,0.760355432,0.758355432,0.756355432,0.734355432
576,0.867432818,0.909432818,0.919432818,0.909432818,0.910432818,0.952432818,0.917432818,0.929432818,0.898432818,0.945432818
577,0.840718997,0.850718997,0.923718997,0.887718997,0.921718997,0.913718997,0.870718997,0.867718997,0.880718997,0.877718997
578,0.487744215,0.538744215,0.516744215,0.491744215,0.557744215,0.554744215,0.537744215,0.560744215,0.539744215,0.561744215
579,0.595691972,0.585691972,0.638691972,0.620691972,0.643691972,0.683691972,0.690691972,0.696691972,0.654691972,0.679691972
580,0.769213013,0.785213013,0.830213013,0.824213013,0.828213013,0.819213013,0.811213013,0.796213013,0.798213013,0.797213013
581,0.642556217,0.672556217,0.671556217,0.652556217,0.692556217,0.679556217,0.674556217,0.655556217,0.669556217,0.667556217
582,0.640050991,0.663050991,0.659050991,0.621050991,0.630050991,0.711050991,0.689050991,0.693050991,0.664050991,0.681050991
583,0.660371752,0.685371752,0.753371752,0.716371752,0.777371752,0.763371752,0.751371752,0.719371752,0.692371752,0.753371752
584,0.770382863,0.814382863,0.813382863,0.814382863,0.821382863,0.862382863,0.838382863,0.826382863,0.837382863,0.836382863
585,0.767156692,0.833156692,0.828156692,0.831156692,0.841156692,0.880156692,0.828156692,0.867156692,0.841156692,0.842156692
586,0.676781472,0.696781472,0.732781472,0.699781472,0.727781472,0.806781472,0.791781472,0.766781472,0.759781472,0.814781472
587,0.596777424,0.615777424,0.659777424,0.594777424,0.636777424,0.679777424,0.650777424,0.677777424,0.634777424,0.665777424
588,0.840050463,0.853050463,0.952050463,0.921050463,0.858050463,0.967050463,0.919050463,0.912050463,0.902050463,0.925050463
589,0.859069673,0.898069673,0.932069673,0.910069673,0.912069673,0.911069673,0.906069673,0.945069673,0.876069673,0.924069673
590,0.542940572,0.615940572,0.591940572,0.611940572,0.538940572,0.593940572,0.612940572,0.622940572,0.604940572,0.570940572
591,0.569492283,0.595492283,0.568492283,0.576492283,0.606492283,0.662492283,0.642492283,0.646492283,0.642492283,0.660492283
592,0.659211071,0.698211071,0.732211071,0.704211071,0.702211071,0.672211071,0.687211071,0.681211071,0.686211071,0.697211071
593,0.80039212,0.88439212,0.83039212,0.80939212,0.85739212,0.86239212,0.84239212,0.86739212,0.83539212,0.85839212
594,0.616764298,0.664764298,0.682764298,0.738764298,0.737764298,0.724764298,0.716764298,0.746764298,0.696764298,0.700764298
595,0.670198933,0.664198933,0.721198933,0.704198933,0.699198933,0.802198933,0.736198933,0.735198933,0.740198933,0.752198933
596,0.639275229,0.694275229,0.678275229,0.643275229,0.662275229,0.702275229,0.677275229,0.668275229,0.719275229,0.708275229
597,0.686094585,0.686094585,0.694094585,0.666094585,0.745094585,0.815094585,0.753094585,0.775094585,0.750094585,0.755094585
598,0.716352476,0.682352476,0.752352476,0.709352476,0.667352476,0.763352476,0.758352476,0.747352476,0.756352476,0.768352476
599,0.78584078,0.78984078,0.83984078,0.81284078,0.83084078,0.84184078,0.85884078,0.86484078,0.84384078,0.84284078
600,0.483910109,0.502910109,0.467910109,0.449910109,0.529910109,0.569910109,0.533910109,0.546910109,0.517910109,0.563910109
601,0.624088614,0.641088614,0.734088614,0.684088614,0.699088614,0.694088614,0.692088614,0.677088614,0.685088614,0.721088614
602,0.733359849,0.734359849,0.734359849,0.706359849,0.756359849,0.827359849,0.787359849,0.773359849,0.785359849,0.821359849
603,0.701624072,0.720624072,0.779624072,0.765624072,0.781624072,0.752624072,0.761624072,0.745624072,0.713624072,0.758624072
604,0.615118365,0.722118365,0.729118365,0.681118365,0.744118365,0.699118365,0.687118365,0.716118365,0.717118365,0.735118365
605,0.711976195,0.710976195,0.754976195,0.717976195,0.719976195,0.802976195,0.754976195,0.790976195,0.753976195,0.732976195
606,0.525214908,0.558214908,0.620214908,0.637214908,0.628214908,0.580214908,0.578214908,0.560214908,0.537214908,0.552214908
607,0.737361425,0.786361425,0.805361425,0.820361425,0.768361425,0.851361425,0.797361425,0.801361425,0.802361425,0.803361425
608,0.652003659,0.675003659,0.671003659,0.717003659,0.648003659,0.710003659,0.692003659,0.688003659,0.706003659,0.724003659
609,0.646733934,0.687733934,0.739733934,0.687733934,0.729733934,0.703733934,0.714733934,0.700733934,0.676733934,0.696733934
610,0.673262513,0.677262513,0.675262513,0.715262513,0.732262513,0.756262513,0.741262513,0.801262513,0.732262513,0.748262513
611,0.569459968,0.576459968,0.615459968,0.566459968,0.640459968,0.657459968,0.600459968,0.646459968,0.619459968,0.632459968
612,0.709762398,0.802762398,0.762762398,0.794762398,0.845762398,0.834762398,0.785762398,0.779762398,0.791762398,0.760762398
613,0.718214335,0.778214335,0.810214335,0.797214335,0.804214335,0.793214335,0.794214335,0.807214335,0.805214335,0.787214335
614,0.731845874,0.742845874,0.781845874,0.732845874,0.748845874,0.839845874,0.808845874,0.792845874,0.785845874,0.779845874
615,0.578903796,0.657903796,0.622903796,0.658903796,0.686903796,0.669903796,0.630903796,0.629903796,0.624903796,0.668903796
616,0.687603199,0.696603199,0.714603199,0.701603199,0.735603199,0.809603199,0.745603199,0.769603199,0.739603199,0.758603199
617,0.451210121,0.437210121,0.472210121,0.473210121,0.478210121,0.521210121,0.481210121,0.488210121,0.461210121,0.494210121
618,0.659842264,0.690842264,0.730842264,0.682842264,0.697842264,0.747842264,0.690842264,0.743842264,0.725842264,0.711842264
619,0.706722152,0.750722152,0.771722152,0.754722152,0.807722152,0.763722152,0.782722152,0.774722152,0.727722152,0.790722152
620,0.63846537,0.70346537,0.67946537,0.67746537,0.65946537,0.68346537,0.65946537,0.68346537,0.66246537,0.70046537
621,0.68230173,0.71730173,0.70130173,0.73530173,0.74230173,0.79330173,0.74330173,0.77230173,0.74530173,0.76630173
622,0.565731047,0.641731047,0.590731047,0.617731047,0.655731047,0.628731047,0.594731047,0.590731047,0.590731047,0.593731047
623,0.623257967,0.626257967,0.668257967,0.625257967,0.677257967,0.740257967,0.722257967,0.711257967,0.705257967,0.742257967
624,0.518243964,0.543243964,0.593243964,0.576243964,0.576243964,0.635243964,0.584243964,0.619243964,0.583243964,0.607243964
625,0.535501292,0.565501292,0.526501292,0.547501292,0.576501292,0.604501292,0.590501292,0.586501292,0.607501292,0.597501292
626,0.646944139,0.757944139,0.721944139,0.722944139,0.741944139,0.711944139,0.701944139,0.709944139,0.706944139,0.703944139
627,0.752760534,0.772760534,0.785760534,0.810760534,0.791760534,0.828760534,0.772760534,0.773760534,0.769760534,0.770760534
628,0.7941628,0.8351628,0.8521628,0.8811628,0.8391628,0.8661628,0.8461628,0.8681628,0.8441628,0.8701628
629,0.807166311,0.818166311,0.856166311,0.849166311,0.885166311,0.861166311,0.849166311,0.842166311,0.870166311,0.825166311
630,0.677579429,0.673579429,0.706579429,0.733579429,0.748579429,0.751579429,0.704579429,0.746579429,0.720579429,0.728579429
631,0.662544487,0.701544487,0.686544487,0.695544487,0.680544487,0.749544487,0.691544487,0.738544487,0.702544487,0.714544487
632,0.726885522,0.780885522,0.769885522,0.743885522,0.743885522,0.831885522,0.822885522,0.818885522,0.819885522,0.803885522
633,0.595598377,0.679598377,0.685598377,0.681598377,0.716598377,0.684598377,0.706598377,0.690598377,0.673598377,0.699598377
634,0.763168039,0.790168039,0.818168039,0.822168039,0.828168039,0.819168039,0.803168039,0.790168039,0.783168039,0.791168039
635,0.690895732,0.718895732,0.712895732,0.730895732,0.756895732,0.783895732,0.749895732,0.759895732,0.741895732,0.729895732
636,0.712628429,0.697628429,0.737628429,0.708628429,0.690628429,0.796628429,0.769628429,0.775628429,0.786628429,0.779628429
637,0.622750394,0.627750394,0.689750394,0.680750394,0.676750394,0.665750394,0.674750394,0.695750394,0.645750394,0.688750394
638,0.669296373,0.627296373,0.661296373,0.673296373,0.713296373,0.739296373,0.730296373,0.680296373,0.715296373,0.733296373
639,0.558450274,0.574450274,0.644450274,0.542450274,0.595450274,0.704450274,0.663450274,0.645450274,0.629450274,0.648450274
640,0.543919677,0.560919677,0.611919677,0.557919677,0.578919677,0.563919677,0.539919677,0.580919677,0.562919677,0.550919677
641,0.655663744,0.663663744,0.726663744,0.671663744,0.782663744,0.701663744,0.692663744,0.722663744,0.689663744,0.711663744
642,0.5252558,0.5302558,0.6102558,0.5742558,0.5802558,0.5902558,0.5892558,0.5832558,0.5642558,0.6072558
643,0.582754366,0.588754366,0.623754366,0.611754366,0.630754366,0.664754366,0.598754366,0.628754366,0.606754366,0.617754366
644,0.679972608,0.653972608,0.728972608,0.677972608,0.753972608,0.771972608,0.738972608,0.748972608,0.736972608,0.734972608
645,0.658986406,0.752986406,0.736986406,0.761986406,0.779986406,0.722986406,0.706986406,0.716986406,0.716986406,0.717986406
646,0.636998957,0.662998957,0.682998957,0.611998957,0.658998957,0.747998957,0.671998957,0.648998957,0.690998957,0.711998957
647,0.678868378,0.724868378,0.727868378,0.733868378,0.721868378,0.760868378,0.770868378,0.773868378,0.756868378,0.750868378
648,0.628128764,0.699128764,0.685128764,0.684128764,0.727128764,0.665128764,0.647128764,0.671128764,0.664128764,0.684128764
649,0.660035892,0.669035892,0.744035892,0.716035892,0.712035892,0.740035892,0.718035892,0.739035892,0.730035892,0.744035892
650,0.774514344,0.829514344,0.846514344,0.852514344,0.856514344,0.875514344,0.805514344,0.869514344,0.850514344,0.856514344
651,0.708136753,0.737136753,0.805136753,0.793136753,0.827136753,0.804136753,0.745136753,0.751136753,0.734136753,0.774136753
652,0.660307616,0.636307616,0.674307616,0.641307616,0.702307616,0.761307616,0.688307616,0.709307616,0.708307616,0.727307616
653,0.66838251,0.74138251,0.72438251,0.74338251,0.74038251,0.74338251,0.69938251,0.75538251,0.70838251,0.71738251
654,0.738914756,0.808914756,0.782914756,0.760914756,0.789914756,0.731914756,0.765914756,0.754914756,0.729914756,0.754914756
655,0.789622763,0.812622763,0.828622763,0.865622763,0.884622763,0.849622763,0.846622763,0.811622763,0.801622763,0.821622763
656,0.764678931,0.798678931,0.794678931,0.763678931,0.812678931,0.871678931,0.810678931,0.877678931,0.818678931,0.818678931
657,0.585603915,0.595603915,0.615603915,0.592603915,0.634603915,0.678603915,0.657603915,0.658603915,0.663603915,0.665603915
658,0.606738369,0.613738369,0.615738369,0.604738369,0.656738369,0.644738369,0.620738369,0.633738369,0.582738369,0.642738369
659,0.816622556,0.864622556,0.870622556,0.800622556,0.867622556,0.890622556,0.868622556,0.898622556,0.885622556,0.851622556
660,0.629730288,0.638730288,0.653730288,0.631730288,0.694730288,0.684730288,0.673730288,0.663730288,0.669730288,0.703730288
661,0.568049146,0.621049146,0.640049146,0.618049146,0.615049146,0.630049146,0.614049146,0.633049146,0.599049146,0.652049146
662,0.646430084,0.647430084,0.647430084,0.649430084,0.686430084,0.771430084,0.765430084,0.730430084,0.735430084,0.739430084
663,0.809622059,0.810622059,0.887622059,0.902622059,0.885622059,0.913622059,0.897622059,0.897622059,0.898622059,0.896622059
664,0.686512166,0.753512166,0.710512166,0.710512166,0.728512166,0.770512166,0.696512166,0.725512166,0.715512166,0.726512166
665,0.558771997,0.688771997,0.728771997,0.642771997,0.674771997,0.638771997,0.581771997,0.632771997,0.610771997,0.608771997
666,0.618033094,0.658033094,0.657033094,0.679033094,0.696033094,0.691033094,0.638033094,0.690033094,0.665033094,0.678033094
667,0.54934563,0.51334563,0.58434563,0.55734563,0.59034563,0.61634563,0.60134563,0.61534563,0.58934563,0.62734563
668,0.599138097,0.627138097,0.641138097,0.598138097,0.660138097,0.633138097,0.636138097,0.639138097,0.619138097,0.670138097
669,0.686070219,0.742070219,0.780070219,0.775070219,0.826070219,0.785070219,0.735070219,0.780070219,0.730070219,0.729070219
670,0.658849557,0.704849557,0.722849557,0.719849557,0.732849557,0.740849557,0.712849557,0.733849557,0.721849557,0.738849557
671,0.580484162,0.593484162,0.689484162,0.649484162,0.618484162,0.637484162,0.619484162,0.664484162,0.612484162,0.637484162
672,0.691035404,0.753035404,0.775035404,0.753035404,0.741035404,0.754035404,0.742035404,0.753035404,0.722035404,0.746035404
673,0.542754153,0.525754153,0.559754153,0.542754153,0.574754153,0.620754153,0.593754153,0.602754153,0.571754153,0.622754153
674,0.732544398,0.765544398,0.821544398,0.798544398,0.813544398,0.814544398,0.837544398,0.826544398,0.805544398,0.885544398
675,0.635243692,0.637243692,0.706243692,0.661243692,0.673243692,0.748243692,0.706243692,0.750243692,0.693243692,0.747243692
676,0.639554677,0.716554677,0.712554677,0.719554677,0.707554677,0.739554677,0.688554677,0.671554677,0.715554677,0.685554677
677,0.675411193,0.779411193,0.784411193,0.754411193,0.773411193,0.770411193,0.771411193,0.736411193,0.742411193,0.752411193
678,0.631575731,0.589575731,0.684575731,0.681575731,0.628575731,0.749575731,0.714575731,0.734575731,0.736575731,0.751575731
679,0.514304176,0.560304176,0.573304176,0.589304176,0.584304176,0.602304176,0.592304176,0.626304176,0.609304176,0.589304176
680,0.626159297,0.652159297,0.671159297,0.707159297,0.708159297,0.708159297,0.632159297,0.655159297,0.660159297,0.664159297
681,0.777753841,0.754753841,0.806753841,0.742753841,0.792753841,0.835753841,0.798753841,0.829753841,0.838753841,0.847753841
682,0.501949517,0.513949517,0.573949517,0.514949517,0.559949517,0.557949517,0.541949517,0.584949517,0.554949517,0.584949517
683,0.694705519,0.727705519,0.757705519,0.787705519,0.776705519,0.751705519,0.746705519,0.752705519,0.722705519,0.753705519
684,0.627374133,0.591374133,0.656374133,0.677374133,0.687374133,0.705374133,0.656374133,0.680374133,0.660374133,0.688374133
685,0.743872071,0.789872071,0.783872071,0.865872071,0.839872071,0.777872071,0.783872071,0.778872071,0.774872071,0.788872071
686,0.770041821,0.797041821,0.810041821,0.770041821,0.777041821,0.879041821,0.824041821,0.870041821,0.830041821,0.851041821
687,0.63225896,0.62925896,0.72125896,0.66625896,0.73325896,0.70925896,0.70925896,0.67525896,0.66525896,0.67425896
688,0.81093384,0.84593384,0.83293384,0.83093384,0.84793384,0.87693384,0.88093384,0.85093384,0.83793384,0.88093384
689,0.569870568,0.618870568,0.637870568,0.634870568,0.691870568,0.633870568,0.649870568,0.679870568,0.643870568,0.664870568
690,0.690654,0.701654,0.778654,0.694654,0.773654,0.798654,0.792654,0.812654,0.797654,0.835654
691,0.609152401,0.678152401,0.660152401,0.633152401,0.689152401,0.706152401,0.734152401,0.673152401,0.693152401,0.677152401
692,0.687438931,0.725438931,0.719438931,0.684438931,0.679438931,0.786438931,0.770438931,0.800438931,0.797438931,0.794438931
693,0.772534615,0.809534615,0.793534615,0.785534615,0.824534615,0.874534615,0.822534615,0.875534615,0.843534615,0.872534615
694,0.583943441,0.626943441,0.640943441,0.634943441,0.630943441,0.646943441,0.631943441,0.664943441,0.617943441,0.606943441
695,0.720235777,0.740235777,0.770235777,0.733235777,0.755235777,0.766235777,0.758235777,0.766235777,0.741235777,0.768235777
696,0.695995209,0.711995209,0.712995209,0.747995209,0.782995209,0.776995209,0.757995209,0.794995209,0.752995209,0.758995209
697,0.64597248,0.62797248,0.65897248,0.68697248,0.63697248,0.72597248,0.71597248,0.72797248,0.71797248,0.72197248
698,0.710200831,0.745200831,0.734200831,0.732200831,0.782200831,0.804200831,0.770200831,0.790200831,0.762200831,0.796200831
699,0.616618122,0.605618122,0.652618122,0.668618122,0.679618122,0.720618122,0.690618122,0.694618122,0.682618122,0.674618122
700,0.840367487,0.854367487,0.875367487,0.843367487,0.894367487,0.896367487,0.860367487,0.896367487,0.886367487,0.864367487
701,0.672413328,0.647413328,0.745413328,0.701413328,0.687413328,0.736413328,0.694413328,0.693413328,0.683413328,0.733413328
702,0.544644915,0.643644915,0.641644915,0.632644915,0.636644915,0.604644915,0.588644915,0.600644915,0.565644915,0.578644915
703,0.585838932,0.567838932,0.605838932,0.549838932,0.583838932,0.635838932,0.601838932,0.624838932,0.584838932,0.616838932
704,0.334192807,0.409192807,0.397192807,0.390192807,0.429192807,0.415192807,0.406192807,0.422192807,0.379192807,0.451192807
705,0.60798224,0.66998224,0.61998224,0.69398224,0.68798224,0.69498224,0.66698224,0.68098224,0.67698224,0.67698224
706,0.594101674,0.570101674,0.641101674,0.618101674,0.664101674,0.707101674,0.652101674,0.704101674,0.669101674,0.682101674
707,0.585467297,0.611467297,0.664467297,0.670467297,0.672467297,0.640467297,0.603467297,0.619467297,0.608467297,0.574467297
708,0.600744302,0.583744302,0.617744302,0.656744302,0.616744302,0.689744302,0.686744302,0.685744302,0.651744302,0.722744302
709,0.594576387,0.592576387,0.637576387,0.628576387,0.636576387,0.621576387,0.624576387,0.578576387,0.625576387,0.631576387
710,0.621007123,0.649007123,0.643007123,0.620007123,0.705007123,0.726007123,0.687007123,0.710007123,0.697007123,0.706007123
711,0.68181233,0.67281233,0.70681233,0.70581233,0.69181233,0.74181233,0.69381233,0.75081233,0.71581233,0.72881233
712,0.716413513,0.780413513,0.775413513,0.787413513,0.800413513,0.762413513,0.713413513,0.750413513,0.726413513,0.752413513
713,0.741133276,0.750133276,0.782133276,0.796133276,0.767133276,0.854133276,0.814133276,0.827133276,0.814133276,0.866133276
714,0.513183084,0.539183084,0.560183084,0.584183084,0.574183084,0.634183084,0.617183084,0.631183084,0.602183084,0.615183084
715,0.748243272,0.761243272,0.762243272,0.773243272,0.785243272,0.822243272,0.814243272,0.802243272,0.804243272,0.828243272
716,0.738966272,0.709966272,0.778966272,0.771966272,0.770966272,0.790966272,0.784966272,0.783966272,0.765966272,0.780966272
717,0.658515228,0.717515228,0.695515228,0.656515228,0.715515228,0.729515228,0.724515228,0.757515228,0.701515228,0.693515228
718,0.538486693,0.593486693,0.626486693,0.660486693,0.623486693,0.625486693,0.603486693,0.635486693,0.596486693,0.585486693
719,0.676688822,0.732688822,0.713688822,0.686688822,0.738688822,0.705688822,0.677688822,0.724688822,0.725688822,0.717688822
720,0.593381004,0.559381004,0.623381004,0.620381004,0.580381004,0.664381004,0.626381004,0.657381004,0.619381004,0.644381004
721,0.638554967,0.673554967,0.718554967,0.749554967,0.717554967,0.682554967,0.657554967,0.692554967,0.656554967,0.681554967
722,0.72902212,0.74902212,0.73202212,0.77802212,0.79302212,0.78802212,0.74302212,0.79502212,0.75802212,0.79102212
723,0.774185858,0.788185858,0.820185858,0.832185858,0.818185858,0.858185858,0.849185858,0.822185858,0.824185858,0.848185858
724,0.60050518,0.65650518,0.62950518,0.60150518,0.67150518,0.66450518,0.61250518,0.58950518,0.58750518,0.60250518
725,0.594464311,0.633464311,0.648464311,0.618464311,0.579464311,0.679464311,0.649464311,0.655464311,0.642464311,0.641464311
726,0.517558662,0.569558662,0.627558662,0.554558662,0.616558662,0.596558662,0.584558662,0.601558662,0.586558662,0.568558662
727,0.613564667,0.599564667,0.665564667,0.650564667,0.676564667,0.686564667,0.650564667,0.658564667,0.645564667,0.642564667
728,0.785367227,0.793367227,0.837367227,0.797367227,0.846367227,0.851367227,0.836367227,0.846367227,0.820367227,0.815367227
729,0.544320898,0.551320898,0.579320898,0.592320898,0.561320898,0.607320898,0.548320898,0.591320898,0.573320898,0.554320898
730,0.608070342,0.609070342,0.653070342,0.617070342,0.650070342,0.657070342,0.647070342,0.661070342,0.641070342,0.694070342
731,0.777745229,0.750745229,0.797745229,0.781745229,0.835745229,0.813745229,0.808745229,0.871745229,0.819745229,0.816745229
732,0.661542346,0.672542346,0.719542346,0.698542346,0.745542346,0.727542346,0.745542346,0.767542346,0.724542346,0.733542346
733,0.733096337,0.714096337,0.784096337,0.785096337,0.768096337,0.778096337,0.786096337,0.792096337,0.754096337,0.813096337
734,0.512680683,0.422680683,0.450680683,0.490680683,0.482680683,0.639680683,0.589680683,0.608680683,0.608680683,0.590680683
735,0.799523284,0.797523284,0.857523284,0.812523284,0.883523284,0.848523284,0.861523284,0.856523284,0.866523284,0.896523284
736,0.761334096,0.769334096,0.790334096,0.793334096,0.778334096,0.842334096,0.819334096,0.827334096,0.804334096,0.822334096
737,0.791901146,0.747901146,0.811901146,0.751901146,0.798901146,0.862901146,0.850901146,0.841901146,0.827901146,0.857901146
738,0.594745123,0.590745123,0.629745123,0.629745123,0.609745123,0.667745123,0.682745123,0.662745123,0.654745123,0.656745123
739,0.696649764,0.695649764,0.731649764,0.750649764,0.761649764,0.747649764,0.762649764,0.748649764,0.728649764,0.765649764
740,0.445852802,0.421852802,0.517852802,0.480852802,0.507852802,0.549852802,0.503852802,0.526852802,0.512852802,0.469852802
741,0.712876403,0.760876403,0.779876403,0.776876403,0.770876403,0.811876403,0.787876403,0.813876403,0.748876403,0.800876403
742,0.575147961,0.554147961,0.588147961,0.579147961,0.565147961,0.680147961,0.636147961,0.658147961,0.632147961,0.597147961
743,0.578439115,0.621439115,0.614439115,0.570439115,0.615439115,0.662439115,0.625439115,0.620439115,0.633439115,0.645439115
744,0.738748658,0.776748658,0.735748658,0.790748658,0.796748658,0.821748658,0.765748658,0.817748658,0.776748658,0.808748658
745,0.896277241,0.938277241,0.944277241,0.920277241,0.924277241,0.967277241,0.929277241,0.956277241,0.915277241,0.931277241
746,0.714449792,0.768449792,0.811449792,0.788449792,0.801449792,0.862449792,0.820449792,0.812449792,0.826449792,0.799449792
747,0.563963322,0.584963322,0.590963322,0.555963322,0.597963322,0.668963322,0.627963322,0.656963322,0.650963322,0.661963322
748,0.578867017,0.556867017,0.606867017,0.626867017,0.589867017,0.651867017,0.632867017,0.634867017,0.608867017,0.624867017
749,0.650300194,0.687300194,0.744300194,0.702300194,0.735300194,0.742300194,0.729300194,0.722300194,0.673300194,0.700300194
750,0.689062366,0.747062366,0.715062366,0.790062366,0.771062366,0.773062366,0.726062366,0.755062366,0.701062366,0.728062366
751,0.754971979,0.802971979,0.789971979,0.838971979,0.853971979,0.856971979,0.830971979,0.829971979,0.830971979,0.855971979
752,0.565685597,0.644685597,0.608685597,0.585685597,0.656685597,0.668685597,0.653685597,0.644685597,0.609685597,0.637685597
753,0.679778104,0.695778104,0.727778104,0.738778104,0.802778104,0.729778104,0.692778104,0.745778104,0.716778104,0.718778104
754,0.474859263,0.512859263,0.526859263,0.524859263,0.498859263,0.587859263,0.556859263,0.612859263,0.573859263,0.568859263
755,0.612573347,0.607573347,0.658573347,0.597573347,0.621573347,0.680573347,0.664573347,0.660573347,0.670573347,0.684573347
756,0.606168897,0.616168897,0.624168897,0.608168897,0.626168897,0.648168897,0.649168897,0.670168897,0.627168897,0.601168897
757,0.662147573,0.726147573,0.726147573,0.680147573,0.715147573,0.709147573,0.706147573,0.716147573,0.717147573,0.737147573
758,0.689769302,0.614769302,0.709769302,0.649769302,0.699769302,0.746769302,0.758769302,0.762769302,0.718769302,0.777769302
759,0.649250215,0.653250215,0.679250215,0.680250215,0.722250215,0.777250215,0.688250215,0.700250215,0.718250215,0.739250215
760,0.615682204,0.608682204,0.708682204,0.587682204,0.616682204,0.653682204,0.624682204,0.639682204,0.615682204,0.639682204
761,0.708559724,0.706559724,0.747559724,0.719559724,0.734559724,0.787559724,0.764559724,0.791559724,0.773559724,0.789559724
762,0.594064791,0.751064791,0.720064791,0.666064791,0.708064791,0.677064791,0.682064791,0.699064791,0.685064791,0.721064791
763,0.57646387,0.59146387,0.60746387,0.63046387,0.61146387,0.64846387,0.62246387,0.60546387,0.63946387,0.62446387
764,0.5425732,0.6285732,0.6175732,0.5555732,0.5775732,0.6325732,0.5985732,0.6095732,0.5665732,0.5905732
765,0.748272036,0.826272036,0.791272036,0.797272036,0.784272036,0.796272036,0.797272036,0.802272036,0.781272036,0.833272036
766,0.627781597,0.615781597,0.691781597,0.596781597,0.710781597,0.713781597,0.699781597,0.706781597,0.704781597,0.697781597
767,0.779198534,0.863198534,0.845198534,0.800198534,0.872198534,0.811198534,0.772198534,0.817198534,0.819198534,0.834198534
768,0.690787105,0.789787105,0.844787105,0.776787105,0.795787105,0.806787105,0.778787105,0.776787105,0.745787105,0.772787105
769,0.703466597,0.781466597,0.754466597,0.756466597,0.737466597,0.790466597,0.769466597,0.774466597,0.780466597,0.773466597
770,0.701921816,0.735921816,0.713921816,0.722921816,0.750921816,0.760921816,0.747921816,0.772921816,0.748921816,0.776921816
771,0.708183518,0.699183518,0.731183518,0.768183518,0.784183518,0.793183518,0.742183518,0.778183518,0.758183518,0.773183518
772,0.600210642,0.599210642,0.636210642,0.653210642,0.648210642,0.650210642,0.609210642,0.646210642,0.612210642,0.612210642
773,0.750323478,0.777323478,0.817323478,0.830323478,0.798323478,0.854323478,0.851323478,0.844323478,0.843323478,0.839323478
774,0.688535676,0.682535676,0.690535676,0.672535676,0.703535676,0.722535676,0.694535676,0.788535676,0.742535676,0.767535676
775,0.555301788,0.564301788,0.582301788,0.559301788,0.601301788,0.596301788,0.569301788,0.585301788,0.608301788,0.597301788
776,0.730411665,0.755411665,0.781411665,0.773411665,0.773411665,0.816411665,0.788411665,0.784411665,0.805411665,0.787411665
777,0.679184723,0.652184723,0.693184723,0.678184723,0.753184723,0.780184723,0.698184723,0.729184723,0.722184723,0.740184723
778,0.467524535,0.501524535,0.542524535,0.540524535,0.551524535,0.547524535,0.522524535,0.557524535,0.535524535,0.565524535
779,0.689696471,0.673696471,0.686696471,0.710696471,0.720696471,0.754696471,0.745696471,0.769696471,0.738696471,0.742696471
780,0.57160232,0.60760232,0.62360232,0.57860232,0.61960232,0.66360232,0.63660232,0.62860232,0.64560232,0.62060232
781,0.592813323,0.604813323,0.602813323,0.608813323,0.602813323,0.639813323,0.625813323,0.621813323,0.613813323,0.610813323
782,0.603566746,0.632566746,0.616566746,0.635566746,0.657566746,0.670566746,0.622566746,0.665566746,0.652566746,0.679566746
783,0.554793565,0.527793565,0.579793565,0.567793565,0.599793565,0.592793565,0.565793565,0.584793565,0.617793565,0.606793565
784,0.785748706,0.847748706,0.823748706,0.813748706,0.900748706,0.830748706,0.836748706,0.851748706,0.822748706,0.822748706
785,0.573773831,0.605773831,0.591773831,0.622773831,0.633773831,0.676773831,0.639773831,0.638773831,0.635773831,0.666773831
786,0.604222572,0.658222572,0.643222572,0.625222572,0.667222572,0.686222572,0.640222572,0.675222572,0.645222572,0.662222572
787,0.701172415,0.757172415,0.753172415,0.719172415,0.785172415,0.777172415,0.736172415,0.784172415,0.767172415,0.778172415
788,0.638242002,0.712242002,0.731242002,0.712242002,0.756242002,0.700242002,0.683242002,0.679242002,0.681242002,0.682242002
789,0.50456751,0.53156751,0.56056751,0.54956751,0.59856751,0.56656751,0.56556751,0.57756751,0.53756751,0.59456751
790,0.619464239,0.667464239,0.698464239,0.640464239,0.651464239,0.675464239,0.630464239,0.674464239,0.647464239,0.633464239
791,0.78440081,0.78540081,0.78340081,0.75040081,0.77440081,0.82540081,0.86040081,0.86040081,0.82840081,0.86640081
792,0.731717121,0.774717121,0.727717121,0.751717121,0.795717121,0.837717121,0.824717121,0.829717121,0.796717121,0.814717121
793,0.796858681,0.855858681,0.845858681,0.803858681,0.877858681,0.889858681,0.850858681,0.878858681,0.842858681,0.860858681
794,0.693078812,0.709078812,0.735078812,0.711078812,0.716078812,0.769078812,0.730078812,0.722078812,0.773078812,0.768078812
795,0.834592863,0.836592863,0.858592863,0.850592863,0.892592863,0.914592863,0.864592863,0.884592863,0.889592863,0.907592863
796,0.71045082,0.75845082,0.76445082,0.78845082,0.82545082,0.76845082,0.75945082,0.72345082,0.73145082,0.77445082
797,0.599228212,0.648228212,0.693228212,0.639228212,0.657228212,0.699228212,0.643228212,0.629228212,0.654228212,0.674228212
798,0.729218107,0.731218107,0.776218107,0.802218107,0.799218107,0.794218107,0.784218107,0.790218107,0.770218107,0.779218107
799,0.658308954,0.667308954,0.688308954,0.653308954,0.655308954,0.697308954,0.674308954,0.669308954,0.666308954,0.684308954
800,0.704562357,0.844562357,0.819562357,0.788562357,0.809562357,0.770562357,0.756562357,0.777562357,0.755562357,0.738562357
801,0.546036612,0.585036612,0.575036612,0.572036612,0.597036612,0.609036612,0.569036612,0.591036612,0.587036612,0.558036612
802,0.613394599,0.648394599,0.717394599,0.658394599,0.685394599,0.724394599,0.684394599,0.713394599,0.698394599,0.666394599
803,0.632526871,0.618526871,0.688526871,0.682526871,0.717526871,0.725526871,0.695526871,0.707526871,0.719526871,0.685526871
804,0.568715251,0.644715251,0.652715251,0.666715251,0.677715251,0.684715251,0.667715251,0.668715251,0.669715251,0.716715251
805,0.539842998,0.534842998,0.551842998,0.566842998,0.575842998,0.622842998,0.620842998,0.621842998,0.596842998,0.616842998
806,0.713536487,0.722536487,0.772536487,0.738536487,0.734536487,0.777536487,0.732536487,0.742536487,0.726536487,0.760536487
807,0.804729682,0.857729682,0.904729682,0.834729682,0.894729682,0.864729682,0.832729682,0.859729682,0.818729682,0.841729682
808,0.650717201,0.679717201,0.701717201,0.703717201,0.697717201,0.706717201,0.717717201,0.672717201,0.669717201,0.704717201
809,0.574059178,0.548059178,0.645059178,0.620059178,0.641059178,0.657059178,0.648059178,0.682059178,0.606059178,0.672059178
810,0.747397326,0.786397326,0.814397326,0.757397326,0.841397326,0.819397326,0.810397326,0.841397326,0.824397326,0.818397326
811,0.766723815,0.797723815,0.830723815,0.822723815,0.840723815,0.829723815,0.813723815,0.819723815,0.817723815,0.853723815
812,0.617742855,0.670742855,0.695742855,0.662742855,0.691742855,0.672742855,0.655742855,0.651742855,0.644742855,0.656742855
813,0.585465401,0.599465401,0.602465401,0.561465401,0.603465401,0.644465401,0.603465401,0.643465401,0.609465401,0.645465401
814,0.827011465,0.791011465,0.857011465,0.821011465,0.802011465,0.919011465,0.871011465,0.882011465,0.850011465,0.895011465
815,0.606976845,0.604976845,0.633976845,0.641976845,0.642976845,0.682976845,0.666976845,0.667976845,0.651976845,0.656976845
816,0.593398823,0.589398823,0.611398823,0.624398823,0.671398823,0.604398823,0.575398823,0.613398823,0.598398823,0.616398823
817,0.83001952,0.84301952,0.84601952,0.84901952,0.85701952,0.89401952,0.90301952,0.91801952,0.86701952,0.91301952
818,0.772377772,0.796377772,0.808377772,0.768377772,0.765377772,0.841377772,0.775377772,0.818377772,0.775377772,0.830377772
819,0.604135698,0.640135698,0.648135698,0.693135698,0.647135698,0.649135698,0.640135698,0.665135698,0.635135698,0.626135698
820,0.660870371,0.644870371,0.681870371,0.629870371,0.680870371,0.745870371,0.781870371,0.758870371,0.761870371,0.732870371
821,0.611326887,0.623326887,0.664326887,0.672326887,0.672326887,0.687326887,0.657326887,0.671326887,0.648326887,0.654326887
822,0.657802117,0.731802117,0.712802117,0.721802117,0.736802117,0.737802117,0.736802117,0.736802117,0.728802117,0.754802117
823,0.547815439,0.522815439,0.612815439,0.575815439,0.541815439,0.661815439,0.604815439,0.630815439,0.610815439,0.656815439
824,0.514970557,0.561970557,0.619970557,0.552970557,0.569970557,0.577970557,0.528970557,0.560970557,0.566970557,0.561970557
825,0.65286056,0.71886056,0.70786056,0.70186056,0.71986056,0.75086056,0.72786056,0.72886056,0.71586056,0.69886056
826,0.723412919,0.710412919,0.771412919,0.751412919,0.782412919,0.758412919,0.740412919,0.738412919,0.720412919,0.761412919
827,0.680792586,0.697792586,0.716792586,0.730792586,0.725792586,0.745792586,0.727792586,0.729792586,0.722792586,0.736792586
828,0.752420163,0.792420163,0.764420163,0.771420163,0.799420163,0.862420163,0.806420163,0.842420163,0.798420163,0.841420163
829,0.642203925,0.700203925,0.680203925,0.652203925,0.692203925,0.740203925,0.657203925,0.690203925,0.652203925,0.705203925
830,0.610053957,0.569053957,0.620053957,0.571053957,0.587053957,0.679053957,0.663053957,0.671053957,0.643053957,0.682053957
831,0.684994137,0.702994137,0.768994137,0.759994137,0.753994137,0.744994137,0.702994137,0.742994137,0.679994137,0.723994137
832,0.545923662,0.551923662,0.589923662,0.533923662,0.585923662,0.607923662,0.591923662,0.613923662,0.558923662,0.615923662
833,0.533408374,0.567408374,0.582408374,0.552408374,0.631408374,0.619408374,0.577408374,0.553408374,0.566408374,0.589408374
834,0.655896603,0.705896603,0.724896603,0.736896603,0.738896603,0.687896603,0.677896603,0.691896603,0.698896603,0.690896603
835,0.801217128,0.782217128,0.842217128,0.814217128,0.812217128,0.885217128,0.862217128,0.930217128,0.860217128,0.899217128
836,0.701448993,0.765448993,0.785448993,0.814448993,0.775448993,0.818448993,0.778448993,0.775448993,0.778448993,0.773448993
837,0.634359802,0.739359802,0.746359802,0.678359802,0.763359802,0.726359802,0.665359802,0.696359802,0.662359802,0.677359802
838,0.63898705,0.66098705,0.64598705,0.65198705,0.70698705,0.73098705,0.69298705,0.73198705,0.69998705,0.69698705
839,0.676918955,0.671918955,0.698918955,0.693918955,0.759918955,0.714918955,0.695918955,0.715918955,0.692918955,0.746918955
840,0.690219511,0.690219511,0.750219511,0.720219511,0.762219511,0.755219511,0.735219511,0.737219511,0.737219511,0.777219511
841,0.463853095,0.469853095,0.510853095,0.497853095,0.536853095,0.540853095,0.496853095,0.550853095,0.506853095,0.512853095
842,0.726137206,0.728137206,0.734137206,0.767137206,0.760137206,0.763137206,0.753137206,0.745137206,0.770137206,0.784137206
843,0.614897974,0.650897974,0.711897974,0.633897974,0.647897974,0.665897974,0.639897974,0.667897974,0.619897974,0.646897974
844,0.612713247,0.680713247,0.661713247,0.655713247,0.717713247,0.737713247,0.683713247,0.698713247,0.677713247,0.706713247
845,0.851533963,0.845533963,0.871533963,0.865533963,0.919533963,0.922533963,0.890533963,0.923533963,0.902533963,0.925533963
846,0.654718024,0.656718024,0.770718024,0.711718024,0.707718024,0.733718024,0.691718024,0.674718024,0.703718024,0.682718024
847,0.476378941,0.498378941,0.542378941,0.520378941,0.545378941,0.575378941,0.526378941,0.569378941,0.513378941,0.539378941
848,0.67953271,0.76753271,0.73253271,0.71353271,0.76153271,0.72753271,0.68653271,0.67753271,0.69653271,0.74653271
849,0.598130673,0.575130673,0.623130673,0.622130673,0.640130673,0.718130673,0.661130673,0.666130673,0.665130673,0.676130673
850,0.626607212,0.654607212,0.706607212,0.675607212,0.665607212,0.708607212,0.687607212,0.699607212,0.688607212,0.672607212
851,0.504257145,0.501257145,0.551257145,0.529257145,0.555257145,0.579257145,0.566257145,0.536257145,0.550257145,0.594257145
852,0.729732019,0.761732019,0.742732019,0.811732019,0.731732019,0.833732019,0.802732019,0.825732019,0.793732019,0.848732019
853,0.636260468,0.646260468,0.638260468,0.619260468,0.637260468,0.753260468,0.726260468,0.712260468,0.705260468,0.714260468
854,0.548205903,0.605205903,0.600205903,0.585205903,0.596205903,0.594205903,0.593205903,0.610205903,0.597205903,0.586205903
855,0.71843467,0.77543467,0.79343467,0.74243467,0.78743467,0.78443467,0.77843467,0.76143467,0.79943467,0.80343467
856,0.783402064,0.811402064,0.877402064,0.781402064,0.840402064,0.876402064,0.829402064,0.870402064,0.853402064,0.850402064
857,0.761249324,0.741249324,0.813249324,0.782249324,0.776249324,0.866249324,0.797249324,0.848249324,0.828249324,0.867249324
858,0.615541904,0.650541904,0.697541904,0.670541904,0.718541904,0.679541904,0.692541904,0.683541904,0.695541904,0.699541904
859,0.63288952,0.64588952,0.69688952,0.66988952,0.71688952,0.69988952,0.70388952,0.71188952,0.67488952,0.67488952
860,0.543185255,0.575185255,0.583185255,0.587185255,0.653185255,0.611185255,0.573185255,0.570185255,0.573185255,0.596185255
861,0.618562926,0.641562926,0.689562926,0.649562926,0.722562926,0.682562926,0.669562926,0.664562926,0.675562926,0.702562926
862,0.451825413,0.466825413,0.513825413,0.505825413,0.507825413,0.509825413,0.475825413,0.515825413,0.472825413,0.488825413
863,0.585621983,0.535621983,0.631621983,0.552621983,0.581621983,0.680621983,0.653621983,0.657621983,0.608621983,0.679621983
864,0.535490126,0.543490126,0.562490126,0.532490126,0.531490126,0.602490126,0.580490126,0.584490126,0.590490126,0.600490126
865,0.892398225,0.850398225,0.961398225,0.912398225,0.969398225,0.942398225,0.917398225,0.899398225,0.885398225,0.932398225
866,0.762779032,0.788779032,0.854779032,0.841779032,0.837779032,0.861779032,0.840779032,0.833779032,0.812779032,0.831779032
867,0.882956112,0.906956112,0.928956112,0.915956112,0.887956112,0.981956112,0.972956112,0.938956112,0.972956112,0.982956112
868,0.665721469,0.674721469,0.753721469,0.652721469,0.711721469,0.749721469,0.709721469,0.684721469,0.699721469,0.690721469
869,0.628091491,0.640091491,0.648091491,0.662091491,0.670091491,0.708091491,0.686091491,0.712091491,0.704091491,0.669091491
870,0.662075383,0.636075383,0.705075383,0.661075383,0.668075383,0.689075383,0.669075383,0.707075383,0.672075383,0.641075383
871,0.563308389,0.556308389,0.586308389,0.579308389,0.548308389,0.647308389,0.652308389,0.662308389,0.673308389,0.657308389
872,0.747365477,0.815365477,0.859365477,0.787365477,0.811365477,0.802365477,0.794365477,0.786365477,0.808365477,0.804365477
873,0.654993927,0.706993927,0.723993927,0.728993927,0.801993927,0.744993927,0.724993927,0.759993927,0.723993927,0.712993927
874,0.695699889,0.687699889,0.707699889,0.711699889,0.693699889,0.772699889,0.751699889,0.761699889,0.763699889,0.784699889
875,0.408150744,0.464150744,0.489150744,0.471150744,0.526150744,0.474150744,0.475150744,0.491150744,0.452150744,0.481150744
876,0.875501034,0.924501034,0.924501034,0.946501034,0.922501034,0.979501034,0.959501034,0.992501034,0.964501034,0.959501034
877,0.629614102,0.619614102,0.651614102,0.683614102,0.739614102,0.723614102,0.685614102,0.693614102,0.669614102,0.723614102
878,0.626937281,0.589937281,0.643937281,0.610937281,0.611937281,0.690937281,0.713937281,0.698937281,0.672937281,0.691937281
879,0.488262872,0.514262872,0.499262872,0.501262872,0.532262872,0.561262872,0.536262872,0.548262872,0.509262872,0.561262872
880,0.698889114,0.735889114,0.774889114,0.698889114,0.768889114,0.740889114,0.730889114,0.721889114,0.711889114,0.770889114
881,0.541673704,0.591673704,0.632673704,0.621673704,0.667673704,0.647673704,0.612673704,0.627673704,0.606673704,0.636673704
882,0.672355755,0.590355755,0.628355755,0.662355755,0.681355755,0.765355755,0.713355755,0.742355755,0.709355755,0.750355755
883,0.463104778,0.471104778,0.482104778,0.511104778,0.479104778,0.581104778,0.515104778,0.546104778,0.549104778,0.529104778
884,0.530421943,0.539421943,0.549421943,0.558421943,0.573421943,0.600421943,0.565421943,0.577421943,0.564421943,0.572421943
885,0.557739295,0.538739295,0.568739295,0.550739295,0.562739295,0.670739295,0.622739295,0.641739295,0.626739295,0.666739295
886,0.624121217,0.645121217,0.672121217,0.642121217,0.711121217,0.698121217,0.683121217,0.695121217,0.656121217,0.722121217
887,0.636553811,0.557553811,0.631553811,0.621553811,0.668553811,0.712553811,0.683553811,0.724553811,0.710553811,0.733553811
888,0.715994439,0.772994439,0.781994439,0.788994439,0.802994439,0.777994439,0.754994439,0.793994439,0.751994439,0.778994439
889,0.85384259,0.86184259,0.90384259,0.93484259,0.87884259,0.97184259,0.90184259,0.92884259,0.90684259,0.96484259
890,0.696632212,0.670632212,0.692632212,0.696632212,0.740632212,0.794632212,0.770632212,0.806632212,0.760632212,0.777632212
891,0.75358387,0.82058387,0.80558387,0.86258387,0.84758387,0.80258387,0.79558387,0.79458387,0.79558387,0.82058387
892,0.581119248,0.639119248,0.649119248,0.639119248,0.628119248,0.684119248,0.644119248,0.625119248,0.627119248,0.624119248
893,0.738545721,0.693545721,0.674545721,0.721545721,0.732545721,0.791545721,0.762545721,0.769545721,0.756545721,0.776545721
894,0.569690547,0.555690547,0.643690547,0.640690547,0.647690547,0.628690547,0.612690547,0.616690547,0.618690547,0.608690547
895,0.706972287,0.799972287,0.825972287,0.793972287,0.783972287,0.788972287,0.768972287,0.775972287,0.754972287,0.767972287
896,0.625684173,0.646684173,0.680684173,0.705684173,0.715684173,0.684684173,0.643684173,0.676684173,0.643684173,0.662684173
897,0.779099558,0.835099558,0.812099558,0.807099558,0.878099558,0.848099558,0.842099558,0.880099558,0.857099558,0.858099558
898,0.53835003,0.55935003,0.54535003,0.55735003,0.63535003,0.59135003,0.58635003,0.57035003,0.57235003,0.57935003
899,0.751691946,0.793691946,0.811691946,0.831691946,0.823691946,0.826691946,0.775691946,0.796691946,0.779691946,0.782691946
900,0.497007546,0.562007546,0.537007546,0.527007546,0.565007546,0.561007546,0.548007546,0.573007546,0.549007546,0.578007546
901,0.544543411,0.580543411,0.584543411,0.561543411,0.589543411,0.611543411,0.566543411,0.554543411,0.580543411,0.574543411
902,0.748052137,0.715052137,0.757052137,0.789052137,0.803052137,0.807052137,0.757052137,0.771052137,0.745052137,0.783052137
903,0.811849413,0.804849413,0.860849413,0.834849413,0.830849413,0.894849413,0.875849413,0.895849413,0.859849413,0.881849413
904,0.843773929,0.845773929,0.857773929,0.845773929,0.873773929,0.958773929,0.929773929,0.916773929,0.942773929,0.950773929
905,0.792958393,0.804958393,0.805958393,0.817958393,0.807958393,0.875958393,0.834958393,0.887958393,0.845958393,0.837958393
906,0.648125399,0.699125399,0.732125399,0.669125399,0.767125399,0.699125399,0.693125399,0.719125399,0.706125399,0.717125399
907,0.611913317,0.617913317,0.591913317,0.589913317,0.594913317,0.698913317,0.675913317,0.676913317,0.659913317,0.648913317
908,0.543665902,0.523665902,0.555665902,0.531665902,0.574665902,0.579665902,0.559665902,0.590665902,0.545665902,0.526665902
909,0.72871928,0.68271928,0.75171928,0.71371928,0.72271928,0.75871928,0.78871928,0.79771928,0.72171928,0.77371928
910,0.723350945,0.729350945,0.752350945,0.692350945,0.747350945,0.790350945,0.784350945,0.814350945,0.783350945,0.767350945
911,0.728386782,0.723386782,0.746386782,0.755386782,0.740386782,0.776386782,0.767386782,0.816386782,0.762386782,0.789386782
912,0.604156206,0.652156206,0.635156206,0.620156206,0.625156206,0.657156206,0.637156206,0.644156206,0.643156206,0.682156206
913,0.73967774,0.84067774,0.85667774,0.80967774,0.83967774,0.79767774,0.77867774,0.80767774,0.80667774,0.77667774
914,0.663240744,0.730240744,0.724240744,0.693240744,0.731240744,0.715240744,0.706240744,0.747240744,0.744240744,0.724240744
915,0.688286846,0.700286846,0.684286846,0.667286846,0.690286846,0.712286846,0.756286846,0.752286846,0.724286846,0.764286846
916,0.766513406,0.770513406,0.791513406,0.804513406,0.851513406,0.885513406,0.846513406,0.883513406,0.847513406,0.887513406
917,0.531285678,0.547285678,0.594285678,0.527285678,0.570285678,0.632285678,0.560285678,0.594285678,0.613285678,0.601285678
918,0.648195779,0.700195779,0.689195779,0.693195779,0.732195779,0.724195779,0.704195779,0.710195779,0.701195779,0.710195779
919,0.685411472,0.718411472,0.749411472,0.707411472,0.727411472,0.738411472,0.764411472,0.736411472,0.719411472,0.710411472
920,0.64338019,0.68238019,0.64438019,0.70838019,0.71638019,0.72738019,0.71438019,0.72638019,0.66338019,0.71538019
921,0.592297504,0.559297504,0.594297504,0.626297504,0.601297504,0.614297504,0.610297504,0.667297504,0.590297504,0.618297504
922,0.648740904,0.742740904,0.741740904,0.714740904,0.735740904,0.740740904,0.697740904,0.715740904,0.683740904,0.699740904
923,0.744966526,0.838966526,0.781966526,0.811966526,0.856966526,0.839966526,0.838966526,0.856966526,0.829966526,0.854966526
924,0.694987553,0.718987553,0.750987553,0.792987553,0.768987553,0.794987553,0.752987553,0.758987553,0.751987553,0.786987553
925,0.684653255,0.722653255,0.743653255,0.699653255,0.754653255,0.773653255,0.759653255,0.760653255,0.767653255,0.736653255
926,0.509567469,0.562567469,0.587567469,0.544567469,0.636567469,0.583567469,0.577567469,0.577567469,0.571567469,0.592567469
927,0.536506915,0.591506915,0.617506915,0.650506915,0.637506915,0.623506915,0.608506915,0.587506915,0.588506915,0.580506915
928,0.835161029,0.786161029,0.814161029,0.796161029,0.851161029,0.928161029,0.900161029,0.929161029,0.896161029,0.929161029
929,0.652300481,0.631300481,0.631300481,0.689300481,0.685300481,0.734300481,0.693300481,0.680300481,0.694300481,0.735300481
930,0.641551894,0.659551894,0.673551894,0.659551894,0.673551894,0.744551894,0.707551894,0.691551894,0.717551894,0.718551894
931,0.58715038,0.58115038,0.62315038,0.59215038,0.68515038,0.67615038,0.64315038,0.63815038,0.62515038,0.63215038
932,0.72003305,0.77303305,0.77003305,0.78103305,0.78103305,0.80703305,0.78703305,0.78703305,0.78103305,0.78403305
933,0.751842908,0.752842908,0.775842908,0.795842908,0.760842908,0.800842908,0.787842908,0.815842908,0.804842908,0.843842908
934,0.700031569,0.721031569,0.714031569,0.719031569,0.768031569,0.788031569,0.766031569,0.762031569,0.749031569,0.783031569
935,0.663206409,0.682206409,0.722206409,0.714206409,0.776206409,0.726206409,0.697206409,0.706206409,0.716206409,0.726206409
936,0.49681186,0.56781186,0.55681186,0.53881186,0.56281186,0.58181186,0.56881186,0.53381186,0.54881186,0.54981186
937,0.606817269,0.689817269,0.733817269,0.696817269,0.700817269,0.697817269,0.684817269,0.658817269,0.664817269,0.625817269
938,0.726567798,0.752567798,0.785567798,0.777567798,0.793567798,0.786567798,0.752567798,0.769567798,0.780567798,0.819567798
939,0.51447508,0.51947508,0.55847508,0.55047508,0.51947508,0.62247508,0.58147508,0.56947508,0.56547508,0.58547508
940,0.647011139,0.687011139,0.723011139,0.727011139,0.756011139,0.710011139,0.707011139,0.732011139,0.708011139,0.733011139
941,0.825210195,0.847210195,0.902210195,0.836210195,0.879210195,0.882210195,0.879210195,0.892210195,0.881210195,0.894210195
942,0.816970885,0.844970885,0.849970885,0.808970885,0.866970885,0.914970885,0.857970885,0.899970885,0.882970885,0.935970885
943,0.736614217,0.723614217,0.782614217,0.756614217,0.769614217,0.830614217,0.815614217,0.814614217,0.800614217,0.783614217
944,0.831921078,0.863921078,0.878921078,0.902921078,0.880921078,0.914921078,0.851921078,0.900921078,0.866921078,0.881921078
945,0.48644877,0.55844877,0.61944877,0.58344877,0.60044877,0.54344877,0.54844877,0.52944877,0.52244877,0.54744877
946,0.673496207,0.699496207,0.764496207,0.740496207,0.763496207,0.748496207,0.709496207,0.720496207,0.707496207,0.711496207
947,0.734802578,0.740802578,0.803802578,0.784802578,0.793802578,0.784802578,0.772802578,0.782802578,0.750802578,0.782802578
948,0.61433106,0.61133106,0.66933106,0.61833106,0.68233106,0.68033106,0.69633106,0.66433106,0.69033106,0.66633106
949,0.599208038,0.631208038,0.686208038,0.640208038,0.674208038,0.708208038,0.656208038,0.651208038,0.683208038,0.675208038
950,0.486569144,0.497569144,0.594569144,0.558569144,0.513569144,0.599569144,0.555569144,0.588569144,0.565569144,0.580569144
951,0.736550645,0.782550645,0.806550645,0.754550645,0.882550645,0.834550645,0.791550645,0.828550645,0.799550645,0.801550645
952,0.629677078,0.624677078,0.626677078,0.628677078,0.657677078,0.749677078,0.690677078,0.688677078,0.709677078,0.701677078
953,0.589261685,0.608261685,0.649261685,0.616261685,0.633261685,0.656261685,0.629261685,0.630261685,0.620261685,0.662261685
954,0.594454371,0.620454371,0.577454371,0.600454371,0.616454371,0.687454371,0.651454371,0.663454371,0.638454371,0.652454371
955,0.624246168,0.671246168,0.701246168,0.714246168,0.730246168,0.647246168,0.642246168,0.632246168,0.630246168,0.640246168
956,0.629472042,0.631472042,0.648472042,0.624472042,0.632472042,0.668472042,0.676472042,0.671472042,0.639472042,0.675472042
957,0.555436314,0.619436314,0.622436314,0.651436314,0.650436314,0.663436314,0.621436314,0.644436314,0.618436314,0.632436314
958,0.588913603,0.591913603,0.629913603,0.648913603,0.599913603,0.681913603,0.649913603,0.690913603,0.671913603,0.614913603
959,0.634661429,0.619661429,0.678661429,0.650661429,0.707661429,0.709661429,0.694661429,0.646661429,0.688661429,0.687661429
960,0.673319084,0.730319084,0.717319084,0.728319084,0.722319084,0.746319084,0.740319084,0.769319084,0.741319084,0.743319084
961,0.665349798,0.687349798,0.742349798,0.689349798,0.686349798,0.714349798,0.727349798,0.725349798,0.708349798,0.750349798
962,0.637727119,0.695727119,0.709727119,0.723727119,0.672727119,0.709727119,0.705727119,0.676727119,0.659727119,0.682727119
963,0.951408017,0.989408017,1.019408017,0.984408017,0.954408017,1.024408017,1.012408017,1.005408017,1.023408017,1.042408017
964,0.765539267,0.822539267,0.836539267,0.776539267,0.842539267,0.826539267,0.826539267,0.819539267,0.787539267,0.816539267
965,0.652415098,0.763415098,0.790415098,0.765415098,0.730415098,0.728415098,0.704415098,0.665415098,0.684415098,0.741415098
966,0.607932308,0.626932308,0.665932308,0.665932308,0.709932308,0.656932308,0.625932308,0.626932308,0.634932308,0.647932308
967,0.629977704,0.690977704,0.668977704,0.704977704,0.686977704,0.709977704,0.668977704,0.661977704,0.677977704,0.707977704
968,0.647435848,0.688435848,0.727435848,0.716435848,0.706435848,0.721435848,0.719435848,0.717435848,0.705435848,0.710435848
969,0.414377726,0.442377726,0.450377726,0.437377726,0.387377726,0.473377726,0.469377726,0.511377726,0.450377726,0.477377726
970,0.523166327,0.537166327,0.500166327,0.504166327,0.556166327,0.610166327,0.596166327,0.600166327,0.576166327,0.608166327
971,0.670104316,0.734104316,0.735104316,0.755104316,0.750104316,0.779104316,0.742104316,0.724104316,0.746104316,0.760104316
972,0.50758102,0.48458102,0.52358102,0.49258102,0.53858102,0.58958102,0.59658102,0.55358102,0.57458102,0.52658102
973,0.525249717,0.558249717,0.608249717,0.546249717,0.563249717,0.596249717,0.552249717,0.615249717,0.577249717,0.596249717
974,0.611663617,0.660663617,0.640663617,0.675663617,0.716663617,0.697663617,0.698663617,0.703663617,0.687663617,0.705663617
975,0.706356402,0.776356402,0.776356402,0.747356402,0.782356402,0.815356402,0.767356402,0.779356402,0.787356402,0.780356402
976,0.484243384,0.502243384,0.568243384,0.558243384,0.525243384,0.598243384,0.569243384,0.561243384,0.553243384,0.578243384
977,0.714851931,0.732851931,0.716851931,0.720851931,0.731851931,0.822851931,0.783851931,0.784851931,0.739851931,0.755851931
978,0.573050379,0.624050379,0.687050379,0.662050379,0.600050379,0.651050379,0.642050379,0.664050379,0.642050379,0.654050379
979,0.555547395,0.551547395,0.634547395,0.580547395,0.631547395,0.590547395,0.590547395,0.572547395,0.591547395,0.601547395
980,0.666854646,0.781854646,0.729854646,0.738854646,0.757854646,0.731854646,0.700854646,0.702854646,0.674854646,0.713854646
981,0.598423827,0.623423827,0.665423827,0.655423827,0.619423827,0.638423827,0.657423827,0.648423827,0.629423827,0.639423827
982,0.655892644,0.696892644,0.705892644,0.715892644,0.746892644,0.729892644,0.719892644,0.739892644,0.719892644,0.697892644
983,0.554198485,0.624198485,0.614198485,0.646198485,0.639198485,0.631198485,0.616198485,0.635198485,0.632198485,0.647198485
984,0.709457809,0.738457809,0.734457809,0.765457809,0.799457809,0.784457809,0.758457809,0.762457809,0.759457809,0.748457809
985,0.882228124,0.942228124,0.948228124,0.970228124,0.949228124,0.925228124,0.924228124,0.958228124,0.919228124,0.919228124
986,0.620351205,0.657351205,0.713351205,0.728351205,0.688351205,0.723351205,0.675351205,0.703351205,0.680351205,0.717351205
987,0.600179894,0.673179894,0.659179894,0.619179894,0.724179894,0.668179894,0.640179894,0.653179894,0.645179894,0.623179894
988,0.809642734,0.815642734,0.894642734,0.865642734,0.846642734,0.882642734,0.857642734,0.855642734,0.810642734,0.896642734
989,0.847318045,0.825318045,0.899318045,0.930318045,0.889318045,0.892318045,0.882318045,0.905318045,0.884318045,0.916318045
990,0.739910496,0.783910496,0.799910496,0.802910496,0.807910496,0.798910496,0.802910496,0.825910496,0.779910496,0.776910496
991,0.53983545,0.58983545,0.60283545,0.62583545,0.63283545,0.58983545,0.58883545,0.58383545,0.58483545,0.58283545
992,0.697372339,0.732372339,0.760372339,0.730372339,0.782372339,0.734372339,0.759372339,0.744372339,0.735372339,0.757372339
993,0.694372359,0.712372359,0.736372359,0.724372359,0.723372359,0.729372359,0.750372359,0.767372359,0.740372359,0.744372359
994,0.757423401,0.774423401,0.773423401,0.809423401,0.831423401,0.824423401,0.809423401,0.808423401,0.799423401,0.834423401
995,0.675162223,0.711162223,0.748162223,0.731162223,0.780162223,0.756162223,0.751162223,0.751162223,0.736162223,0.785162223
996,0.66731285,0.69031285,0.71731285,0.67731285,0.68931285,0.72331285,0.71931285,0.75831285,0.70231285,0.72831285
997,0.680356295,0.654356295,0.692356295,0.752356295,0.735356295,0.776356295,0.730356295,0.764356295,0.726356295,0.763356295
998,0.656698368,0.675698368,0.793698368,0.745698368,0.776698368,0.709698368,0.738698368,0.734698368,0.721698368,0.756698368
999,0.629899739,0.685899739,0.693899739,0.730899739,0.743899739,0.712899739,0.712899739,0.695899739,0.684899739,0.699899739
1000,0.487614278,0.487614278,0.574614278,0.529614278,0.510614278,0.543614278,0.554614278,0.546614278,0.529614278,0.550614278
1001,0.78446884,0.85546884,0.84046884,0.84046884,0.86046884,0.83746884,0.83246884,0.81546884,0.79546884,0.83446884
1002,0.595269062,0.618269062,0.611269062,0.559269062,0.660269062,0.683269062,0.653269062,0.684269062,0.652269062,0.679269062
1003,0.786522443,0.806522443,0.793522443,0.748522443,0.780522443,0.862522443,0.814522443,0.866522443,0.883522443,0.865522443
1004,0.696339255,0.699339255,0.729339255,0.735339255,0.795339255,0.763339255,0.731339255,0.720339255,0.742339255,0.744339255
1005,0.663802756,0.689802756,0.766802756,0.701802756,0.739802756,0.718802756,0.742802756,0.755802756,0.724802756,0.773802756
1006,0.56755625,0.62155625,0.60555625,0.61855625,0.63255625,0.68255625,0.65355625,0.65055625,0.62655625,0.63755625
1007,0.594776304,0.608776304,0.666776304,0.619776304,0.642776304,0.688776304,0.652776304,0.675776304,0.660776304,0.654776304
1008,0.793637803,0.823637803,0.834637803,0.810637803,0.885637803,0.881637803,0.844637803,0.859637803,0.808637803,0.891637803
1009,0.544865301,0.601865301,0.642865301,0.602865301,0.664865301,0.650865301,0.602865301,0.619865301,0.584865301,0.601865301
1010,0.652723734,0.644723734,0.712723734,0.700723734,0.766723734,0.730723734,0.695723734,0.697723734,0.661723734,0.689723734
1011,0.600249785,0.549249785,0.610249785,0.609249785,0.608249785,0.738249785,0.644249785,0.677249785,0.643249785,0.653249785
1012,0.778408363,0.818408363,0.846408363,0.870408363,0.855408363,0.879408363,0.818408363,0.849408363,0.826408363,0.849408363
1013,0.566647502,0.565647502,0.627647502,0.587647502,0.604647502,0.648647502,0.608647502,0.623647502,0.616647502,0.628647502
1014,0.736673349,0.807673349,0.803673349,0.769673349,0.809673349,0.792673349,0.774673349,0.757673349,0.780673349,0.745673349
1015,0.595267449,0.618267449,0.600267449,0.605267449,0.614267449,0.635267449,0.611267449,0.599267449,0.588267449,0.622267449
1016,0.858946332,0.798946332,0.855946332,0.901946332,0.860946332,0.912946332,0.875946332,0.879946332,0.890946332,0.849946332
1017,0.642035033,0.734035033,0.678035033,0.697035033,0.709035033,0.718035033,0.704035033,0.715035033,0.686035033,0.697035033
1018,0.839761322,0.840761322,0.907761322,0.863761322,0.893761322,0.910761322,0.909761322,0.929761322,0.894761322,0.916761322
1019,0.573429397,0.585429397,0.638429397,0.634429397,0.634429397,0.643429397,0.569429397,0.582429397,0.590429397,0.635429397
1020,0.600251041,0.588251041,0.602251041,0.622251041,0.619251041,0.661251041,0.639251041,0.662251041,0.650251041,0.643251041
1021,0.631958629,0.700958629,0.698958629,0.641958629,0.671958629,0.714958629,0.694958629,0.705958629,0.689958629,0.695958629
1022,0.60464601,0.62264601,0.65664601,0.65564601,0.65564601,0.68764601,0.66264601,0.67564601,0.66764601,0.65464601
1023,0.877777192,0.900777192,0.936777192,0.918777192,0.946777192,0.923777192,0.900777192,0.919777192,0.934777192,0.953777192
1024,0.703148812,0.774148812,0.742148812,0.741148812,0.725148812,0.824148812,0.743148812,0.748148812,0.743148812,0.773148812
1025,0.661390933,0.651390933,0.713390933,0.680390933,0.706390933,0.685390933,0.711390933,0.702390933,0.692390933,0.740390933
1026,0.508198824,0.525198824,0.601198824,0.564198824,0.608198824,0.568198824,0.551198824,0.578198824,0.566198824,0.601198824
1027,0.556172839,0.568172839,0.637172839,0.590172839,0.601172839,0.640172839,0.627172839,0.683172839,0.635172839,0.641172839
1028,0.668627973,0.757627973,0.723627973,0.702627973,0.747627973,0.728627973,0.703627973,0.707627973,0.728627973,0.725627973
1029,0.602236337,0.658236337,0.666236337,0.667236337,0.660236337,0.732236337,0.673236337,0.650236337,0.643236337,0.648236337
1030,0.650071295,0.673071295,0.725071295,0.690071295,0.695071295,0.732071295,0.700071295,0.709071295,0.675071295,0.668071295
1031,0.720248459,0.703248459,0.761248459,0.700248459,0.765248459,0.812248459,0.759248459,0.779248459,0.750248459,0.753248459
1032,0.665453339,0.646453339,0.653453339,0.650453339,0.668453339,0.749453339,0.702453339,0.725453339,0.689453339,0.779453339
1033,0.673463204,0.712463204,0.715463204,0.742463204,0.765463204,0.750463204,0.703463204,0.726463204,0.695463204,0.698463204
1034,0.562326385,0.598326385,0.607326385,0.606326385,0.609326385,0.682326385,0.640326385,0.627326385,0.617326385,0.629326385
1035,0.573437119,0.559437119,0.585437119,0.611437119,0.586437119,0.660437119,0.606437119,0.573437119,0.627437119,0.638437119
1036,0.590916213,0.659916213,0.597916213,0.610916213,0.613916213,0.643916213,0.617916213,0.657916213,0.625916213,0.659916213
1037,0.724628976,0.778628976,0.796628976,0.787628976,0.804628976,0.867628976,0.787628976,0.800628976,0.814628976,0.801628976
1038,0.606733326,0.576733326,0.701733326,0.647733326,0.658733326,0.685733326,0.671733326,0.705733326,0.675733326,0.636733326
1039,0.768650645,0.755650645,0.819650645,0.828650645,0.811650645,0.829650645,0.850650645,0.856650645,0.841650645,0.845650645
1040,0.794665171,0.826665171,0.868665171,0.828665171,0.852665171,0.894665171,0.876665171,0.861665171,0.880665171,0.866665171
1041,0.586204901,0.628204901,0.649204901,0.648204901,0.666204901,0.667204901,0.591204901,0.660204901,0.611204901,0.666204901
1042,0.627345001,0.654345001,0.684345001,0.646345001,0.637345001,0.696345001,0.654345001,0.660345001,0.675345001,0.681345001
1043,0.826777932,0.953777932,0.949777932,0.929777932,0.891777932,0.860777932,0.834777932,0.834777932,0.814777932,0.852777932
1044,0.717750979,0.733750979,0.792750979,0.827750979,0.724750979,0.803750979,0.790750979,0.829750979,0.778750979,0.791750979
1045,0.563419185,0.541419185,0.533419185,0.579419185,0.603419185,0.602419185,0.582419185,0.610419185,0.577419185,0.601419185
1046,0.705061286,0.735061286,0.770061286,0.707061286,0.760061286,0.797061286,0.765061286,0.785061286,0.788061286,0.786061286
1047,0.582129696,0.700129696,0.675129696,0.654129696,0.667129696,0.668129696,0.633129696,0.650129696,0.612129696,0.605129696
1048,0.683036857,0.690036857,0.643036857,0.617036857,0.649036857,0.742036857,0.745036857,0.738036857,0.712036857,0.765036857
1049,0.606960761,0.659960761,0.636960761,0.678960761,0.725960761,0.690960761,0.648960761,0.666960761,0.628960761,0.645960761
1050,0.643056993,0.646056993,0.635056993,0.619056993,0.681056993,0.732056993,0.713056993,0.754056993,0.726056993,0.724056993
1051,0.721127533,0.748127533,0.744127533,0.752127533,0.762127533,0.775127533,0.767127533,0.800127533,0.749127533,0.786127533
1052,0.759117781,0.794117781,0.782117781,0.754117781,0.776117781,0.834117781,0.825117781,0.824117781,0.826117781,0.833117781
1053,0.701994281,0.732994281,0.725994281,0.756994281,0.785994281,0.751994281,0.716994281,0.756994281,0.729994281,0.755994281
1054,0.692427788,0.739427788,0.699427788,0.749427788,0.771427788,0.759427788,0.703427788,0.739427788,0.738427788,0.731427788
1055,0.507089533,0.554089533,0.561089533,0.546089533,0.564089533,0.554089533,0.535089533,0.551089533,0.562089533,0.561089533
1056,0.611555182,0.605555182,0.625555182,0.627555182,0.598555182,0.724555182,0.684555182,0.658555182,0.678555182,0.675555182
1057,0.732482734,0.758482734,0.777482734,0.738482734,0.821482734,0.874482734,0.784482734,0.798482734,0.796482734,0.833482734
1058,0.547733166,0.634733166,0.635733166,0.618733166,0.639733166,0.626733166,0.601733166,0.658733166,0.634733166,0.648733166
1059,0.617354918,0.646354918,0.641354918,0.589354918,0.618354918,0.705354918,0.664354918,0.681354918,0.666354918,0.661354918
1060,0.676795656,0.665795656,0.728795656,0.687795656,0.715795656,0.748795656,0.701795656,0.722795656,0.704795656,0.719795656
1061,0.708598182,0.791598182,0.733598182,0.732598182,0.731598182,0.776598182,0.756598182,0.761598182,0.758598182,0.777598182
1062,0.661950456,0.763950456,0.771950456,0.720950456,0.756950456,0.695950456,0.653950456,0.679950456,0.700950456,0.729950456
1063,0.742661884,0.739661884,0.832661884,0.704661884,0.780661884,0.875661884,0.822661884,0.872661884,0.832661884,0.835661884
1064,0.48872892,0.51572892,0.56772892,0.58372892,0.55572892,0.58672892,0.57072892,0.55072892,0.55272892,0.59572892
1065,0.639257905,0.661257905,0.705257905,0.675257905,0.639257905,0.679257905,0.678257905,0.703257905,0.664257905,0.719257905
1066,0.648896615,0.652896615,0.731896615,0.675896615,0.729896615,0.701896615,0.684896615,0.690896615,0.678896615,0.688896615
1067,0.807195988,0.841195988,0.831195988,0.847195988,0.826195988,0.898195988,0.886195988,0.874195988,0.871195988,0.858195988
1068,0.795688427,0.799688427,0.893688427,0.841688427,0.905688427,0.878688427,0.850688427,0.854688427,0.858688427,0.887688427
1069,0.522507647,0.554507647,0.618507647,0.570507647,0.581507647,0.649507647,0.611507647,0.621507647,0.582507647,0.630507647
1070,0.651260982,0.699260982,0.761260982,0.703260982,0.712260982,0.686260982,0.696260982,0.686260982,0.679260982,0.700260982
1071,0.636754136,0.677754136,0.686754136,0.672754136,0.708754136,0.756754136,0.699754136,0.685754136,0.707754136,0.704754136
1072,0.611882473,0.624882473,0.645882473,0.620882473,0.662882473,0.687882473,0.653882473,0.704882473,0.691882473,0.693882473
1073,0.882441489,0.928441489,0.927441489,0.912441489,0.893441489,0.973441489,0.929441489,0.949441489,0.957441489,0.952441489
1074,0.630970286,0.656970286,0.661970286,0.638970286,0.671970286,0.684970286,0.693970286,0.686970286,0.664970286,0.701970286
1075,0.658682664,0.664682664,0.746682664,0.707682664,0.670682664,0.763682664,0.744682664,0.749682664,0.745682664,0.769682664
1076,0.855539429,0.871539429,0.863539429,0.850539429,0.931539429,0.944539429,0.939539429,0.929539429,0.924539429,0.900539429
1077,0.61980542,0.62380542,0.65580542,0.65580542,0.64980542,0.67780542,0.61980542,0.68380542,0.62480542,0.63380542
1078,0.572684163,0.629684163,0.598684163,0.649684163,0.739684163,0.658684163,0.620684163,0.664684163,0.621684163,0.656684163
1079,0.706293697,0.736293697,0.792293697,0.718293697,0.782293697,0.808293697,0.779293697,0.787293697,0.762293697,0.785293697
1080,0.825544129,0.786544129,0.876544129,0.849544129,0.872544129,0.904544129,0.886544129,0.867544129,0.888544129,0.909544129
1081,0.661045914,0.623045914,0.668045914,0.660045914,0.700045914,0.736045914,0.690045914,0.721045914,0.666045914,0.719045914
1082,0.787369488,0.812369488,0.881369488,0.877369488,0.877369488,0.839369488,0.836369488,0.854369488,0.815369488,0.829369488
1083,0.668834705,0.702834705,0.695834705,0.684834705,0.689834705,0.725834705,0.718834705,0.727834705,0.718834705,0.715834705
1084,0.736059227,0.726059227,0.741059227,0.784059227,0.773059227,0.817059227,0.783059227,0.809059227,0.783059227,0.785059227
1085,0.687701739,0.728701739,0.755701739,0.738701739,0.721701739,0.722701739,0.707701739,0.738701739,0.725701739,0.744701739
1086,0.661205073,0.673205073,0.692205073,0.704205073,0.658205073,0.795205073,0.764205073,0.738205073,0.736205073,0.735205073
1087,0.58977451,0.64977451,0.66477451,0.67677451,0.65377451,0.67077451,0.65777451,0.61477451,0.62677451,0.64577451
1088,0.596742636,0.594742636,0.667742636,0.687742636,0.717742636,0.615742636,0.595742636,0.634742636,0.601742636,0.645742636
1089,0.722937499,0.687937499,0.764937499,0.689937499,0.760937499,0.783937499,0.760937499,0.771937499,0.789937499,0.789937499
1090,0.644799432,0.680799432,0.709799432,0.664799432,0.711799432,0.715799432,0.711799432,0.701799432,0.690799432,0.751799432
1091,0.501346559,0.482346559,0.505346559,0.519346559,0.567346559,0.563346559,0.532346559,0.557346559,0.541346559,0.559346559
1092,0.677171861,0.698171861,0.791171861,0.695171861,0.715171861,0.784171861,0.745171861,0.725171861,0.730171861,0.744171861
1093,0.565982025,0.568982025,0.606982025,0.547982025,0.616982025,0.646982025,0.660982025,0.638982025,0.604982025,0.674982025
1094,0.756064041,0.732064041,0.734064041,0.741064041,0.777064041,0.843064041,0.808064041,0.822064041,0.827064041,0.834064041
1095,0.509405174,0.548405174,0.597405174,0.576405174,0.634405174,0.588405174,0.572405174,0.553405174,0.544405174,0.600405174
1096,0.619708397,0.595708397,0.653708397,0.626708397,0.677708397,0.675708397,0.644708397,0.668708397,0.650708397,0.664708397
1097,0.633978173,0.621978173,0.660978173,0.624978173,0.701978173,0.705978173,0.706978173,0.697978173,0.714978173,0.699978173
1098,0.676566931,0.699566931,0.728566931,0.722566931,0.727566931,0.757566931,0.715566931,0.753566931,0.741566931,0.748566931
1099,0.594802688,0.639802688,0.664802688,0.650802688,0.623802688,0.738802688,0.707802688,0.696802688,0.657802688,0.690802688
1100,0.622190978,0.678190978,0.676190978,0.697190978,0.659190978,0.713190978,0.681190978,0.706190978,0.671190978,0.708190978
1101,0.739963929,0.834963929,0.850963929,0.779963929,0.804963929,0.789963929,0.802963929,0.822963929,0.782963929,0.813963929
1102,0.66564432,0.70164432,0.71464432,0.70364432,0.72964432,0.74964432,0.74364432,0.73664432,0.72564432,0.74164432
1103,0.642724754,0.718724754,0.772724754,0.749724754,0.724724754,0.711724754,0.690724754,0.715724754,0.695724754,0.691724754
1104,0.52591579,0.52891579,0.59791579,0.53791579,0.57691579,0.61991579,0.59891579,0.62391579,0.59291579,0.60991579
1105,0.541340473,0.555340473,0.575340473,0.555340473,0.602340473,0.619340473,0.583340473,0.623340473,0.600340473,0.649340473
1106,0.553905183,0.564905183,0.587905183,0.581905183,0.578905183,0.561905183,0.574905183,0.567905183,0.563905183,0.590905183
1107,0.685391025,0.724391025,0.757391025,0.744391025,0.800391025,0.773391025,0.770391025,0.769391025,0.760391025,0.767391025
1108,0.662485914,0.675485914,0.667485914,0.623485914,0.671485914,0.750485914,0.739485914,0.699485914,0.724485914,0.735485914
1109,0.609071412,0.635071412,0.681071412,0.641071412,0.644071412,0.705071412,0.661071412,0.714071412,0.666071412,0.695071412
1110,0.834483375,0.823483375,0.885483375,0.871483375,0.857483375,0.924483375,0.894483375,0.898483375,0.898483375,0.912483375
1111,0.455821781,0.456821781,0.534821781,0.492821781,0.524821781,0.538821781,0.551821781,0.538821781,0.524821781,0.534821781
1112,0.382000008,0.434000008,0.415000008,0.420000008,0.470000008,0.440000008,0.394000008,0.438000008,0.409000008,0.447000008
1113,0.582762971,0.595762971,0.586762971,0.555762971,0.611762971,0.595762971,0.635762971,0.669762971,0.627762971,0.686762971
1114,0.759595985,0.796595985,0.828595985,0.794595985,0.779595985,0.812595985,0.813595985,0.817595985,0.812595985,0.816595985
1115,0.542230562,0.552230562,0.557230562,0.551230562,0.572230562,0.628230562,0.587230562,0.583230562,0.629230562,0.657230562
1116,0.745146458,0.765146458,0.829146458,0.768146458,0.803146458,0.806146458,0.790146458,0.824146458,0.776146458,0.777146458
1117,0.954376092,0.931376092,0.912376092,0.964376092,1.000376092,1.013376092,0.991376092,1.021376092,0.985376092,1.014376092
1118,0.683238224,0.698238224,0.708238224,0.782238224,0.707238224,0.722238224,0.727238224,0.725238224,0.722238224,0.721238224
1119,0.629773095,0.656773095,0.695773095,0.719773095,0.670773095,0.659773095,0.668773095,0.705773095,0.685773095,0.690773095
1120,0.688688857,0.702688857,0.741688857,0.751688857,0.775688857,0.791688857,0.718688857,0.760688857,0.734688857,0.785688857
1121,0.807645359,0.794645359,0.819645359,0.814645359,0.868645359,0.902645359,0.843645359,0.880645359,0.853645359,0.869645359
1122,0.708831737,0.729831737,0.737831737,0.725831737,0.757831737,0.745831737,0.749831737,0.740831737,0.720831737,0.750831737
1123,0.540512816,0.627512816,0.616512816,0.633512816,0.626512816,0.632512816,0.577512816,0.610512816,0.601512816,0.592512816
1124,0.700094822,0.700094822,0.714094822,0.718094822,0.721094822,0.798094822,0.777094822,0.791094822,0.758094822,0.804094822
1125,0.575073577,0.559073577,0.598073577,0.565073577,0.526073577,0.682073577,0.667073577,0.660073577,0.639073577,0.661073577
1126,0.740345298,0.770345298,0.814345298,0.787345298,0.771345298,0.819345298,0.792345298,0.797345298,0.779345298,0.808345298
1127,0.592516896,0.639516896,0.673516896,0.686516896,0.698516896,0.688516896,0.628516896,0.665516896,0.657516896,0.685516896
1128,0.604401029,0.617401029,0.611401029,0.583401029,0.586401029,0.668401029,0.652401029,0.676401029,0.679401029,0.636401029
1129,0.622034822,0.623034822,0.688034822,0.679034822,0.705034822,0.738034822,0.712034822,0.670034822,0.668034822,0.720034822
1130,0.632998957,0.675998957,0.687998957,0.647998957,0.687998957,0.705998957,0.719998957,0.696998957,0.682998957,0.695998957
1131,0.593392267,0.702392267,0.668392267,0.714392267,0.673392267,0.664392267,0.633392267,0.648392267,0.630392267,0.643392267
1132,0.730876337,0.736876337,0.789876337,0.748876337,0.765876337,0.816876337,0.792876337,0.792876337,0.800876337,0.807876337
1133,0.701446701,0.700446701,0.699446701,0.729446701,0.734446701,0.758446701,0.731446701,0.761446701,0.751446701,0.761446701
1134,0.727654704,0.782654704,0.748654704,0.724654704,0.774654704,0.842654704,0.785654704,0.822654704,0.789654704,0.792654704
1135,0.675868763,0.646868763,0.672868763,0.616868763,0.709868763,0.798868763,0.766868763,0.771868763,0.770868763,0.782868763
1136,0.689461143,0.717461143,0.752461143,0.751461143,0.732461143,0.738461143,0.680461143,0.711461143,0.711461143,0.720461143
1137,0.721608387,0.746608387,0.754608387,0.760608387,0.798608387,0.783608387,0.803608387,0.832608387,0.764608387,0.760608387
1138,0.580179927,0.635179927,0.592179927,0.590179927,0.665179927,0.638179927,0.621179927,0.632179927,0.612179927,0.602179927
1139,0.841971172,0.897971172,0.879971172,0.848971172,0.892971172,0.915971172,0.932971172,0.948971172,0.897971172,0.896971172
1140,0.476125706,0.493125706,0.503125706,0.532125706,0.532125706,0.538125706,0.519125706,0.514125706,0.505125706,0.513125706
1141,0.548369288,0.584369288,0.577369288,0.557369288,0.586369288,0.585369288,0.591369288,0.576369288,0.561369288,0.600369288
1142,0.810448713,0.830448713,0.889448713,0.825448713,0.908448713,0.848448713,0.848448713,0.871448713,0.825448713,0.826448713
1143,0.777091621,0.851091621,0.829091621,0.800091621,0.830091621,0.860091621,0.846091621,0.844091621,0.834091621,0.863091621
1144,0.65635876,0.68835876,0.72235876,0.67335876,0.71135876,0.76435876,0.72335876,0.71035876,0.70435876,0.72835876
1145,0.746209885,0.712209885,0.787209885,0.746209885,0.761209885,0.844209885,0.808209885,0.810209885,0.832209885,0.808209885
1146,0.711643309,0.764643309,0.739643309,0.735643309,0.777643309,0.843643309,0.822643309,0.827643309,0.825643309,0.841643309
1147,0.722897812,0.705897812,0.796897812,0.769897812,0.816897812,0.851897812,0.782897812,0.822897812,0.786897812,0.828897812
1148,0.773525592,0.849525592,0.860525592,0.866525592,0.919525592,0.866525592,0.850525592,0.851525592,0.843525592,0.841525592
1149,0.638904476,0.682904476,0.693904476,0.646904476,0.698904476,0.716904476,0.698904476,0.726904476,0.703904476,0.722904476
1150,0.68098788,0.69498788,0.67198788,0.69998788,0.70598788,0.78898788,0.76998788,0.77698788,0.76598788,0.79998788
1151,0.826591822,0.855591822,0.853591822,0.824591822,0.858591822,0.903591822,0.891591822,0.890591822,0.827591822,0.873591822
1152,0.564113554,0.600113554,0.598113554,0.608113554,0.640113554,0.648113554,0.622113554,0.611113554,0.629113554,0.621113554
1153,0.561751166,0.609751166,0.650751166,0.622751166,0.612751166,0.653751166,0.626751166,0.611751166,0.627751166,0.632751166
1154,0.715240253,0.737240253,0.765240253,0.782240253,0.745240253,0.822240253,0.812240253,0.840240253,0.786240253,0.807240253
1155,0.625305797,0.582305797,0.607305797,0.621305797,0.650305797,0.702305797,0.667305797,0.633305797,0.666305797,0.663305797
1156,0.638361535,0.691361535,0.682361535,0.671361535,0.729361535,0.738361535,0.695361535,0.670361535,0.696361535,0.716361535
1157,0.670501229,0.707501229,0.715501229,0.640501229,0.675501229,0.729501229,0.774501229,0.725501229,0.718501229,0.748501229
1158,0.721411989,0.757411989,0.778411989,0.716411989,0.814411989,0.737411989,0.738411989,0.758411989,0.749411989,0.742411989
1159,0.540639741,0.512639741,0.527639741,0.496639741,0.509639741,0.606639741,0.582639741,0.579639741,0.578639741,0.600639741
1160,0.697035933,0.738035933,0.805035933,0.767035933,0.769035933,0.743035933,0.754035933,0.760035933,0.725035933,0.720035933
1161,0.730888729,0.741888729,0.811888729,0.715888729,0.812888729,0.760888729,0.800888729,0.760888729,0.779888729,0.775888729
1162,0.478687047,0.531687047,0.514687047,0.517687047,0.542687047,0.564687047,0.537687047,0.586687047,0.522687047,0.558687047
1163,0.685001261,0.703001261,0.760001261,0.711001261,0.771001261,0.766001261,0.731001261,0.754001261,0.704001261,0.766001261
1164,0.616433458,0.640433458,0.658433458,0.630433458,0.654433458,0.710433458,0.632433458,0.626433458,0.645433458,0.672433458
1165,0.554140061,0.599140061,0.598140061,0.614140061,0.624140061,0.696140061,0.647140061,0.642140061,0.645140061,0.666140061
1166,0.558585268,0.536585268,0.540585268,0.512585268,0.531585268,0.599585268,0.608585268,0.591585268,0.550585268,0.601585268
1167,0.50045314,0.47145314,0.55045314,0.51045314,0.52945314,0.59245314,0.57045314,0.58645314,0.54245314,0.59845314
1168,0.90016926,0.96816926,0.99716926,0.99916926,0.93216926,1.02016926,0.95216926,0.96616926,0.95616926,0.98916926
1169,0.665109042,0.736109042,0.740109042,0.692109042,0.729109042,0.768109042,0.747109042,0.746109042,0.723109042,0.724109042
1170,0.467500748,0.470500748,0.461500748,0.444500748,0.476500748,0.505500748,0.485500748,0.470500748,0.455500748,0.475500748
1171,0.762592007,0.754592007,0.792592007,0.785592007,0.813592007,0.803592007,0.807592007,0.841592007,0.792592007,0.775592007
1172,0.750161042,0.741161042,0.772161042,0.744161042,0.783161042,0.822161042,0.799161042,0.779161042,0.765161042,0.790161042
1173,0.730779507,0.744779507,0.761779507,0.781779507,0.818779507,0.789779507,0.766779507,0.807779507,0.781779507,0.794779507
1174,0.752018665,0.754018665,0.840018665,0.812018665,0.857018665,0.846018665,0.795018665,0.806018665,0.834018665,0.845018665
1175,0.707362957,0.660362957,0.764362957,0.727362957,0.723362957,0.773362957,0.710362957,0.776362957,0.755362957,0.743362957
1176,0.66382898,0.69882898,0.71482898,0.68382898,0.70782898,0.77582898,0.67482898,0.70382898,0.66482898,0.73582898
1177,0.617117141,0.622117141,0.644117141,0.565117141,0.644117141,0.704117141,0.681117141,0.656117141,0.673117141,0.709117141
1178,0.503615731,0.533615731,0.606615731,0.572615731,0.588615731,0.574615731,0.555615731,0.554615731,0.562615731,0.591615731
1179,0.771585674,0.750585674,0.802585674,0.783585674,0.813585674,0.890585674,0.851585674,0.833585674,0.841585674,0.818585674
1180,0.709321206,0.727321206,0.732321206,0.734321206,0.737321206,0.771321206,0.737321206,0.748321206,0.732321206,0.788321206
1181,0.592637172,0.583637172,0.601637172,0.604637172,0.614637172,0.650637172,0.627637172,0.663637172,0.632637172,0.639637172
1182,0.594514952,0.685514952,0.686514952,0.691514952,0.742514952,0.649514952,0.629514952,0.651514952,0.618514952,0.653514952
1183,0.725837647,0.736837647,0.803837647,0.815837647,0.802837647,0.833837647,0.781837647,0.785837647,0.779837647,0.810837647
1184,0.649929655,0.654929655,0.676929655,0.719929655,0.685929655,0.763929655,0.726929655,0.775929655,0.727929655,0.754929655
1185,0.962603591,1.015603591,0.965603591,0.985603591,1.023603591,1.075603591,1.007603591,1.043603591,1.018603591,1.032603591
1186,0.55892934,0.58692934,0.60292934,0.60092934,0.63892934,0.59592934,0.60992934,0.60892934,0.59492934,0.56992934
1187,0.670925084,0.714925084,0.755925084,0.694925084,0.745925084,0.754925084,0.711925084,0.747925084,0.720925084,0.737925084
1188,0.595698357,0.619698357,0.582698357,0.641698357,0.663698357,0.670698357,0.650698357,0.660698357,0.649698357,0.700698357
1189,0.654559897,0.653559897,0.680559897,0.701559897,0.644559897,0.742559897,0.717559897,0.721559897,0.695559897,0.710559897
1190,0.705070617,0.708070617,0.736070617,0.732070617,0.724070617,0.739070617,0.726070617,0.760070617,0.714070617,0.741070617
1191,0.599593555,0.601593555,0.664593555,0.595593555,0.668593555,0.674593555,0.642593555,0.671593555,0.636593555,0.625593555
1192,0.678963913,0.707963913,0.772963913,0.691963913,0.695963913,0.739963913,0.741963913,0.715963913,0.684963913,0.706963913
1193,0.76880069,0.80980069,0.83480069,0.84480069,0.84980069,0.86480069,0.84780069,0.85180069,0.83880069,0.88080069
1194,0.52786488,0.51386488,0.57086488,0.55786488,0.57186488,0.60586488,0.57286488,0.58086488,0.55386488,0.57686488
1195,0.71298412,0.76598412,0.80198412,0.79198412,0.79298412,0.76798412,0.76598412,0.75798412,0.76998412,0.79598412
1196,0.744386872,0.739386872,0.765386872,0.770386872,0.749386872,0.767386872,0.767386872,0.796386872,0.790386872,0.813386872
1197,0.795863463,0.801863463,0.856863463,0.857863463,0.845863463,0.862863463,0.864863463,0.844863463,0.858863463,0.833863463
1198,0.837869271,0.857869271,0.913869271,0.924869271,0.937869271,0.932869271,0.898869271,0.928869271,0.884869271,0.870869271
1199,0.684367866,0.712367866,0.762367866,0.779367866,0.724367866,0.771367866,0.770367866,0.786367866,0.730367866,0.774367866
1200,0.634658954,0.651658954,0.707658954,0.700658954,0.696658954,0.662658954,0.660658954,0.655658954,0.664658954,0.673658954
1201,0.71082383,0.71882383,0.71582383,0.70782383,0.77982383,0.80682383,0.78482383,0.81682383,0.76682383,0.80882383
1202,0.789571143,0.814571143,0.796571143,0.754571143,0.861571143,0.846571143,0.835571143,0.858571143,0.811571143,0.855571143
1203,0.69090079,0.71890079,0.77890079,0.76390079,0.76490079,0.78090079,0.75390079,0.72290079,0.74590079,0.76790079
1204,0.618935622,0.646935622,0.663935622,0.665935622,0.698935622,0.699935622,0.687935622,0.679935622,0.653935622,0.697935622
1205,0.623165069,0.653165069,0.700165069,0.697165069,0.736165069,0.716165069,0.682165069,0.695165069,0.678165069,0.711165069
1206,0.701205519,0.718205519,0.749205519,0.702205519,0.700205519,0.836205519,0.790205519,0.771205519,0.807205519,0.793205519
1207,0.709919433,0.712919433,0.714919433,0.750919433,0.771919433,0.771919433,0.719919433,0.765919433,0.713919433,0.733919433
1208,0.488864708,0.487864708,0.491864708,0.551864708,0.494864708,0.543864708,0.546864708,0.567864708,0.541864708,0.577864708
1209,0.605151324,0.654151324,0.675151324,0.635151324,0.655151324,0.696151324,0.632151324,0.675151324,0.641151324,0.663151324
1210,0.68292866,0.68692866,0.72892866,0.69692866,0.73592866,0.74992866,0.72792866,0.73392866,0.71592866,0.76292866
1211,0.631332016,0.661332016,0.716332016,0.665332016,0.705332016,0.685332016,0.646332016,0.669332016,0.640332016,0.660332016
1212,0.55990699,0.60190699,0.59090699,0.61490699,0.59890699,0.60190699,0.59490699,0.60090699,0.60890699,0.61290699
1213,0.482298173,0.495298173,0.514298173,0.510298173,0.518298173,0.569298173,0.571298173,0.573298173,0.555298173,0.583298173
1214,0.738719857,0.769719857,0.764719857,0.751719857,0.810719857,0.788719857,0.753719857,0.810719857,0.753719857,0.782719857
1215,0.636102758,0.659102758,0.663102758,0.644102758,0.700102758,0.675102758,0.640102758,0.674102758,0.662102758,0.677102758
1216,0.681300607,0.713300607,0.704300607,0.751300607,0.749300607,0.706300607,0.718300607,0.740300607,0.719300607,0.741300607
1217,0.877742623,0.885742623,0.921742623,0.905742623,0.897742623,0.936742623,0.942742623,0.980742623,0.930742623,0.911742623
1218,0.617127425,0.675127425,0.692127425,0.697127425,0.702127425,0.630127425,0.651127425,0.668127425,0.679127425,0.670127425
1219,0.673513472,0.626513472,0.721513472,0.647513472,0.727513472,0.778513472,0.764513472,0.768513472,0.758513472,0.762513472
1220,0.562244796,0.629244796,0.647244796,0.627244796,0.647244796,0.637244796,0.601244796,0.635244796,0.622244796,0.630244796
1221,0.493020408,0.507020408,0.515020408,0.519020408,0.540020408,0.613020408,0.560020408,0.564020408,0.562020408,0.565020408
1222,0.584953459,0.626953459,0.679953459,0.609953459,0.643953459,0.644953459,0.619953459,0.639953459,0.614953459,0.638953459
1223,0.506446317,0.538446317,0.531446317,0.468446317,0.547446317,0.588446317,0.576446317,0.579446317,0.571446317,0.561446317
1224,0.674638458,0.714638458,0.763638458,0.744638458,0.787638458,0.761638458,0.739638458,0.746638458,0.760638458,0.730638458
1225,0.562301804,0.522301804,0.587301804,0.595301804,0.590301804,0.652301804,0.613301804,0.630301804,0.628301804,0.680301804
1226,0.586847695,0.595847695,0.629847695,0.554847695,0.635847695,0.667847695,0.651847695,0.658847695,0.623847695,0.662847695
1227,0.654456218,0.696456218,0.689456218,0.704456218,0.674456218,0.747456218,0.716456218,0.749456218,0.723456218,0.714456218
1228,0.629958318,0.596958318,0.660958318,0.557958318,0.675958318,0.731958318,0.695958318,0.680958318,0.681958318,0.700958318
1229,0.701604434,0.687604434,0.674604434,0.689604434,0.761604434,0.761604434,0.734604434,0.748604434,0.722604434,0.727604434
1230,0.804140645,0.821140645,0.853140645,0.863140645,0.910140645,0.858140645,0.858140645,0.869140645,0.834140645,0.858140645
1231,0.769010486,0.815010486,0.857010486,0.754010486,0.860010486,0.812010486,0.813010486,0.844010486,0.820010486,0.851010486
1232,0.632275434,0.691275434,0.713275434,0.699275434,0.736275434,0.711275434,0.683275434,0.717275434,0.670275434,0.694275434
1233,0.87221345,0.89821345,0.91321345,0.87521345,0.95021345,0.98721345,0.92321345,0.98221345,0.93621345,0.96021345
1234,0.615563922,0.619563922,0.651563922,0.643563922,0.663563922,0.669563922,0.629563922,0.670563922,0.649563922,0.661563922
1235,0.716742578,0.699742578,0.772742578,0.741742578,0.701742578,0.784742578,0.754742578,0.783742578,0.757742578,0.784742578
1236,0.524814291,0.530814291,0.530814291,0.569814291,0.588814291,0.634814291,0.602814291,0.620814291,0.595814291,0.630814291
1237,0.581849665,0.619849665,0.644849665,0.703849665,0.668849665,0.642849665,0.598849665,0.597849665,0.611849665,0.594849665
1238,0.572410618,0.566410618,0.616410618,0.556410618,0.606410618,0.659410618,0.609410618,0.646410618,0.617410618,0.665410618
1239,0.548294869,0.599294869,0.579294869,0.592294869,0.606294869,0.664294869,0.637294869,0.619294869,0.618294869,0.661294869
1240,0.775187885,0.842187885,0.863187885,0.830187885,0.806187885,0.839187885,0.805187885,0.808187885,0.844187885,0.837187885
1241,0.558055436,0.575055436,0.607055436,0.582055436,0.576055436,0.607055436,0.583055436,0.625055436,0.616055436,0.646055436
1242,0.687027867,0.703027867,0.739027867,0.662027867,0.744027867,0.778027867,0.717027867,0.752027867,0.730027867,0.736027867
1243,0.486911087,0.495911087,0.517911087,0.517911087,0.540911087,0.535911087,0.501911087,0.527911087,0.547911087,0.534911087
1244,0.70607754,0.80407754,0.79107754,0.77607754,0.79007754,0.76507754,0.73807754,0.75507754,0.74707754,0.75107754
1245,0.525565017,0.568565017,0.604565017,0.580565017,0.607565017,0.593565017,0.578565017,0.580565017,0.588565017,0.593565017
1246,0.643902076,0.687902076,0.645902076,0.741902076,0.745902076,0.729902076,0.735902076,0.721902076,0.716902076,0.727902076
1247,0.924160752,0.950160752,0.963160752,0.932160752,1.000160752,1.006160752,0.982160752,0.988160752,0.996160752,0.992160752
1248,0.589128692,0.595128692,0.605128692,0.576128692,0.641128692,0.614128692,0.637128692,0.605128692,0.622128692,0.655128692
1249,0.641665697,0.656665697,0.689665697,0.634665697,0.665665697,0.716665697,0.700665697,0.725665697,0.668665697,0.703665697
1250,0.583561984,0.548561984,0.612561984,0.608561984,0.616561984,0.675561984,0.615561984,0.637561984,0.631561984,0.686561984
1251,0.677145922,0.689145922,0.738145922,0.723145922,0.732145922,0.757145922,0.756145922,0.761145922,0.768145922,0.784145922
1252,0.80720415,0.88920415,0.87120415,0.87920415,0.89220415,0.86920415,0.85120415,0.83220415,0.84820415,0.86020415
1253,0.551216515,0.579216515,0.563216515,0.557216515,0.610216515,0.613216515,0.589216515,0.611216515,0.588216515,0.607216515
1254,0.766810987,0.831810987,0.864810987,0.825810987,0.827810987,0.781810987,0.768810987,0.792810987,0.750810987,0.777810987
1255,0.655036024,0.690036024,0.689036024,0.755036024,0.763036024,0.734036024,0.706036024,0.718036024,0.715036024,0.733036024
1256,0.542152557,0.555152557,0.613152557,0.607152557,0.545152557,0.594152557,0.582152557,0.604152557,0.592152557,0.617152557
1257,0.66403507,0.67103507,0.71703507,0.67803507,0.69103507,0.76003507,0.72003507,0.71403507,0.71903507,0.74003507
1258,0.52984201,0.52084201,0.58484201,0.50384201,0.54684201,0.63184201,0.56684201,0.62184201,0.60084201,0.58984201
1259,0.682439594,0.662439594,0.722439594,0.681439594,0.690439594,0.759439594,0.715439594,0.760439594,0.706439594,0.733439594
1260,0.618187692,0.646187692,0.608187692,0.660187692,0.662187692,0.691187692,0.673187692,0.700187692,0.675187692,0.712187692
1261,0.660966104,0.628966104,0.649966104,0.675966104,0.733966104,0.745966104,0.694966104,0.712966104,0.703966104,0.705966104
1262,0.723343318,0.803343318,0.814343318,0.763343318,0.744343318,0.777343318,0.704343318,0.747343318,0.754343318,0.782343318
1263,0.864128113,0.844128113,0.849128113,0.866128113,0.884128113,0.952128113,0.894128113,0.972128113,0.923128113,0.956128113
1264,0.843923989,0.879923989,0.915923989,0.830923989,0.989923989,0.934923989,0.934923989,0.930923989,0.912923989,0.909923989
1265,0.653426945,0.637426945,0.675426945,0.629426945,0.675426945,0.747426945,0.734426945,0.725426945,0.738426945,0.767426945
1266,0.661726303,0.694726303,0.710726303,0.715726303,0.771726303,0.742726303,0.708726303,0.748726303,0.703726303,0.703726303
1267,0.847862282,0.849862282,0.870862282,0.852862282,0.888862282,0.916862282,0.945862282,0.901862282,0.916862282,0.875862282
1268,0.726691575,0.706691575,0.685691575,0.725691575,0.734691575,0.844691575,0.789691575,0.832691575,0.792691575,0.789691575
1269,0.69428249,0.72928249,0.77428249,0.72728249,0.76128249,0.79428249,0.75928249,0.74328249,0.72228249,0.75628249
1270,0.727398955,0.768398955,0.764398955,0.747398955,0.722398955,0.834398955,0.792398955,0.842398955,0.805398955,0.814398955
1271,0.712134673,0.812134673,0.799134673,0.821134673,0.814134673,0.789134673,0.743134673,0.758134673,0.749134673,0.784134673
1272,0.676612141,0.786612141,0.783612141,0.721612141,0.786612141,0.721612141,0.707612141,0.756612141,0.712612141,0.718612141
1273,0.747829996,0.779829996,0.877829996,0.791829996,0.825829996,0.815829996,0.764829996,0.790829996,0.773829996,0.777829996
1274,0.634788344,0.665788344,0.702788344,0.643788344,0.668788344,0.686788344,0.680788344,0.725788344,0.650788344,0.683788344
1275,0.629976467,0.628976467,0.677976467,0.631976467,0.669976467,0.660976467,0.634976467,0.649976467,0.640976467,0.612976467
1276,0.873821622,0.894821622,0.902821622,0.933821622,0.927821622,0.947821622,0.955821622,0.968821622,0.919821622,0.937821622
1277,0.496055052,0.526055052,0.557055052,0.517055052,0.575055052,0.595055052,0.549055052,0.535055052,0.544055052,0.570055052
1278,0.772343461,0.833343461,0.805343461,0.820343461,0.836343461,0.839343461,0.823343461,0.833343461,0.795343461,0.827343461
1279,0.783207933,0.811207933,0.862207933,0.896207933,0.857207933,0.872207933,0.855207933,0.866207933,0.861207933,0.862207933
1280,0.675076995,0.740076995,0.755076995,0.708076995,0.739076995,0.786076995,0.761076995,0.726076995,0.739076995,0.737076995
1281,0.610853838,0.645853838,0.692853838,0.659853838,0.670853838,0.690853838,0.686853838,0.694853838,0.667853838,0.655853838
1282,0.793534306,0.741534306,0.820534306,0.770534306,0.778534306,0.869534306,0.830534306,0.854534306,0.838534306,0.858534306
1283,0.57916233,0.58816233,0.61916233,0.60016233,0.57116233,0.64516233,0.60716233,0.62416233,0.60416233,0.61816233
1284,0.61754567,0.62854567,0.64354567,0.58754567,0.70554567,0.69754567,0.67554567,0.66254567,0.68154567,0.66954567
1285,0.576971924,0.621971924,0.670971924,0.556971924,0.646971924,0.690971924,0.631971924,0.618971924,0.617971924,0.623971924
1286,0.623903821,0.684903821,0.613903821,0.674903821,0.712903821,0.680903821,0.669903821,0.686903821,0.665903821,0.733903821
1287,0.673698265,0.766698265,0.724698265,0.765698265,0.758698265,0.707698265,0.675698265,0.706698265,0.683698265,0.699698265
1288,0.673707317,0.663707317,0.646707317,0.653707317,0.655707317,0.766707317,0.741707317,0.719707317,0.741707317,0.736707317
1289,0.79711649,0.81611649,0.83111649,0.82411649,0.87011649,0.87811649,0.84811649,0.85511649,0.84411649,0.88011649
1290,0.510724571,0.548724571,0.589724571,0.556724571,0.581724571,0.566724571,0.541724571,0.574724571,0.533724571,0.574724571
1291,0.556339308,0.609339308,0.628339308,0.600339308,0.626339308,0.660339308,0.600339308,0.568339308,0.605339308,0.598339308
1292,0.839796095,0.845796095,0.874796095,0.824796095,0.861796095,0.928796095,0.925796095,0.928796095,0.880796095,0.938796095
1293,0.571347128,0.634347128,0.662347128,0.652347128,0.661347128,0.649347128,0.601347128,0.679347128,0.620347128,0.622347128
1294,0.51834011,0.62234011,0.57334011,0.61234011,0.64334011,0.58734011,0.59534011,0.54334011,0.57834011,0.55734011
1295,0.735019213,0.744019213,0.799019213,0.756019213,0.763019213,0.836019213,0.758019213,0.797019213,0.784019213,0.783019213
1296,0.683645506,0.674645506,0.709645506,0.650645506,0.729645506,0.734645506,0.720645506,0.732645506,0.739645506,0.766645506
1297,0.584399011,0.596399011,0.630399011,0.631399011,0.630399011,0.677399011,0.651399011,0.654399011,0.658399011,0.660399011
1298,0.577509733,0.622509733,0.608509733,0.630509733,0.646509733,0.640509733,0.609509733,0.655509733,0.603509733,0.676509733
1299,0.67039861,0.67539861,0.73139861,0.70139861,0.69339861,0.69539861,0.69139861,0.68939861,0.68539861,0.68239861
1300,0.60694401,0.62594401,0.67494401,0.70494401,0.75294401,0.71094401,0.66894401,0.66394401,0.69194401,0.71394401
1301,0.517546173,0.571546173,0.566546173,0.516546173,0.562546173,0.599546173,0.560546173,0.565546173,0.565546173,0.587546173
1302,0.760096379,0.827096379,0.865096379,0.849096379,0.862096379,0.826096379,0.791096379,0.828096379,0.777096379,0.802096379
1303,0.868367626,0.897367626,0.894367626,0.885367626,0.916367626,0.951367626,0.932367626,0.916367626,0.908367626,0.959367626
1304,0.662770485,0.679770485,0.725770485,0.721770485,0.742770485,0.718770485,0.693770485,0.679770485,0.717770485,0.696770485
1305,0.530860841,0.582860841,0.584860841,0.550860841,0.555860841,0.590860841,0.561860841,0.592860841,0.574860841,0.576860841
1306,0.641385943,0.640385943,0.652385943,0.635385943,0.684385943,0.713385943,0.664385943,0.696385943,0.660385943,0.687385943
1307,0.629369175,0.618369175,0.668369175,0.635369175,0.691369175,0.709369175,0.694369175,0.724369175,0.677369175,0.714369175
1308,0.740230458,0.764230458,0.809230458,0.789230458,0.782230458,0.841230458,0.783230458,0.768230458,0.787230458,0.807230458
1309,0.610705438,0.674705438,0.670705438,0.651705438,0.689705438,0.665705438,0.638705438,0.668705438,0.641705438,0.662705438
1310,0.596743939,0.627743939,0.665743939,0.653743939,0.685743939,0.671743939,0.654743939,0.684743939,0.669743939,0.665743939
1311,0.846197492,0.842197492,0.855197492,0.872197492,0.868197492,0.968197492,0.933197492,0.980197492,0.930197492,0.938197492
1312,0.630773343,0.672773343,0.706773343,0.713773343,0.728773343,0.717773343,0.663773343,0.724773343,0.672773343,0.727773343
1313,0.691843032,0.665843032,0.721843032,0.669843032,0.730843032,0.789843032,0.732843032,0.755843032,0.739843032,0.727843032
1314,0.76092247,0.73092247,0.74892247,0.80492247,0.76592247,0.82592247,0.76592247,0.82392247,0.80992247,0.80792247
1315,0.540041467,0.527041467,0.562041467,0.546041467,0.573041467,0.593041467,0.564041467,0.557041467,0.556041467,0.567041467
1316,0.67804262,0.67004262,0.71104262,0.68804262,0.65804262,0.73804262,0.73104262,0.71104262,0.73604262,0.73804262
1317,0.512775329,0.520775329,0.554775329,0.525775329,0.599775329,0.591775329,0.559775329,0.622775329,0.539775329,0.583775329
1318,0.61361762,0.61361762,0.59461762,0.59761762,0.62561762,0.70761762,0.69261762,0.69961762,0.67961762,0.70461762
1319,0.677397261,0.739397261,0.677397261,0.673397261,0.728397261,0.762397261,0.739397261,0.741397261,0.766397261,0.755397261
1320,0.770277927,0.793277927,0.803277927,0.783277927,0.842277927,0.852277927,0.805277927,0.821277927,0.821277927,0.847277927
1321,0.742720886,0.754720886,0.824720886,0.787720886,0.846720886,0.775720886,0.776720886,0.822720886,0.783720886,0.792720886
1322,0.737989573,0.845989573,0.866989573,0.842989573,0.836989573,0.854989573,0.799989573,0.827989573,0.819989573,0.834989573
1323,0.53037072,0.52037072,0.55537072,0.53637072,0.57037072,0.59437072,0.57137072,0.58137072,0.55637072,0.58337072
1324,0.625923066,0.615923066,0.646923066,0.591923066,0.666923066,0.722923066,0.705923066,0.693923066,0.673923066,0.711923066
1325,0.531575812,0.623575812,0.697575812,0.623575812,0.706575812,0.565575812,0.546575812,0.608575812,0.547575812,0.581575812
1326,0.584064041,0.603064041,0.633064041,0.574064041,0.582064041,0.645064041,0.635064041,0.665064041,0.616064041,0.615064041
1327,0.739265704,0.767265704,0.779265704,0.736265704,0.760265704,0.816265704,0.769265704,0.798265704,0.739265704,0.845265704
1328,0.88263365,0.94463365,0.95363365,0.99163365,0.99763365,0.95363365,0.95263365,0.93663365,0.93363365,0.95263365
1329,0.540607702,0.592607702,0.608607702,0.568607702,0.621607702,0.642607702,0.617607702,0.673607702,0.608607702,0.682607702
1330,0.595267887,0.650267887,0.656267887,0.652267887,0.658267887,0.640267887,0.619267887,0.636267887,0.607267887,0.649267887
1331,0.703406598,0.699406598,0.681406598,0.741406598,0.745406598,0.778406598,0.760406598,0.721406598,0.740406598,0.756406598
1332,0.797101142,0.790101142,0.870101142,0.826101142,0.876101142,0.849101142,0.790101142,0.803101142,0.820101142,0.830101142
1333,0.795265716,0.795265716,0.808265716,0.828265716,0.817265716,0.855265716,0.849265716,0.841265716,0.843265716,0.839265716
1334,0.519349516,0.500349516,0.538349516,0.584349516,0.549349516,0.595349516,0.578349516,0.557349516,0.581349516,0.616349516
1335,0.595565881,0.590565881,0.622565881,0.593565881,0.675565881,0.704565881,0.680565881,0.715565881,0.670565881,0.688565881
1336,0.61370587,0.62270587,0.63070587,0.61570587,0.59470587,0.69170587,0.65270587,0.68370587,0.64970587,0.68370587
1337,0.691199183,0.728199183,0.795199183,0.751199183,0.763199183,0.736199183,0.753199183,0.726199183,0.713199183,0.710199183
1338,0.702976799,0.713976799,0.744976799,0.745976799,0.796976799,0.777976799,0.789976799,0.808976799,0.762976799,0.763976799
1339,0.659084905,0.635084905,0.727084905,0.699084905,0.673084905,0.770084905,0.758084905,0.771084905,0.738084905,0.718084905
1340,0.781728038,0.816728038,0.870728038,0.858728038,0.864728038,0.838728038,0.872728038,0.872728038,0.884728038,0.879728038
1341,0.581161347,0.591161347,0.606161347,0.649161347,0.655161347,0.673161347,0.631161347,0.662161347,0.603161347,0.647161347
1342,0.631606785,0.649606785,0.665606785,0.667606785,0.709606785,0.709606785,0.693606785,0.698606785,0.724606785,0.700606785
1343,0.644137558,0.721137558,0.747137558,0.715137558,0.671137558,0.701137558,0.668137558,0.687137558,0.676137558,0.706137558
1344,0.698132689,0.758132689,0.760132689,0.766132689,0.762132689,0.775132689,0.741132689,0.742132689,0.725132689,0.697132689
1345,0.564161216,0.607161216,0.620161216,0.600161216,0.642161216,0.669161216,0.619161216,0.623161216,0.621161216,0.640161216
1346,0.498492561,0.566492561,0.579492561,0.604492561,0.569492561,0.567492561,0.558492561,0.566492561,0.552492561,0.559492561
1347,0.627821392,0.662821392,0.671821392,0.673821392,0.680821392,0.688821392,0.675821392,0.692821392,0.679821392,0.700821392
1348,0.533640686,0.587640686,0.567640686,0.599640686,0.640640686,0.628640686,0.605640686,0.621640686,0.609640686,0.624640686
1349,0.634044848,0.663044848,0.691044848,0.705044848,0.747044848,0.709044848,0.683044848,0.737044848,0.694044848,0.688044848
1350,0.579836367,0.619836367,0.631836367,0.607836367,0.632836367,0.677836367,0.648836367,0.652836367,0.667836367,0.653836367
1351,0.692714663,0.708714663,0.752714663,0.695714663,0.741714663,0.755714663,0.774714663,0.789714663,0.776714663,0.737714663
1352,0.729278542,0.789278542,0.793278542,0.757278542,0.802278542,0.787278542,0.763278542,0.752278542,0.748278542,0.764278542
1353,0.554057012,0.573057012,0.624057012,0.613057012,0.634057012,0.618057012,0.589057012,0.655057012,0.608057012,0.595057012
1354,0.593066649,0.607066649,0.619066649,0.553066649,0.583066649,0.707066649,0.628066649,0.664066649,0.651066649,0.653066649
1355,0.720790414,0.748790414,0.761790414,0.771790414,0.709790414,0.822790414,0.776790414,0.796790414,0.751790414,0.793790414
1356,0.530297248,0.590297248,0.599297248,0.578297248,0.610297248,0.577297248,0.559297248,0.522297248,0.527297248,0.558297248
1357,0.697385579,0.720385579,0.712385579,0.728385579,0.780385579,0.760385579,0.750385579,0.735385579,0.761385579,0.776385579
1358,0.816999687,0.845999687,0.871999687,0.849999687,0.845999687,0.891999687,0.854999687,0.858999687,0.821999687,0.839999687
1359,0.78799678,0.78099678,0.82199678,0.82499678,0.86399678,0.83699678,0.80499678,0.79199678,0.79399678,0.81699678
1360,0.786648646,0.817648646,0.812648646,0.775648646,0.817648646,0.913648646,0.854648646,0.859648646,0.853648646,0.912648646
1361,0.648319021,0.632319021,0.677319021,0.656319021,0.706319021,0.740319021,0.688319021,0.679319021,0.669319021,0.684319021
1362,0.664021368,0.735021368,0.741021368,0.727021368,0.740021368,0.755021368,0.735021368,0.762021368,0.729021368,0.754021368
1363,0.595182612,0.624182612,0.591182612,0.579182612,0.663182612,0.683182612,0.662182612,0.679182612,0.670182612,0.661182612
1364,0.659667431,0.661667431,0.677667431,0.736667431,0.736667431,0.721667431,0.692667431,0.724667431,0.680667431,0.733667431
1365,0.469514815,0.528514815,0.541514815,0.537514815,0.603514815,0.551514815,0.518514815,0.507514815,0.485514815,0.512514815
1366,0.536228603,0.602228603,0.629228603,0.652228603,0.652228603,0.628228603,0.584228603,0.593228603,0.576228603,0.608228603
1367,0.568874271,0.562874271,0.570874271,0.565874271,0.567874271,0.648874271,0.619874271,0.590874271,0.631874271,0.658874271
1368,0.563859304,0.550859304,0.556859304,0.546859304,0.603859304,0.604859304,0.585859304,0.592859304,0.561859304,0.571859304
1369,0.649235343,0.643235343,0.699235343,0.677235343,0.667235343,0.743235343,0.741235343,0.736235343,0.732235343,0.764235343
1370,0.691803317,0.694803317,0.729803317,0.730803317,0.751803317,0.729803317,0.745803317,0.768803317,0.727803317,0.717803317
1371,0.634905314,0.716905314,0.698905314,0.704905314,0.717905314,0.743905314,0.688905314,0.720905314,0.697905314,0.743905314
1372,0.602267569,0.644267569,0.700267569,0.677267569,0.678267569,0.695267569,0.658267569,0.648267569,0.657267569,0.670267569
1373,0.488433127,0.502433127,0.561433127,0.489433127,0.540433127,0.569433127,0.518433127,0.565433127,0.549433127,0.573433127
1374,0.620151657,0.679151657,0.633151657,0.701151657,0.679151657,0.664151657,0.655151657,0.661151657,0.646151657,0.650151657
1375,0.98112419,1.01912419,1.06112419,0.99712419,1.02312419,1.04112419,1.01612419,1.05212419,0.99612419,1.06412419
1376,0.610855553,0.582855553,0.653855553,0.659855553,0.673855553,0.688855553,0.692855553,0.701855553,0.668855553,0.726855553
1377,0.613372257,0.674372257,0.667372257,0.692372257,0.684372257,0.668372257,0.653372257,0.675372257,0.673372257,0.659372257
1378,0.692024814,0.705024814,0.741024814,0.769024814,0.753024814,0.764024814,0.760024814,0.803024814,0.748024814,0.798024814
1379,0.53766334,0.60066334,0.65866334,0.67766334,0.63966334,0.61866334,0.61166334,0.58866334,0.60566334,0.64566334
1380,0.741768021,0.738768021,0.754768021,0.776768021,0.792768021,0.807768021,0.781768021,0.785768021,0.792768021,0.775768021
1381,0.716836294,0.726836294,0.739836294,0.769836294,0.801836294,0.822836294,0.785836294,0.788836294,0.780836294,0.815836294
1382,0.709587083,0.743587083,0.726587083,0.784587083,0.777587083,0.768587083,0.741587083,0.770587083,0.766587083,0.772587083
1383,0.519714563,0.489714563,0.584714563,0.550714563,0.559714563,0.598714563,0.554714563,0.535714563,0.561714563,0.549714563
1384,0.889321451,0.906321451,0.910321451,0.930321451,0.915321451,0.986321451,0.944321451,0.991321451,0.936321451,0.989321451
1385,0.571533479,0.618533479,0.676533479,0.631533479,0.652533479,0.650533479,0.609533479,0.658533479,0.656533479,0.637533479
1386,0.620406858,0.642406858,0.635406858,0.606406858,0.630406858,0.707406858,0.683406858,0.679406858,0.669406858,0.682406858
1387,0.696667781,0.725667781,0.784667781,0.743667781,0.768667781,0.804667781,0.767667781,0.754667781,0.769667781,0.788667781
1388,0.64375412,0.60075412,0.63375412,0.66675412,0.68275412,0.70175412,0.71675412,0.70575412,0.70775412,0.68275412
1389,0.531742871,0.543742871,0.560742871,0.553742871,0.581742871,0.583742871,0.588742871,0.584742871,0.583742871,0.617742871
1390,0.577904532,0.611904532,0.639904532,0.628904532,0.613904532,0.637904532,0.637904532,0.616904532,0.633904532,0.613904532
1391,0.64660057,0.67360057,0.69260057,0.73460057,0.77760057,0.74360057,0.67660057,0.71460057,0.71060057,0.72060057
1392,0.748369342,0.786369342,0.770369342,0.755369342,0.744369342,0.829369342,0.835369342,0.810369342,0.799369342,0.831369342
1393,0.663491299,0.663491299,0.700491299,0.715491299,0.720491299,0.742491299,0.704491299,0.729491299,0.728491299,0.694491299
1394,0.694448414,0.658448414,0.724448414,0.762448414,0.766448414,0.789448414,0.713448414,0.754448414,0.731448414,0.750448414
1395,0.516528,0.586528,0.566528,0.572528,0.603528,0.574528,0.575528,0.570528,0.568528,0.620528
1396,0.761055387,0.799055387,0.830055387,0.823055387,0.855055387,0.836055387,0.769055387,0.811055387,0.818055387,0.851055387
1397,0.706420784,0.670420784,0.747420784,0.759420784,0.735420784,0.815420784,0.766420784,0.796420784,0.748420784,0.734420784
1398,0.722142663,0.769142663,0.808142663,0.793142663,0.816142663,0.742142663,0.781142663,0.727142663,0.778142663,0.748142663
1399,0.510078564,0.592078564,0.503078564,0.542078564,0.565078564,0.558078564,0.517078564,0.570078564,0.555078564,0.570078564
1400,0.595157891,0.651157891,0.673157891,0.669157891,0.649157891,0.647157891,0.598157891,0.631157891,0.624157891,0.629157891
1401,0.564413533,0.612413533,0.644413533,0.626413533,0.607413533,0.664413533,0.648413533,0.667413533,0.665413533,0.663413533
1402,0.727370336,0.749370336,0.762370336,0.729370336,0.854370336,0.847370336,0.791370336,0.806370336,0.809370336,0.784370336
1403,0.76058911,0.78658911,0.84358911,0.78758911,0.81758911,0.85458911,0.84258911,0.86658911,0.83458911,0.86658911
1404,0.529864404,0.537864404,0.612864404,0.572864404,0.638864404,0.600864404,0.614864404,0.643864404,0.595864404,0.628864404
1405,0.519445166,0.547445166,0.637445166,0.562445166,0.613445166,0.631445166,0.615445166,0.628445166,0.567445166,0.599445166
1406,0.657870496,0.677870496,0.690870496,0.702870496,0.702870496,0.786870496,0.733870496,0.735870496,0.699870496,0.741870496
1407,0.499826187,0.544826187,0.538826187,0.477826187,0.501826187,0.632826187,0.571826187,0.599826187,0.560826187,0.581826187
1408,0.706627945,0.717627945,0.783627945,0.741627945,0.753627945,0.781627945,0.737627945,0.724627945,0.739627945,0.768627945
1409,0.597648429,0.562648429,0.632648429,0.615648429,0.657648429,0.660648429,0.651648429,0.658648429,0.648648429,0.697648429
1410,0.641029926,0.684029926,0.689029926,0.658029926,0.694029926,0.722029926,0.698029926,0.699029926,0.712029926,0.712029926
1411,0.680962201,0.687962201,0.676962201,0.665962201,0.696962201,0.742962201,0.725962201,0.765962201,0.738962201,0.691962201
1412,0.668073232,0.694073232,0.702073232,0.680073232,0.696073232,0.754073232,0.707073232,0.746073232,0.696073232,0.761073232
1413,0.79970258,0.83770258,0.88070258,0.84870258,0.85370258,0.88270258,0.86070258,0.85270258,0.82770258,0.89670258
1414,0.723171328,0.724171328,0.786171328,0.699171328,0.774171328,0.836171328,0.826171328,0.785171328,0.795171328,0.802171328
1415,0.756136296,0.867136296,0.900136296,0.919136296,0.885136296,0.787136296,0.802136296,0.783136296,0.767136296,0.756136296
1416,0.425831617,0.512831617,0.561831617,0.532831617,0.578831617,0.445831617,0.487831617,0.460831617,0.453831617,0.475831617
1417,0.639270102,0.724270102,0.699270102,0.703270102,0.684270102,0.678270102,0.656270102,0.652270102,0.644270102,0.695270102
1418,0.584375074,0.632375074,0.639375074,0.647375074,0.648375074,0.653375074,0.619375074,0.664375074,0.638375074,0.670375074
1419,0.60855707,0.65855707,0.66155707,0.66155707,0.64755707,0.74955707,0.69255707,0.68855707,0.70255707,0.70155707
1420,0.606323239,0.608323239,0.682323239,0.664323239,0.688323239,0.693323239,0.692323239,0.714323239,0.689323239,0.669323239
1421,0.520103011,0.508103011,0.625103011,0.578103011,0.552103011,0.583103011,0.597103011,0.565103011,0.588103011,0.553103011
1422,0.644327618,0.710327618,0.710327618,0.675327618,0.700327618,0.719327618,0.690327618,0.697327618,0.707327618,0.732327618
1423,0.635682575,0.637682575,0.635682575,0.652682575,0.633682575,0.680682575,0.691682575,0.685682575,0.680682575,0.684682575
1424,0.650468841,0.730468841,0.718468841,0.707468841,0.742468841,0.681468841,0.669468841,0.703468841,0.658468841,0.683468841
1425,0.623830056,0.743830056,0.759830056,0.717830056,0.720830056,0.706830056,0.665830056,0.666830056,0.671830056,0.685830056
1426,0.52582307,0.56682307,0.59982307,0.56782307,0.56982307,0.58382307,0.56182307,0.56782307,0.53682307,0.56482307
1427,0.782889031,0.805889031,0.803889031,0.793889031,0.797889031,0.851889031,0.853889031,0.876889031,0.853889031,0.851889031
1428,0.5935213,0.6495213,0.6225213,0.6105213,0.6885213,0.6825213,0.6715213,0.6895213,0.6585213,0.7025213
1429,0.667660126,0.755660126,0.766660126,0.723660126,0.736660126,0.749660126,0.752660126,0.742660126,0.694660126,0.716660126
1430,0.501077716,0.495077716,0.501077716,0.467077716,0.568077716,0.555077716,0.543077716,0.548077716,0.507077716,0.525077716
1431,0.752769571,0.788769571,0.772769571,0.752769571,0.790769571,0.849769571,0.820769571,0.829769571,0.836769571,0.847769571
1432,0.712142601,0.803142601,0.744142601,0.753142601,0.796142601,0.779142601,0.784142601,0.761142601,0.756142601,0.728142601
1433,0.738737332,0.733737332,0.774737332,0.756737332,0.784737332,0.823737332,0.787737332,0.845737332,0.812737332,0.824737332
1434,0.726838769,0.767838769,0.809838769,0.757838769,0.825838769,0.796838769,0.723838769,0.769838769,0.758838769,0.738838769
1435,0.65321737,0.69221737,0.74121737,0.68621737,0.69621737,0.74821737,0.71721737,0.70721737,0.71721737,0.71521737
1436,0.60026357,0.62126357,0.66026357,0.67126357,0.67626357,0.67326357,0.64826357,0.66526357,0.65226357,0.67026357
1437,0.695916589,0.739916589,0.837916589,0.818916589,0.835916589,0.763916589,0.731916589,0.768916589,0.754916589,0.742916589
1438,0.622008283,0.657008283,0.685008283,0.654008283,0.668008283,0.674008283,0.661008283,0.675008283,0.650008283,0.704008283
1439,0.458016789,0.483016789,0.501016789,0.505016789,0.564016789,0.555016789,0.473016789,0.480016789,0.479016789,0.483016789
1440,0.598676761,0.593676761,0.668676761,0.609676761,0.661676761,0.650676761,0.672676761,0.647676761,0.653676761,0.675676761
1441,0.58638673,0.60938673,0.61538673,0.63138673,0.64538673,0.70338673,0.63238673,0.67238673,0.66538673,0.67338673
1442,0.713381918,0.776381918,0.767381918,0.784381918,0.805381918,0.773381918,0.755381918,0.759381918,0.732381918,0.759381918
1443,0.623746144,0.692746144,0.715746144,0.655746144,0.636746144,0.711746144,0.655746144,0.717746144,0.687746144,0.704746144
1444,0.642151736,0.629151736,0.710151736,0.659151736,0.704151736,0.656151736,0.630151736,0.626151736,0.623151736,0.642151736
1445,0.729089181,0.758089181,0.800089181,0.797089181,0.824089181,0.856089181,0.800089181,0.853089181,0.801089181,0.808089181
1446,0.727931294,0.747931294,0.789931294,0.809931294,0.817931294,0.776931294,0.738931294,0.738931294,0.731931294,0.763931294
1447,0.512966391,0.477966391,0.493966391,0.546966391,0.527966391,0.567966391,0.548966391,0.552966391,0.529966391,0.552966391
1448,0.684655591,0.723655591,0.733655591,0.723655591,0.707655591,0.755655591,0.710655591,0.742655591,0.714655591,0.714655591
1449,0.562592602,0.660592602,0.685592602,0.618592602,0.636592602,0.667592602,0.595592602,0.628592602,0.619592602,0.615592602
1450,0.579270678,0.589270678,0.604270678,0.614270678,0.658270678,0.709270678,0.658270678,0.677270678,0.671270678,0.646270678
1451,0.706588895,0.737588895,0.790588895,0.761588895,0.751588895,0.816588895,0.733588895,0.750588895,0.769588895,0.823588895
1452,0.563535641,0.655535641,0.610535641,0.637535641,0.656535641,0.634535641,0.618535641,0.645535641,0.591535641,0.659535641
1453,0.731572042,0.808572042,0.851572042,0.834572042,0.838572042,0.793572042,0.775572042,0.803572042,0.795572042,0.788572042
1454,0.605971465,0.630971465,0.639971465,0.675971465,0.665971465,0.735971465,0.714971465,0.729971465,0.724971465,0.754971465
1455,0.400034136,0.404034136,0.420034136,0.438034136,0.482034136,0.465034136,0.454034136,0.440034136,0.438034136,0.448034136
1456,0.675434769,0.705434769,0.734434769,0.732434769,0.760434769,0.759434769,0.743434769,0.761434769,0.736434769,0.743434769
1457,0.574611138,0.603611138,0.643611138,0.634611138,0.605611138,0.643611138,0.613611138,0.660611138,0.647611138,0.673611138
1458,0.701232589,0.754232589,0.765232589,0.747232589,0.772232589,0.774232589,0.748232589,0.805232589,0.757232589,0.821232589
1459,0.604223186,0.615223186,0.685223186,0.638223186,0.674223186,0.642223186,0.628223186,0.641223186,0.648223186,0.657223186
1460,0.5929183,0.6109183,0.6379183,0.6399183,0.6729183,0.6889183,0.6679183,0.6449183,0.6579183,0.6749183
1461,0.541195086,0.625195086,0.631195086,0.670195086,0.675195086,0.577195086,0.561195086,0.557195086,0.571195086,0.572195086
1462,0.673292417,0.704292417,0.638292417,0.674292417,0.705292417,0.754292417,0.728292417,0.740292417,0.715292417,0.724292417
1463,0.691880291,0.755880291,0.752880291,0.717880291,0.780880291,0.783880291,0.733880291,0.781880291,0.753880291,0.763880291
1464,0.683004987,0.723004987,0.728004987,0.685004987,0.725004987,0.740004987,0.728004987,0.727004987,0.729004987,0.723004987
1465,0.588287653,0.611287653,0.635287653,0.619287653,0.704287653,0.642287653,0.653287653,0.646287653,0.656287653,0.664287653
1466,0.729194272,0.744194272,0.757194272,0.760194272,0.791194272,0.805194272,0.788194272,0.829194272,0.768194272,0.799194272
1467,0.956742825,0.946742825,0.999742825,0.961742825,0.927742825,1.071742825,1.028742825,1.032742825,1.015742825,1.058742825
1468,0.685892848,0.671892848,0.719892848,0.718892848,0.674892848,0.754892848,0.782892848,0.783892848,0.773892848,0.809892848
1469,0.642776504,0.675776504,0.662776504,0.649776504,0.690776504,0.713776504,0.682776504,0.693776504,0.677776504,0.697776504
1470,0.565643527,0.574643527,0.582643527,0.574643527,0.630643527,0.625643527,0.583643527,0.561643527,0.587643527,0.590643527
1471,0.694973748,0.696973748,0.713973748,0.768973748,0.765973748,0.774973748,0.753973748,0.761973748,0.738973748,0.745973748
1472,0.765036175,0.805036175,0.842036175,0.841036175,0.857036175,0.861036175,0.829036175,0.845036175,0.824036175,0.824036175
1473,0.625753827,0.678753827,0.609753827,0.632753827,0.693753827,0.718753827,0.668753827,0.718753827,0.674753827,0.683753827
1474,0.646201199,0.653201199,0.644201199,0.644201199,0.661201199,0.727201199,0.697201199,0.675201199,0.684201199,0.720201199
1475,0.729411431,0.813411431,0.833411431,0.842411431,0.808411431,0.798411431,0.793411431,0.779411431,0.764411431,0.756411431
1476,0.696510063,0.725510063,0.746510063,0.711510063,0.772510063,0.795510063,0.757510063,0.785510063,0.741510063,0.781510063
1477,0.643183144,0.691183144,0.736183144,0.689183144,0.741183144,0.736183144,0.713183144,0.737183144,0.689183144,0.686183144
1478,0.592079585,0.666079585,0.661079585,0.609079585,0.638079585,0.700079585,0.650079585,0.706079585,0.650079585,0.663079585
1479,0.661279502,0.678279502,0.692279502,0.739279502,0.733279502,0.714279502,0.675279502,0.716279502,0.663279502,0.689279502
1480,0.555816596,0.599816596,0.655816596,0.581816596,0.635816596,0.650816596,0.584816596,0.620816596,0.613816596,0.613816596
1481,0.659348715,0.703348715,0.758348715,0.748348715,0.731348715,0.776348715,0.729348715,0.741348715,0.738348715,0.730348715
1482,0.867514969,0.921514969,0.944514969,0.947514969,0.967514969,0.993514969,0.914514969,0.937514969,0.921514969,0.957514969
1483,0.523343933,0.605343933,0.576343933,0.590343933,0.587343933,0.595343933,0.562343933,0.609343933,0.561343933,0.571343933
1484,0.595057789,0.625057789,0.669057789,0.624057789,0.711057789,0.656057789,0.672057789,0.666057789,0.649057789,0.625057789
1485,0.702521499,0.712521499,0.711521499,0.678521499,0.741521499,0.753521499,0.749521499,0.762521499,0.783521499,0.768521499
1486,0.588894269,0.626894269,0.643894269,0.622894269,0.645894269,0.646894269,0.643894269,0.619894269,0.625894269,0.644894269
1487,0.821485227,0.877485227,0.899485227,0.832485227,0.866485227,0.896485227,0.853485227,0.834485227,0.881485227,0.860485227
1488,0.600943228,0.631943228,0.660943228,0.594943228,0.660943228,0.712943228,0.680943228,0.664943228,0.682943228,0.679943228
1489,0.512841871,0.525841871,0.490841871,0.565841871,0.569841871,0.554841871,0.531841871,0.551841871,0.539841871,0.533841871
1490,0.695617264,0.704617264,0.768617264,0.742617264,0.811617264,0.776617264,0.735617264,0.730617264,0.747617264,0.751617264
1491,0.835293098,0.851293098,0.835293098,0.896293098,0.886293098,0.961293098,0.886293098,0.943293098,0.910293098,0.920293098
1492,0.78323354,0.83023354,0.80223354,0.83023354,0.87923354,0.87723354,0.84023354,0.85823354,0.81823354,0.83223354
1493,0.624554442,0.651554442,0.706554442,0.666554442,0.751554442,0.704554442,0.694554442,0.719554442,0.666554442,0.730554442
1494,0.658709794,0.709709794,0.707709794,0.757709794,0.761709794,0.751709794,0.693709794,0.686709794,0.692709794,0.679709794
1495,0.761159159,0.871159159,0.889159159,0.849159159,0.857159159,0.834159159,0.819159159,0.849159159,0.843159159,0.837159159
1496,0.488868389,0.549868389,0.552868389,0.513868389,0.583868389,0.583868389,0.558868389,0.571868389,0.544868389,0.556868389
1497,0.655645997,0.717645997,0.648645997,0.679645997,0.674645997,0.734645997,0.712645997,0.750645997,0.719645997,0.745645997
1498,0.74124431,0.77024431,0.77024431,0.76724431,0.72624431,0.80624431,0.79724431,0.78424431,0.80524431,0.77224431
1499,0.570622797,0.596622797,0.640622797,0.605622797,0.612622797,0.671622797,0.638622797,0.655622797,0.632622797,0.644622797
1500,0.708145345,0.756145345,0.753145345,0.755145345,0.747145345,0.744145345,0.738145345,0.748145345,0.708145345,0.745145345
1501,0.631934727,0.664934727,0.674934727,0.659934727,0.705934727,0.685934727,0.621934727,0.624934727,0.627934727,0.647934727
1502,0.492204404,0.555204404,0.576204404,0.543204404,0.517204404,0.569204404,0.538204404,0.579204404,0.546204404,0.576204404
1503,0.656749492,0.694749492,0.686749492,0.709749492,0.723749492,0.741749492,0.725749492,0.721749492,0.727749492,0.732749492
1504,0.676198006,0.749198006,0.743198006,0.740198006,0.721198006,0.774198006,0.745198006,0.707198006,0.743198006,0.709198006
1505,0.66158159,0.66758159,0.67858159,0.67458159,0.62758159,0.73258159,0.68458159,0.69458159,0.69758159,0.68458159
1506,0.614951114,0.650951114,0.727951114,0.678951114,0.689951114,0.689951114,0.670951114,0.676951114,0.685951114,0.685951114
1507,0.573884102,0.583884102,0.619884102,0.604884102,0.592884102,0.644884102,0.624884102,0.662884102,0.656884102,0.663884102
1508,0.648793747,0.647793747,0.709793747,0.674793747,0.722793747,0.770793747,0.701793747,0.733793747,0.668793747,0.737793747
1509,0.676775918,0.672775918,0.731775918,0.689775918,0.732775918,0.728775918,0.679775918,0.709775918,0.690775918,0.700775918
1510,0.81696463,0.80996463,0.80596463,0.83996463,0.91096463,0.89996463,0.87496463,0.86096463,0.83296463,0.89896463
1511,0.824927881,0.830927881,0.914927881,0.871927881,0.877927881,0.875927881,0.864927881,0.871927881,0.833927881,0.909927881
1512,0.663001278,0.769001278,0.780001278,0.730001278,0.743001278,0.739001278,0.724001278,0.730001278,0.735001278,0.699001278
1513,0.642134231,0.623134231,0.659134231,0.652134231,0.657134231,0.749134231,0.715134231,0.721134231,0.703134231,0.700134231
1514,0.657940096,0.711940096,0.703940096,0.706940096,0.716940096,0.748940096,0.673940096,0.743940096,0.730940096,0.736940096
1515,0.595430167,0.595430167,0.631430167,0.576430167,0.610430167,0.681430167,0.668430167,0.664430167,0.646430167,0.648430167
1516,0.585852416,0.603852416,0.681852416,0.698852416,0.713852416,0.639852416,0.595852416,0.604852416,0.621852416,0.616852416
1517,0.853989905,0.880989905,0.978989905,0.925989905,0.900989905,0.987989905,0.951989905,0.901989905,0.933989905,0.931989905
1518,0.620086478,0.631086478,0.691086478,0.632086478,0.694086478,0.712086478,0.710086478,0.697086478,0.683086478,0.731086478
1519,0.684381872,0.726381872,0.688381872,0.701381872,0.776381872,0.757381872,0.721381872,0.744381872,0.744381872,0.722381872
1520,0.624261393,0.666261393,0.690261393,0.673261393,0.737261393,0.745261393,0.675261393,0.685261393,0.656261393,0.669261393
1521,0.656767981,0.666767981,0.699767981,0.683767981,0.690767981,0.736767981,0.736767981,0.742767981,0.712767981,0.734767981
1522,0.620174086,0.685174086,0.685174086,0.681174086,0.723174086,0.667174086,0.652174086,0.637174086,0.642174086,0.669174086
1523,0.611320124,0.659320124,0.636320124,0.636320124,0.671320124,0.669320124,0.643320124,0.658320124,0.632320124,0.707320124
1524,0.629374132,0.665374132,0.629374132,0.620374132,0.659374132,0.712374132,0.686374132,0.669374132,0.659374132,0.702374132
1525,0.658266213,0.663266213,0.687266213,0.667266213,0.685266213,0.769266213,0.738266213,0.739266213,0.719266213,0.737266213
1526,0.642557881,0.661557881,0.677557881,0.642557881,0.677557881,0.749557881,0.690557881,0.713557881,0.703557881,0.702557881
1527,0.701023352,0.760023352,0.750023352,0.798023352,0.758023352,0.732023352,0.725023352,0.755023352,0.722023352,0.745023352
1528,0.679861437,0.671861437,0.753861437,0.669861437,0.717861437,0.756861437,0.722861437,0.715861437,0.682861437,0.742861437
1529,0.817532174,0.794532174,0.802532174,0.875532174,0.877532174,0.892532174,0.876532174,0.879532174,0.864532174,0.897532174
1530,0.600753977,0.593753977,0.622753977,0.630753977,0.623753977,0.671753977,0.631753977,0.643753977,0.634753977,0.616753977
1531,0.632421538,0.651421538,0.645421538,0.646421538,0.690421538,0.717421538,0.662421538,0.697421538,0.679421538,0.672421538
1532,0.74997943,0.76797943,0.84197943,0.78297943,0.81597943,0.80397943,0.80397943,0.78997943,0.77297943,0.76697943
1533,0.406906159,0.455906159,0.434906159,0.446906159,0.474906159,0.456906159,0.444906159,0.451906159,0.414906159,0.437906159
1534,0.610586319,0.647586319,0.656586319,0.654586319,0.677586319,0.679586319,0.696586319,0.695586319,0.689586319,0.697586319
1535,0.585475372,0.625475372,0.631475372,0.624475372,0.654475372,0.641475372,0.616475372,0.663475372,0.644475372,0.654475372
1536,0.637674,0.699674,0.711674,0.711674,0.722674,0.696674,0.631674,0.650674,0.660674,0.715674
1537,0.693699853,0.748699853,0.781699853,0.791699853,0.762699853,0.802699853,0.777699853,0.778699853,0.755699853,0.792699853
1538,0.707450895,0.706450895,0.735450895,0.742450895,0.739450895,0.790450895,0.741450895,0.771450895,0.756450895,0.769450895
1539,0.765925514,0.875925514,0.830925514,0.802925514,0.873925514,0.873925514,0.870925514,0.826925514,0.833925514,0.874925514
1540,0.576119284,0.563119284,0.614119284,0.594119284,0.626119284,0.683119284,0.623119284,0.629119284,0.621119284,0.667119284
1541,0.606038911,0.586038911,0.667038911,0.636038911,0.640038911,0.675038911,0.679038911,0.690038911,0.671038911,0.629038911
1542,0.56868759,0.56368759,0.60768759,0.62568759,0.61768759,0.65468759,0.64868759,0.65968759,0.62368759,0.65468759
1543,0.542615377,0.570615377,0.591615377,0.585615377,0.620615377,0.631615377,0.564615377,0.574615377,0.591615377,0.604615377
1544,0.724793634,0.717793634,0.773793634,0.761793634,0.770793634,0.808793634,0.766793634,0.776793634,0.773793634,0.783793634
1545,0.733226361,0.765226361,0.773226361,0.753226361,0.792226361,0.844226361,0.814226361,0.814226361,0.800226361,0.791226361
1546,0.583049952,0.568049952,0.592049952,0.601049952,0.663049952,0.647049952,0.651049952,0.673049952,0.615049952,0.656049952
1547,0.696373853,0.718373853,0.676373853,0.728373853,0.716373853,0.805373853,0.732373853,0.741373853,0.774373853,0.736373853
1548,0.590781436,0.613781436,0.671781436,0.601781436,0.658781436,0.682781436,0.627781436,0.653781436,0.637781436,0.650781436
1549,0.533775621,0.530775621,0.561775621,0.570775621,0.599775621,0.569775621,0.552775621,0.589775621,0.563775621,0.555775621
1550,0.593205635,0.602205635,0.625205635,0.625205635,0.593205635,0.681205635,0.652205635,0.706205635,0.663205635,0.680205635
1551,0.647794524,0.649794524,0.706794524,0.679794524,0.666794524,0.690794524,0.712794524,0.716794524,0.701794524,0.697794524
1552,0.475651071,0.451651071,0.528651071,0.431651071,0.489651071,0.540651071,0.525651071,0.518651071,0.486651071,0.504651071
1553,0.519439556,0.549439556,0.554439556,0.538439556,0.560439556,0.628439556,0.579439556,0.593439556,0.551439556,0.597439556
1554,0.560290843,0.600290843,0.638290843,0.607290843,0.589290843,0.674290843,0.611290843,0.655290843,0.614290843,0.658290843
1555,0.57330296,0.67630296,0.69230296,0.63130296,0.64630296,0.63330296,0.58830296,0.62930296,0.58130296,0.61830296
1556,0.582938656,0.613938656,0.587938656,0.605938656,0.619938656,0.672938656,0.601938656,0.656938656,0.637938656,0.672938656
1557,0.605154858,0.637154858,0.677154858,0.646154858,0.665154858,0.679154858,0.634154858,0.687154858,0.629154858,0.607154858
1558,0.625433082,0.666433082,0.663433082,0.670433082,0.655433082,0.685433082,0.651433082,0.646433082,0.672433082,0.671433082
1559,0.768044629,0.790044629,0.835044629,0.839044629,0.832044629,0.862044629,0.835044629,0.852044629,0.846044629,0.814044629
1560,0.817062181,0.802062181,0.843062181,0.791062181,0.838062181,0.899062181,0.840062181,0.880062181,0.867062181,0.884062181
1561,1.024402769,1.044402769,1.092402769,1.076402769,1.137402769,1.089402769,1.054402769,1.067402769,1.080402769,1.073402769
1562,0.713895648,0.747895648,0.656895648,0.727895648,0.780895648,0.751895648,0.737895648,0.730895648,0.733895648,0.725895648
1563,0.594079413,0.674079413,0.665079413,0.715079413,0.675079413,0.633079413,0.627079413,0.650079413,0.619079413,0.648079413
1564,0.601988964,0.628988964,0.624988964,0.674988964,0.648988964,0.674988964,0.642988964,0.652988964,0.661988964,0.659988964
1565,0.618986105,0.624986105,0.640986105,0.636986105,0.675986105,0.685986105,0.675986105,0.673986105,0.694986105,0.653986105
1566,0.739401543,0.755401543,0.825401543,0.792401543,0.838401543,0.794401543,0.782401543,0.771401543,0.759401543,0.807401543
1567,0.66511525,0.66711525,0.73011525,0.69511525,0.71411525,0.75011525,0.73511525,0.75211525,0.71411525,0.73711525
1568,0.667079348,0.680079348,0.747079348,0.693079348,0.779079348,0.764079348,0.742079348,0.749079348,0.755079348,0.763079348
1569,0.589896824,0.652896824,0.656896824,0.633896824,0.678896824,0.672896824,0.644896824,0.629896824,0.629896824,0.675896824
1570,0.601576501,0.598576501,0.651576501,0.621576501,0.632576501,0.691576501,0.673576501,0.684576501,0.657576501,0.691576501
1571,0.517385868,0.533385868,0.575385868,0.532385868,0.565385868,0.634385868,0.576385868,0.609385868,0.587385868,0.603385868
1572,0.503715596,0.508715596,0.545715596,0.527715596,0.527715596,0.625715596,0.572715596,0.585715596,0.568715596,0.602715596
1573,0.643510324,0.633510324,0.707510324,0.701510324,0.714510324,0.704510324,0.704510324,0.743510324,0.692510324,0.717510324
1574,0.67185294,0.67085294,0.71585294,0.71485294,0.74285294,0.73385294,0.75385294,0.73785294,0.70585294,0.72885294
1575,0.495741398,0.587741398,0.573741398,0.594741398,0.591741398,0.541741398,0.527741398,0.549741398,0.566741398,0.528741398
1576,0.865499659,0.927499659,0.882499659,0.898499659,0.934499659,0.953499659,0.923499659,0.913499659,0.908499659,0.925499659
1577,0.728480635,0.787480635,0.806480635,0.776480635,0.813480635,0.796480635,0.763480635,0.793480635,0.805480635,0.792480635
1578,0.799018545,0.847018545,0.807018545,0.782018545,0.819018545,0.859018545,0.838018545,0.857018545,0.846018545,0.877018545
1579,0.555724668,0.540724668,0.584724668,0.532724668,0.560724668,0.628724668,0.613724668,0.617724668,0.613724668,0.643724668
1580,0.596420127,0.630420127,0.630420127,0.577420127,0.673420127,0.680420127,0.633420127,0.647420127,0.659420127,0.653420127
1581,0.676595411,0.702595411,0.718595411,0.691595411,0.752595411,0.747595411,0.730595411,0.747595411,0.726595411,0.735595411
1582,0.555159083,0.578159083,0.579159083,0.590159083,0.597159083,0.647159083,0.598159083,0.636159083,0.600159083,0.624159083
1583,0.67105744,0.72405744,0.74305744,0.74605744,0.73905744,0.78705744,0.76205744,0.76905744,0.76405744,0.76405744
1584,0.621455976,0.623455976,0.659455976,0.629455976,0.643455976,0.693455976,0.668455976,0.695455976,0.648455976,0.646455976
1585,0.665581573,0.678581573,0.744581573,0.703581573,0.745581573,0.741581573,0.690581573,0.698581573,0.685581573,0.740581573
1586,0.712020002,0.752020002,0.795020002,0.755020002,0.834020002,0.778020002,0.783020002,0.752020002,0.737020002,0.795020002
1587,0.595348471,0.583348471,0.611348471,0.603348471,0.639348471,0.670348471,0.614348471,0.645348471,0.632348471,0.639348471
1588,0.873603401,0.986603401,0.969603401,0.977603401,0.987603401,0.961603401,0.980603401,0.954603401,0.959603401,0.974603401
1589,0.565958691,0.575958691,0.593958691,0.571958691,0.616958691,0.631958691,0.605958691,0.587958691,0.592958691,0.594958691
1590,0.707796871,0.693796871,0.716796871,0.703796871,0.749796871,0.764796871,0.740796871,0.769796871,0.708796871,0.755796871
1591,0.801933609,0.827933609,0.877933609,0.880933609,0.892933609,0.861933609,0.844933609,0.841933609,0.839933609,0.848933609
1592,0.678537445,0.673537445,0.714537445,0.715537445,0.699537445,0.760537445,0.741537445,0.775537445,0.767537445,0.757537445
1593,0.618318521,0.686318521,0.700318521,0.641318521,0.688318521,0.700318521,0.679318521,0.695318521,0.668318521,0.661318521
1594,0.777507775,0.808507775,0.871507775,0.853507775,0.858507775,0.817507775,0.810507775,0.825507775,0.796507775,0.828507775
1595,0.698356306,0.718356306,0.710356306,0.728356306,0.714356306,0.800356306,0.737356306,0.798356306,0.750356306,0.787356306
1596,0.760830897,0.743830897,0.777830897,0.746830897,0.771830897,0.802830897,0.791830897,0.818830897,0.813830897,0.804830897
1597,0.689385425,0.715385425,0.755385425,0.697385425,0.712385425,0.765385425,0.747385425,0.742385425,0.751385425,0.755385425
1598,0.664980203,0.722980203,0.674980203,0.733980203,0.753980203,0.722980203,0.677980203,0.697980203,0.687980203,0.709980203
1599,0.551468075,0.581468075,0.572468075,0.554468075,0.666468075,0.635468075,0.614468075,0.619468075,0.590468075,0.612468075
1600,0.726463027,0.720463027,0.760463027,0.717463027,0.770463027,0.778463027,0.785463027,0.809463027,0.760463027,0.789463027
1601,0.62499068,0.60699068,0.68599068,0.62799068,0.64299068,0.72199068,0.72799068,0.69699068,0.70399068,0.72399068
1602,0.755550037,0.835550037,0.824550037,0.846550037,0.859550037,0.820550037,0.815550037,0.792550037,0.809550037,0.830550037
1603,0.765131669,0.802131669,0.801131669,0.788131669,0.790131669,0.853131669,0.849131669,0.862131669,0.823131669,0.864131669
1604,0.725393966,0.754393966,0.805393966,0.794393966,0.836393966,0.774393966,0.758393966,0.779393966,0.735393966,0.752393966
1605,0.638632617,0.674632617,0.681632617,0.668632617,0.708632617,0.668632617,0.663632617,0.695632617,0.634632617,0.670632617
1606,0.689794946,0.710794946,0.706794946,0.658794946,0.697794946,0.726794946,0.717794946,0.732794946,0.717794946,0.725794946
1607,0.521506701,0.592506701,0.616506701,0.587506701,0.614506701,0.600506701,0.582506701,0.580506701,0.578506701,0.609506701
1608,0.604359806,0.625359806,0.653359806,0.614359806,0.625359806,0.653359806,0.665359806,0.641359806,0.646359806,0.665359806
1609,0.624418792,0.672418792,0.648418792,0.621418792,0.669418792,0.689418792,0.683418792,0.721418792,0.667418792,0.705418792
1610,0.474365199,0.492365199,0.557365199,0.477365199,0.513365199,0.565365199,0.500365199,0.548365199,0.519365199,0.537365199
1611,0.589033581,0.578033581,0.660033581,0.621033581,0.621033581,0.679033581,0.671033581,0.657033581,0.632033581,0.674033581
1612,0.526685588,0.603685588,0.611685588,0.589685588,0.650685588,0.598685588,0.571685588,0.600685588,0.575685588,0.612685588
1613,0.603165219,0.628165219,0.583165219,0.616165219,0.588165219,0.669165219,0.631165219,0.645165219,0.616165219,0.641165219
1614,0.647997452,0.670997452,0.706997452,0.673997452,0.679997452,0.720997452,0.683997452,0.680997452,0.694997452,0.694997452
1615,0.568403132,0.623403132,0.671403132,0.633403132,0.624403132,0.611403132,0.604403132,0.595403132,0.584403132,0.611403132
1616,0.577406353,0.615406353,0.647406353,0.604406353,0.636406353,0.648406353,0.670406353,0.682406353,0.675406353,0.697406353
1617,0.611677036,0.602677036,0.650677036,0.660677036,0.666677036,0.681677036,0.625677036,0.643677036,0.639677036,0.616677036
1618,0.538102384,0.583102384,0.595102384,0.583102384,0.636102384,0.602102384,0.588102384,0.635102384,0.607102384,0.629102384
1619,0.632646189,0.637646189,0.678646189,0.643646189,0.682646189,0.726646189,0.713646189,0.706646189,0.735646189,0.699646189
1620,0.699082222,0.728082222,0.764082222,0.705082222,0.728082222,0.742082222,0.685082222,0.720082222,0.707082222,0.771082222
1621,0.489646479,0.482646479,0.531646479,0.531646479,0.499646479,0.570646479,0.572646479,0.582646479,0.543646479,0.545646479
1622,0.818643837,0.772643837,0.843643837,0.826643837,0.856643837,0.892643837,0.885643837,0.926643837,0.850643837,0.862643837
1623,0.636799841,0.661799841,0.673799841,0.673799841,0.705799841,0.733799841,0.704799841,0.735799841,0.687799841,0.740799841
1624,0.649924168,0.673924168,0.697924168,0.670924168,0.731924168,0.699924168,0.684924168,0.733924168,0.727924168,0.719924168
1625,0.64614301,0.70914301,0.71514301,0.67914301,0.71014301,0.76814301,0.76714301,0.75514301,0.70614301,0.74914301
1626,0.66221871,0.70521871,0.73021871,0.74621871,0.74221871,0.69421871,0.66221871,0.69121871,0.66121871,0.70821871
1627,0.614141798,0.614141798,0.663141798,0.679141798,0.671141798,0.695141798,0.698141798,0.713141798,0.673141798,0.671141798
1628,0.638493792,0.693493792,0.694493792,0.701493792,0.708493792,0.726493792,0.719493792,0.705493792,0.691493792,0.705493792
1629,0.594785457,0.643785457,0.661785457,0.662785457,0.681785457,0.672785457,0.660785457,0.674785457,0.644785457,0.648785457
1630,0.563511235,0.605511235,0.608511235,0.601511235,0.615511235,0.663511235,0.603511235,0.648511235,0.594511235,0.607511235
1631,0.816746805,0.822746805,0.875746805,0.819746805,0.839746805,0.884746805,0.878746805,0.928746805,0.906746805,0.903746805
1632,0.749150457,0.759150457,0.791150457,0.833150457,0.818150457,0.829150457,0.780150457,0.770150457,0.788150457,0.811150457
1633,0.585826767,0.630826767,0.642826767,0.627826767,0.663826767,0.686826767,0.626826767,0.668826767,0.643826767,0.673826767
1634,0.781240745,0.810240745,0.817240745,0.801240745,0.797240745,0.841240745,0.831240745,0.826240745,0.848240745,0.807240745
1635,0.579024664,0.651024664,0.602024664,0.654024664,0.698024664,0.705024664,0.665024664,0.670024664,0.652024664,0.667024664
1636,0.555715645,0.562715645,0.609715645,0.662715645,0.620715645,0.597715645,0.586715645,0.599715645,0.600715645,0.593715645
1637,0.754590372,0.795590372,0.775590372,0.797590372,0.794590372,0.833590372,0.801590372,0.843590372,0.781590372,0.788590372
1638,0.681119367,0.696119367,0.769119367,0.696119367,0.690119367,0.797119367,0.759119367,0.779119367,0.754119367,0.787119367
1639,0.593504323,0.613504323,0.623504323,0.640504323,0.667504323,0.702504323,0.646504323,0.704504323,0.647504323,0.688504323
1640,0.69947838,0.76747838,0.77247838,0.77447838,0.81447838,0.76847838,0.75647838,0.81247838,0.74547838,0.78547838
1641,0.717808811,0.710808811,0.752808811,0.700808811,0.729808811,0.786808811,0.739808811,0.736808811,0.718808811,0.736808811
1642,0.708703676,0.653703676,0.698703676,0.782703676,0.755703676,0.792703676,0.728703676,0.800703676,0.777703676,0.769703676
1643,0.748280443,0.748280443,0.798280443,0.753280443,0.700280443,0.818280443,0.798280443,0.805280443,0.802280443,0.812280443
1644,0.570265523,0.591265523,0.618265523,0.596265523,0.609265523,0.621265523,0.639265523,0.597265523,0.589265523,0.638265523
1645,0.714864058,0.726864058,0.742864058,0.682864058,0.733864058,0.788864058,0.790864058,0.793864058,0.752864058,0.838864058
1646,0.640195385,0.654195385,0.682195385,0.693195385,0.682195385,0.706195385,0.671195385,0.697195385,0.675195385,0.692195385
1647,0.568815665,0.663815665,0.675815665,0.595815665,0.653815665,0.608815665,0.632815665,0.619815665,0.616815665,0.605815665
1648,0.698106637,0.732106637,0.714106637,0.712106637,0.720106637,0.802106637,0.729106637,0.813106637,0.751106637,0.782106637
1649,0.63845826,0.66945826,0.67345826,0.66845826,0.72745826,0.70745826,0.67245826,0.69345826,0.67945826,0.69645826
1650,0.728971467,0.755971467,0.784971467,0.751971467,0.775971467,0.805971467,0.763971467,0.834971467,0.782971467,0.779971467
1651,0.626767872,0.634767872,0.684767872,0.604767872,0.684767872,0.719767872,0.665767872,0.720767872,0.675767872,0.708767872
1652,0.640527264,0.687527264,0.637527264,0.655527264,0.669527264,0.716527264,0.685527264,0.708527264,0.690527264,0.682527264
1653,0.569861091,0.562861091,0.606861091,0.553861091,0.654861091,0.639861091,0.618861091,0.652861091,0.639861091,0.633861091
1654,0.504757598,0.512757598,0.561757598,0.572757598,0.601757598,0.579757598,0.522757598,0.578757598,0.547757598,0.542757598
1655,0.657459281,0.694459281,0.738459281,0.721459281,0.731459281,0.699459281,0.696459281,0.696459281,0.695459281,0.704459281
1656,0.684045096,0.771045096,0.739045096,0.685045096,0.758045096,0.718045096,0.742045096,0.720045096,0.722045096,0.745045096
1657,0.717387266,0.718387266,0.728387266,0.729387266,0.721387266,0.843387266,0.779387266,0.785387266,0.776387266,0.775387266
1658,0.637271546,0.650271546,0.628271546,0.658271546,0.611271546,0.734271546,0.717271546,0.682271546,0.694271546,0.693271546
1659,0.587934559,0.563934559,0.580934559,0.590934559,0.616934559,0.680934559,0.633934559,0.653934559,0.664934559,0.672934559
1660,0.856384784,0.852384784,0.935384784,0.867384784,0.899384784,0.958384784,0.943384784,0.976384784,0.946384784,0.953384784
1661,0.760878741,0.795878741,0.775878741,0.738878741,0.845878741,0.850878741,0.824878741,0.817878741,0.825878741,0.821878741
1662,0.892299594,0.866299594,0.946299594,0.982299594,0.959299594,0.985299594,0.946299594,0.928299594,0.923299594,0.956299594
1663,0.568824986,0.593824986,0.627824986,0.610824986,0.639824986,0.619824986,0.639824986,0.651824986,0.621824986,0.636824986
1664,0.807920272,0.795920272,0.863920272,0.874920272,0.871920272,0.911920272,0.868920272,0.888920272,0.875920272,0.899920272
1665,0.637678511,0.609678511,0.648678511,0.621678511,0.647678511,0.713678511,0.698678511,0.752678511,0.707678511,0.735678511
1666,0.517718534,0.567718534,0.561718534,0.612718534,0.618718534,0.603718534,0.543718534,0.596718534,0.565718534,0.576718534
1667,0.561942149,0.540942149,0.615942149,0.581942149,0.594942149,0.630942149,0.661942149,0.621942149,0.633942149,0.632942149
1668,0.609098474,0.559098474,0.661098474,0.587098474,0.620098474,0.691098474,0.675098474,0.677098474,0.679098474,0.683098474
1669,0.83335336,0.87835336,0.91035336,0.89635336,0.92835336,0.91135336,0.92435336,0.92935336,0.89935336,0.92535336
1670,0.720376166,0.740376166,0.765376166,0.731376166,0.814376166,0.765376166,0.761376166,0.770376166,0.794376166,0.767376166
1671,0.636832721,0.699832721,0.700832721,0.679832721,0.715832721,0.692832721,0.726832721,0.707832721,0.671832721,0.703832721
1672,0.698880285,0.723880285,0.709880285,0.702880285,0.711880285,0.795880285,0.769880285,0.732880285,0.763880285,0.770880285
1673,0.586153528,0.646153528,0.674153528,0.663153528,0.682153528,0.701153528,0.654153528,0.656153528,0.639153528,0.674153528
1674,0.572587679,0.552587679,0.642587679,0.578587679,0.660587679,0.654587679,0.630587679,0.671587679,0.633587679,0.619587679
1675,0.643090169,0.673090169,0.717090169,0.693090169,0.702090169,0.731090169,0.703090169,0.711090169,0.690090169,0.733090169
1676,0.873468909,0.943468909,0.974468909,0.957468909,0.973468909,0.907468909,0.927468909,0.925468909,0.933468909,0.959468909
1677,0.516133351,0.512133351,0.518133351,0.511133351,0.544133351,0.534133351,0.521133351,0.554133351,0.531133351,0.539133351
1678,0.768143432,0.815143432,0.831143432,0.779143432,0.834143432,0.813143432,0.807143432,0.798143432,0.819143432,0.802143432
1679,0.738243083,0.760243083,0.754243083,0.734243083,0.816243083,0.811243083,0.771243083,0.773243083,0.819243083,0.780243083
1680,0.753770251,0.810770251,0.830770251,0.792770251,0.801770251,0.804770251,0.789770251,0.787770251,0.781770251,0.797770251
1681,0.549729789,0.583729789,0.573729789,0.551729789,0.597729789,0.593729789,0.566729789,0.617729789,0.568729789,0.605729789
1682,0.684671019,0.737671019,0.732671019,0.755671019,0.793671019,0.742671019,0.722671019,0.717671019,0.736671019,0.727671019
1683,0.723809134,0.745809134,0.806809134,0.729809134,0.791809134,0.827809134,0.800809134,0.788809134,0.788809134,0.795809134
1684,0.689178338,0.675178338,0.734178338,0.720178338,0.730178338,0.774178338,0.747178338,0.733178338,0.742178338,0.739178338
1685,0.501636662,0.520636662,0.547636662,0.509636662,0.590636662,0.628636662,0.626636662,0.618636662,0.604636662,0.616636662
1686,0.639835537,0.709835537,0.747835537,0.718835537,0.719835537,0.740835537,0.684835537,0.725835537,0.683835537,0.698835537
1687,0.678629948,0.648629948,0.689629948,0.703629948,0.709629948,0.780629948,0.745629948,0.760629948,0.761629948,0.754629948
1688,0.706074624,0.771074624,0.817074624,0.755074624,0.800074624,0.754074624,0.745074624,0.714074624,0.727074624,0.710074624
1689,0.625014991,0.630014991,0.692014991,0.685014991,0.659014991,0.695014991,0.686014991,0.647014991,0.682014991,0.700014991
1690,0.762050444,0.725050444,0.819050444,0.762050444,0.789050444,0.804050444,0.771050444,0.793050444,0.787050444,0.784050444
1691,0.665234851,0.760234851,0.755234851,0.766234851,0.765234851,0.720234851,0.698234851,0.693234851,0.681234851,0.684234851
1692,0.818227793,0.861227793,0.830227793,0.854227793,0.901227793,0.893227793,0.889227793,0.889227793,0.890227793,0.896227793
1693,0.627293223,0.627293223,0.615293223,0.604293223,0.656293223,0.745293223,0.692293223,0.741293223,0.717293223,0.776293223
1694,0.843273439,0.941273439,0.920273439,0.906273439,0.939273439,0.900273439,0.888273439,0.890273439,0.882273439,0.928273439
1695,0.749097207,0.809097207,0.830097207,0.792097207,0.783097207,0.820097207,0.808097207,0.838097207,0.814097207,0.847097207
1696,0.580648698,0.585648698,0.592648698,0.599648698,0.666648698,0.653648698,0.637648698,0.643648698,0.634648698,0.663648698
1697,0.58088385,0.57088385,0.58088385,0.60388385,0.56688385,0.71688385,0.66488385,0.65788385,0.62988385,0.66588385
1698,0.763788255,0.715788255,0.819788255,0.779788255,0.818788255,0.818788255,0.804788255,0.847788255,0.771788255,0.787788255
1699,0.744837865,0.798837865,0.835837865,0.848837865,0.819837865,0.820837865,0.777837865,0.808837865,0.800837865,0.783837865
1700,0.699686913,0.770686913,0.787686913,0.754686913,0.782686913,0.751686913,0.740686913,0.736686913,0.763686913,0.742686913
1701,0.878262704,0.918262704,0.977262704,0.928262704,0.979262704,0.925262704,0.923262704,0.937262704,0.945262704,0.937262704
1702,0.747173956,0.808173956,0.786173956,0.764173956,0.797173956,0.854173956,0.803173956,0.849173956,0.809173956,0.836173956
1703,0.644703311,0.707703311,0.703703311,0.689703311,0.715703311,0.733703311,0.713703311,0.711703311,0.699703311,0.707703311
1704,0.763801267,0.756801267,0.755801267,0.804801267,0.779801267,0.809801267,0.832801267,0.810801267,0.810801267,0.852801267
1705,0.540133168,0.583133168,0.598133168,0.553133168,0.583133168,0.589133168,0.583133168,0.593133168,0.596133168,0.579133168
1706,0.689170612,0.688170612,0.741170612,0.726170612,0.788170612,0.761170612,0.733170612,0.761170612,0.762170612,0.740170612
1707,0.703589175,0.717589175,0.670589175,0.652589175,0.697589175,0.811589175,0.794589175,0.827589175,0.783589175,0.800589175
1708,0.612214369,0.659214369,0.716214369,0.669214369,0.664214369,0.659214369,0.642214369,0.691214369,0.638214369,0.632214369
1709,0.661168393,0.643168393,0.652168393,0.613168393,0.692168393,0.731168393,0.692168393,0.688168393,0.688168393,0.686168393
1710,0.687849414,0.711849414,0.742849414,0.701849414,0.672849414,0.752849414,0.738849414,0.757849414,0.738849414,0.733849414
1711,0.636587597,0.724587597,0.686587597,0.634587597,0.689587597,0.692587597,0.684587597,0.677587597,0.649587597,0.669587597
1712,0.583679398,0.595679398,0.609679398,0.611679398,0.595679398,0.648679398,0.629679398,0.626679398,0.615679398,0.625679398
1713,0.579124169,0.700124169,0.705124169,0.679124169,0.719124169,0.675124169,0.649124169,0.643124169,0.639124169,0.682124169
1714,0.577453313,0.614453313,0.640453313,0.650453313,0.678453313,0.697453313,0.658453313,0.682453313,0.651453313,0.692453313
1715,0.655445995,0.684445995,0.760445995,0.614445995,0.696445995,0.755445995,0.710445995,0.744445995,0.704445995,0.705445995
1716,0.444731401,0.417731401,0.470731401,0.435731401,0.454731401,0.535731401,0.495731401,0.497731401,0.485731401,0.505731401
1717,0.770250939,0.823250939,0.840250939,0.772250939,0.810250939,0.816250939,0.831250939,0.838250939,0.818250939,0.845250939
1718,0.495506535,0.515506535,0.467506535,0.464506535,0.508506535,0.586506535,0.578506535,0.570506535,0.569506535,0.574506535
1719,0.594539254,0.644539254,0.666539254,0.650539254,0.667539254,0.656539254,0.607539254,0.653539254,0.640539254,0.652539254
1720,0.597835407,0.641835407,0.675835407,0.650835407,0.648835407,0.676835407,0.688835407,0.688835407,0.663835407,0.663835407
1721,0.618564885,0.645564885,0.703564885,0.635564885,0.666564885,0.689564885,0.656564885,0.650564885,0.684564885,0.660564885
1722,0.630934156,0.695934156,0.695934156,0.736934156,0.706934156,0.703934156,0.656934156,0.675934156,0.645934156,0.689934156
1723,0.736969422,0.788969422,0.763969422,0.715969422,0.758969422,0.813969422,0.805969422,0.794969422,0.796969422,0.796969422
1724,0.666093492,0.697093492,0.758093492,0.720093492,0.750093492,0.779093492,0.727093492,0.763093492,0.743093492,0.740093492
1725,0.625155017,0.661155017,0.673155017,0.622155017,0.695155017,0.694155017,0.641155017,0.690155017,0.663155017,0.689155017
1726,0.713164041,0.713164041,0.772164041,0.754164041,0.748164041,0.816164041,0.772164041,0.761164041,0.782164041,0.756164041
1727,0.637662929,0.633662929,0.605662929,0.690662929,0.675662929,0.700662929,0.689662929,0.706662929,0.701662929,0.682662929
1728,0.684851566,0.784851566,0.780851566,0.771851566,0.787851566,0.749851566,0.734851566,0.757851566,0.740851566,0.764851566
1729,0.611527266,0.613527266,0.623527266,0.618527266,0.653527266,0.679527266,0.672527266,0.697527266,0.627527266,0.684527266
1730,0.596883907,0.588883907,0.632883907,0.581883907,0.625883907,0.700883907,0.640883907,0.663883907,0.647883907,0.670883907
1731,0.85935828,0.87535828,0.86835828,0.92035828,0.92135828,0.99635828,0.95735828,0.96735828,0.94835828,0.93835828
1732,0.782353145,0.825353145,0.843353145,0.796353145,0.859353145,0.876353145,0.822353145,0.879353145,0.851353145,0.866353145
1733,0.619291866,0.621291866,0.683291866,0.652291866,0.652291866,0.729291866,0.703291866,0.709291866,0.696291866,0.701291866
1734,0.676082568,0.769082568,0.715082568,0.706082568,0.790082568,0.790082568,0.730082568,0.774082568,0.737082568,0.766082568
1735,0.701061261,0.714061261,0.761061261,0.765061261,0.739061261,0.781061261,0.770061261,0.785061261,0.766061261,0.750061261
1736,0.794789327,0.781789327,0.820789327,0.855789327,0.821789327,0.841789327,0.858789327,0.862789327,0.856789327,0.862789327
1737,0.530405383,0.577405383,0.646405383,0.583405383,0.618405383,0.611405383,0.561405383,0.588405383,0.552405383,0.561405383
1738,0.64913439,0.68813439,0.73413439,0.67213439,0.69513439,0.72613439,0.68213439,0.68913439,0.68613439,0.72713439
1739,0.649125105,0.701125105,0.735125105,0.722125105,0.744125105,0.720125105,0.705125105,0.721125105,0.712125105,0.706125105
1740,0.677661737,0.708661737,0.727661737,0.713661737,0.717661737,0.723661737,0.698661737,0.746661737,0.726661737,0.737661737
1741,0.642664017,0.718664017,0.713664017,0.717664017,0.737664017,0.705664017,0.647664017,0.686664017,0.708664017,0.680664017
1742,0.626319496,0.686319496,0.703319496,0.690319496,0.749319496,0.749319496,0.693319496,0.710319496,0.677319496,0.703319496
1743,0.473167502,0.493167502,0.532167502,0.489167502,0.516167502,0.549167502,0.524167502,0.548167502,0.514167502,0.550167502
1744,0.576767261,0.600767261,0.650767261,0.611767261,0.636767261,0.644767261,0.651767261,0.701767261,0.651767261,0.665767261
1745,0.582260504,0.603260504,0.625260504,0.594260504,0.647260504,0.626260504,0.630260504,0.642260504,0.652260504,0.640260504
1746,0.653016744,0.637016744,0.674016744,0.647016744,0.653016744,0.751016744,0.739016744,0.777016744,0.729016744,0.763016744
1747,0.663296844,0.697296844,0.743296844,0.730296844,0.717296844,0.743296844,0.743296844,0.748296844,0.728296844,0.721296844
1748,0.509811115,0.540811115,0.564811115,0.524811115,0.574811115,0.559811115,0.528811115,0.527811115,0.549811115,0.525811115
1749,0.458180998,0.461180998,0.497180998,0.505180998,0.506180998,0.534180998,0.518180998,0.510180998,0.521180998,0.514180998
1750,0.634274984,0.621274984,0.731274984,0.641274984,0.676274984,0.686274984,0.679274984,0.705274984,0.667274984,0.671274984
1751,0.713410465,0.700410465,0.736410465,0.701410465,0.770410465,0.757410465,0.716410465,0.739410465,0.736410465,0.741410465
1752,0.578207693,0.654207693,0.613207693,0.599207693,0.588207693,0.656207693,0.637207693,0.640207693,0.624207693,0.642207693
1753,0.77382498,0.77982498,0.81382498,0.78382498,0.78482498,0.84982498,0.83982498,0.84482498,0.82482498,0.84082498
1754,0.661629757,0.663629757,0.722629757,0.691629757,0.759629757,0.750629757,0.729629757,0.727629757,0.747629757,0.759629757
1755,0.701888209,0.714888209,0.795888209,0.733888209,0.779888209,0.788888209,0.757888209,0.768888209,0.768888209,0.794888209
1756,0.694390585,0.724390585,0.778390585,0.701390585,0.720390585,0.797390585,0.748390585,0.761390585,0.761390585,0.740390585
1757,0.735125536,0.751125536,0.771125536,0.748125536,0.770125536,0.836125536,0.803125536,0.783125536,0.802125536,0.829125536
1758,0.556307365,0.571307365,0.580307365,0.585307365,0.604307365,0.620307365,0.610307365,0.622307365,0.594307365,0.627307365
1759,0.633685053,0.610685053,0.674685053,0.631685053,0.644685053,0.711685053,0.655685053,0.685685053,0.672685053,0.641685053
1760,0.732836087,0.744836087,0.814836087,0.760836087,0.801836087,0.790836087,0.797836087,0.826836087,0.806836087,0.756836087
1761,0.512251488,0.519251488,0.544251488,0.539251488,0.581251488,0.597251488,0.560251488,0.582251488,0.553251488,0.540251488
1762,0.680540175,0.729540175,0.807540175,0.794540175,0.816540175,0.726540175,0.702540175,0.691540175,0.709540175,0.702540175
1763,0.712477729,0.759477729,0.820477729,0.810477729,0.759477729,0.840477729,0.813477729,0.809477729,0.811477729,0.823477729
1764,0.856608832,0.825608832,0.879608832,0.919608832,0.914608832,0.914608832,0.950608832,0.915608832,0.910608832,0.962608832
1765,0.555053633,0.516053633,0.634053633,0.546053633,0.638053633,0.642053633,0.594053633,0.622053633,0.594053633,0.658053633
1766,0.611967854,0.702967854,0.673967854,0.687967854,0.699967854,0.678967854,0.632967854,0.674967854,0.633967854,0.661967854
1767,0.545318331,0.606318331,0.576318331,0.603318331,0.570318331,0.672318331,0.596318331,0.620318331,0.615318331,0.631318331
1768,0.52372605,0.54472605,0.61872605,0.55672605,0.61772605,0.59572605,0.56172605,0.60172605,0.57672605,0.56672605
1769,0.513693463,0.511693463,0.607693463,0.536693463,0.546693463,0.608693463,0.563693463,0.573693463,0.557693463,0.589693463
1770,0.613721223,0.650721223,0.628721223,0.680721223,0.655721223,0.707721223,0.661721223,0.693721223,0.686721223,0.695721223
1771,0.629392721,0.654392721,0.688392721,0.626392721,0.602392721,0.676392721,0.650392721,0.640392721,0.652392721,0.662392721
1772,0.524996919,0.541996919,0.565996919,0.495996919,0.517996919,0.580996919,0.556996919,0.617996919,0.562996919,0.604996919
1773,0.720082979,0.765082979,0.760082979,0.792082979,0.803082979,0.822082979,0.778082979,0.753082979,0.770082979,0.793082979
1774,0.629435335,0.586435335,0.667435335,0.630435335,0.660435335,0.652435335,0.667435335,0.656435335,0.641435335,0.669435335
1775,0.638853087,0.660853087,0.698853087,0.669853087,0.712853087,0.669853087,0.654853087,0.669853087,0.650853087,0.682853087
1776,0.779333299,0.764333299,0.835333299,0.804333299,0.825333299,0.886333299,0.891333299,0.838333299,0.853333299,0.889333299
1777,0.705518914,0.727518914,0.738518914,0.710518914,0.721518914,0.779518914,0.739518914,0.776518914,0.776518914,0.761518914
1778,0.560276867,0.549276867,0.590276867,0.615276867,0.570276867,0.598276867,0.598276867,0.584276867,0.559276867,0.588276867
1779,0.687455122,0.707455122,0.739455122,0.719455122,0.708455122,0.769455122,0.745455122,0.760455122,0.782455122,0.796455122
1780,0.62847077,0.56847077,0.66747077,0.63447077,0.66947077,0.70447077,0.68647077,0.70947077,0.71647077,0.72047077
1781,1.070201809,1.081201809,1.113201809,1.134201809,1.167201809,1.139201809,1.116201809,1.052201809,1.077201809,1.103201809
1782,0.560366363,0.576366363,0.568366363,0.580366363,0.568366363,0.653366363,0.625366363,0.632366363,0.617366363,0.619366363
1783,0.753711008,0.743711008,0.785711008,0.814711008,0.809711008,0.795711008,0.812711008,0.815711008,0.803711008,0.812711008
1784,0.686485387,0.754485387,0.795485387,0.777485387,0.813485387,0.755485387,0.703485387,0.741485387,0.719485387,0.715485387
1785,0.614407854,0.645407854,0.675407854,0.677407854,0.690407854,0.718407854,0.646407854,0.682407854,0.658407854,0.657407854
1786,0.599563094,0.606563094,0.606563094,0.613563094,0.619563094,0.679563094,0.629563094,0.674563094,0.678563094,0.650563094
1787,0.534498541,0.531498541,0.647498541,0.602498541,0.616498541,0.609498541,0.584498541,0.601498541,0.584498541,0.619498541
1788,0.523553832,0.565553832,0.566553832,0.574553832,0.655553832,0.640553832,0.605553832,0.622553832,0.582553832,0.603553832
1789,0.47009743,0.47009743,0.54309743,0.51709743,0.53209743,0.52909743,0.51209743,0.54009743,0.51109743,0.54609743
1790,0.510652207,0.534652207,0.591652207,0.559652207,0.580652207,0.626652207,0.594652207,0.632652207,0.576652207,0.573652207
1791,0.568970226,0.591970226,0.645970226,0.617970226,0.663970226,0.646970226,0.638970226,0.645970226,0.636970226,0.659970226
1792,0.686188843,0.701188843,0.757188843,0.730188843,0.749188843,0.820188843,0.747188843,0.723188843,0.740188843,0.777188843
1793,0.465281334,0.489281334,0.552281334,0.495281334,0.556281334,0.500281334,0.498281334,0.503281334,0.486281334,0.544281334
1794,0.727972421,0.754972421,0.800972421,0.801972421,0.784972421,0.801972421,0.780972421,0.789972421,0.804972421,0.808972421
1795,0.561138572,0.629138572,0.592138572,0.585138572,0.617138572,0.655138572,0.622138572,0.624138572,0.623138572,0.631138572
1796,0.554741188,0.555741188,0.564741188,0.577741188,0.621741188,0.672741188,0.624741188,0.612741188,0.628741188,0.638741188
1797,0.611669498,0.602669498,0.590669498,0.634669498,0.680669498,0.656669498,0.647669498,0.668669498,0.626669498,0.624669498
1798,0.68416541,0.73816541,0.73116541,0.74516541,0.73616541,0.76516541,0.72216541,0.74416541,0.74116541,0.74316541
1799,0.767793165,0.776793165,0.847793165,0.800793165,0.832793165,0.835793165,0.809793165,0.832793165,0.792793165,0.828793165
1800,0.698575417,0.697575417,0.715575417,0.680575417,0.716575417,0.812575417,0.766575417,0.797575417,0.754575417,0.776575417
1801,0.724848275,0.708848275,0.726848275,0.708848275,0.721848275,0.785848275,0.782848275,0.802848275,0.812848275,0.803848275
1802,0.552272869,0.615272869,0.664272869,0.623272869,0.639272869,0.640272869,0.579272869,0.615272869,0.590272869,0.620272869
1803,0.758049295,0.809049295,0.833049295,0.819049295,0.798049295,0.835049295,0.802049295,0.797049295,0.796049295,0.804049295
1804,0.708400993,0.740400993,0.796400993,0.752400993,0.766400993,0.793400993,0.761400993,0.738400993,0.724400993,0.788400993
1805,0.742492226,0.765492226,0.761492226,0.740492226,0.772492226,0.813492226,0.773492226,0.783492226,0.782492226,0.751492226
1806,0.899693759,0.903693759,0.913693759,0.919693759,0.971693759,0.971693759,0.968693759,0.986693759,0.967693759,0.944693759
1807,0.505160455,0.536160455,0.561160455,0.532160455,0.585160455,0.571160455,0.547160455,0.586160455,0.587160455,0.567160455
1808,0.63007733,0.69707733,0.72607733,0.70107733,0.71107733,0.72507733,0.72107733,0.71607733,0.70907733,0.72407733
1809,0.791048056,0.830048056,0.821048056,0.780048056,0.827048056,0.840048056,0.821048056,0.831048056,0.840048056,0.805048056
1810,0.656438873,0.701438873,0.719438873,0.706438873,0.753438873,0.698438873,0.698438873,0.677438873,0.680438873,0.726438873
1811,0.817620969,0.795620969,0.808620969,0.843620969,0.782620969,0.872620969,0.855620969,0.865620969,0.853620969,0.855620969
1812,0.659154648,0.648154648,0.730154648,0.696154648,0.678154648,0.683154648,0.696154648,0.690154648,0.694154648,0.683154648
1813,0.756630976,0.790630976,0.816630976,0.757630976,0.762630976,0.834630976,0.797630976,0.811630976,0.793630976,0.832630976
1814,0.546696886,0.564696886,0.607696886,0.563696886,0.629696886,0.601696886,0.592696886,0.618696886,0.597696886,0.618696886
1815,0.644562633,0.754562633,0.771562633,0.746562633,0.777562633,0.717562633,0.670562633,0.678562633,0.670562633,0.690562633
1816,0.537273158,0.555273158,0.592273158,0.552273158,0.573273158,0.573273158,0.561273158,0.583273158,0.567273158,0.564273158
1817,0.635871777,0.634871777,0.694871777,0.657871777,0.653871777,0.727871777,0.665871777,0.714871777,0.668871777,0.697871777
1818,0.615565196,0.726565196,0.732565196,0.683565196,0.731565196,0.704565196,0.697565196,0.709565196,0.686565196,0.686565196
1819,0.92376938,0.95576938,1.02276938,0.97476938,0.98276938,0.99776938,0.98276938,1.02476938,0.97776938,0.98376938
1820,0.590186295,0.659186295,0.723186295,0.657186295,0.674186295,0.686186295,0.662186295,0.657186295,0.627186295,0.669186295
1821,0.753561265,0.754561265,0.765561265,0.770561265,0.759561265,0.835561265,0.800561265,0.840561265,0.793561265,0.840561265
1822,0.929697301,0.911697301,0.977697301,0.935697301,0.957697301,0.976697301,0.967697301,0.967697301,0.979697301,0.992697301
1823,0.62173287,0.62173287,0.68473287,0.64173287,0.69873287,0.74773287,0.70073287,0.69673287,0.71173287,0.70773287
1824,0.687939361,0.681939361,0.770939361,0.706939361,0.712939361,0.761939361,0.740939361,0.764939361,0.729939361,0.721939361
1825,0.592843986,0.595843986,0.629843986,0.646843986,0.653843986,0.651843986,0.645843986,0.687843986,0.620843986,0.650843986
1826,0.536938637,0.638938637,0.611938637,0.620938637,0.661938637,0.636938637,0.596938637,0.592938637,0.566938637,0.575938637
1827,0.544725581,0.585725581,0.635725581,0.626725581,0.630725581,0.666725581,0.624725581,0.639725581,0.612725581,0.634725581
1828,0.668812043,0.745812043,0.733812043,0.708812043,0.742812043,0.744812043,0.741812043,0.733812043,0.724812043,0.738812043
1829,0.617002762,0.656002762,0.713002762,0.668002762,0.705002762,0.663002762,0.650002762,0.639002762,0.654002762,0.644002762
1830,0.538435976,0.608435976,0.600435976,0.644435976,0.637435976,0.566435976,0.575435976,0.562435976,0.558435976,0.590435976
1831,0.659583673,0.694583673,0.700583673,0.691583673,0.741583673,0.705583673,0.719583673,0.748583673,0.707583673,0.717583673
1832,0.616825947,0.655825947,0.641825947,0.724825947,0.676825947,0.673825947,0.641825947,0.663825947,0.637825947,0.671825947
1833,0.623574515,0.611574515,0.673574515,0.649574515,0.638574515,0.689574515,0.715574515,0.706574515,0.687574515,0.671574515
1834,0.66750307,0.71850307,0.71750307,0.72750307,0.71550307,0.75450307,0.73150307,0.74450307,0.72150307,0.74450307
1835,0.709912119,0.767912119,0.750912119,0.790912119,0.780912119,0.746912119,0.711912119,0.764912119,0.742912119,0.748912119
1836,0.575728368,0.622728368,0.620728368,0.595728368,0.628728368,0.650728368,0.629728368,0.655728368,0.614728368,0.616728368
1837,0.643929161,0.681929161,0.747929161,0.706929161,0.709929161,0.718929161,0.702929161,0.703929161,0.718929161,0.713929161
1838,0.511942982,0.453942982,0.555942982,0.492942982,0.481942982,0.599942982,0.549942982,0.560942982,0.532942982,0.564942982
1839,0.638891829,0.723891829,0.752891829,0.643891829,0.720891829,0.732891829,0.697891829,0.720891829,0.731891829,0.677891829
1840,0.58084073,0.56584073,0.63184073,0.61884073,0.61584073,0.62184073,0.61084073,0.63784073,0.63084073,0.63984073
1841,0.666205703,0.637205703,0.744205703,0.735205703,0.732205703,0.718205703,0.699205703,0.711205703,0.715205703,0.670205703
1842,0.491918116,0.508918116,0.579918116,0.584918116,0.567918116,0.560918116,0.550918116,0.539918116,0.535918116,0.548918116
1843,0.811863357,0.799863357,0.895863357,0.855863357,0.918863357,0.889863357,0.896863357,0.855863357,0.863863357,0.872863357
1844,0.640034874,0.588034874,0.678034874,0.614034874,0.632034874,0.690034874,0.654034874,0.687034874,0.673034874,0.658034874
1845,0.552926148,0.587926148,0.587926148,0.562926148,0.586926148,0.632926148,0.604926148,0.599926148,0.578926148,0.637926148
1846,0.757676178,0.805676178,0.810676178,0.843676178,0.807676178,0.861676178,0.845676178,0.837676178,0.839676178,0.830676178
1847,0.820057238,0.818057238,0.868057238,0.835057238,0.902057238,0.900057238,0.870057238,0.887057238,0.866057238,0.888057238
1848,0.613839216,0.599839216,0.658839216,0.630839216,0.701839216,0.676839216,0.670839216,0.697839216,0.660839216,0.668839216
1849,0.764139988,0.748139988,0.811139988,0.781139988,0.806139988,0.831139988,0.795139988,0.821139988,0.796139988,0.815139988
1850,0.640181415,0.609181415,0.646181415,0.633181415,0.662181415,0.725181415,0.705181415,0.711181415,0.703181415,0.756181415
1851,0.576045366,0.625045366,0.641045366,0.597045366,0.628045366,0.641045366,0.627045366,0.662045366,0.620045366,0.664045366
1852,0.828482853,0.876482853,0.936482853,0.870482853,0.905482853,0.871482853,0.879482853,0.862482853,0.854482853,0.863482853
1853,0.533405527,0.593405527,0.634405527,0.595405527,0.643405527,0.587405527,0.593405527,0.566405527,0.594405527,0.621405527
1854,0.553684991,0.600684991,0.614684991,0.562684991,0.617684991,0.650684991,0.623684991,0.610684991,0.621684991,0.654684991
1855,0.713043179,0.789043179,0.748043179,0.790043179,0.818043179,0.794043179,0.775043179,0.761043179,0.762043179,0.786043179
1856,0.631538929,0.682538929,0.655538929,0.687538929,0.681538929,0.741538929,0.721538929,0.718538929,0.692538929,0.716538929
1857,0.686077458,0.651077458,0.727077458,0.716077458,0.716077458,0.749077458,0.711077458,0.759077458,0.734077458,0.716077458
1858,0.615594697,0.614594697,0.647594697,0.634594697,0.642594697,0.702594697,0.684594697,0.659594697,0.668594697,0.657594697
1859,0.612686685,0.624686685,0.641686685,0.641686685,0.696686685,0.698686685,0.650686685,0.674686685,0.661686685,0.645686685
1860,0.613808726,0.656808726,0.679808726,0.644808726,0.703808726,0.716808726,0.683808726,0.684808726,0.655808726,0.688808726
1861,0.805082151,0.797082151,0.816082151,0.864082151,0.863082151,0.848082151,0.853082151,0.855082151,0.851082151,0.865082151
1862,0.778047742,0.776047742,0.826047742,0.765047742,0.796047742,0.904047742,0.835047742,0.825047742,0.858047742,0.857047742
1863,0.648090876,0.634090876,0.702090876,0.688090876,0.721090876,0.728090876,0.737090876,0.716090876,0.733090876,0.740090876
1864,0.640859082,0.725859082,0.710859082,0.699859082,0.763859082,0.706859082,0.688859082,0.641859082,0.646859082,0.674859082
1865,0.795542117,0.788542117,0.806542117,0.791542117,0.802542117,0.870542117,0.851542117,0.870542117,0.840542117,0.851542117
1866,0.686824266,0.718824266,0.725824266,0.701824266,0.747824266,0.735824266,0.749824266,0.751824266,0.799824266,0.749824266
1867,0.584345984,0.596345984,0.620345984,0.621345984,0.644345984,0.626345984,0.604345984,0.620345984,0.599345984,0.633345984
1868,0.609845401,0.675845401,0.664845401,0.653845401,0.657845401,0.684845401,0.663845401,0.701845401,0.653845401,0.677845401
1869,0.726693346,0.700693346,0.726693346,0.749693346,0.768693346,0.780693346,0.770693346,0.787693346,0.772693346,0.795693346
1870,0.532388374,0.588388374,0.566388374,0.568388374,0.612388374,0.616388374,0.595388374,0.595388374,0.560388374,0.578388374
1871,0.847817157,0.919817157,0.930817157,0.892817157,0.885817157,0.973817157,0.901817157,0.920817157,0.907817157,0.934817157
1872,0.63502195,0.64602195,0.70102195,0.66302195,0.66002195,0.69602195,0.70702195,0.70602195,0.70802195,0.71202195
1873,0.803308172,0.823308172,0.857308172,0.830308172,0.842308172,0.851308172,0.861308172,0.868308172,0.845308172,0.854308172
1874,0.530401439,0.523401439,0.550401439,0.527401439,0.568401439,0.584401439,0.566401439,0.590401439,0.564401439,0.579401439
1875,0.649620622,0.671620622,0.740620622,0.683620622,0.716620622,0.689620622,0.678620622,0.735620622,0.702620622,0.705620622
1876,0.528180236,0.612180236,0.578180236,0.590180236,0.638180236,0.643180236,0.595180236,0.624180236,0.612180236,0.622180236
1877,0.647764529,0.591764529,0.616764529,0.626764529,0.651764529,0.698764529,0.674764529,0.723764529,0.692764529,0.674764529
1878,0.749201326,0.791201326,0.804201326,0.779201326,0.793201326,0.819201326,0.806201326,0.825201326,0.803201326,0.828201326
1879,0.688262007,0.769262007,0.814262007,0.738262007,0.797262007,0.709262007,0.704262007,0.710262007,0.704262007,0.699262007
1880,0.674090814,0.704090814,0.779090814,0.732090814,0.778090814,0.704090814,0.686090814,0.717090814,0.699090814,0.710090814
1881,0.625059626,0.708059626,0.745059626,0.711059626,0.785059626,0.656059626,0.673059626,0.655059626,0.648059626,0.684059626
1882,0.784393697,0.769393697,0.854393697,0.806393697,0.847393697,0.864393697,0.843393697,0.865393697,0.824393697,0.846393697
1883,0.602892075,0.612892075,0.632892075,0.639892075,0.676892075,0.676892075,0.678892075,0.647892075,0.682892075,0.669892075
1884,0.651166384,0.708166384,0.755166384,0.712166384,0.738166384,0.730166384,0.719166384,0.740166384,0.692166384,0.724166384
1885,0.391903198,0.412903198,0.427903198,0.470903198,0.463903198,0.461903198,0.442903198,0.450903198,0.452903198,0.444903198
1886,0.592916517,0.663916517,0.681916517,0.643916517,0.663916517,0.657916517,0.646916517,0.656916517,0.611916517,0.637916517
1887,0.54041453,0.63841453,0.60141453,0.59641453,0.63641453,0.61741453,0.61341453,0.61941453,0.63641453,0.64641453
1888,0.627745985,0.716745985,0.715745985,0.680745985,0.730745985,0.730745985,0.693745985,0.722745985,0.708745985,0.729745985
1889,0.982427802,1.033427802,1.030427802,1.086427802,1.058427802,1.024427802,1.014427802,1.015427802,0.995427802,1.018427802
1890,0.638917742,0.725917742,0.773917742,0.709917742,0.746917742,0.733917742,0.691917742,0.701917742,0.679917742,0.736917742
1891,0.617929244,0.600929244,0.657929244,0.593929244,0.622929244,0.710929244,0.668929244,0.682929244,0.664929244,0.638929244
1892,0.756244041,0.807244041,0.751244041,0.783244041,0.789244041,0.830244041,0.804244041,0.818244041,0.791244041,0.809244041
1893,0.712983732,0.770983732,0.788983732,0.763983732,0.774983732,0.759983732,0.747983732,0.785983732,0.769983732,0.785983732
1894,0.481453732,0.462453732,0.478453732,0.487453732,0.515453732,0.521453732,0.500453732,0.513453732,0.502453732,0.538453732
1895,0.745715125,0.788715125,0.775715125,0.811715125,0.787715125,0.797715125,0.822715125,0.804715125,0.778715125,0.795715125
1896,0.696270811,0.675270811,0.691270811,0.651270811,0.694270811,0.798270811,0.769270811,0.779270811,0.784270811,0.790270811
1897,0.58017933,0.59417933,0.62717933,0.65817933,0.63117933,0.62717933,0.65417933,0.62117933,0.62317933,0.63017933
1898,0.600907719,0.623907719,0.636907719,0.599907719,0.670907719,0.629907719,0.620907719,0.652907719,0.622907719,0.646907719
1899,0.666456447,0.654456447,0.707456447,0.673456447,0.718456447,0.739456447,0.704456447,0.711456447,0.718456447,0.716456447
1900,0.678994642,0.735994642,0.747994642,0.743994642,0.733994642,0.775994642,0.773994642,0.738994642,0.769994642,0.779994642
1901,0.705216763,0.766216763,0.807216763,0.754216763,0.800216763,0.858216763,0.813216763,0.822216763,0.797216763,0.803216763
1902,0.663139435,0.691139435,0.731139435,0.705139435,0.740139435,0.714139435,0.712139435,0.705139435,0.710139435,0.686139435
1903,0.633878314,0.673878314,0.676878314,0.652878314,0.667878314,0.689878314,0.658878314,0.702878314,0.686878314,0.671878314
1904,0.6929204,0.6749204,0.7139204,0.7219204,0.7389204,0.7609204,0.7429204,0.7879204,0.7649204,0.7519204
1905,0.674251724,0.747251724,0.778251724,0.742251724,0.791251724,0.716251724,0.681251724,0.729251724,0.690251724,0.703251724
1906,0.658696415,0.692696415,0.689696415,0.659696415,0.733696415,0.707696415,0.663696415,0.678696415,0.667696415,0.713696415
1907,0.568115051,0.521115051,0.565115051,0.581115051,0.528115051,0.666115051,0.605115051,0.630115051,0.607115051,0.638115051
1908,0.557654588,0.573654588,0.589654588,0.603654588,0.630654588,0.633654588,0.608654588,0.630654588,0.616654588,0.633654588
1909,0.580971106,0.613971106,0.598971106,0.556971106,0.589971106,0.653971106,0.622971106,0.620971106,0.622971106,0.650971106
1910,0.699536817,0.751536817,0.750536817,0.774536817,0.740536817,0.799536817,0.760536817,0.772536817,0.744536817,0.764536817
1911,0.735760197,0.740760197,0.838760197,0.783760197,0.790760197,0.860760197,0.793760197,0.815760197,0.805760197,0.831760197
1912,0.79531964,0.83131964,0.82131964,0.83331964,0.83131964,0.88831964,0.85331964,0.84231964,0.86331964,0.87531964
1913,0.794475236,0.866475236,0.865475236,0.815475236,0.858475236,0.859475236,0.834475236,0.859475236,0.828475236,0.857475236
1914,0.673159866,0.738159866,0.741159866,0.722159866,0.749159866,0.748159866,0.718159866,0.739159866,0.738159866,0.733159866
1915,0.480741672,0.458741672,0.514741672,0.479741672,0.499741672,0.604741672,0.532741672,0.554741672,0.557741672,0.577741672
1916,0.539976358,0.526976358,0.566976358,0.567976358,0.589976358,0.639976358,0.616976358,0.638976358,0.596976358,0.600976358
1917,0.58674276,0.63374276,0.64374276,0.65374276,0.67074276,0.63674276,0.63074276,0.61074276,0.61974276,0.60574276
1918,0.84395276,0.89095276,0.94595276,0.90795276,0.93395276,0.90795276,0.86595276,0.87095276,0.87495276,0.91595276
1919,0.79641262,0.87041262,0.85741262,0.83141262,0.83041262,0.89141262,0.82141262,0.85541262,0.83541262,0.83041262
1920,0.706035539,0.770035539,0.765035539,0.773035539,0.778035539,0.846035539,0.825035539,0.829035539,0.781035539,0.823035539
1921,0.575572207,0.585572207,0.586572207,0.621572207,0.586572207,0.640572207,0.590572207,0.641572207,0.625572207,0.626572207
1922,0.698951655,0.666951655,0.678951655,0.678951655,0.740951655,0.763951655,0.717951655,0.756951655,0.734951655,0.761951655
1923,0.612086678,0.552086678,0.548086678,0.568086678,0.580086678,0.664086678,0.643086678,0.678086678,0.672086678,0.652086678
1924,0.682824238,0.765824238,0.746824238,0.706824238,0.773824238,0.798824238,0.755824238,0.782824238,0.785824238,0.760824238
1925,0.577219345,0.608219345,0.610219345,0.584219345,0.612219345,0.643219345,0.615219345,0.617219345,0.613219345,0.628219345
1926,0.568612949,0.627612949,0.630612949,0.598612949,0.672612949,0.653612949,0.590612949,0.643612949,0.600612949,0.606612949
1927,0.793777563,0.845777563,0.852777563,0.846777563,0.842777563,0.855777563,0.851777563,0.864777563,0.840777563,0.892777563
1928,0.595396347,0.632396347,0.691396347,0.704396347,0.642396347,0.706396347,0.661396347,0.691396347,0.669396347,0.683396347
1929,0.699373801,0.753373801,0.754373801,0.718373801,0.756373801,0.753373801,0.734373801,0.736373801,0.712373801,0.747373801
1930,0.71929621,0.69729621,0.74329621,0.71229621,0.73729621,0.82429621,0.77629621,0.78029621,0.74029621,0.78629621
1931,0.691413041,0.642413041,0.715413041,0.723413041,0.728413041,0.777413041,0.771413041,0.795413041,0.724413041,0.739413041
1932,0.722697833,0.801697833,0.807697833,0.820697833,0.826697833,0.818697833,0.812697833,0.805697833,0.796697833,0.824697833
1933,0.610565972,0.640565972,0.617565972,0.634565972,0.691565972,0.720565972,0.663565972,0.682565972,0.675565972,0.746565972
1934,0.454627565,0.403627565,0.403627565,0.428627565,0.418627565,0.536627565,0.495627565,0.530627565,0.512627565,0.531627565
1935,0.670801195,0.740801195,0.716801195,0.716801195,0.702801195,0.757801195,0.742801195,0.726801195,0.733801195,0.698801195
1936,0.512157281,0.552157281,0.594157281,0.652157281,0.606157281,0.578157281,0.569157281,0.573157281,0.564157281,0.597157281
1937,0.610033035,0.627033035,0.620033035,0.610033035,0.683033035,0.700033035,0.654033035,0.651033035,0.632033035,0.627033035
1938,0.642607059,0.677607059,0.653607059,0.676607059,0.739607059,0.678607059,0.674607059,0.714607059,0.651607059,0.716607059
1939,0.681887515,0.687887515,0.744887515,0.684887515,0.710887515,0.786887515,0.744887515,0.738887515,0.733887515,0.757887515
1940,0.742038712,0.702038712,0.794038712,0.741038712,0.776038712,0.778038712,0.773038712,0.802038712,0.770038712,0.782038712
1941,0.64518196,0.64118196,0.69018196,0.65318196,0.74418196,0.70418196,0.70218196,0.71818196,0.70318196,0.73318196
1942,0.61355096,0.65655096,0.64855096,0.62155096,0.65655096,0.69855096,0.67755096,0.66355096,0.66255096,0.67055096
1943,0.778107011,0.781107011,0.816107011,0.833107011,0.809107011,0.850107011,0.837107011,0.822107011,0.844107011,0.831107011
1944,0.604282175,0.638282175,0.696282175,0.649282175,0.684282175,0.661282175,0.623282175,0.657282175,0.621282175,0.662282175
1945,0.836072239,0.897072239,0.895072239,0.880072239,0.897072239,0.888072239,0.865072239,0.934072239,0.880072239,0.895072239
1946,0.718523622,0.749523622,0.724523622,0.778523622,0.756523622,0.837523622,0.821523622,0.814523622,0.790523622,0.799523622
1947,0.720424539,0.766424539,0.795424539,0.772424539,0.784424539,0.757424539,0.786424539,0.737424539,0.758424539,0.772424539
1948,0.656670344,0.624670344,0.701670344,0.638670344,0.678670344,0.697670344,0.681670344,0.695670344,0.674670344,0.679670344
1949,0.645719002,0.705719002,0.680719002,0.709719002,0.704719002,0.690719002,0.698719002,0.690719002,0.695719002,0.737719002
1950,0.564285328,0.591285328,0.626285328,0.619285328,0.604285328,0.651285328,0.635285328,0.643285328,0.622285328,0.628285328
1951,0.414189721,0.476189721,0.486189721,0.479189721,0.520189721,0.467189721,0.489189721,0.484189721,0.461189721,0.473189721
1952,0.585150996,0.622150996,0.610150996,0.555150996,0.644150996,0.623150996,0.635150996,0.620150996,0.618150996,0.646150996
1953,0.655515429,0.654515429,0.675515429,0.676515429,0.709515429,0.733515429,0.702515429,0.693515429,0.701515429,0.686515429
1954,0.532210585,0.605210585,0.606210585,0.664210585,0.597210585,0.614210585,0.603210585,0.602210585,0.594210585,0.629210585
1955,0.666322533,0.699322533,0.712322533,0.755322533,0.739322533,0.762322533,0.692322533,0.714322533,0.705322533,0.699322533
1956,0.615548521,0.617548521,0.638548521,0.612548521,0.649548521,0.696548521,0.700548521,0.732548521,0.712548521,0.695548521
1957,0.843838586,0.903838586,0.916838586,0.906838586,0.885838586,0.911838586,0.884838586,0.892838586,0.855838586,0.934838586
1958,0.582484154,0.634484154,0.669484154,0.625484154,0.623484154,0.623484154,0.639484154,0.647484154,0.613484154,0.609484154
1959,0.668079811,0.731079811,0.738079811,0.657079811,0.742079811,0.698079811,0.702079811,0.698079811,0.697079811,0.704079811
1960,0.746160141,0.693160141,0.775160141,0.714160141,0.724160141,0.832160141,0.840160141,0.829160141,0.824160141,0.832160141
1961,0.719267434,0.735267434,0.749267434,0.785267434,0.804267434,0.820267434,0.787267434,0.818267434,0.795267434,0.802267434
1962,0.647509749,0.643509749,0.665509749,0.639509749,0.620509749,0.727509749,0.724509749,0.708509749,0.708509749,0.731509749
1963,0.844585136,0.910585136,0.909585136,0.850585136,0.953585136,0.956585136,0.875585136,0.946585136,0.919585136,0.916585136
1964,0.668886052,0.717886052,0.704886052,0.736886052,0.697886052,0.732886052,0.695886052,0.706886052,0.701886052,0.732886052
1965,0.684091959,0.691091959,0.688091959,0.712091959,0.715091959,0.753091959,0.726091959,0.752091959,0.731091959,0.719091959
1966,0.515475788,0.595475788,0.521475788,0.548475788,0.505475788,0.600475788,0.573475788,0.607475788,0.567475788,0.573475788
1967,0.646005934,0.643005934,0.647005934,0.670005934,0.643005934,0.765005934,0.726005934,0.727005934,0.721005934,0.763005934
1968,0.53013195,0.54213195,0.56213195,0.57313195,0.50413195,0.61013195,0.59713195,0.60613195,0.58213195,0.59813195
1969,0.545175887,0.578175887,0.593175887,0.579175887,0.562175887,0.596175887,0.571175887,0.601175887,0.562175887,0.588175887
1970,0.556631597,0.687631597,0.671631597,0.656631597,0.678631597,0.656631597,0.637631597,0.657631597,0.639631597,0.634631597
1971,0.592247157,0.582247157,0.642247157,0.637247157,0.642247157,0.600247157,0.622247157,0.640247157,0.601247157,0.616247157
1972,0.533335896,0.555335896,0.571335896,0.572335896,0.604335896,0.641335896,0.608335896,0.621335896,0.611335896,0.639335896
1973,0.527068947,0.546068947,0.561068947,0.529068947,0.552068947,0.612068947,0.589068947,0.585068947,0.601068947,0.598068947
1974,0.788795541,0.807795541,0.847795541,0.857795541,0.837795541,0.865795541,0.861795541,0.853795541,0.842795541,0.890795541
1975,0.645902634,0.680902634,0.720902634,0.731902634,0.733902634,0.701902634,0.653902634,0.705902634,0.682902634,0.676902634
1976,0.599551019,0.620551019,0.617551019,0.604551019,0.659551019,0.667551019,0.660551019,0.619551019,0.628551019,0.656551019
1977,0.495006573,0.557006573,0.567006573,0.535006573,0.572006573,0.603006573,0.616006573,0.598006573,0.596006573,0.605006573
1978,0.805337681,0.880337681,0.820337681,0.790337681,0.819337681,0.927337681,0.903337681,0.919337681,0.904337681,0.934337681
1979,0.630912986,0.661912986,0.675912986,0.690912986,0.707912986,0.681912986,0.685912986,0.718912986,0.686912986,0.687912986
1980,0.598825751,0.533825751,0.651825751,0.571825751,0.573825751,0.652825751,0.637825751,0.686825751,0.660825751,0.620825751
1981,0.814462251,0.771462251,0.879462251,0.883462251,0.888462251,0.910462251,0.872462251,0.882462251,0.894462251,0.897462251
1982,0.718630915,0.761630915,0.788630915,0.767630915,0.759630915,0.819630915,0.810630915,0.809630915,0.770630915,0.789630915
1983,0.581733174,0.615733174,0.627733174,0.601733174,0.651733174,0.700733174,0.651733174,0.679733174,0.677733174,0.682733174
1984,0.498510455,0.491510455,0.505510455,0.473510455,0.573510455,0.578510455,0.548510455,0.583510455,0.576510455,0.586510455
1985,0.519838452,0.497838452,0.467838452,0.511838452,0.545838452,0.607838452,0.575838452,0.592838452,0.556838452,0.613838452
1986,0.754316784,0.745316784,0.822316784,0.748316784,0.804316784,0.865316784,0.826316784,0.852316784,0.823316784,0.844316784
1987,0.949450416,0.962450416,1.036450416,0.964450416,1.010450416,1.020450416,0.992450416,1.023450416,0.981450416,0.988450416
1988,0.786216296,0.830216296,0.836216296,0.857216296,0.822216296,0.848216296,0.826216296,0.841216296,0.824216296,0.837216296
1989,0.784474895,0.804474895,0.791474895,0.856474895,0.858474895,0.799474895,0.833474895,0.816474895,0.802474895,0.828474895
1990,0.697339124,0.754339124,0.776339124,0.706339124,0.738339124,0.781339124,0.788339124,0.766339124,0.725339124,0.759339124
1991,0.536118826,0.594118826,0.609118826,0.579118826,0.653118826,0.587118826,0.585118826,0.571118826,0.595118826,0.618118826
1992,0.637930088,0.634930088,0.668930088,0.655930088,0.670930088,0.737930088,0.695930088,0.695930088,0.713930088,0.732930088
1993,0.649986879,0.655986879,0.745986879,0.718986879,0.686986879,0.749986879,0.730986879,0.702986879,0.698986879,0.725986879
1994,0.657267905,0.724267905,0.744267905,0.747267905,0.736267905,0.759267905,0.764267905,0.753267905,0.743267905,0.722267905
1995,0.704637609,0.677637609,0.657637609,0.668637609,0.708637609,0.813637609,0.775637609,0.762637609,0.774637609,0.780637609
1996,0.629735961,0.697735961,0.733735961,0.717735961,0.748735961,0.735735961,0.702735961,0.717735961,0.715735961,0.720735961
1997,0.560100634,0.582100634,0.603100634,0.623100634,0.612100634,0.684100634,0.645100634,0.672100634,0.644100634,0.657100634
1998,0.769134266,0.794134266,0.778134266,0.777134266,0.844134266,0.842134266,0.820134266,0.813134266,0.821134266,0.834134266
1999,0.635096193,0.635096193,0.620096193,0.625096193,0.631096193,0.710096193,0.688096193,0.710096193,0.689096193,0.701096193
2000,0.571674307,0.634674307,0.634674307,0.640674307,0.649674307,0.637674307,0.610674307,0.627674307,0.610674307,0.631674307
2001,0.689261055,0.679261055,0.740261055,0.708261055,0.724261055,0.781261055,0.757261055,0.744261055,0.745261055,0.775261055
2002,0.749069467,0.780069467,0.822069467,0.786069467,0.852069467,0.862069467,0.779069467,0.795069467,0.780069467,0.845069467
2003,0.709369205,0.752369205,0.760369205,0.779369205,0.785369205,0.745369205,0.732369205,0.754369205,0.731369205,0.733369205
2004,0.661112928,0.691112928,0.690112928,0.676112928,0.724112928,0.756112928,0.729112928,0.759112928,0.735112928,0.760112928
2005,0.719184637,0.718184637,0.750184637,0.724184637,0.726184637,0.766184637,0.760184637,0.749184637,0.771184637,0.786184637
2006,0.538689004,0.614689004,0.651689004,0.637689004,0.628689004,0.611689004,0.599689004,0.618689004,0.598689004,0.592689004
2007,0.618683153,0.603683153,0.635683153,0.646683153,0.655683153,0.772683153,0.720683153,0.729683153,0.726683153,0.723683153
2008,0.622800934,0.574800934,0.606800934,0.587800934,0.655800934,0.694800934,0.696800934,0.688800934,0.690800934,0.697800934
2009,0.787461462,0.804461462,0.810461462,0.791461462,0.838461462,0.861461462,0.828461462,0.852461462,0.839461462,0.834461462
2010,0.61085497,0.62285497,0.67585497,0.67685497,0.71585497,0.70185497,0.66885497,0.66785497,0.68385497,0.69185497
2011,0.80639816,0.76739816,0.86239816,0.82239816,0.84739816,0.88539816,0.85439816,0.86939816,0.87439816,0.85439816
2012,0.579948909,0.626948909,0.659948909,0.581948909,0.662948909,0.647948909,0.646948909,0.634948909,0.628948909,0.644948909
2013,0.755237576,0.815237576,0.771237576,0.841237576,0.821237576,0.849237576,0.813237576,0.824237576,0.816237576,0.813237576
2014,0.650240802,0.710240802,0.643240802,0.713240802,0.711240802,0.754240802,0.720240802,0.734240802,0.715240802,0.747240802
2015,0.594181509,0.639181509,0.636181509,0.597181509,0.672181509,0.614181509,0.567181509,0.611181509,0.604181509,0.616181509
2016,0.567493264,0.613493264,0.643493264,0.598493264,0.665493264,0.627493264,0.621493264,0.638493264,0.605493264,0.657493264
2017,0.767213163,0.753213163,0.827213163,0.779213163,0.820213163,0.843213163,0.794213163,0.823213163,0.803213163,0.826213163
2018,0.622194685,0.641194685,0.653194685,0.623194685,0.695194685,0.674194685,0.670194685,0.665194685,0.702194685,0.653194685
2019,0.608539985,0.657539985,0.674539985,0.642539985,0.690539985,0.667539985,0.656539985,0.681539985,0.652539985,0.680539985
2020,0.643109781,0.625109781,0.702109781,0.667109781,0.708109781,0.715109781,0.735109781,0.725109781,0.731109781,0.733109781
2021,0.755768615,0.742768615,0.815768615,0.725768615,0.803768615,0.864768615,0.800768615,0.808768615,0.790768615,0.812768615
2022,0.74047652,0.73947652,0.75847652,0.73147652,0.78647652,0.78547652,0.78947652,0.77547652,0.78047652,0.82047652
2023,0.571877103,0.663877103,0.627877103,0.607877103,0.661877103,0.639877103,0.589877103,0.605877103,0.627877103,0.614877103
2024,0.594260576,0.623260576,0.644260576,0.604260576,0.644260576,0.668260576,0.614260576,0.680260576,0.652260576,0.643260576
2025,0.745414782,0.814414782,0.801414782,0.807414782,0.803414782,0.795414782,0.746414782,0.774414782,0.792414782,0.786414782
2026,0.463785158,0.439785158,0.491785158,0.452785158,0.489785158,0.523785158,0.522785158,0.489785158,0.473785158,0.495785158
2027,0.727238096,0.736238096,0.729238096,0.752238096,0.823238096,0.804238096,0.805238096,0.776238096,0.761238096,0.766238096
2028,0.597327379,0.652327379,0.633327379,0.651327379,0.662327379,0.682327379,0.681327379,0.684327379,0.653327379,0.688327379
2029,0.576164014,0.606164014,0.660164014,0.624164014,0.658164014,0.621164014,0.615164014,0.621164014,0.605164014,0.636164014
2030,0.701431359,0.745431359,0.710431359,0.749431359,0.737431359,0.778431359,0.737431359,0.765431359,0.751431359,0.743431359
2031,0.487087263,0.492087263,0.556087263,0.509087263,0.528087263,0.549087263,0.524087263,0.529087263,0.507087263,0.550087263
2032,0.530468854,0.544468854,0.585468854,0.520468854,0.612468854,0.625468854,0.599468854,0.615468854,0.591468854,0.570468854
2033,0.735863267,0.795863267,0.784863267,0.773863267,0.816863267,0.792863267,0.771863267,0.791863267,0.795863267,0.799863267
2034,0.567705278,0.599705278,0.591705278,0.611705278,0.593705278,0.617705278,0.595705278,0.626705278,0.613705278,0.594705278
2035,0.670533248,0.733533248,0.690533248,0.739533248,0.771533248,0.779533248,0.750533248,0.785533248,0.737533248,0.795533248
2036,0.691327655,0.691327655,0.738327655,0.663327655,0.770327655,0.738327655,0.735327655,0.700327655,0.730327655,0.743327655
2037,0.585739688,0.657739688,0.689739688,0.650739688,0.686739688,0.668739688,0.610739688,0.616739688,0.625739688,0.628739688
2038,0.670801467,0.716801467,0.730801467,0.684801467,0.752801467,0.720801467,0.749801467,0.730801467,0.719801467,0.737801467
2039,0.556827857,0.569827857,0.641827857,0.608827857,0.609827857,0.622827857,0.603827857,0.634827857,0.585827857,0.656827857
2040,0.56930027,0.60130027,0.62530027,0.60630027,0.63230027,0.66530027,0.64930027,0.64830027,0.62530027,0.65130027
2041,0.66833128,0.69933128,0.68833128,0.66133128,0.72533128,0.72933128,0.71033128,0.72733128,0.71533128,0.74933128
2042,0.642037445,0.689037445,0.657037445,0.679037445,0.723037445,0.708037445,0.728037445,0.728037445,0.721037445,0.716037445
2043,0.760672874,0.802672874,0.795672874,0.830672874,0.809672874,0.861672874,0.817672874,0.845672874,0.813672874,0.848672874
2044,0.740453333,0.744453333,0.762453333,0.742453333,0.764453333,0.814453333,0.783453333,0.829453333,0.767453333,0.831453333
2045,0.743855416,0.801855416,0.789855416,0.809855416,0.846855416,0.782855416,0.743855416,0.779855416,0.755855416,0.769855416
2046,0.343257736,0.360257736,0.416257736,0.459257736,0.429257736,0.399257736,0.350257736,0.358257736,0.328257736,0.413257736
2047,0.788980882,0.773980882,0.770980882,0.791980882,0.819980882,0.830980882,0.865980882,0.852980882,0.829980882,0.872980882
2048,0.538432171,0.584432171,0.599432171,0.553432171,0.569432171,0.678432171,0.622432171,0.648432171,0.635432171,0.641432171
2049,0.778951505,0.837951505,0.845951505,0.817951505,0.847951505,0.874951505,0.819951505,0.811951505,0.785951505,0.813951505
2050,0.456224503,0.471224503,0.481224503,0.533224503,0.500224503,0.504224503,0.515224503,0.489224503,0.509224503,0.542224503
2051,0.727740352,0.707740352,0.749740352,0.723740352,0.743740352,0.799740352,0.744740352,0.777740352,0.772740352,0.763740352
2052,0.801567068,0.827567068,0.821567068,0.757567068,0.838567068,0.896567068,0.851567068,0.876567068,0.872567068,0.908567068
2053,0.67155908,0.60755908,0.68855908,0.65355908,0.68955908,0.77955908,0.76555908,0.75655908,0.73955908,0.77355908
2054,0.372126135,0.378126135,0.400126135,0.382126135,0.393126135,0.450126135,0.405126135,0.417126135,0.445126135,0.453126135
2055,0.656481092,0.598481092,0.668481092,0.695481092,0.685481092,0.750481092,0.705481092,0.735481092,0.730481092,0.707481092
2056,0.758727516,0.798727516,0.842727516,0.832727516,0.816727516,0.818727516,0.762727516,0.807727516,0.756727516,0.784727516
2057,0.506259058,0.484259058,0.494259058,0.510259058,0.485259058,0.561259058,0.549259058,0.568259058,0.535259058,0.570259058
2058,0.659567346,0.657567346,0.690567346,0.656567346,0.704567346,0.719567346,0.722567346,0.717567346,0.710567346,0.713567346
2059,0.63245707,0.64445707,0.73045707,0.66245707,0.68045707,0.70545707,0.67645707,0.69045707,0.65245707,0.66245707
2060,0.683193988,0.697193988,0.759193988,0.712193988,0.762193988,0.769193988,0.736193988,0.727193988,0.739193988,0.774193988
2061,0.665314044,0.720314044,0.732314044,0.770314044,0.819314044,0.766314044,0.737314044,0.743314044,0.727314044,0.704314044
2062,0.688122214,0.685122214,0.793122214,0.745122214,0.738122214,0.798122214,0.768122214,0.755122214,0.737122214,0.794122214
2063,0.726848759,0.757848759,0.731848759,0.691848759,0.759848759,0.832848759,0.798848759,0.847848759,0.786848759,0.804848759
2064,0.612694471,0.662694471,0.672694471,0.714694471,0.697694471,0.670694471,0.659694471,0.653694471,0.643694471,0.651694471
2065,0.74813818,0.74513818,0.80813818,0.77313818,0.80313818,0.81213818,0.78213818,0.79113818,0.79013818,0.80413818
2066,0.55740815,0.65040815,0.62140815,0.58840815,0.64040815,0.65940815,0.63840815,0.64640815,0.63240815,0.62840815
2067,0.682312876,0.695312876,0.719312876,0.683312876,0.716312876,0.758312876,0.725312876,0.713312876,0.711312876,0.757312876
2068,0.507987825,0.603987825,0.604987825,0.539987825,0.580987825,0.566987825,0.549987825,0.544987825,0.539987825,0.560987825
2069,0.597380692,0.587380692,0.591380692,0.572380692,0.593380692,0.671380692,0.650380692,0.624380692,0.613380692,0.637380692
2070,0.74682997,0.73882997,0.77282997,0.71882997,0.77282997,0.82382997,0.82782997,0.81382997,0.81682997,0.81782997
2071,0.698412705,0.763412705,0.831412705,0.791412705,0.788412705,0.755412705,0.727412705,0.739412705,0.709412705,0.718412705
2072,0.749296037,0.787296037,0.804296037,0.802296037,0.780296037,0.853296037,0.813296037,0.851296037,0.819296037,0.836296037
2073,0.665395119,0.668395119,0.708395119,0.693395119,0.779395119,0.747395119,0.722395119,0.679395119,0.710395119,0.729395119
2074,0.685379867,0.697379867,0.738379867,0.696379867,0.723379867,0.803379867,0.756379867,0.751379867,0.763379867,0.777379867
2075,0.634453828,0.684453828,0.666453828,0.688453828,0.681453828,0.703453828,0.693453828,0.705453828,0.665453828,0.717453828
2076,0.617219673,0.688219673,0.725219673,0.669219673,0.665219673,0.697219673,0.664219673,0.734219673,0.689219673,0.719219673
2077,0.589279833,0.639279833,0.713279833,0.631279833,0.687279833,0.680279833,0.627279833,0.674279833,0.627279833,0.658279833
2078,0.603897879,0.600897879,0.675897879,0.664897879,0.606897879,0.712897879,0.690897879,0.692897879,0.698897879,0.710897879
2079,0.593472276,0.549472276,0.623472276,0.596472276,0.614472276,0.664472276,0.644472276,0.672472276,0.653472276,0.654472276
2080,0.655553656,0.685553656,0.715553656,0.719553656,0.726553656,0.672553656,0.670553656,0.673553656,0.679553656,0.702553656
2081,0.575434867,0.636434867,0.671434867,0.614434867,0.698434867,0.652434867,0.627434867,0.642434867,0.640434867,0.632434867
2082,0.733280095,0.791280095,0.768280095,0.790280095,0.797280095,0.841280095,0.796280095,0.812280095,0.783280095,0.787280095
2083,0.717741601,0.717741601,0.743741601,0.749741601,0.758741601,0.760741601,0.723741601,0.756741601,0.758741601,0.740741601
2084,0.680295435,0.673295435,0.666295435,0.658295435,0.712295435,0.783295435,0.719295435,0.785295435,0.749295435,0.766295435
2085,0.670498908,0.656498908,0.690498908,0.687498908,0.728498908,0.779498908,0.735498908,0.767498908,0.727498908,0.747498908
2086,0.663712293,0.704712293,0.745712293,0.699712293,0.650712293,0.722712293,0.732712293,0.753712293,0.718712293,0.719712293
2087,0.757089934,0.776089934,0.822089934,0.831089934,0.795089934,0.840089934,0.793089934,0.838089934,0.788089934,0.791089934
2088,0.584838667,0.629838667,0.633838667,0.671838667,0.692838667,0.674838667,0.629838667,0.622838667,0.627838667,0.664838667
2089,0.808254142,0.816254142,0.900254142,0.874254142,0.847254142,0.874254142,0.874254142,0.885254142,0.844254142,0.860254142
2090,0.698412447,0.772412447,0.781412447,0.771412447,0.811412447,0.785412447,0.740412447,0.759412447,0.773412447,0.767412447
2091,0.598591574,0.675591574,0.658591574,0.651591574,0.702591574,0.632591574,0.644591574,0.638591574,0.623591574,0.643591574
2092,0.731123357,0.788123357,0.790123357,0.802123357,0.808123357,0.798123357,0.805123357,0.812123357,0.789123357,0.774123357
2093,0.713226715,0.711226715,0.714226715,0.727226715,0.734226715,0.804226715,0.756226715,0.769226715,0.757226715,0.800226715
2094,0.634425271,0.683425271,0.739425271,0.737425271,0.755425271,0.680425271,0.645425271,0.697425271,0.670425271,0.650425271
2095,0.77154743,0.76754743,0.76854743,0.73654743,0.82254743,0.85654743,0.83054743,0.86554743,0.83854743,0.85054743
2096,0.469630579,0.494630579,0.498630579,0.454630579,0.526630579,0.552630579,0.522630579,0.521630579,0.509630579,0.548630579
2097,0.691146877,0.697146877,0.738146877,0.725146877,0.742146877,0.721146877,0.710146877,0.765146877,0.732146877,0.721146877
2098,0.661739599,0.726739599,0.717739599,0.705739599,0.752739599,0.722739599,0.711739599,0.714739599,0.727739599,0.687739599
2099,0.644804354,0.662804354,0.668804354,0.686804354,0.694804354,0.739804354,0.701804354,0.721804354,0.702804354,0.696804354
2100,0.450919182,0.441919182,0.497919182,0.529919182,0.508919182,0.546919182,0.519919182,0.543919182,0.520919182,0.523919182
2101,0.637182419,0.679182419,0.664182419,0.675182419,0.761182419,0.732182419,0.709182419,0.705182419,0.702182419,0.738182419
2102,0.632708207,0.657708207,0.667708207,0.689708207,0.668708207,0.708708207,0.696708207,0.719708207,0.694708207,0.697708207
2103,0.750864435,0.798864435,0.790864435,0.788864435,0.768864435,0.861864435,0.853864435,0.849864435,0.834864435,0.849864435
2104,0.599996911,0.642996911,0.658996911,0.634996911,0.668996911,0.685996911,0.633996911,0.661996911,0.654996911,0.644996911
2105,0.586824702,0.539824702,0.573824702,0.602824702,0.630824702,0.714824702,0.653824702,0.679824702,0.633824702,0.674824702
2106,0.65937792,0.68237792,0.65037792,0.67337792,0.67137792,0.71037792,0.70337792,0.75137792,0.73337792,0.71237792
2107,0.797322394,0.854322394,0.874322394,0.896322394,0.885322394,0.823322394,0.852322394,0.863322394,0.836322394,0.862322394
2108,0.72182519,0.75482519,0.73382519,0.76882519,0.77382519,0.84782519,0.83882519,0.80982519,0.79682519,0.82082519
2109,0.765442598,0.812442598,0.851442598,0.747442598,0.811442598,0.821442598,0.824442598,0.833442598,0.826442598,0.833442598
2110,0.602355948,0.649355948,0.686355948,0.673355948,0.696355948,0.707355948,0.692355948,0.677355948,0.676355948,0.678355948
2111,0.486842202,0.464842202,0.539842202,0.515842202,0.539842202,0.547842202,0.522842202,0.558842202,0.534842202,0.546842202
2112,0.545109851,0.581109851,0.567109851,0.578109851,0.578109851,0.616109851,0.597109851,0.583109851,0.606109851,0.624109851
2113,0.62396515,0.56596515,0.62796515,0.55996515,0.53796515,0.65796515,0.69296515,0.67296515,0.64596515,0.65996515
2114,0.770160771,0.800160771,0.836160771,0.824160771,0.861160771,0.888160771,0.848160771,0.841160771,0.859160771,0.893160771
2115,0.435173628,0.497173628,0.520173628,0.487173628,0.524173628,0.524173628,0.496173628,0.497173628,0.486173628,0.535173628
2116,0.680251894,0.692251894,0.798251894,0.731251894,0.789251894,0.732251894,0.724251894,0.730251894,0.706251894,0.722251894
2117,0.453026424,0.504026424,0.528026424,0.502026424,0.513026424,0.539026424,0.516026424,0.549026424,0.505026424,0.536026424
2118,0.698935509,0.761935509,0.807935509,0.816935509,0.776935509,0.797935509,0.775935509,0.777935509,0.736935509,0.775935509
2119,0.762443123,0.815443123,0.800443123,0.784443123,0.806443123,0.848443123,0.802443123,0.806443123,0.812443123,0.812443123
2120,0.555329079,0.606329079,0.573329079,0.588329079,0.640329079,0.573329079,0.582329079,0.575329079,0.571329079,0.586329079
2121,0.476514183,0.510514183,0.502514183,0.521514183,0.540514183,0.572514183,0.543514183,0.550514183,0.539514183,0.565514183
2122,0.663704327,0.734704327,0.697704327,0.732704327,0.740704327,0.702704327,0.739704327,0.724704327,0.696704327,0.729704327
2123,0.577251413,0.582251413,0.657251413,0.600251413,0.624251413,0.631251413,0.615251413,0.644251413,0.648251413,0.628251413
2124,0.595896062,0.629896062,0.625896062,0.614896062,0.657896062,0.666896062,0.614896062,0.607896062,0.605896062,0.654896062
2125,0.676952986,0.678952986,0.661952986,0.682952986,0.684952986,0.750952986,0.729952986,0.727952986,0.719952986,0.724952986
2126,0.573834948,0.623834948,0.685834948,0.667834948,0.710834948,0.640834948,0.593834948,0.631834948,0.593834948,0.618834948
2127,0.763137527,0.757137527,0.728137527,0.742137527,0.774137527,0.793137527,0.798137527,0.776137527,0.809137527,0.805137527
2128,0.692211987,0.691211987,0.693211987,0.705211987,0.737211987,0.774211987,0.756211987,0.759211987,0.753211987,0.737211987
2129,0.518397158,0.578397158,0.599397158,0.618397158,0.598397158,0.581397158,0.629397158,0.599397158,0.584397158,0.565397158
2130,0.685327616,0.713327616,0.739327616,0.730327616,0.742327616,0.772327616,0.746327616,0.763327616,0.787327616,0.795327616
2131,0.765635192,0.707635192,0.753635192,0.785635192,0.753635192,0.829635192,0.802635192,0.789635192,0.794635192,0.781635192
2132,0.547928633,0.604928633,0.585928633,0.557928633,0.612928633,0.644928633,0.576928633,0.614928633,0.567928633,0.642928633
2133,0.94208216,1.00908216,1.06908216,1.00608216,1.03208216,1.05208216,0.98208216,0.98008216,0.98708216,0.99808216
2134,0.681247977,0.756247977,0.747247977,0.748247977,0.776247977,0.747247977,0.736247977,0.753247977,0.706247977,0.701247977
2135,0.658198649,0.711198649,0.737198649,0.672198649,0.737198649,0.752198649,0.720198649,0.717198649,0.702198649,0.679198649
2136,0.705504604,0.725504604,0.764504604,0.692504604,0.729504604,0.782504604,0.788504604,0.753504604,0.811504604,0.768504604
2137,0.649137189,0.670137189,0.686137189,0.668137189,0.745137189,0.707137189,0.705137189,0.718137189,0.724137189,0.737137189
2138,0.653093431,0.697093431,0.703093431,0.701093431,0.733093431,0.727093431,0.669093431,0.723093431,0.688093431,0.704093431
2139,0.72390381,0.69490381,0.75390381,0.73090381,0.77790381,0.83690381,0.80290381,0.84390381,0.82090381,0.84290381
2140,0.576991493,0.590991493,0.609991493,0.648991493,0.593991493,0.612991493,0.598991493,0.614991493,0.587991493,0.618991493
2141,0.571965607,0.579965607,0.623965607,0.639965607,0.618965607,0.684965607,0.655965607,0.650965607,0.652965607,0.649965607
2142,0.669715493,0.752715493,0.761715493,0.713715493,0.744715493,0.787715493,0.736715493,0.719715493,0.718715493,0.744715493
2143,0.675239757,0.658239757,0.673239757,0.705239757,0.710239757,0.800239757,0.708239757,0.724239757,0.731239757,0.751239757
2144,0.887575568,0.945575568,0.941575568,0.935575568,0.988575568,0.970575568,0.930575568,0.976575568,0.948575568,0.952575568
2145,0.590131868,0.620131868,0.652131868,0.660131868,0.703131868,0.676131868,0.654131868,0.673131868,0.664131868,0.686131868
2146,0.482853502,0.456853502,0.506853502,0.497853502,0.484853502,0.573853502,0.535853502,0.534853502,0.546853502,0.539853502
2147,0.663761641,0.731761641,0.711761641,0.711761641,0.745761641,0.752761641,0.708761641,0.728761641,0.731761641,0.760761641
2148,0.685567462,0.646567462,0.686567462,0.649567462,0.722567462,0.782567462,0.745567462,0.756567462,0.747567462,0.800567462
2149,0.480060258,0.459060258,0.564060258,0.480060258,0.539060258,0.510060258,0.486060258,0.460060258,0.502060258,0.523060258
2150,0.665772959,0.695772959,0.676772959,0.693772959,0.714772959,0.744772959,0.776772959,0.757772959,0.729772959,0.765772959
2151,0.815240687,0.845240687,0.896240687,0.845240687,0.872240687,0.897240687,0.882240687,0.889240687,0.873240687,0.889240687
2152,0.687249156,0.735249156,0.775249156,0.697249156,0.793249156,0.766249156,0.728249156,0.743249156,0.736249156,0.734249156
2153,0.621497623,0.687497623,0.707497623,0.716497623,0.761497623,0.693497623,0.720497623,0.742497623,0.707497623,0.724497623
2154,0.55507091,0.59007091,0.62507091,0.56507091,0.58807091,0.58807091,0.57707091,0.58807091,0.56507091,0.54507091
2155,0.651530262,0.707530262,0.732530262,0.700530262,0.693530262,0.721530262,0.692530262,0.722530262,0.703530262,0.710530262
2156,0.638318929,0.615318929,0.651318929,0.681318929,0.645318929,0.731318929,0.725318929,0.751318929,0.714318929,0.711318929
2157,0.715795305,0.728795305,0.758795305,0.749795305,0.794795305,0.774795305,0.785795305,0.751795305,0.739795305,0.801795305
2158,0.565668458,0.577668458,0.564668458,0.603668458,0.619668458,0.642668458,0.633668458,0.612668458,0.587668458,0.652668458
2159,0.701998852,0.735998852,0.759998852,0.756998852,0.746998852,0.736998852,0.750998852,0.748998852,0.747998852,0.751998852
2160,0.603332807,0.613332807,0.697332807,0.651332807,0.657332807,0.716332807,0.667332807,0.675332807,0.669332807,0.682332807
2161,0.619115375,0.644115375,0.637115375,0.657115375,0.686115375,0.709115375,0.679115375,0.712115375,0.667115375,0.668115375
2162,0.60757259,0.69757259,0.68157259,0.65957259,0.66157259,0.67557259,0.65057259,0.61057259,0.64757259,0.63857259
2163,0.488331877,0.554331877,0.590331877,0.517331877,0.536331877,0.533331877,0.522331877,0.519331877,0.554331877,0.553331877
2164,0.605076306,0.600076306,0.654076306,0.641076306,0.645076306,0.713076306,0.690076306,0.714076306,0.668076306,0.711076306
2165,0.704246573,0.755246573,0.806246573,0.793246573,0.768246573,0.807246573,0.776246573,0.755246573,0.790246573,0.773246573
2166,0.689170231,0.743170231,0.746170231,0.728170231,0.771170231,0.710170231,0.690170231,0.727170231,0.708170231,0.762170231
2167,0.599418859,0.647418859,0.644418859,0.606418859,0.631418859,0.666418859,0.644418859,0.658418859,0.630418859,0.667418859
2168,0.51942911,0.58142911,0.57742911,0.59442911,0.58142911,0.59842911,0.54442911,0.59142911,0.54942911,0.59542911
2169,0.696051193,0.699051193,0.701051193,0.689051193,0.711051193,0.771051193,0.788051193,0.785051193,0.790051193,0.778051193
2170,0.767667487,0.764667487,0.772667487,0.786667487,0.771667487,0.861667487,0.814667487,0.839667487,0.815667487,0.874667487
2171,0.493072759,0.487072759,0.540072759,0.537072759,0.537072759,0.563072759,0.577072759,0.579072759,0.559072759,0.583072759
2172,0.490803747,0.522803747,0.555803747,0.502803747,0.536803747,0.607803747,0.575803747,0.576803747,0.560803747,0.577803747
2173,0.620460562,0.660460562,0.666460562,0.641460562,0.692460562,0.693460562,0.676460562,0.670460562,0.683460562,0.658460562
2174,0.827949469,0.855949469,0.853949469,0.876949469,0.852949469,0.903949469,0.867949469,0.870949469,0.904949469,0.892949469
2175,0.652215557,0.698215557,0.726215557,0.714215557,0.711215557,0.704215557,0.682215557,0.684215557,0.654215557,0.695215557
2176,0.538128369,0.547128369,0.579128369,0.586128369,0.586128369,0.598128369,0.575128369,0.590128369,0.580128369,0.597128369
2177,0.690653628,0.703653628,0.722653628,0.688653628,0.771653628,0.748653628,0.747653628,0.730653628,0.748653628,0.753653628
2178,0.570153832,0.592153832,0.616153832,0.588153832,0.594153832,0.668153832,0.606153832,0.644153832,0.614153832,0.639153832
2179,0.674215046,0.730215046,0.685215046,0.734215046,0.736215046,0.793215046,0.760215046,0.742215046,0.746215046,0.718215046
2180,0.60915506,0.62615506,0.66815506,0.65615506,0.63615506,0.71615506,0.68715506,0.68815506,0.67915506,0.68915506
2181,0.578387731,0.585387731,0.652387731,0.646387731,0.661387731,0.628387731,0.604387731,0.616387731,0.597387731,0.618387731
2182,0.676368354,0.716368354,0.792368354,0.800368354,0.795368354,0.749368354,0.711368354,0.749368354,0.703368354,0.724368354
2183,0.718980047,0.649980047,0.718980047,0.699980047,0.715980047,0.805980047,0.756980047,0.773980047,0.769980047,0.789980047
2184,0.543607231,0.583607231,0.648607231,0.638607231,0.627607231,0.642607231,0.591607231,0.643607231,0.603607231,0.599607231
2185,0.639184783,0.656184783,0.690184783,0.681184783,0.624184783,0.715184783,0.716184783,0.712184783,0.704184783,0.695184783
2186,0.748762068,0.804762068,0.801762068,0.814762068,0.799762068,0.826762068,0.829762068,0.810762068,0.777762068,0.845762068
2187,0.645788205,0.714788205,0.708788205,0.708788205,0.771788205,0.735788205,0.682788205,0.721788205,0.713788205,0.690788205
2188,0.551945729,0.588945729,0.625945729,0.583945729,0.633945729,0.640945729,0.596945729,0.589945729,0.590945729,0.627945729
2189,0.538842794,0.523842794,0.531842794,0.566842794,0.584842794,0.579842794,0.586842794,0.541842794,0.571842794,0.599842794
2190,0.704421543,0.754421543,0.773421543,0.746421543,0.744421543,0.803421543,0.799421543,0.756421543,0.757421543,0.817421543
2191,0.641226892,0.584226892,0.649226892,0.644226892,0.668226892,0.701226892,0.672226892,0.693226892,0.687226892,0.712226892
2192,0.64082291,0.62882291,0.67082291,0.63182291,0.69082291,0.72582291,0.73882291,0.70182291,0.71682291,0.70282291
2193,0.842401057,0.856401057,0.917401057,0.881401057,0.925401057,0.942401057,0.874401057,0.907401057,0.877401057,0.909401057
2194,0.580360333,0.656360333,0.666360333,0.586360333,0.611360333,0.635360333,0.642360333,0.619360333,0.595360333,0.619360333
2195,0.730687948,0.733687948,0.802687948,0.777687948,0.787687948,0.820687948,0.809687948,0.802687948,0.778687948,0.829687948
2196,0.644472556,0.703472556,0.722472556,0.655472556,0.694472556,0.722472556,0.701472556,0.721472556,0.715472556,0.725472556
2197,0.462138624,0.525138624,0.479138624,0.523138624,0.542138624,0.550138624,0.515138624,0.504138624,0.511138624,0.561138624
2198,0.700909708,0.745909708,0.704909708,0.762909708,0.776909708,0.789909708,0.713909708,0.770909708,0.747909708,0.777909708
2199,0.622813081,0.666813081,0.673813081,0.679813081,0.713813081,0.695813081,0.661813081,0.692813081,0.684813081,0.708813081
2200,0.541515951,0.537515951,0.606515951,0.597515951,0.611515951,0.570515951,0.603515951,0.599515951,0.565515951,0.586515951
2201,0.736146067,0.769146067,0.711146067,0.745146067,0.765146067,0.782146067,0.793146067,0.822146067,0.779146067,0.817146067
2202,0.589693904,0.570693904,0.627693904,0.631693904,0.628693904,0.641693904,0.636693904,0.650693904,0.630693904,0.617693904
2203,0.749816526,0.775816526,0.770816526,0.810816526,0.885816526,0.777816526,0.802816526,0.815816526,0.770816526,0.769816526
2204,0.589451532,0.588451532,0.695451532,0.601451532,0.579451532,0.647451532,0.603451532,0.622451532,0.635451532,0.628451532
2205,0.792773466,0.788773466,0.843773466,0.868773466,0.851773466,0.889773466,0.863773466,0.896773466,0.882773466,0.875773466
2206,0.654296666,0.761296666,0.689296666,0.721296666,0.724296666,0.701296666,0.737296666,0.717296666,0.708296666,0.746296666
2207,0.861635662,0.870635662,0.937635662,0.880635662,0.919635662,0.949635662,0.912635662,0.869635662,0.922635662,0.928635662
2208,0.698121345,0.697121345,0.776121345,0.755121345,0.743121345,0.762121345,0.748121345,0.774121345,0.756121345,0.761121345
2209,0.669932664,0.670932664,0.752932664,0.690932664,0.725932664,0.731932664,0.708932664,0.717932664,0.722932664,0.718932664
2210,0.771502295,0.833502295,0.827502295,0.852502295,0.827502295,0.852502295,0.848502295,0.867502295,0.820502295,0.869502295
2211,0.692195572,0.672195572,0.705195572,0.673195572,0.718195572,0.808195572,0.752195572,0.761195572,0.766195572,0.763195572
2212,0.682108752,0.731108752,0.680108752,0.741108752,0.711108752,0.742108752,0.717108752,0.743108752,0.727108752,0.726108752
2213,0.665459235,0.652459235,0.702459235,0.695459235,0.682459235,0.732459235,0.710459235,0.708459235,0.716459235,0.712459235
2214,0.750944525,0.766944525,0.784944525,0.826944525,0.784944525,0.836944525,0.808944525,0.843944525,0.808944525,0.801944525
2215,0.564029634,0.596029634,0.578029634,0.549029634,0.627029634,0.614029634,0.628029634,0.617029634,0.592029634,0.633029634
2216,0.758662434,0.765662434,0.822662434,0.771662434,0.799662434,0.819662434,0.827662434,0.809662434,0.824662434,0.866662434
2217,0.698744217,0.771744217,0.772744217,0.727744217,0.775744217,0.782744217,0.725744217,0.757744217,0.744744217,0.745744217
2218,0.650358849,0.713358849,0.743358849,0.721358849,0.726358849,0.699358849,0.704358849,0.686358849,0.687358849,0.706358849
2219,0.754657687,0.753657687,0.782657687,0.843657687,0.842657687,0.789657687,0.789657687,0.829657687,0.796657687,0.781657687
2220,0.577840399,0.600840399,0.647840399,0.631840399,0.728840399,0.656840399,0.645840399,0.679840399,0.639840399,0.649840399
2221,0.432630026,0.498630026,0.465630026,0.510630026,0.549630026,0.471630026,0.481630026,0.521630026,0.490630026,0.526630026
2222,0.77188257,0.77888257,0.73988257,0.74488257,0.78888257,0.89288257,0.84288257,0.85588257,0.81788257,0.85688257
2223,0.724546509,0.691546509,0.734546509,0.711546509,0.777546509,0.806546509,0.815546509,0.820546509,0.775546509,0.814546509
2224,0.60804043,0.64104043,0.65004043,0.62904043,0.66904043,0.66204043,0.59104043,0.63304043,0.63604043,0.64204043
2225,0.815333552,0.857333552,0.887333552,0.855333552,0.881333552,0.862333552,0.860333552,0.885333552,0.857333552,0.887333552
2226,0.61612396,0.58612396,0.63712396,0.67812396,0.64212396,0.71612396,0.68412396,0.67112396,0.67412396,0.70012396
2227,0.740436729,0.772436729,0.750436729,0.799436729,0.815436729,0.856436729,0.833436729,0.864436729,0.834436729,0.877436729
2228,0.656141985,0.691141985,0.741141985,0.740141985,0.710141985,0.713141985,0.740141985,0.753141985,0.748141985,0.739141985
2229,0.806522772,0.877522772,0.892522772,0.868522772,0.899522772,0.854522772,0.865522772,0.903522772,0.848522772,0.890522772
2230,0.595509975,0.563509975,0.631509975,0.599509975,0.627509975,0.696509975,0.690509975,0.671509975,0.709509975,0.692509975
2231,0.592369501,0.605369501,0.611369501,0.554369501,0.612369501,0.680369501,0.652369501,0.672369501,0.645369501,0.638369501
2232,0.591865601,0.574865601,0.620865601,0.604865601,0.643865601,0.682865601,0.643865601,0.677865601,0.669865601,0.652865601
2233,0.555456817,0.605456817,0.584456817,0.620456817,0.585456817,0.666456817,0.618456817,0.660456817,0.638456817,0.632456817
2234,0.683447352,0.748447352,0.731447352,0.766447352,0.796447352,0.720447352,0.691447352,0.703447352,0.701447352,0.720447352
2235,0.647422237,0.701422237,0.688422237,0.654422237,0.722422237,0.776422237,0.718422237,0.704422237,0.709422237,0.715422237
2236,0.555052307,0.631052307,0.677052307,0.576052307,0.630052307,0.649052307,0.608052307,0.637052307,0.609052307,0.607052307
2237,0.679451427,0.704451427,0.779451427,0.742451427,0.749451427,0.735451427,0.756451427,0.736451427,0.723451427,0.744451427
2238,0.558814708,0.593814708,0.647814708,0.616814708,0.665814708,0.640814708,0.623814708,0.649814708,0.613814708,0.650814708
2239,0.548786102,0.583786102,0.570786102,0.549786102,0.578786102,0.584786102,0.567786102,0.579786102,0.558786102,0.595786102
2240,0.547640581,0.539640581,0.614640581,0.545640581,0.597640581,0.621640581,0.593640581,0.608640581,0.584640581,0.597640581
2241,0.727358992,0.770358992,0.804358992,0.770358992,0.824358992,0.770358992,0.726358992,0.734358992,0.735358992,0.761358992
2242,0.701829661,0.722829661,0.743829661,0.755829661,0.713829661,0.787829661,0.774829661,0.749829661,0.732829661,0.753829661
2243,0.678167525,0.719167525,0.722167525,0.701167525,0.781167525,0.767167525,0.744167525,0.764167525,0.711167525,0.756167525
2244,0.773013623,0.774013623,0.816013623,0.806013623,0.837013623,0.850013623,0.821013623,0.838013623,0.842013623,0.852013623
2245,0.524024702,0.584024702,0.537024702,0.557024702,0.611024702,0.602024702,0.572024702,0.583024702,0.593024702,0.579024702
2246,0.625509175,0.670509175,0.683509175,0.700509175,0.705509175,0.692509175,0.640509175,0.676509175,0.643509175,0.700509175
2247,0.649210661,0.707210661,0.719210661,0.664210661,0.738210661,0.758210661,0.734210661,0.726210661,0.725210661,0.761210661
2248,0.745545028,0.693545028,0.794545028,0.724545028,0.753545028,0.787545028,0.747545028,0.795545028,0.732545028,0.781545028
2249,0.494245506,0.568245506,0.524245506,0.520245506,0.520245506,0.554245506,0.511245506,0.525245506,0.509245506,0.545245506
2250,0.74653556,0.79853556,0.87453556,0.84453556,0.80753556,0.81753556,0.81553556,0.81353556,0.78353556,0.75553556
2251,0.595744417,0.639744417,0.587744417,0.635744417,0.618744417,0.729744417,0.668744417,0.715744417,0.705744417,0.706744417
2252,0.676579567,0.665579567,0.696579567,0.691579567,0.682579567,0.760579567,0.718579567,0.730579567,0.724579567,0.738579567
2253,0.615185191,0.590185191,0.584185191,0.625185191,0.579185191,0.701185191,0.667185191,0.718185191,0.681185191,0.688185191
2254,0.564858762,0.567858762,0.647858762,0.593858762,0.557858762,0.630858762,0.614858762,0.642858762,0.619858762,0.626858762
2255,0.603781138,0.635781138,0.687781138,0.615781138,0.644781138,0.706781138,0.670781138,0.686781138,0.676781138,0.673781138
2256,0.793712881,0.838712881,0.854712881,0.812712881,0.862712881,0.851712881,0.847712881,0.873712881,0.810712881,0.823712881
2257,0.655957119,0.691957119,0.651957119,0.656957119,0.693957119,0.715957119,0.707957119,0.738957119,0.676957119,0.717957119
2258,0.554645401,0.613645401,0.643645401,0.650645401,0.599645401,0.639645401,0.593645401,0.624645401,0.596645401,0.594645401
2259,0.700037759,0.685037759,0.745037759,0.729037759,0.788037759,0.769037759,0.755037759,0.780037759,0.757037759,0.759037759
2260,0.687981178,0.736981178,0.734981178,0.726981178,0.781981178,0.703981178,0.722981178,0.732981178,0.714981178,0.713981178
2261,0.746468537,0.785468537,0.786468537,0.795468537,0.779468537,0.831468537,0.797468537,0.823468537,0.802468537,0.825468537
2262,0.635337736,0.622337736,0.655337736,0.631337736,0.694337736,0.712337736,0.725337736,0.759337736,0.702337736,0.694337736
2263,0.598690696,0.646690696,0.671690696,0.643690696,0.705690696,0.669690696,0.638690696,0.641690696,0.626690696,0.618690696
2264,0.664888188,0.713888188,0.734888188,0.700888188,0.756888188,0.741888188,0.736888188,0.732888188,0.710888188,0.734888188
2265,0.656151519,0.638151519,0.677151519,0.666151519,0.726151519,0.737151519,0.742151519,0.739151519,0.736151519,0.738151519
2266,0.666266296,0.661266296,0.760266296,0.706266296,0.726266296,0.693266296,0.678266296,0.684266296,0.690266296,0.701266296
2267,0.744039576,0.756039576,0.784039576,0.777039576,0.770039576,0.830039576,0.792039576,0.842039576,0.833039576,0.858039576
2268,0.588777699,0.653777699,0.624777699,0.619777699,0.623777699,0.665777699,0.654777699,0.658777699,0.623777699,0.685777699
2269,0.526342084,0.574342084,0.595342084,0.594342084,0.568342084,0.633342084,0.573342084,0.591342084,0.599342084,0.619342084
2270,0.637747425,0.703747425,0.745747425,0.738747425,0.737747425,0.731747425,0.702747425,0.701747425,0.713747425,0.686747425
2271,0.520737903,0.568737903,0.644737903,0.588737903,0.581737903,0.587737903,0.577737903,0.614737903,0.594737903,0.578737903
2272,0.553265768,0.581265768,0.543265768,0.486265768,0.589265768,0.599265768,0.592265768,0.596265768,0.597265768,0.594265768
2273,0.443140823,0.447140823,0.434140823,0.458140823,0.515140823,0.521140823,0.484140823,0.543140823,0.501140823,0.482140823
2274,0.765345242,0.797345242,0.825345242,0.776345242,0.805345242,0.852345242,0.844345242,0.886345242,0.837345242,0.844345242
2275,0.608883913,0.611883913,0.694883913,0.633883913,0.684883913,0.706883913,0.677883913,0.694883913,0.682883913,0.688883913
2276,0.697714299,0.672714299,0.746714299,0.726714299,0.740714299,0.788714299,0.757714299,0.782714299,0.764714299,0.786714299
2277,0.714141645,0.777141645,0.805141645,0.761141645,0.785141645,0.732141645,0.715141645,0.746141645,0.712141645,0.716141645
2278,0.673248118,0.683248118,0.719248118,0.725248118,0.778248118,0.730248118,0.696248118,0.701248118,0.708248118,0.710248118
2279,0.759745995,0.782745995,0.734745995,0.763745995,0.744745995,0.878745995,0.840745995,0.863745995,0.835745995,0.851745995
2280,0.633487465,0.613487465,0.683487465,0.649487465,0.691487465,0.687487465,0.684487465,0.674487465,0.656487465,0.655487465
2281,0.615048614,0.618048614,0.633048614,0.643048614,0.661048614,0.677048614,0.655048614,0.671048614,0.658048614,0.682048614
2282,0.63058844,0.61158844,0.64558844,0.61758844,0.65358844,0.72258844,0.69658844,0.72058844,0.68658844,0.68258844
2283,0.644799961,0.603799961,0.686799961,0.703799961,0.742799961,0.723799961,0.693799961,0.709799961,0.659799961,0.684799961
2284,0.655263997,0.656263997,0.711263997,0.664263997,0.716263997,0.764263997,0.712263997,0.723263997,0.723263997,0.726263997
2285,0.643073863,0.596073863,0.670073863,0.613073863,0.651073863,0.744073863,0.705073863,0.682073863,0.673073863,0.664073863
2286,0.46586741,0.54086741,0.56286741,0.54286741,0.60486741,0.53186741,0.51686741,0.48586741,0.49186741,0.53386741
2287,0.754438121,0.787438121,0.777438121,0.791438121,0.820438121,0.873438121,0.890438121,0.842438121,0.861438121,0.842438121
2288,0.594370658,0.643370658,0.699370658,0.663370658,0.703370658,0.645370658,0.633370658,0.665370658,0.622370658,0.655370658
2289,0.886218038,0.944218038,0.973218038,0.958218038,0.930218038,1.000218038,0.948218038,0.986218038,0.965218038,1.002218038
2290,0.560793114,0.628793114,0.584793114,0.623793114,0.648793114,0.599793114,0.586793114,0.621793114,0.605793114,0.604793114
2291,0.600601042,0.595601042,0.631601042,0.641601042,0.653601042,0.670601042,0.629601042,0.667601042,0.625601042,0.706601042
2292,0.593358683,0.634358683,0.634358683,0.599358683,0.605358683,0.661358683,0.655358683,0.635358683,0.634358683,0.642358683
2293,0.69139075,0.71839075,0.72239075,0.69639075,0.71839075,0.75839075,0.70139075,0.74639075,0.69139075,0.71039075
2294,0.582527157,0.562527157,0.604527157,0.568527157,0.674527157,0.689527157,0.644527157,0.653527157,0.635527157,0.659527157
2295,0.622092277,0.661092277,0.686092277,0.676092277,0.689092277,0.722092277,0.683092277,0.643092277,0.658092277,0.685092277
2296,0.698540577,0.700540577,0.739540577,0.728540577,0.735540577,0.763540577,0.751540577,0.796540577,0.720540577,0.766540577
2297,0.821967669,0.847967669,0.901967669,0.826967669,0.865967669,0.903967669,0.840967669,0.866967669,0.901967669,0.867967669
2298,0.633954466,0.659954466,0.688954466,0.677954466,0.701954466,0.718954466,0.695954466,0.718954466,0.681954466,0.713954466
2299,0.554567637,0.589567637,0.618567637,0.559567637,0.624567637,0.593567637,0.575567637,0.623567637,0.620567637,0.607567637
2300,0.684507824,0.751507824,0.761507824,0.744507824,0.777507824,0.771507824,0.734507824,0.788507824,0.771507824,0.747507824
2301,0.686451128,0.716451128,0.729451128,0.734451128,0.726451128,0.735451128,0.705451128,0.708451128,0.699451128,0.725451128
2302,0.780443072,0.817443072,0.852443072,0.824443072,0.863443072,0.850443072,0.792443072,0.805443072,0.806443072,0.831443072
2303,0.593820187,0.671820187,0.707820187,0.701820187,0.680820187,0.675820187,0.659820187,0.690820187,0.645820187,0.660820187
2304,0.595701568,0.598701568,0.632701568,0.597701568,0.643701568,0.695701568,0.622701568,0.695701568,0.622701568,0.668701568
2305,0.762914858,0.804914858,0.786914858,0.857914858,0.810914858,0.864914858,0.831914858,0.814914858,0.809914858,0.847914858
2306,0.580914518,0.577914518,0.646914518,0.622914518,0.609914518,0.682914518,0.691914518,0.660914518,0.642914518,0.656914518
2307,0.719938357,0.815938357,0.792938357,0.773938357,0.825938357,0.814938357,0.762938357,0.761938357,0.783938357,0.780938357
2308,0.581704418,0.714704418,0.648704418,0.660704418,0.660704418,0.664704418,0.634704418,0.634704418,0.632704418,0.661704418
2309,0.500218895,0.554218895,0.577218895,0.573218895,0.617218895,0.587218895,0.584218895,0.552218895,0.577218895,0.611218895
2310,0.731389331,0.783389331,0.801389331,0.807389331,0.740389331,0.813389331,0.800389331,0.795389331,0.784389331,0.818389331
2311,0.639779139,0.722779139,0.731779139,0.716779139,0.722779139,0.732779139,0.710779139,0.692779139,0.674779139,0.700779139
2312,0.700541793,0.689541793,0.698541793,0.707541793,0.802541793,0.787541793,0.775541793,0.787541793,0.765541793,0.751541793
2313,0.645131154,0.641131154,0.677131154,0.667131154,0.696131154,0.749131154,0.722131154,0.705131154,0.696131154,0.675131154
2314,0.577521606,0.577521606,0.644521606,0.588521606,0.620521606,0.693521606,0.651521606,0.667521606,0.668521606,0.679521606
2315,0.803429678,0.772429678,0.818429678,0.746429678,0.846429678,0.819429678,0.825429678,0.848429678,0.835429678,0.835429678
2316,0.556077637,0.592077637,0.551077637,0.511077637,0.584077637,0.645077637,0.597077637,0.626077637,0.587077637,0.620077637
2317,0.639857701,0.674857701,0.712857701,0.692857701,0.686857701,0.703857701,0.686857701,0.666857701,0.681857701,0.710857701
2318,0.791964134,0.857964134,0.815964134,0.863964134,0.909964134,0.841964134,0.825964134,0.835964134,0.823964134,0.873964134
2319,0.595437413,0.677437413,0.670437413,0.603437413,0.650437413,0.678437413,0.633437413,0.682437413,0.651437413,0.625437413
2320,0.574815005,0.601815005,0.642815005,0.657815005,0.670815005,0.648815005,0.625815005,0.649815005,0.602815005,0.623815005
2321,0.698068009,0.765068009,0.774068009,0.779068009,0.797068009,0.773068009,0.701068009,0.751068009,0.715068009,0.750068009
2322,0.737327595,0.837327595,0.797327595,0.823327595,0.852327595,0.807327595,0.788327595,0.820327595,0.783327595,0.847327595
2323,0.846137089,0.851137089,0.909137089,0.859137089,0.906137089,0.973137089,0.926137089,0.913137089,0.910137089,0.951137089
2324,0.712105466,0.755105466,0.742105466,0.726105466,0.747105466,0.815105466,0.794105466,0.788105466,0.786105466,0.813105466
2325,0.691527195,0.702527195,0.758527195,0.769527195,0.805527195,0.750527195,0.750527195,0.743527195,0.734527195,0.755527195
2326,0.556074606,0.580074606,0.577074606,0.630074606,0.616074606,0.637074606,0.600074606,0.610074606,0.598074606,0.669074606
2327,0.564128269,0.552128269,0.590128269,0.598128269,0.605128269,0.652128269,0.596128269,0.640128269,0.605128269,0.621128269
2328,0.670446853,0.675446853,0.749446853,0.742446853,0.732446853,0.725446853,0.718446853,0.720446853,0.691446853,0.686446853
2329,0.671030145,0.681030145,0.766030145,0.705030145,0.707030145,0.751030145,0.719030145,0.697030145,0.684030145,0.717030145
2330,0.768493762,0.821493762,0.806493762,0.792493762,0.832493762,0.850493762,0.831493762,0.823493762,0.770493762,0.829493762
2331,0.645366393,0.638366393,0.724366393,0.710366393,0.725366393,0.729366393,0.728366393,0.720366393,0.717366393,0.722366393
2332,0.642376648,0.653376648,0.645376648,0.684376648,0.706376648,0.686376648,0.701376648,0.722376648,0.700376648,0.703376648
2333,0.647388596,0.698388596,0.682388596,0.737388596,0.671388596,0.657388596,0.672388596,0.673388596,0.643388596,0.673388596
2334,0.580563744,0.617563744,0.642563744,0.618563744,0.653563744,0.693563744,0.612563744,0.640563744,0.656563744,0.669563744
2335,0.852622869,0.895622869,0.960622869,0.921622869,0.943622869,0.913622869,0.925622869,0.931622869,0.947622869,0.925622869
2336,0.864943339,0.805943339,0.853943339,0.834943339,0.853943339,0.954943339,0.962943339,0.931943339,0.953943339,0.965943339
2337,0.660390376,0.629390376,0.653390376,0.699390376,0.715390376,0.739390376,0.719390376,0.733390376,0.708390376,0.732390376
2338,0.59784643,0.62184643,0.65584643,0.65284643,0.68984643,0.68684643,0.71284643,0.66984643,0.67884643,0.68484643
2339,0.764996142,0.785996142,0.783996142,0.845996142,0.824996142,0.811996142,0.812996142,0.831996142,0.805996142,0.848996142
2340,0.565563544,0.551563544,0.643563544,0.644563544,0.658563544,0.637563544,0.583563544,0.589563544,0.588563544,0.603563544
2341,0.739595308,0.761595308,0.777595308,0.802595308,0.815595308,0.836595308,0.784595308,0.814595308,0.824595308,0.812595308
2342,0.608554363,0.634554363,0.631554363,0.620554363,0.670554363,0.684554363,0.681554363,0.650554363,0.657554363,0.675554363
2343,0.67427906,0.69527906,0.73927906,0.67027906,0.70927906,0.78927906,0.73027906,0.73327906,0.73627906,0.74027906
2344,0.629558395,0.611558395,0.666558395,0.609558395,0.665558395,0.725558395,0.693558395,0.687558395,0.678558395,0.701558395
2345,0.601963547,0.630963547,0.619963547,0.632963547,0.609963547,0.690963547,0.630963547,0.693963547,0.643963547,0.691963547
2346,0.564028235,0.582028235,0.627028235,0.678028235,0.634028235,0.634028235,0.621028235,0.582028235,0.583028235,0.570028235
2347,0.773764481,0.801764481,0.791764481,0.793764481,0.783764481,0.840764481,0.810764481,0.823764481,0.822764481,0.823764481
2348,0.76033878,0.77133878,0.81333878,0.82533878,0.84233878,0.85033878,0.78033878,0.84433878,0.87933878,0.84233878
2349,0.846967987,0.886967987,0.900967987,0.945967987,0.912967987,0.893967987,0.894967987,0.916967987,0.852967987,0.892967987
2350,0.609021165,0.610021165,0.669021165,0.616021165,0.655021165,0.641021165,0.674021165,0.682021165,0.662021165,0.719021165
2351,0.650420913,0.723420913,0.681420913,0.703420913,0.691420913,0.686420913,0.664420913,0.660420913,0.665420913,0.694420913
2352,0.811462448,0.861462448,0.841462448,0.860462448,0.866462448,0.911462448,0.890462448,0.874462448,0.850462448,0.901462448
2353,0.621781846,0.667781846,0.661781846,0.685781846,0.678781846,0.685781846,0.659781846,0.696781846,0.672781846,0.670781846
2354,0.702419024,0.705419024,0.759419024,0.690419024,0.701419024,0.764419024,0.747419024,0.798419024,0.748419024,0.781419024
2355,0.647993438,0.693993438,0.691993438,0.708993438,0.712993438,0.753993438,0.751993438,0.748993438,0.734993438,0.732993438
2356,0.592166232,0.618166232,0.675166232,0.641166232,0.692166232,0.685166232,0.659166232,0.661166232,0.663166232,0.696166232
2357,0.743945385,0.780945385,0.774945385,0.799945385,0.755945385,0.828945385,0.780945385,0.782945385,0.775945385,0.825945385
2358,0.644790267,0.696790267,0.712790267,0.718790267,0.717790267,0.749790267,0.708790267,0.720790267,0.711790267,0.739790267
2359,0.632093392,0.632093392,0.623093392,0.639093392,0.673093392,0.709093392,0.638093392,0.694093392,0.669093392,0.713093392
2360,0.690131901,0.703131901,0.747131901,0.729131901,0.743131901,0.754131901,0.748131901,0.786131901,0.749131901,0.782131901
2361,0.754468534,0.760468534,0.777468534,0.752468534,0.808468534,0.839468534,0.776468534,0.795468534,0.817468534,0.789468534
2362,0.658487831,0.638487831,0.629487831,0.656487831,0.668487831,0.700487831,0.695487831,0.718487831,0.740487831,0.716487831
2363,0.677684308,0.696684308,0.697684308,0.687684308,0.709684308,0.709684308,0.718684308,0.732684308,0.711684308,0.698684308
2364,0.559474852,0.617474852,0.635474852,0.639474852,0.635474852,0.637474852,0.621474852,0.605474852,0.608474852,0.626474852
2365,0.607309157,0.629309157,0.647309157,0.597309157,0.680309157,0.646309157,0.644309157,0.660309157,0.636309157,0.660309157
2366,0.587435454,0.547435454,0.534435454,0.578435454,0.603435454,0.675435454,0.638435454,0.625435454,0.645435454,0.617435454
2367,0.62016414,0.63116414,0.60316414,0.58716414,0.63716414,0.70616414,0.65716414,0.68816414,0.65916414,0.64416414
2368,0.703753044,0.735753044,0.756753044,0.836753044,0.768753044,0.782753044,0.753753044,0.749753044,0.747753044,0.749753044
2369,0.589375155,0.611375155,0.628375155,0.632375155,0.633375155,0.638375155,0.641375155,0.654375155,0.597375155,0.636375155
2370,0.779408095,0.823408095,0.860408095,0.859408095,0.862408095,0.820408095,0.830408095,0.839408095,0.821408095,0.838408095
2371,0.695152336,0.714152336,0.749152336,0.710152336,0.776152336,0.750152336,0.749152336,0.785152336,0.759152336,0.782152336
2372,0.811543106,0.843543106,0.867543106,0.843543106,0.890543106,0.874543106,0.893543106,0.885543106,0.855543106,0.889543106
2373,0.555769802,0.544769802,0.599769802,0.616769802,0.548769802,0.620769802,0.561769802,0.598769802,0.560769802,0.594769802
2374,0.769243351,0.816243351,0.837243351,0.848243351,0.802243351,0.846243351,0.805243351,0.835243351,0.769243351,0.837243351
2375,0.753902375,0.766902375,0.798902375,0.767902375,0.759902375,0.796902375,0.807902375,0.822902375,0.791902375,0.828902375
2376,0.668979215,0.659979215,0.717979215,0.678979215,0.688979215,0.769979215,0.722979215,0.735979215,0.722979215,0.716979215
2377,0.651667021,0.670667021,0.688667021,0.658667021,0.684667021,0.727667021,0.746667021,0.723667021,0.733667021,0.760667021
2378,0.65975831,0.66175831,0.70075831,0.66875831,0.71675831,0.75875831,0.72575831,0.72375831,0.70375831,0.76975831
2379,0.855777743,0.827777743,0.945777743,0.852777743,0.891777743,0.928777743,0.889777743,0.883777743,0.890777743,0.876777743
2380,0.787233309,0.811233309,0.840233309,0.858233309,0.852233309,0.878233309,0.838233309,0.864233309,0.860233309,0.873233309
2381,0.779992131,0.750992131,0.800992131,0.744992131,0.808992131,0.826992131,0.830992131,0.850992131,0.803992131,0.837992131
2382,0.749665467,0.773665467,0.798665467,0.777665467,0.772665467,0.778665467,0.780665467,0.798665467,0.744665467,0.777665467
2383,0.642679978,0.624679978,0.702679978,0.617679978,0.654679978,0.707679978,0.650679978,0.681679978,0.665679978,0.682679978
2384,0.747411234,0.775411234,0.795411234,0.763411234,0.803411234,0.853411234,0.836411234,0.876411234,0.874411234,0.844411234
2385,0.538554428,0.481554428,0.550554428,0.525554428,0.534554428,0.631554428,0.585554428,0.613554428,0.599554428,0.606554428
2386,0.586205974,0.615205974,0.662205974,0.626205974,0.651205974,0.641205974,0.625205974,0.601205974,0.619205974,0.615205974
2387,0.6060848,0.6080848,0.6690848,0.6100848,0.6900848,0.6700848,0.6320848,0.6350848,0.6210848,0.6530848
2388,0.840860053,0.892860053,0.939860053,0.895860053,0.868860053,0.925860053,0.900860053,0.907860053,0.858860053,0.909860053
2389,0.644453255,0.641453255,0.688453255,0.657453255,0.700453255,0.738453255,0.714453255,0.706453255,0.687453255,0.738453255
2390,0.541641398,0.543641398,0.526641398,0.537641398,0.560641398,0.660641398,0.628641398,0.609641398,0.602641398,0.617641398
2391,0.680744898,0.706744898,0.743744898,0.726744898,0.770744898,0.760744898,0.729744898,0.723744898,0.724744898,0.753744898
2392,0.684657565,0.691657565,0.745657565,0.775657565,0.747657565,0.760657565,0.760657565,0.737657565,0.769657565,0.725657565
2393,0.75691454,0.77291454,0.79991454,0.78791454,0.81691454,0.84691454,0.75791454,0.81391454,0.79691454,0.80291454
2394,0.611054617,0.633054617,0.605054617,0.624054617,0.660054617,0.712054617,0.666054617,0.675054617,0.703054617,0.696054617
2395,0.585334773,0.592334773,0.664334773,0.611334773,0.677334773,0.640334773,0.659334773,0.652334773,0.653334773,0.658334773
2396,0.538111014,0.543111014,0.565111014,0.562111014,0.585111014,0.637111014,0.604111014,0.613111014,0.615111014,0.627111014
2397,0.721147019,0.765147019,0.743147019,0.759147019,0.733147019,0.793147019,0.795147019,0.792147019,0.768147019,0.800147019
2398,0.638481677,0.629481677,0.708481677,0.637481677,0.707481677,0.764481677,0.712481677,0.726481677,0.689481677,0.705481677
2399,0.57516565,0.60416565,0.60316565,0.61616565,0.62916565,0.63016565,0.62516565,0.62716565,0.60716565,0.63116565
2400,0.715749246,0.782749246,0.811749246,0.796749246,0.822749246,0.779749246,0.768749246,0.817749246,0.796749246,0.826749246
2401,0.588569591,0.566569591,0.605569591,0.589569591,0.618569591,0.603569591,0.616569591,0.579569591,0.604569591,0.588569591
2402,0.61277785,0.61277785,0.63277785,0.65577785,0.70577785,0.69077785,0.67377785,0.66877785,0.65477785,0.65277785
2403,0.582436975,0.606436975,0.642436975,0.616436975,0.593436975,0.648436975,0.634436975,0.609436975,0.588436975,0.613436975
2404,0.582762287,0.631762287,0.640762287,0.637762287,0.626762287,0.627762287,0.602762287,0.633762287,0.609762287,0.617762287
2405,0.704543008,0.699543008,0.670543008,0.708543008,0.766543008,0.753543008,0.738543008,0.721543008,0.759543008,0.774543008
2406,0.833579799,0.926579799,0.941579799,0.918579799,0.899579799,0.895579799,0.864579799,0.896579799,0.871579799,0.889579799
2407,0.736370349,0.810370349,0.850370349,0.809370349,0.867370349,0.796370349,0.780370349,0.780370349,0.758370349,0.772370349
2408,0.4522346,0.4332346,0.4642346,0.4182346,0.4562346,0.5382346,0.5072346,0.5492346,0.5182346,0.5492346
2409,0.759105954,0.828105954,0.845105954,0.823105954,0.867105954,0.838105954,0.806105954,0.832105954,0.776105954,0.881105954
2410,0.760121535,0.810121535,0.798121535,0.832121535,0.852121535,0.833121535,0.854121535,0.836121535,0.816121535,0.855121535
2411,0.708867686,0.650867686,0.751867686,0.697867686,0.692867686,0.784867686,0.788867686,0.747867686,0.763867686,0.796867686
2412,0.515667207,0.589667207,0.562667207,0.561667207,0.657667207,0.581667207,0.572667207,0.604667207,0.580667207,0.575667207
2413,0.598779235,0.619779235,0.654779235,0.619779235,0.639779235,0.654779235,0.647779235,0.651779235,0.645779235,0.683779235
2414,0.840212767,0.885212767,0.860212767,0.892212767,0.891212767,0.900212767,0.944212767,0.911212767,0.920212767,0.946212767
2415,0.680813393,0.712813393,0.733813393,0.689813393,0.746813393,0.767813393,0.766813393,0.751813393,0.741813393,0.756813393
2416,0.633904513,0.689904513,0.682904513,0.687904513,0.731904513,0.711904513,0.666904513,0.701904513,0.700904513,0.670904513
2417,0.660878422,0.659878422,0.707878422,0.661878422,0.711878422,0.685878422,0.709878422,0.717878422,0.692878422,0.686878422
2418,0.720271254,0.716271254,0.674271254,0.718271254,0.709271254,0.803271254,0.764271254,0.772271254,0.747271254,0.779271254
2419,0.564784726,0.622784726,0.625784726,0.588784726,0.604784726,0.663784726,0.635784726,0.638784726,0.629784726,0.628784726
2420,0.636976366,0.679976366,0.712976366,0.658976366,0.684976366,0.719976366,0.722976366,0.720976366,0.702976366,0.700976366
2421,0.682311554,0.699311554,0.695311554,0.741311554,0.761311554,0.800311554,0.775311554,0.762311554,0.776311554,0.744311554
2422,0.645298564,0.641298564,0.681298564,0.684298564,0.670298564,0.675298564,0.691298564,0.650298564,0.692298564,0.727298564
2423,0.815086379,0.779086379,0.839086379,0.801086379,0.830086379,0.876086379,0.844086379,0.872086379,0.841086379,0.891086379
2424,0.569289067,0.622289067,0.644289067,0.637289067,0.647289067,0.627289067,0.607289067,0.617289067,0.582289067,0.645289067
2425,0.577359284,0.617359284,0.644359284,0.584359284,0.633359284,0.666359284,0.630359284,0.632359284,0.605359284,0.657359284
2426,0.782311917,0.833311917,0.890311917,0.807311917,0.850311917,0.875311917,0.832311917,0.862311917,0.817311917,0.825311917
2427,0.554716907,0.580716907,0.599716907,0.574716907,0.607716907,0.628716907,0.596716907,0.607716907,0.608716907,0.587716907
2428,0.576628833,0.576628833,0.587628833,0.563628833,0.630628833,0.702628833,0.665628833,0.652628833,0.641628833,0.670628833
2429,0.589973105,0.606973105,0.629973105,0.594973105,0.669973105,0.649973105,0.633973105,0.617973105,0.590973105,0.609973105
2430,0.737035164,0.793035164,0.831035164,0.783035164,0.848035164,0.783035164,0.771035164,0.796035164,0.765035164,0.757035164
2431,0.507376296,0.539376296,0.567376296,0.557376296,0.599376296,0.528376296,0.540376296,0.518376296,0.529376296,0.516376296
2432,0.559704081,0.629704081,0.626704081,0.612704081,0.696704081,0.597704081,0.584704081,0.619704081,0.591704081,0.611704081
2433,0.674458363,0.677458363,0.751458363,0.716458363,0.746458363,0.742458363,0.759458363,0.774458363,0.726458363,0.774458363
2434,0.86619053,0.88919053,0.87019053,0.88719053,0.93519053,0.91919053,0.93119053,0.91119053,0.91619053,0.96119053
2435,0.77369826,0.83569826,0.85569826,0.77269826,0.84569826,0.86269826,0.83669826,0.86269826,0.80269826,0.82469826
2436,0.607104454,0.600104454,0.564104454,0.604104454,0.647104454,0.677104454,0.641104454,0.699104454,0.666104454,0.695104454
2437,0.716939168,0.748939168,0.763939168,0.751939168,0.761939168,0.795939168,0.779939168,0.797939168,0.754939168,0.800939168
2438,0.609259898,0.612259898,0.650259898,0.578259898,0.621259898,0.733259898,0.676259898,0.732259898,0.664259898,0.696259898
2439,0.667063364,0.696063364,0.742063364,0.719063364,0.772063364,0.749063364,0.734063364,0.755063364,0.728063364,0.738063364
2440,0.624604269,0.692604269,0.678604269,0.689604269,0.675604269,0.719604269,0.676604269,0.677604269,0.668604269,0.717604269
2441,0.830232692,0.837232692,0.902232692,0.867232692,0.895232692,0.918232692,0.879232692,0.919232692,0.923232692,0.928232692
2442,0.806751365,0.850751365,0.936751365,0.929751365,0.945751365,0.873751365,0.840751365,0.867751365,0.832751365,0.851751365
2443,0.644481592,0.652481592,0.654481592,0.688481592,0.707481592,0.765481592,0.714481592,0.738481592,0.689481592,0.708481592
2444,0.662464156,0.707464156,0.698464156,0.680464156,0.691464156,0.716464156,0.737464156,0.716464156,0.726464156,0.688464156
2445,0.675374117,0.672374117,0.742374117,0.686374117,0.759374117,0.770374117,0.702374117,0.736374117,0.709374117,0.730374117
2446,0.615598916,0.699598916,0.666598916,0.693598916,0.730598916,0.739598916,0.703598916,0.732598916,0.708598916,0.686598916
2447,0.617236227,0.625236227,0.642236227,0.646236227,0.674236227,0.676236227,0.680236227,0.674236227,0.667236227,0.698236227
2448,0.768653779,0.761653779,0.811653779,0.844653779,0.839653779,0.815653779,0.791653779,0.841653779,0.813653779,0.839653779
2449,0.509858454,0.590858454,0.561858454,0.559858454,0.537858454,0.564858454,0.570858454,0.561858454,0.544858454,0.551858454
2450,0.789684446,0.826684446,0.809684446,0.824684446,0.837684446,0.848684446,0.842684446,0.849684446,0.848684446,0.842684446
2451,0.535086765,0.556086765,0.603086765,0.571086765,0.591086765,0.625086765,0.589086765,0.615086765,0.575086765,0.598086765
2452,0.661783615,0.687783615,0.708783615,0.682783615,0.667783615,0.773783615,0.724783615,0.778783615,0.732783615,0.735783615
2453,0.686023742,0.721023742,0.791023742,0.725023742,0.715023742,0.766023742,0.769023742,0.752023742,0.768023742,0.768023742
2454,0.479965,0.508965,0.541965,0.527965,0.569965,0.593965,0.564965,0.588965,0.562965,0.566965
2455,0.600524457,0.619524457,0.662524457,0.622524457,0.632524457,0.665524457,0.676524457,0.676524457,0.692524457,0.673524457
2456,0.516557446,0.498557446,0.542557446,0.450557446,0.567557446,0.575557446,0.584557446,0.565557446,0.549557446,0.557557446
2457,0.652959519,0.660959519,0.641959519,0.649959519,0.698959519,0.707959519,0.694959519,0.724959519,0.695959519,0.693959519
2458,0.615475898,0.665475898,0.705475898,0.642475898,0.685475898,0.704475898,0.633475898,0.648475898,0.655475898,0.704475898
2459,0.609938833,0.585938833,0.633938833,0.655938833,0.685938833,0.674938833,0.652938833,0.679938833,0.650938833,0.704938833
2460,0.654674242,0.665674242,0.685674242,0.663674242,0.684674242,0.781674242,0.729674242,0.766674242,0.760674242,0.743674242
2461,0.607119721,0.654119721,0.673119721,0.646119721,0.650119721,0.657119721,0.635119721,0.646119721,0.632119721,0.648119721
2462,0.710842424,0.700842424,0.743842424,0.684842424,0.740842424,0.787842424,0.733842424,0.797842424,0.760842424,0.780842424
2463,0.708746973,0.729746973,0.777746973,0.788746973,0.826746973,0.756746973,0.751746973,0.728746973,0.746746973,0.767746973
2464,0.644710844,0.694710844,0.728710844,0.680710844,0.693710844,0.721710844,0.721710844,0.732710844,0.688710844,0.714710844
2465,0.552421649,0.584421649,0.652421649,0.644421649,0.647421649,0.606421649,0.626421649,0.614421649,0.599421649,0.617421649
2466,0.562620976,0.589620976,0.567620976,0.579620976,0.599620976,0.637620976,0.564620976,0.614620976,0.582620976,0.617620976
2467,0.485817178,0.485817178,0.497817178,0.503817178,0.560817178,0.572817178,0.503817178,0.517817178,0.511817178,0.521817178
2468,0.624182526,0.621182526,0.679182526,0.625182526,0.661182526,0.706182526,0.662182526,0.722182526,0.648182526,0.665182526
2469,0.771775347,0.801775347,0.825775347,0.835775347,0.837775347,0.840775347,0.800775347,0.837775347,0.805775347,0.822775347
2470,0.697617865,0.742617865,0.737617865,0.760617865,0.737617865,0.762617865,0.772617865,0.741617865,0.717617865,0.775617865
2471,0.649574801,0.651574801,0.696574801,0.642574801,0.666574801,0.749574801,0.699574801,0.718574801,0.711574801,0.700574801
2472,0.627306672,0.638306672,0.671306672,0.638306672,0.641306672,0.697306672,0.662306672,0.690306672,0.682306672,0.707306672
2473,0.613917811,0.667917811,0.651917811,0.653917811,0.662917811,0.736917811,0.662917811,0.690917811,0.644917811,0.733917811
2474,0.834627511,0.829627511,0.839627511,0.835627511,0.845627511,0.952627511,0.921627511,0.906627511,0.904627511,0.927627511
2475,0.501494387,0.521494387,0.577494387,0.569494387,0.598494387,0.555494387,0.532494387,0.602494387,0.544494387,0.526494387
2476,0.67417077,0.65317077,0.74117077,0.75717077,0.72917077,0.77217077,0.73517077,0.74917077,0.75417077,0.75417077
2477,0.573446692,0.635446692,0.620446692,0.651446692,0.614446692,0.652446692,0.642446692,0.675446692,0.638446692,0.603446692
2478,0.684830809,0.682830809,0.728830809,0.729830809,0.719830809,0.732830809,0.741830809,0.743830809,0.717830809,0.698830809
2479,0.608406034,0.650406034,0.631406034,0.633406034,0.649406034,0.716406034,0.668406034,0.707406034,0.667406034,0.688406034
2480,0.803061408,0.806061408,0.767061408,0.786061408,0.830061408,0.906061408,0.881061408,0.870061408,0.865061408,0.882061408
2481,0.805520534,0.881520534,0.951520534,0.862520534,0.862520534,0.885520534,0.880520534,0.904520534,0.878520534,0.877520534
2482,0.681547528,0.677547528,0.678547528,0.690547528,0.722547528,0.718547528,0.710547528,0.721547528,0.715547528,0.765547528
2483,0.559005663,0.635005663,0.657005663,0.618005663,0.622005663,0.679005663,0.607005663,0.616005663,0.595005663,0.630005663
2484,0.885725625,0.890725625,0.932725625,0.917725625,0.975725625,0.947725625,0.934725625,0.912725625,0.918725625,0.921725625
2485,0.67562094,0.66262094,0.71262094,0.67462094,0.73362094,0.71762094,0.69862094,0.70162094,0.68362094,0.69462094
2486,0.680191157,0.666191157,0.712191157,0.669191157,0.742191157,0.767191157,0.706191157,0.720191157,0.685191157,0.734191157
2487,0.677888926,0.746888926,0.789888926,0.752888926,0.774888926,0.770888926,0.740888926,0.779888926,0.746888926,0.746888926
2488,0.596350639,0.579350639,0.649350639,0.603350639,0.649350639,0.647350639,0.645350639,0.645350639,0.668350639,0.676350639
2489,0.640496274,0.618496274,0.673496274,0.690496274,0.653496274,0.691496274,0.692496274,0.703496274,0.700496274,0.701496274
2490,0.653577095,0.733577095,0.733577095,0.771577095,0.713577095,0.748577095,0.719577095,0.696577095,0.701577095,0.728577095
2491,0.54453626,0.57753626,0.60753626,0.65253626,0.65153626,0.64153626,0.63453626,0.60353626,0.63753626,0.63153626
2492,0.639584802,0.651584802,0.657584802,0.644584802,0.681584802,0.725584802,0.653584802,0.687584802,0.669584802,0.681584802
2493,0.683605955,0.769605955,0.747605955,0.767605955,0.846605955,0.752605955,0.691605955,0.748605955,0.702605955,0.711605955
2494,0.556958556,0.559958556,0.651958556,0.608958556,0.593958556,0.608958556,0.602958556,0.616958556,0.599958556,0.565958556
2495,0.566828018,0.597828018,0.610828018,0.598828018,0.618828018,0.642828018,0.669828018,0.643828018,0.631828018,0.613828018
2496,0.77943895,0.78243895,0.77243895,0.78643895,0.82143895,0.85143895,0.84043895,0.86343895,0.85243895,0.86643895
2497,0.600182025,0.632182025,0.662182025,0.668182025,0.622182025,0.665182025,0.608182025,0.640182025,0.625182025,0.644182025
2498,0.674518446,0.608518446,0.660518446,0.668518446,0.733518446,0.742518446,0.703518446,0.769518446,0.699518446,0.716518446
2499,0.536558909,0.589558909,0.662558909,0.564558909,0.601558909,0.622558909,0.601558909,0.613558909,0.576558909,0.600558909
2500,0.933506376,0.975506376,0.987506376,0.980506376,0.962506376,1.025506376,0.978506376,1.023506376,0.989506376,0.998506376
2501,0.763016251,0.841016251,0.821016251,0.854016251,0.866016251,0.800016251,0.776016251,0.804016251,0.798016251,0.808016251
2502,0.585227478,0.653227478,0.650227478,0.615227478,0.629227478,0.720227478,0.671227478,0.661227478,0.657227478,0.656227478
2503,0.612986573,0.623986573,0.636986573,0.599986573,0.627986573,0.658986573,0.623986573,0.653986573,0.639986573,0.648986573
2504,0.628419198,0.629419198,0.655419198,0.630419198,0.628419198,0.704419198,0.683419198,0.686419198,0.693419198,0.685419198
2505,0.77632791,0.72532791,0.79632791,0.75032791,0.81232791,0.84632791,0.78932791,0.83732791,0.82432791,0.83332791
2506,0.739462956,0.758462956,0.762462956,0.782462956,0.785462956,0.823462956,0.812462956,0.804462956,0.777462956,0.799462956
2507,0.840102754,0.873102754,0.860102754,0.872102754,0.924102754,0.878102754,0.879102754,0.867102754,0.878102754,0.863102754
2508,0.643142244,0.681142244,0.708142244,0.682142244,0.716142244,0.693142244,0.663142244,0.679142244,0.656142244,0.707142244
2509,0.831783888,0.856783888,0.915783888,0.856783888,0.904783888,0.925783888,0.881783888,0.889783888,0.899783888,0.956783888
2510,0.572891869,0.641891869,0.627891869,0.598891869,0.666891869,0.662891869,0.636891869,0.668891869,0.619891869,0.651891869
2511,0.789910864,0.834910864,0.839910864,0.811910864,0.874910864,0.838910864,0.838910864,0.835910864,0.825910864,0.844910864
2512,0.56376727,0.56476727,0.59076727,0.59676727,0.59276727,0.64276727,0.61876727,0.63976727,0.64076727,0.64176727
2513,0.68550944,0.72750944,0.73350944,0.74250944,0.76950944,0.75950944,0.74350944,0.72850944,0.73450944,0.72450944
2514,0.587840364,0.586840364,0.603840364,0.623840364,0.620840364,0.677840364,0.661840364,0.664840364,0.640840364,0.660840364
2515,0.76921606,0.81021606,0.84221606,0.81821606,0.85721606,0.83421606,0.80821606,0.83121606,0.82321606,0.80521606
2516,0.620766323,0.675766323,0.656766323,0.689766323,0.701766323,0.651766323,0.657766323,0.643766323,0.660766323,0.632766323
2517,0.729109065,0.759109065,0.789109065,0.803109065,0.779109065,0.789109065,0.753109065,0.770109065,0.815109065,0.775109065
2518,0.553114167,0.612114167,0.630114167,0.617114167,0.673114167,0.630114167,0.641114167,0.641114167,0.604114167,0.676114167
2519,0.735605124,0.754605124,0.763605124,0.783605124,0.740605124,0.819605124,0.779605124,0.787605124,0.765605124,0.833605124
2520,0.616712088,0.601712088,0.637712088,0.623712088,0.647712088,0.725712088,0.688712088,0.723712088,0.708712088,0.721712088
2521,0.709594054,0.748594054,0.781594054,0.774594054,0.768594054,0.808594054,0.773594054,0.803594054,0.788594054,0.766594054
2522,0.583084291,0.619084291,0.644084291,0.637084291,0.639084291,0.674084291,0.649084291,0.655084291,0.651084291,0.648084291
2523,0.728619033,0.801619033,0.815619033,0.801619033,0.836619033,0.786619033,0.752619033,0.766619033,0.762619033,0.752619033
2524,0.493656023,0.512656023,0.557656023,0.484656023,0.511656023,0.600656023,0.560656023,0.566656023,0.535656023,0.583656023
2525,0.745997334,0.734997334,0.844997334,0.797997334,0.809997334,0.791997334,0.799997334,0.785997334,0.789997334,0.827997334
2526,0.667685285,0.738685285,0.779685285,0.790685285,0.789685285,0.757685285,0.719685285,0.778685285,0.738685285,0.766685285
2527,0.623620559,0.658620559,0.652620559,0.625620559,0.704620559,0.699620559,0.656620559,0.713620559,0.665620559,0.670620559
2528,0.709298852,0.703298852,0.742298852,0.746298852,0.762298852,0.781298852,0.743298852,0.745298852,0.706298852,0.766298852
2529,0.703982425,0.743982425,0.752982425,0.693982425,0.763982425,0.747982425,0.752982425,0.750982425,0.738982425,0.745982425
2530,0.552181167,0.582181167,0.630181167,0.588181167,0.626181167,0.620181167,0.618181167,0.627181167,0.595181167,0.625181167
2531,0.611681767,0.608681767,0.598681767,0.625681767,0.697681767,0.688681767,0.662681767,0.668681767,0.654681767,0.643681767
2532,0.533285535,0.542285535,0.572285535,0.532285535,0.596285535,0.590285535,0.593285535,0.584285535,0.582285535,0.599285535
2533,0.546174622,0.555174622,0.606174622,0.599174622,0.610174622,0.572174622,0.545174622,0.586174622,0.559174622,0.541174622
2534,0.62148679,0.64048679,0.71148679,0.66848679,0.64048679,0.71948679,0.70948679,0.70948679,0.68948679,0.73248679
2535,0.743947643,0.799947643,0.777947643,0.769947643,0.811947643,0.788947643,0.791947643,0.785947643,0.809947643,0.809947643
2536,0.711177021,0.713177021,0.744177021,0.714177021,0.758177021,0.814177021,0.782177021,0.777177021,0.776177021,0.792177021
2537,0.567677058,0.544677058,0.574677058,0.587677058,0.624677058,0.613677058,0.598677058,0.603677058,0.588677058,0.605677058
2538,0.584320766,0.642320766,0.672320766,0.636320766,0.750320766,0.654320766,0.651320766,0.636320766,0.661320766,0.639320766
2539,0.650656856,0.722656856,0.704656856,0.732656856,0.697656856,0.732656856,0.708656856,0.704656856,0.690656856,0.711656856
2540,0.671091292,0.741091292,0.758091292,0.763091292,0.756091292,0.704091292,0.691091292,0.705091292,0.648091292,0.721091292
2541,0.683916993,0.666916993,0.696916993,0.692916993,0.752916993,0.785916993,0.747916993,0.749916993,0.744916993,0.744916993
2542,0.861180575,0.857180575,0.864180575,0.860180575,0.895180575,0.977180575,0.936180575,0.931180575,0.944180575,0.964180575
2543,0.564871369,0.618871369,0.660871369,0.602871369,0.619871369,0.660871369,0.611871369,0.660871369,0.609871369,0.631871369
2544,0.716244767,0.709244767,0.739244767,0.719244767,0.764244767,0.837244767,0.794244767,0.810244767,0.774244767,0.805244767
2545,0.697245942,0.689245942,0.701245942,0.717245942,0.738245942,0.789245942,0.776245942,0.751245942,0.761245942,0.816245942
2546,0.586782148,0.649782148,0.665782148,0.659782148,0.680782148,0.705782148,0.678782148,0.704782148,0.664782148,0.681782148
2547,0.487971877,0.475971877,0.510971877,0.486971877,0.543971877,0.529971877,0.509971877,0.534971877,0.560971877,0.532971877
2548,0.543767861,0.544767861,0.617767861,0.574767861,0.630767861,0.602767861,0.592767861,0.593767861,0.596767861,0.621767861
2549,0.556309346,0.603309346,0.666309346,0.645309346,0.669309346,0.632309346,0.628309346,0.616309346,0.623309346,0.644309346
2550,0.543034188,0.556034188,0.586034188,0.561034188,0.611034188,0.637034188,0.618034188,0.645034188,0.616034188,0.611034188
2551,0.438861051,0.513861051,0.507861051,0.501861051,0.496861051,0.531861051,0.499861051,0.511861051,0.495861051,0.510861051
2552,0.728642634,0.733642634,0.755642634,0.697642634,0.799642634,0.791642634,0.784642634,0.785642634,0.784642634,0.812642634
2553,0.856060848,0.882060848,0.881060848,0.912060848,0.889060848,0.942060848,0.908060848,0.928060848,0.910060848,0.900060848
2554,0.573315952,0.559315952,0.576315952,0.609315952,0.613315952,0.628315952,0.610315952,0.616315952,0.616315952,0.663315952
2555,0.49716117,0.48216117,0.56416117,0.50416117,0.58316117,0.61416117,0.59916117,0.59316117,0.59216117,0.59716117
2556,0.658772103,0.681772103,0.670772103,0.682772103,0.695772103,0.766772103,0.734772103,0.719772103,0.741772103,0.762772103
2557,0.51080244,0.54080244,0.55380244,0.49780244,0.51980244,0.54380244,0.57080244,0.57180244,0.53880244,0.55480244
2558,0.563620714,0.635620714,0.654620714,0.617620714,0.617620714,0.664620714,0.646620714,0.647620714,0.653620714,0.682620714
2559,0.687774887,0.748774887,0.744774887,0.739774887,0.748774887,0.768774887,0.742774887,0.740774887,0.738774887,0.749774887
2560,0.692693288,0.798693288,0.747693288,0.738693288,0.793693288,0.794693288,0.790693288,0.772693288,0.768693288,0.792693288
2561,0.583297636,0.575297636,0.622297636,0.651297636,0.621297636,0.692297636,0.670297636,0.688297636,0.667297636,0.658297636
2562,0.776539948,0.773539948,0.812539948,0.778539948,0.849539948,0.900539948,0.861539948,0.855539948,0.859539948,0.853539948
2563,0.77281514,0.82581514,0.87481514,0.82581514,0.78581514,0.87781514,0.82381514,0.83681514,0.84781514,0.84581514
2564,0.735681771,0.724681771,0.745681771,0.745681771,0.744681771,0.829681771,0.789681771,0.793681771,0.762681771,0.774681771
2565,0.68796644,0.66896644,0.71496644,0.67096644,0.70696644,0.74996644,0.74096644,0.75396644,0.72196644,0.73096644
2566,0.783825027,0.809825027,0.818825027,0.797825027,0.789825027,0.872825027,0.857825027,0.860825027,0.856825027,0.860825027
2567,0.82876535,0.84276535,0.92276535,0.88276535,0.92176535,0.91676535,0.86576535,0.87076535,0.87676535,0.87276535
2568,0.705210042,0.721210042,0.763210042,0.764210042,0.757210042,0.754210042,0.730210042,0.742210042,0.713210042,0.752210042
2569,0.670178263,0.718178263,0.717178263,0.772178263,0.756178263,0.772178263,0.711178263,0.717178263,0.662178263,0.723178263
2570,0.87047683,0.91147683,0.92647683,0.90647683,0.98347683,0.95847683,0.93147683,0.92747683,0.90747683,0.94047683
2571,0.828904056,0.852904056,0.920904056,0.846904056,0.899904056,0.871904056,0.819904056,0.864904056,0.832904056,0.885904056
2572,0.734103611,0.735103611,0.785103611,0.758103611,0.750103611,0.811103611,0.774103611,0.809103611,0.745103611,0.779103611
2573,0.806938744,0.773938744,0.795938744,0.745938744,0.830938744,0.867938744,0.824938744,0.862938744,0.871938744,0.842938744
2574,0.596393998,0.593393998,0.670393998,0.602393998,0.715393998,0.645393998,0.628393998,0.647393998,0.680393998,0.643393998
2575,0.65732917,0.72632917,0.67532917,0.66432917,0.69932917,0.73032917,0.70732917,0.75332917,0.72232917,0.73532917
2576,0.522637105,0.563637105,0.597637105,0.590637105,0.639637105,0.579637105,0.546637105,0.539637105,0.548637105,0.556637105
2577,0.817662691,0.902662691,0.937662691,0.864662691,0.863662691,0.888662691,0.877662691,0.887662691,0.847662691,0.913662691
2578,0.522051314,0.505051314,0.528051314,0.515051314,0.530051314,0.594051314,0.559051314,0.574051314,0.556051314,0.561051314
2579,0.505548384,0.469548384,0.505548384,0.486548384,0.565548384,0.600548384,0.551548384,0.574548384,0.555548384,0.542548384
2580,0.802734955,0.832734955,0.866734955,0.822734955,0.808734955,0.904734955,0.843734955,0.842734955,0.848734955,0.856734955
2581,0.630642519,0.646642519,0.733642519,0.649642519,0.653642519,0.697642519,0.677642519,0.678642519,0.680642519,0.726642519
2582,0.653332294,0.682332294,0.708332294,0.669332294,0.732332294,0.771332294,0.711332294,0.738332294,0.721332294,0.730332294
2583,0.842283415,0.925283415,0.959283415,0.927283415,0.953283415,0.904283415,0.884283415,0.904283415,0.902283415,0.917283415
2584,0.465731977,0.498731977,0.474731977,0.511731977,0.484731977,0.556731977,0.519731977,0.523731977,0.529731977,0.497731977
2585,0.5932759,0.6442759,0.7002759,0.6812759,0.6632759,0.6892759,0.6962759,0.6962759,0.6652759,0.6732759
2586,0.549621721,0.589621721,0.582621721,0.538621721,0.589621721,0.591621721,0.601621721,0.627621721,0.602621721,0.605621721
2587,0.594356586,0.608356586,0.646356586,0.631356586,0.620356586,0.663356586,0.640356586,0.638356586,0.648356586,0.641356586
2588,0.656549994,0.666549994,0.660549994,0.695549994,0.692549994,0.726549994,0.693549994,0.668549994,0.697549994,0.727549994
2589,0.748943114,0.781943114,0.787943114,0.755943114,0.793943114,0.805943114,0.833943114,0.814943114,0.797943114,0.818943114
2590,0.54895172,0.67295172,0.67495172,0.65795172,0.65695172,0.66795172,0.60095172,0.62495172,0.61195172,0.65995172
2591,0.617469807,0.572469807,0.608469807,0.594469807,0.638469807,0.705469807,0.674469807,0.686469807,0.698469807,0.711469807
2592,0.454260408,0.557260408,0.525260408,0.484260408,0.557260408,0.541260408,0.491260408,0.531260408,0.507260408,0.538260408
2593,0.71412495,0.74812495,0.72212495,0.71812495,0.80912495,0.80012495,0.81512495,0.80312495,0.74312495,0.78212495
2594,0.549395738,0.475395738,0.526395738,0.507395738,0.557395738,0.676395738,0.610395738,0.637395738,0.620395738,0.623395738
2595,0.578525275,0.619525275,0.616525275,0.558525275,0.627525275,0.649525275,0.624525275,0.641525275,0.649525275,0.648525275
2596,0.521355296,0.528355296,0.543355296,0.593355296,0.609355296,0.594355296,0.561355296,0.561355296,0.566355296,0.594355296
2597,0.669155743,0.706155743,0.740155743,0.742155743,0.701155743,0.740155743,0.731155743,0.714155743,0.732155743,0.713155743
2598,0.48215306,0.54915306,0.58715306,0.49915306,0.57315306,0.56115306,0.52115306,0.54415306,0.51715306,0.54215306
2599,0.575537171,0.657537171,0.664537171,0.643537171,0.636537171,0.667537171,0.652537171,0.692537171,0.631537171,0.646537171
2600,0.617962987,0.626962987,0.591962987,0.614962987,0.646962987,0.701962987,0.703962987,0.729962987,0.694962987,0.694962987
2601,0.500977877,0.600977877,0.565977877,0.542977877,0.590977877,0.578977877,0.512977877,0.517977877,0.536977877,0.517977877
2602,0.571223164,0.562223164,0.574223164,0.597223164,0.619223164,0.640223164,0.574223164,0.622223164,0.589223164,0.614223164
2603,0.672241073,0.612241073,0.651241073,0.589241073,0.645241073,0.773241073,0.747241073,0.751241073,0.732241073,0.761241073
2604,0.632580581,0.754580581,0.689580581,0.666580581,0.707580581,0.712580581,0.664580581,0.684580581,0.673580581,0.721580581
2605,0.660241102,0.726241102,0.724241102,0.766241102,0.725241102,0.740241102,0.722241102,0.721241102,0.720241102,0.722241102
2606,0.782117617,0.785117617,0.797117617,0.802117617,0.776117617,0.856117617,0.846117617,0.840117617,0.844117617,0.806117617
2607,0.666834833,0.694834833,0.742834833,0.714834833,0.725834833,0.762834833,0.725834833,0.755834833,0.740834833,0.741834833
2608,0.83273771,0.84873771,0.81273771,0.84073771,0.88473771,0.90573771,0.85673771,0.88173771,0.86573771,0.88573771
2609,0.650759107,0.761759107,0.781759107,0.721759107,0.757759107,0.759759107,0.724759107,0.761759107,0.729759107,0.729759107
2610,0.58574683,0.63574683,0.69474683,0.70474683,0.70274683,0.65174683,0.61974683,0.64874683,0.60574683,0.64074683
2611,0.799223468,0.810223468,0.838223468,0.807223468,0.892223468,0.862223468,0.822223468,0.847223468,0.833223468,0.844223468
2612,0.588603405,0.592603405,0.602603405,0.589603405,0.646603405,0.698603405,0.654603405,0.684603405,0.626603405,0.662603405
2613,0.463517786,0.532517786,0.530517786,0.556517786,0.566517786,0.532517786,0.503517786,0.495517786,0.487517786,0.512517786
2614,0.541542011,0.604542011,0.619542011,0.550542011,0.613542011,0.593542011,0.548542011,0.574542011,0.576542011,0.565542011
2615,0.605798679,0.697798679,0.720798679,0.713798679,0.704798679,0.646798679,0.648798679,0.642798679,0.597798679,0.634798679
2616,0.659991198,0.631991198,0.689991198,0.629991198,0.700991198,0.700991198,0.679991198,0.701991198,0.686991198,0.700991198
2617,0.610444216,0.643444216,0.695444216,0.692444216,0.719444216,0.657444216,0.635444216,0.689444216,0.643444216,0.673444216
2618,0.72142497,0.77542497,0.77642497,0.73542497,0.80142497,0.83342497,0.79642497,0.80842497,0.78642497,0.81542497
2619,0.590094771,0.583094771,0.648094771,0.589094771,0.634094771,0.693094771,0.664094771,0.657094771,0.637094771,0.674094771
2620,0.795352808,0.814352808,0.809352808,0.788352808,0.814352808,0.883352808,0.873352808,0.881352808,0.856352808,0.886352808
2621,0.736499837,0.786499837,0.784499837,0.781499837,0.796499837,0.820499837,0.794499837,0.818499837,0.815499837,0.813499837
2622,0.796421592,0.853421592,0.884421592,0.813421592,0.827421592,0.858421592,0.829421592,0.840421592,0.842421592,0.864421592
2623,0.787511101,0.837511101,0.871511101,0.888511101,0.880511101,0.850511101,0.808511101,0.843511101,0.819511101,0.854511101
2624,0.695641339,0.751641339,0.786641339,0.754641339,0.789641339,0.761641339,0.720641339,0.731641339,0.747641339,0.764641339
2625,0.68941217,0.71341217,0.72641217,0.72241217,0.70441217,0.80641217,0.74441217,0.74841217,0.76641217,0.81141217
2626,0.67972714,0.71572714,0.71772714,0.71172714,0.69972714,0.78572714,0.72472714,0.74772714,0.74772714,0.75772714
2627,0.748428956,0.826428956,0.815428956,0.839428956,0.871428956,0.800428956,0.782428956,0.798428956,0.789428956,0.787428956
2628,0.46123426,0.50023426,0.53123426,0.49523426,0.57323426,0.47923426,0.44023426,0.48923426,0.44623426,0.49623426
2629,0.692859734,0.760859734,0.756859734,0.737859734,0.708859734,0.772859734,0.774859734,0.787859734,0.755859734,0.753859734
2630,0.7462,0.7512,0.7832,0.7732,0.8212,0.8052,0.8122,0.8192,0.7852,0.8202
2631,0.737648557,0.716648557,0.801648557,0.805648557,0.788648557,0.789648557,0.772648557,0.801648557,0.786648557,0.785648557
2632,0.654130389,0.698130389,0.742130389,0.734130389,0.723130389,0.725130389,0.721130389,0.704130389,0.720130389,0.749130389
2633,0.592300973,0.670300973,0.660300973,0.582300973,0.666300973,0.666300973,0.638300973,0.646300973,0.653300973,0.654300973
2634,0.526065048,0.589065048,0.573065048,0.555065048,0.533065048,0.627065048,0.584065048,0.592065048,0.592065048,0.603065048
2635,0.495286048,0.542286048,0.552286048,0.576286048,0.562286048,0.605286048,0.569286048,0.592286048,0.570286048,0.551286048
2636,0.511678884,0.522678884,0.544678884,0.496678884,0.557678884,0.584678884,0.564678884,0.574678884,0.551678884,0.598678884
2637,0.568870858,0.591870858,0.600870858,0.611870858,0.660870858,0.628870858,0.573870858,0.588870858,0.586870858,0.596870858
2638,0.559721828,0.652721828,0.632721828,0.617721828,0.671721828,0.596721828,0.596721828,0.606721828,0.590721828,0.602721828
2639,0.793160751,0.818160751,0.822160751,0.778160751,0.829160751,0.884160751,0.848160751,0.854160751,0.833160751,0.846160751
2640,0.738190322,0.772190322,0.767190322,0.768190322,0.795190322,0.754190322,0.744190322,0.734190322,0.759190322,0.757190322
2641,0.634790859,0.646790859,0.649790859,0.616790859,0.676790859,0.697790859,0.693790859,0.706790859,0.695790859,0.720790859
2642,0.664876596,0.721876596,0.710876596,0.679876596,0.727876596,0.735876596,0.676876596,0.736876596,0.691876596,0.701876596
2643,0.57085197,0.62585197,0.67085197,0.63885197,0.69385197,0.67385197,0.63485197,0.64585197,0.69385197,0.63985197
2644,0.661051112,0.683051112,0.710051112,0.634051112,0.702051112,0.763051112,0.715051112,0.703051112,0.699051112,0.745051112
2645,0.747251614,0.781251614,0.799251614,0.752251614,0.794251614,0.856251614,0.832251614,0.791251614,0.777251614,0.794251614
2646,0.602459643,0.632459643,0.652459643,0.621459643,0.707459643,0.651459643,0.625459643,0.638459643,0.641459643,0.661459643
2647,0.95777091,1.01077091,0.97377091,0.96977091,0.98077091,1.06377091,1.04377091,1.02577091,1.04977091,1.06477091
2648,0.582996773,0.661996773,0.670996773,0.682996773,0.723996773,0.647996773,0.640996773,0.668996773,0.633996773,0.646996773
2649,0.758731663,0.759731663,0.765731663,0.757731663,0.793731663,0.866731663,0.795731663,0.809731663,0.809731663,0.827731663
2650,0.583934625,0.593934625,0.637934625,0.612934625,0.611934625,0.664934625,0.615934625,0.681934625,0.620934625,0.669934625
2651,0.734266378,0.679266378,0.764266378,0.771266378,0.782266378,0.846266378,0.799266378,0.807266378,0.795266378,0.820266378
2652,0.627105853,0.661105853,0.683105853,0.700105853,0.647105853,0.689105853,0.642105853,0.681105853,0.660105853,0.675105853
2653,0.607282194,0.621282194,0.664282194,0.655282194,0.645282194,0.694282194,0.680282194,0.668282194,0.662282194,0.663282194
2654,0.601434182,0.627434182,0.673434182,0.603434182,0.692434182,0.675434182,0.655434182,0.652434182,0.630434182,0.646434182
2655,0.776452657,0.730452657,0.809452657,0.798452657,0.826452657,0.855452657,0.846452657,0.794452657,0.825452657,0.835452657
2656,0.387766396,0.378766396,0.451766396,0.451766396,0.427766396,0.463766396,0.415766396,0.445766396,0.426766396,0.436766396
2657,0.808335201,0.832335201,0.864335201,0.851335201,0.877335201,0.884335201,0.853335201,0.847335201,0.868335201,0.886335201
2658,0.717907271,0.763907271,0.712907271,0.728907271,0.770907271,0.783907271,0.762907271,0.783907271,0.751907271,0.749907271
2659,0.587732336,0.598732336,0.659732336,0.616732336,0.628732336,0.699732336,0.651732336,0.680732336,0.641732336,0.640732336
2660,0.564475379,0.606475379,0.660475379,0.627475379,0.639475379,0.669475379,0.637475379,0.649475379,0.621475379,0.623475379
2661,0.641773864,0.629773864,0.688773864,0.661773864,0.702773864,0.702773864,0.690773864,0.687773864,0.696773864,0.718773864
2662,0.606433864,0.626433864,0.609433864,0.578433864,0.669433864,0.701433864,0.626433864,0.640433864,0.648433864,0.685433864
2663,0.744529232,0.729529232,0.759529232,0.759529232,0.769529232,0.830529232,0.790529232,0.815529232,0.791529232,0.822529232
2664,0.515264035,0.561264035,0.514264035,0.548264035,0.543264035,0.615264035,0.579264035,0.600264035,0.561264035,0.611264035
2665,0.764386161,0.782386161,0.846386161,0.869386161,0.912386161,0.849386161,0.817386161,0.845386161,0.831386161,0.802386161
2666,0.555263887,0.547263887,0.597263887,0.556263887,0.577263887,0.617263887,0.607263887,0.603263887,0.612263887,0.599263887
2667,0.6585972,0.6135972,0.6765972,0.6585972,0.6955972,0.7325972,0.6875972,0.7305972,0.6835972,0.6915972
2668,0.559226052,0.618226052,0.642226052,0.606226052,0.640226052,0.668226052,0.608226052,0.630226052,0.645226052,0.645226052
2669,0.6216738,0.6406738,0.6146738,0.6386738,0.6476738,0.7076738,0.7176738,0.6976738,0.7046738,0.7276738
2670,0.789625482,0.825625482,0.881625482,0.845625482,0.855625482,0.844625482,0.808625482,0.854625482,0.813625482,0.804625482
2671,0.823588701,0.871588701,0.872588701,0.879588701,0.934588701,0.866588701,0.859588701,0.872588701,0.848588701,0.853588701
2672,0.577196463,0.533196463,0.606196463,0.540196463,0.621196463,0.683196463,0.624196463,0.667196463,0.650196463,0.639196463
2673,0.650493595,0.670493595,0.673493595,0.719493595,0.701493595,0.730493595,0.678493595,0.696493595,0.705493595,0.708493595
2674,0.674205743,0.716205743,0.742205743,0.742205743,0.766205743,0.792205743,0.735205743,0.752205743,0.737205743,0.714205743
2675,0.618486097,0.588486097,0.649486097,0.642486097,0.694486097,0.731486097,0.667486097,0.694486097,0.680486097,0.698486097
2676,0.720861878,0.715861878,0.773861878,0.784861878,0.747861878,0.831861878,0.745861878,0.771861878,0.784861878,0.788861878
2677,0.765203565,0.775203565,0.757203565,0.776203565,0.815203565,0.812203565,0.801203565,0.821203565,0.813203565,0.826203565
2678,0.680326254,0.711326254,0.679326254,0.734326254,0.755326254,0.742326254,0.795326254,0.758326254,0.733326254,0.753326254
2679,0.655983827,0.677983827,0.706983827,0.660983827,0.680983827,0.667983827,0.683983827,0.679983827,0.703983827,0.693983827
2680,0.656695677,0.666695677,0.677695677,0.683695677,0.687695677,0.729695677,0.670695677,0.710695677,0.664695677,0.689695677
2681,0.67013005,0.72313005,0.69813005,0.72513005,0.71913005,0.75113005,0.74913005,0.74813005,0.74613005,0.78513005
2682,0.657890582,0.648890582,0.701890582,0.654890582,0.649890582,0.732890582,0.716890582,0.746890582,0.731890582,0.696890582
2683,0.569442182,0.589442182,0.672442182,0.623442182,0.612442182,0.665442182,0.651442182,0.660442182,0.638442182,0.668442182
2684,0.621050528,0.690050528,0.688050528,0.696050528,0.679050528,0.653050528,0.665050528,0.675050528,0.623050528,0.641050528
2685,0.622343499,0.616343499,0.630343499,0.581343499,0.645343499,0.719343499,0.678343499,0.642343499,0.679343499,0.673343499
2686,0.713158143,0.706158143,0.736158143,0.696158143,0.743158143,0.777158143,0.778158143,0.826158143,0.754158143,0.775158143
2687,0.666235622,0.702235622,0.729235622,0.712235622,0.802235622,0.729235622,0.697235622,0.728235622,0.712235622,0.721235622
2688,0.735325279,0.799325279,0.769325279,0.775325279,0.836325279,0.848325279,0.789325279,0.786325279,0.781325279,0.813325279
2689,0.547835944,0.561835944,0.576835944,0.562835944,0.561835944,0.625835944,0.628835944,0.654835944,0.590835944,0.591835944
2690,0.851640198,0.906640198,0.955640198,0.888640198,0.898640198,0.915640198,0.867640198,0.909640198,0.890640198,0.889640198
2691,0.612701196,0.625701196,0.694701196,0.717701196,0.698701196,0.667701196,0.638701196,0.624701196,0.615701196,0.654701196
2692,0.587968902,0.605968902,0.594968902,0.620968902,0.623968902,0.691968902,0.647968902,0.671968902,0.657968902,0.670968902
2693,0.788636312,0.743636312,0.759636312,0.782636312,0.791636312,0.821636312,0.828636312,0.858636312,0.834636312,0.851636312
2694,0.892163118,0.936163118,0.974163118,0.983163118,0.957163118,0.950163118,0.951163118,0.945163118,0.933163118,0.938163118
2695,0.957543846,1.015543846,0.975543846,1.061543846,0.999543846,1.029543846,1.020543846,1.020543846,1.000543846,1.047543846
2696,0.529378745,0.612378745,0.621378745,0.587378745,0.595378745,0.596378745,0.579378745,0.571378745,0.590378745,0.580378745
2697,0.645435242,0.661435242,0.736435242,0.644435242,0.682435242,0.766435242,0.680435242,0.690435242,0.683435242,0.694435242
2698,0.747804557,0.731804557,0.786804557,0.725804557,0.773804557,0.792804557,0.780804557,0.804804557,0.766804557,0.735804557
2699,0.698290563,0.746290563,0.738290563,0.758290563,0.757290563,0.787290563,0.742290563,0.775290563,0.752290563,0.731290563
2700,0.555639113,0.632639113,0.650639113,0.624639113,0.642639113,0.611639113,0.590639113,0.590639113,0.611639113,0.640639113
2701,0.789810723,0.813810723,0.817810723,0.803810723,0.814810723,0.869810723,0.839810723,0.864810723,0.831810723,0.859810723
2702,0.737435027,0.795435027,0.831435027,0.844435027,0.821435027,0.800435027,0.752435027,0.800435027,0.769435027,0.800435027
2703,0.674531217,0.645531217,0.632531217,0.666531217,0.713531217,0.754531217,0.738531217,0.730531217,0.733531217,0.744531217
2704,0.514790701,0.475790701,0.546790701,0.494790701,0.516790701,0.604790701,0.572790701,0.597790701,0.590790701,0.592790701
2705,0.570903594,0.610903594,0.626903594,0.625903594,0.607903594,0.720903594,0.637903594,0.616903594,0.612903594,0.620903594
2706,0.666833889,0.666833889,0.709833889,0.695833889,0.719833889,0.743833889,0.678833889,0.703833889,0.705833889,0.713833889
2707,0.578576554,0.612576554,0.601576554,0.588576554,0.620576554,0.643576554,0.646576554,0.634576554,0.627576554,0.640576554
2708,0.647248218,0.684248218,0.702248218,0.659248218,0.700248218,0.717248218,0.669248218,0.658248218,0.700248218,0.694248218
2709,0.551710966,0.616710966,0.589710966,0.628710966,0.619710966,0.657710966,0.608710966,0.593710966,0.612710966,0.591710966
2710,0.652761591,0.659761591,0.678761591,0.687761591,0.728761591,0.714761591,0.681761591,0.720761591,0.672761591,0.697761591
2711,0.689064097,0.698064097,0.716064097,0.713064097,0.758064097,0.729064097,0.751064097,0.737064097,0.733064097,0.726064097
2712,0.571266877,0.591266877,0.652266877,0.629266877,0.676266877,0.681266877,0.625266877,0.642266877,0.626266877,0.631266877
2713,0.711705424,0.795705424,0.775705424,0.774705424,0.770705424,0.772705424,0.755705424,0.805705424,0.757705424,0.763705424
2714,0.671336039,0.708336039,0.726336039,0.755336039,0.747336039,0.745336039,0.738336039,0.749336039,0.734336039,0.743336039
2715,0.653544951,0.662544951,0.721544951,0.692544951,0.680544951,0.708544951,0.753544951,0.748544951,0.715544951,0.734544951
2716,0.671896318,0.683896318,0.690896318,0.734896318,0.697896318,0.734896318,0.715896318,0.740896318,0.710896318,0.748896318
2717,0.617393008,0.634393008,0.677393008,0.684393008,0.648393008,0.696393008,0.682393008,0.677393008,0.648393008,0.671393008
2718,0.512217564,0.524217564,0.589217564,0.536217564,0.587217564,0.582217564,0.545217564,0.565217564,0.582217564,0.580217564
2719,0.633567296,0.607567296,0.665567296,0.646567296,0.677567296,0.744567296,0.679567296,0.676567296,0.687567296,0.692567296
2720,0.573400115,0.608400115,0.566400115,0.567400115,0.617400115,0.636400115,0.640400115,0.635400115,0.631400115,0.637400115
2721,0.769937033,0.767937033,0.839937033,0.787937033,0.812937033,0.816937033,0.795937033,0.809937033,0.785937033,0.819937033
2722,0.658479246,0.676479246,0.688479246,0.663479246,0.717479246,0.733479246,0.683479246,0.703479246,0.701479246,0.690479246
2723,0.552767896,0.599767896,0.617767896,0.563767896,0.571767896,0.659767896,0.618767896,0.658767896,0.620767896,0.647767896
2724,0.75587156,0.82287156,0.85387156,0.80087156,0.87987156,0.83887156,0.76987156,0.85087156,0.79987156,0.82587156
2725,0.773607811,0.805607811,0.838607811,0.840607811,0.787607811,0.830607811,0.821607811,0.789607811,0.829607811,0.816607811
2726,0.698879269,0.720879269,0.720879269,0.696879269,0.774879269,0.748879269,0.743879269,0.736879269,0.740879269,0.734879269
2727,0.552631729,0.612631729,0.626631729,0.617631729,0.649631729,0.654631729,0.594631729,0.623631729,0.607631729,0.598631729
2728,0.668930954,0.717930954,0.721930954,0.689930954,0.701930954,0.720930954,0.741930954,0.751930954,0.735930954,0.759930954
2729,0.632429538,0.710429538,0.651429538,0.662429538,0.673429538,0.708429538,0.673429538,0.695429538,0.659429538,0.673429538
2730,0.620522945,0.672522945,0.677522945,0.680522945,0.719522945,0.750522945,0.702522945,0.683522945,0.701522945,0.701522945
2731,0.743761003,0.798761003,0.861761003,0.817761003,0.820761003,0.812761003,0.775761003,0.821761003,0.768761003,0.788761003
2732,0.72834056,0.72934056,0.79634056,0.75134056,0.78134056,0.80034056,0.80234056,0.78434056,0.79234056,0.81234056
2733,0.473985015,0.496985015,0.495985015,0.521985015,0.550985015,0.560985015,0.493985015,0.536985015,0.527985015,0.543985015
2734,0.562222629,0.576222629,0.576222629,0.592222629,0.678222629,0.655222629,0.630222629,0.657222629,0.610222629,0.618222629
2735,0.661945709,0.715945709,0.765945709,0.735945709,0.741945709,0.759945709,0.705945709,0.688945709,0.662945709,0.697945709
2736,0.744245546,0.781245546,0.820245546,0.784245546,0.782245546,0.818245546,0.802245546,0.814245546,0.781245546,0.816245546
2737,0.755169011,0.780169011,0.816169011,0.761169011,0.791169011,0.844169011,0.816169011,0.833169011,0.819169011,0.844169011
2738,0.743197913,0.744197913,0.763197913,0.778197913,0.769197913,0.846197913,0.819197913,0.812197913,0.838197913,0.807197913
2739,0.629215296,0.596215296,0.620215296,0.653215296,0.649215296,0.713215296,0.701215296,0.722215296,0.709215296,0.688215296
2740,0.678875618,0.676875618,0.758875618,0.670875618,0.747875618,0.707875618,0.720875618,0.733875618,0.722875618,0.735875618
2741,0.715233845,0.767233845,0.794233845,0.804233845,0.799233845,0.863233845,0.803233845,0.801233845,0.824233845,0.821233845
2742,0.488116248,0.560116248,0.593116248,0.552116248,0.591116248,0.584116248,0.524116248,0.575116248,0.513116248,0.548116248
2743,0.614565129,0.641565129,0.624565129,0.628565129,0.661565129,0.681565129,0.655565129,0.662565129,0.647565129,0.634565129
2744,0.603788161,0.681788161,0.681788161,0.644788161,0.684788161,0.670788161,0.617788161,0.632788161,0.626788161,0.674788161
2745,0.591721397,0.698721397,0.708721397,0.716721397,0.770721397,0.687721397,0.648721397,0.637721397,0.649721397,0.633721397
2746,0.701075493,0.730075493,0.754075493,0.733075493,0.800075493,0.814075493,0.775075493,0.776075493,0.768075493,0.794075493
2747,0.624534331,0.612534331,0.676534331,0.657534331,0.717534331,0.752534331,0.759534331,0.720534331,0.717534331,0.709534331
2748,0.596493685,0.619493685,0.629493685,0.619493685,0.598493685,0.646493685,0.662493685,0.653493685,0.632493685,0.644493685
2749,0.619535525,0.610535525,0.719535525,0.639535525,0.685535525,0.715535525,0.696535525,0.689535525,0.683535525,0.717535525
2750,0.76848436,0.78248436,0.78548436,0.79948436,0.76348436,0.84248436,0.79248436,0.80448436,0.77648436,0.75448436
2751,0.613624751,0.673624751,0.689624751,0.614624751,0.687624751,0.687624751,0.649624751,0.696624751,0.657624751,0.672624751
2752,0.592915521,0.628915521,0.622915521,0.635915521,0.615915521,0.628915521,0.599915521,0.610915521,0.630915521,0.656915521
2753,0.779264586,0.808264586,0.908264586,0.853264586,0.837264586,0.840264586,0.843264586,0.833264586,0.840264586,0.859264586
2754,0.605002254,0.658002254,0.638002254,0.663002254,0.692002254,0.724002254,0.659002254,0.685002254,0.649002254,0.693002254
2755,0.681249051,0.660249051,0.746249051,0.717249051,0.749249051,0.754249051,0.746249051,0.771249051,0.733249051,0.740249051
2756,0.710962288,0.696962288,0.774962288,0.764962288,0.731962288,0.830962288,0.794962288,0.782962288,0.802962288,0.819962288
2757,0.470906725,0.514906725,0.555906725,0.559906725,0.612906725,0.553906725,0.509906725,0.504906725,0.506906725,0.523906725
2758,0.87507808,0.91807808,0.92907808,0.94807808,0.97807808,0.92907808,0.91407808,0.93907808,0.89907808,0.90207808
2759,0.605938434,0.666938434,0.637938434,0.619938434,0.640938434,0.717938434,0.666938434,0.670938434,0.688938434,0.696938434
2760,0.670067279,0.643067279,0.663067279,0.704067279,0.645067279,0.754067279,0.711067279,0.745067279,0.694067279,0.723067279
2761,0.789039849,0.765039849,0.808039849,0.802039849,0.842039849,0.876039849,0.866039849,0.878039849,0.830039849,0.851039849
2762,0.632653627,0.640653627,0.688653627,0.741653627,0.747653627,0.699653627,0.688653627,0.743653627,0.695653627,0.739653627
2763,0.785340165,0.801340165,0.818340165,0.861340165,0.823340165,0.892340165,0.823340165,0.873340165,0.867340165,0.896340165
2764,0.553658808,0.615658808,0.656658808,0.575658808,0.590658808,0.643658808,0.610658808,0.621658808,0.612658808,0.622658808
2765,0.707539237,0.731539237,0.720539237,0.758539237,0.763539237,0.730539237,0.714539237,0.728539237,0.715539237,0.737539237
2766,0.51268235,0.58568235,0.54968235,0.57468235,0.55668235,0.58568235,0.55468235,0.55368235,0.53368235,0.57468235
2767,0.916548665,0.965548665,0.998548665,0.990548665,0.993548665,0.969548665,0.952548665,0.989548665,0.939548665,0.946548665
2768,0.70851506,0.72751506,0.78251506,0.72451506,0.74851506,0.78551506,0.75651506,0.78751506,0.77451506,0.76551506
2769,0.745216956,0.794216956,0.823216956,0.833216956,0.789216956,0.802216956,0.776216956,0.777216956,0.795216956,0.814216956
2770,0.839506418,0.917506418,0.919506418,0.903506418,0.925506418,0.893506418,0.900506418,0.915506418,0.876506418,0.881506418
2771,0.689683321,0.688683321,0.725683321,0.743683321,0.737683321,0.751683321,0.749683321,0.761683321,0.720683321,0.727683321
2772,0.602422374,0.676422374,0.686422374,0.670422374,0.638422374,0.676422374,0.653422374,0.674422374,0.652422374,0.659422374
2773,0.63403146,0.65503146,0.64803146,0.68003146,0.66903146,0.71403146,0.64503146,0.64903146,0.66203146,0.68303146
2774,0.480875762,0.491875762,0.501875762,0.503875762,0.509875762,0.549875762,0.506875762,0.529875762,0.540875762,0.541875762
2775,0.759013053,0.739013053,0.828013053,0.812013053,0.846013053,0.859013053,0.803013053,0.830013053,0.829013053,0.870013053
2776,0.480890308,0.537890308,0.561890308,0.535890308,0.572890308,0.606890308,0.579890308,0.579890308,0.552890308,0.602890308
2777,0.695961139,0.692961139,0.717961139,0.685961139,0.718961139,0.793961139,0.730961139,0.743961139,0.737961139,0.780961139
2778,0.514246921,0.460246921,0.523246921,0.524246921,0.551246921,0.581246921,0.558246921,0.582246921,0.549246921,0.559246921
2779,0.616931802,0.661931802,0.730931802,0.684931802,0.715931802,0.696931802,0.678931802,0.702931802,0.687931802,0.662931802
2780,0.582801977,0.643801977,0.645801977,0.634801977,0.650801977,0.616801977,0.622801977,0.594801977,0.589801977,0.619801977
2781,0.70825114,0.78725114,0.78425114,0.81425114,0.85325114,0.84525114,0.78225114,0.82325114,0.82925114,0.79225114
2782,0.692898932,0.656898932,0.675898932,0.697898932,0.730898932,0.738898932,0.681898932,0.743898932,0.675898932,0.714898932
2783,0.789624478,0.855624478,0.876624478,0.863624478,0.853624478,0.863624478,0.839624478,0.861624478,0.838624478,0.849624478
2784,0.663782312,0.659782312,0.701782312,0.677782312,0.711782312,0.691782312,0.718782312,0.695782312,0.694782312,0.690782312
2785,0.612333524,0.616333524,0.615333524,0.659333524,0.631333524,0.659333524,0.665333524,0.642333524,0.645333524,0.665333524
2786,0.749726055,0.851726055,0.812726055,0.790726055,0.771726055,0.817726055,0.810726055,0.820726055,0.778726055,0.784726055
2787,0.552744774,0.587744774,0.642744774,0.587744774,0.679744774,0.635744774,0.584744774,0.608744774,0.568744774,0.600744774
2788,0.6132123,0.6622123,0.6822123,0.6452123,0.6532123,0.6902123,0.6762123,0.6542123,0.6762123,0.7132123
2789,0.739030391,0.766030391,0.843030391,0.816030391,0.813030391,0.812030391,0.805030391,0.809030391,0.807030391,0.831030391
2790,0.651051428,0.713051428,0.719051428,0.701051428,0.704051428,0.712051428,0.702051428,0.708051428,0.715051428,0.709051428
2791,0.564436128,0.563436128,0.622436128,0.646436128,0.608436128,0.643436128,0.625436128,0.666436128,0.617436128,0.631436128
2792,0.84787621,0.85687621,0.86487621,0.85587621,0.86187621,0.95087621,0.90887621,0.90187621,0.93487621,0.92387621
2793,0.721822713,0.752822713,0.794822713,0.781822713,0.792822713,0.805822713,0.763822713,0.811822713,0.782822713,0.795822713
2794,0.755448582,0.767448582,0.788448582,0.832448582,0.840448582,0.817448582,0.738448582,0.793448582,0.803448582,0.791448582
2795,0.595999731,0.605999731,0.657999731,0.635999731,0.648999731,0.675999731,0.683999731,0.663999731,0.653999731,0.675999731
2796,0.664359698,0.649359698,0.679359698,0.688359698,0.763359698,0.719359698,0.707359698,0.703359698,0.725359698,0.715359698
2797,0.774815041,0.822815041,0.800815041,0.837815041,0.838815041,0.826815041,0.792815041,0.796815041,0.774815041,0.827815041
2798,0.510269766,0.572269766,0.563269766,0.527269766,0.588269766,0.583269766,0.518269766,0.515269766,0.542269766,0.564269766
2799,0.610847148,0.626847148,0.655847148,0.684847148,0.668847148,0.684847148,0.674847148,0.662847148,0.644847148,0.706847148
2800,0.64679591,0.63179591,0.68379591,0.68979591,0.71379591,0.71579591,0.69479591,0.69579591,0.70279591,0.69579591
2801,0.671330952,0.719330952,0.699330952,0.709330952,0.766330952,0.735330952,0.699330952,0.698330952,0.707330952,0.719330952
2802,0.72282625,0.71682625,0.72482625,0.76582625,0.78382625,0.76882625,0.74382625,0.73782625,0.74582625,0.75582625
2803,0.748696488,0.779696488,0.824696488,0.792696488,0.856696488,0.857696488,0.818696488,0.837696488,0.835696488,0.813696488
2804,0.635490062,0.685490062,0.714490062,0.669490062,0.677490062,0.704490062,0.683490062,0.666490062,0.661490062,0.702490062
2805,0.671755264,0.685755264,0.686755264,0.685755264,0.691755264,0.783755264,0.735755264,0.765755264,0.738755264,0.760755264
2806,0.545243051,0.584243051,0.627243051,0.563243051,0.614243051,0.649243051,0.594243051,0.577243051,0.606243051,0.582243051
2807,0.668592935,0.607592935,0.671592935,0.645592935,0.686592935,0.731592935,0.702592935,0.723592935,0.717592935,0.752592935
2808,0.681924687,0.680924687,0.730924687,0.717924687,0.781924687,0.797924687,0.758924687,0.797924687,0.766924687,0.779924687
2809,0.591161694,0.611161694,0.650161694,0.663161694,0.669161694,0.669161694,0.621161694,0.646161694,0.609161694,0.624161694
2810,0.724005633,0.742005633,0.786005633,0.787005633,0.810005633,0.792005633,0.777005633,0.797005633,0.784005633,0.774005633
2811,0.74874966,0.76874966,0.83274966,0.78674966,0.82574966,0.80174966,0.79374966,0.79574966,0.77474966,0.82874966
2812,0.654643997,0.674643997,0.702643997,0.728643997,0.708643997,0.717643997,0.692643997,0.700643997,0.693643997,0.676643997
2813,0.39093886,0.37593886,0.38293886,0.41593886,0.44093886,0.48793886,0.48093886,0.47393886,0.49093886,0.45693886
2814,0.703672115,0.729672115,0.769672115,0.736672115,0.762672115,0.842672115,0.809672115,0.828672115,0.795672115,0.833672115
2815,0.648201938,0.705201938,0.739201938,0.690201938,0.731201938,0.668201938,0.669201938,0.701201938,0.656201938,0.689201938
2816,0.629814437,0.591814437,0.648814437,0.661814437,0.605814437,0.712814437,0.668814437,0.684814437,0.690814437,0.681814437
2817,0.71321512,0.72721512,0.74021512,0.74321512,0.75121512,0.83421512,0.77721512,0.80821512,0.78121512,0.80121512
2818,0.486047133,0.536047133,0.572047133,0.544047133,0.569047133,0.585047133,0.579047133,0.555047133,0.567047133,0.581047133
2819,0.610577161,0.611577161,0.649577161,0.648577161,0.636577161,0.700577161,0.690577161,0.703577161,0.680577161,0.691577161
2820,0.726409152,0.757409152,0.810409152,0.787409152,0.779409152,0.802409152,0.797409152,0.762409152,0.771409152,0.752409152
2821,0.867325824,0.912325824,0.929325824,0.925325824,0.963325824,0.951325824,0.930325824,0.967325824,0.898325824,0.956325824
2822,0.801319978,0.808319978,0.856319978,0.843319978,0.872319978,0.898319978,0.863319978,0.852319978,0.845319978,0.855319978
2823,0.596717523,0.601717523,0.674717523,0.617717523,0.646717523,0.647717523,0.624717523,0.597717523,0.588717523,0.620717523
2824,0.795500612,0.799500612,0.870500612,0.831500612,0.875500612,0.875500612,0.829500612,0.860500612,0.871500612,0.874500612
2825,0.671387216,0.665387216,0.710387216,0.698387216,0.725387216,0.750387216,0.750387216,0.706387216,0.731387216,0.766387216
2826,0.685092583,0.643092583,0.701092583,0.726092583,0.722092583,0.750092583,0.741092583,0.751092583,0.702092583,0.740092583
2827,0.766983381,0.790983381,0.827983381,0.825983381,0.815983381,0.882983381,0.853983381,0.882983381,0.862983381,0.846983381
2828,0.633506783,0.677506783,0.692506783,0.693506783,0.697506783,0.739506783,0.727506783,0.686506783,0.758506783,0.725506783
2829,0.710045253,0.694045253,0.748045253,0.784045253,0.753045253,0.741045253,0.742045253,0.761045253,0.708045253,0.747045253
2830,0.655577697,0.670577697,0.668577697,0.608577697,0.676577697,0.734577697,0.732577697,0.736577697,0.697577697,0.731577697
2831,0.942528262,0.969528262,1.079528262,0.979528262,1.057528262,1.027528262,0.995528262,1.014528262,0.976528262,1.003528262
2832,0.662689346,0.722689346,0.698689346,0.705689346,0.719689346,0.731689346,0.694689346,0.701689346,0.694689346,0.739689346
2833,0.722120735,0.765120735,0.784120735,0.769120735,0.780120735,0.815120735,0.784120735,0.791120735,0.795120735,0.796120735
2834,0.666788611,0.629788611,0.736788611,0.685788611,0.695788611,0.755788611,0.693788611,0.746788611,0.707788611,0.735788611
2835,0.744595263,0.780595263,0.750595263,0.779595263,0.786595263,0.786595263,0.774595263,0.771595263,0.796595263,0.828595263
2836,0.581047421,0.560047421,0.606047421,0.598047421,0.596047421,0.663047421,0.634047421,0.628047421,0.641047421,0.647047421
2837,0.659105883,0.640105883,0.716105883,0.673105883,0.673105883,0.705105883,0.669105883,0.708105883,0.687105883,0.709105883
2838,0.644362436,0.615362436,0.653362436,0.619362436,0.630362436,0.728362436,0.692362436,0.694362436,0.688362436,0.672362436
2839,0.744441607,0.780441607,0.784441607,0.809441607,0.795441607,0.805441607,0.790441607,0.782441607,0.748441607,0.778441607
2840,0.785993668,0.841993668,0.837993668,0.853993668,0.870993668,0.849993668,0.831993668,0.859993668,0.842993668,0.858993668
2841,0.696629354,0.671629354,0.669629354,0.651629354,0.691629354,0.764629354,0.739629354,0.739629354,0.722629354,0.717629354
2842,0.761628551,0.825628551,0.798628551,0.841628551,0.849628551,0.812628551,0.797628551,0.773628551,0.820628551,0.837628551
2843,0.556457816,0.614457816,0.614457816,0.619457816,0.625457816,0.640457816,0.585457816,0.619457816,0.595457816,0.623457816
2844,0.738187845,0.752187845,0.767187845,0.742187845,0.765187845,0.817187845,0.803187845,0.844187845,0.802187845,0.810187845
2845,0.751786966,0.759786966,0.813786966,0.801786966,0.821786966,0.829786966,0.811786966,0.828786966,0.819786966,0.808786966
2846,0.577637661,0.607637661,0.635637661,0.571637661,0.628637661,0.674637661,0.639637661,0.647637661,0.636637661,0.611637661
2847,0.667805147,0.669805147,0.700805147,0.756805147,0.689805147,0.738805147,0.730805147,0.709805147,0.721805147,0.737805147
2848,0.543379609,0.538379609,0.579379609,0.576379609,0.598379609,0.573379609,0.571379609,0.604379609,0.592379609,0.603379609
2849,0.617823243,0.599823243,0.630823243,0.632823243,0.710823243,0.741823243,0.695823243,0.682823243,0.669823243,0.653823243
2850,0.665902211,0.671902211,0.669902211,0.630902211,0.707902211,0.707902211,0.656902211,0.710902211,0.713902211,0.703902211
2851,0.760759433,0.746759433,0.820759433,0.801759433,0.810759433,0.868759433,0.803759433,0.784759433,0.803759433,0.823759433
2852,0.756118041,0.769118041,0.771118041,0.776118041,0.806118041,0.903118041,0.847118041,0.872118041,0.855118041,0.873118041
2853,0.716281419,0.728281419,0.755281419,0.741281419,0.782281419,0.806281419,0.770281419,0.802281419,0.762281419,0.783281419
2854,0.557934221,0.596934221,0.593934221,0.605934221,0.591934221,0.628934221,0.574934221,0.591934221,0.571934221,0.613934221
2855,0.421334221,0.386334221,0.436334221,0.451334221,0.449334221,0.473334221,0.437334221,0.435334221,0.434334221,0.470334221
2856,0.542004827,0.597004827,0.594004827,0.591004827,0.637004827,0.562004827,0.563004827,0.600004827,0.564004827,0.569004827
2857,0.68385135,0.68985135,0.70985135,0.73185135,0.76285135,0.74585135,0.73985135,0.77585135,0.74685135,0.77885135
2858,0.491868445,0.498868445,0.524868445,0.521868445,0.545868445,0.561868445,0.522868445,0.567868445,0.546868445,0.581868445
2859,0.616526,0.573526,0.632526,0.616526,0.632526,0.688526,0.646526,0.685526,0.651526,0.684526
2860,0.706199913,0.731199913,0.795199913,0.774199913,0.754199913,0.792199913,0.767199913,0.799199913,0.755199913,0.821199913
2861,0.715802623,0.717802623,0.740802623,0.701802623,0.779802623,0.755802623,0.740802623,0.737802623,0.721802623,0.733802623
2862,0.605942751,0.600942751,0.634942751,0.672942751,0.624942751,0.661942751,0.660942751,0.674942751,0.654942751,0.652942751
2863,0.81597431,0.89797431,0.85297431,0.89797431,0.86597431,0.89797431,0.84997431,0.89997431,0.90397431,0.92097431
2864,0.654462176,0.673462176,0.726462176,0.723462176,0.707462176,0.743462176,0.698462176,0.741462176,0.718462176,0.739462176
2865,0.557083639,0.569083639,0.564083639,0.601083639,0.557083639,0.611083639,0.611083639,0.643083639,0.571083639,0.589083639
2866,0.804197583,0.873197583,0.875197583,0.816197583,0.910197583,0.863197583,0.842197583,0.862197583,0.851197583,0.841197583
2867,0.636535326,0.619535326,0.623535326,0.660535326,0.679535326,0.698535326,0.682535326,0.714535326,0.702535326,0.688535326
2868,0.702757577,0.677757577,0.752757577,0.728757577,0.760757577,0.775757577,0.730757577,0.753757577,0.753757577,0.730757577
2869,0.700101318,0.716101318,0.750101318,0.723101318,0.767101318,0.743101318,0.715101318,0.741101318,0.725101318,0.744101318
2870,0.701725469,0.723725469,0.833725469,0.720725469,0.806725469,0.799725469,0.768725469,0.766725469,0.774725469,0.759725469
2871,0.606494477,0.582494477,0.658494477,0.630494477,0.646494477,0.685494477,0.680494477,0.693494477,0.663494477,0.697494477
2872,0.719921071,0.756921071,0.754921071,0.802921071,0.788921071,0.753921071,0.714921071,0.767921071,0.742921071,0.764921071
2873,0.596155382,0.626155382,0.615155382,0.630155382,0.668155382,0.680155382,0.684155382,0.630155382,0.632155382,0.662155382
2874,0.873491372,0.881491372,0.922491372,0.885491372,0.905491372,0.932491372,0.950491372,0.936491372,0.923491372,0.901491372
2875,0.713384659,0.710384659,0.779384659,0.765384659,0.787384659,0.850384659,0.823384659,0.855384659,0.809384659,0.856384659
2876,0.5479178,0.5859178,0.5829178,0.5869178,0.6109178,0.6099178,0.6199178,0.6259178,0.6149178,0.6439178
2877,0.405331687,0.447331687,0.441331687,0.408331687,0.439331687,0.546331687,0.498331687,0.516331687,0.482331687,0.493331687
2878,0.430467527,0.454467527,0.452467527,0.476467527,0.472467527,0.525467527,0.500467527,0.487467527,0.458467527,0.467467527
2879,0.682450172,0.697450172,0.745450172,0.718450172,0.757450172,0.790450172,0.780450172,0.773450172,0.764450172,0.755450172
2880,0.567097872,0.626097872,0.634097872,0.660097872,0.653097872,0.677097872,0.633097872,0.684097872,0.649097872,0.648097872
2881,0.438966133,0.448966133,0.482966133,0.467966133,0.499966133,0.532966133,0.524966133,0.484966133,0.486966133,0.501966133
2882,0.741378259,0.709378259,0.747378259,0.768378259,0.742378259,0.855378259,0.812378259,0.810378259,0.824378259,0.827378259
2883,0.813914426,0.779914426,0.786914426,0.872914426,0.857914426,0.885914426,0.831914426,0.856914426,0.827914426,0.826914426
2884,0.759174803,0.755174803,0.812174803,0.783174803,0.812174803,0.803174803,0.810174803,0.828174803,0.820174803,0.808174803
2885,0.743570916,0.683570916,0.726570916,0.764570916,0.736570916,0.842570916,0.822570916,0.801570916,0.826570916,0.810570916
2886,0.729371569,0.788371569,0.791371569,0.780371569,0.814371569,0.782371569,0.770371569,0.749371569,0.749371569,0.790371569
2887,0.643161859,0.638161859,0.670161859,0.678161859,0.683161859,0.735161859,0.714161859,0.739161859,0.697161859,0.715161859
2888,0.64278237,0.67478237,0.69078237,0.72378237,0.71578237,0.72878237,0.70578237,0.74978237,0.71678237,0.72978237
2889,0.641015684,0.720015684,0.732015684,0.731015684,0.723015684,0.715015684,0.688015684,0.735015684,0.717015684,0.689015684
2890,0.651138781,0.665138781,0.665138781,0.640138781,0.703138781,0.786138781,0.736138781,0.780138781,0.724138781,0.741138781
2891,0.611179835,0.629179835,0.622179835,0.662179835,0.625179835,0.690179835,0.693179835,0.699179835,0.658179835,0.690179835
2892,0.638319182,0.629319182,0.739319182,0.679319182,0.681319182,0.716319182,0.719319182,0.709319182,0.696319182,0.725319182
2893,0.709629494,0.716629494,0.735629494,0.716629494,0.779629494,0.808629494,0.810629494,0.806629494,0.783629494,0.804629494
2894,0.742736908,0.766736908,0.828736908,0.808736908,0.823736908,0.804736908,0.783736908,0.819736908,0.779736908,0.788736908
2895,0.573995383,0.537995383,0.583995383,0.554995383,0.596995383,0.605995383,0.575995383,0.606995383,0.606995383,0.613995383
2896,0.563014102,0.586014102,0.561014102,0.577014102,0.591014102,0.630014102,0.623014102,0.655014102,0.607014102,0.622014102
2897,0.561865803,0.610865803,0.680865803,0.638865803,0.680865803,0.666865803,0.650865803,0.633865803,0.655865803,0.612865803
2898,0.730148018,0.744148018,0.771148018,0.751148018,0.741148018,0.818148018,0.799148018,0.793148018,0.786148018,0.808148018
2899,0.625565263,0.729565263,0.681565263,0.653565263,0.678565263,0.710565263,0.659565263,0.715565263,0.664565263,0.687565263
2900,0.911988298,0.958988298,0.921988298,0.915988298,1.011988298,0.957988298,0.982988298,0.987988298,0.959988298,0.997988298
2901,0.718091208,0.796091208,0.798091208,0.801091208,0.776091208,0.793091208,0.734091208,0.757091208,0.736091208,0.778091208
2902,0.65518261,0.64618261,0.73318261,0.72018261,0.69118261,0.73518261,0.73618261,0.73018261,0.72818261,0.72718261
2903,0.686013938,0.705013938,0.748013938,0.758013938,0.737013938,0.768013938,0.735013938,0.727013938,0.721013938,0.728013938
2904,0.574062356,0.612062356,0.590062356,0.520062356,0.598062356,0.648062356,0.618062356,0.661062356,0.621062356,0.643062356
2905,0.70800461,0.69500461,0.72100461,0.73200461,0.74400461,0.78000461,0.78400461,0.79500461,0.76400461,0.76800461
2906,0.595426974,0.691426974,0.703426974,0.698426974,0.689426974,0.669426974,0.630426974,0.668426974,0.645426974,0.660426974
2907,0.856196676,0.917196676,0.893196676,0.926196676,0.881196676,0.965196676,0.925196676,0.917196676,0.922196676,0.935196676
2908,0.801658072,0.795658072,0.835658072,0.811658072,0.846658072,0.935658072,0.855658072,0.895658072,0.871658072,0.891658072
2909,0.577264093,0.584264093,0.588264093,0.619264093,0.606264093,0.631264093,0.609264093,0.656264093,0.627264093,0.613264093
2910,0.637217441,0.626217441,0.662217441,0.666217441,0.687217441,0.676217441,0.673217441,0.658217441,0.656217441,0.692217441
2911,0.774231905,0.753231905,0.794231905,0.770231905,0.795231905,0.831231905,0.828231905,0.825231905,0.815231905,0.858231905
2912,0.571824978,0.562824978,0.614824978,0.596824978,0.624824978,0.629824978,0.608824978,0.609824978,0.623824978,0.601824978
2913,0.795812871,0.832812871,0.841812871,0.879812871,0.875812871,0.861812871,0.863812871,0.877812871,0.848812871,0.860812871
2914,0.666423879,0.648423879,0.721423879,0.655423879,0.667423879,0.753423879,0.737423879,0.748423879,0.727423879,0.766423879
2915,0.924502843,1.029502843,1.062502843,1.007502843,1.019502843,1.021502843,0.992502843,1.039502843,1.033502843,1.035502843
2916,0.517788468,0.516788468,0.541788468,0.526788468,0.573788468,0.622788468,0.592788468,0.624788468,0.595788468,0.607788468
2917,0.499549866,0.534549866,0.484549866,0.594549866,0.569549866,0.579549866,0.518549866,0.576549866,0.528549866,0.552549866
2918,0.702344954,0.702344954,0.732344954,0.708344954,0.765344954,0.798344954,0.764344954,0.789344954,0.748344954,0.770344954
2919,0.617807305,0.665807305,0.712807305,0.712807305,0.702807305,0.709807305,0.675807305,0.683807305,0.712807305,0.699807305
2920,0.488796421,0.501796421,0.483796421,0.509796421,0.459796421,0.507796421,0.521796421,0.556796421,0.543796421,0.554796421
2921,0.676469124,0.683469124,0.745469124,0.655469124,0.760469124,0.763469124,0.750469124,0.805469124,0.762469124,0.764469124
2922,0.947410707,1.004410707,1.031410707,1.049410707,0.979410707,1.015410707,1.022410707,1.047410707,1.037410707,1.028410707
2923,0.629928381,0.652928381,0.694928381,0.669928381,0.703928381,0.730928381,0.689928381,0.706928381,0.687928381,0.738928381
2924,0.665181253,0.687181253,0.640181253,0.650181253,0.693181253,0.722181253,0.720181253,0.694181253,0.728181253,0.703181253
2925,0.649781087,0.663781087,0.735781087,0.705781087,0.694781087,0.749781087,0.757781087,0.754781087,0.703781087,0.752781087
2926,0.791430878,0.853430878,0.888430878,0.864430878,0.884430878,0.906430878,0.854430878,0.861430878,0.861430878,0.911430878
2927,0.715559734,0.780559734,0.771559734,0.804559734,0.775559734,0.770559734,0.764559734,0.774559734,0.743559734,0.742559734
2928,0.561846275,0.587846275,0.602846275,0.597846275,0.569846275,0.647846275,0.632846275,0.638846275,0.621846275,0.617846275
2929,0.601544824,0.644544824,0.638544824,0.652544824,0.668544824,0.717544824,0.703544824,0.713544824,0.675544824,0.750544824
2930,0.526356772,0.568356772,0.552356772,0.595356772,0.595356772,0.615356772,0.598356772,0.581356772,0.602356772,0.628356772
2931,0.618486741,0.640486741,0.745486741,0.700486741,0.705486741,0.726486741,0.719486741,0.716486741,0.711486741,0.738486741
2932,0.600036977,0.660036977,0.630036977,0.630036977,0.640036977,0.662036977,0.630036977,0.643036977,0.609036977,0.625036977
2933,0.502956363,0.494956363,0.499956363,0.520956363,0.560956363,0.594956363,0.566956363,0.598956363,0.571956363,0.563956363
2934,0.610267584,0.656267584,0.619267584,0.683267584,0.692267584,0.665267584,0.660267584,0.671267584,0.633267584,0.671267584
2935,0.632197577,0.661197577,0.674197577,0.651197577,0.712197577,0.770197577,0.723197577,0.722197577,0.721197577,0.712197577
2936,0.676557688,0.753557688,0.789557688,0.765557688,0.788557688,0.742557688,0.731557688,0.780557688,0.751557688,0.725557688
2937,0.594704207,0.545704207,0.525704207,0.570704207,0.582704207,0.664704207,0.665704207,0.654704207,0.650704207,0.640704207
2938,0.766408262,0.802408262,0.822408262,0.830408262,0.845408262,0.881408262,0.845408262,0.796408262,0.784408262,0.844408262
2939,0.535292333,0.530292333,0.577292333,0.585292333,0.650292333,0.632292333,0.561292333,0.580292333,0.573292333,0.593292333
2940,0.473901256,0.493901256,0.542901256,0.499901256,0.509901256,0.580901256,0.526901256,0.559901256,0.514901256,0.553901256
2941,0.557097757,0.603097757,0.630097757,0.600097757,0.637097757,0.620097757,0.597097757,0.611097757,0.577097757,0.629097757
2942,0.514909072,0.568909072,0.550909072,0.575909072,0.571909072,0.624909072,0.619909072,0.605909072,0.615909072,0.613909072
2943,0.48126724,0.48826724,0.50326724,0.49926724,0.53826724,0.52726724,0.51826724,0.53426724,0.49626724,0.50326724
2944,0.750340802,0.827340802,0.833340802,0.801340802,0.857340802,0.824340802,0.787340802,0.828340802,0.818340802,0.805340802
2945,0.566146518,0.673146518,0.704146518,0.668146518,0.717146518,0.650146518,0.625146518,0.660146518,0.630146518,0.660146518
2946,0.600179053,0.560179053,0.598179053,0.569179053,0.599179053,0.644179053,0.648179053,0.624179053,0.640179053,0.666179053
2947,0.738362192,0.737362192,0.766362192,0.713362192,0.743362192,0.801362192,0.776362192,0.789362192,0.762362192,0.797362192
2948,0.737626805,0.835626805,0.764626805,0.786626805,0.790626805,0.788626805,0.755626805,0.791626805,0.744626805,0.763626805
2949,0.697478123,0.708478123,0.694478123,0.757478123,0.680478123,0.755478123,0.714478123,0.709478123,0.739478123,0.738478123
2950,0.774516165,0.782516165,0.786516165,0.793516165,0.837516165,0.861516165,0.857516165,0.861516165,0.853516165,0.855516165
2951,0.744876205,0.742876205,0.821876205,0.766876205,0.804876205,0.844876205,0.803876205,0.808876205,0.784876205,0.798876205
2952,0.617232048,0.682232048,0.701232048,0.671232048,0.714232048,0.655232048,0.636232048,0.643232048,0.645232048,0.661232048
2953,0.779482615,0.767482615,0.798482615,0.803482615,0.780482615,0.900482615,0.842482615,0.866482615,0.862482615,0.877482615
2954,0.656595179,0.642595179,0.675595179,0.681595179,0.680595179,0.743595179,0.682595179,0.733595179,0.693595179,0.707595179
2955,0.551540414,0.589540414,0.596540414,0.583540414,0.584540414,0.625540414,0.607540414,0.614540414,0.595540414,0.665540414
2956,0.681174009,0.722174009,0.761174009,0.704174009,0.781174009,0.748174009,0.699174009,0.734174009,0.708174009,0.754174009
2957,0.661087879,0.678087879,0.678087879,0.702087879,0.732087879,0.765087879,0.733087879,0.747087879,0.737087879,0.759087879
2958,0.679833217,0.667833217,0.731833217,0.711833217,0.733833217,0.793833217,0.741833217,0.738833217,0.739833217,0.735833217
2959,0.6485347,0.6775347,0.6875347,0.6835347,0.7135347,0.7345347,0.6995347,0.6995347,0.7075347,0.7365347
2960,0.607301034,0.600301034,0.593301034,0.616301034,0.627301034,0.716301034,0.634301034,0.623301034,0.646301034,0.677301034
2961,0.569852645,0.539852645,0.577852645,0.584852645,0.583852645,0.693852645,0.611852645,0.662852645,0.648852645,0.655852645
2962,0.565097404,0.622097404,0.643097404,0.612097404,0.641097404,0.638097404,0.621097404,0.646097404,0.623097404,0.612097404
2963,0.522143243,0.554143243,0.619143243,0.558143243,0.547143243,0.580143243,0.559143243,0.557143243,0.559143243,0.563143243
2964,0.73692501,0.76792501,0.76492501,0.72392501,0.74392501,0.79692501,0.78192501,0.78492501,0.78692501,0.79592501
2965,0.608936468,0.597936468,0.613936468,0.580936468,0.642936468,0.718936468,0.682936468,0.714936468,0.662936468,0.696936468
2966,0.657822619,0.680822619,0.720822619,0.682822619,0.736822619,0.681822619,0.703822619,0.725822619,0.699822619,0.710822619
2967,0.527923615,0.548923615,0.550923615,0.536923615,0.560923615,0.637923615,0.580923615,0.616923615,0.580923615,0.561923615
2968,0.585361512,0.550361512,0.610361512,0.551361512,0.606361512,0.654361512,0.632361512,0.659361512,0.621361512,0.604361512
2969,0.659959858,0.700959858,0.731959858,0.684959858,0.750959858,0.728959858,0.705959858,0.695959858,0.684959858,0.708959858
2970,0.621584879,0.635584879,0.661584879,0.662584879,0.611584879,0.670584879,0.684584879,0.695584879,0.678584879,0.692584879
2971,0.578307027,0.587307027,0.557307027,0.589307027,0.586307027,0.652307027,0.624307027,0.629307027,0.604307027,0.624307027
2972,0.58582806,0.64282806,0.66482806,0.65982806,0.66082806,0.63582806,0.61782806,0.61582806,0.58582806,0.58582806
2973,0.860508293,0.870508293,0.883508293,0.937508293,0.913508293,0.960508293,0.940508293,0.912508293,0.895508293,0.910508293
2974,0.660740101,0.658740101,0.763740101,0.752740101,0.752740101,0.697740101,0.709740101,0.683740101,0.693740101,0.754740101
2975,0.428518097,0.465518097,0.513518097,0.461518097,0.497518097,0.492518097,0.463518097,0.484518097,0.444518097,0.512518097
2976,0.838623767,0.877623767,0.926623767,0.935623767,0.924623767,0.929623767,0.915623767,0.924623767,0.924623767,0.892623767
2977,0.645469484,0.654469484,0.681469484,0.667469484,0.697469484,0.685469484,0.656469484,0.669469484,0.643469484,0.688469484
2978,0.482491994,0.492491994,0.517491994,0.492491994,0.486491994,0.559491994,0.483491994,0.571491994,0.515491994,0.526491994
2979,0.682661718,0.733661718,0.801661718,0.736661718,0.754661718,0.727661718,0.716661718,0.712661718,0.727661718,0.718661718
2980,0.523391332,0.580391332,0.585391332,0.524391332,0.588391332,0.645391332,0.590391332,0.591391332,0.557391332,0.610391332
2981,0.564539541,0.597539541,0.595539541,0.596539541,0.589539541,0.593539541,0.629539541,0.597539541,0.566539541,0.614539541
2982,0.659478203,0.707478203,0.674478203,0.630478203,0.694478203,0.725478203,0.719478203,0.696478203,0.703478203,0.715478203
2983,0.528795407,0.619795407,0.595795407,0.519795407,0.609795407,0.622795407,0.627795407,0.631795407,0.592795407,0.609795407
2984,0.688149356,0.734149356,0.772149356,0.718149356,0.759149356,0.790149356,0.788149356,0.807149356,0.757149356,0.787149356
2985,0.555810068,0.585810068,0.606810068,0.540810068,0.546810068,0.617810068,0.589810068,0.571810068,0.618810068,0.610810068
2986,0.821625647,0.816625647,0.839625647,0.865625647,0.937625647,0.868625647,0.881625647,0.869625647,0.838625647,0.876625647
2987,0.682891704,0.676891704,0.715891704,0.706891704,0.681891704,0.769891704,0.730891704,0.734891704,0.728891704,0.712891704
2988,0.778383217,0.827383217,0.894383217,0.868383217,0.861383217,0.834383217,0.842383217,0.865383217,0.808383217,0.847383217
2989,0.470499758,0.527499758,0.542499758,0.593499758,0.547499758,0.578499758,0.582499758,0.584499758,0.551499758,0.570499758
2990,0.755082424,0.760082424,0.779082424,0.796082424,0.814082424,0.801082424,0.807082424,0.816082424,0.790082424,0.789082424
2991,0.629648995,0.636648995,0.672648995,0.670648995,0.655648995,0.677648995,0.648648995,0.661648995,0.614648995,0.670648995
2992,0.804355377,0.822355377,0.885355377,0.785355377,0.867355377,0.869355377,0.848355377,0.866355377,0.853355377,0.852355377
2993,0.777950019,0.788950019,0.814950019,0.817950019,0.860950019,0.831950019,0.839950019,0.864950019,0.822950019,0.826950019
2994,0.508124582,0.523124582,0.584124582,0.526124582,0.572124582,0.571124582,0.585124582,0.591124582,0.551124582,0.546124582
2995,0.68571636,0.73171636,0.68071636,0.73271636,0.78571636,0.76671636,0.70571636,0.72071636,0.72271636,0.75071636
2996,0.720944436,0.767944436,0.775944436,0.779944436,0.794944436,0.823944436,0.771944436,0.775944436,0.767944436,0.798944436
2997,0.533780162,0.500780162,0.474780162,0.526780162,0.532780162,0.631780162,0.627780162,0.626780162,0.610780162,0.668780162
2998,0.554170426,0.575170426,0.576170426,0.591170426,0.613170426,0.677170426,0.636170426,0.634170426,0.611170426,0.611170426
2999,0.668745254,0.649745254,0.726745254,0.715745254,0.707745254,0.702745254,0.669745254,0.737745254,0.715745254,0.721745254
3000,0.616311024,0.622311024,0.609311024,0.656311024,0.657311024,0.704311024,0.659311024,0.662311024,0.685311024,0.645311024
3001,0.715791488,0.787791488,0.833791488,0.787791488,0.826791488,0.812791488,0.782791488,0.839791488,0.764791488,0.790791488
3002,0.582196412,0.669196412,0.622196412,0.635196412,0.665196412,0.662196412,0.657196412,0.629196412,0.610196412,0.649196412
3003,0.524436732,0.501436732,0.518436732,0.527436732,0.536436732,0.645436732,0.606436732,0.599436732,0.575436732,0.587436732
3004,0.789735906,0.853735906,0.836735906,0.836735906,0.886735906,0.851735906,0.804735906,0.862735906,0.836735906,0.856735906
3005,0.692032565,0.731032565,0.762032565,0.728032565,0.773032565,0.792032565,0.762032565,0.745032565,0.768032565,0.769032565
3006,0.706760914,0.749760914,0.757760914,0.709760914,0.735760914,0.791760914,0.768760914,0.767760914,0.766760914,0.789760914
3007,0.593043522,0.571043522,0.607043522,0.620043522,0.636043522,0.627043522,0.612043522,0.646043522,0.628043522,0.613043522
3008,0.903551619,0.904551619,0.919551619,0.924551619,0.946551619,0.979551619,1.011551619,1.030551619,0.998551619,0.991551619
3009,0.759226366,0.830226366,0.851226366,0.883226366,0.849226366,0.844226366,0.827226366,0.840226366,0.810226366,0.825226366
3010,0.843470352,0.888470352,0.938470352,0.931470352,0.939470352,0.922470352,0.920470352,0.918470352,0.888470352,0.928470352
3011,0.834992288,0.883992288,0.873992288,0.898992288,0.922992288,0.907992288,0.903992288,0.956992288,0.904992288,0.931992288
3012,0.653805954,0.690805954,0.707805954,0.714805954,0.710805954,0.758805954,0.696805954,0.735805954,0.730805954,0.742805954
3013,0.593937963,0.556937963,0.607937963,0.590937963,0.598937963,0.662937963,0.625937963,0.660937963,0.641937963,0.627937963
3014,0.538475453,0.571475453,0.605475453,0.583475453,0.626475453,0.618475453,0.596475453,0.589475453,0.586475453,0.624475453
3015,0.520733339,0.569733339,0.585733339,0.563733339,0.573733339,0.558733339,0.533733339,0.538733339,0.528733339,0.525733339
3016,0.778583494,0.816583494,0.831583494,0.826583494,0.871583494,0.868583494,0.818583494,0.866583494,0.837583494,0.837583494
3017,0.719254896,0.781254896,0.775254896,0.718254896,0.754254896,0.800254896,0.771254896,0.805254896,0.763254896,0.806254896
3018,0.810832557,0.811832557,0.829832557,0.836832557,0.836832557,0.909832557,0.889832557,0.912832557,0.890832557,0.899832557
3019,0.576777042,0.591777042,0.612777042,0.546777042,0.575777042,0.670777042,0.661777042,0.668777042,0.673777042,0.672777042
3020,0.596688991,0.574688991,0.609688991,0.625688991,0.630688991,0.625688991,0.602688991,0.610688991,0.567688991,0.644688991
3021,0.73305428,0.72605428,0.76305428,0.75105428,0.80305428,0.79305428,0.78705428,0.79105428,0.76605428,0.78605428
3022,0.507186879,0.588186879,0.576186879,0.514186879,0.582186879,0.616186879,0.607186879,0.581186879,0.548186879,0.601186879
3023,0.517776935,0.514776935,0.585776935,0.527776935,0.588776935,0.589776935,0.545776935,0.604776935,0.571776935,0.563776935
3024,0.599510282,0.643510282,0.634510282,0.667510282,0.674510282,0.657510282,0.653510282,0.641510282,0.635510282,0.650510282
3025,0.65936555,0.65536555,0.67036555,0.72236555,0.69736555,0.72736555,0.69636555,0.70036555,0.66236555,0.69136555
3026,0.565527037,0.607527037,0.619527037,0.616527037,0.588527037,0.646527037,0.607527037,0.657527037,0.594527037,0.598527037
3027,0.633551897,0.659551897,0.644551897,0.643551897,0.713551897,0.746551897,0.717551897,0.724551897,0.722551897,0.758551897
3028,0.593717697,0.654717697,0.583717697,0.615717697,0.631717697,0.707717697,0.681717697,0.706717697,0.673717697,0.670717697
3029,0.719150381,0.795150381,0.790150381,0.723150381,0.822150381,0.814150381,0.755150381,0.780150381,0.779150381,0.790150381
3030,0.621733752,0.626733752,0.695733752,0.635733752,0.679733752,0.721733752,0.664733752,0.694733752,0.664733752,0.672733752
3031,0.591788131,0.562788131,0.620788131,0.607788131,0.579788131,0.671788131,0.622788131,0.663788131,0.616788131,0.640788131
3032,0.558392756,0.594392756,0.613392756,0.560392756,0.623392756,0.621392756,0.632392756,0.655392756,0.591392756,0.613392756
3033,0.605766357,0.551766357,0.613766357,0.600766357,0.604766357,0.719766357,0.667766357,0.689766357,0.679766357,0.680766357
3034,0.630205027,0.667205027,0.667205027,0.652205027,0.697205027,0.740205027,0.717205027,0.714205027,0.704205027,0.728205027
3035,0.424967975,0.445967975,0.510967975,0.459967975,0.506967975,0.508967975,0.497967975,0.473967975,0.509967975,0.487967975
3036,0.537440069,0.521440069,0.568440069,0.563440069,0.623440069,0.630440069,0.574440069,0.613440069,0.585440069,0.644440069
3037,0.612354724,0.691354724,0.639354724,0.650354724,0.703354724,0.685354724,0.680354724,0.697354724,0.657354724,0.698354724
3038,0.639893328,0.617893328,0.662893328,0.663893328,0.670893328,0.743893328,0.717893328,0.699893328,0.695893328,0.743893328
3039,0.572552004,0.579552004,0.650552004,0.621552004,0.647552004,0.640552004,0.651552004,0.618552004,0.627552004,0.653552004
3040,0.572422876,0.570422876,0.592422876,0.573422876,0.626422876,0.626422876,0.610422876,0.641422876,0.611422876,0.667422876
3041,0.718825363,0.757825363,0.704825363,0.743825363,0.760825363,0.804825363,0.780825363,0.777825363,0.797825363,0.785825363
3042,0.585570098,0.680570098,0.706570098,0.610570098,0.693570098,0.699570098,0.676570098,0.650570098,0.645570098,0.695570098
3043,0.619027308,0.634027308,0.629027308,0.666027308,0.604027308,0.703027308,0.674027308,0.698027308,0.672027308,0.699027308
3044,0.659757076,0.700757076,0.750757076,0.723757076,0.731757076,0.721757076,0.718757076,0.727757076,0.739757076,0.706757076
3045,0.764620149,0.787620149,0.834620149,0.797620149,0.833620149,0.843620149,0.815620149,0.829620149,0.820620149,0.834620149
3046,0.348076412,0.331076412,0.404076412,0.377076412,0.418076412,0.419076412,0.409076412,0.428076412,0.366076412,0.419076412
3047,0.654508228,0.663508228,0.684508228,0.652508228,0.626508228,0.797508228,0.737508228,0.718508228,0.697508228,0.732508228
3048,0.602782137,0.623782137,0.726782137,0.699782137,0.705782137,0.678782137,0.637782137,0.677782137,0.649782137,0.680782137
3049,0.734480073,0.756480073,0.768480073,0.721480073,0.779480073,0.782480073,0.762480073,0.792480073,0.765480073,0.788480073
3050,0.655309897,0.700309897,0.703309897,0.676309897,0.731309897,0.773309897,0.721309897,0.756309897,0.729309897,0.736309897
3051,0.64244077,0.68644077,0.72944077,0.71044077,0.74044077,0.69944077,0.68444077,0.71244077,0.69044077,0.74744077
3052,0.582526932,0.603526932,0.689526932,0.663526932,0.687526932,0.672526932,0.620526932,0.643526932,0.625526932,0.614526932
3053,0.664612048,0.719612048,0.763612048,0.719612048,0.768612048,0.756612048,0.713612048,0.739612048,0.704612048,0.721612048
3054,0.490415123,0.571415123,0.543415123,0.508415123,0.519415123,0.593415123,0.579415123,0.540415123,0.529415123,0.559415123
3055,0.711231575,0.780231575,0.846231575,0.766231575,0.812231575,0.796231575,0.757231575,0.786231575,0.765231575,0.809231575
3056,0.543504932,0.546504932,0.621504932,0.569504932,0.595504932,0.618504932,0.589504932,0.596504932,0.567504932,0.584504932
3057,0.422724146,0.491724146,0.479724146,0.466724146,0.481724146,0.560724146,0.492724146,0.522724146,0.510724146,0.520724146
3058,0.707547912,0.769547912,0.803547912,0.734547912,0.798547912,0.785547912,0.734547912,0.725547912,0.720547912,0.761547912
3059,0.544862414,0.569862414,0.610862414,0.621862414,0.582862414,0.650862414,0.602862414,0.616862414,0.632862414,0.629862414
3060,0.66468683,0.73768683,0.71568683,0.74068683,0.73668683,0.73668683,0.71168683,0.71068683,0.70268683,0.73268683
3061,0.744975609,0.812975609,0.787975609,0.811975609,0.826975609,0.848975609,0.815975609,0.844975609,0.808975609,0.848975609
3062,0.688254023,0.680254023,0.734254023,0.706254023,0.719254023,0.762254023,0.766254023,0.796254023,0.777254023,0.735254023
3063,0.552539633,0.597539633,0.535539633,0.589539633,0.602539633,0.644539633,0.601539633,0.616539633,0.601539633,0.624539633
3064,0.585226353,0.586226353,0.630226353,0.639226353,0.591226353,0.661226353,0.657226353,0.664226353,0.634226353,0.654226353
3065,0.615865834,0.688865834,0.686865834,0.693865834,0.707865834,0.733865834,0.686865834,0.689865834,0.714865834,0.684865834
3066,0.612256841,0.654256841,0.667256841,0.671256841,0.737256841,0.713256841,0.662256841,0.709256841,0.678256841,0.726256841
3067,0.494274296,0.552274296,0.563274296,0.524274296,0.542274296,0.566274296,0.544274296,0.551274296,0.531274296,0.560274296
3068,0.666752283,0.641752283,0.664752283,0.646752283,0.752752283,0.699752283,0.683752283,0.726752283,0.687752283,0.698752283
3069,0.715022396,0.716022396,0.808022396,0.764022396,0.776022396,0.822022396,0.815022396,0.841022396,0.824022396,0.833022396
3070,0.727317188,0.717317188,0.731317188,0.747317188,0.796317188,0.770317188,0.752317188,0.747317188,0.748317188,0.778317188
3071,0.78037452,0.79737452,0.84337452,0.84237452,0.86037452,0.87537452,0.85237452,0.86837452,0.86137452,0.86537452
3072,0.742281652,0.762281652,0.722281652,0.765281652,0.772281652,0.839281652,0.796281652,0.831281652,0.806281652,0.799281652
3073,0.562071009,0.612071009,0.635071009,0.574071009,0.627071009,0.615071009,0.545071009,0.586071009,0.518071009,0.563071009
3074,0.709680916,0.746680916,0.734680916,0.729680916,0.725680916,0.773680916,0.783680916,0.772680916,0.728680916,0.796680916
3075,0.58491796,0.59791796,0.60491796,0.53791796,0.58391796,0.69991796,0.64691796,0.68891796,0.65991796,0.65391796
3076,0.665567493,0.681567493,0.730567493,0.686567493,0.683567493,0.771567493,0.717567493,0.738567493,0.741567493,0.732567493
3077,0.934014968,0.960014968,0.982014968,0.967014968,0.989014968,0.999014968,0.962014968,0.997014968,0.974014968,0.953014968
3078,0.529419887,0.502419887,0.558419887,0.513419887,0.567419887,0.622419887,0.599419887,0.594419887,0.594419887,0.614419887
3079,0.832061822,0.839061822,0.838061822,0.873061822,0.840061822,0.908061822,0.875061822,0.893061822,0.900061822,0.897061822
3080,0.455426856,0.475426856,0.461426856,0.550426856,0.516426856,0.541426856,0.494426856,0.503426856,0.519426856,0.521426856
3081,0.625005679,0.595005679,0.680005679,0.665005679,0.672005679,0.718005679,0.682005679,0.664005679,0.675005679,0.688005679
3082,0.645913738,0.673913738,0.646913738,0.700913738,0.691913738,0.715913738,0.686913738,0.734913738,0.716913738,0.732913738
3083,0.638540526,0.666540526,0.696540526,0.671540526,0.673540526,0.759540526,0.735540526,0.728540526,0.720540526,0.731540526
3084,0.749790221,0.758790221,0.819790221,0.819790221,0.824790221,0.843790221,0.768790221,0.805790221,0.791790221,0.812790221
3085,0.590070029,0.580070029,0.623070029,0.617070029,0.604070029,0.660070029,0.635070029,0.655070029,0.607070029,0.634070029
3086,0.563682358,0.580682358,0.601682358,0.549682358,0.617682358,0.644682358,0.630682358,0.602682358,0.583682358,0.637682358
3087,0.655930489,0.668930489,0.697930489,0.609930489,0.664930489,0.735930489,0.691930489,0.695930489,0.708930489,0.740930489
3088,0.629897229,0.764897229,0.736897229,0.732897229,0.751897229,0.691897229,0.689897229,0.713897229,0.714897229,0.703897229
3089,0.713698211,0.732698211,0.734698211,0.782698211,0.805698211,0.781698211,0.752698211,0.751698211,0.778698211,0.797698211
3090,0.603904667,0.576904667,0.613904667,0.591904667,0.678904667,0.654904667,0.650904667,0.675904667,0.652904667,0.648904667
3091,0.710422575,0.753422575,0.751422575,0.744422575,0.745422575,0.801422575,0.777422575,0.767422575,0.779422575,0.793422575
3092,0.679997637,0.725997637,0.677997637,0.730997637,0.742997637,0.775997637,0.734997637,0.730997637,0.719997637,0.754997637
3093,0.678887969,0.712887969,0.734887969,0.706887969,0.736887969,0.709887969,0.694887969,0.704887969,0.686887969,0.740887969
3094,0.816169043,0.858169043,0.845169043,0.884169043,0.859169043,0.900169043,0.834169043,0.910169043,0.851169043,0.902169043
3095,0.748116387,0.764116387,0.836116387,0.777116387,0.807116387,0.843116387,0.819116387,0.814116387,0.815116387,0.804116387
3096,0.685835527,0.707835527,0.746835527,0.705835527,0.760835527,0.793835527,0.803835527,0.790835527,0.762835527,0.749835527
3097,0.711495072,0.704495072,0.785495072,0.752495072,0.779495072,0.739495072,0.742495072,0.736495072,0.728495072,0.763495072
3098,0.583068441,0.574068441,0.588068441,0.545068441,0.610068441,0.648068441,0.627068441,0.656068441,0.651068441,0.662068441
3099,0.608541336,0.665541336,0.659541336,0.637541336,0.705541336,0.686541336,0.676541336,0.712541336,0.671541336,0.641541336
3100,0.829744024,0.840744024,0.895744024,0.822744024,0.928744024,0.870744024,0.872744024,0.896744024,0.861744024,0.893744024
3101,0.56201991,0.63801991,0.58501991,0.63201991,0.65901991,0.71601991,0.65001991,0.64701991,0.61901991,0.66601991
3102,1.027926349,0.996926349,1.057926349,1.024926349,1.039926349,1.114926349,1.091926349,1.103926349,1.072926349,1.092926349
3103,0.71917809,0.69117809,0.74717809,0.75617809,0.78217809,0.78817809,0.78517809,0.78617809,0.75717809,0.76217809
3104,0.536771635,0.543771635,0.545771635,0.512771635,0.575771635,0.643771635,0.585771635,0.621771635,0.603771635,0.593771635
3105,0.585500277,0.647500277,0.688500277,0.637500277,0.698500277,0.657500277,0.662500277,0.616500277,0.639500277,0.638500277
3106,0.478590864,0.505590864,0.578590864,0.490590864,0.562590864,0.562590864,0.510590864,0.521590864,0.528590864,0.509590864
3107,0.635793616,0.594793616,0.636793616,0.587793616,0.600793616,0.729793616,0.685793616,0.704793616,0.709793616,0.738793616
3108,0.68190765,0.72590765,0.74890765,0.72090765,0.76290765,0.78990765,0.73490765,0.75590765,0.77090765,0.77990765
3109,0.743526895,0.757526895,0.760526895,0.799526895,0.766526895,0.848526895,0.843526895,0.834526895,0.820526895,0.810526895
3110,0.639952532,0.756952532,0.733952532,0.664952532,0.722952532,0.701952532,0.693952532,0.709952532,0.680952532,0.678952532
3111,0.800749312,0.825749312,0.840749312,0.824749312,0.853749312,0.878749312,0.858749312,0.869749312,0.863749312,0.904749312
3112,0.529166384,0.547166384,0.570166384,0.574166384,0.592166384,0.644166384,0.611166384,0.626166384,0.622166384,0.622166384
3113,0.639242813,0.707242813,0.728242813,0.708242813,0.723242813,0.745242813,0.710242813,0.684242813,0.719242813,0.713242813
3114,0.853679765,0.848679765,0.893679765,0.868679765,0.873679765,0.905679765,0.924679765,0.925679765,0.932679765,0.907679765
3115,0.648031513,0.658031513,0.663031513,0.698031513,0.675031513,0.727031513,0.708031513,0.740031513,0.748031513,0.760031513
3116,0.753282362,0.809282362,0.790282362,0.813282362,0.828282362,0.825282362,0.801282362,0.775282362,0.811282362,0.795282362
3117,0.757873157,0.793873157,0.803873157,0.803873157,0.746873157,0.804873157,0.814873157,0.799873157,0.805873157,0.814873157
3118,0.626843346,0.712843346,0.751843346,0.730843346,0.740843346,0.688843346,0.643843346,0.681843346,0.670843346,0.703843346
3119,0.594598118,0.639598118,0.645598118,0.689598118,0.663598118,0.679598118,0.646598118,0.664598118,0.635598118,0.672598118
3120,0.6463116,0.6313116,0.6723116,0.6603116,0.6943116,0.7713116,0.7443116,0.7283116,0.7103116,0.7523116
3121,0.688084686,0.730084686,0.699084686,0.722084686,0.747084686,0.746084686,0.716084686,0.745084686,0.739084686,0.765084686
3122,0.789507204,0.763507204,0.824507204,0.778507204,0.821507204,0.863507204,0.833507204,0.843507204,0.844507204,0.849507204
3123,0.658348802,0.721348802,0.696348802,0.679348802,0.710348802,0.737348802,0.707348802,0.719348802,0.675348802,0.711348802
3124,0.561009261,0.628009261,0.631009261,0.546009261,0.598009261,0.636009261,0.599009261,0.624009261,0.618009261,0.621009261
3125,0.663881652,0.702881652,0.713881652,0.737881652,0.773881652,0.731881652,0.694881652,0.732881652,0.692881652,0.722881652
3126,0.69375934,0.73075934,0.76075934,0.71475934,0.75375934,0.75875934,0.75675934,0.73875934,0.74675934,0.76375934
3127,0.602987907,0.638987907,0.639987907,0.647987907,0.618987907,0.657987907,0.662987907,0.665987907,0.636987907,0.662987907
3128,0.692552791,0.700552791,0.706552791,0.671552791,0.740552791,0.754552791,0.704552791,0.751552791,0.708552791,0.739552791
3129,0.737660467,0.791660467,0.777660467,0.713660467,0.832660467,0.825660467,0.790660467,0.788660467,0.766660467,0.822660467
3130,0.513774076,0.525774076,0.511774076,0.498774076,0.471774076,0.572774076,0.530774076,0.549774076,0.526774076,0.551774076
3131,0.406158904,0.498158904,0.457158904,0.464158904,0.503158904,0.496158904,0.510158904,0.501158904,0.468158904,0.502158904
3132,0.709278735,0.707278735,0.802278735,0.767278735,0.798278735,0.746278735,0.727278735,0.752278735,0.768278735,0.757278735
3133,0.695124596,0.751124596,0.767124596,0.779124596,0.795124596,0.775124596,0.770124596,0.775124596,0.724124596,0.746124596
3134,0.554833516,0.553833516,0.567833516,0.577833516,0.596833516,0.626833516,0.597833516,0.600833516,0.608833516,0.623833516
3135,0.653044241,0.683044241,0.698044241,0.747044241,0.722044241,0.714044241,0.710044241,0.731044241,0.716044241,0.742044241
3136,0.714642323,0.713642323,0.790642323,0.755642323,0.784642323,0.791642323,0.781642323,0.816642323,0.783642323,0.794642323
3137,0.746315359,0.734315359,0.777315359,0.755315359,0.777315359,0.814315359,0.793315359,0.792315359,0.791315359,0.851315359
3138,0.684030216,0.741030216,0.754030216,0.736030216,0.762030216,0.776030216,0.779030216,0.743030216,0.720030216,0.750030216
3139,0.61794973,0.62794973,0.66894973,0.68894973,0.65894973,0.68394973,0.67494973,0.67294973,0.64494973,0.66694973
3140,0.604934189,0.648934189,0.684934189,0.638934189,0.649934189,0.699934189,0.637934189,0.640934189,0.665934189,0.682934189
3141,0.642128159,0.654128159,0.663128159,0.658128159,0.681128159,0.673128159,0.692128159,0.704128159,0.681128159,0.733128159
3142,0.594087551,0.631087551,0.605087551,0.632087551,0.640087551,0.685087551,0.644087551,0.667087551,0.616087551,0.667087551
3143,0.78628652,0.77628652,0.79528652,0.79428652,0.85228652,0.90328652,0.85428652,0.88328652,0.84328652,0.87528652
3144,0.572055076,0.665055076,0.644055076,0.666055076,0.633055076,0.663055076,0.638055076,0.634055076,0.644055076,0.658055076
3145,0.562035593,0.595035593,0.632035593,0.578035593,0.612035593,0.658035593,0.637035593,0.615035593,0.631035593,0.623035593
3146,0.593275526,0.619275526,0.639275526,0.661275526,0.633275526,0.679275526,0.674275526,0.646275526,0.637275526,0.670275526
3147,0.657342656,0.634342656,0.684342656,0.661342656,0.713342656,0.756342656,0.720342656,0.732342656,0.734342656,0.751342656
3148,0.773400069,0.823400069,0.851400069,0.807400069,0.809400069,0.841400069,0.792400069,0.792400069,0.807400069,0.819400069
3149,0.534994493,0.562994493,0.617994493,0.601994493,0.565994493,0.636994493,0.607994493,0.611994493,0.615994493,0.619994493
3150,0.63399764,0.61599764,0.63799764,0.65999764,0.67899764,0.70199764,0.70099764,0.71199764,0.69299764,0.71599764
3151,0.703431331,0.738431331,0.760431331,0.758431331,0.770431331,0.811431331,0.757431331,0.815431331,0.745431331,0.774431331
3152,0.875802896,0.886802896,0.946802896,0.917802896,0.894802896,0.982802896,0.952802896,0.971802896,0.928802896,0.984802896
3153,0.485425361,0.478425361,0.522425361,0.496425361,0.561425361,0.592425361,0.531425361,0.570425361,0.572425361,0.582425361
3154,0.721118858,0.712118858,0.780118858,0.798118858,0.773118858,0.816118858,0.779118858,0.802118858,0.781118858,0.766118858
3155,0.566739764,0.575739764,0.641739764,0.592739764,0.581739764,0.639739764,0.620739764,0.649739764,0.640739764,0.682739764
3156,0.598318855,0.589318855,0.653318855,0.655318855,0.669318855,0.700318855,0.680318855,0.664318855,0.690318855,0.697318855
3157,0.573213915,0.647213915,0.628213915,0.639213915,0.675213915,0.676213915,0.644213915,0.639213915,0.610213915,0.668213915
3158,0.580022869,0.582022869,0.603022869,0.616022869,0.618022869,0.692022869,0.646022869,0.639022869,0.645022869,0.659022869
3159,0.838831586,0.897831586,0.878831586,0.826831586,0.902831586,0.925831586,0.856831586,0.917831586,0.882831586,0.904831586
3160,0.634456628,0.562456628,0.662456628,0.635456628,0.615456628,0.697456628,0.683456628,0.673456628,0.674456628,0.694456628
3161,0.540526782,0.537526782,0.589526782,0.574526782,0.555526782,0.625526782,0.614526782,0.646526782,0.616526782,0.632526782
3162,0.579303612,0.616303612,0.655303612,0.682303612,0.663303612,0.651303612,0.636303612,0.614303612,0.639303612,0.631303612
3163,0.550264755,0.561264755,0.587264755,0.537264755,0.627264755,0.646264755,0.604264755,0.631264755,0.594264755,0.598264755
3164,0.528362862,0.548362862,0.568362862,0.544362862,0.613362862,0.617362862,0.601362862,0.605362862,0.605362862,0.657362862
3165,0.692547256,0.722547256,0.703547256,0.730547256,0.762547256,0.768547256,0.686547256,0.734547256,0.705547256,0.751547256
3166,0.500484614,0.489484614,0.541484614,0.499484614,0.564484614,0.576484614,0.543484614,0.588484614,0.547484614,0.576484614
3167,0.546914837,0.593914837,0.588914837,0.618914837,0.567914837,0.651914837,0.664914837,0.666914837,0.650914837,0.622914837
3168,0.692690106,0.709690106,0.722690106,0.708690106,0.694690106,0.798690106,0.745690106,0.754690106,0.776690106,0.789690106
3169,0.481029207,0.508029207,0.544029207,0.482029207,0.505029207,0.531029207,0.514029207,0.531029207,0.488029207,0.529029207
3170,0.663728882,0.659728882,0.756728882,0.683728882,0.715728882,0.716728882,0.678728882,0.689728882,0.712728882,0.706728882
3171,0.666468983,0.713468983,0.724468983,0.725468983,0.721468983,0.731468983,0.684468983,0.726468983,0.685468983,0.682468983
3172,0.648162263,0.653162263,0.697162263,0.691162263,0.652162263,0.719162263,0.751162263,0.732162263,0.730162263,0.723162263
3173,0.796224231,0.882224231,0.896224231,0.819224231,0.893224231,0.880224231,0.840224231,0.841224231,0.826224231,0.839224231
3174,0.581584603,0.586584603,0.646584603,0.590584603,0.599584603,0.641584603,0.599584603,0.586584603,0.620584603,0.586584603
3175,0.640643815,0.620643815,0.627643815,0.657643815,0.678643815,0.759643815,0.715643815,0.733643815,0.737643815,0.709643815
3176,0.737498739,0.753498739,0.821498739,0.771498739,0.821498739,0.817498739,0.805498739,0.809498739,0.784498739,0.781498739
3177,0.860794838,0.907794838,0.968794838,0.914794838,0.926794838,0.960794838,0.893794838,0.924794838,0.878794838,0.921794838
3178,0.642116236,0.762116236,0.685116236,0.646116236,0.737116236,0.771116236,0.708116236,0.725116236,0.723116236,0.722116236
3179,0.414232126,0.492232126,0.538232126,0.513232126,0.498232126,0.464232126,0.439232126,0.453232126,0.445232126,0.463232126
3180,0.661854403,0.668854403,0.666854403,0.719854403,0.713854403,0.739854403,0.732854403,0.732854403,0.725854403,0.741854403
3181,0.701811103,0.732811103,0.756811103,0.718811103,0.733811103,0.783811103,0.743811103,0.779811103,0.732811103,0.782811103
3182,0.642989479,0.645989479,0.694989479,0.666989479,0.678989479,0.723989479,0.717989479,0.699989479,0.690989479,0.710989479
3183,0.590129475,0.564129475,0.572129475,0.585129475,0.563129475,0.693129475,0.612129475,0.658129475,0.626129475,0.692129475
3184,0.614006437,0.630006437,0.604006437,0.606006437,0.586006437,0.702006437,0.647006437,0.692006437,0.645006437,0.687006437
3185,0.736448564,0.784448564,0.774448564,0.728448564,0.825448564,0.831448564,0.786448564,0.812448564,0.799448564,0.771448564
3186,0.651659687,0.709659687,0.736659687,0.733659687,0.717659687,0.699659687,0.692659687,0.687659687,0.701659687,0.698659687
3187,0.677250652,0.682250652,0.721250652,0.684250652,0.683250652,0.658250652,0.661250652,0.700250652,0.654250652,0.694250652
3188,0.557231825,0.597231825,0.562231825,0.608231825,0.623231825,0.628231825,0.594231825,0.598231825,0.601231825,0.594231825
3189,0.610322582,0.625322582,0.651322582,0.683322582,0.656322582,0.692322582,0.665322582,0.691322582,0.669322582,0.703322582
3190,0.617651921,0.649651921,0.639651921,0.613651921,0.695651921,0.708651921,0.648651921,0.649651921,0.635651921,0.675651921
3191,0.589390106,0.641390106,0.635390106,0.624390106,0.621390106,0.660390106,0.630390106,0.665390106,0.646390106,0.633390106
3192,0.462875082,0.480875082,0.472875082,0.482875082,0.523875082,0.523875082,0.539875082,0.500875082,0.478875082,0.529875082
3193,0.699046572,0.716046572,0.740046572,0.708046572,0.822046572,0.761046572,0.743046572,0.765046572,0.735046572,0.785046572
3194,0.649463405,0.711463405,0.726463405,0.688463405,0.695463405,0.713463405,0.696463405,0.701463405,0.694463405,0.713463405
3195,0.549952707,0.533952707,0.533952707,0.576952707,0.570952707,0.647952707,0.607952707,0.641952707,0.597952707,0.601952707
3196,0.468037808,0.532037808,0.526037808,0.530037808,0.586037808,0.530037808,0.510037808,0.511037808,0.504037808,0.558037808
3197,0.643374093,0.712374093,0.677374093,0.718374093,0.690374093,0.735374093,0.707374093,0.719374093,0.717374093,0.756374093
3198,0.565884202,0.588884202,0.646884202,0.603884202,0.611884202,0.643884202,0.614884202,0.599884202,0.608884202,0.640884202
3199,0.530191923,0.559191923,0.541191923,0.546191923,0.654191923,0.532191923,0.523191923,0.584191923,0.559191923,0.561191923
3200,0.62732425,0.66532425,0.71632425,0.70632425,0.67932425,0.71832425,0.72132425,0.70232425,0.70632425,0.69332425
3201,0.625563147,0.647563147,0.677563147,0.647563147,0.688563147,0.643563147,0.678563147,0.680563147,0.671563147,0.675563147
3202,0.555276488,0.510276488,0.578276488,0.572276488,0.559276488,0.612276488,0.564276488,0.599276488,0.573276488,0.612276488
3203,0.754768296,0.726768296,0.795768296,0.736768296,0.817768296,0.800768296,0.781768296,0.774768296,0.766768296,0.774768296
3204,0.735544844,0.744544844,0.829544844,0.798544844,0.815544844,0.810544844,0.765544844,0.815544844,0.770544844,0.819544844
3205,0.549737619,0.527737619,0.610737619,0.609737619,0.579737619,0.592737619,0.615737619,0.649737619,0.629737619,0.615737619
3206,0.584939077,0.627939077,0.671939077,0.649939077,0.643939077,0.663939077,0.600939077,0.622939077,0.612939077,0.605939077
3207,0.656514005,0.632514005,0.651514005,0.648514005,0.665514005,0.712514005,0.644514005,0.685514005,0.649514005,0.679514005
3208,0.655030156,0.732030156,0.685030156,0.718030156,0.698030156,0.726030156,0.685030156,0.696030156,0.702030156,0.734030156
3209,0.638773029,0.658773029,0.674773029,0.639773029,0.734773029,0.681773029,0.679773029,0.691773029,0.657773029,0.725773029
3210,0.590462321,0.630462321,0.669462321,0.615462321,0.606462321,0.700462321,0.703462321,0.700462321,0.676462321,0.667462321
3211,0.486479468,0.502479468,0.536479468,0.498479468,0.532479468,0.557479468,0.561479468,0.547479468,0.510479468,0.553479468
3212,0.748170187,0.788170187,0.816170187,0.806170187,0.859170187,0.795170187,0.785170187,0.797170187,0.765170187,0.797170187
3213,0.765873276,0.781873276,0.829873276,0.846873276,0.833873276,0.845873276,0.809873276,0.842873276,0.810873276,0.842873276
3214,0.497787199,0.521787199,0.538787199,0.534787199,0.538787199,0.541787199,0.516787199,0.519787199,0.532787199,0.542787199
3215,0.704569599,0.767569599,0.722569599,0.716569599,0.760569599,0.740569599,0.715569599,0.739569599,0.722569599,0.723569599
3216,0.59504604,0.58304604,0.60504604,0.59704604,0.62204604,0.68204604,0.66604604,0.65604604,0.65404604,0.68604604
3217,0.53747493,0.53147493,0.55847493,0.53147493,0.58947493,0.59347493,0.55347493,0.56947493,0.55447493,0.56647493
3218,0.460545932,0.489545932,0.494545932,0.463545932,0.495545932,0.528545932,0.456545932,0.517545932,0.521545932,0.492545932
3219,0.621775415,0.597775415,0.626775415,0.647775415,0.708775415,0.661775415,0.675775415,0.656775415,0.667775415,0.715775415
3220,0.742298794,0.777298794,0.757298794,0.722298794,0.758298794,0.859298794,0.832298794,0.842298794,0.835298794,0.858298794
3221,0.607575956,0.618575956,0.617575956,0.572575956,0.593575956,0.698575956,0.717575956,0.676575956,0.671575956,0.700575956
3222,0.562025658,0.606025658,0.597025658,0.575025658,0.629025658,0.650025658,0.623025658,0.617025658,0.601025658,0.615025658
3223,0.594732566,0.665732566,0.693732566,0.662732566,0.695732566,0.677732566,0.631732566,0.642732566,0.623732566,0.646732566
3224,0.512335905,0.546335905,0.514335905,0.502335905,0.513335905,0.586335905,0.521335905,0.569335905,0.543335905,0.540335905
3225,0.729246712,0.757246712,0.852246712,0.808246712,0.791246712,0.819246712,0.783246712,0.833246712,0.801246712,0.823246712
3226,0.788506263,0.869506263,0.820506263,0.790506263,0.831506263,0.803506263,0.800506263,0.811506263,0.795506263,0.803506263
3227,0.663977545,0.672977545,0.703977545,0.686977545,0.708977545,0.752977545,0.704977545,0.705977545,0.694977545,0.703977545
3228,0.641839572,0.638839572,0.651839572,0.642839572,0.669839572,0.761839572,0.677839572,0.719839572,0.702839572,0.712839572
3229,0.618730561,0.633730561,0.654730561,0.680730561,0.688730561,0.706730561,0.668730561,0.695730561,0.663730561,0.722730561
3230,0.828807523,0.829807523,0.875807523,0.878807523,0.915807523,0.876807523,0.874807523,0.874807523,0.872807523,0.902807523
3231,0.728192731,0.731192731,0.740192731,0.716192731,0.757192731,0.787192731,0.754192731,0.751192731,0.729192731,0.777192731
3232,0.487738114,0.521738114,0.560738114,0.538738114,0.577738114,0.558738114,0.554738114,0.567738114,0.523738114,0.511738114
3233,0.598015377,0.635015377,0.651015377,0.644015377,0.638015377,0.666015377,0.636015377,0.649015377,0.649015377,0.697015377
3234,0.6582313,0.6752313,0.7312313,0.6862313,0.7222313,0.8112313,0.7992313,0.7822313,0.7632313,0.7822313
3235,0.657354521,0.667354521,0.695354521,0.677354521,0.728354521,0.725354521,0.702354521,0.755354521,0.696354521,0.708354521
3236,0.627382287,0.714382287,0.701382287,0.719382287,0.728382287,0.689382287,0.661382287,0.681382287,0.639382287,0.673382287
3237,0.780407072,0.781407072,0.861407072,0.850407072,0.820407072,0.856407072,0.842407072,0.842407072,0.838407072,0.838407072
3238,0.531051504,0.566051504,0.552051504,0.560051504,0.575051504,0.585051504,0.582051504,0.603051504,0.592051504,0.596051504
3239,0.759555261,0.777555261,0.772555261,0.781555261,0.837555261,0.858555261,0.826555261,0.853555261,0.822555261,0.818555261
3240,0.628190223,0.638190223,0.698190223,0.665190223,0.711190223,0.702190223,0.694190223,0.665190223,0.694190223,0.718190223
3241,0.753398781,0.757398781,0.758398781,0.799398781,0.813398781,0.853398781,0.814398781,0.868398781,0.803398781,0.804398781
3242,0.600013853,0.651013853,0.626013853,0.605013853,0.650013853,0.672013853,0.638013853,0.644013853,0.631013853,0.684013853
3243,0.787175436,0.829175436,0.882175436,0.891175436,0.876175436,0.867175436,0.849175436,0.906175436,0.839175436,0.892175436
3244,0.560653783,0.557653783,0.564653783,0.559653783,0.593653783,0.592653783,0.565653783,0.599653783,0.563653783,0.562653783
3245,0.746607513,0.755607513,0.774607513,0.703607513,0.748607513,0.803607513,0.787607513,0.800607513,0.802607513,0.811607513
3246,0.663095073,0.698095073,0.705095073,0.737095073,0.697095073,0.738095073,0.732095073,0.725095073,0.694095073,0.702095073
3247,0.661287131,0.615287131,0.689287131,0.648287131,0.690287131,0.726287131,0.716287131,0.719287131,0.708287131,0.706287131
3248,0.51812267,0.52312267,0.54212267,0.51812267,0.58112267,0.56412267,0.56512267,0.58112267,0.56612267,0.54512267
3249,0.568495961,0.642495961,0.632495961,0.621495961,0.635495961,0.645495961,0.655495961,0.647495961,0.648495961,0.655495961
3250,0.614317348,0.635317348,0.696317348,0.608317348,0.649317348,0.655317348,0.640317348,0.687317348,0.664317348,0.673317348
3251,0.907527289,0.916527289,0.963527289,1.006527289,0.994527289,0.952527289,0.945527289,0.945527289,0.915527289,0.938527289
3252,0.67982324,0.70782324,0.72082324,0.77182324,0.76082324,0.75582324,0.76382324,0.72882324,0.73282324,0.71882324
3253,0.513650238,0.494650238,0.531650238,0.515650238,0.520650238,0.545650238,0.522650238,0.492650238,0.538650238,0.535650238
3254,0.736265431,0.788265431,0.799265431,0.747265431,0.764265431,0.814265431,0.791265431,0.809265431,0.814265431,0.818265431
3255,0.71405382,0.71105382,0.79505382,0.67805382,0.75105382,0.79205382,0.80905382,0.81305382,0.78905382,0.81005382
3256,0.736854566,0.783854566,0.823854566,0.733854566,0.773854566,0.824854566,0.797854566,0.770854566,0.773854566,0.793854566
3257,0.711331254,0.762331254,0.784331254,0.758331254,0.802331254,0.798331254,0.740331254,0.767331254,0.731331254,0.797331254
3258,0.536268214,0.603268214,0.632268214,0.621268214,0.620268214,0.608268214,0.560268214,0.592268214,0.566268214,0.560268214
3259,0.692875291,0.673875291,0.705875291,0.698875291,0.718875291,0.792875291,0.724875291,0.731875291,0.737875291,0.759875291
3260,0.61687458,0.63087458,0.69787458,0.66787458,0.69187458,0.72687458,0.67187458,0.66587458,0.67187458,0.69987458
3261,0.63812925,0.66012925,0.73812925,0.66412925,0.70112925,0.72312925,0.67912925,0.68212925,0.67012925,0.68612925
3262,0.954103267,1.005103267,1.053103267,0.960103267,1.042103267,1.009103267,0.998103267,1.014103267,0.996103267,1.007103267
3263,0.759195992,0.795195992,0.811195992,0.830195992,0.802195992,0.843195992,0.796195992,0.802195992,0.820195992,0.790195992
3264,0.692722861,0.681722861,0.727722861,0.683722861,0.723722861,0.708722861,0.717722861,0.710722861,0.724722861,0.719722861
3265,0.601543044,0.655543044,0.649543044,0.606543044,0.702543044,0.602543044,0.609543044,0.618543044,0.626543044,0.655543044
3266,0.73982527,0.79882527,0.75782527,0.78682527,0.79482527,0.79282527,0.77782527,0.79582527,0.81282527,0.82382527
3267,0.682777072,0.723777072,0.731777072,0.673777072,0.714777072,0.762777072,0.729777072,0.747777072,0.722777072,0.759777072
3268,0.66196334,0.65796334,0.69496334,0.71096334,0.74196334,0.74996334,0.71596334,0.71196334,0.72596334,0.75796334
3269,0.589623412,0.669623412,0.649623412,0.657623412,0.659623412,0.682623412,0.679623412,0.668623412,0.661623412,0.680623412
3270,0.666393848,0.688393848,0.754393848,0.707393848,0.673393848,0.737393848,0.722393848,0.772393848,0.695393848,0.734393848
3271,0.655948527,0.682948527,0.655948527,0.671948527,0.657948527,0.693948527,0.671948527,0.706948527,0.680948527,0.717948527
3272,0.605634543,0.646634543,0.702634543,0.648634543,0.687634543,0.708634543,0.671634543,0.655634543,0.654634543,0.681634543
3273,0.586139721,0.659139721,0.627139721,0.699139721,0.677139721,0.673139721,0.688139721,0.691139721,0.693139721,0.703139721
3274,0.707907849,0.678907849,0.680907849,0.729907849,0.705907849,0.787907849,0.763907849,0.765907849,0.751907849,0.762907849
3275,0.618438711,0.653438711,0.679438711,0.679438711,0.657438711,0.682438711,0.654438711,0.716438711,0.638438711,0.655438711
3276,0.566300598,0.580300598,0.583300598,0.603300598,0.606300598,0.633300598,0.595300598,0.618300598,0.594300598,0.627300598
3277,0.453324758,0.448324758,0.451324758,0.477324758,0.502324758,0.506324758,0.473324758,0.482324758,0.503324758,0.497324758
3278,0.69226152,0.71126152,0.72726152,0.72026152,0.78126152,0.74726152,0.75326152,0.76326152,0.76326152,0.77126152
3279,0.785305878,0.823305878,0.861305878,0.825305878,0.877305878,0.898305878,0.819305878,0.848305878,0.838305878,0.839305878
3280,0.610840623,0.646840623,0.651840623,0.637840623,0.717840623,0.718840623,0.682840623,0.687840623,0.648840623,0.678840623
3281,0.590342367,0.617342367,0.597342367,0.569342367,0.635342367,0.596342367,0.612342367,0.625342367,0.612342367,0.655342367
3282,0.765007498,0.791007498,0.848007498,0.792007498,0.861007498,0.894007498,0.806007498,0.818007498,0.831007498,0.824007498
3283,0.658443339,0.719443339,0.705443339,0.719443339,0.747443339,0.712443339,0.670443339,0.665443339,0.666443339,0.656443339
3284,0.632165674,0.652165674,0.665165674,0.685165674,0.712165674,0.691165674,0.660165674,0.699165674,0.657165674,0.712165674
3285,0.63382527,0.64682527,0.67682527,0.66782527,0.67282527,0.73582527,0.70382527,0.69982527,0.71282527,0.71882527
3286,0.597506348,0.613506348,0.595506348,0.587506348,0.656506348,0.660506348,0.631506348,0.652506348,0.629506348,0.651506348
3287,0.811626222,0.794626222,0.794626222,0.795626222,0.812626222,0.864626222,0.848626222,0.862626222,0.861626222,0.832626222
3288,0.781210818,0.825210818,0.848210818,0.880210818,0.812210818,0.829210818,0.843210818,0.869210818,0.856210818,0.830210818
3289,0.774587662,0.768587662,0.801587662,0.718587662,0.796587662,0.819587662,0.800587662,0.832587662,0.782587662,0.849587662
3290,0.596109369,0.625109369,0.646109369,0.619109369,0.628109369,0.702109369,0.672109369,0.677109369,0.660109369,0.696109369
3291,0.674220862,0.701220862,0.695220862,0.665220862,0.672220862,0.818220862,0.767220862,0.772220862,0.781220862,0.768220862
3292,0.657033365,0.696033365,0.703033365,0.702033365,0.726033365,0.753033365,0.725033365,0.718033365,0.732033365,0.756033365
3293,0.511809537,0.534809537,0.514809537,0.513809537,0.570809537,0.607809537,0.574809537,0.604809537,0.565809537,0.618809537
3294,0.54688628,0.58588628,0.54888628,0.58088628,0.64988628,0.65288628,0.57488628,0.60488628,0.58088628,0.60188628
3295,0.651477024,0.653477024,0.711477024,0.693477024,0.697477024,0.744477024,0.707477024,0.714477024,0.728477024,0.698477024
3296,0.809152587,0.840152587,0.909152587,0.849152587,0.921152587,0.910152587,0.891152587,0.869152587,0.873152587,0.872152587
3297,0.748994878,0.851994878,0.871994878,0.824994878,0.848994878,0.830994878,0.799994878,0.811994878,0.802994878,0.837994878
3298,0.600395973,0.671395973,0.681395973,0.672395973,0.712395973,0.653395973,0.601395973,0.628395973,0.601395973,0.642395973
3299,0.570489081,0.604489081,0.664489081,0.589489081,0.651489081,0.626489081,0.607489081,0.631489081,0.627489081,0.620489081
3300,0.711876776,0.769876776,0.757876776,0.835876776,0.788876776,0.789876776,0.787876776,0.798876776,0.778876776,0.770876776
3301,0.597869599,0.588869599,0.606869599,0.586869599,0.615869599,0.663869599,0.643869599,0.653869599,0.626869599,0.670869599
3302,0.560487742,0.591487742,0.606487742,0.573487742,0.627487742,0.630487742,0.615487742,0.609487742,0.623487742,0.642487742
3303,0.668005065,0.711005065,0.743005065,0.712005065,0.754005065,0.735005065,0.682005065,0.707005065,0.714005065,0.729005065
3304,0.551377901,0.582377901,0.547377901,0.547377901,0.579377901,0.616377901,0.584377901,0.597377901,0.570377901,0.618377901
3305,0.924787825,0.922787825,0.978787825,0.907787825,0.958787825,0.928787825,0.927787825,0.950787825,0.952787825,0.944787825
3306,0.600273588,0.667273588,0.683273588,0.631273588,0.688273588,0.653273588,0.641273588,0.592273588,0.627273588,0.684273588
3307,0.497293903,0.496293903,0.549293903,0.497293903,0.533293903,0.551293903,0.564293903,0.578293903,0.578293903,0.572293903
3308,0.609048758,0.619048758,0.704048758,0.691048758,0.732048758,0.631048758,0.602048758,0.597048758,0.609048758,0.607048758
3309,0.572877476,0.590877476,0.614877476,0.589877476,0.661877476,0.616877476,0.591877476,0.612877476,0.603877476,0.604877476
3310,0.580502138,0.539502138,0.608502138,0.584502138,0.602502138,0.651502138,0.612502138,0.639502138,0.607502138,0.653502138
3311,0.736798475,0.706798475,0.773798475,0.775798475,0.810798475,0.812798475,0.775798475,0.797798475,0.778798475,0.799798475
3312,0.560482445,0.559482445,0.606482445,0.542482445,0.563482445,0.660482445,0.630482445,0.632482445,0.625482445,0.680482445
3313,0.54925491,0.64625491,0.65525491,0.60325491,0.65325491,0.60425491,0.56725491,0.58825491,0.59025491,0.62525491
3314,0.719818322,0.767818322,0.805818322,0.797818322,0.748818322,0.809818322,0.775818322,0.770818322,0.758818322,0.765818322
3315,0.860175564,0.835175564,0.889175564,0.903175564,0.910175564,0.953175564,0.920175564,0.928175564,0.881175564,0.925175564
3316,0.723517644,0.801517644,0.765517644,0.753517644,0.777517644,0.782517644,0.755517644,0.817517644,0.752517644,0.784517644
3317,0.667859457,0.674859457,0.697859457,0.702859457,0.719859457,0.764859457,0.698859457,0.732859457,0.716859457,0.764859457
3318,0.781521138,0.800521138,0.783521138,0.811521138,0.805521138,0.863521138,0.841521138,0.869521138,0.824521138,0.852521138
3319,0.518735313,0.571735313,0.600735313,0.554735313,0.595735313,0.603735313,0.565735313,0.580735313,0.576735313,0.571735313
3320,0.598992229,0.572992229,0.649992229,0.564992229,0.612992229,0.683992229,0.682992229,0.677992229,0.654992229,0.665992229
3321,0.706133512,0.711133512,0.784133512,0.762133512,0.783133512,0.797133512,0.771133512,0.779133512,0.774133512,0.785133512
3322,0.836206847,0.855206847,0.856206847,0.829206847,0.867206847,0.891206847,0.835206847,0.874206847,0.856206847,0.894206847
3323,0.561985071,0.675985071,0.600985071,0.603985071,0.633985071,0.637985071,0.639985071,0.642985071,0.651985071,0.643985071
3324,0.631223142,0.594223142,0.655223142,0.613223142,0.660223142,0.719223142,0.683223142,0.695223142,0.688223142,0.688223142
3325,0.622999083,0.611999083,0.634999083,0.653999083,0.654999083,0.710999083,0.680999083,0.729999083,0.685999083,0.718999083
3326,0.798893779,0.800893779,0.832893779,0.840893779,0.879893779,0.853893779,0.857893779,0.857893779,0.832893779,0.854893779
3327,0.730832883,0.764832883,0.742832883,0.773832883,0.742832883,0.815832883,0.802832883,0.793832883,0.763832883,0.821832883
3328,0.680248904,0.723248904,0.729248904,0.740248904,0.796248904,0.755248904,0.769248904,0.757248904,0.706248904,0.736248904
3329,0.652483066,0.702483066,0.735483066,0.702483066,0.771483066,0.689483066,0.680483066,0.698483066,0.660483066,0.732483066
3330,0.637517333,0.682517333,0.665517333,0.730517333,0.672517333,0.724517333,0.714517333,0.713517333,0.687517333,0.683517333
3331,0.488866065,0.534866065,0.536866065,0.488866065,0.524866065,0.579866065,0.544866065,0.578866065,0.547866065,0.559866065
3332,0.672495745,0.766495745,0.731495745,0.722495745,0.720495745,0.773495745,0.748495745,0.785495745,0.715495745,0.743495745
3333,0.635887467,0.650887467,0.722887467,0.691887467,0.683887467,0.714887467,0.701887467,0.743887467,0.710887467,0.747887467
3334,0.679543299,0.717543299,0.734543299,0.733543299,0.682543299,0.779543299,0.772543299,0.777543299,0.764543299,0.774543299
3335,0.55046169,0.60046169,0.66446169,0.66446169,0.62446169,0.63946169,0.61546169,0.62546169,0.60646169,0.60046169
3336,0.593652246,0.643652246,0.638652246,0.617652246,0.645652246,0.668652246,0.612652246,0.631652246,0.617652246,0.638652246
3337,0.552621983,0.583621983,0.564621983,0.609621983,0.619621983,0.554621983,0.559621983,0.613621983,0.555621983,0.578621983
3338,0.718080721,0.761080721,0.794080721,0.803080721,0.814080721,0.784080721,0.746080721,0.795080721,0.747080721,0.771080721
3339,0.619212964,0.644212964,0.685212964,0.683212964,0.669212964,0.706212964,0.659212964,0.724212964,0.676212964,0.714212964
3340,0.593780154,0.603780154,0.626780154,0.576780154,0.672780154,0.685780154,0.652780154,0.693780154,0.645780154,0.668780154
3341,0.72600627,0.75900627,0.79100627,0.77300627,0.79000627,0.82200627,0.76000627,0.80600627,0.78500627,0.79500627
3342,0.664055239,0.675055239,0.748055239,0.675055239,0.703055239,0.786055239,0.745055239,0.742055239,0.738055239,0.770055239
3343,0.52743256,0.55443256,0.59143256,0.58743256,0.62043256,0.61943256,0.57543256,0.61743256,0.59543256,0.63043256
3344,0.544184073,0.570184073,0.603184073,0.594184073,0.598184073,0.636184073,0.609184073,0.600184073,0.597184073,0.621184073
3345,0.731720701,0.730720701,0.701720701,0.795720701,0.816720701,0.812720701,0.817720701,0.828720701,0.809720701,0.800720701
3346,0.778961574,0.787961574,0.763961574,0.818961574,0.818961574,0.855961574,0.807961574,0.806961574,0.818961574,0.851961574
3347,0.616819138,0.611819138,0.641819138,0.659819138,0.637819138,0.688819138,0.677819138,0.751819138,0.666819138,0.727819138
3348,0.842303539,0.880303539,0.912303539,0.910303539,0.881303539,0.905303539,0.878303539,0.917303539,0.879303539,0.899303539
3349,0.703276888,0.796276888,0.797276888,0.791276888,0.821276888,0.789276888,0.754276888,0.742276888,0.760276888,0.790276888
3350,0.567379949,0.530379949,0.582379949,0.607379949,0.625379949,0.607379949,0.633379949,0.618379949,0.626379949,0.611379949
3351,0.446458748,0.496458748,0.449458748,0.454458748,0.527458748,0.491458748,0.456458748,0.515458748,0.458458748,0.495458748
3352,0.655521906,0.669521906,0.659521906,0.682521906,0.722521906,0.725521906,0.723521906,0.725521906,0.697521906,0.726521906
3353,0.570279181,0.619279181,0.682279181,0.613279181,0.670279181,0.626279181,0.655279181,0.658279181,0.622279181,0.624279181
3354,0.644123413,0.681123413,0.692123413,0.694123413,0.724123413,0.733123413,0.724123413,0.680123413,0.719123413,0.714123413
3355,0.83949432,0.86749432,0.88149432,0.86349432,0.91849432,0.91649432,0.90349432,0.90549432,0.88049432,0.90649432
3356,0.877941172,0.896941172,0.915941172,0.872941172,0.883941172,0.960941172,0.910941172,0.921941172,0.909941172,0.935941172
3357,0.682566222,0.690566222,0.716566222,0.772566222,0.727566222,0.744566222,0.731566222,0.733566222,0.681566222,0.747566222
3358,0.634278422,0.627278422,0.681278422,0.622278422,0.631278422,0.734278422,0.715278422,0.700278422,0.689278422,0.671278422
3359,0.673047551,0.812047551,0.760047551,0.768047551,0.846047551,0.748047551,0.715047551,0.705047551,0.734047551,0.747047551
3360,0.407936974,0.421936974,0.400936974,0.435936974,0.486936974,0.487936974,0.443936974,0.495936974,0.465936974,0.474936974
3361,0.531681345,0.594681345,0.550681345,0.612681345,0.582681345,0.620681345,0.573681345,0.596681345,0.601681345,0.577681345
3362,0.615872979,0.591872979,0.627872979,0.622872979,0.647872979,0.651872979,0.662872979,0.663872979,0.654872979,0.679872979
3363,0.516045232,0.537045232,0.520045232,0.546045232,0.602045232,0.568045232,0.568045232,0.594045232,0.546045232,0.578045232
3364,0.626194262,0.690194262,0.727194262,0.666194262,0.698194262,0.706194262,0.703194262,0.681194262,0.671194262,0.641194262
3365,0.49480648,0.51280648,0.55380648,0.52680648,0.58380648,0.58380648,0.54480648,0.56180648,0.53680648,0.54480648
3366,0.433119954,0.449119954,0.434119954,0.446119954,0.503119954,0.555119954,0.487119954,0.535119954,0.502119954,0.497119954
3367,0.729052134,0.753052134,0.783052134,0.788052134,0.848052134,0.831052134,0.781052134,0.811052134,0.786052134,0.787052134
3368,0.601340484,0.626340484,0.659340484,0.629340484,0.674340484,0.676340484,0.652340484,0.646340484,0.636340484,0.687340484
3369,0.604034087,0.678034087,0.659034087,0.667034087,0.702034087,0.703034087,0.672034087,0.657034087,0.670034087,0.636034087
3370,0.606121098,0.680121098,0.695121098,0.647121098,0.656121098,0.675121098,0.657121098,0.689121098,0.641121098,0.658121098
3371,0.822643265,0.850643265,0.898643265,0.874643265,0.905643265,0.946643265,0.914643265,0.922643265,0.892643265,0.916643265
3372,0.822063437,0.871063437,0.890063437,0.964063437,0.923063437,0.899063437,0.878063437,0.902063437,0.846063437,0.840063437
3373,0.705089916,0.723089916,0.757089916,0.705089916,0.765089916,0.754089916,0.746089916,0.723089916,0.734089916,0.746089916
3374,0.617384923,0.652384923,0.679384923,0.709384923,0.659384923,0.734384923,0.705384923,0.718384923,0.678384923,0.719384923
3375,0.900675696,0.889675696,0.957675696,0.922675696,0.951675696,1.009675696,1.008675696,0.994675696,0.989675696,0.984675696
3376,0.569055541,0.563055541,0.607055541,0.568055541,0.588055541,0.655055541,0.636055541,0.635055541,0.618055541,0.681055541
3377,0.70528396,0.70828396,0.71728396,0.67628396,0.76228396,0.75828396,0.72228396,0.73128396,0.71728396,0.73528396
3378,0.643827277,0.685827277,0.723827277,0.676827277,0.714827277,0.728827277,0.707827277,0.709827277,0.680827277,0.699827277
3379,0.659469984,0.676469984,0.732469984,0.684469984,0.715469984,0.711469984,0.709469984,0.743469984,0.706469984,0.722469984
3380,0.693690675,0.731690675,0.767690675,0.710690675,0.799690675,0.771690675,0.725690675,0.816690675,0.730690675,0.772690675
3381,0.741304721,0.747304721,0.764304721,0.772304721,0.789304721,0.789304721,0.769304721,0.782304721,0.771304721,0.756304721
3382,0.692175278,0.700175278,0.704175278,0.663175278,0.719175278,0.729175278,0.747175278,0.751175278,0.738175278,0.741175278
3383,0.616992447,0.646992447,0.692992447,0.714992447,0.681992447,0.686992447,0.665992447,0.690992447,0.673992447,0.681992447
3384,0.58130401,0.59430401,0.64130401,0.61530401,0.62830401,0.66630401,0.63730401,0.65330401,0.61230401,0.66030401
3385,0.499744003,0.552744003,0.537744003,0.478744003,0.525744003,0.532744003,0.550744003,0.526744003,0.519744003,0.570744003
3386,0.777828685,0.855828685,0.837828685,0.831828685,0.833828685,0.889828685,0.815828685,0.851828685,0.848828685,0.835828685
3387,0.639641661,0.613641661,0.659641661,0.611641661,0.670641661,0.701641661,0.728641661,0.720641661,0.703641661,0.735641661
3388,0.506421337,0.509421337,0.515421337,0.549421337,0.560421337,0.583421337,0.543421337,0.552421337,0.536421337,0.560421337
3389,0.626974134,0.649974134,0.626974134,0.602974134,0.660974134,0.735974134,0.675974134,0.734974134,0.681974134,0.683974134
3390,0.586181682,0.659181682,0.701181682,0.658181682,0.705181682,0.673181682,0.690181682,0.652181682,0.653181682,0.682181682
3391,0.645680275,0.667680275,0.705680275,0.685680275,0.666680275,0.705680275,0.658680275,0.680680275,0.659680275,0.662680275
3392,0.550388119,0.606388119,0.637388119,0.552388119,0.586388119,0.622388119,0.619388119,0.607388119,0.581388119,0.627388119
3393,0.562229822,0.613229822,0.616229822,0.600229822,0.644229822,0.610229822,0.597229822,0.593229822,0.606229822,0.602229822
3394,0.594121451,0.660121451,0.716121451,0.632121451,0.675121451,0.650121451,0.650121451,0.639121451,0.638121451,0.669121451
3395,0.743066487,0.781066487,0.772066487,0.825066487,0.844066487,0.816066487,0.772066487,0.850066487,0.785066487,0.843066487
3396,0.567372773,0.591372773,0.628372773,0.629372773,0.673372773,0.639372773,0.599372773,0.634372773,0.582372773,0.610372773
3397,0.627626217,0.683626217,0.688626217,0.660626217,0.717626217,0.694626217,0.686626217,0.692626217,0.679626217,0.710626217
3398,0.674912802,0.729912802,0.703912802,0.705912802,0.760912802,0.758912802,0.724912802,0.743912802,0.712912802,0.732912802
3399,0.69543435,0.72343435,0.72943435,0.69343435,0.72943435,0.78443435,0.74443435,0.78343435,0.75943435,0.74043435
3400,0.679249301,0.771249301,0.785249301,0.796249301,0.817249301,0.748249301,0.720249301,0.706249301,0.714249301,0.760249301
3401,0.621688961,0.661688961,0.673688961,0.650688961,0.723688961,0.706688961,0.660688961,0.677688961,0.666688961,0.655688961
3402,0.574684106,0.616684106,0.661684106,0.634684106,0.688684106,0.668684106,0.614684106,0.615684106,0.608684106,0.653684106
3403,0.539351744,0.553351744,0.614351744,0.597351744,0.556351744,0.616351744,0.599351744,0.613351744,0.599351744,0.653351744
3404,0.528823058,0.576823058,0.614823058,0.591823058,0.610823058,0.586823058,0.523823058,0.625823058,0.530823058,0.618823058
3405,0.66377158,0.71077158,0.70577158,0.69877158,0.65677158,0.76777158,0.73477158,0.74877158,0.74977158,0.74677158
3406,0.672066484,0.659066484,0.753066484,0.695066484,0.720066484,0.744066484,0.758066484,0.713066484,0.765066484,0.744066484
3407,0.500973255,0.595973255,0.622973255,0.536973255,0.645973255,0.581973255,0.540973255,0.541973255,0.520973255,0.566973255
3408,0.569026691,0.582026691,0.612026691,0.663026691,0.625026691,0.661026691,0.630026691,0.635026691,0.656026691,0.674026691
3409,0.706099241,0.714099241,0.714099241,0.684099241,0.782099241,0.847099241,0.819099241,0.826099241,0.808099241,0.830099241
3410,0.565882155,0.626882155,0.605882155,0.573882155,0.579882155,0.639882155,0.610882155,0.626882155,0.634882155,0.654882155
3411,0.559356748,0.557356748,0.562356748,0.541356748,0.586356748,0.652356748,0.604356748,0.612356748,0.583356748,0.614356748
3412,0.538235912,0.565235912,0.644235912,0.607235912,0.650235912,0.649235912,0.596235912,0.638235912,0.582235912,0.606235912
3413,0.503773527,0.610773527,0.591773527,0.569773527,0.611773527,0.596773527,0.569773527,0.609773527,0.560773527,0.600773527
3414,0.634483371,0.655483371,0.673483371,0.700483371,0.668483371,0.691483371,0.648483371,0.677483371,0.671483371,0.719483371
3415,0.529260359,0.527260359,0.554260359,0.509260359,0.546260359,0.619260359,0.622260359,0.590260359,0.603260359,0.570260359
3416,0.851058083,0.887058083,0.893058083,0.880058083,0.872058083,0.917058083,0.891058083,0.878058083,0.889058083,0.917058083
3417,0.818562245,0.881562245,0.876562245,0.910562245,0.870562245,0.902562245,0.900562245,0.895562245,0.881562245,0.878562245
3418,0.753375318,0.812375318,0.837375318,0.805375318,0.841375318,0.832375318,0.817375318,0.809375318,0.799375318,0.839375318
3419,0.507076205,0.583076205,0.548076205,0.571076205,0.559076205,0.615076205,0.593076205,0.629076205,0.594076205,0.584076205
3420,0.794384997,0.804384997,0.848384997,0.780384997,0.832384997,0.844384997,0.859384997,0.813384997,0.825384997,0.836384997
3421,0.72829134,0.71029134,0.73529134,0.75929134,0.72729134,0.78729134,0.76729134,0.77829134,0.77929134,0.79729134
3422,0.532438838,0.556438838,0.540438838,0.489438838,0.531438838,0.598438838,0.587438838,0.582438838,0.597438838,0.619438838
3423,0.538906525,0.591906525,0.559906525,0.551906525,0.599906525,0.594906525,0.590906525,0.619906525,0.578906525,0.603906525
3424,0.651965,0.704965,0.694965,0.684965,0.683965,0.729965,0.711965,0.732965,0.696965,0.689965
3425,0.730275399,0.782275399,0.838275399,0.840275399,0.867275399,0.821275399,0.821275399,0.784275399,0.799275399,0.834275399
3426,0.688181824,0.677181824,0.710181824,0.694181824,0.711181824,0.801181824,0.751181824,0.781181824,0.773181824,0.802181824
3427,0.747064068,0.797064068,0.831064068,0.827064068,0.841064068,0.805064068,0.800064068,0.814064068,0.820064068,0.825064068
3428,0.847135141,0.843135141,0.884135141,0.848135141,0.890135141,0.919135141,0.856135141,0.899135141,0.874135141,0.913135141
3429,0.533004318,0.623004318,0.667004318,0.595004318,0.580004318,0.572004318,0.572004318,0.579004318,0.566004318,0.549004318
3430,0.71521323,0.73021323,0.80421323,0.77921323,0.81521323,0.85121323,0.78821323,0.79521323,0.78421323,0.80621323
3431,0.633868808,0.666868808,0.706868808,0.637868808,0.687868808,0.709868808,0.648868808,0.694868808,0.642868808,0.682868808
3432,0.647161567,0.638161567,0.669161567,0.647161567,0.677161567,0.736161567,0.704161567,0.733161567,0.717161567,0.720161567
3433,0.696351655,0.669351655,0.749351655,0.694351655,0.713351655,0.764351655,0.732351655,0.799351655,0.752351655,0.770351655
3434,0.644167569,0.686167569,0.702167569,0.693167569,0.705167569,0.692167569,0.663167569,0.674167569,0.652167569,0.667167569
3435,0.690235175,0.766235175,0.746235175,0.736235175,0.772235175,0.789235175,0.740235175,0.766235175,0.734235175,0.757235175
3436,0.563681058,0.630681058,0.616681058,0.608681058,0.651681058,0.636681058,0.654681058,0.649681058,0.632681058,0.643681058
3437,0.699261344,0.711261344,0.659261344,0.699261344,0.728261344,0.782261344,0.740261344,0.741261344,0.744261344,0.784261344
3438,0.565204994,0.608204994,0.643204994,0.621204994,0.628204994,0.648204994,0.646204994,0.631204994,0.658204994,0.616204994
3439,0.644275521,0.701275521,0.726275521,0.760275521,0.773275521,0.713275521,0.701275521,0.741275521,0.704275521,0.729275521
3440,0.570408897,0.613408897,0.635408897,0.640408897,0.655408897,0.602408897,0.601408897,0.620408897,0.581408897,0.632408897
3441,0.713160578,0.728160578,0.754160578,0.719160578,0.715160578,0.783160578,0.745160578,0.766160578,0.719160578,0.758160578
3442,0.615340041,0.705340041,0.712340041,0.712340041,0.700340041,0.706340041,0.660340041,0.657340041,0.677340041,0.681340041
3443,0.681369979,0.742369979,0.774369979,0.766369979,0.719369979,0.762369979,0.717369979,0.740369979,0.717369979,0.741369979
3444,0.711779688,0.817779688,0.795779688,0.822779688,0.796779688,0.822779688,0.791779688,0.749779688,0.777779688,0.804779688
3445,0.701272769,0.727272769,0.716272769,0.757272769,0.754272769,0.756272769,0.744272769,0.744272769,0.729272769,0.778272769
3446,0.53348909,0.53848909,0.65248909,0.53348909,0.64148909,0.57548909,0.56748909,0.59148909,0.55848909,0.59348909
3447,0.818934408,0.854934408,0.894934408,0.852934408,0.894934408,0.886934408,0.831934408,0.839934408,0.835934408,0.860934408
3448,0.750577088,0.756577088,0.790577088,0.796577088,0.779577088,0.837577088,0.823577088,0.845577088,0.822577088,0.819577088
3449,0.639076755,0.684076755,0.692076755,0.713076755,0.674076755,0.704076755,0.687076755,0.705076755,0.674076755,0.686076755
3450,0.603494379,0.618494379,0.593494379,0.653494379,0.642494379,0.675494379,0.650494379,0.639494379,0.617494379,0.651494379
3451,0.508917243,0.537917243,0.565917243,0.519917243,0.597917243,0.582917243,0.577917243,0.569917243,0.567917243,0.587917243
3452,0.74965572,0.79865572,0.85765572,0.82265572,0.85465572,0.84865572,0.83365572,0.80165572,0.79465572,0.84365572
3453,0.604928348,0.650928348,0.665928348,0.624928348,0.658928348,0.651928348,0.657928348,0.672928348,0.661928348,0.691928348
3454,0.781063309,0.802063309,0.830063309,0.822063309,0.807063309,0.842063309,0.815063309,0.879063309,0.811063309,0.847063309
3455,0.740979138,0.752979138,0.795979138,0.745979138,0.814979138,0.835979138,0.755979138,0.786979138,0.796979138,0.809979138
3456,0.806745359,0.876745359,0.872745359,0.875745359,0.868745359,0.902745359,0.852745359,0.899745359,0.883745359,0.901745359
3457,0.703622601,0.771622601,0.721622601,0.766622601,0.754622601,0.738622601,0.740622601,0.737622601,0.741622601,0.728622601
3458,0.683172182,0.734172182,0.786172182,0.781172182,0.737172182,0.807172182,0.746172182,0.760172182,0.746172182,0.769172182
3459,0.545429221,0.558429221,0.617429221,0.537429221,0.582429221,0.622429221,0.594429221,0.625429221,0.614429221,0.627429221
3460,0.641471155,0.647471155,0.685471155,0.667471155,0.685471155,0.712471155,0.712471155,0.720471155,0.724471155,0.701471155
3461,0.74894355,0.78994355,0.82594355,0.77194355,0.81994355,0.86294355,0.84494355,0.83994355,0.81494355,0.86594355
3462,0.775378363,0.857378363,0.845378363,0.841378363,0.852378363,0.866378363,0.823378363,0.807378363,0.809378363,0.829378363
3463,0.635135661,0.623135661,0.661135661,0.670135661,0.660135661,0.699135661,0.697135661,0.710135661,0.697135661,0.683135661
3464,0.761957877,0.824957877,0.860957877,0.818957877,0.865957877,0.833957877,0.805957877,0.837957877,0.803957877,0.821957877
3465,0.794494568,0.819494568,0.829494568,0.862494568,0.844494568,0.866494568,0.837494568,0.858494568,0.833494568,0.850494568
3466,0.867216885,0.863216885,0.868216885,0.866216885,0.891216885,0.934216885,0.894216885,0.940216885,0.925216885,0.905216885
3467,0.534459302,0.594459302,0.595459302,0.612459302,0.625459302,0.594459302,0.585459302,0.571459302,0.578459302,0.597459302
3468,0.635788157,0.685788157,0.724788157,0.728788157,0.741788157,0.718788157,0.659788157,0.687788157,0.695788157,0.686788157
3469,0.514103494,0.544103494,0.596103494,0.537103494,0.572103494,0.610103494,0.559103494,0.580103494,0.559103494,0.619103494
3470,0.605141446,0.637141446,0.682141446,0.682141446,0.664141446,0.741141446,0.697141446,0.709141446,0.684141446,0.702141446
3471,0.598071951,0.675071951,0.682071951,0.678071951,0.700071951,0.649071951,0.625071951,0.657071951,0.634071951,0.660071951
3472,0.703706598,0.627706598,0.725706598,0.692706598,0.697706598,0.737706598,0.734706598,0.766706598,0.748706598,0.773706598
3473,0.716589363,0.807589363,0.774589363,0.799589363,0.826589363,0.774589363,0.756589363,0.770589363,0.752589363,0.784589363
3474,0.507900316,0.522900316,0.550900316,0.563900316,0.566900316,0.601900316,0.543900316,0.541900316,0.554900316,0.550900316
3475,0.645228272,0.706228272,0.727228272,0.683228272,0.739228272,0.690228272,0.693228272,0.672228272,0.695228272,0.697228272
3476,0.733097478,0.773097478,0.802097478,0.783097478,0.844097478,0.831097478,0.810097478,0.793097478,0.788097478,0.837097478
3477,0.489507286,0.539507286,0.521507286,0.527507286,0.554507286,0.556507286,0.562507286,0.567507286,0.520507286,0.555507286
3478,0.6612218,0.6592218,0.7142218,0.6502218,0.6922218,0.6902218,0.6752218,0.7122218,0.6762218,0.6862218
3479,0.764317633,0.724317633,0.786317633,0.808317633,0.855317633,0.805317633,0.812317633,0.831317633,0.810317633,0.825317633
3480,0.683305226,0.667305226,0.700305226,0.700305226,0.673305226,0.765305226,0.732305226,0.752305226,0.737305226,0.740305226
3481,0.760806993,0.771806993,0.828806993,0.763806993,0.838806993,0.834806993,0.827806993,0.802806993,0.796806993,0.788806993
3482,0.66561867,0.63561867,0.75661867,0.65661867,0.67861867,0.74961867,0.70561867,0.76961867,0.73261867,0.74661867
3483,0.707661363,0.741661363,0.740661363,0.689661363,0.740661363,0.826661363,0.787661363,0.755661363,0.751661363,0.820661363
3484,0.62445907,0.63245907,0.66845907,0.68945907,0.65045907,0.71445907,0.72745907,0.71845907,0.69245907,0.70045907
3485,0.747156094,0.762156094,0.794156094,0.835156094,0.829156094,0.838156094,0.816156094,0.824156094,0.818156094,0.819156094
3486,0.68002279,0.75102279,0.71502279,0.73002279,0.76202279,0.75502279,0.74102279,0.73502279,0.70402279,0.75802279
3487,0.728960994,0.732960994,0.766960994,0.790960994,0.826960994,0.793960994,0.765960994,0.819960994,0.786960994,0.777960994
3488,0.66614269,0.64814269,0.69314269,0.72814269,0.68014269,0.75114269,0.67514269,0.72514269,0.69714269,0.71514269
3489,0.528885315,0.580885315,0.605885315,0.536885315,0.577885315,0.613885315,0.588885315,0.590885315,0.602885315,0.602885315
3490,0.662022445,0.681022445,0.639022445,0.675022445,0.693022445,0.723022445,0.721022445,0.719022445,0.737022445,0.762022445
3491,0.584517634,0.639517634,0.640517634,0.611517634,0.627517634,0.675517634,0.648517634,0.675517634,0.663517634,0.640517634
3492,0.767942588,0.795942588,0.822942588,0.805942588,0.881942588,0.925942588,0.847942588,0.866942588,0.847942588,0.868942588
3493,0.526955459,0.603955459,0.589955459,0.589955459,0.578955459,0.633955459,0.598955459,0.584955459,0.574955459,0.564955459
3494,0.623340626,0.678340626,0.669340626,0.697340626,0.700340626,0.646340626,0.637340626,0.655340626,0.629340626,0.655340626
3495,0.849975411,0.865975411,0.937975411,0.878975411,0.902975411,0.943975411,0.913975411,0.906975411,0.906975411,0.904975411
3496,0.732631281,0.741631281,0.690631281,0.749631281,0.768631281,0.814631281,0.787631281,0.826631281,0.787631281,0.808631281
3497,0.672079684,0.690079684,0.755079684,0.673079684,0.718079684,0.756079684,0.718079684,0.716079684,0.700079684,0.738079684
3498,0.977697214,1.024697214,1.047697214,1.059697214,1.029697214,1.071697214,1.027697214,1.058697214,1.054697214,1.077697214
3499,0.712959274,0.748959274,0.777959274,0.761959274,0.761959274,0.829959274,0.816959274,0.811959274,0.788959274,0.777959274
3500,0.7109636,0.7529636,0.7469636,0.7349636,0.7239636,0.7699636,0.7309636,0.7959636,0.7429636,0.7649636
3501,0.527816314,0.498816314,0.556816314,0.498816314,0.534816314,0.597816314,0.594816314,0.579816314,0.549816314,0.584816314
3502,0.770650746,0.789650746,0.849650746,0.818650746,0.833650746,0.885650746,0.844650746,0.872650746,0.836650746,0.819650746
3503,0.433034345,0.507034345,0.472034345,0.511034345,0.541034345,0.531034345,0.495034345,0.518034345,0.512034345,0.498034345
3504,0.693595105,0.723595105,0.771595105,0.716595105,0.763595105,0.742595105,0.730595105,0.808595105,0.724595105,0.772595105
3505,0.729436098,0.725436098,0.787436098,0.714436098,0.766436098,0.780436098,0.793436098,0.770436098,0.768436098,0.773436098
3506,0.654929348,0.698929348,0.726929348,0.717929348,0.733929348,0.748929348,0.738929348,0.712929348,0.718929348,0.726929348
3507,0.691165918,0.712165918,0.764165918,0.769165918,0.754165918,0.767165918,0.723165918,0.761165918,0.735165918,0.752165918
3508,0.676158305,0.716158305,0.739158305,0.730158305,0.745158305,0.759158305,0.709158305,0.748158305,0.716158305,0.729158305
3509,0.777084317,0.760084317,0.849084317,0.837084317,0.879084317,0.890084317,0.833084317,0.872084317,0.848084317,0.822084317
3510,0.53364384,0.61264384,0.60964384,0.56864384,0.61164384,0.59464384,0.57364384,0.61664384,0.57564384,0.58164384
3511,0.779775731,0.773775731,0.830775731,0.864775731,0.846775731,0.850775731,0.830775731,0.812775731,0.834775731,0.861775731
3512,0.81952817,0.77452817,0.87952817,0.86252817,0.85552817,0.91052817,0.87452817,0.91052817,0.87552817,0.87252817
3513,0.62554907,0.65054907,0.62954907,0.65954907,0.65854907,0.70054907,0.68054907,0.71254907,0.66654907,0.67554907
3514,0.623660799,0.607660799,0.581660799,0.588660799,0.623660799,0.701660799,0.677660799,0.714660799,0.660660799,0.679660799
3515,0.830255654,0.875255654,0.898255654,0.849255654,0.871255654,0.894255654,0.892255654,0.920255654,0.899255654,0.900255654
3516,0.710493066,0.692493066,0.698493066,0.744493066,0.742493066,0.766493066,0.757493066,0.778493066,0.743493066,0.786493066
3517,0.694791292,0.677791292,0.681791292,0.693791292,0.675791292,0.792791292,0.757791292,0.768791292,0.722791292,0.737791292
3518,0.880616399,0.899616399,0.917616399,0.907616399,0.948616399,0.941616399,0.909616399,0.956616399,0.922616399,0.929616399
3519,0.618111767,0.635111767,0.649111767,0.617111767,0.689111767,0.709111767,0.666111767,0.697111767,0.654111767,0.671111767
3520,0.681947848,0.715947848,0.764947848,0.748947848,0.799947848,0.749947848,0.719947848,0.728947848,0.733947848,0.734947848
3521,0.65386828,0.67886828,0.68986828,0.64886828,0.68786828,0.70986828,0.70486828,0.67186828,0.68786828,0.71586828
3522,0.620776972,0.591776972,0.674776972,0.586776972,0.636776972,0.643776972,0.658776972,0.677776972,0.623776972,0.659776972
3523,0.775643081,0.798643081,0.812643081,0.813643081,0.833643081,0.869643081,0.836643081,0.794643081,0.792643081,0.797643081
3524,0.625925252,0.678925252,0.674925252,0.647925252,0.632925252,0.693925252,0.697925252,0.682925252,0.680925252,0.694925252
3525,0.597660047,0.605660047,0.604660047,0.607660047,0.668660047,0.657660047,0.667660047,0.641660047,0.628660047,0.646660047
3526,0.633752825,0.673752825,0.689752825,0.694752825,0.733752825,0.724752825,0.687752825,0.712752825,0.668752825,0.685752825
3527,0.518485636,0.505485636,0.578485636,0.515485636,0.551485636,0.591485636,0.556485636,0.543485636,0.539485636,0.543485636
3528,0.671197584,0.673197584,0.673197584,0.634197584,0.700197584,0.771197584,0.740197584,0.763197584,0.716197584,0.752197584
3529,0.63304106,0.62604106,0.65904106,0.60804106,0.67304106,0.76804106,0.71304106,0.72804106,0.73204106,0.75704106
3530,0.411989032,0.445989032,0.446989032,0.422989032,0.504989032,0.527989032,0.499989032,0.489989032,0.476989032,0.525989032
3531,0.663545739,0.716545739,0.704545739,0.676545739,0.708545739,0.711545739,0.720545739,0.721545739,0.695545739,0.674545739
3532,0.694269629,0.717269629,0.717269629,0.658269629,0.720269629,0.787269629,0.763269629,0.767269629,0.752269629,0.774269629
3533,0.592995221,0.676995221,0.656995221,0.644995221,0.695995221,0.660995221,0.636995221,0.683995221,0.632995221,0.673995221
3534,0.516077602,0.503077602,0.546077602,0.529077602,0.550077602,0.563077602,0.518077602,0.521077602,0.568077602,0.574077602
3535,0.671432337,0.737432337,0.707432337,0.725432337,0.750432337,0.719432337,0.704432337,0.730432337,0.705432337,0.728432337
3536,0.833205941,0.812205941,0.834205941,0.815205941,0.822205941,0.905205941,0.878205941,0.912205941,0.866205941,0.869205941
3537,0.616647786,0.649647786,0.656647786,0.621647786,0.648647786,0.698647786,0.654647786,0.676647786,0.684647786,0.709647786
3538,0.716063055,0.734063055,0.775063055,0.765063055,0.747063055,0.776063055,0.784063055,0.774063055,0.753063055,0.798063055
3539,0.674158072,0.599158072,0.688158072,0.657158072,0.668158072,0.768158072,0.739158072,0.770158072,0.726158072,0.794158072
3540,0.681440908,0.668440908,0.727440908,0.657440908,0.728440908,0.753440908,0.739440908,0.719440908,0.717440908,0.748440908
3541,0.582262199,0.659262199,0.645262199,0.617262199,0.661262199,0.675262199,0.671262199,0.668262199,0.644262199,0.670262199
3542,0.734097935,0.761097935,0.744097935,0.774097935,0.771097935,0.829097935,0.832097935,0.869097935,0.801097935,0.836097935
3543,0.617747767,0.662747767,0.630747767,0.665747767,0.653747767,0.703747767,0.666747767,0.672747767,0.652747767,0.655747767
3544,0.688747356,0.682747356,0.671747356,0.726747356,0.687747356,0.779747356,0.768747356,0.745747356,0.752747356,0.795747356
3545,0.561107785,0.558107785,0.585107785,0.616107785,0.597107785,0.674107785,0.641107785,0.667107785,0.657107785,0.655107785
3546,0.686739617,0.670739617,0.715739617,0.651739617,0.705739617,0.753739617,0.759739617,0.725739617,0.704739617,0.751739617
3547,0.751590235,0.770590235,0.774590235,0.782590235,0.774590235,0.800590235,0.760590235,0.798590235,0.807590235,0.803590235
3548,0.670734648,0.673734648,0.700734648,0.706734648,0.727734648,0.736734648,0.695734648,0.733734648,0.717734648,0.702734648
3549,0.636546278,0.648546278,0.675546278,0.689546278,0.702546278,0.702546278,0.645546278,0.674546278,0.686546278,0.658546278
3550,0.76683905,0.86383905,0.84083905,0.86383905,0.88883905,0.83783905,0.81783905,0.84883905,0.83083905,0.86683905
3551,0.636265177,0.646265177,0.657265177,0.612265177,0.640265177,0.740265177,0.684265177,0.732265177,0.716265177,0.708265177
3552,0.537647225,0.516647225,0.597647225,0.594647225,0.570647225,0.625647225,0.607647225,0.599647225,0.566647225,0.604647225
3553,0.446076485,0.410076485,0.543076485,0.433076485,0.521076485,0.522076485,0.492076485,0.480076485,0.493076485,0.492076485
3554,0.484110115,0.528110115,0.552110115,0.530110115,0.577110115,0.563110115,0.512110115,0.536110115,0.520110115,0.537110115
3555,0.670888917,0.716888917,0.785888917,0.736888917,0.726888917,0.738888917,0.689888917,0.693888917,0.692888917,0.734888917
3556,0.781529496,0.811529496,0.822529496,0.808529496,0.819529496,0.828529496,0.823529496,0.800529496,0.827529496,0.836529496
3557,0.756058946,0.806058946,0.797058946,0.788058946,0.796058946,0.820058946,0.751058946,0.800058946,0.741058946,0.775058946
3558,0.680574065,0.750574065,0.775574065,0.760574065,0.757574065,0.751574065,0.732574065,0.739574065,0.745574065,0.777574065
3559,0.604722226,0.579722226,0.598722226,0.582722226,0.656722226,0.655722226,0.648722226,0.666722226,0.652722226,0.651722226
3560,0.633423047,0.713423047,0.678423047,0.697423047,0.697423047,0.689423047,0.654423047,0.664423047,0.699423047,0.695423047
3561,0.617714815,0.638714815,0.604714815,0.681714815,0.660714815,0.698714815,0.663714815,0.684714815,0.656714815,0.663714815
3562,0.571400502,0.581400502,0.670400502,0.539400502,0.622400502,0.653400502,0.627400502,0.647400502,0.629400502,0.662400502
3563,0.627379377,0.653379377,0.698379377,0.662379377,0.726379377,0.735379377,0.698379377,0.692379377,0.695379377,0.739379377
3564,0.597919827,0.545919827,0.570919827,0.549919827,0.564919827,0.643919827,0.619919827,0.642919827,0.603919827,0.679919827
3565,0.533242342,0.578242342,0.590242342,0.570242342,0.600242342,0.625242342,0.564242342,0.597242342,0.590242342,0.633242342
3566,0.621466749,0.665466749,0.693466749,0.687466749,0.693466749,0.717466749,0.691466749,0.712466749,0.661466749,0.716466749
3567,0.664830041,0.702830041,0.720830041,0.732830041,0.711830041,0.723830041,0.721830041,0.738830041,0.704830041,0.729830041
3568,0.549875705,0.560875705,0.630875705,0.581875705,0.568875705,0.664875705,0.622875705,0.622875705,0.626875705,0.669875705
3569,0.577838759,0.619838759,0.633838759,0.625838759,0.635838759,0.651838759,0.610838759,0.632838759,0.592838759,0.596838759
3570,0.751363134,0.776363134,0.773363134,0.784363134,0.767363134,0.803363134,0.804363134,0.848363134,0.793363134,0.829363134
3571,0.639209041,0.702209041,0.726209041,0.648209041,0.719209041,0.687209041,0.673209041,0.726209041,0.683209041,0.711209041
3572,0.784671544,0.815671544,0.816671544,0.837671544,0.770671544,0.866671544,0.816671544,0.903671544,0.866671544,0.863671544
3573,0.553377193,0.578377193,0.617377193,0.630377193,0.625377193,0.668377193,0.632377193,0.647377193,0.593377193,0.637377193
3574,0.541887415,0.580887415,0.599887415,0.615887415,0.604887415,0.646887415,0.621887415,0.596887415,0.555887415,0.621887415
3575,0.58568553,0.61668553,0.69868553,0.57568553,0.66968553,0.66968553,0.62468553,0.65368553,0.64068553,0.65968553
3576,0.570082023,0.663082023,0.650082023,0.652082023,0.643082023,0.636082023,0.617082023,0.611082023,0.591082023,0.604082023
3577,0.553296699,0.597296699,0.619296699,0.622296699,0.673296699,0.641296699,0.627296699,0.619296699,0.595296699,0.623296699
3578,0.575445184,0.631445184,0.615445184,0.597445184,0.665445184,0.662445184,0.601445184,0.627445184,0.611445184,0.625445184
3579,0.552488151,0.633488151,0.604488151,0.629488151,0.609488151,0.636488151,0.610488151,0.627488151,0.594488151,0.626488151
3580,0.756577097,0.753577097,0.796577097,0.734577097,0.803577097,0.822577097,0.784577097,0.805577097,0.781577097,0.846577097
3581,0.759443659,0.779443659,0.798443659,0.792443659,0.811443659,0.837443659,0.833443659,0.846443659,0.837443659,0.864443659
3582,0.679138118,0.706138118,0.710138118,0.711138118,0.730138118,0.736138118,0.723138118,0.741138118,0.768138118,0.772138118
3583,0.588618226,0.652618226,0.641618226,0.638618226,0.621618226,0.618618226,0.627618226,0.647618226,0.637618226,0.643618226
3584,0.702626533,0.674626533,0.713626533,0.743626533,0.751626533,0.773626533,0.740626533,0.751626533,0.699626533,0.753626533
3585,0.429888576,0.425888576,0.448888576,0.375888576,0.451888576,0.538888576,0.500888576,0.495888576,0.499888576,0.511888576
3586,0.625091927,0.618091927,0.608091927,0.600091927,0.631091927,0.672091927,0.680091927,0.688091927,0.688091927,0.689091927
3587,0.586883125,0.624883125,0.632883125,0.637883125,0.674883125,0.599883125,0.610883125,0.637883125,0.603883125,0.654883125
3588,0.682433088,0.694433088,0.717433088,0.728433088,0.728433088,0.735433088,0.752433088,0.712433088,0.708433088,0.762433088
3589,0.558241019,0.556241019,0.557241019,0.531241019,0.593241019,0.644241019,0.590241019,0.610241019,0.600241019,0.564241019
3590,0.67272524,0.65272524,0.70272524,0.73472524,0.68872524,0.76272524,0.72572524,0.75772524,0.69772524,0.74572524
3591,0.543652966,0.585652966,0.654652966,0.582652966,0.606652966,0.629652966,0.586652966,0.620652966,0.615652966,0.639652966
3592,0.692149147,0.723149147,0.703149147,0.745149147,0.713149147,0.796149147,0.766149147,0.781149147,0.760149147,0.770149147
3593,0.635579623,0.642579623,0.681579623,0.667579623,0.660579623,0.727579623,0.704579623,0.741579623,0.699579623,0.701579623
3594,0.567633194,0.591633194,0.615633194,0.607633194,0.641633194,0.611633194,0.603633194,0.641633194,0.569633194,0.583633194
3595,0.723244194,0.737244194,0.762244194,0.754244194,0.760244194,0.779244194,0.794244194,0.800244194,0.790244194,0.813244194
3596,0.67776635,0.79376635,0.72976635,0.73076635,0.74276635,0.75476635,0.71776635,0.76176635,0.75276635,0.78176635
3597,0.691106856,0.713106856,0.738106856,0.688106856,0.731106856,0.757106856,0.751106856,0.755106856,0.737106856,0.747106856
3598,0.637995527,0.612995527,0.653995527,0.646995527,0.650995527,0.716995527,0.725995527,0.697995527,0.733995527,0.733995527
3599,0.656988079,0.668988079,0.700988079,0.679988079,0.754988079,0.752988079,0.696988079,0.743988079,0.715988079,0.738988079
3600,0.663758999,0.622758999,0.648758999,0.632758999,0.674758999,0.740758999,0.706758999,0.705758999,0.711758999,0.704758999
3601,0.568756469,0.622756469,0.615756469,0.609756469,0.589756469,0.687756469,0.629756469,0.695756469,0.650756469,0.673756469
3602,0.615695961,0.605695961,0.613695961,0.643695961,0.628695961,0.730695961,0.686695961,0.660695961,0.644695961,0.658695961
3603,0.642813123,0.664813123,0.706813123,0.655813123,0.696813123,0.718813123,0.677813123,0.699813123,0.697813123,0.734813123
3604,0.887264768,0.951264768,0.970264768,0.965264768,0.998264768,0.970264768,0.955264768,0.986264768,0.953264768,0.974264768
3605,0.642893355,0.699893355,0.696893355,0.643893355,0.657893355,0.769893355,0.692893355,0.727893355,0.707893355,0.741893355
3606,0.812028625,0.865028625,0.847028625,0.865028625,0.937028625,0.871028625,0.839028625,0.886028625,0.851028625,0.877028625
3607,0.574872964,0.557872964,0.601872964,0.610872964,0.586872964,0.620872964,0.612872964,0.643872964,0.605872964,0.652872964
3608,0.646899833,0.650899833,0.630899833,0.594899833,0.695899833,0.712899833,0.668899833,0.709899833,0.678899833,0.668899833
3609,0.65579091,0.63279091,0.68179091,0.66279091,0.75979091,0.74479091,0.65779091,0.71779091,0.70579091,0.71579091
3610,0.628283847,0.637283847,0.720283847,0.665283847,0.648283847,0.731283847,0.706283847,0.737283847,0.727283847,0.690283847
3611,0.607459609,0.716459609,0.750459609,0.729459609,0.768459609,0.740459609,0.701459609,0.733459609,0.721459609,0.723459609
3612,0.563460414,0.551460414,0.625460414,0.629460414,0.644460414,0.585460414,0.633460414,0.605460414,0.582460414,0.584460414
3613,0.465720823,0.490720823,0.540720823,0.501720823,0.525720823,0.528720823,0.511720823,0.511720823,0.501720823,0.520720823
3614,0.747910104,0.784910104,0.800910104,0.799910104,0.841910104,0.791910104,0.781910104,0.788910104,0.765910104,0.783910104
3615,0.578967353,0.561967353,0.586967353,0.550967353,0.593967353,0.651967353,0.625967353,0.634967353,0.617967353,0.653967353
3616,0.590280005,0.573280005,0.613280005,0.612280005,0.645280005,0.655280005,0.650280005,0.645280005,0.632280005,0.645280005
3617,0.632658335,0.619658335,0.696658335,0.649658335,0.711658335,0.731658335,0.659658335,0.708658335,0.674658335,0.690658335
3618,0.54584097,0.60284097,0.60784097,0.63084097,0.62984097,0.65484097,0.61184097,0.58784097,0.59884097,0.60884097
3619,0.693018002,0.749018002,0.786018002,0.717018002,0.764018002,0.742018002,0.752018002,0.755018002,0.772018002,0.741018002
3620,0.846560938,0.933560938,0.954560938,0.932560938,0.965560938,0.889560938,0.899560938,0.889560938,0.865560938,0.919560938
3621,0.649315628,0.722315628,0.671315628,0.706315628,0.746315628,0.759315628,0.741315628,0.767315628,0.712315628,0.757315628
3622,0.519186257,0.546186257,0.568186257,0.518186257,0.577186257,0.611186257,0.593186257,0.594186257,0.589186257,0.613186257
3623,0.768666068,0.805666068,0.818666068,0.750666068,0.822666068,0.820666068,0.788666068,0.800666068,0.784666068,0.775666068
3624,0.680764996,0.725764996,0.726764996,0.722764996,0.784764996,0.780764996,0.738764996,0.756764996,0.732764996,0.772764996
3625,0.579988769,0.563988769,0.623988769,0.577988769,0.608988769,0.626988769,0.619988769,0.638988769,0.606988769,0.643988769
3626,0.598218308,0.617218308,0.665218308,0.637218308,0.699218308,0.686218308,0.683218308,0.680218308,0.662218308,0.658218308
3627,0.654518761,0.701518761,0.710518761,0.752518761,0.716518761,0.704518761,0.706518761,0.707518761,0.713518761,0.673518761
3628,0.741042474,0.788042474,0.811042474,0.807042474,0.830042474,0.789042474,0.818042474,0.820042474,0.788042474,0.772042474
3629,0.507768937,0.486768937,0.491768937,0.473768937,0.554768937,0.586768937,0.585768937,0.586768937,0.569768937,0.603768937
3630,0.559647697,0.564647697,0.557647697,0.516647697,0.552647697,0.619647697,0.602647697,0.623647697,0.589647697,0.640647697
3631,0.706761416,0.753761416,0.776761416,0.747761416,0.787761416,0.775761416,0.745761416,0.759761416,0.747761416,0.748761416
3632,0.697076418,0.776076418,0.753076418,0.728076418,0.830076418,0.765076418,0.749076418,0.709076418,0.764076418,0.738076418
3633,0.562816433,0.569816433,0.588816433,0.590816433,0.638816433,0.605816433,0.591816433,0.577816433,0.581816433,0.616816433
3634,0.637276516,0.681276516,0.698276516,0.662276516,0.717276516,0.679276516,0.686276516,0.686276516,0.662276516,0.665276516
3635,0.55440008,0.58640008,0.58340008,0.60740008,0.64940008,0.61040008,0.59840008,0.61440008,0.61940008,0.62040008
3636,0.822090353,0.817090353,0.908090353,0.861090353,0.903090353,0.897090353,0.887090353,0.897090353,0.891090353,0.905090353
3637,0.646227381,0.631227381,0.691227381,0.683227381,0.697227381,0.707227381,0.649227381,0.688227381,0.699227381,0.672227381
3638,0.715628285,0.789628285,0.786628285,0.767628285,0.743628285,0.832628285,0.815628285,0.815628285,0.805628285,0.816628285
3639,0.80343008,0.79143008,0.81543008,0.84043008,0.82043008,0.93243008,0.85043008,0.88543008,0.86243008,0.86043008
3640,0.433599891,0.457599891,0.489599891,0.521599891,0.485599891,0.528599891,0.488599891,0.518599891,0.498599891,0.528599891
3641,0.521354439,0.534354439,0.598354439,0.560354439,0.566354439,0.609354439,0.587354439,0.583354439,0.576354439,0.609354439
3642,0.550442401,0.581442401,0.605442401,0.588442401,0.584442401,0.637442401,0.595442401,0.589442401,0.597442401,0.578442401
3643,0.660420725,0.670420725,0.697420725,0.650420725,0.712420725,0.760420725,0.734420725,0.742420725,0.733420725,0.747420725
3644,0.693482218,0.727482218,0.709482218,0.687482218,0.754482218,0.755482218,0.762482218,0.766482218,0.730482218,0.749482218
3645,0.730367342,0.762367342,0.790367342,0.738367342,0.772367342,0.817367342,0.767367342,0.774367342,0.731367342,0.775367342
3646,0.79992167,0.85292167,0.86792167,0.82792167,0.88592167,0.91992167,0.87492167,0.88192167,0.86792167,0.90192167
3647,0.6977855,0.6317855,0.7127855,0.6927855,0.7567855,0.7307855,0.7317855,0.7387855,0.7087855,0.7287855
3648,0.539454377,0.573454377,0.560454377,0.572454377,0.572454377,0.636454377,0.638454377,0.650454377,0.627454377,0.645454377
3649,0.558378704,0.585378704,0.565378704,0.600378704,0.595378704,0.645378704,0.584378704,0.642378704,0.615378704,0.604378704
3650,0.643607575,0.714607575,0.745607575,0.675607575,0.789607575,0.688607575,0.688607575,0.688607575,0.671607575,0.720607575
3651,0.671005742,0.698005742,0.732005742,0.702005742,0.715005742,0.759005742,0.729005742,0.745005742,0.707005742,0.775005742
3652,0.695143403,0.721143403,0.768143403,0.749143403,0.727143403,0.799143403,0.750143403,0.770143403,0.751143403,0.760143403
3653,0.552756625,0.652756625,0.671756625,0.623756625,0.666756625,0.603756625,0.568756625,0.599756625,0.594756625,0.636756625
3654,0.556440941,0.604440941,0.586440941,0.587440941,0.631440941,0.643440941,0.625440941,0.601440941,0.588440941,0.591440941
3655,0.788002909,0.862002909,0.843002909,0.835002909,0.892002909,0.853002909,0.814002909,0.838002909,0.806002909,0.817002909
3656,0.644093775,0.625093775,0.663093775,0.720093775,0.703093775,0.675093775,0.677093775,0.674093775,0.701093775,0.669093775
3657,0.670271363,0.700271363,0.696271363,0.672271363,0.742271363,0.724271363,0.716271363,0.709271363,0.716271363,0.733271363
3658,0.714204655,0.703204655,0.769204655,0.741204655,0.760204655,0.798204655,0.772204655,0.754204655,0.771204655,0.797204655
3659,0.540268651,0.555268651,0.619268651,0.612268651,0.625268651,0.601268651,0.586268651,0.609268651,0.610268651,0.614268651
3660,0.560112095,0.537112095,0.596112095,0.616112095,0.632112095,0.593112095,0.599112095,0.615112095,0.607112095,0.585112095
3661,0.581560426,0.613560426,0.627560426,0.617560426,0.664560426,0.642560426,0.612560426,0.662560426,0.648560426,0.662560426
3662,0.684124838,0.715124838,0.741124838,0.703124838,0.801124838,0.708124838,0.707124838,0.750124838,0.713124838,0.764124838
3663,0.884345735,0.917345735,0.946345735,0.907345735,0.940345735,0.947345735,0.925345735,0.892345735,0.913345735,0.921345735
3664,0.581259533,0.582259533,0.609259533,0.631259533,0.633259533,0.678259533,0.640259533,0.649259533,0.672259533,0.643259533
3665,0.581452857,0.617452857,0.632452857,0.664452857,0.673452857,0.633452857,0.591452857,0.605452857,0.605452857,0.671452857
3666,0.673706399,0.732706399,0.682706399,0.726706399,0.723706399,0.745706399,0.697706399,0.731706399,0.711706399,0.705706399
3667,0.618284034,0.664284034,0.669284034,0.697284034,0.729284034,0.694284034,0.700284034,0.700284034,0.666284034,0.695284034
3668,0.64845168,0.69645168,0.65645168,0.68045168,0.71545168,0.69945168,0.70145168,0.69445168,0.69745168,0.74145168
3669,0.599936551,0.566936551,0.655936551,0.633936551,0.672936551,0.669936551,0.595936551,0.636936551,0.628936551,0.634936551
3670,0.570314037,0.575314037,0.567314037,0.568314037,0.598314037,0.647314037,0.658314037,0.653314037,0.621314037,0.637314037
3671,0.730000008,0.786000008,0.841000008,0.842000008,0.867000008,0.803000008,0.778000008,0.822000008,0.784000008,0.794000008
3672,0.567993013,0.620993013,0.637993013,0.582993013,0.647993013,0.616993013,0.612993013,0.636993013,0.596993013,0.596993013
3673,0.727211099,0.750211099,0.767211099,0.759211099,0.782211099,0.782211099,0.732211099,0.782211099,0.756211099,0.773211099
3674,0.516761305,0.536761305,0.601761305,0.521761305,0.565761305,0.591761305,0.515761305,0.588761305,0.540761305,0.575761305
3675,0.617469988,0.666469988,0.680469988,0.660469988,0.693469988,0.686469988,0.655469988,0.679469988,0.658469988,0.672469988
3676,0.593718131,0.653718131,0.599718131,0.675718131,0.681718131,0.682718131,0.613718131,0.624718131,0.603718131,0.661718131
3677,0.521021142,0.531021142,0.549021142,0.512021142,0.566021142,0.555021142,0.580021142,0.539021142,0.554021142,0.593021142
3678,0.708526873,0.740526873,0.756526873,0.778526873,0.722526873,0.819526873,0.787526873,0.822526873,0.778526873,0.775526873
3679,0.603353015,0.629353015,0.694353015,0.692353015,0.673353015,0.674353015,0.644353015,0.658353015,0.651353015,0.667353015
3680,1.060944876,1.090944876,1.149944876,1.092944876,1.128944876,1.147944876,1.080944876,1.138944876,1.105944876,1.079944876
3681,0.555695813,0.559695813,0.579695813,0.553695813,0.593695813,0.652695813,0.609695813,0.629695813,0.602695813,0.593695813
3682,0.797647469,0.808647469,0.845647469,0.845647469,0.841647469,0.874647469,0.876647469,0.880647469,0.842647469,0.893647469
3683,0.737758568,0.726758568,0.783758568,0.772758568,0.759758568,0.772758568,0.771758568,0.788758568,0.791758568,0.787758568
3684,0.651532099,0.698532099,0.688532099,0.695532099,0.709532099,0.721532099,0.700532099,0.767532099,0.714532099,0.694532099
3685,0.565332013,0.582332013,0.597332013,0.541332013,0.599332013,0.589332013,0.603332013,0.590332013,0.587332013,0.578332013
3686,0.538179027,0.596179027,0.571179027,0.590179027,0.602179027,0.593179027,0.579179027,0.587179027,0.593179027,0.593179027
3687,0.654602682,0.741602682,0.746602682,0.805602682,0.793602682,0.694602682,0.694602682,0.706602682,0.672602682,0.709602682
3688,0.633983734,0.628983734,0.675983734,0.672983734,0.642983734,0.689983734,0.674983734,0.660983734,0.668983734,0.691983734
3689,0.750481998,0.758481998,0.829481998,0.801481998,0.788481998,0.862481998,0.816481998,0.841481998,0.839481998,0.877481998
3690,0.655423306,0.677423306,0.710423306,0.696423306,0.700423306,0.717423306,0.696423306,0.704423306,0.740423306,0.723423306
3691,0.725864459,0.795864459,0.782864459,0.781864459,0.780864459,0.754864459,0.739864459,0.758864459,0.769864459,0.773864459
3692,0.765251812,0.778251812,0.783251812,0.753251812,0.796251812,0.853251812,0.840251812,0.841251812,0.830251812,0.840251812
3693,0.746790973,0.760790973,0.787790973,0.697790973,0.785790973,0.812790973,0.787790973,0.814790973,0.789790973,0.816790973
3694,0.516509639,0.492509639,0.560509639,0.514509639,0.559509639,0.540509639,0.560509639,0.580509639,0.572509639,0.581509639
3695,0.70873972,0.72573972,0.73773972,0.75573972,0.77073972,0.77673972,0.76873972,0.75573972,0.75573972,0.77273972
3696,0.550814876,0.550814876,0.596814876,0.601814876,0.596814876,0.635814876,0.608814876,0.562814876,0.588814876,0.587814876
3697,0.546979804,0.608979804,0.621979804,0.569979804,0.618979804,0.595979804,0.592979804,0.597979804,0.572979804,0.569979804
3698,0.947146074,0.955146074,0.958146074,0.995146074,1.024146074,1.053146074,1.014146074,1.019146074,0.978146074,1.023146074
3699,0.620759275,0.611759275,0.646759275,0.601759275,0.631759275,0.678759275,0.687759275,0.624759275,0.654759275,0.665759275
3700,0.533078079,0.550078079,0.567078079,0.519078079,0.554078079,0.612078079,0.574078079,0.588078079,0.577078079,0.616078079
3701,0.71010182,0.79310182,0.76310182,0.73110182,0.77710182,0.77410182,0.72410182,0.77210182,0.73610182,0.76210182
3702,0.650876288,0.690876288,0.659876288,0.672876288,0.728876288,0.716876288,0.713876288,0.722876288,0.726876288,0.747876288
3703,0.60725408,0.64225408,0.68325408,0.61925408,0.66525408,0.65025408,0.65625408,0.64925408,0.60825408,0.66825408
3704,0.75851872,0.79151872,0.83951872,0.81351872,0.77151872,0.80851872,0.80051872,0.84551872,0.83551872,0.82851872
3705,0.604968883,0.655968883,0.648968883,0.619968883,0.687968883,0.689968883,0.696968883,0.706968883,0.685968883,0.731968883
3706,0.727958989,0.745958989,0.819958989,0.798958989,0.802958989,0.791958989,0.794958989,0.772958989,0.761958989,0.822958989
3707,0.701579013,0.731579013,0.745579013,0.702579013,0.798579013,0.785579013,0.773579013,0.782579013,0.747579013,0.760579013
3708,0.508678989,0.570678989,0.617678989,0.573678989,0.622678989,0.590678989,0.558678989,0.578678989,0.574678989,0.605678989
3709,0.621323126,0.669323126,0.697323126,0.686323126,0.693323126,0.684323126,0.639323126,0.675323126,0.665323126,0.675323126
3710,0.531371866,0.507371866,0.488371866,0.476371866,0.497371866,0.597371866,0.571371866,0.568371866,0.565371866,0.565371866
3711,0.838352456,0.886352456,0.916352456,0.926352456,0.944352456,0.857352456,0.837352456,0.847352456,0.841352456,0.837352456
3712,0.600268709,0.581268709,0.653268709,0.624268709,0.614268709,0.668268709,0.654268709,0.689268709,0.644268709,0.658268709
3713,0.530872926,0.598872926,0.531872926,0.583872926,0.579872926,0.619872926,0.592872926,0.604872926,0.610872926,0.633872926
3714,0.592961648,0.583961648,0.572961648,0.586961648,0.643961648,0.639961648,0.633961648,0.647961648,0.620961648,0.613961648
3715,0.779988142,0.861988142,0.844988142,0.798988142,0.859988142,0.852988142,0.805988142,0.815988142,0.817988142,0.805988142
3716,0.517577888,0.487577888,0.569577888,0.563577888,0.574577888,0.579577888,0.539577888,0.569577888,0.542577888,0.577577888
3717,0.716239974,0.725239974,0.705239974,0.757239974,0.765239974,0.749239974,0.777239974,0.742239974,0.769239974,0.775239974
3718,0.577783346,0.618783346,0.644783346,0.641783346,0.633783346,0.644783346,0.622783346,0.639783346,0.620783346,0.619783346
3719,0.618259984,0.661259984,0.674259984,0.670259984,0.669259984,0.698259984,0.672259984,0.699259984,0.665259984,0.680259984
3720,0.690117733,0.702117733,0.764117733,0.693117733,0.731117733,0.741117733,0.699117733,0.751117733,0.750117733,0.734117733
3721,0.702474864,0.809474864,0.762474864,0.712474864,0.766474864,0.758474864,0.753474864,0.746474864,0.721474864,0.740474864
3722,0.860066302,0.870066302,0.868066302,0.919066302,0.947066302,1.003066302,0.942066302,0.951066302,0.942066302,0.966066302
3723,0.523325555,0.546325555,0.578325555,0.593325555,0.520325555,0.603325555,0.576325555,0.626325555,0.571325555,0.608325555
3724,0.599740546,0.619740546,0.653740546,0.647740546,0.676740546,0.669740546,0.628740546,0.644740546,0.637740546,0.674740546
3725,0.611670301,0.639670301,0.689670301,0.644670301,0.671670301,0.716670301,0.668670301,0.658670301,0.655670301,0.694670301
3726,0.667144114,0.670144114,0.699144114,0.690144114,0.688144114,0.809144114,0.747144114,0.750144114,0.751144114,0.788144114
3727,0.71663769,0.75163769,0.75863769,0.78363769,0.76663769,0.77863769,0.75663769,0.72763769,0.72963769,0.77763769
3728,0.676141772,0.706141772,0.716141772,0.698141772,0.718141772,0.729141772,0.738141772,0.729141772,0.717141772,0.730141772
3729,0.652822923,0.705822923,0.749822923,0.666822923,0.696822923,0.746822923,0.672822923,0.667822923,0.685822923,0.718822923
3730,0.752310275,0.712310275,0.762310275,0.726310275,0.736310275,0.809310275,0.776310275,0.764310275,0.785310275,0.799310275
3731,0.725566689,0.737566689,0.783566689,0.762566689,0.726566689,0.812566689,0.786566689,0.813566689,0.804566689,0.779566689
3732,0.669628362,0.744628362,0.731628362,0.772628362,0.750628362,0.755628362,0.710628362,0.727628362,0.724628362,0.741628362
3733,0.636903818,0.684903818,0.743903818,0.703903818,0.697903818,0.694903818,0.711903818,0.683903818,0.670903818,0.656903818
3734,0.610372245,0.626372245,0.609372245,0.684372245,0.637372245,0.683372245,0.686372245,0.676372245,0.666372245,0.734372245
3735,0.469753883,0.499753883,0.530753883,0.552753883,0.580753883,0.539753883,0.532753883,0.521753883,0.533753883,0.532753883
3736,0.407213864,0.381213864,0.394213864,0.363213864,0.444213864,0.525213864,0.501213864,0.502213864,0.474213864,0.511213864
3737,0.574683881,0.622683881,0.612683881,0.615683881,0.627683881,0.641683881,0.632683881,0.649683881,0.588683881,0.655683881
3738,0.587008731,0.565008731,0.646008731,0.579008731,0.638008731,0.673008731,0.643008731,0.648008731,0.628008731,0.653008731
3739,0.569200281,0.595200281,0.558200281,0.608200281,0.581200281,0.671200281,0.619200281,0.663200281,0.654200281,0.649200281
3740,0.580642282,0.568642282,0.638642282,0.634642282,0.657642282,0.604642282,0.623642282,0.661642282,0.607642282,0.620642282
3741,0.624938772,0.694938772,0.677938772,0.583938772,0.688938772,0.715938772,0.676938772,0.718938772,0.683938772,0.666938772
3742,0.906302603,0.971302603,1.005302603,0.963302603,0.978302603,0.972302603,0.935302603,0.948302603,0.948302603,0.991302603
3743,0.861426463,0.908426463,0.949426463,0.919426463,0.943426463,0.929426463,0.953426463,0.961426463,0.933426463,0.953426463
3744,0.588260565,0.594260565,0.615260565,0.672260565,0.604260565,0.657260565,0.642260565,0.640260565,0.651260565,0.670260565
3745,0.741837575,0.805837575,0.777837575,0.795837575,0.834837575,0.828837575,0.804837575,0.827837575,0.812837575,0.795837575
3746,0.802776935,0.769776935,0.836776935,0.853776935,0.806776935,0.881776935,0.861776935,0.887776935,0.881776935,0.870776935
3747,0.571583402,0.646583402,0.619583402,0.647583402,0.635583402,0.679583402,0.657583402,0.638583402,0.661583402,0.672583402
3748,0.567115906,0.575115906,0.575115906,0.631115906,0.617115906,0.601115906,0.582115906,0.590115906,0.590115906,0.615115906
3749,0.729948265,0.765948265,0.764948265,0.771948265,0.785948265,0.834948265,0.806948265,0.817948265,0.758948265,0.827948265
3750,0.569501608,0.606501608,0.651501608,0.607501608,0.617501608,0.687501608,0.643501608,0.661501608,0.641501608,0.638501608
3751,0.665298422,0.650298422,0.712298422,0.664298422,0.661298422,0.747298422,0.713298422,0.701298422,0.691298422,0.710298422
3752,0.558287301,0.566287301,0.592287301,0.625287301,0.598287301,0.607287301,0.608287301,0.616287301,0.589287301,0.592287301
3753,0.729221503,0.684221503,0.768221503,0.754221503,0.768221503,0.829221503,0.810221503,0.814221503,0.790221503,0.786221503
3754,0.613943497,0.643943497,0.663943497,0.608943497,0.636943497,0.643943497,0.649943497,0.685943497,0.628943497,0.661943497
3755,0.682675921,0.715675921,0.699675921,0.677675921,0.661675921,0.768675921,0.740675921,0.740675921,0.714675921,0.743675921
3756,0.690652379,0.720652379,0.752652379,0.754652379,0.767652379,0.782652379,0.771652379,0.797652379,0.773652379,0.788652379
3757,0.907454268,0.943454268,0.946454268,0.992454268,1.002454268,0.974454268,0.979454268,0.996454268,0.985454268,0.975454268
3758,0.651748783,0.654748783,0.713748783,0.692748783,0.667748783,0.727748783,0.671748783,0.648748783,0.668748783,0.709748783
3759,0.638996593,0.655996593,0.730996593,0.703996593,0.686996593,0.687996593,0.657996593,0.682996593,0.683996593,0.662996593
3760,0.648241277,0.648241277,0.681241277,0.665241277,0.684241277,0.695241277,0.682241277,0.727241277,0.656241277,0.677241277
3761,0.701359369,0.690359369,0.722359369,0.701359369,0.741359369,0.783359369,0.784359369,0.778359369,0.763359369,0.785359369
3762,0.625846249,0.694846249,0.698846249,0.701846249,0.663846249,0.661846249,0.657846249,0.673846249,0.673846249,0.684846249
3763,0.63037098,0.64737098,0.64437098,0.66937098,0.66337098,0.70937098,0.70037098,0.71437098,0.69437098,0.71637098
3764,0.461140416,0.444140416,0.461140416,0.417140416,0.455140416,0.557140416,0.527140416,0.550140416,0.491140416,0.512140416
3765,0.676724946,0.691724946,0.752724946,0.711724946,0.691724946,0.776724946,0.749724946,0.725724946,0.762724946,0.752724946
3766,0.641204923,0.656204923,0.695204923,0.783204923,0.717204923,0.720204923,0.691204923,0.723204923,0.693204923,0.712204923
3767,0.674780869,0.717780869,0.740780869,0.776780869,0.720780869,0.736780869,0.741780869,0.769780869,0.702780869,0.747780869
3768,0.66541591,0.68441591,0.69241591,0.66941591,0.65941591,0.73741591,0.73941591,0.71341591,0.73241591,0.73041591
3769,0.707059552,0.756059552,0.788059552,0.742059552,0.810059552,0.803059552,0.753059552,0.792059552,0.785059552,0.750059552
3770,0.613635547,0.596635547,0.611635547,0.604635547,0.625635547,0.676635547,0.660635547,0.657635547,0.684635547,0.684635547
3771,0.56215576,0.61915576,0.55115576,0.56815576,0.63015576,0.59115576,0.59315576,0.60115576,0.61415576,0.58615576
3772,0.852483842,0.905483842,0.937483842,0.909483842,0.912483842,0.898483842,0.891483842,0.912483842,0.872483842,0.904483842
3773,0.935019866,0.913019866,0.917019866,0.970019866,0.930019866,1.015019866,0.981019866,0.985019866,0.997019866,1.000019866
3774,0.726666575,0.726666575,0.777666575,0.763666575,0.782666575,0.762666575,0.738666575,0.757666575,0.723666575,0.751666575
3775,0.652197476,0.761197476,0.700197476,0.743197476,0.778197476,0.759197476,0.684197476,0.718197476,0.686197476,0.688197476
3776,0.795793522,0.815793522,0.838793522,0.774793522,0.846793522,0.856793522,0.855793522,0.845793522,0.846793522,0.829793522
3777,0.824556645,0.877556645,0.962556645,0.949556645,0.935556645,0.851556645,0.837556645,0.835556645,0.839556645,0.863556645
3778,0.649474005,0.707474005,0.709474005,0.716474005,0.729474005,0.753474005,0.736474005,0.765474005,0.730474005,0.754474005
3779,0.558214969,0.631214969,0.666214969,0.626214969,0.672214969,0.610214969,0.616214969,0.610214969,0.609214969,0.635214969
3780,0.761755174,0.775755174,0.824755174,0.791755174,0.796755174,0.732755174,0.750755174,0.777755174,0.751755174,0.747755174
3781,0.676425151,0.664425151,0.715425151,0.696425151,0.722425151,0.724425151,0.680425151,0.707425151,0.718425151,0.705425151
3782,0.67452974,0.70152974,0.72852974,0.69852974,0.73552974,0.75252974,0.73652974,0.76952974,0.72452974,0.75952974
3783,0.523933332,0.495933332,0.555933332,0.519933332,0.545933332,0.590933332,0.585933332,0.601933332,0.553933332,0.583933332
3784,0.59170199,0.63970199,0.66970199,0.62670199,0.74970199,0.69170199,0.61870199,0.64970199,0.63770199,0.69570199
3785,0.963407254,1.033407254,1.062407254,1.027407254,1.042407254,1.055407254,1.000407254,1.047407254,1.023407254,1.024407254
3786,0.607993126,0.646993126,0.669993126,0.627993126,0.695993126,0.722993126,0.657993126,0.700993126,0.643993126,0.719993126
3787,0.623799872,0.652799872,0.658799872,0.698799872,0.680799872,0.668799872,0.645799872,0.628799872,0.654799872,0.642799872
3788,0.707057437,0.718057437,0.760057437,0.757057437,0.750057437,0.757057437,0.741057437,0.784057437,0.773057437,0.758057437
3789,0.584676478,0.591676478,0.612676478,0.582676478,0.681676478,0.632676478,0.614676478,0.593676478,0.611676478,0.593676478
3790,0.535305522,0.497305522,0.541305522,0.531305522,0.547305522,0.591305522,0.583305522,0.577305522,0.571305522,0.585305522
3791,0.6919072,0.7219072,0.8099072,0.7689072,0.7329072,0.7569072,0.7339072,0.7849072,0.7179072,0.7559072
3792,0.520508228,0.610508228,0.620508228,0.623508228,0.618508228,0.584508228,0.574508228,0.581508228,0.553508228,0.583508228
3793,0.605586766,0.632586766,0.653586766,0.688586766,0.636586766,0.719586766,0.665586766,0.679586766,0.648586766,0.667586766
3794,0.85266537,0.87666537,0.85666537,0.93266537,0.91866537,0.88066537,0.90766537,0.89766537,0.85466537,0.88266537
3795,0.639207035,0.666207035,0.675207035,0.706207035,0.707207035,0.739207035,0.730207035,0.692207035,0.669207035,0.694207035
3796,0.653130958,0.671130958,0.673130958,0.669130958,0.698130958,0.766130958,0.743130958,0.717130958,0.713130958,0.763130958
3797,0.792278326,0.817278326,0.818278326,0.801278326,0.821278326,0.871278326,0.820278326,0.843278326,0.832278326,0.863278326
3798,0.606144981,0.663144981,0.655144981,0.590144981,0.694144981,0.685144981,0.653144981,0.672144981,0.646144981,0.672144981
3799,0.690930538,0.712930538,0.739930538,0.750930538,0.787930538,0.762930538,0.723930538,0.692930538,0.700930538,0.734930538
3800,0.735749242,0.763749242,0.747749242,0.745749242,0.751749242,0.789749242,0.796749242,0.796749242,0.784749242,0.768749242
3801,0.68725899,0.69825899,0.72725899,0.75725899,0.74825899,0.77825899,0.73325899,0.75125899,0.73825899,0.73525899
3802,0.635625573,0.667625573,0.678625573,0.676625573,0.735625573,0.701625573,0.693625573,0.690625573,0.665625573,0.681625573
3803,0.593505776,0.668505776,0.621505776,0.665505776,0.694505776,0.647505776,0.640505776,0.604505776,0.634505776,0.640505776
3804,0.575880683,0.619880683,0.606880683,0.624880683,0.644880683,0.649880683,0.640880683,0.660880683,0.629880683,0.700880683
3805,0.639657994,0.595657994,0.666657994,0.652657994,0.674657994,0.751657994,0.736657994,0.756657994,0.704657994,0.746657994
3806,0.66250085,0.69650085,0.73550085,0.70750085,0.74850085,0.75750085,0.67650085,0.68050085,0.66850085,0.71650085
3807,0.50305883,0.56805883,0.55105883,0.52205883,0.57705883,0.58905883,0.54205883,0.56305883,0.51205883,0.56505883
3808,0.527811279,0.531811279,0.539811279,0.523811279,0.562811279,0.571811279,0.549811279,0.561811279,0.561811279,0.549811279
3809,0.690613503,0.735613503,0.737613503,0.702613503,0.745613503,0.770613503,0.747613503,0.742613503,0.732613503,0.781613503
3810,0.709603947,0.739603947,0.744603947,0.715603947,0.746603947,0.790603947,0.811603947,0.845603947,0.800603947,0.813603947
3811,0.71271156,0.78371156,0.80471156,0.86171156,0.79871156,0.74771156,0.75971156,0.76871156,0.75671156,0.77971156
3812,0.831479384,0.893479384,0.912479384,0.936479384,0.922479384,0.867479384,0.843479384,0.866479384,0.837479384,0.856479384
3813,0.61189721,0.62689721,0.59589721,0.61389721,0.62689721,0.62289721,0.64689721,0.64689721,0.61389721,0.63689721
3814,0.467988153,0.476988153,0.469988153,0.473988153,0.531988153,0.560988153,0.529988153,0.486988153,0.478988153,0.541988153
3815,0.784025023,0.839025023,0.857025023,0.835025023,0.807025023,0.854025023,0.872025023,0.896025023,0.853025023,0.908025023
3816,0.647194149,0.634194149,0.609194149,0.625194149,0.683194149,0.762194149,0.710194149,0.740194149,0.718194149,0.750194149
3817,0.537207909,0.522207909,0.546207909,0.536207909,0.555207909,0.627207909,0.567207909,0.597207909,0.572207909,0.578207909
3818,0.405779646,0.425779646,0.481779646,0.468779646,0.473779646,0.515779646,0.485779646,0.494779646,0.452779646,0.495779646
3819,0.545029509,0.579029509,0.600029509,0.568029509,0.600029509,0.616029509,0.586029509,0.678029509,0.574029509,0.642029509
3820,0.663901804,0.703901804,0.667901804,0.711901804,0.705901804,0.733901804,0.712901804,0.732901804,0.705901804,0.712901804
3821,0.791263616,0.792263616,0.868263616,0.825263616,0.861263616,0.867263616,0.815263616,0.860263616,0.854263616,0.857263616
3822,0.549376626,0.564376626,0.650376626,0.607376626,0.588376626,0.619376626,0.616376626,0.631376626,0.608376626,0.624376626
3823,0.802629184,0.810629184,0.813629184,0.799629184,0.820629184,0.897629184,0.879629184,0.858629184,0.868629184,0.877629184
3824,0.586749739,0.647749739,0.633749739,0.652749739,0.638749739,0.658749739,0.621749739,0.634749739,0.622749739,0.662749739
3825,0.571883139,0.574883139,0.616883139,0.556883139,0.616883139,0.638883139,0.634883139,0.668883139,0.653883139,0.674883139
3826,0.607551577,0.695551577,0.642551577,0.718551577,0.710551577,0.706551577,0.653551577,0.678551577,0.656551577,0.694551577
3827,0.65111592,0.72911592,0.69911592,0.70611592,0.71411592,0.68211592,0.68711592,0.69711592,0.67911592,0.69411592
3828,0.621487448,0.684487448,0.652487448,0.643487448,0.690487448,0.671487448,0.666487448,0.694487448,0.660487448,0.658487448
3829,0.553973699,0.552973699,0.576973699,0.564973699,0.602973699,0.638973699,0.632973699,0.612973699,0.614973699,0.620973699
3830,0.476438991,0.498438991,0.534438991,0.484438991,0.523438991,0.511438991,0.501438991,0.515438991,0.516438991,0.513438991
3831,0.683950706,0.713950706,0.718950706,0.697950706,0.720950706,0.757950706,0.701950706,0.736950706,0.711950706,0.711950706
3832,0.589199959,0.613199959,0.684199959,0.632199959,0.636199959,0.665199959,0.636199959,0.670199959,0.631199959,0.637199959
3833,0.771073934,0.761073934,0.802073934,0.749073934,0.783073934,0.870073934,0.852073934,0.832073934,0.835073934,0.868073934
3834,0.731083223,0.697083223,0.778083223,0.788083223,0.796083223,0.787083223,0.791083223,0.791083223,0.775083223,0.807083223
3835,0.527055265,0.563055265,0.637055265,0.587055265,0.607055265,0.612055265,0.579055265,0.585055265,0.595055265,0.617055265
3836,0.687585599,0.634585599,0.669585599,0.645585599,0.670585599,0.744585599,0.746585599,0.768585599,0.727585599,0.739585599
3837,0.730377863,0.750377863,0.791377863,0.766377863,0.799377863,0.788377863,0.758377863,0.786377863,0.770377863,0.784377863
3838,0.622026027,0.645026027,0.698026027,0.633026027,0.676026027,0.700026027,0.687026027,0.679026027,0.685026027,0.704026027
3839,0.617540946,0.641540946,0.644540946,0.614540946,0.642540946,0.677540946,0.676540946,0.693540946,0.660540946,0.663540946
3840,0.57157892,0.57757892,0.61257892,0.66057892,0.67057892,0.61357892,0.62257892,0.62457892,0.63457892,0.62957892
3841,0.763177283,0.807177283,0.883177283,0.849177283,0.818177283,0.863177283,0.809177283,0.807177283,0.788177283,0.839177283
3842,0.863833656,0.880833656,0.920833656,0.896833656,0.933833656,0.927833656,0.923833656,0.942833656,0.937833656,0.924833656
3843,0.548362287,0.584362287,0.604362287,0.599362287,0.609362287,0.629362287,0.617362287,0.619362287,0.614362287,0.608362287
3844,0.828260234,0.873260234,0.850260234,0.870260234,0.848260234,0.895260234,0.877260234,0.880260234,0.877260234,0.896260234
3845,0.708713822,0.771713822,0.785713822,0.811713822,0.776713822,0.792713822,0.761713822,0.763713822,0.750713822,0.750713822
3846,0.632805011,0.704805011,0.713805011,0.706805011,0.715805011,0.730805011,0.705805011,0.704805011,0.671805011,0.687805011
3847,0.634285359,0.620285359,0.665285359,0.616285359,0.608285359,0.699285359,0.688285359,0.729285359,0.649285359,0.687285359
3848,0.677605045,0.704605045,0.698605045,0.703605045,0.712605045,0.729605045,0.742605045,0.718605045,0.725605045,0.758605045
3849,0.619690666,0.674690666,0.652690666,0.650690666,0.661690666,0.727690666,0.718690666,0.717690666,0.712690666,0.721690666
3850,0.608949313,0.658949313,0.677949313,0.625949313,0.694949313,0.729949313,0.690949313,0.673949313,0.683949313,0.679949313
3851,0.507869577,0.495869577,0.543869577,0.517869577,0.512869577,0.602869577,0.594869577,0.600869577,0.580869577,0.607869577
3852,0.600103661,0.604103661,0.666103661,0.660103661,0.659103661,0.666103661,0.644103661,0.675103661,0.659103661,0.669103661
3853,0.51895616,0.53395616,0.57595616,0.56395616,0.57795616,0.58795616,0.58095616,0.59695616,0.56995616,0.58895616
3854,0.625542345,0.689542345,0.683542345,0.665542345,0.720542345,0.667542345,0.676542345,0.698542345,0.650542345,0.633542345
3855,0.546997987,0.555997987,0.570997987,0.584997987,0.622997987,0.616997987,0.581997987,0.593997987,0.577997987,0.597997987
3856,0.893448617,0.901448617,0.978448617,0.961448617,1.004448617,0.931448617,0.883448617,0.929448617,0.925448617,0.912448617
3857,0.581541617,0.641541617,0.659541617,0.638541617,0.672541617,0.703541617,0.643541617,0.662541617,0.674541617,0.659541617
3858,0.643919975,0.668919975,0.691919975,0.701919975,0.737919975,0.674919975,0.689919975,0.689919975,0.687919975,0.714919975
3859,0.603243427,0.653243427,0.642243427,0.625243427,0.643243427,0.691243427,0.630243427,0.660243427,0.644243427,0.684243427
3860,0.680483298,0.720483298,0.662483298,0.710483298,0.731483298,0.797483298,0.792483298,0.766483298,0.785483298,0.787483298
3861,0.496621931,0.523621931,0.563621931,0.521621931,0.510621931,0.585621931,0.579621931,0.562621931,0.559621931,0.573621931
3862,0.65639948,0.71339948,0.75539948,0.72139948,0.71639948,0.76539948,0.73039948,0.72539948,0.75039948,0.76239948
3863,0.551625795,0.594625795,0.631625795,0.600625795,0.706625795,0.618625795,0.613625795,0.626625795,0.623625795,0.618625795
3864,0.598507024,0.661507024,0.634507024,0.698507024,0.674507024,0.668507024,0.638507024,0.663507024,0.629507024,0.669507024
3865,0.552827528,0.527827528,0.591827528,0.596827528,0.579827528,0.604827528,0.581827528,0.590827528,0.605827528,0.603827528
3866,0.465013385,0.464013385,0.515013385,0.506013385,0.555013385,0.580013385,0.535013385,0.566013385,0.527013385,0.561013385
3867,0.650371444,0.707371444,0.733371444,0.684371444,0.700371444,0.772371444,0.707371444,0.724371444,0.718371444,0.733371444
3868,0.841475326,0.845475326,0.857475326,0.880475326,0.888475326,0.956475326,0.929475326,0.931475326,0.879475326,0.949475326
3869,0.630458906,0.673458906,0.660458906,0.637458906,0.638458906,0.671458906,0.644458906,0.695458906,0.667458906,0.683458906
3870,0.684709581,0.665709581,0.708709581,0.677709581,0.687709581,0.713709581,0.713709581,0.754709581,0.740709581,0.715709581
3871,0.642358905,0.714358905,0.778358905,0.735358905,0.731358905,0.757358905,0.722358905,0.746358905,0.734358905,0.748358905
3872,0.536970723,0.560970723,0.579970723,0.559970723,0.608970723,0.571970723,0.524970723,0.538970723,0.570970723,0.516970723
3873,0.611860226,0.644860226,0.641860226,0.605860226,0.690860226,0.730860226,0.695860226,0.704860226,0.689860226,0.680860226
3874,0.677584015,0.707584015,0.716584015,0.722584015,0.735584015,0.747584015,0.735584015,0.742584015,0.742584015,0.746584015
3875,0.730563848,0.714563848,0.727563848,0.744563848,0.771563848,0.786563848,0.732563848,0.789563848,0.718563848,0.760563848
3876,0.737072512,0.752072512,0.792072512,0.775072512,0.844072512,0.807072512,0.779072512,0.782072512,0.768072512,0.812072512
3877,0.656939361,0.686939361,0.687939361,0.719939361,0.725939361,0.757939361,0.711939361,0.741939361,0.720939361,0.740939361
3878,0.540526615,0.619526615,0.655526615,0.604526615,0.653526615,0.562526615,0.580526615,0.610526615,0.595526615,0.631526615
3879,0.520059064,0.542059064,0.584059064,0.577059064,0.635059064,0.581059064,0.563059064,0.579059064,0.562059064,0.574059064
3880,0.751747226,0.784747226,0.772747226,0.782747226,0.773747226,0.821747226,0.802747226,0.818747226,0.797747226,0.843747226
3881,0.7679808,0.7789808,0.8879808,0.8529808,0.8699808,0.8609808,0.8319808,0.8379808,0.8259808,0.8299808
3882,0.735795452,0.731795452,0.744795452,0.731795452,0.759795452,0.805795452,0.755795452,0.788795452,0.784795452,0.794795452
3883,0.63425151,0.62625151,0.70825151,0.60125151,0.67325151,0.69225151,0.66025151,0.66025151,0.66925151,0.68925151
3884,0.59165712,0.56065712,0.58765712,0.57065712,0.57365712,0.64165712,0.61565712,0.62965712,0.65965712,0.66165712
3885,0.704711338,0.710711338,0.729711338,0.729711338,0.764711338,0.749711338,0.739711338,0.759711338,0.724711338,0.778711338
3886,0.548591891,0.562591891,0.584591891,0.585591891,0.575591891,0.629591891,0.574591891,0.597591891,0.555591891,0.588591891
3887,0.649186774,0.705186774,0.743186774,0.719186774,0.776186774,0.765186774,0.745186774,0.786186774,0.743186774,0.739186774
3888,0.688710248,0.707710248,0.766710248,0.750710248,0.750710248,0.742710248,0.747710248,0.752710248,0.743710248,0.768710248
3889,0.580035289,0.636035289,0.608035289,0.651035289,0.661035289,0.692035289,0.661035289,0.667035289,0.641035289,0.639035289
3890,0.702459316,0.750459316,0.787459316,0.727459316,0.787459316,0.802459316,0.767459316,0.781459316,0.788459316,0.794459316
3891,0.601841603,0.611841603,0.636841603,0.565841603,0.636841603,0.662841603,0.645841603,0.687841603,0.647841603,0.670841603
3892,0.69290609,0.72390609,0.77890609,0.76090609,0.78490609,0.74990609,0.72090609,0.70590609,0.71290609,0.72090609
3893,0.707466009,0.730466009,0.772466009,0.758466009,0.728466009,0.755466009,0.763466009,0.779466009,0.752466009,0.790466009
3894,0.501665014,0.476665014,0.479665014,0.523665014,0.534665014,0.587665014,0.537665014,0.566665014,0.566665014,0.558665014
3895,0.647035262,0.640035262,0.633035262,0.650035262,0.667035262,0.733035262,0.706035262,0.703035262,0.691035262,0.669035262
3896,0.632084454,0.668084454,0.741084454,0.667084454,0.729084454,0.692084454,0.692084454,0.696084454,0.679084454,0.716084454
3897,0.621611009,0.732611009,0.672611009,0.666611009,0.738611009,0.696611009,0.668611009,0.706611009,0.667611009,0.692611009
3898,0.750326059,0.768326059,0.786326059,0.778326059,0.821326059,0.810326059,0.802326059,0.814326059,0.794326059,0.800326059
3899,0.685725499,0.770725499,0.783725499,0.759725499,0.816725499,0.777725499,0.719725499,0.770725499,0.745725499,0.744725499
3900,0.678174658,0.684174658,0.714174658,0.725174658,0.737174658,0.734174658,0.702174658,0.702174658,0.694174658,0.739174658
3901,0.606017967,0.578017967,0.607017967,0.599017967,0.628017967,0.664017967,0.670017967,0.676017967,0.692017967,0.682017967
3902,0.517509981,0.559509981,0.551509981,0.547509981,0.586509981,0.586509981,0.588509981,0.593509981,0.578509981,0.574509981
3903,0.748285786,0.736285786,0.824285786,0.790285786,0.833285786,0.822285786,0.783285786,0.795285786,0.779285786,0.792285786
3904,0.486775797,0.498775797,0.549775797,0.540775797,0.585775797,0.550775797,0.515775797,0.539775797,0.508775797,0.533775797
3905,0.789293713,0.798293713,0.827293713,0.775293713,0.813293713,0.898293713,0.873293713,0.840293713,0.825293713,0.896293713
3906,0.788648759,0.803648759,0.814648759,0.826648759,0.825648759,0.859648759,0.845648759,0.872648759,0.831648759,0.850648759
3907,1.045462937,1.065462937,1.106462937,1.110462937,1.110462937,1.099462937,1.086462937,1.109462937,1.082462937,1.094462937
3908,0.659519571,0.674519571,0.685519571,0.715519571,0.725519571,0.701519571,0.708519571,0.715519571,0.674519571,0.703519571
3909,0.535806809,0.610806809,0.594806809,0.599806809,0.626806809,0.669806809,0.588806809,0.615806809,0.623806809,0.636806809
3910,0.671933516,0.628933516,0.704933516,0.697933516,0.674933516,0.746933516,0.755933516,0.735933516,0.752933516,0.743933516
3911,0.618334792,0.664334792,0.663334792,0.625334792,0.668334792,0.677334792,0.679334792,0.705334792,0.637334792,0.674334792
3912,0.754271217,0.799271217,0.808271217,0.808271217,0.793271217,0.821271217,0.817271217,0.836271217,0.795271217,0.781271217
3913,0.548840185,0.601840185,0.573840185,0.623840185,0.583840185,0.671840185,0.617840185,0.630840185,0.648840185,0.667840185
3914,0.533979436,0.567979436,0.588979436,0.561979436,0.614979436,0.614979436,0.582979436,0.580979436,0.569979436,0.587979436
3915,0.715735898,0.705735898,0.749735898,0.782735898,0.744735898,0.804735898,0.772735898,0.793735898,0.778735898,0.800735898
3916,0.691048397,0.695048397,0.693048397,0.664048397,0.730048397,0.788048397,0.729048397,0.743048397,0.735048397,0.735048397
3917,0.723485293,0.766485293,0.771485293,0.768485293,0.781485293,0.785485293,0.793485293,0.776485293,0.778485293,0.747485293
3918,0.676136477,0.698136477,0.684136477,0.721136477,0.696136477,0.729136477,0.705136477,0.704136477,0.692136477,0.687136477
3919,0.631369983,0.671369983,0.665369983,0.659369983,0.675369983,0.677369983,0.677369983,0.656369983,0.680369983,0.667369983
3920,0.720927586,0.717927586,0.779927586,0.707927586,0.758927586,0.783927586,0.797927586,0.806927586,0.796927586,0.777927586
3921,0.685031256,0.753031256,0.755031256,0.737031256,0.780031256,0.746031256,0.729031256,0.755031256,0.731031256,0.743031256
3922,0.662105247,0.749105247,0.695105247,0.735105247,0.740105247,0.753105247,0.700105247,0.748105247,0.725105247,0.745105247
3923,0.634009115,0.629009115,0.683009115,0.643009115,0.686009115,0.672009115,0.658009115,0.679009115,0.658009115,0.697009115
3924,0.745470413,0.803470413,0.840470413,0.853470413,0.813470413,0.831470413,0.805470413,0.842470413,0.809470413,0.795470413
3925,0.661726799,0.660726799,0.661726799,0.646726799,0.649726799,0.736726799,0.744726799,0.710726799,0.725726799,0.713726799
3926,0.490266624,0.477266624,0.508266624,0.501266624,0.493266624,0.571266624,0.553266624,0.578266624,0.569266624,0.591266624
3927,0.596701448,0.662701448,0.684701448,0.643701448,0.671701448,0.687701448,0.668701448,0.672701448,0.696701448,0.680701448
3928,0.560956737,0.574956737,0.571956737,0.543956737,0.565956737,0.637956737,0.603956737,0.626956737,0.615956737,0.632956737
3929,0.645800752,0.671800752,0.687800752,0.682800752,0.767800752,0.698800752,0.708800752,0.657800752,0.689800752,0.690800752
3930,0.61785128,0.63685128,0.65885128,0.64885128,0.63485128,0.73985128,0.73785128,0.68885128,0.68585128,0.73085128
3931,0.61840809,0.62240809,0.65640809,0.68240809,0.67940809,0.70440809,0.71840809,0.71240809,0.69440809,0.70140809
3932,0.650511799,0.634511799,0.659511799,0.679511799,0.678511799,0.752511799,0.751511799,0.766511799,0.718511799,0.758511799
3933,0.565088778,0.585088778,0.591088778,0.607088778,0.599088778,0.635088778,0.601088778,0.601088778,0.602088778,0.622088778
3934,0.708314843,0.747314843,0.766314843,0.754314843,0.709314843,0.761314843,0.715314843,0.747314843,0.718314843,0.775314843
3935,0.582950277,0.557950277,0.637950277,0.565950277,0.605950277,0.632950277,0.631950277,0.638950277,0.643950277,0.637950277
3936,0.616661615,0.627661615,0.660661615,0.662661615,0.625661615,0.701661615,0.665661615,0.696661615,0.681661615,0.709661615
3937,0.608549462,0.655549462,0.632549462,0.710549462,0.708549462,0.646549462,0.702549462,0.674549462,0.658549462,0.659549462
3938,0.915001291,0.919001291,0.944001291,0.914001291,0.959001291,1.015001291,0.998001291,0.971001291,0.960001291,1.015001291
3939,0.760753927,0.771753927,0.806753927,0.806753927,0.862753927,0.805753927,0.825753927,0.844753927,0.819753927,0.818753927
3940,0.582663819,0.633663819,0.622663819,0.642663819,0.624663819,0.659663819,0.648663819,0.667663819,0.617663819,0.663663819
3941,0.76456076,0.83156076,0.80056076,0.80556076,0.86656076,0.84656076,0.85856076,0.85056076,0.82256076,0.83756076
3942,0.842870598,0.847870598,0.928870598,0.873870598,0.897870598,0.890870598,0.915870598,0.904870598,0.920870598,0.936870598
3943,0.661824993,0.684824993,0.675824993,0.704824993,0.700824993,0.726824993,0.693824993,0.720824993,0.736824993,0.739824993
3944,0.969031185,1.030031185,1.025031185,1.010031185,1.023031185,1.077031185,1.045031185,1.046031185,1.039031185,1.034031185
3945,0.811883482,0.839883482,0.818883482,0.839883482,0.854883482,0.902883482,0.890883482,0.895883482,0.899883482,0.899883482
3946,0.77667783,0.74967783,0.82767783,0.77467783,0.78567783,0.82967783,0.81367783,0.81367783,0.81367783,0.82367783
3947,0.592368647,0.590368647,0.649368647,0.624368647,0.681368647,0.657368647,0.612368647,0.645368647,0.645368647,0.636368647
3948,0.675630822,0.700630822,0.755630822,0.706630822,0.755630822,0.726630822,0.725630822,0.673630822,0.699630822,0.723630822
3949,0.707830292,0.706830292,0.727830292,0.677830292,0.767830292,0.773830292,0.766830292,0.801830292,0.793830292,0.785830292
3950,0.712776271,0.725776271,0.744776271,0.743776271,0.750776271,0.794776271,0.726776271,0.764776271,0.759776271,0.778776271
3951,0.749653198,0.764653198,0.818653198,0.820653198,0.837653198,0.826653198,0.822653198,0.847653198,0.813653198,0.840653198
3952,0.561058916,0.642058916,0.600058916,0.585058916,0.568058916,0.614058916,0.635058916,0.592058916,0.634058916,0.669058916
3953,0.528599428,0.612599428,0.585599428,0.571599428,0.610599428,0.620599428,0.572599428,0.568599428,0.571599428,0.583599428
3954,0.577437804,0.562437804,0.607437804,0.643437804,0.615437804,0.667437804,0.637437804,0.655437804,0.614437804,0.666437804
3955,0.670709422,0.674709422,0.731709422,0.691709422,0.712709422,0.716709422,0.697709422,0.701709422,0.676709422,0.690709422
3956,0.627928187,0.726928187,0.736928187,0.692928187,0.728928187,0.679928187,0.683928187,0.703928187,0.693928187,0.714928187
3957,0.625526245,0.664526245,0.697526245,0.698526245,0.716526245,0.694526245,0.670526245,0.691526245,0.681526245,0.698526245
3958,0.655810561,0.700810561,0.702810561,0.668810561,0.732810561,0.736810561,0.688810561,0.699810561,0.649810561,0.723810561
3959,0.669652028,0.799652028,0.825652028,0.814652028,0.799652028,0.746652028,0.765652028,0.731652028,0.732652028,0.724652028
3960,0.610842387,0.600842387,0.732842387,0.668842387,0.688842387,0.631842387,0.643842387,0.652842387,0.638842387,0.666842387
3961,0.731552295,0.785552295,0.787552295,0.782552295,0.783552295,0.840552295,0.798552295,0.837552295,0.798552295,0.818552295
3962,0.768607304,0.791607304,0.828607304,0.810607304,0.837607304,0.859607304,0.841607304,0.864607304,0.857607304,0.853607304
3963,0.440297032,0.508297032,0.488297032,0.506297032,0.532297032,0.509297032,0.524297032,0.520297032,0.502297032,0.529297032
3964,0.616459828,0.611459828,0.614459828,0.624459828,0.650459828,0.692459828,0.688459828,0.703459828,0.665459828,0.650459828
3965,0.591432085,0.608432085,0.677432085,0.599432085,0.704432085,0.634432085,0.604432085,0.641432085,0.629432085,0.603432085
3966,0.644284719,0.655284719,0.703284719,0.713284719,0.698284719,0.702284719,0.685284719,0.707284719,0.690284719,0.693284719
3967,0.653673889,0.693673889,0.672673889,0.686673889,0.701673889,0.706673889,0.701673889,0.679673889,0.659673889,0.668673889
3968,0.632664189,0.707664189,0.662664189,0.691664189,0.661664189,0.696664189,0.649664189,0.652664189,0.647664189,0.715664189
3969,0.568037705,0.560037705,0.618037705,0.567037705,0.581037705,0.644037705,0.618037705,0.651037705,0.637037705,0.642037705
3970,0.474185441,0.505185441,0.560185441,0.573185441,0.558185441,0.592185441,0.562185441,0.555185441,0.537185441,0.544185441
3971,0.62030924,0.67730924,0.61430924,0.67530924,0.67630924,0.70630924,0.64630924,0.67230924,0.63230924,0.66230924
3972,0.624283739,0.666283739,0.698283739,0.715283739,0.708283739,0.717283739,0.670283739,0.709283739,0.677283739,0.736283739
3973,0.498595666,0.499595666,0.522595666,0.512595666,0.561595666,0.603595666,0.574595666,0.569595666,0.567595666,0.588595666
3974,0.707946254,0.679946254,0.707946254,0.744946254,0.745946254,0.781946254,0.781946254,0.770946254,0.761946254,0.800946254
3975,0.808109891,0.785109891,0.844109891,0.823109891,0.849109891,0.911109891,0.917109891,0.879109891,0.908109891,0.874109891
3976,0.712050289,0.654050289,0.713050289,0.720050289,0.748050289,0.783050289,0.801050289,0.722050289,0.741050289,0.733050289
3977,0.594014226,0.588014226,0.658014226,0.586014226,0.716014226,0.684014226,0.651014226,0.706014226,0.660014226,0.679014226
3978,0.641080529,0.718080529,0.757080529,0.788080529,0.751080529,0.740080529,0.703080529,0.713080529,0.718080529,0.698080529
3979,0.625342476,0.673342476,0.724342476,0.653342476,0.677342476,0.695342476,0.647342476,0.673342476,0.654342476,0.694342476
3980,0.606218514,0.633218514,0.673218514,0.652218514,0.632218514,0.667218514,0.650218514,0.693218514,0.676218514,0.667218514
3981,0.91124731,0.95624731,0.94824731,0.94924731,0.99224731,1.00524731,0.96224731,0.97024731,0.94424731,0.97124731
3982,0.554970948,0.594970948,0.584970948,0.617970948,0.627970948,0.643970948,0.617970948,0.648970948,0.640970948,0.639970948
3983,0.821355887,0.832355887,0.842355887,0.876355887,0.866355887,0.895355887,0.836355887,0.890355887,0.852355887,0.873355887
3984,0.612152645,0.599152645,0.647152645,0.624152645,0.676152645,0.673152645,0.633152645,0.641152645,0.640152645,0.694152645
3985,0.543632295,0.607632295,0.583632295,0.594632295,0.581632295,0.631632295,0.608632295,0.621632295,0.622632295,0.630632295
3986,0.730869104,0.735869104,0.757869104,0.724869104,0.790869104,0.770869104,0.769869104,0.773869104,0.744869104,0.792869104
3987,0.599191177,0.653191177,0.680191177,0.697191177,0.677191177,0.713191177,0.649191177,0.688191177,0.653191177,0.683191177
3988,0.57052991,0.59152991,0.58452991,0.57352991,0.60752991,0.59852991,0.63552991,0.62652991,0.64952991,0.63552991
3989,0.485635451,0.551635451,0.539635451,0.527635451,0.475635451,0.537635451,0.515635451,0.496635451,0.518635451,0.544635451
3990,0.595259789,0.592259789,0.646259789,0.647259789,0.615259789,0.671259789,0.637259789,0.634259789,0.629259789,0.657259789
3991,0.682371818,0.697371818,0.719371818,0.683371818,0.707371818,0.778371818,0.747371818,0.753371818,0.699371818,0.760371818
3992,0.769464903,0.803464903,0.805464903,0.774464903,0.848464903,0.890464903,0.836464903,0.852464903,0.854464903,0.879464903
3993,0.611791514,0.650791514,0.633791514,0.665791514,0.675791514,0.707791514,0.688791514,0.732791514,0.677791514,0.664791514
3994,0.526120575,0.613120575,0.584120575,0.606120575,0.634120575,0.573120575,0.566120575,0.586120575,0.536120575,0.554120575
3995,0.53254784,0.53454784,0.53754784,0.52254784,0.57554784,0.59654784,0.61454784,0.62054784,0.57254784,0.61354784
3996,0.624629629,0.626629629,0.715629629,0.665629629,0.679629629,0.696629629,0.703629629,0.704629629,0.654629629,0.701629629
3997,0.67912563,0.70212563,0.77912563,0.68712563,0.75512563,0.75812563,0.72912563,0.76912563,0.72712563,0.73412563
3998,0.645033018,0.678033018,0.707033018,0.693033018,0.770033018,0.717033018,0.699033018,0.721033018,0.696033018,0.684033018
3999,0.579724066,0.668724066,0.624724066,0.661724066,0.619724066,0.639724066,0.611724066,0.664724066,0.587724066,0.596724066
4000,0.7424358,0.7924358,0.8304358,0.7864358,0.8364358,0.7934358,0.8184358,0.7894358,0.7904358,0.8334358
4001,0.545564558,0.517564558,0.590564558,0.601564558,0.546564558,0.612564558,0.580564558,0.586564558,0.602564558,0.608564558
4002,0.887110309,0.920110309,0.909110309,0.921110309,0.950110309,0.982110309,0.933110309,0.968110309,0.953110309,0.923110309
4003,0.664429613,0.689429613,0.678429613,0.704429613,0.674429613,0.701429613,0.712429613,0.693429613,0.696429613,0.716429613
4004,0.636440307,0.734440307,0.754440307,0.745440307,0.752440307,0.735440307,0.730440307,0.745440307,0.690440307,0.731440307
4005,0.799397773,0.802397773,0.805397773,0.820397773,0.853397773,0.850397773,0.832397773,0.849397773,0.822397773,0.861397773
4006,0.545036756,0.624036756,0.612036756,0.617036756,0.625036756,0.588036756,0.588036756,0.600036756,0.546036756,0.589036756
4007,0.651719794,0.693719794,0.719719794,0.750719794,0.718719794,0.742719794,0.714719794,0.733719794,0.718719794,0.685719794
4008,0.63669507,0.71869507,0.69769507,0.71969507,0.67369507,0.70069507,0.69269507,0.68569507,0.70069507,0.77269507
4009,0.52207131,0.56307131,0.57407131,0.55407131,0.62207131,0.61607131,0.60207131,0.59307131,0.56707131,0.62707131
4010,0.740409698,0.710409698,0.795409698,0.791409698,0.769409698,0.825409698,0.798409698,0.797409698,0.798409698,0.793409698
4011,0.587927352,0.621927352,0.610927352,0.615927352,0.697927352,0.683927352,0.628927352,0.653927352,0.633927352,0.660927352
4012,0.62196813,0.61396813,0.69296813,0.62996813,0.65496813,0.73096813,0.69296813,0.68796813,0.68696813,0.69096813
4013,0.605224203,0.623224203,0.579224203,0.578224203,0.659224203,0.665224203,0.657224203,0.674224203,0.636224203,0.633224203
4014,0.624804794,0.700804794,0.745804794,0.634804794,0.682804794,0.701804794,0.665804794,0.711804794,0.674804794,0.660804794
4015,0.616633604,0.647633604,0.683633604,0.620633604,0.669633604,0.735633604,0.671633604,0.654633604,0.648633604,0.681633604
4016,0.864304846,0.912304846,0.944304846,0.908304846,0.959304846,0.909304846,0.883304846,0.939304846,0.890304846,0.893304846
4017,0.575373648,0.573373648,0.634373648,0.594373648,0.661373648,0.648373648,0.623373648,0.660373648,0.630373648,0.667373648
4018,0.675117532,0.690117532,0.672117532,0.703117532,0.708117532,0.778117532,0.770117532,0.777117532,0.753117532,0.782117532
4019,0.599628202,0.654628202,0.647628202,0.652628202,0.646628202,0.701628202,0.656628202,0.690628202,0.667628202,0.672628202
4020,0.689504931,0.698504931,0.736504931,0.716504931,0.773504931,0.753504931,0.763504931,0.723504931,0.726504931,0.722504931
4021,0.5358154,0.5438154,0.5878154,0.5668154,0.5698154,0.6148154,0.6288154,0.6098154,0.5848154,0.6078154
4022,0.669024423,0.719024423,0.788024423,0.768024423,0.773024423,0.789024423,0.728024423,0.769024423,0.758024423,0.764024423
4023,0.640680558,0.636680558,0.720680558,0.671680558,0.731680558,0.744680558,0.723680558,0.700680558,0.715680558,0.725680558
4024,0.878123893,0.859123893,0.890123893,0.888123893,0.910123893,0.976123893,0.927123893,0.919123893,0.914123893,0.960123893
4025,0.53829363,0.52129363,0.55829363,0.56429363,0.54329363,0.65929363,0.61229363,0.62329363,0.61929363,0.61629363
4026,0.602895584,0.656895584,0.639895584,0.615895584,0.700895584,0.687895584,0.666895584,0.685895584,0.674895584,0.664895584
4027,0.581414897,0.620414897,0.647414897,0.631414897,0.643414897,0.675414897,0.665414897,0.702414897,0.658414897,0.672414897
4028,0.681816938,0.683816938,0.719816938,0.722816938,0.732816938,0.766816938,0.710816938,0.714816938,0.712816938,0.746816938
4029,0.670362471,0.693362471,0.710362471,0.680362471,0.749362471,0.779362471,0.717362471,0.703362471,0.735362471,0.748362471
4030,0.557644181,0.627644181,0.651644181,0.568644181,0.634644181,0.579644181,0.616644181,0.592644181,0.571644181,0.637644181
4031,0.509063445,0.579063445,0.553063445,0.572063445,0.572063445,0.593063445,0.526063445,0.570063445,0.571063445,0.575063445
4032,0.539468475,0.538468475,0.630468475,0.567468475,0.600468475,0.650468475,0.584468475,0.621468475,0.578468475,0.619468475
4033,0.636776067,0.743776067,0.720776067,0.718776067,0.733776067,0.738776067,0.716776067,0.691776067,0.673776067,0.666776067
4034,0.568907365,0.627907365,0.622907365,0.583907365,0.680907365,0.670907365,0.603907365,0.615907365,0.635907365,0.614907365
4035,0.940994128,0.912994128,0.957994128,0.963994128,1.000994128,0.980994128,0.985994128,0.999994128,0.976994128,1.018994128
4036,0.50330604,0.51030604,0.54030604,0.51130604,0.56030604,0.60030604,0.54830604,0.60630604,0.58530604,0.54430604
4037,0.67490393,0.76390393,0.75090393,0.74290393,0.76490393,0.74690393,0.73090393,0.77590393,0.75090393,0.75890393
4038,0.425664329,0.482664329,0.441664329,0.426664329,0.507664329,0.509664329,0.489664329,0.475664329,0.503664329,0.464664329
4039,0.753791125,0.705791125,0.777791125,0.743791125,0.784791125,0.860791125,0.833791125,0.878791125,0.839791125,0.834791125
4040,0.572448599,0.613448599,0.647448599,0.586448599,0.647448599,0.696448599,0.649448599,0.625448599,0.648448599,0.665448599
4041,0.859790804,0.888790804,0.927790804,0.838790804,0.895790804,0.903790804,0.876790804,0.937790804,0.864790804,0.902790804
4042,0.481340735,0.514340735,0.518340735,0.506340735,0.549340735,0.573340735,0.588340735,0.538340735,0.543340735,0.536340735
4043,0.581884765,0.635884765,0.636884765,0.626884765,0.675884765,0.684884765,0.637884765,0.655884765,0.653884765,0.687884765
4044,0.81795785,0.87695785,0.81895785,0.85895785,0.83695785,0.85795785,0.80395785,0.84395785,0.82395785,0.84495785
4045,0.626544596,0.673544596,0.739544596,0.676544596,0.743544596,0.664544596,0.650544596,0.655544596,0.647544596,0.677544596
4046,0.675206748,0.718206748,0.710206748,0.680206748,0.719206748,0.740206748,0.699206748,0.695206748,0.712206748,0.740206748
4047,0.655071771,0.651071771,0.673071771,0.686071771,0.695071771,0.753071771,0.738071771,0.739071771,0.683071771,0.731071771
4048,0.507191695,0.535191695,0.581191695,0.531191695,0.576191695,0.566191695,0.557191695,0.558191695,0.573191695,0.560191695
4049,0.811281862,0.855281862,0.877281862,0.866281862,0.873281862,0.922281862,0.911281862,0.897281862,0.909281862,0.886281862
4050,0.58162262,0.65462262,0.64462262,0.68362262,0.67162262,0.68162262,0.67862262,0.66762262,0.68462262,0.66562262
4051,0.590965976,0.617965976,0.631965976,0.569965976,0.638965976,0.601965976,0.603965976,0.596965976,0.580965976,0.617965976
4052,0.63706888,0.65506888,0.67506888,0.62906888,0.68306888,0.71506888,0.70106888,0.73006888,0.71606888,0.71606888
4053,0.677982219,0.664982219,0.748982219,0.695982219,0.737982219,0.734982219,0.694982219,0.740982219,0.715982219,0.730982219
4054,0.802512437,0.831512437,0.831512437,0.788512437,0.890512437,0.897512437,0.880512437,0.877512437,0.872512437,0.866512437
4055,0.544817136,0.562817136,0.602817136,0.565817136,0.611817136,0.626817136,0.615817136,0.604817136,0.615817136,0.657817136
4056,0.691851864,0.675851864,0.688851864,0.722851864,0.697851864,0.751851864,0.719851864,0.741851864,0.714851864,0.744851864
4057,0.687392684,0.747392684,0.729392684,0.750392684,0.769392684,0.825392684,0.778392684,0.783392684,0.776392684,0.771392684
4058,0.581350647,0.633350647,0.656350647,0.605350647,0.690350647,0.681350647,0.641350647,0.634350647,0.638350647,0.648350647
4059,0.715718764,0.729718764,0.721718764,0.766718764,0.769718764,0.732718764,0.723718764,0.751718764,0.725718764,0.732718764
4060,0.714488718,0.727488718,0.749488718,0.703488718,0.810488718,0.815488718,0.798488718,0.794488718,0.782488718,0.789488718
4061,0.484538658,0.512538658,0.514538658,0.527538658,0.553538658,0.598538658,0.549538658,0.570538658,0.517538658,0.571538658
4062,0.574415437,0.612415437,0.624415437,0.623415437,0.602415437,0.639415437,0.620415437,0.635415437,0.627415437,0.622415437
4063,0.713419934,0.736419934,0.721419934,0.731419934,0.749419934,0.792419934,0.735419934,0.779419934,0.762419934,0.776419934
4064,0.509336858,0.526336858,0.527336858,0.540336858,0.530336858,0.612336858,0.590336858,0.603336858,0.572336858,0.600336858
4065,0.562466855,0.542466855,0.593466855,0.606466855,0.644466855,0.619466855,0.647466855,0.644466855,0.631466855,0.636466855
4066,0.67769347,0.71769347,0.72369347,0.72169347,0.74469347,0.77569347,0.72169347,0.79369347,0.75869347,0.78769347
4067,0.73885381,0.73485381,0.77485381,0.70385381,0.79885381,0.81485381,0.79385381,0.80685381,0.83785381,0.81485381
4068,0.709257931,0.744257931,0.756257931,0.728257931,0.775257931,0.836257931,0.798257931,0.802257931,0.806257931,0.842257931
4069,0.953945298,1.046945298,1.078945298,1.045945298,1.084945298,1.054945298,1.035945298,1.033945298,1.013945298,1.015945298
4070,0.647458829,0.632458829,0.691458829,0.658458829,0.668458829,0.685458829,0.677458829,0.709458829,0.667458829,0.668458829
4071,0.528757103,0.542757103,0.569757103,0.532757103,0.599757103,0.650757103,0.611757103,0.645757103,0.632757103,0.602757103
4072,0.677641017,0.702641017,0.715641017,0.726641017,0.754641017,0.742641017,0.703641017,0.732641017,0.713641017,0.780641017
4073,0.770883724,0.765883724,0.761883724,0.812883724,0.836883724,0.829883724,0.796883724,0.793883724,0.802883724,0.849883724
4074,0.672586766,0.735586766,0.757586766,0.702586766,0.728586766,0.768586766,0.726586766,0.743586766,0.714586766,0.769586766
4075,0.659026461,0.668026461,0.733026461,0.693026461,0.698026461,0.747026461,0.746026461,0.718026461,0.758026461,0.754026461
4076,0.540477884,0.513477884,0.548477884,0.548477884,0.603477884,0.631477884,0.600477884,0.623477884,0.591477884,0.636477884
4077,0.807335066,0.882335066,0.899335066,0.901335066,0.900335066,0.891335066,0.883335066,0.903335066,0.850335066,0.905335066
4078,0.656149079,0.679149079,0.670149079,0.657149079,0.671149079,0.746149079,0.680149079,0.698149079,0.706149079,0.735149079
4079,0.501152671,0.572152671,0.518152671,0.555152671,0.535152671,0.558152671,0.544152671,0.561152671,0.516152671,0.569152671
4080,0.678190386,0.761190386,0.740190386,0.745190386,0.748190386,0.736190386,0.725190386,0.719190386,0.719190386,0.701190386
4081,0.42894861,0.50494861,0.47594861,0.50994861,0.47194861,0.53694861,0.48494861,0.47594861,0.51094861,0.48994861
4082,0.597612933,0.646612933,0.641612933,0.617612933,0.685612933,0.677612933,0.669612933,0.672612933,0.664612933,0.703612933
4083,0.739690825,0.825690825,0.776690825,0.776690825,0.815690825,0.836690825,0.771690825,0.790690825,0.780690825,0.821690825
4084,0.73052193,0.75252193,0.74952193,0.77252193,0.77952193,0.80252193,0.79252193,0.79852193,0.77652193,0.81252193
4085,0.542164668,0.564164668,0.541164668,0.592164668,0.605164668,0.660164668,0.628164668,0.643164668,0.616164668,0.634164668
4086,0.442864355,0.439864355,0.453864355,0.499864355,0.487864355,0.536864355,0.502864355,0.513864355,0.493864355,0.514864355
4087,0.481792979,0.515792979,0.513792979,0.522792979,0.536792979,0.557792979,0.526792979,0.542792979,0.529792979,0.584792979
4088,0.761905024,0.739905024,0.773905024,0.785905024,0.802905024,0.830905024,0.829905024,0.816905024,0.792905024,0.790905024
4089,0.610256817,0.645256817,0.699256817,0.663256817,0.677256817,0.723256817,0.678256817,0.694256817,0.673256817,0.682256817
4090,0.784753661,0.792753661,0.872753661,0.825753661,0.865753661,0.827753661,0.828753661,0.856753661,0.823753661,0.827753661
4091,0.671214517,0.668214517,0.706214517,0.710214517,0.724214517,0.725214517,0.697214517,0.737214517,0.722214517,0.714214517
4092,0.656904731,0.756904731,0.749904731,0.712904731,0.777904731,0.687904731,0.683904731,0.707904731,0.681904731,0.691904731
4093,0.753892018,0.816892018,0.768892018,0.768892018,0.807892018,0.830892018,0.805892018,0.837892018,0.788892018,0.818892018
4094,0.784159735,0.811159735,0.837159735,0.808159735,0.874159735,0.815159735,0.766159735,0.818159735,0.787159735,0.808159735
4095,0.683865256,0.672865256,0.696865256,0.678865256,0.699865256,0.737865256,0.737865256,0.759865256,0.719865256,0.740865256
4096,0.427767824,0.428767824,0.486767824,0.487767824,0.477767824,0.490767824,0.474767824,0.538767824,0.469767824,0.515767824
4097,0.898208932,0.987208932,0.962208932,0.936208932,0.968208932,0.999208932,0.940208932,0.952208932,0.948208932,0.992208932
4098,0.427515152,0.471515152,0.516515152,0.426515152,0.509515152,0.545515152,0.503515152,0.551515152,0.517515152,0.520515152
4099,0.844375865,0.859375865,0.856375865,0.821375865,0.858375865,0.918375865,0.909375865,0.953375865,0.907375865,0.940375865
4100,0.752523049,0.756523049,0.799523049,0.797523049,0.796523049,0.789523049,0.792523049,0.780523049,0.771523049,0.806523049
4101,0.778343564,0.784343564,0.817343564,0.804343564,0.826343564,0.815343564,0.812343564,0.812343564,0.793343564,0.804343564
4102,0.533221886,0.534221886,0.506221886,0.518221886,0.596221886,0.568221886,0.535221886,0.549221886,0.572221886,0.549221886
4103,0.54394437,0.53094437,0.59594437,0.56994437,0.62394437,0.64294437,0.57394437,0.60094437,0.63494437,0.60594437
4104,0.625429872,0.693429872,0.686429872,0.708429872,0.723429872,0.698429872,0.660429872,0.688429872,0.641429872,0.713429872
4105,0.522983346,0.555983346,0.553983346,0.558983346,0.598983346,0.581983346,0.560983346,0.546983346,0.557983346,0.582983346
4106,0.664486128,0.666486128,0.689486128,0.652486128,0.697486128,0.730486128,0.687486128,0.683486128,0.715486128,0.748486128
4107,0.500265875,0.510265875,0.516265875,0.547265875,0.553265875,0.578265875,0.535265875,0.547265875,0.530265875,0.548265875
4108,0.729833112,0.725833112,0.810833112,0.827833112,0.787833112,0.797833112,0.818833112,0.811833112,0.783833112,0.798833112
4109,0.552871377,0.567871377,0.592871377,0.556871377,0.618871377,0.631871377,0.603871377,0.631871377,0.591871377,0.625871377
4110,0.597794684,0.653794684,0.684794684,0.668794684,0.702794684,0.670794684,0.643794684,0.619794684,0.629794684,0.660794684
4111,0.663247611,0.652247611,0.703247611,0.712247611,0.689247611,0.754247611,0.717247611,0.729247611,0.740247611,0.776247611
4112,0.555467341,0.596467341,0.622467341,0.575467341,0.655467341,0.653467341,0.642467341,0.634467341,0.632467341,0.659467341
4113,0.57074239,0.61874239,0.62574239,0.61774239,0.62974239,0.66674239,0.60174239,0.63274239,0.61874239,0.65074239
4114,0.512960678,0.538960678,0.499960678,0.556960678,0.529960678,0.572960678,0.568960678,0.613960678,0.569960678,0.609960678
4115,0.748001496,0.778001496,0.786001496,0.769001496,0.828001496,0.833001496,0.825001496,0.847001496,0.845001496,0.798001496
4116,0.847866093,0.856866093,0.884866093,0.872866093,0.931866093,0.905866093,0.908866093,0.945866093,0.911866093,0.928866093
4117,0.516202303,0.580202303,0.575202303,0.537202303,0.586202303,0.600202303,0.572202303,0.589202303,0.570202303,0.587202303
4118,0.874370159,0.938370159,0.859370159,0.865370159,0.933370159,0.926370159,0.951370159,0.957370159,0.914370159,0.930370159
4119,0.579336679,0.629336679,0.663336679,0.648336679,0.649336679,0.683336679,0.624336679,0.623336679,0.596336679,0.649336679
4120,0.723804214,0.746804214,0.731804214,0.757804214,0.806804214,0.850804214,0.801804214,0.818804214,0.821804214,0.797804214
4121,0.850749137,0.835749137,0.874749137,0.844749137,0.823749137,0.916749137,0.907749137,0.943749137,0.907749137,0.908749137
4122,0.617521649,0.622521649,0.663521649,0.692521649,0.728521649,0.666521649,0.643521649,0.639521649,0.578521649,0.678521649
4123,0.915579302,0.924579302,0.975579302,0.928579302,0.994579302,0.985579302,0.970579302,0.981579302,0.957579302,0.945579302
4124,0.554040921,0.521040921,0.591040921,0.564040921,0.591040921,0.657040921,0.622040921,0.675040921,0.622040921,0.634040921
4125,0.689668863,0.770668863,0.780668863,0.783668863,0.780668863,0.769668863,0.773668863,0.752668863,0.746668863,0.746668863
4126,0.694842639,0.763842639,0.756842639,0.780842639,0.817842639,0.796842639,0.748842639,0.751842639,0.775842639,0.781842639
4127,0.709790981,0.738790981,0.766790981,0.748790981,0.773790981,0.796790981,0.767790981,0.779790981,0.753790981,0.766790981
4128,0.491699244,0.492699244,0.466699244,0.505699244,0.528699244,0.561699244,0.498699244,0.549699244,0.521699244,0.511699244
4129,0.620495699,0.645495699,0.651495699,0.668495699,0.691495699,0.719495699,0.695495699,0.713495699,0.699495699,0.712495699
4130,0.611138721,0.614138721,0.657138721,0.648138721,0.640138721,0.676138721,0.651138721,0.648138721,0.633138721,0.654138721
4131,0.618454616,0.660454616,0.702454616,0.711454616,0.678454616,0.711454616,0.673454616,0.650454616,0.653454616,0.698454616
4132,0.544707946,0.553707946,0.572707946,0.593707946,0.560707946,0.651707946,0.580707946,0.626707946,0.579707946,0.581707946
4133,0.652816589,0.756816589,0.685816589,0.724816589,0.760816589,0.739816589,0.709816589,0.733816589,0.696816589,0.713816589
4134,0.686884741,0.722884741,0.742884741,0.775884741,0.801884741,0.778884741,0.743884741,0.755884741,0.715884741,0.747884741
4135,0.701538618,0.731538618,0.763538618,0.729538618,0.745538618,0.777538618,0.752538618,0.765538618,0.754538618,0.766538618
4136,0.742939955,0.735939955,0.751939955,0.744939955,0.788939955,0.826939955,0.804939955,0.805939955,0.800939955,0.794939955
4137,0.575776599,0.594776599,0.609776599,0.585776599,0.643776599,0.642776599,0.633776599,0.666776599,0.651776599,0.672776599
4138,0.616574892,0.638574892,0.635574892,0.628574892,0.669574892,0.678574892,0.659574892,0.705574892,0.660574892,0.701574892
4139,0.641255475,0.664255475,0.687255475,0.676255475,0.700255475,0.702255475,0.675255475,0.725255475,0.659255475,0.646255475
4140,0.719226568,0.772226568,0.832226568,0.731226568,0.753226568,0.789226568,0.796226568,0.771226568,0.741226568,0.763226568
4141,0.546501361,0.539501361,0.612501361,0.567501361,0.606501361,0.650501361,0.618501361,0.609501361,0.604501361,0.653501361
4142,0.65448972,0.68748972,0.66248972,0.64648972,0.72748972,0.76148972,0.70348972,0.73748972,0.72348972,0.75648972
4143,0.672773969,0.711773969,0.715773969,0.740773969,0.725773969,0.729773969,0.756773969,0.722773969,0.751773969,0.752773969
4144,0.632875086,0.664875086,0.680875086,0.650875086,0.707875086,0.727875086,0.703875086,0.689875086,0.705875086,0.725875086
4145,0.605849731,0.660849731,0.635849731,0.645849731,0.658849731,0.655849731,0.649849731,0.645849731,0.631849731,0.619849731
4146,0.578984348,0.628984348,0.656984348,0.626984348,0.655984348,0.700984348,0.658984348,0.663984348,0.635984348,0.669984348
4147,0.810023546,0.866023546,0.921023546,0.828023546,0.890023546,0.849023546,0.843023546,0.851023546,0.862023546,0.867023546
4148,0.858382664,0.820382664,0.864382664,0.879382664,0.889382664,0.961382664,0.913382664,0.935382664,0.925382664,0.972382664
4149,0.631614585,0.633614585,0.703614585,0.673614585,0.702614585,0.672614585,0.669614585,0.672614585,0.657614585,0.681614585
4150,0.462573948,0.496573948,0.472573948,0.474573948,0.473573948,0.520573948,0.512573948,0.478573948,0.517573948,0.499573948
4151,0.430733413,0.431733413,0.475733413,0.438733413,0.501733413,0.505733413,0.463733413,0.490733413,0.463733413,0.479733413
4152,0.97930661,0.99130661,1.01230661,1.00730661,0.99530661,1.07730661,1.05930661,1.07830661,1.06430661,1.07330661
4153,0.577846807,0.622846807,0.681846807,0.644846807,0.669846807,0.629846807,0.636846807,0.642846807,0.641846807,0.661846807
4154,0.597945023,0.627945023,0.667945023,0.619945023,0.699945023,0.679945023,0.635945023,0.660945023,0.662945023,0.633945023
4155,0.705403719,0.747403719,0.806403719,0.797403719,0.796403719,0.727403719,0.711403719,0.724403719,0.715403719,0.712403719
4156,0.475175646,0.562175646,0.531175646,0.537175646,0.559175646,0.592175646,0.525175646,0.582175646,0.552175646,0.591175646
4157,0.731852641,0.849852641,0.796852641,0.774852641,0.800852641,0.742852641,0.763852641,0.765852641,0.724852641,0.753852641
4158,0.725765444,0.751765444,0.823765444,0.759765444,0.793765444,0.785765444,0.747765444,0.784765444,0.761765444,0.767765444
4159,0.73034346,0.74634346,0.78134346,0.74034346,0.80134346,0.80134346,0.78234346,0.78834346,0.75834346,0.76134346
4160,0.652997273,0.719997273,0.677997273,0.691997273,0.714997273,0.697997273,0.700997273,0.707997273,0.691997273,0.706997273
4161,0.735154297,0.771154297,0.827154297,0.777154297,0.811154297,0.814154297,0.772154297,0.813154297,0.777154297,0.807154297
4162,0.550790061,0.594790061,0.631790061,0.577790061,0.623790061,0.628790061,0.628790061,0.630790061,0.613790061,0.628790061
4163,0.644032409,0.688032409,0.692032409,0.697032409,0.785032409,0.722032409,0.669032409,0.708032409,0.672032409,0.705032409
4164,0.596974377,0.664974377,0.685974377,0.681974377,0.678974377,0.684974377,0.702974377,0.694974377,0.636974377,0.716974377
4165,0.828585197,0.850585197,0.876585197,0.860585197,0.911585197,0.895585197,0.890585197,0.909585197,0.876585197,0.901585197
4166,0.549526534,0.599526534,0.607526534,0.583526534,0.617526534,0.598526534,0.611526534,0.594526534,0.602526534,0.579526534
4167,0.752037425,0.765037425,0.783037425,0.800037425,0.818037425,0.857037425,0.805037425,0.852037425,0.811037425,0.809037425
4168,0.408944384,0.438944384,0.480944384,0.438944384,0.436944384,0.472944384,0.456944384,0.427944384,0.404944384,0.439944384
4169,0.694586197,0.728586197,0.709586197,0.711586197,0.754586197,0.748586197,0.696586197,0.704586197,0.728586197,0.747586197
4170,0.543359026,0.556359026,0.562359026,0.544359026,0.585359026,0.655359026,0.645359026,0.643359026,0.627359026,0.653359026
4171,0.771608775,0.764608775,0.810608775,0.756608775,0.767608775,0.842608775,0.802608775,0.834608775,0.801608775,0.818608775
4172,0.502009043,0.524009043,0.552009043,0.513009043,0.508009043,0.567009043,0.571009043,0.539009043,0.542009043,0.571009043
4173,0.755959911,0.739959911,0.774959911,0.743959911,0.811959911,0.826959911,0.804959911,0.806959911,0.760959911,0.810959911
4174,0.733926294,0.830926294,0.823926294,0.824926294,0.851926294,0.838926294,0.812926294,0.802926294,0.811926294,0.826926294
4175,0.550907126,0.611907126,0.631907126,0.615907126,0.639907126,0.683907126,0.621907126,0.632907126,0.618907126,0.670907126
4176,0.743785045,0.771785045,0.759785045,0.758785045,0.796785045,0.852785045,0.791785045,0.811785045,0.784785045,0.824785045
4177,0.660247284,0.667247284,0.647247284,0.656247284,0.692247284,0.765247284,0.689247284,0.739247284,0.684247284,0.732247284
4178,0.637425807,0.708425807,0.706425807,0.651425807,0.749425807,0.756425807,0.714425807,0.698425807,0.674425807,0.687425807
4179,0.620420638,0.595420638,0.632420638,0.648420638,0.637420638,0.688420638,0.646420638,0.670420638,0.687420638,0.681420638
4180,0.638276559,0.687276559,0.711276559,0.698276559,0.718276559,0.705276559,0.678276559,0.701276559,0.674276559,0.727276559
4181,0.604922487,0.643922487,0.681922487,0.662922487,0.651922487,0.697922487,0.670922487,0.676922487,0.664922487,0.653922487
4182,0.676244463,0.743244463,0.763244463,0.737244463,0.756244463,0.712244463,0.712244463,0.732244463,0.698244463,0.710244463
4183,0.781655947,0.867655947,0.876655947,0.904655947,0.882655947,0.845655947,0.796655947,0.859655947,0.806655947,0.837655947
4184,0.594215968,0.623215968,0.680215968,0.693215968,0.725215968,0.753215968,0.692215968,0.710215968,0.691215968,0.705215968
4185,0.904641769,0.921641769,0.952641769,0.966641769,1.040641769,0.968641769,0.979641769,0.952641769,0.950641769,0.974641769
4186,0.699381474,0.797381474,0.824381474,0.754381474,0.791381474,0.805381474,0.765381474,0.770381474,0.765381474,0.782381474
4187,0.842438271,0.907438271,0.906438271,0.869438271,0.914438271,0.943438271,0.898438271,0.944438271,0.901438271,0.926438271
4188,0.556929677,0.584929677,0.593929677,0.546929677,0.615929677,0.620929677,0.595929677,0.592929677,0.602929677,0.618929677
4189,0.94035509,0.93735509,1.00435509,0.93535509,1.01335509,0.97735509,0.94935509,0.99535509,0.95535509,0.99235509
4190,0.777387753,0.810387753,0.812387753,0.779387753,0.840387753,0.871387753,0.887387753,0.870387753,0.833387753,0.856387753
4191,0.538088518,0.573088518,0.526088518,0.611088518,0.585088518,0.649088518,0.611088518,0.633088518,0.623088518,0.621088518
4192,0.522238294,0.537238294,0.577238294,0.572238294,0.612238294,0.561238294,0.544238294,0.541238294,0.573238294,0.553238294
4193,0.68886558,0.74886558,0.78086558,0.74186558,0.74586558,0.74586558,0.72686558,0.71386558,0.71986558,0.71886558
4194,0.578178758,0.603178758,0.646178758,0.645178758,0.644178758,0.646178758,0.635178758,0.621178758,0.630178758,0.663178758
4195,0.653115426,0.624115426,0.635115426,0.605115426,0.630115426,0.688115426,0.715115426,0.743115426,0.732115426,0.745115426
4196,0.554171822,0.580171822,0.689171822,0.597171822,0.667171822,0.632171822,0.590171822,0.601171822,0.582171822,0.626171822
4197,0.606480819,0.654480819,0.654480819,0.658480819,0.691480819,0.677480819,0.622480819,0.623480819,0.633480819,0.669480819
4198,0.742515224,0.828515224,0.882515224,0.837515224,0.871515224,0.807515224,0.813515224,0.802515224,0.768515224,0.792515224
4199,0.791915252,0.806915252,0.838915252,0.825915252,0.869915252,0.892915252,0.824915252,0.817915252,0.835915252,0.878915252
4200,0.571969267,0.566969267,0.620969267,0.557969267,0.597969267,0.627969267,0.613969267,0.610969267,0.610969267,0.617969267
4201,0.653953338,0.699953338,0.740953338,0.705953338,0.742953338,0.763953338,0.685953338,0.715953338,0.705953338,0.717953338
4202,0.717615703,0.771615703,0.811615703,0.787615703,0.838615703,0.815615703,0.794615703,0.769615703,0.783615703,0.833615703
4203,0.562373778,0.604373778,0.596373778,0.592373778,0.602373778,0.639373778,0.617373778,0.617373778,0.597373778,0.632373778
4204,0.586598352,0.583598352,0.605598352,0.602598352,0.614598352,0.697598352,0.681598352,0.662598352,0.686598352,0.707598352
4205,0.641452395,0.670452395,0.741452395,0.717452395,0.720452395,0.736452395,0.751452395,0.751452395,0.723452395,0.771452395
4206,0.703514623,0.677514623,0.721514623,0.748514623,0.767514623,0.780514623,0.783514623,0.772514623,0.753514623,0.766514623
4207,0.575871041,0.596871041,0.644871041,0.627871041,0.646871041,0.659871041,0.617871041,0.650871041,0.607871041,0.669871041
4208,0.470620935,0.507620935,0.550620935,0.553620935,0.532620935,0.539620935,0.514620935,0.554620935,0.531620935,0.558620935
4209,0.608516388,0.646516388,0.649516388,0.710516388,0.642516388,0.702516388,0.654516388,0.691516388,0.646516388,0.684516388
4210,0.56789047,0.50489047,0.54389047,0.55389047,0.58089047,0.63889047,0.65189047,0.67589047,0.62889047,0.62289047
4211,0.642125501,0.625125501,0.710125501,0.701125501,0.701125501,0.779125501,0.734125501,0.704125501,0.733125501,0.742125501
4212,0.591763599,0.668763599,0.650763599,0.640763599,0.657763599,0.678763599,0.620763599,0.639763599,0.646763599,0.650763599
4213,0.705748252,0.759748252,0.838748252,0.755748252,0.790748252,0.752748252,0.747748252,0.743748252,0.757748252,0.738748252
4214,0.603343612,0.620343612,0.678343612,0.629343612,0.650343612,0.712343612,0.680343612,0.716343612,0.711343612,0.731343612
4215,0.613893377,0.670893377,0.682893377,0.628893377,0.714893377,0.721893377,0.696893377,0.699893377,0.675893377,0.700893377
4216,0.620966433,0.644966433,0.688966433,0.671966433,0.694966433,0.692966433,0.660966433,0.654966433,0.652966433,0.653966433
4217,0.717123181,0.802123181,0.778123181,0.782123181,0.840123181,0.795123181,0.758123181,0.786123181,0.744123181,0.794123181
4218,0.698033952,0.735033952,0.703033952,0.752033952,0.790033952,0.775033952,0.738033952,0.764033952,0.736033952,0.784033952
4219,0.651859131,0.644859131,0.673859131,0.651859131,0.656859131,0.739859131,0.739859131,0.755859131,0.711859131,0.744859131
4220,0.664113698,0.710113698,0.731113698,0.724113698,0.697113698,0.756113698,0.726113698,0.718113698,0.738113698,0.757113698
4221,0.499182321,0.577182321,0.581182321,0.571182321,0.613182321,0.532182321,0.506182321,0.490182321,0.498182321,0.528182321
4222,0.599057049,0.601057049,0.596057049,0.597057049,0.667057049,0.657057049,0.624057049,0.624057049,0.614057049,0.621057049
4223,0.627463459,0.661463459,0.671463459,0.639463459,0.663463459,0.715463459,0.674463459,0.681463459,0.684463459,0.686463459
4224,0.65371706,0.69771706,0.72971706,0.75771706,0.74671706,0.74471706,0.66571706,0.70271706,0.73271706,0.66571706
4225,0.618175571,0.651175571,0.642175571,0.621175571,0.639175571,0.705175571,0.639175571,0.681175571,0.654175571,0.701175571
4226,0.548132968,0.618132968,0.597132968,0.600132968,0.577132968,0.640132968,0.610132968,0.640132968,0.620132968,0.645132968
4227,0.641572495,0.674572495,0.670572495,0.657572495,0.714572495,0.715572495,0.718572495,0.746572495,0.705572495,0.707572495
4228,0.837353225,0.846353225,0.855353225,0.902353225,0.833353225,0.884353225,0.896353225,0.866353225,0.858353225,0.881353225
4229,0.703382714,0.728382714,0.750382714,0.754382714,0.760382714,0.804382714,0.784382714,0.786382714,0.768382714,0.732382714
4230,0.608567115,0.553567115,0.611567115,0.605567115,0.616567115,0.649567115,0.631567115,0.643567115,0.642567115,0.673567115
4231,0.486864747,0.527864747,0.521864747,0.526864747,0.527864747,0.583864747,0.493864747,0.549864747,0.539864747,0.585864747
4232,0.510679835,0.510679835,0.484679835,0.533679835,0.491679835,0.557679835,0.548679835,0.557679835,0.540679835,0.570679835
4233,0.516292453,0.547292453,0.532292453,0.546292453,0.547292453,0.577292453,0.596292453,0.602292453,0.596292453,0.573292453
4234,0.747625835,0.728625835,0.758625835,0.729625835,0.778625835,0.806625835,0.813625835,0.767625835,0.767625835,0.801625835
4235,0.553343377,0.571343377,0.640343377,0.580343377,0.615343377,0.613343377,0.566343377,0.573343377,0.595343377,0.529343377
4236,0.671485435,0.708485435,0.684485435,0.740485435,0.741485435,0.783485435,0.749485435,0.760485435,0.724485435,0.744485435
4237,0.655844941,0.695844941,0.682844941,0.707844941,0.720844941,0.739844941,0.711844941,0.721844941,0.733844941,0.717844941
4238,0.593396771,0.621396771,0.570396771,0.653396771,0.669396771,0.647396771,0.647396771,0.637396771,0.650396771,0.676396771
4239,0.713285151,0.778285151,0.795285151,0.811285151,0.817285151,0.785285151,0.783285151,0.785285151,0.767285151,0.778285151
4240,0.714681954,0.755681954,0.788681954,0.738681954,0.777681954,0.794681954,0.778681954,0.800681954,0.757681954,0.769681954
4241,0.590653227,0.651653227,0.656653227,0.637653227,0.666653227,0.685653227,0.639653227,0.634653227,0.635653227,0.644653227
4242,0.723016279,0.755016279,0.758016279,0.709016279,0.707016279,0.786016279,0.779016279,0.768016279,0.828016279,0.774016279
4243,0.569520997,0.524520997,0.629520997,0.636520997,0.602520997,0.646520997,0.623520997,0.609520997,0.608520997,0.613520997
4244,0.649865909,0.689865909,0.697865909,0.678865909,0.710865909,0.801865909,0.744865909,0.788865909,0.755865909,0.777865909
4245,0.585780189,0.605780189,0.729780189,0.672780189,0.687780189,0.679780189,0.640780189,0.655780189,0.668780189,0.675780189
4246,0.508424295,0.493424295,0.530424295,0.526424295,0.570424295,0.571424295,0.542424295,0.539424295,0.545424295,0.558424295
4247,0.617916688,0.647916688,0.635916688,0.622916688,0.685916688,0.715916688,0.700916688,0.714916688,0.658916688,0.674916688
4248,0.744073054,0.832073054,0.843073054,0.814073054,0.829073054,0.814073054,0.776073054,0.804073054,0.763073054,0.801073054
4249,0.719425539,0.720425539,0.717425539,0.698425539,0.760425539,0.751425539,0.749425539,0.774425539,0.751425539,0.788425539
4250,0.581022481,0.599022481,0.643022481,0.641022481,0.674022481,0.622022481,0.629022481,0.628022481,0.616022481,0.650022481
4251,0.596085417,0.659085417,0.671085417,0.665085417,0.687085417,0.705085417,0.666085417,0.678085417,0.711085417,0.712085417
4252,0.63240422,0.63640422,0.67640422,0.67340422,0.68040422,0.69640422,0.71240422,0.73940422,0.68240422,0.67640422
4253,0.711337052,0.795337052,0.789337052,0.765337052,0.808337052,0.801337052,0.766337052,0.746337052,0.761337052,0.779337052
4254,0.626451128,0.646451128,0.668451128,0.663451128,0.712451128,0.738451128,0.702451128,0.763451128,0.677451128,0.698451128
4255,0.622745816,0.619745816,0.699745816,0.661745816,0.650745816,0.730745816,0.753745816,0.735745816,0.733745816,0.721745816
4256,0.592254992,0.646254992,0.594254992,0.575254992,0.644254992,0.663254992,0.648254992,0.646254992,0.649254992,0.665254992
4257,0.666701129,0.713701129,0.697701129,0.668701129,0.743701129,0.743701129,0.694701129,0.781701129,0.691701129,0.725701129
4258,0.804369173,0.736369173,0.843369173,0.750369173,0.816369173,0.893369173,0.832369173,0.911369173,0.880369173,0.856369173
4259,0.746246688,0.838246688,0.826246688,0.835246688,0.870246688,0.766246688,0.777246688,0.781246688,0.770246688,0.850246688
4260,0.565638391,0.614638391,0.624638391,0.633638391,0.634638391,0.675638391,0.637638391,0.651638391,0.641638391,0.683638391
4261,0.760834128,0.722834128,0.772834128,0.780834128,0.788834128,0.839834128,0.831834128,0.865834128,0.800834128,0.823834128
4262,0.665740726,0.684740726,0.691740726,0.668740726,0.708740726,0.750740726,0.770740726,0.721740726,0.740740726,0.758740726
4263,0.573978311,0.570978311,0.647978311,0.618978311,0.599978311,0.636978311,0.599978311,0.645978311,0.616978311,0.604978311
4264,0.609210455,0.691210455,0.679210455,0.709210455,0.657210455,0.711210455,0.675210455,0.714210455,0.682210455,0.718210455
4265,0.736685448,0.808685448,0.818685448,0.779685448,0.805685448,0.831685448,0.830685448,0.845685448,0.836685448,0.849685448
4266,0.735733873,0.733733873,0.803733873,0.742733873,0.820733873,0.824733873,0.791733873,0.776733873,0.793733873,0.768733873
4267,0.650919767,0.666919767,0.724919767,0.664919767,0.738919767,0.702919767,0.677919767,0.720919767,0.688919767,0.720919767
4268,0.820451958,0.860451958,0.841451958,0.899451958,0.868451958,0.945451958,0.876451958,0.890451958,0.880451958,0.891451958
4269,0.54862373,0.58162373,0.62662373,0.60562373,0.62962373,0.62262373,0.62162373,0.64562373,0.61162373,0.62562373
4270,0.632103576,0.608103576,0.685103576,0.722103576,0.669103576,0.715103576,0.685103576,0.715103576,0.701103576,0.682103576
4271,0.550828228,0.662828228,0.674828228,0.605828228,0.690828228,0.616828228,0.578828228,0.588828228,0.596828228,0.596828228
4272,0.588471069,0.597471069,0.707471069,0.606471069,0.705471069,0.649471069,0.620471069,0.640471069,0.635471069,0.639471069
4273,0.468447276,0.507447276,0.523447276,0.483447276,0.532447276,0.503447276,0.486447276,0.526447276,0.512447276,0.521447276
4274,0.531672547,0.564672547,0.608672547,0.557672547,0.598672547,0.615672547,0.578672547,0.607672547,0.560672547,0.571672547
4275,0.567790883,0.626790883,0.671790883,0.675790883,0.681790883,0.563790883,0.592790883,0.606790883,0.600790883,0.625790883
4276,0.714734568,0.730734568,0.685734568,0.753734568,0.738734568,0.768734568,0.766734568,0.774734568,0.770734568,0.757734568
4277,0.557288602,0.567288602,0.591288602,0.566288602,0.609288602,0.626288602,0.602288602,0.635288602,0.633288602,0.623288602
4278,0.563011355,0.638011355,0.610011355,0.618011355,0.625011355,0.657011355,0.619011355,0.663011355,0.626011355,0.653011355
4279,0.868539577,0.854539577,0.925539577,0.881539577,0.906539577,0.953539577,0.927539577,0.932539577,0.949539577,0.935539577
4280,0.662228442,0.709228442,0.730228442,0.677228442,0.669228442,0.728228442,0.698228442,0.733228442,0.730228442,0.729228442
4281,0.486316628,0.542316628,0.560316628,0.556316628,0.553316628,0.561316628,0.559316628,0.555316628,0.532316628,0.570316628
4282,0.456615704,0.513615704,0.541615704,0.503615704,0.528615704,0.513615704,0.503615704,0.456615704,0.470615704,0.541615704
4283,0.622755701,0.638755701,0.659755701,0.596755701,0.623755701,0.719755701,0.696755701,0.689755701,0.700755701,0.719755701
4284,0.558359244,0.537359244,0.558359244,0.603359244,0.600359244,0.611359244,0.598359244,0.616359244,0.592359244,0.606359244
4285,0.800876804,0.810876804,0.840876804,0.777876804,0.816876804,0.900876804,0.880876804,0.857876804,0.888876804,0.884876804
4286,0.804106967,0.870106967,0.858106967,0.856106967,0.856106967,0.896106967,0.879106967,0.898106967,0.880106967,0.896106967
4287,0.601703236,0.620703236,0.635703236,0.612703236,0.643703236,0.688703236,0.650703236,0.674703236,0.654703236,0.680703236
4288,0.627961803,0.639961803,0.664961803,0.675961803,0.680961803,0.725961803,0.700961803,0.730961803,0.703961803,0.735961803
4289,0.53753416,0.55953416,0.58753416,0.57053416,0.61653416,0.62953416,0.58353416,0.61053416,0.59953416,0.60253416
4290,0.691571479,0.743571479,0.770571479,0.739571479,0.744571479,0.780571479,0.752571479,0.751571479,0.745571479,0.781571479
4291,0.68114378,0.71614378,0.71414378,0.71814378,0.73614378,0.75514378,0.76414378,0.73714378,0.76514378,0.76214378
4292,0.652129617,0.640129617,0.716129617,0.656129617,0.682129617,0.724129617,0.716129617,0.714129617,0.698129617,0.724129617
4293,0.688365832,0.764365832,0.774365832,0.735365832,0.766365832,0.787365832,0.750365832,0.765365832,0.749365832,0.795365832
4294,0.742574015,0.759574015,0.782574015,0.738574015,0.749574015,0.791574015,0.761574015,0.779574015,0.788574015,0.801574015
4295,0.606568989,0.678568989,0.668568989,0.656568989,0.633568989,0.659568989,0.644568989,0.637568989,0.599568989,0.645568989
4296,0.583395573,0.643395573,0.650395573,0.660395573,0.623395573,0.628395573,0.624395573,0.639395573,0.619395573,0.651395573
4297,0.763724178,0.805724178,0.820724178,0.773724178,0.839724178,0.827724178,0.819724178,0.853724178,0.834724178,0.840724178
4298,0.56048533,0.55148533,0.60548533,0.56048533,0.58948533,0.57748533,0.57148533,0.59648533,0.58148533,0.58048533
4299,0.504476136,0.566476136,0.525476136,0.509476136,0.537476136,0.583476136,0.541476136,0.594476136,0.519476136,0.587476136
4300,0.618964861,0.760964861,0.704964861,0.708964861,0.702964861,0.697964861,0.608964861,0.663964861,0.673964861,0.655964861
4301,0.570732232,0.472732232,0.536732232,0.505732232,0.506732232,0.621732232,0.617732232,0.649732232,0.615732232,0.622732232
4302,0.74305401,0.78505401,0.76805401,0.77105401,0.84105401,0.83805401,0.80905401,0.86305401,0.80105401,0.83905401
4303,0.742346803,0.829346803,0.790346803,0.776346803,0.812346803,0.813346803,0.764346803,0.804346803,0.782346803,0.803346803
4304,0.644063336,0.680063336,0.717063336,0.689063336,0.692063336,0.749063336,0.695063336,0.726063336,0.685063336,0.717063336
4305,0.717985821,0.789985821,0.850985821,0.795985821,0.810985821,0.798985821,0.773985821,0.736985821,0.759985821,0.772985821
4306,0.548521433,0.595521433,0.640521433,0.602521433,0.589521433,0.605521433,0.632521433,0.635521433,0.593521433,0.624521433
4307,0.588530376,0.630530376,0.681530376,0.593530376,0.638530376,0.654530376,0.629530376,0.651530376,0.619530376,0.670530376
4308,0.832709615,0.782709615,0.851709615,0.851709615,0.855709615,0.876709615,0.874709615,0.919709615,0.879709615,0.910709615
4309,0.706814216,0.647814216,0.716814216,0.708814216,0.770814216,0.761814216,0.783814216,0.761814216,0.769814216,0.747814216
4310,0.673378621,0.667378621,0.733378621,0.666378621,0.726378621,0.753378621,0.689378621,0.741378621,0.713378621,0.722378621
4311,0.72277743,0.75877743,0.72477743,0.74677743,0.78377743,0.78277743,0.74877743,0.77177743,0.77477743,0.79877743
4312,0.851959351,0.861959351,0.884959351,0.894959351,0.887959351,0.915959351,0.890959351,0.937959351,0.883959351,0.899959351
4313,0.73031376,0.70131376,0.73031376,0.77231376,0.76331376,0.82731376,0.80131376,0.81631376,0.77631376,0.80131376
4314,0.588265071,0.513265071,0.614265071,0.593265071,0.615265071,0.640265071,0.631265071,0.645265071,0.641265071,0.614265071
4315,0.906039037,0.897039037,0.962039037,0.954039037,0.960039037,0.929039037,0.952039037,0.960039037,0.946039037,1.008039037
4316,0.708470525,0.736470525,0.693470525,0.752470525,0.720470525,0.753470525,0.757470525,0.745470525,0.756470525,0.777470525
4317,0.617644265,0.653644265,0.677644265,0.658644265,0.708644265,0.702644265,0.716644265,0.665644265,0.708644265,0.738644265
4318,0.586955357,0.589955357,0.609955357,0.513955357,0.601955357,0.652955357,0.652955357,0.638955357,0.658955357,0.652955357
4319,0.762321121,0.738321121,0.759321121,0.718321121,0.747321121,0.883321121,0.825321121,0.810321121,0.821321121,0.821321121
4320,0.797638378,0.844638378,0.855638378,0.835638378,0.830638378,0.878638378,0.849638378,0.850638378,0.857638378,0.882638378
4321,0.601045284,0.538045284,0.606045284,0.614045284,0.624045284,0.668045284,0.641045284,0.651045284,0.635045284,0.664045284
4322,0.645071021,0.659071021,0.642071021,0.694071021,0.665071021,0.661071021,0.657071021,0.651071021,0.640071021,0.644071021
4323,0.725699979,0.749699979,0.830699979,0.788699979,0.805699979,0.809699979,0.775699979,0.769699979,0.762699979,0.787699979
4324,0.693246078,0.765246078,0.767246078,0.758246078,0.760246078,0.775246078,0.753246078,0.747246078,0.748246078,0.783246078
4325,0.716621025,0.740621025,0.804621025,0.729621025,0.711621025,0.794621025,0.771621025,0.744621025,0.764621025,0.778621025
4326,0.570308269,0.638308269,0.646308269,0.676308269,0.673308269,0.653308269,0.606308269,0.661308269,0.617308269,0.656308269
4327,0.710449406,0.752449406,0.783449406,0.714449406,0.759449406,0.772449406,0.771449406,0.777449406,0.781449406,0.784449406
4328,0.713512573,0.721512573,0.745512573,0.763512573,0.805512573,0.777512573,0.771512573,0.794512573,0.796512573,0.786512573
4329,0.624339237,0.667339237,0.690339237,0.659339237,0.676339237,0.650339237,0.694339237,0.665339237,0.688339237,0.700339237
4330,0.766303013,0.796303013,0.830303013,0.808303013,0.811303013,0.817303013,0.797303013,0.839303013,0.776303013,0.850303013
4331,0.693769489,0.721769489,0.722769489,0.711769489,0.738769489,0.765769489,0.709769489,0.744769489,0.740769489,0.764769489
4332,0.750435046,0.745435046,0.766435046,0.772435046,0.826435046,0.825435046,0.804435046,0.821435046,0.811435046,0.838435046
4333,0.506851946,0.519851946,0.504851946,0.525851946,0.572851946,0.652851946,0.616851946,0.586851946,0.562851946,0.610851946
4334,0.745480499,0.889480499,0.794480499,0.787480499,0.839480499,0.821480499,0.797480499,0.812480499,0.786480499,0.824480499
4335,0.731176756,0.727176756,0.773176756,0.735176756,0.810176756,0.782176756,0.772176756,0.757176756,0.729176756,0.749176756
4336,0.719885499,0.787885499,0.811885499,0.731885499,0.825885499,0.755885499,0.809885499,0.773885499,0.755885499,0.808885499
4337,0.548010732,0.574010732,0.600010732,0.596010732,0.597010732,0.583010732,0.574010732,0.611010732,0.602010732,0.611010732
4338,0.632559104,0.640559104,0.661559104,0.643559104,0.677559104,0.700559104,0.688559104,0.651559104,0.647559104,0.695559104
4339,0.522131404,0.566131404,0.573131404,0.557131404,0.582131404,0.605131404,0.573131404,0.579131404,0.586131404,0.594131404
4340,0.553657261,0.588657261,0.602657261,0.599657261,0.590657261,0.660657261,0.635657261,0.630657261,0.637657261,0.684657261
4341,0.71870603,0.71470603,0.74370603,0.69770603,0.73870603,0.78470603,0.73170603,0.74170603,0.73370603,0.76370603
4342,0.59614308,0.63114308,0.66614308,0.61514308,0.65714308,0.66814308,0.65114308,0.68214308,0.64514308,0.67214308
4343,0.555254836,0.561254836,0.544254836,0.541254836,0.569254836,0.663254836,0.618254836,0.590254836,0.600254836,0.630254836
4344,0.67019598,0.69119598,0.74319598,0.74919598,0.76319598,0.71719598,0.72119598,0.73119598,0.70019598,0.71819598
4345,0.683521965,0.760521965,0.710521965,0.696521965,0.723521965,0.746521965,0.739521965,0.771521965,0.739521965,0.763521965
4346,0.759125721,0.814125721,0.839125721,0.814125721,0.846125721,0.834125721,0.782125721,0.797125721,0.815125721,0.798125721
4347,0.629426987,0.633426987,0.626426987,0.660426987,0.645426987,0.725426987,0.694426987,0.669426987,0.703426987,0.676426987
4348,0.464151984,0.503151984,0.463151984,0.491151984,0.514151984,0.542151984,0.507151984,0.536151984,0.499151984,0.524151984
4349,0.684056475,0.760056475,0.743056475,0.718056475,0.800056475,0.763056475,0.734056475,0.728056475,0.715056475,0.744056475
4350,0.713475731,0.711475731,0.779475731,0.765475731,0.766475731,0.813475731,0.783475731,0.812475731,0.749475731,0.832475731
4351,0.649575443,0.673575443,0.699575443,0.640575443,0.687575443,0.739575443,0.663575443,0.705575443,0.708575443,0.670575443
4352,0.706054351,0.754054351,0.785054351,0.800054351,0.786054351,0.754054351,0.744054351,0.717054351,0.742054351,0.768054351
4353,0.695992434,0.760992434,0.798992434,0.789992434,0.799992434,0.800992434,0.778992434,0.785992434,0.760992434,0.756992434
4354,0.610089808,0.617089808,0.633089808,0.567089808,0.603089808,0.683089808,0.672089808,0.680089808,0.675089808,0.704089808
4355,0.535341109,0.530341109,0.559341109,0.629341109,0.595341109,0.608341109,0.564341109,0.626341109,0.596341109,0.545341109
4356,0.68246063,0.75646063,0.70146063,0.63246063,0.73446063,0.78146063,0.74446063,0.73246063,0.74146063,0.74446063
4357,0.686453644,0.702453644,0.787453644,0.731453644,0.768453644,0.738453644,0.736453644,0.730453644,0.740453644,0.741453644
4358,0.672198244,0.640198244,0.680198244,0.689198244,0.723198244,0.788198244,0.783198244,0.776198244,0.773198244,0.758198244
4359,0.682912453,0.725912453,0.752912453,0.704912453,0.767912453,0.763912453,0.703912453,0.749912453,0.754912453,0.721912453
4360,0.660863816,0.693863816,0.728863816,0.663863816,0.736863816,0.711863816,0.680863816,0.680863816,0.701863816,0.715863816
4361,0.693783767,0.646783767,0.733783767,0.667783767,0.689783767,0.771783767,0.750783767,0.800783767,0.747783767,0.760783767
4362,0.739727433,0.723727433,0.790727433,0.797727433,0.807727433,0.783727433,0.790727433,0.799727433,0.785727433,0.797727433
4363,0.598589679,0.594589679,0.620589679,0.659589679,0.687589679,0.653589679,0.632589679,0.639589679,0.641589679,0.660589679
4364,0.678475612,0.761475612,0.740475612,0.699475612,0.717475612,0.708475612,0.724475612,0.724475612,0.716475612,0.722475612
4365,0.776057568,0.868057568,0.839057568,0.831057568,0.870057568,0.852057568,0.813057568,0.800057568,0.802057568,0.824057568
4366,0.645972272,0.721972272,0.685972272,0.678972272,0.733972272,0.735972272,0.699972272,0.752972272,0.749972272,0.751972272
4367,0.636715355,0.712715355,0.680715355,0.667715355,0.723715355,0.696715355,0.695715355,0.718715355,0.690715355,0.704715355
4368,0.654965953,0.629965953,0.705965953,0.657965953,0.678965953,0.717965953,0.706965953,0.684965953,0.679965953,0.714965953
4369,0.580462433,0.622462433,0.650462433,0.652462433,0.606462433,0.689462433,0.655462433,0.693462433,0.617462433,0.651462433
4370,0.560372136,0.563372136,0.559372136,0.557372136,0.585372136,0.627372136,0.570372136,0.612372136,0.573372136,0.579372136
4371,0.769426372,0.806426372,0.823426372,0.802426372,0.833426372,0.799426372,0.786426372,0.778426372,0.786426372,0.798426372
4372,0.549459511,0.556459511,0.598459511,0.596459511,0.609459511,0.623459511,0.620459511,0.614459511,0.605459511,0.660459511
4373,0.772100536,0.800100536,0.861100536,0.845100536,0.880100536,0.835100536,0.858100536,0.877100536,0.835100536,0.832100536
4374,0.682704857,0.736704857,0.743704857,0.699704857,0.739704857,0.731704857,0.747704857,0.698704857,0.706704857,0.736704857
4375,0.67706606,0.68706606,0.74306606,0.71006606,0.75906606,0.75206606,0.74506606,0.69606606,0.72606606,0.71706606
4376,0.725478647,0.721478647,0.756478647,0.778478647,0.767478647,0.811478647,0.796478647,0.829478647,0.788478647,0.841478647
4377,0.590794227,0.610794227,0.619794227,0.624794227,0.630794227,0.652794227,0.661794227,0.616794227,0.637794227,0.626794227
4378,0.604020049,0.634020049,0.682020049,0.649020049,0.658020049,0.617020049,0.614020049,0.607020049,0.620020049,0.628020049
4379,0.712146057,0.778146057,0.844146057,0.810146057,0.816146057,0.789146057,0.782146057,0.773146057,0.744146057,0.785146057
4380,0.507985156,0.503985156,0.547985156,0.536985156,0.558985156,0.556985156,0.565985156,0.542985156,0.552985156,0.572985156
4381,0.780078209,0.876078209,0.886078209,0.812078209,0.925078209,0.846078209,0.798078209,0.845078209,0.834078209,0.818078209
4382,0.89719781,0.97519781,0.93619781,0.90719781,0.97219781,1.03119781,0.98019781,0.99819781,1.00819781,0.99819781
4383,0.679100916,0.679100916,0.687100916,0.690100916,0.772100916,0.732100916,0.744100916,0.770100916,0.737100916,0.729100916
4384,0.890714794,0.965714794,0.982714794,0.889714794,0.984714794,0.985714794,0.954714794,0.972714794,0.941714794,0.956714794
4385,0.587042921,0.626042921,0.640042921,0.641042921,0.653042921,0.683042921,0.648042921,0.678042921,0.640042921,0.678042921
4386,0.708632634,0.752632634,0.745632634,0.742632634,0.774632634,0.773632634,0.769632634,0.787632634,0.773632634,0.794632634
4387,0.62361097,0.65661097,0.60661097,0.64961097,0.63661097,0.68361097,0.68461097,0.70161097,0.69861097,0.68661097
4388,0.632673261,0.677673261,0.696673261,0.645673261,0.701673261,0.762673261,0.731673261,0.731673261,0.753673261,0.759673261
4389,0.62461538,0.57261538,0.58261538,0.60861538,0.68461538,0.69761538,0.68461538,0.70261538,0.65361538,0.68661538
4390,0.603624066,0.626624066,0.618624066,0.596624066,0.614624066,0.700624066,0.689624066,0.684624066,0.673624066,0.700624066
4391,0.590575524,0.626575524,0.632575524,0.640575524,0.634575524,0.700575524,0.661575524,0.692575524,0.620575524,0.686575524
4392,0.595259776,0.566259776,0.644259776,0.644259776,0.637259776,0.660259776,0.672259776,0.693259776,0.680259776,0.643259776
4393,0.817436845,0.879436845,0.878436845,0.899436845,0.928436845,0.910436845,0.873436845,0.877436845,0.855436845,0.891436845
4394,0.687494986,0.742494986,0.815494986,0.784494986,0.828494986,0.754494986,0.688494986,0.724494986,0.681494986,0.712494986
4395,0.58198927,0.60498927,0.63098927,0.58998927,0.62898927,0.69098927,0.67198927,0.69098927,0.68898927,0.67798927
4396,0.567664086,0.636664086,0.638664086,0.559664086,0.574664086,0.660664086,0.641664086,0.654664086,0.637664086,0.676664086
4397,0.540094856,0.610094856,0.576094856,0.618094856,0.621094856,0.592094856,0.578094856,0.624094856,0.608094856,0.545094856
4398,0.659519411,0.722519411,0.730519411,0.705519411,0.731519411,0.781519411,0.746519411,0.733519411,0.733519411,0.761519411
4399,0.557037326,0.561037326,0.629037326,0.637037326,0.611037326,0.685037326,0.658037326,0.681037326,0.638037326,0.646037326
4400,0.735716757,0.770716757,0.800716757,0.796716757,0.822716757,0.846716757,0.769716757,0.831716757,0.822716757,0.806716757
4401,0.613813104,0.612813104,0.659813104,0.674813104,0.655813104,0.695813104,0.676813104,0.679813104,0.664813104,0.638813104
4402,0.605763382,0.610763382,0.704763382,0.627763382,0.632763382,0.659763382,0.697763382,0.662763382,0.664763382,0.695763382
4403,0.748953364,0.783953364,0.796953364,0.791953364,0.758953364,0.864953364,0.813953364,0.831953364,0.793953364,0.828953364
4404,0.772810759,0.782810759,0.872810759,0.754810759,0.865810759,0.866810759,0.858810759,0.822810759,0.802810759,0.808810759
4405,0.410701029,0.411701029,0.461701029,0.420701029,0.479701029,0.497701029,0.447701029,0.473701029,0.483701029,0.465701029
4406,0.52188802,0.52088802,0.58788802,0.59188802,0.59088802,0.57588802,0.58688802,0.55888802,0.56588802,0.56988802
4407,0.763219152,0.758219152,0.757219152,0.771219152,0.771219152,0.835219152,0.801219152,0.797219152,0.805219152,0.809219152
4408,0.96947392,0.99947392,1.02547392,1.01047392,1.02447392,1.08847392,1.03347392,1.03247392,1.05147392,1.07647392
4409,0.602820984,0.592820984,0.678820984,0.664820984,0.684820984,0.650820984,0.629820984,0.682820984,0.634820984,0.674820984
4410,0.535388264,0.554388264,0.563388264,0.548388264,0.590388264,0.542388264,0.563388264,0.548388264,0.551388264,0.602388264
4411,0.636974444,0.706974444,0.712974444,0.680974444,0.668974444,0.708974444,0.685974444,0.697974444,0.693974444,0.707974444
4412,0.656957104,0.665957104,0.715957104,0.731957104,0.734957104,0.720957104,0.712957104,0.706957104,0.714957104,0.712957104
4413,0.762710904,0.763710904,0.779710904,0.752710904,0.772710904,0.814710904,0.756710904,0.772710904,0.772710904,0.811710904
4414,0.680591686,0.696591686,0.732591686,0.701591686,0.699591686,0.742591686,0.727591686,0.739591686,0.717591686,0.737591686
4415,0.672458264,0.697458264,0.726458264,0.702458264,0.739458264,0.723458264,0.691458264,0.705458264,0.711458264,0.710458264
4416,0.600556947,0.599556947,0.628556947,0.559556947,0.646556947,0.685556947,0.652556947,0.688556947,0.652556947,0.679556947
4417,0.633025013,0.667025013,0.631025013,0.669025013,0.668025013,0.708025013,0.663025013,0.676025013,0.660025013,0.672025013
4418,0.615986656,0.723986656,0.699986656,0.694986656,0.713986656,0.690986656,0.675986656,0.720986656,0.704986656,0.696986656
4419,0.645869527,0.650869527,0.713869527,0.677869527,0.682869527,0.740869527,0.693869527,0.744869527,0.715869527,0.741869527
4420,0.612577449,0.580577449,0.692577449,0.672577449,0.715577449,0.689577449,0.666577449,0.692577449,0.691577449,0.713577449
4421,0.550253449,0.574253449,0.599253449,0.602253449,0.549253449,0.621253449,0.554253449,0.602253449,0.568253449,0.582253449
4422,0.54047032,0.60347032,0.59647032,0.62647032,0.60647032,0.61047032,0.59347032,0.59247032,0.59147032,0.62347032
4423,0.564992404,0.560992404,0.620992404,0.604992404,0.613992404,0.650992404,0.620992404,0.626992404,0.597992404,0.608992404
4424,0.598848627,0.629848627,0.636848627,0.609848627,0.656848627,0.652848627,0.633848627,0.657848627,0.627848627,0.647848627
4425,0.733244012,0.738244012,0.764244012,0.802244012,0.815244012,0.803244012,0.775244012,0.796244012,0.790244012,0.844244012
4426,0.783273489,0.797273489,0.840273489,0.828273489,0.836273489,0.869273489,0.846273489,0.830273489,0.827273489,0.877273489
4427,0.64616284,0.69616284,0.68816284,0.66316284,0.70016284,0.73616284,0.71016284,0.72216284,0.72916284,0.75116284
4428,0.713004167,0.752004167,0.768004167,0.773004167,0.728004167,0.778004167,0.756004167,0.789004167,0.744004167,0.755004167
4429,0.628525135,0.645525135,0.649525135,0.656525135,0.705525135,0.692525135,0.684525135,0.696525135,0.695525135,0.703525135
4430,0.84881932,0.83881932,0.85481932,0.81581932,0.89681932,0.93281932,0.89381932,0.92781932,0.92481932,0.90481932
4431,0.794293652,0.832293652,0.869293652,0.847293652,0.883293652,0.882293652,0.847293652,0.891293652,0.851293652,0.875293652
4432,0.643992379,0.641992379,0.683992379,0.650992379,0.689992379,0.743992379,0.730992379,0.738992379,0.703992379,0.744992379
4433,0.974642716,1.007642716,1.050642716,1.009642716,1.040642716,1.057642716,1.014642716,0.996642716,0.999642716,1.016642716
4434,0.57322445,0.59322445,0.59922445,0.62022445,0.61022445,0.65522445,0.62522445,0.62022445,0.63622445,0.61922445
4435,0.651024633,0.669024633,0.684024633,0.681024633,0.771024633,0.735024633,0.736024633,0.734024633,0.718024633,0.715024633
4436,0.691232278,0.757232278,0.815232278,0.778232278,0.789232278,0.777232278,0.714232278,0.748232278,0.706232278,0.739232278
4437,0.566451307,0.652451307,0.700451307,0.678451307,0.665451307,0.658451307,0.637451307,0.637451307,0.664451307,0.664451307
4438,0.739162865,0.738162865,0.779162865,0.792162865,0.803162865,0.767162865,0.748162865,0.793162865,0.737162865,0.792162865
4439,0.851465356,0.865465356,0.818465356,0.851465356,0.878465356,0.946465356,0.931465356,0.943465356,0.909465356,0.921465356
4440,0.571795947,0.619795947,0.583795947,0.601795947,0.676795947,0.636795947,0.628795947,0.628795947,0.651795947,0.663795947
4441,0.766451955,0.855451955,0.856451955,0.795451955,0.841451955,0.853451955,0.847451955,0.830451955,0.811451955,0.834451955
4442,0.571849088,0.579849088,0.568849088,0.564849088,0.595849088,0.643849088,0.596849088,0.640849088,0.595849088,0.647849088
4443,0.939323805,0.934323805,0.957323805,0.948323805,0.987323805,1.002323805,0.972323805,0.984323805,0.986323805,1.005323805
4444,0.690173707,0.748173707,0.742173707,0.763173707,0.735173707,0.753173707,0.737173707,0.746173707,0.720173707,0.728173707
4445,0.650298035,0.657298035,0.665298035,0.683298035,0.692298035,0.700298035,0.721298035,0.729298035,0.719298035,0.732298035
4446,0.661729245,0.692729245,0.656729245,0.661729245,0.666729245,0.716729245,0.667729245,0.702729245,0.706729245,0.723729245
4447,0.571562197,0.569562197,0.658562197,0.579562197,0.635562197,0.660562197,0.635562197,0.678562197,0.600562197,0.612562197
4448,0.718639639,0.734639639,0.706639639,0.731639639,0.832639639,0.810639639,0.788639639,0.783639639,0.813639639,0.801639639
4449,0.507145656,0.516145656,0.581145656,0.555145656,0.573145656,0.577145656,0.548145656,0.584145656,0.547145656,0.566145656
4450,0.653509948,0.650509948,0.700509948,0.692509948,0.737509948,0.696509948,0.650509948,0.683509948,0.654509948,0.675509948
4451,0.674021648,0.694021648,0.703021648,0.680021648,0.736021648,0.747021648,0.720021648,0.704021648,0.722021648,0.739021648
4452,0.866886631,0.874886631,0.867886631,0.864886631,0.938886631,0.945886631,0.948886631,0.940886631,0.923886631,0.944886631
4453,0.753082279,0.737082279,0.785082279,0.802082279,0.811082279,0.814082279,0.830082279,0.808082279,0.804082279,0.841082279
4454,0.837002042,0.831002042,0.895002042,0.855002042,0.881002042,0.887002042,0.867002042,0.916002042,0.889002042,0.897002042
4455,0.729883388,0.755883388,0.806883388,0.809883388,0.815883388,0.795883388,0.728883388,0.791883388,0.758883388,0.778883388
4456,0.63421835,0.70021835,0.74421835,0.71621835,0.75221835,0.72521835,0.67421835,0.70721835,0.68721835,0.70121835
4457,0.635866779,0.681866779,0.641866779,0.604866779,0.651866779,0.692866779,0.706866779,0.700866779,0.710866779,0.717866779
4458,0.683873431,0.663873431,0.736873431,0.734873431,0.767873431,0.753873431,0.713873431,0.743873431,0.743873431,0.762873431
4459,0.523325255,0.558325255,0.573325255,0.509325255,0.537325255,0.581325255,0.532325255,0.559325255,0.529325255,0.552325255
4460,0.672850088,0.705850088,0.702850088,0.699850088,0.713850088,0.763850088,0.739850088,0.760850088,0.733850088,0.727850088
4461,0.611105233,0.693105233,0.693105233,0.735105233,0.693105233,0.673105233,0.667105233,0.704105233,0.645105233,0.683105233
4462,0.701300205,0.718300205,0.752300205,0.681300205,0.774300205,0.722300205,0.709300205,0.710300205,0.732300205,0.712300205
4463,0.600851255,0.642851255,0.676851255,0.644851255,0.641851255,0.742851255,0.693851255,0.739851255,0.698851255,0.707851255
4464,0.774898299,0.801898299,0.799898299,0.780898299,0.772898299,0.869898299,0.842898299,0.844898299,0.816898299,0.893898299
4465,0.587872166,0.586872166,0.651872166,0.663872166,0.615872166,0.663872166,0.625872166,0.615872166,0.595872166,0.662872166
4466,0.689040006,0.760040006,0.731040006,0.696040006,0.731040006,0.749040006,0.750040006,0.760040006,0.742040006,0.722040006
4467,0.793978974,0.799978974,0.821978974,0.846978974,0.858978974,0.886978974,0.877978974,0.858978974,0.865978974,0.911978974
4468,0.558766666,0.588766666,0.642766666,0.594766666,0.650766666,0.634766666,0.607766666,0.635766666,0.627766666,0.617766666
4469,0.632786927,0.707786927,0.679786927,0.639786927,0.711786927,0.691786927,0.654786927,0.671786927,0.660786927,0.657786927
4470,0.46559691,0.50459691,0.52759691,0.52059691,0.49559691,0.55759691,0.50659691,0.54659691,0.53459691,0.54159691
4471,0.668681928,0.699681928,0.691681928,0.684681928,0.717681928,0.750681928,0.732681928,0.778681928,0.721681928,0.789681928
4472,0.667886148,0.696886148,0.706886148,0.689886148,0.723886148,0.779886148,0.714886148,0.744886148,0.710886148,0.770886148
4473,0.478309732,0.476309732,0.491309732,0.541309732,0.576309732,0.538309732,0.545309732,0.548309732,0.536309732,0.544309732
4474,0.716887269,0.735887269,0.738887269,0.776887269,0.747887269,0.791887269,0.759887269,0.757887269,0.753887269,0.746887269
4475,0.66040539,0.66440539,0.68840539,0.70840539,0.72640539,0.73240539,0.71740539,0.72340539,0.68540539,0.70440539
4476,0.449451774,0.449451774,0.532451774,0.469451774,0.534451774,0.540451774,0.498451774,0.512451774,0.508451774,0.515451774
4477,0.723958845,0.725958845,0.765958845,0.717958845,0.714958845,0.755958845,0.744958845,0.772958845,0.748958845,0.712958845
4478,0.581920749,0.597920749,0.651920749,0.646920749,0.675920749,0.705920749,0.653920749,0.680920749,0.673920749,0.681920749
4479,0.670372845,0.678372845,0.687372845,0.694372845,0.733372845,0.786372845,0.743372845,0.735372845,0.743372845,0.755372845
4480,0.820209842,0.867209842,0.853209842,0.890209842,0.957209842,0.878209842,0.884209842,0.912209842,0.874209842,0.889209842
4481,0.665731558,0.713731558,0.776731558,0.736731558,0.732731558,0.752731558,0.716731558,0.714731558,0.686731558,0.711731558
4482,0.668219879,0.665219879,0.669219879,0.650219879,0.675219879,0.718219879,0.729219879,0.742219879,0.691219879,0.723219879
4483,0.568178636,0.550178636,0.600178636,0.570178636,0.595178636,0.585178636,0.588178636,0.608178636,0.594178636,0.605178636
4484,0.698873146,0.734873146,0.733873146,0.705873146,0.760873146,0.724873146,0.691873146,0.746873146,0.684873146,0.752873146
4485,0.593707389,0.684707389,0.680707389,0.645707389,0.651707389,0.678707389,0.654707389,0.679707389,0.679707389,0.634707389
4486,0.513115019,0.511115019,0.510115019,0.538115019,0.568115019,0.538115019,0.528115019,0.530115019,0.552115019,0.560115019
4487,0.756437611,0.782437611,0.792437611,0.790437611,0.777437611,0.818437611,0.801437611,0.821437611,0.801437611,0.785437611
4488,0.550614365,0.603614365,0.614614365,0.604614365,0.617614365,0.620614365,0.597614365,0.590614365,0.597614365,0.614614365
4489,0.613244849,0.668244849,0.631244849,0.609244849,0.627244849,0.710244849,0.655244849,0.708244849,0.671244849,0.642244849
4490,0.648601444,0.707601444,0.719601444,0.706601444,0.722601444,0.741601444,0.680601444,0.743601444,0.694601444,0.692601444
4491,0.599116984,0.616116984,0.625116984,0.600116984,0.618116984,0.679116984,0.669116984,0.653116984,0.661116984,0.701116984
4492,0.849471656,0.847471656,0.896471656,0.885471656,0.928471656,0.902471656,0.919471656,0.913471656,0.914471656,0.906471656
4493,0.542758851,0.552758851,0.537758851,0.525758851,0.576758851,0.621758851,0.625758851,0.646758851,0.600758851,0.619758851
4494,0.573795203,0.604795203,0.633795203,0.639795203,0.617795203,0.662795203,0.664795203,0.640795203,0.626795203,0.645795203
4495,0.603797381,0.677797381,0.678797381,0.649797381,0.687797381,0.666797381,0.627797381,0.676797381,0.643797381,0.658797381
4496,0.53497086,0.59497086,0.57897086,0.58897086,0.62497086,0.63097086,0.58597086,0.57197086,0.58797086,0.59097086
4497,0.664386057,0.731386057,0.689386057,0.698386057,0.713386057,0.740386057,0.720386057,0.750386057,0.753386057,0.770386057
4498,0.555308902,0.582308902,0.631308902,0.633308902,0.622308902,0.631308902,0.591308902,0.620308902,0.626308902,0.664308902
4499,0.687222631,0.754222631,0.800222631,0.758222631,0.739222631,0.763222631,0.715222631,0.788222631,0.729222631,0.756222631
4500,0.613193512,0.610193512,0.656193512,0.633193512,0.639193512,0.688193512,0.628193512,0.635193512,0.671193512,0.654193512
4501,0.578930398,0.569930398,0.600930398,0.592930398,0.580930398,0.658930398,0.625930398,0.648930398,0.624930398,0.631930398
4502,0.609180369,0.650180369,0.731180369,0.650180369,0.711180369,0.668180369,0.632180369,0.639180369,0.634180369,0.673180369
4503,0.865016791,0.906016791,0.909016791,0.888016791,0.937016791,0.968016791,0.933016791,0.958016791,0.916016791,0.971016791
4504,0.690513367,0.822513367,0.789513367,0.765513367,0.773513367,0.740513367,0.709513367,0.722513367,0.735513367,0.752513367
4505,0.583621993,0.574621993,0.658621993,0.679621993,0.675621993,0.649621993,0.651621993,0.685621993,0.617621993,0.655621993
4506,0.681838435,0.744838435,0.778838435,0.694838435,0.761838435,0.774838435,0.755838435,0.770838435,0.758838435,0.760838435
4507,0.786835318,0.759835318,0.841835318,0.806835318,0.815835318,0.852835318,0.847835318,0.859835318,0.837835318,0.882835318
4508,0.67720689,0.70520689,0.78920689,0.72720689,0.73020689,0.77920689,0.74820689,0.77420689,0.72120689,0.74820689
4509,0.682945596,0.681945596,0.732945596,0.677945596,0.713945596,0.756945596,0.735945596,0.742945596,0.735945596,0.765945596
4510,0.74723392,0.77123392,0.81423392,0.80423392,0.81423392,0.77223392,0.76423392,0.74323392,0.76023392,0.79423392
4511,0.631301525,0.629301525,0.689301525,0.640301525,0.660301525,0.723301525,0.698301525,0.710301525,0.692301525,0.669301525
4512,0.53669875,0.57569875,0.56269875,0.54169875,0.57069875,0.64869875,0.61969875,0.62869875,0.59469875,0.60869875
4513,0.603384648,0.606384648,0.631384648,0.643384648,0.647384648,0.689384648,0.617384648,0.643384648,0.618384648,0.668384648
4514,0.76616259,0.78516259,0.80516259,0.78816259,0.81916259,0.85016259,0.84316259,0.85616259,0.81916259,0.84216259
4515,0.510695614,0.571695614,0.601695614,0.599695614,0.585695614,0.583695614,0.568695614,0.573695614,0.551695614,0.586695614
4516,0.786590199,0.796590199,0.805590199,0.771590199,0.806590199,0.875590199,0.803590199,0.852590199,0.816590199,0.844590199
4517,0.602314488,0.625314488,0.652314488,0.636314488,0.619314488,0.667314488,0.639314488,0.670314488,0.628314488,0.635314488
4518,0.545123362,0.552123362,0.630123362,0.578123362,0.600123362,0.599123362,0.586123362,0.587123362,0.573123362,0.581123362
4519,0.514132311,0.545132311,0.569132311,0.547132311,0.570132311,0.614132311,0.588132311,0.603132311,0.562132311,0.578132311
4520,0.595170978,0.682170978,0.670170978,0.624170978,0.665170978,0.670170978,0.673170978,0.639170978,0.642170978,0.653170978
4521,0.687875568,0.680875568,0.729875568,0.681875568,0.726875568,0.763875568,0.730875568,0.764875568,0.732875568,0.786875568
4522,0.585045888,0.568045888,0.595045888,0.628045888,0.625045888,0.685045888,0.643045888,0.611045888,0.624045888,0.665045888
4523,0.710354923,0.701354923,0.746354923,0.756354923,0.720354923,0.742354923,0.749354923,0.754354923,0.753354923,0.771354923
4524,0.750062588,0.749062588,0.786062588,0.752062588,0.804062588,0.840062588,0.806062588,0.819062588,0.801062588,0.826062588
4525,0.496728847,0.589728847,0.552728847,0.545728847,0.606728847,0.631728847,0.589728847,0.567728847,0.570728847,0.558728847
4526,0.899610553,0.990610553,0.916610553,0.969610553,0.951610553,1.008610553,0.947610553,0.985610553,0.957610553,0.974610553
4527,0.694526831,0.672526831,0.713526831,0.706526831,0.726526831,0.754526831,0.754526831,0.769526831,0.733526831,0.780526831
4528,0.588099439,0.651099439,0.669099439,0.647099439,0.662099439,0.662099439,0.650099439,0.635099439,0.613099439,0.672099439
4529,0.732184474,0.776184474,0.778184474,0.759184474,0.806184474,0.807184474,0.779184474,0.792184474,0.779184474,0.794184474
4530,0.706258211,0.663258211,0.714258211,0.642258211,0.652258211,0.846258211,0.812258211,0.830258211,0.760258211,0.798258211
4531,0.627487838,0.622487838,0.642487838,0.598487838,0.666487838,0.721487838,0.686487838,0.659487838,0.675487838,0.672487838
4532,0.618806709,0.668806709,0.638806709,0.651806709,0.662806709,0.728806709,0.642806709,0.684806709,0.674806709,0.687806709
4533,0.777742348,0.833742348,0.829742348,0.854742348,0.844742348,0.855742348,0.880742348,0.858742348,0.862742348,0.857742348
4534,0.820879253,0.879879253,0.933879253,0.890879253,0.884879253,0.880879253,0.855879253,0.858879253,0.854879253,0.868879253
4535,0.650276047,0.666276047,0.673276047,0.654276047,0.677276047,0.729276047,0.708276047,0.733276047,0.667276047,0.711276047
4536,0.572942633,0.619942633,0.635942633,0.638942633,0.637942633,0.620942633,0.586942633,0.610942633,0.576942633,0.618942633
4537,0.846171065,0.934171065,0.904171065,0.912171065,0.898171065,0.953171065,0.920171065,0.930171065,0.905171065,0.900171065
4538,0.690338014,0.711338014,0.746338014,0.764338014,0.787338014,0.789338014,0.738338014,0.775338014,0.757338014,0.748338014
4539,0.682305717,0.776305717,0.749305717,0.736305717,0.765305717,0.761305717,0.724305717,0.702305717,0.694305717,0.743305717
4540,0.756863624,0.776863624,0.799863624,0.753863624,0.814863624,0.797863624,0.815863624,0.796863624,0.779863624,0.808863624
4541,0.552425292,0.574425292,0.590425292,0.589425292,0.642425292,0.599425292,0.593425292,0.631425292,0.573425292,0.613425292
4542,0.720655725,0.766655725,0.794655725,0.797655725,0.797655725,0.837655725,0.778655725,0.795655725,0.773655725,0.833655725
4543,0.578056217,0.580056217,0.609056217,0.609056217,0.638056217,0.700056217,0.664056217,0.664056217,0.664056217,0.686056217
4544,0.713917694,0.755917694,0.764917694,0.754917694,0.745917694,0.790917694,0.767917694,0.753917694,0.750917694,0.772917694
4545,0.695355909,0.667355909,0.670355909,0.722355909,0.678355909,0.755355909,0.758355909,0.753355909,0.760355909,0.770355909
4546,0.691267067,0.741267067,0.749267067,0.740267067,0.739267067,0.760267067,0.723267067,0.732267067,0.735267067,0.723267067
4547,0.691327426,0.654327426,0.704327426,0.750327426,0.689327426,0.795327426,0.795327426,0.790327426,0.795327426,0.798327426
4548,0.680082708,0.743082708,0.766082708,0.748082708,0.753082708,0.814082708,0.758082708,0.754082708,0.752082708,0.746082708
4549,0.650947416,0.621947416,0.672947416,0.636947416,0.723947416,0.701947416,0.700947416,0.691947416,0.675947416,0.708947416
4550,0.7218272,0.8128272,0.8048272,0.7868272,0.8658272,0.7848272,0.7598272,0.7638272,0.7438272,0.7588272
4551,0.593111925,0.588111925,0.637111925,0.649111925,0.669111925,0.672111925,0.642111925,0.677111925,0.657111925,0.685111925
4552,0.754992487,0.763992487,0.763992487,0.743992487,0.809992487,0.848992487,0.811992487,0.800992487,0.803992487,0.802992487
4553,0.361830041,0.435830041,0.368830041,0.402830041,0.410830041,0.421830041,0.414830041,0.436830041,0.418830041,0.423830041
4554,0.719644098,0.763644098,0.804644098,0.748644098,0.814644098,0.753644098,0.744644098,0.745644098,0.727644098,0.733644098
4555,0.709265272,0.660265272,0.679265272,0.707265272,0.699265272,0.782265272,0.774265272,0.778265272,0.741265272,0.754265272
4556,0.564988613,0.596988613,0.611988613,0.573988613,0.581988613,0.601988613,0.602988613,0.623988613,0.584988613,0.589988613
4557,0.565354728,0.606354728,0.605354728,0.623354728,0.667354728,0.669354728,0.652354728,0.696354728,0.655354728,0.664354728
4558,0.713769375,0.744769375,0.821769375,0.772769375,0.805769375,0.810769375,0.817769375,0.793769375,0.775769375,0.792769375
4559,0.63715235,0.68215235,0.71315235,0.63715235,0.69015235,0.69415235,0.64015235,0.66715235,0.62815235,0.68915235
4560,0.64598036,0.67098036,0.67198036,0.68798036,0.67698036,0.80098036,0.79298036,0.80398036,0.73998036,0.82698036
4561,0.517301461,0.533301461,0.604301461,0.551301461,0.553301461,0.573301461,0.560301461,0.595301461,0.580301461,0.604301461
4562,0.698415187,0.739415187,0.768415187,0.690415187,0.804415187,0.752415187,0.745415187,0.801415187,0.763415187,0.778415187
4563,0.739277422,0.785277422,0.801277422,0.753277422,0.812277422,0.835277422,0.807277422,0.808277422,0.791277422,0.811277422
4564,0.804771095,0.829771095,0.870771095,0.857771095,0.859771095,0.868771095,0.858771095,0.858771095,0.823771095,0.854771095
4565,0.719075009,0.724075009,0.772075009,0.776075009,0.751075009,0.819075009,0.790075009,0.790075009,0.765075009,0.782075009
4566,0.624457202,0.654457202,0.697457202,0.662457202,0.709457202,0.747457202,0.670457202,0.693457202,0.679457202,0.705457202
4567,0.556104458,0.572104458,0.563104458,0.539104458,0.576104458,0.648104458,0.643104458,0.636104458,0.648104458,0.645104458
4568,0.702742489,0.668742489,0.677742489,0.655742489,0.681742489,0.799742489,0.759742489,0.792742489,0.753742489,0.771742489
4569,0.899457126,0.923457126,0.940457126,0.873457126,0.931457126,0.995457126,0.979457126,0.993457126,0.971457126,0.972457126
4570,0.832729481,0.815729481,0.815729481,0.835729481,0.844729481,0.848729481,0.840729481,0.897729481,0.862729481,0.851729481
4571,0.602058025,0.604058025,0.603058025,0.646058025,0.662058025,0.666058025,0.618058025,0.631058025,0.627058025,0.646058025
4572,0.618880257,0.609880257,0.646880257,0.625880257,0.603880257,0.687880257,0.632880257,0.660880257,0.632880257,0.650880257
4573,0.840170983,0.832170983,0.820170983,0.883170983,0.921170983,0.968170983,0.941170983,0.917170983,0.918170983,0.938170983
4574,0.532273915,0.542273915,0.563273915,0.540273915,0.577273915,0.652273915,0.591273915,0.617273915,0.605273915,0.605273915
4575,0.492379785,0.522379785,0.611379785,0.545379785,0.597379785,0.574379785,0.525379785,0.555379785,0.542379785,0.567379785
4576,0.597736951,0.582736951,0.632736951,0.626736951,0.663736951,0.723736951,0.699736951,0.673736951,0.688736951,0.700736951
4577,0.510533359,0.604533359,0.561533359,0.556533359,0.570533359,0.585533359,0.564533359,0.573533359,0.562533359,0.543533359
4578,0.66226484,0.61826484,0.68526484,0.64426484,0.63726484,0.73026484,0.70426484,0.73126484,0.71026484,0.73426484
4579,0.554146763,0.576146763,0.624146763,0.612146763,0.600146763,0.642146763,0.610146763,0.599146763,0.619146763,0.633146763
4580,0.633241021,0.687241021,0.668241021,0.721241021,0.697241021,0.731241021,0.702241021,0.690241021,0.669241021,0.732241021
4581,0.651145162,0.661145162,0.682145162,0.666145162,0.724145162,0.727145162,0.704145162,0.709145162,0.726145162,0.707145162
4582,0.706759471,0.724759471,0.832759471,0.799759471,0.801759471,0.746759471,0.773759471,0.751759471,0.766759471,0.788759471
4583,0.460212078,0.476212078,0.506212078,0.498212078,0.513212078,0.545212078,0.535212078,0.538212078,0.549212078,0.546212078
4584,0.557103916,0.620103916,0.622103916,0.634103916,0.632103916,0.618103916,0.594103916,0.648103916,0.599103916,0.646103916
4585,0.90984187,0.89484187,0.99084187,0.94584187,0.96784187,0.98984187,0.98684187,0.96484187,0.98584187,1.00284187
4586,0.620102746,0.698102746,0.672102746,0.691102746,0.752102746,0.669102746,0.680102746,0.697102746,0.664102746,0.650102746
4587,0.672179377,0.779179377,0.810179377,0.777179377,0.797179377,0.719179377,0.715179377,0.719179377,0.690179377,0.718179377
4588,0.728429118,0.745429118,0.791429118,0.732429118,0.731429118,0.752429118,0.782429118,0.786429118,0.779429118,0.755429118
4589,0.687484897,0.647484897,0.711484897,0.692484897,0.709484897,0.771484897,0.747484897,0.746484897,0.748484897,0.745484897
4590,0.625415687,0.674415687,0.656415687,0.628415687,0.667415687,0.679415687,0.679415687,0.706415687,0.702415687,0.651415687
4591,0.651767978,0.586767978,0.714767978,0.648767978,0.655767978,0.710767978,0.689767978,0.705767978,0.664767978,0.713767978
4592,0.503905461,0.530905461,0.494905461,0.527905461,0.504905461,0.563905461,0.531905461,0.560905461,0.535905461,0.554905461
4593,0.533025675,0.537025675,0.615025675,0.582025675,0.560025675,0.611025675,0.595025675,0.600025675,0.611025675,0.639025675
4594,0.611620283,0.616620283,0.666620283,0.599620283,0.637620283,0.685620283,0.650620283,0.686620283,0.654620283,0.684620283
4595,0.72961921,0.76761921,0.75561921,0.76261921,0.79261921,0.82061921,0.79261921,0.81961921,0.80061921,0.83861921
4596,0.853758463,0.938758463,0.953758463,0.953758463,0.979758463,0.926758463,0.889758463,0.944758463,0.906758463,0.918758463
4597,0.732274599,0.683274599,0.687274599,0.745274599,0.739274599,0.746274599,0.742274599,0.715274599,0.763274599,0.738274599
4598,0.629891595,0.688891595,0.629891595,0.678891595,0.691891595,0.691891595,0.666891595,0.711891595,0.657891595,0.692891595
4599,0.645297593,0.695297593,0.741297593,0.664297593,0.713297593,0.734297593,0.756297593,0.753297593,0.755297593,0.734297593
4600,0.621806919,0.661806919,0.679806919,0.695806919,0.688806919,0.672806919,0.671806919,0.710806919,0.686806919,0.695806919
4601,0.666576837,0.670576837,0.690576837,0.687576837,0.762576837,0.711576837,0.700576837,0.717576837,0.720576837,0.737576837
4602,0.597597305,0.638597305,0.695597305,0.670597305,0.640597305,0.646597305,0.642597305,0.602597305,0.623597305,0.690597305
4603,0.849418165,0.851418165,0.904418165,0.857418165,0.885418165,0.916418165,0.907418165,0.890418165,0.917418165,0.899418165
4604,0.402620709,0.448620709,0.501620709,0.448620709,0.456620709,0.484620709,0.477620709,0.476620709,0.447620709,0.487620709
4605,0.718562709,0.683562709,0.742562709,0.731562709,0.774562709,0.818562709,0.797562709,0.791562709,0.796562709,0.823562709
4606,0.668302818,0.710302818,0.679302818,0.739302818,0.734302818,0.746302818,0.702302818,0.709302818,0.702302818,0.685302818
4607,0.68861448,0.73361448,0.78861448,0.74261448,0.80861448,0.73761448,0.73461448,0.71361448,0.71461448,0.74561448
4608,0.597148965,0.588148965,0.568148965,0.617148965,0.622148965,0.699148965,0.668148965,0.653148965,0.663148965,0.665148965
4609,0.687763604,0.724763604,0.795763604,0.773763604,0.772763604,0.833763604,0.755763604,0.751763604,0.766763604,0.748763604
4610,0.645276731,0.675276731,0.669276731,0.660276731,0.724276731,0.756276731,0.738276731,0.723276731,0.699276731,0.697276731
4611,0.553176083,0.579176083,0.605176083,0.631176083,0.645176083,0.642176083,0.651176083,0.642176083,0.632176083,0.660176083
4612,0.516820402,0.555820402,0.528820402,0.583820402,0.618820402,0.562820402,0.545820402,0.572820402,0.505820402,0.557820402
4613,0.636886688,0.688886688,0.700886688,0.647886688,0.695886688,0.774886688,0.726886688,0.734886688,0.725886688,0.716886688
4614,0.634495597,0.727495597,0.681495597,0.666495597,0.780495597,0.744495597,0.713495597,0.727495597,0.714495597,0.708495597
4615,0.764167251,0.787167251,0.835167251,0.794167251,0.787167251,0.837167251,0.795167251,0.828167251,0.781167251,0.787167251
4616,0.647952959,0.672952959,0.672952959,0.702952959,0.664952959,0.685952959,0.656952959,0.659952959,0.667952959,0.660952959
4617,0.698246387,0.662246387,0.707246387,0.703246387,0.713246387,0.730246387,0.723246387,0.723246387,0.708246387,0.727246387
4618,0.607725519,0.596725519,0.684725519,0.681725519,0.647725519,0.702725519,0.664725519,0.689725519,0.675725519,0.691725519
4619,0.760444749,0.756444749,0.780444749,0.770444749,0.776444749,0.822444749,0.801444749,0.839444749,0.829444749,0.845444749
4620,0.502380475,0.489380475,0.567380475,0.537380475,0.526380475,0.591380475,0.569380475,0.581380475,0.567380475,0.565380475
4621,0.682424204,0.697424204,0.768424204,0.719424204,0.718424204,0.728424204,0.744424204,0.747424204,0.716424204,0.772424204
4622,0.666335022,0.651335022,0.699335022,0.642335022,0.696335022,0.747335022,0.722335022,0.694335022,0.693335022,0.732335022
4623,0.822211359,0.860211359,0.849211359,0.812211359,0.872211359,0.918211359,0.877211359,0.856211359,0.867211359,0.892211359
4624,0.898259582,0.932259582,0.952259582,0.928259582,1.014259582,1.004259582,0.970259582,0.978259582,0.954259582,0.950259582
4625,0.766215012,0.823215012,0.836215012,0.802215012,0.823215012,0.808215012,0.800215012,0.837215012,0.779215012,0.816215012
4626,0.85796568,0.85796568,0.88096568,0.89896568,0.91796568,0.94296568,0.94696568,0.91796568,0.90696568,0.90896568
4627,0.515665798,0.612665798,0.561665798,0.569665798,0.599665798,0.579665798,0.570665798,0.594665798,0.566665798,0.548665798
4628,0.524875024,0.581875024,0.584875024,0.545875024,0.590875024,0.583875024,0.619875024,0.613875024,0.605875024,0.601875024
4629,0.596562668,0.587562668,0.670562668,0.583562668,0.643562668,0.660562668,0.644562668,0.651562668,0.635562668,0.667562668
4630,0.755125898,0.778125898,0.865125898,0.833125898,0.834125898,0.842125898,0.818125898,0.818125898,0.796125898,0.850125898
4631,0.6318512,0.7308512,0.7098512,0.6818512,0.7348512,0.7398512,0.6998512,0.7128512,0.6768512,0.7018512
4632,0.600305046,0.653305046,0.628305046,0.647305046,0.672305046,0.666305046,0.644305046,0.650305046,0.631305046,0.641305046
4633,0.745024333,0.848024333,0.798024333,0.819024333,0.814024333,0.857024333,0.797024333,0.817024333,0.796024333,0.817024333
4634,0.595688031,0.628688031,0.633688031,0.585688031,0.671688031,0.671688031,0.675688031,0.642688031,0.674688031,0.711688031
4635,0.775758332,0.801758332,0.801758332,0.794758332,0.808758332,0.841758332,0.794758332,0.831758332,0.825758332,0.822758332
4636,0.607388443,0.620388443,0.672388443,0.638388443,0.703388443,0.647388443,0.626388443,0.643388443,0.647388443,0.667388443
4637,0.59077597,0.56177597,0.57677597,0.58077597,0.60177597,0.66277597,0.65077597,0.64077597,0.65077597,0.68677597
4638,0.5231044,0.5511044,0.6141044,0.5591044,0.5661044,0.5441044,0.5711044,0.5961044,0.5751044,0.5601044
4639,0.644373781,0.664373781,0.670373781,0.609373781,0.635373781,0.775373781,0.721373781,0.752373781,0.716373781,0.716373781
4640,0.730317756,0.828317756,0.779317756,0.804317756,0.834317756,0.786317756,0.799317756,0.783317756,0.800317756,0.804317756
4641,0.530633861,0.587633861,0.564633861,0.606633861,0.619633861,0.594633861,0.614633861,0.642633861,0.615633861,0.579633861
4642,0.731613769,0.752613769,0.795613769,0.796613769,0.835613769,0.828613769,0.774613769,0.782613769,0.785613769,0.793613769
4643,0.708442644,0.706442644,0.736442644,0.758442644,0.733442644,0.789442644,0.777442644,0.763442644,0.801442644,0.763442644
4644,0.457799164,0.483799164,0.517799164,0.525799164,0.527799164,0.531799164,0.544799164,0.554799164,0.528799164,0.526799164
4645,0.611897962,0.603897962,0.654897962,0.671897962,0.606897962,0.692897962,0.673897962,0.663897962,0.673897962,0.711897962
4646,0.567342106,0.637342106,0.674342106,0.637342106,0.684342106,0.628342106,0.624342106,0.617342106,0.589342106,0.683342106
4647,0.527058285,0.613058285,0.616058285,0.588058285,0.607058285,0.617058285,0.632058285,0.605058285,0.604058285,0.610058285
4648,0.691444334,0.727444334,0.737444334,0.752444334,0.760444334,0.827444334,0.749444334,0.756444334,0.779444334,0.816444334
4649,0.673813437,0.623813437,0.682813437,0.683813437,0.742813437,0.744813437,0.687813437,0.728813437,0.722813437,0.749813437
4650,0.702888502,0.710888502,0.770888502,0.696888502,0.802888502,0.722888502,0.743888502,0.739888502,0.755888502,0.739888502
4651,0.572981238,0.600981238,0.589981238,0.614981238,0.627981238,0.657981238,0.597981238,0.664981238,0.621981238,0.651981238
4652,0.679379742,0.672379742,0.746379742,0.670379742,0.728379742,0.783379742,0.720379742,0.729379742,0.747379742,0.758379742
4653,0.583702785,0.569702785,0.582702785,0.598702785,0.631702785,0.689702785,0.662702785,0.659702785,0.654702785,0.657702785
4654,0.549014482,0.595014482,0.637014482,0.592014482,0.593014482,0.664014482,0.609014482,0.652014482,0.624014482,0.611014482
4655,0.597277514,0.643277514,0.642277514,0.626277514,0.703277514,0.659277514,0.634277514,0.609277514,0.606277514,0.660277514
4656,0.600937758,0.616937758,0.652937758,0.643937758,0.645937758,0.666937758,0.666937758,0.645937758,0.639937758,0.648937758
4657,0.651083409,0.669083409,0.724083409,0.627083409,0.725083409,0.764083409,0.693083409,0.763083409,0.717083409,0.691083409
4658,0.705765188,0.649765188,0.722765188,0.746765188,0.744765188,0.773765188,0.775765188,0.808765188,0.779765188,0.803765188
4659,0.55502646,0.59302646,0.61902646,0.57702646,0.58302646,0.62302646,0.63202646,0.62602646,0.59502646,0.62502646
4660,0.666774892,0.691774892,0.761774892,0.731774892,0.765774892,0.728774892,0.720774892,0.729774892,0.706774892,0.757774892
4661,0.727936726,0.746936726,0.749936726,0.755936726,0.780936726,0.765936726,0.769936726,0.783936726,0.772936726,0.781936726
4662,0.575082007,0.615082007,0.643082007,0.602082007,0.636082007,0.667082007,0.641082007,0.651082007,0.638082007,0.652082007
4663,0.566026685,0.629026685,0.613026685,0.641026685,0.627026685,0.675026685,0.627026685,0.646026685,0.644026685,0.612026685
4664,0.597918105,0.588918105,0.670918105,0.615918105,0.685918105,0.660918105,0.653918105,0.665918105,0.654918105,0.659918105
4665,0.605015782,0.662015782,0.698015782,0.708015782,0.732015782,0.682015782,0.628015782,0.658015782,0.646015782,0.670015782
4666,0.643877666,0.653877666,0.718877666,0.742877666,0.698877666,0.705877666,0.724877666,0.719877666,0.680877666,0.710877666
4667,0.664853661,0.711853661,0.731853661,0.736853661,0.705853661,0.731853661,0.700853661,0.713853661,0.677853661,0.682853661
4668,0.603394816,0.637394816,0.674394816,0.613394816,0.677394816,0.695394816,0.693394816,0.700394816,0.669394816,0.699394816
4669,0.756519461,0.818519461,0.818519461,0.840519461,0.865519461,0.814519461,0.807519461,0.803519461,0.778519461,0.807519461
4670,0.730549549,0.701549549,0.734549549,0.709549549,0.741549549,0.797549549,0.793549549,0.773549549,0.770549549,0.796549549
4671,0.519963667,0.517963667,0.503963667,0.500963667,0.578963667,0.651963667,0.575963667,0.565963667,0.568963667,0.590963667
4672,0.622189892,0.616189892,0.627189892,0.631189892,0.627189892,0.696189892,0.659189892,0.707189892,0.679189892,0.709189892
4673,0.674194956,0.715194956,0.735194956,0.701194956,0.723194956,0.746194956,0.755194956,0.761194956,0.745194956,0.770194956
4674,0.583493794,0.538493794,0.560493794,0.561493794,0.610493794,0.666493794,0.651493794,0.618493794,0.626493794,0.610493794
4675,0.625258188,0.632258188,0.654258188,0.661258188,0.688258188,0.710258188,0.670258188,0.672258188,0.702258188,0.667258188
4676,0.783235175,0.869235175,0.835235175,0.889235175,0.839235175,0.905235175,0.844235175,0.882235175,0.856235175,0.861235175
4677,0.603848856,0.584848856,0.627848856,0.637848856,0.631848856,0.689848856,0.638848856,0.687848856,0.674848856,0.681848856
4678,0.560235164,0.610235164,0.638235164,0.615235164,0.676235164,0.618235164,0.607235164,0.635235164,0.596235164,0.598235164
4679,0.555371567,0.574371567,0.623371567,0.579371567,0.638371567,0.609371567,0.595371567,0.597371567,0.595371567,0.593371567
4680,0.491291048,0.552291048,0.540291048,0.541291048,0.598291048,0.567291048,0.566291048,0.590291048,0.546291048,0.551291048
4681,0.814888051,0.868888051,0.883888051,0.905888051,0.866888051,0.903888051,0.868888051,0.898888051,0.872888051,0.894888051
4682,0.580132299,0.547132299,0.654132299,0.616132299,0.660132299,0.686132299,0.648132299,0.672132299,0.637132299,0.640132299
4683,0.627737882,0.658737882,0.658737882,0.655737882,0.692737882,0.664737882,0.665737882,0.660737882,0.661737882,0.672737882
4684,0.665437658,0.708437658,0.688437658,0.717437658,0.736437658,0.753437658,0.775437658,0.732437658,0.758437658,0.747437658
4685,0.505679153,0.575679153,0.561679153,0.556679153,0.567679153,0.568679153,0.533679153,0.560679153,0.546679153,0.549679153
4686,0.637769174,0.705769174,0.727769174,0.672769174,0.716769174,0.707769174,0.680769174,0.706769174,0.678769174,0.682769174
4687,0.80993204,0.86793204,0.86993204,0.84893204,0.88993204,0.90093204,0.88493204,0.89393204,0.89493204,0.88493204
4688,0.65962619,0.73462619,0.72362619,0.71562619,0.71562619,0.73862619,0.71362619,0.76062619,0.72562619,0.75262619
4689,0.596565795,0.654565795,0.679565795,0.653565795,0.693565795,0.669565795,0.629565795,0.638565795,0.622565795,0.650565795
4690,0.693279953,0.692279953,0.726279953,0.706279953,0.710279953,0.784279953,0.780279953,0.793279953,0.784279953,0.759279953
4691,0.678292435,0.696292435,0.709292435,0.709292435,0.752292435,0.771292435,0.748292435,0.766292435,0.722292435,0.735292435
4692,0.652973603,0.687973603,0.691973603,0.649973603,0.712973603,0.727973603,0.695973603,0.702973603,0.708973603,0.679973603
4693,0.653086015,0.707086015,0.705086015,0.616086015,0.715086015,0.687086015,0.715086015,0.697086015,0.704086015,0.720086015
4694,0.626096617,0.637096617,0.645096617,0.649096617,0.660096617,0.675096617,0.629096617,0.661096617,0.662096617,0.646096617
4695,0.748599726,0.810599726,0.800599726,0.842599726,0.823599726,0.815599726,0.800599726,0.838599726,0.823599726,0.805599726
4696,0.520777345,0.539777345,0.561777345,0.549777345,0.562777345,0.603777345,0.566777345,0.603777345,0.544777345,0.594777345
4697,0.749165117,0.836165117,0.810165117,0.795165117,0.841165117,0.836165117,0.779165117,0.802165117,0.794165117,0.769165117
4698,0.673901597,0.663901597,0.705901597,0.707901597,0.704901597,0.731901597,0.713901597,0.740901597,0.746901597,0.737901597
4699,0.638069995,0.707069995,0.659069995,0.714069995,0.739069995,0.798069995,0.766069995,0.764069995,0.753069995,0.769069995
4700,0.693149231,0.636149231,0.727149231,0.665149231,0.698149231,0.796149231,0.749149231,0.776149231,0.763149231,0.762149231
4701,0.613284676,0.652284676,0.675284676,0.694284676,0.732284676,0.657284676,0.645284676,0.660284676,0.656284676,0.663284676
4702,0.806063917,0.867063917,0.844063917,0.815063917,0.869063917,0.882063917,0.853063917,0.903063917,0.866063917,0.895063917
4703,0.636076144,0.681076144,0.680076144,0.627076144,0.709076144,0.736076144,0.703076144,0.702076144,0.703076144,0.729076144
4704,0.581430801,0.616430801,0.597430801,0.655430801,0.619430801,0.648430801,0.631430801,0.679430801,0.654430801,0.637430801
4705,0.550945765,0.646945765,0.656945765,0.615945765,0.667945765,0.652945765,0.618945765,0.641945765,0.617945765,0.629945765
4706,0.703844162,0.763844162,0.755844162,0.770844162,0.779844162,0.781844162,0.740844162,0.753844162,0.741844162,0.769844162
4707,0.542029548,0.515029548,0.589029548,0.569029548,0.561029548,0.626029548,0.581029548,0.617029548,0.605029548,0.616029548
4708,0.677006482,0.786006482,0.816006482,0.768006482,0.781006482,0.738006482,0.728006482,0.755006482,0.727006482,0.694006482
4709,0.636300362,0.705300362,0.772300362,0.717300362,0.700300362,0.661300362,0.666300362,0.653300362,0.653300362,0.663300362
4710,0.765096565,0.827096565,0.782096565,0.801096565,0.793096565,0.836096565,0.849096565,0.849096565,0.838096565,0.831096565
4711,0.705726919,0.729726919,0.788726919,0.799726919,0.816726919,0.738726919,0.712726919,0.762726919,0.730726919,0.736726919
4712,0.56256809,0.59956809,0.58856809,0.57556809,0.60356809,0.65756809,0.62456809,0.63856809,0.61956809,0.63456809
4713,0.6744656,0.7694656,0.7404656,0.6924656,0.7524656,0.7624656,0.7544656,0.7344656,0.7534656,0.7674656
4714,0.543453349,0.582453349,0.586453349,0.549453349,0.614453349,0.634453349,0.599453349,0.589453349,0.610453349,0.613453349
4715,0.748572051,0.780572051,0.809572051,0.831572051,0.811572051,0.760572051,0.795572051,0.754572051,0.768572051,0.782572051
4716,0.544115691,0.575115691,0.596115691,0.569115691,0.597115691,0.572115691,0.574115691,0.616115691,0.579115691,0.639115691
4717,0.722537502,0.764537502,0.803537502,0.772537502,0.809537502,0.773537502,0.789537502,0.777537502,0.771537502,0.791537502
4718,0.567804528,0.600804528,0.645804528,0.591804528,0.644804528,0.626804528,0.629804528,0.643804528,0.598804528,0.630804528
4719,0.687402431,0.643402431,0.707402431,0.692402431,0.694402431,0.731402431,0.715402431,0.725402431,0.697402431,0.751402431
4720,0.512232322,0.566232322,0.620232322,0.534232322,0.561232322,0.587232322,0.593232322,0.593232322,0.552232322,0.579232322
4721,0.644463174,0.702463174,0.661463174,0.716463174,0.719463174,0.734463174,0.701463174,0.704463174,0.695463174,0.706463174
4722,0.643430653,0.636430653,0.693430653,0.655430653,0.720430653,0.702430653,0.688430653,0.702430653,0.660430653,0.700430653
4723,0.644757688,0.654757688,0.713757688,0.737757688,0.700757688,0.729757688,0.697757688,0.712757688,0.692757688,0.741757688
4724,0.747131713,0.809131713,0.804131713,0.793131713,0.812131713,0.847131713,0.832131713,0.813131713,0.831131713,0.840131713
4725,0.709388693,0.730388693,0.752388693,0.777388693,0.738388693,0.748388693,0.739388693,0.769388693,0.732388693,0.761388693
4726,0.783500276,0.827500276,0.854500276,0.827500276,0.838500276,0.835500276,0.843500276,0.826500276,0.829500276,0.816500276
4727,0.596199532,0.607199532,0.610199532,0.601199532,0.637199532,0.639199532,0.606199532,0.607199532,0.607199532,0.617199532
4728,0.708936736,0.764936736,0.784936736,0.761936736,0.781936736,0.764936736,0.767936736,0.780936736,0.742936736,0.739936736
4729,0.567110034,0.581110034,0.599110034,0.579110034,0.586110034,0.612110034,0.610110034,0.616110034,0.623110034,0.638110034
4730,0.612596469,0.596596469,0.679596469,0.671596469,0.604596469,0.691596469,0.655596469,0.684596469,0.668596469,0.694596469
4731,0.585227589,0.608227589,0.659227589,0.632227589,0.590227589,0.670227589,0.651227589,0.666227589,0.681227589,0.654227589
4732,0.790730254,0.824730254,0.813730254,0.823730254,0.873730254,0.859730254,0.826730254,0.796730254,0.819730254,0.826730254
4733,0.624474745,0.576474745,0.606474745,0.615474745,0.668474745,0.705474745,0.651474745,0.670474745,0.657474745,0.656474745
4734,0.585545076,0.656545076,0.656545076,0.645545076,0.643545076,0.690545076,0.657545076,0.680545076,0.649545076,0.661545076
4735,0.563401153,0.561401153,0.639401153,0.608401153,0.575401153,0.626401153,0.604401153,0.605401153,0.596401153,0.649401153
4736,0.876720539,0.929720539,0.978720539,0.938720539,0.930720539,0.987720539,0.964720539,0.950720539,0.956720539,0.972720539
4737,0.739439618,0.816439618,0.802439618,0.766439618,0.783439618,0.729439618,0.745439618,0.737439618,0.695439618,0.723439618
4738,0.688555266,0.698555266,0.753555266,0.677555266,0.704555266,0.763555266,0.728555266,0.764555266,0.747555266,0.747555266
4739,0.695547529,0.708547529,0.740547529,0.766547529,0.766547529,0.773547529,0.748547529,0.759547529,0.760547529,0.780547529
4740,0.604391677,0.597391677,0.646391677,0.632391677,0.705391677,0.689391677,0.660391677,0.671391677,0.639391677,0.668391677
4741,0.722795443,0.803795443,0.801795443,0.762795443,0.798795443,0.811795443,0.805795443,0.807795443,0.787795443,0.795795443
4742,0.650889435,0.669889435,0.716889435,0.699889435,0.737889435,0.735889435,0.686889435,0.706889435,0.678889435,0.733889435
4743,0.757815701,0.807815701,0.853815701,0.811815701,0.776815701,0.813815701,0.801815701,0.799815701,0.765815701,0.810815701
4744,0.65487479,0.75287479,0.73387479,0.73987479,0.74187479,0.75587479,0.71687479,0.75787479,0.72287479,0.79387479
4745,0.89206199,0.90606199,0.94106199,0.89506199,0.94006199,0.97106199,0.92406199,0.93606199,0.93406199,0.95406199
4746,0.608191828,0.599191828,0.634191828,0.622191828,0.653191828,0.692191828,0.655191828,0.684191828,0.675191828,0.680191828
4747,0.780303388,0.805303388,0.826303388,0.818303388,0.842303388,0.861303388,0.811303388,0.836303388,0.812303388,0.871303388
4748,0.549717122,0.583717122,0.527717122,0.563717122,0.559717122,0.624717122,0.650717122,0.629717122,0.612717122,0.610717122
4749,0.603909593,0.667909593,0.691909593,0.672909593,0.681909593,0.634909593,0.638909593,0.637909593,0.642909593,0.653909593
4750,0.701437217,0.735437217,0.754437217,0.787437217,0.757437217,0.789437217,0.759437217,0.769437217,0.752437217,0.773437217
4751,0.643837291,0.673837291,0.719837291,0.710837291,0.723837291,0.699837291,0.703837291,0.697837291,0.670837291,0.705837291
4752,0.793173881,0.822173881,0.819173881,0.844173881,0.828173881,0.848173881,0.843173881,0.864173881,0.834173881,0.885173881
4753,0.666651905,0.623651905,0.677651905,0.693651905,0.698651905,0.746651905,0.742651905,0.739651905,0.729651905,0.728651905
4754,0.628649134,0.635649134,0.675649134,0.635649134,0.628649134,0.683649134,0.650649134,0.638649134,0.637649134,0.684649134
4755,0.480901667,0.480901667,0.552901667,0.554901667,0.567901667,0.562901667,0.543901667,0.579901667,0.527901667,0.585901667
4756,0.572679807,0.650679807,0.635679807,0.669679807,0.689679807,0.602679807,0.579679807,0.563679807,0.567679807,0.581679807
4757,0.658437752,0.661437752,0.717437752,0.645437752,0.737437752,0.761437752,0.751437752,0.736437752,0.704437752,0.765437752
4758,0.636636105,0.670636105,0.696636105,0.724636105,0.665636105,0.723636105,0.682636105,0.717636105,0.673636105,0.714636105
4759,0.645391353,0.628391353,0.705391353,0.636391353,0.672391353,0.750391353,0.716391353,0.743391353,0.713391353,0.728391353
4760,0.713591019,0.679591019,0.793591019,0.761591019,0.745591019,0.779591019,0.752591019,0.774591019,0.742591019,0.755591019
4761,0.793470002,0.806470002,0.852470002,0.828470002,0.882470002,0.864470002,0.849470002,0.875470002,0.850470002,0.870470002
4762,0.539551864,0.543551864,0.557551864,0.542551864,0.543551864,0.605551864,0.624551864,0.627551864,0.612551864,0.621551864
4763,0.574611235,0.596611235,0.636611235,0.566611235,0.618611235,0.657611235,0.612611235,0.621611235,0.601611235,0.616611235
4764,0.712787039,0.785787039,0.824787039,0.754787039,0.787787039,0.814787039,0.768787039,0.804787039,0.785787039,0.778787039
4765,0.644576671,0.662576671,0.656576671,0.666576671,0.637576671,0.672576671,0.666576671,0.690576671,0.679576671,0.684576671
4766,0.510188916,0.572188916,0.577188916,0.567188916,0.580188916,0.627188916,0.558188916,0.597188916,0.560188916,0.570188916
4767,0.684233016,0.650233016,0.744233016,0.691233016,0.758233016,0.737233016,0.713233016,0.737233016,0.730233016,0.694233016
4768,0.627520536,0.700520536,0.684520536,0.656520536,0.664520536,0.730520536,0.679520536,0.726520536,0.670520536,0.716520536
4769,0.733035671,0.785035671,0.761035671,0.735035671,0.768035671,0.838035671,0.817035671,0.839035671,0.790035671,0.856035671
4770,0.637035465,0.686035465,0.658035465,0.714035465,0.730035465,0.693035465,0.678035465,0.692035465,0.678035465,0.728035465
4771,0.634931623,0.661931623,0.674931623,0.693931623,0.672931623,0.714931623,0.639931623,0.645931623,0.614931623,0.651931623
4772,0.703562796,0.730562796,0.786562796,0.745562796,0.820562796,0.801562796,0.748562796,0.764562796,0.748562796,0.754562796
4773,0.594543404,0.646543404,0.647543404,0.641543404,0.702543404,0.679543404,0.647543404,0.684543404,0.664543404,0.686543404
4774,0.630079449,0.627079449,0.639079449,0.586079449,0.677079449,0.723079449,0.706079449,0.668079449,0.697079449,0.696079449
4775,0.66706412,0.72906412,0.72306412,0.70706412,0.73006412,0.68506412,0.73206412,0.67606412,0.71006412,0.73106412
4776,0.642840799,0.704840799,0.722840799,0.684840799,0.742840799,0.737840799,0.685840799,0.714840799,0.711840799,0.716840799
4777,0.775741594,0.741741594,0.769741594,0.764741594,0.783741594,0.828741594,0.831741594,0.870741594,0.830741594,0.856741594
4778,0.568007173,0.637007173,0.623007173,0.637007173,0.702007173,0.687007173,0.656007173,0.655007173,0.630007173,0.658007173
4779,0.628870604,0.684870604,0.633870604,0.681870604,0.674870604,0.741870604,0.703870604,0.716870604,0.703870604,0.732870604
4780,0.721955621,0.759955621,0.792955621,0.782955621,0.810955621,0.839955621,0.777955621,0.763955621,0.784955621,0.810955621
4781,0.668793366,0.681793366,0.675793366,0.720793366,0.734793366,0.742793366,0.701793366,0.750793366,0.725793366,0.728793366
4782,0.701636708,0.738636708,0.754636708,0.755636708,0.737636708,0.820636708,0.748636708,0.751636708,0.729636708,0.733636708
4783,0.627837967,0.678837967,0.686837967,0.645837967,0.665837967,0.737837967,0.698837967,0.694837967,0.692837967,0.684837967
4784,0.576336077,0.595336077,0.617336077,0.597336077,0.635336077,0.659336077,0.603336077,0.565336077,0.617336077,0.637336077
4785,0.563500958,0.591500958,0.636500958,0.619500958,0.600500958,0.635500958,0.581500958,0.590500958,0.565500958,0.582500958
4786,0.577561465,0.617561465,0.604561465,0.588561465,0.641561465,0.679561465,0.611561465,0.619561465,0.623561465,0.639561465
4787,0.486323036,0.508323036,0.533323036,0.519323036,0.542323036,0.599323036,0.568323036,0.593323036,0.556323036,0.562323036
4788,0.706733851,0.730733851,0.754733851,0.720733851,0.680733851,0.820733851,0.760733851,0.767733851,0.783733851,0.789733851
4789,0.817142015,0.823142015,0.861142015,0.864142015,0.891142015,0.897142015,0.875142015,0.892142015,0.852142015,0.888142015
4790,0.60841319,0.66041319,0.69241319,0.66141319,0.68041319,0.66241319,0.66241319,0.65241319,0.64341319,0.68641319
4791,0.656742833,0.677742833,0.677742833,0.727742833,0.726742833,0.733742833,0.703742833,0.715742833,0.695742833,0.714742833
4792,0.52187894,0.52887894,0.50087894,0.51087894,0.51487894,0.62487894,0.56587894,0.60087894,0.57887894,0.59587894
4793,0.548797909,0.492797909,0.568797909,0.553797909,0.545797909,0.630797909,0.594797909,0.593797909,0.570797909,0.592797909
4794,0.766293272,0.758293272,0.785293272,0.748293272,0.810293272,0.868293272,0.820293272,0.828293272,0.840293272,0.860293272
4795,0.681506934,0.704506934,0.715506934,0.692506934,0.735506934,0.762506934,0.720506934,0.736506934,0.734506934,0.728506934
4796,0.520087648,0.597087648,0.598087648,0.524087648,0.578087648,0.557087648,0.578087648,0.578087648,0.571087648,0.602087648
4797,0.823310335,0.826310335,0.855310335,0.854310335,0.864310335,0.882310335,0.867310335,0.869310335,0.859310335,0.844310335
4798,0.803830757,0.808830757,0.797830757,0.796830757,0.827830757,0.922830757,0.904830757,0.885830757,0.886830757,0.902830757
4799,0.633341187,0.636341187,0.696341187,0.647341187,0.658341187,0.724341187,0.643341187,0.700341187,0.677341187,0.705341187
4800,0.746460503,0.817460503,0.774460503,0.813460503,0.816460503,0.819460503,0.769460503,0.817460503,0.797460503,0.793460503
4801,0.541146221,0.530146221,0.610146221,0.583146221,0.597146221,0.613146221,0.585146221,0.564146221,0.577146221,0.608146221
4802,0.627620958,0.664620958,0.665620958,0.672620958,0.702620958,0.678620958,0.661620958,0.622620958,0.698620958,0.676620958
4803,0.622416089,0.624416089,0.701416089,0.631416089,0.673416089,0.696416089,0.677416089,0.695416089,0.678416089,0.679416089
4804,0.636956006,0.663956006,0.661956006,0.618956006,0.681956006,0.652956006,0.673956006,0.683956006,0.629956006,0.669956006
4805,0.515633114,0.551633114,0.614633114,0.614633114,0.567633114,0.605633114,0.539633114,0.552633114,0.529633114,0.534633114
4806,0.501220976,0.505220976,0.582220976,0.528220976,0.610220976,0.568220976,0.554220976,0.542220976,0.532220976,0.544220976
4807,0.638435505,0.657435505,0.724435505,0.682435505,0.713435505,0.700435505,0.694435505,0.719435505,0.698435505,0.752435505
4808,0.508491177,0.512491177,0.448491177,0.526491177,0.538491177,0.581491177,0.567491177,0.575491177,0.586491177,0.583491177
4809,0.548835762,0.557835762,0.647835762,0.587835762,0.634835762,0.576835762,0.579835762,0.596835762,0.559835762,0.611835762
4810,0.521832592,0.587832592,0.610832592,0.615832592,0.604832592,0.610832592,0.555832592,0.575832592,0.543832592,0.595832592
4811,0.592607268,0.597607268,0.638607268,0.623607268,0.624607268,0.660607268,0.660607268,0.659607268,0.657607268,0.659607268
4812,0.592103158,0.608103158,0.674103158,0.700103158,0.687103158,0.664103158,0.660103158,0.666103158,0.679103158,0.666103158
4813,0.502962341,0.547962341,0.569962341,0.539962341,0.563962341,0.538962341,0.518962341,0.569962341,0.529962341,0.535962341
4814,0.619115589,0.700115589,0.692115589,0.661115589,0.625115589,0.657115589,0.627115589,0.639115589,0.619115589,0.619115589
4815,0.521606148,0.558606148,0.580606148,0.550606148,0.563606148,0.614606148,0.587606148,0.603606148,0.616606148,0.616606148
4816,0.723336182,0.758336182,0.782336182,0.775336182,0.796336182,0.851336182,0.812336182,0.803336182,0.807336182,0.815336182
4817,0.584591395,0.634591395,0.604591395,0.579591395,0.627591395,0.628591395,0.604591395,0.646591395,0.602591395,0.635591395
4818,0.746376326,0.740376326,0.773376326,0.768376326,0.769376326,0.823376326,0.840376326,0.802376326,0.773376326,0.824376326
4819,0.647676707,0.582676707,0.620676707,0.606676707,0.637676707,0.713676707,0.736676707,0.730676707,0.685676707,0.723676707
4820,0.935381537,0.921381537,0.941381537,0.911381537,0.946381537,1.030381537,0.991381537,1.043381537,0.961381537,1.027381537
4821,0.654328015,0.742328015,0.702328015,0.737328015,0.682328015,0.674328015,0.699328015,0.709328015,0.688328015,0.711328015
4822,0.636311827,0.625311827,0.642311827,0.650311827,0.680311827,0.735311827,0.694311827,0.706311827,0.699311827,0.672311827
4823,0.694830898,0.741830898,0.731830898,0.734830898,0.775830898,0.753830898,0.759830898,0.779830898,0.750830898,0.757830898
4824,0.640253645,0.642253645,0.639253645,0.617253645,0.624253645,0.685253645,0.685253645,0.690253645,0.673253645,0.690253645
4825,0.824009266,0.837009266,0.871009266,0.900009266,0.877009266,0.928009266,0.866009266,0.891009266,0.871009266,0.861009266
4826,0.583156831,0.617156831,0.605156831,0.562156831,0.612156831,0.669156831,0.623156831,0.651156831,0.639156831,0.651156831
4827,0.796711153,0.834711153,0.833711153,0.851711153,0.870711153,0.879711153,0.817711153,0.842711153,0.815711153,0.840711153
4828,0.680578914,0.726578914,0.725578914,0.722578914,0.694578914,0.736578914,0.730578914,0.710578914,0.728578914,0.746578914
4829,0.663714804,0.707714804,0.653714804,0.714714804,0.718714804,0.763714804,0.702714804,0.754714804,0.696714804,0.732714804
4830,0.737316456,0.767316456,0.786316456,0.791316456,0.813316456,0.737316456,0.719316456,0.774316456,0.749316456,0.759316456
4831,0.956494629,1.004494629,0.992494629,0.987494629,1.015494629,1.048494629,0.983494629,0.983494629,0.982494629,1.011494629
4832,0.687446696,0.713446696,0.730446696,0.702446696,0.753446696,0.761446696,0.764446696,0.755446696,0.771446696,0.747446696
4833,0.637015549,0.644015549,0.708015549,0.669015549,0.698015549,0.728015549,0.705015549,0.690015549,0.683015549,0.721015549
4834,0.431869163,0.454869163,0.412869163,0.374869163,0.402869163,0.505869163,0.481869163,0.511869163,0.482869163,0.490869163
4835,0.848815177,0.852815177,0.879815177,0.799815177,0.867815177,0.916815177,0.891815177,0.937815177,0.886815177,0.910815177
4836,0.712580096,0.725580096,0.748580096,0.737580096,0.773580096,0.807580096,0.749580096,0.782580096,0.779580096,0.794580096
4837,0.746377812,0.834377812,0.837377812,0.774377812,0.846377812,0.789377812,0.848377812,0.803377812,0.813377812,0.844377812
4838,0.796582391,0.835582391,0.857582391,0.842582391,0.862582391,0.838582391,0.836582391,0.825582391,0.833582391,0.860582391
4839,0.639841945,0.678841945,0.667841945,0.644841945,0.684841945,0.711841945,0.674841945,0.683841945,0.694841945,0.667841945
4840,0.677174435,0.676174435,0.794174435,0.714174435,0.766174435,0.772174435,0.739174435,0.766174435,0.709174435,0.748174435
4841,0.594608409,0.653608409,0.674608409,0.607608409,0.648608409,0.676608409,0.642608409,0.629608409,0.622608409,0.625608409
4842,0.661921015,0.673921015,0.765921015,0.736921015,0.676921015,0.742921015,0.735921015,0.726921015,0.713921015,0.727921015
4843,0.671049919,0.678049919,0.702049919,0.629049919,0.738049919,0.709049919,0.681049919,0.703049919,0.670049919,0.681049919
4844,0.732897017,0.749897017,0.777897017,0.768897017,0.804897017,0.835897017,0.767897017,0.777897017,0.775897017,0.786897017
4845,0.623025469,0.599025469,0.605025469,0.574025469,0.678025469,0.685025469,0.674025469,0.660025469,0.676025469,0.689025469
4846,0.655674099,0.754674099,0.769674099,0.767674099,0.737674099,0.696674099,0.662674099,0.656674099,0.646674099,0.695674099
4847,0.551482951,0.607482951,0.658482951,0.615482951,0.645482951,0.699482951,0.638482951,0.671482951,0.647482951,0.676482951
4848,0.719391653,0.754391653,0.795391653,0.801391653,0.818391653,0.769391653,0.752391653,0.705391653,0.762391653,0.753391653
4849,0.606302288,0.618302288,0.666302288,0.605302288,0.675302288,0.718302288,0.694302288,0.698302288,0.673302288,0.694302288
4850,0.870019061,0.916019061,0.957019061,0.918019061,0.946019061,0.915019061,0.910019061,0.905019061,0.888019061,0.950019061
4851,0.649984567,0.716984567,0.716984567,0.681984567,0.663984567,0.710984567,0.692984567,0.702984567,0.669984567,0.681984567
4852,0.589210101,0.635210101,0.600210101,0.662210101,0.695210101,0.611210101,0.605210101,0.596210101,0.590210101,0.595210101
4853,0.900831422,0.927831422,0.965831422,0.960831422,0.981831422,0.952831422,0.980831422,0.985831422,0.959831422,0.990831422
4854,0.500798291,0.511798291,0.526798291,0.531798291,0.580798291,0.592798291,0.536798291,0.538798291,0.526798291,0.556798291
4855,0.671637848,0.780637848,0.797637848,0.792637848,0.804637848,0.727637848,0.726637848,0.745637848,0.708637848,0.727637848
4856,0.779936983,0.818936983,0.837936983,0.833936983,0.830936983,0.843936983,0.846936983,0.858936983,0.839936983,0.837936983
4857,0.535752878,0.585752878,0.566752878,0.526752878,0.624752878,0.569752878,0.595752878,0.589752878,0.563752878,0.633752878
4858,0.683998825,0.792998825,0.785998825,0.758998825,0.719998825,0.788998825,0.764998825,0.743998825,0.710998825,0.783998825
4859,0.609861233,0.679861233,0.716861233,0.693861233,0.739861233,0.670861233,0.632861233,0.657861233,0.637861233,0.655861233
4860,0.509658393,0.591658393,0.584658393,0.550658393,0.564658393,0.570658393,0.576658393,0.564658393,0.577658393,0.578658393
4861,0.557821741,0.614821741,0.602821741,0.607821741,0.614821741,0.633821741,0.621821741,0.642821741,0.631821741,0.650821741
4862,0.702679104,0.682679104,0.772679104,0.722679104,0.778679104,0.757679104,0.736679104,0.735679104,0.731679104,0.758679104
4863,0.641581988,0.693581988,0.704581988,0.690581988,0.738581988,0.696581988,0.693581988,0.705581988,0.643581988,0.692581988
4864,0.654994896,0.728994896,0.680994896,0.700994896,0.737994896,0.674994896,0.681994896,0.662994896,0.653994896,0.687994896
4865,0.504899952,0.524899952,0.563899952,0.563899952,0.584899952,0.567899952,0.535899952,0.537899952,0.514899952,0.527899952
4866,0.80074168,0.82174168,0.86674168,0.81374168,0.87374168,0.89174168,0.90374168,0.89474168,0.86074168,0.90774168
4867,0.702275377,0.731275377,0.745275377,0.689275377,0.767275377,0.734275377,0.760275377,0.775275377,0.748275377,0.726275377
4868,0.515923092,0.515923092,0.540923092,0.569923092,0.531923092,0.571923092,0.554923092,0.557923092,0.543923092,0.579923092
4869,0.614772147,0.617772147,0.633772147,0.696772147,0.676772147,0.696772147,0.665772147,0.705772147,0.671772147,0.702772147
4870,0.479963635,0.549963635,0.560963635,0.527963635,0.625963635,0.526963635,0.526963635,0.528963635,0.555963635,0.539963635
4871,0.694438215,0.747438215,0.815438215,0.766438215,0.765438215,0.807438215,0.762438215,0.777438215,0.746438215,0.797438215
4872,0.62477545,0.56877545,0.65277545,0.65477545,0.62577545,0.66277545,0.65977545,0.67877545,0.67677545,0.65577545
4873,0.728286043,0.792286043,0.797286043,0.794286043,0.788286043,0.778286043,0.779286043,0.796286043,0.773286043,0.762286043
4874,0.546806299,0.551806299,0.602806299,0.610806299,0.540806299,0.609806299,0.570806299,0.595806299,0.601806299,0.629806299
4875,0.486662529,0.426662529,0.488662529,0.492662529,0.480662529,0.574662529,0.532662529,0.555662529,0.509662529,0.545662529
4876,0.694586276,0.719586276,0.742586276,0.698586276,0.693586276,0.776586276,0.783586276,0.818586276,0.777586276,0.817586276
4877,0.8163847,0.8453847,0.8513847,0.8273847,0.8623847,0.8793847,0.9163847,0.9503847,0.8823847,0.9113847
4878,0.873810002,0.925810002,0.926810002,0.920810002,0.989810002,0.931810002,0.920810002,0.927810002,0.936810002,0.963810002
4879,0.520060733,0.539060733,0.550060733,0.596060733,0.570060733,0.631060733,0.578060733,0.627060733,0.579060733,0.576060733
4880,0.770753961,0.762753961,0.831753961,0.822753961,0.840753961,0.798753961,0.819753961,0.804753961,0.819753961,0.818753961
4881,0.563702548,0.555702548,0.564702548,0.608702548,0.565702548,0.622702548,0.601702548,0.599702548,0.597702548,0.626702548
4882,0.559670635,0.605670635,0.602670635,0.599670635,0.617670635,0.638670635,0.619670635,0.629670635,0.639670635,0.624670635
4883,0.562182779,0.544182779,0.594182779,0.570182779,0.578182779,0.627182779,0.608182779,0.647182779,0.621182779,0.638182779
4884,0.659687241,0.681687241,0.748687241,0.702687241,0.720687241,0.731687241,0.717687241,0.701687241,0.717687241,0.739687241
4885,0.726210118,0.717210118,0.725210118,0.706210118,0.727210118,0.810210118,0.791210118,0.799210118,0.779210118,0.798210118
4886,0.571215362,0.594215362,0.672215362,0.593215362,0.672215362,0.613215362,0.589215362,0.633215362,0.615215362,0.583215362
4887,0.625720086,0.624720086,0.709720086,0.678720086,0.655720086,0.731720086,0.678720086,0.707720086,0.695720086,0.689720086
4888,0.548139283,0.613139283,0.585139283,0.538139283,0.634139283,0.606139283,0.604139283,0.593139283,0.583139283,0.548139283
4889,0.649367081,0.773367081,0.708367081,0.739367081,0.741367081,0.766367081,0.719367081,0.746367081,0.722367081,0.741367081
4890,0.719754247,0.754754247,0.751754247,0.802754247,0.848754247,0.800754247,0.769754247,0.816754247,0.789754247,0.794754247
4891,0.702899263,0.734899263,0.740899263,0.793899263,0.776899263,0.806899263,0.799899263,0.780899263,0.800899263,0.815899263
4892,0.760607346,0.865607346,0.839607346,0.821607346,0.867607346,0.823607346,0.804607346,0.802607346,0.796607346,0.833607346
4893,0.606710994,0.685710994,0.664710994,0.642710994,0.666710994,0.679710994,0.646710994,0.688710994,0.670710994,0.644710994
4894,0.608257775,0.638257775,0.674257775,0.669257775,0.654257775,0.649257775,0.670257775,0.721257775,0.663257775,0.687257775
4895,0.493194679,0.534194679,0.550194679,0.572194679,0.539194679,0.517194679,0.539194679,0.534194679,0.543194679,0.525194679
4896,0.472104145,0.500104145,0.547104145,0.577104145,0.568104145,0.582104145,0.533104145,0.547104145,0.533104145,0.539104145
4897,0.607136912,0.622136912,0.650136912,0.585136912,0.645136912,0.726136912,0.691136912,0.658136912,0.642136912,0.688136912
4898,0.657908428,0.654908428,0.694908428,0.623908428,0.714908428,0.732908428,0.696908428,0.702908428,0.685908428,0.680908428
4899,0.711519707,0.765519707,0.793519707,0.759519707,0.803519707,0.765519707,0.762519707,0.759519707,0.764519707,0.757519707
4900,0.676266437,0.735266437,0.714266437,0.690266437,0.753266437,0.747266437,0.754266437,0.760266437,0.699266437,0.749266437
4901,0.523221112,0.578221112,0.533221112,0.586221112,0.610221112,0.570221112,0.570221112,0.591221112,0.542221112,0.565221112
4902,0.620692059,0.645692059,0.667692059,0.594692059,0.664692059,0.669692059,0.681692059,0.718692059,0.705692059,0.708692059
4903,0.601268523,0.643268523,0.637268523,0.635268523,0.675268523,0.698268523,0.645268523,0.663268523,0.640268523,0.674268523
4904,0.669899261,0.717899261,0.790899261,0.747899261,0.772899261,0.754899261,0.715899261,0.769899261,0.729899261,0.758899261
4905,0.489203311,0.504203311,0.545203311,0.460203311,0.541203311,0.550203311,0.528203311,0.546203311,0.546203311,0.540203311
4906,0.864834998,0.880834998,0.893834998,0.901834998,0.918834998,0.933834998,0.907834998,0.942834998,0.922834998,0.916834998
4907,0.553520644,0.559520644,0.647520644,0.580520644,0.604520644,0.603520644,0.602520644,0.597520644,0.587520644,0.624520644
4908,0.53741836,0.59141836,0.60341836,0.62041836,0.66541836,0.60441836,0.59741836,0.59141836,0.58341836,0.60541836
4909,0.745337148,0.747337148,0.736337148,0.784337148,0.798337148,0.797337148,0.811337148,0.790337148,0.776337148,0.744337148
4910,0.579047524,0.556047524,0.585047524,0.592047524,0.607047524,0.659047524,0.631047524,0.618047524,0.635047524,0.659047524
4911,0.493934127,0.466934127,0.530934127,0.533934127,0.545934127,0.601934127,0.601934127,0.604934127,0.578934127,0.602934127
4912,0.633633307,0.670633307,0.641633307,0.626633307,0.693633307,0.705633307,0.676633307,0.740633307,0.713633307,0.665633307
4913,0.800384764,0.837384764,0.850384764,0.805384764,0.869384764,0.909384764,0.861384764,0.840384764,0.867384764,0.848384764
4914,0.630149788,0.608149788,0.648149788,0.632149788,0.610149788,0.649149788,0.654149788,0.671149788,0.652149788,0.651149788
4915,0.718674657,0.783674657,0.797674657,0.794674657,0.757674657,0.821674657,0.810674657,0.805674657,0.791674657,0.827674657
4916,0.670094478,0.692094478,0.768094478,0.749094478,0.736094478,0.759094478,0.719094478,0.732094478,0.705094478,0.752094478
4917,0.719946535,0.696946535,0.766946535,0.790946535,0.770946535,0.802946535,0.774946535,0.778946535,0.786946535,0.792946535
4918,0.705571045,0.771571045,0.782571045,0.769571045,0.795571045,0.777571045,0.747571045,0.781571045,0.756571045,0.767571045
4919,0.697457035,0.734457035,0.752457035,0.733457035,0.732457035,0.765457035,0.732457035,0.764457035,0.751457035,0.810457035
4920,0.695810815,0.726810815,0.792810815,0.778810815,0.770810815,0.797810815,0.798810815,0.799810815,0.778810815,0.819810815
4921,0.686270842,0.714270842,0.735270842,0.758270842,0.771270842,0.759270842,0.705270842,0.739270842,0.745270842,0.755270842
4922,0.662184182,0.672184182,0.744184182,0.760184182,0.730184182,0.762184182,0.756184182,0.745184182,0.748184182,0.757184182
4923,0.707780432,0.775780432,0.721780432,0.749780432,0.765780432,0.773780432,0.753780432,0.788780432,0.782780432,0.775780432
4924,0.595480618,0.648480618,0.640480618,0.658480618,0.673480618,0.677480618,0.658480618,0.682480618,0.658480618,0.693480618
4925,0.610444012,0.522444012,0.574444012,0.581444012,0.559444012,0.711444012,0.679444012,0.701444012,0.668444012,0.667444012
4926,0.762469903,0.789469903,0.826469903,0.765469903,0.868469903,0.821469903,0.813469903,0.841469903,0.811469903,0.844469903
4927,0.637927142,0.655927142,0.638927142,0.697927142,0.694927142,0.719927142,0.730927142,0.739927142,0.717927142,0.734927142
4928,0.762502609,0.771502609,0.828502609,0.791502609,0.795502609,0.833502609,0.803502609,0.787502609,0.759502609,0.826502609
4929,0.700156751,0.693156751,0.742156751,0.733156751,0.716156751,0.748156751,0.729156751,0.783156751,0.723156751,0.747156751
4930,0.67423628,0.70023628,0.75823628,0.74123628,0.77123628,0.76123628,0.73023628,0.73523628,0.71723628,0.75123628
4931,0.761164133,0.717164133,0.744164133,0.766164133,0.780164133,0.840164133,0.807164133,0.835164133,0.832164133,0.864164133
4932,0.720881369,0.704881369,0.731881369,0.769881369,0.744881369,0.795881369,0.780881369,0.782881369,0.750881369,0.782881369
4933,0.703635225,0.707635225,0.767635225,0.783635225,0.773635225,0.753635225,0.764635225,0.768635225,0.753635225,0.743635225
4934,0.554005236,0.569005236,0.599005236,0.615005236,0.657005236,0.591005236,0.593005236,0.612005236,0.574005236,0.572005236
4935,0.748925351,0.790925351,0.802925351,0.843925351,0.865925351,0.822925351,0.764925351,0.823925351,0.812925351,0.808925351
4936,0.62018829,0.61918829,0.63418829,0.64018829,0.66718829,0.70818829,0.66718829,0.69318829,0.65918829,0.67218829
4937,0.558115595,0.594115595,0.573115595,0.616115595,0.610115595,0.650115595,0.623115595,0.618115595,0.603115595,0.675115595
4938,0.721522884,0.788522884,0.771522884,0.760522884,0.744522884,0.744522884,0.738522884,0.735522884,0.737522884,0.724522884
4939,0.651098336,0.682098336,0.663098336,0.685098336,0.693098336,0.688098336,0.672098336,0.757098336,0.661098336,0.717098336
4940,0.513692879,0.577692879,0.584692879,0.564692879,0.614692879,0.587692879,0.560692879,0.589692879,0.541692879,0.601692879
4941,0.733529925,0.721529925,0.782529925,0.732529925,0.789529925,0.804529925,0.795529925,0.797529925,0.786529925,0.774529925
4942,0.624855614,0.691855614,0.659855614,0.632855614,0.649855614,0.698855614,0.673855614,0.667855614,0.692855614,0.713855614
4943,0.573933565,0.572933565,0.654933565,0.624933565,0.607933565,0.672933565,0.630933565,0.628933565,0.617933565,0.670933565
4944,0.640319775,0.685319775,0.709319775,0.694319775,0.690319775,0.776319775,0.688319775,0.715319775,0.701319775,0.698319775
4945,0.861082693,0.926082693,0.999082693,0.955082693,0.978082693,0.972082693,0.957082693,0.979082693,0.932082693,0.978082693
4946,0.523513314,0.594513314,0.600513314,0.587513314,0.607513314,0.591513314,0.534513314,0.542513314,0.553513314,0.580513314
4947,0.624365268,0.614365268,0.644365268,0.642365268,0.699365268,0.697365268,0.657365268,0.686365268,0.669365268,0.682365268
4948,0.550937641,0.527937641,0.582937641,0.570937641,0.561937641,0.641937641,0.637937641,0.629937641,0.641937641,0.644937641
4949,0.661762993,0.657762993,0.645762993,0.668762993,0.708762993,0.762762993,0.759762993,0.758762993,0.746762993,0.764762993
4950,0.696063456,0.769063456,0.791063456,0.795063456,0.780063456,0.769063456,0.742063456,0.755063456,0.732063456,0.774063456
4951,0.751365228,0.792365228,0.845365228,0.804365228,0.809365228,0.862365228,0.842365228,0.821365228,0.824365228,0.821365228
4952,0.473716596,0.460716596,0.518716596,0.480716596,0.552716596,0.535716596,0.545716596,0.580716596,0.552716596,0.575716596
4953,0.648529941,0.676529941,0.697529941,0.671529941,0.719529941,0.701529941,0.708529941,0.701529941,0.678529941,0.715529941
4954,0.696394385,0.753394385,0.743394385,0.728394385,0.790394385,0.767394385,0.732394385,0.783394385,0.748394385,0.721394385
4955,0.616872808,0.716872808,0.724872808,0.705872808,0.695872808,0.725872808,0.702872808,0.687872808,0.702872808,0.737872808
4956,0.63863711,0.66763711,0.69463711,0.64763711,0.71963711,0.72863711,0.73163711,0.72263711,0.72063711,0.74663711
4957,0.603193437,0.633193437,0.637193437,0.676193437,0.656193437,0.667193437,0.646193437,0.634193437,0.595193437,0.650193437
4958,0.756352231,0.729352231,0.789352231,0.785352231,0.840352231,0.815352231,0.830352231,0.798352231,0.808352231,0.839352231
4959,0.623262244,0.660262244,0.665262244,0.672262244,0.675262244,0.745262244,0.698262244,0.731262244,0.708262244,0.694262244
4960,0.639898691,0.680898691,0.726898691,0.712898691,0.733898691,0.721898691,0.718898691,0.750898691,0.705898691,0.698898691
4961,0.608136849,0.606136849,0.658136849,0.663136849,0.674136849,0.676136849,0.686136849,0.678136849,0.682136849,0.658136849
4962,0.524950937,0.528950937,0.548950937,0.493950937,0.533950937,0.599950937,0.569950937,0.583950937,0.546950937,0.589950937
4963,0.750952542,0.801952542,0.799952542,0.742952542,0.826952542,0.870952542,0.815952542,0.851952542,0.799952542,0.814952542
4964,0.658436466,0.690436466,0.716436466,0.679436466,0.704436466,0.761436466,0.732436466,0.742436466,0.748436466,0.744436466
4965,0.654968264,0.659968264,0.679968264,0.664968264,0.681968264,0.760968264,0.740968264,0.755968264,0.734968264,0.762968264
4966,0.51795082,0.57695082,0.61095082,0.56395082,0.59295082,0.60095082,0.58995082,0.57395082,0.57195082,0.57395082
4967,0.526620789,0.549620789,0.519620789,0.539620789,0.582620789,0.536620789,0.511620789,0.535620789,0.503620789,0.513620789
4968,0.705696991,0.745696991,0.747696991,0.745696991,0.806696991,0.764696991,0.741696991,0.734696991,0.742696991,0.789696991
4969,0.627561313,0.677561313,0.644561313,0.643561313,0.718561313,0.649561313,0.654561313,0.665561313,0.656561313,0.660561313
4970,0.716132353,0.679132353,0.726132353,0.756132353,0.752132353,0.766132353,0.758132353,0.771132353,0.749132353,0.764132353
4971,0.746102865,0.827102865,0.825102865,0.785102865,0.834102865,0.879102865,0.814102865,0.858102865,0.829102865,0.859102865
4972,0.539485067,0.565485067,0.575485067,0.561485067,0.572485067,0.611485067,0.587485067,0.602485067,0.585485067,0.589485067
4973,0.540114072,0.577114072,0.613114072,0.613114072,0.596114072,0.583114072,0.577114072,0.594114072,0.535114072,0.567114072
4974,0.705527813,0.772527813,0.817527813,0.756527813,0.805527813,0.783527813,0.738527813,0.787527813,0.755527813,0.762527813
4975,0.798046384,0.829046384,0.840046384,0.850046384,0.871046384,0.925046384,0.856046384,0.864046384,0.865046384,0.902046384
4976,0.53646014,0.52546014,0.58346014,0.58046014,0.55246014,0.65346014,0.60846014,0.61646014,0.61346014,0.65046014
4977,0.74140529,0.73840529,0.79840529,0.79740529,0.85040529,0.82540529,0.79540529,0.77640529,0.79240529,0.80840529
4978,0.673433456,0.715433456,0.715433456,0.758433456,0.727433456,0.718433456,0.706433456,0.720433456,0.695433456,0.700433456
4979,0.683904919,0.688904919,0.770904919,0.717904919,0.713904919,0.747904919,0.705904919,0.738904919,0.734904919,0.741904919
4980,0.661153633,0.674153633,0.751153633,0.708153633,0.705153633,0.758153633,0.693153633,0.781153633,0.710153633,0.738153633
4981,0.735298523,0.723298523,0.750298523,0.799298523,0.769298523,0.799298523,0.770298523,0.811298523,0.765298523,0.770298523
4982,0.741800467,0.739800467,0.777800467,0.795800467,0.768800467,0.846800467,0.853800467,0.790800467,0.823800467,0.823800467
4983,0.607086554,0.625086554,0.619086554,0.639086554,0.648086554,0.658086554,0.646086554,0.685086554,0.633086554,0.627086554
4984,0.564368141,0.621368141,0.620368141,0.646368141,0.644368141,0.625368141,0.617368141,0.621368141,0.623368141,0.630368141
4985,0.630157165,0.663157165,0.680157165,0.645157165,0.683157165,0.694157165,0.712157165,0.691157165,0.708157165,0.712157165
4986,0.733185839,0.686185839,0.711185839,0.730185839,0.746185839,0.816185839,0.803185839,0.809185839,0.803185839,0.818185839
4987,0.748968607,0.745968607,0.779968607,0.764968607,0.782968607,0.824968607,0.832968607,0.838968607,0.835968607,0.849968607
4988,0.542522066,0.588522066,0.611522066,0.579522066,0.630522066,0.667522066,0.639522066,0.610522066,0.617522066,0.653522066
4989,0.522878411,0.609878411,0.580878411,0.599878411,0.590878411,0.614878411,0.610878411,0.645878411,0.570878411,0.654878411
4990,0.706955844,0.689955844,0.710955844,0.728955844,0.727955844,0.770955844,0.761955844,0.751955844,0.750955844,0.745955844
4991,0.671487024,0.710487024,0.698487024,0.682487024,0.682487024,0.763487024,0.727487024,0.747487024,0.723487024,0.756487024
4992,0.641940615,0.618940615,0.693940615,0.676940615,0.653940615,0.681940615,0.668940615,0.701940615,0.695940615,0.685940615
4993,0.653908798,0.637908798,0.681908798,0.663908798,0.677908798,0.776908798,0.723908798,0.743908798,0.766908798,0.732908798
4994,0.88535521,0.85735521,0.94135521,0.91535521,0.89035521,0.90535521,0.89135521,0.89535521,0.91935521,0.91635521
4995,0.613855155,0.640855155,0.677855155,0.642855155,0.692855155,0.735855155,0.688855155,0.700855155,0.705855155,0.716855155
4996,0.593492283,0.594492283,0.662492283,0.652492283,0.676492283,0.637492283,0.604492283,0.648492283,0.614492283,0.629492283
4997,0.669556535,0.694556535,0.742556535,0.687556535,0.704556535,0.730556535,0.706556535,0.726556535,0.722556535,0.708556535
4998,0.544188501,0.533188501,0.606188501,0.570188501,0.611188501,0.600188501,0.581188501,0.648188501,0.603188501,0.633188501
4999,0.647720676,0.739720676,0.706720676,0.735720676,0.714720676,0.755720676,0.688720676,0.736720676,0.698720676,0.736720676
5000,0.757292356,0.844292356,0.801292356,0.783292356,0.829292356,0.826292356,0.793292356,0.863292356,0.779292356,0.816292356
5001,0.75511338,0.75411338,0.79511338,0.79411338,0.78511338,0.85411338,0.81711338,0.82611338,0.83111338,0.85711338
5002,0.682849142,0.701849142,0.737849142,0.764849142,0.718849142,0.787849142,0.727849142,0.743849142,0.725849142,0.732849142
5003,0.80830808,0.89230808,0.85630808,0.85130808,0.94030808,0.88630808,0.88830808,0.89430808,0.85030808,0.89130808
5004,0.604241385,0.542241385,0.626241385,0.639241385,0.639241385,0.670241385,0.642241385,0.689241385,0.661241385,0.687241385
5005,0.600173057,0.579173057,0.638173057,0.636173057,0.678173057,0.625173057,0.653173057,0.651173057,0.656173057,0.646173057
5006,0.610938157,0.594938157,0.672938157,0.616938157,0.670938157,0.720938157,0.657938157,0.682938157,0.674938157,0.702938157
5007,0.475720956,0.508720956,0.579720956,0.556720956,0.568720956,0.540720956,0.515720956,0.515720956,0.499720956,0.506720956
5008,0.664631253,0.666631253,0.701631253,0.688631253,0.685631253,0.746631253,0.725631253,0.710631253,0.691631253,0.706631253
5009,0.668969848,0.686969848,0.737969848,0.682969848,0.688969848,0.741969848,0.738969848,0.718969848,0.734969848,0.727969848
5010,0.547688269,0.532688269,0.598688269,0.554688269,0.571688269,0.651688269,0.626688269,0.620688269,0.582688269,0.571688269
5011,0.528481062,0.572481062,0.540481062,0.596481062,0.599481062,0.634481062,0.589481062,0.598481062,0.583481062,0.598481062
5012,0.507410441,0.494410441,0.510410441,0.520410441,0.569410441,0.581410441,0.580410441,0.601410441,0.562410441,0.544410441
5013,0.718651866,0.741651866,0.723651866,0.758651866,0.791651866,0.857651866,0.795651866,0.852651866,0.834651866,0.885651866
5014,0.566124108,0.582124108,0.556124108,0.584124108,0.630124108,0.639124108,0.590124108,0.635124108,0.615124108,0.621124108
5015,0.624901594,0.645901594,0.651901594,0.628901594,0.654901594,0.692901594,0.697901594,0.682901594,0.663901594,0.708901594
5016,0.702828744,0.727828744,0.754828744,0.732828744,0.708828744,0.743828744,0.739828744,0.773828744,0.722828744,0.766828744
5017,0.643996205,0.684996205,0.730996205,0.689996205,0.648996205,0.712996205,0.659996205,0.686996205,0.680996205,0.694996205
5018,0.679699206,0.710699206,0.712699206,0.725699206,0.757699206,0.789699206,0.746699206,0.723699206,0.696699206,0.698699206
5019,0.548493536,0.606493536,0.647493536,0.561493536,0.631493536,0.574493536,0.555493536,0.561493536,0.558493536,0.556493536
5020,0.829340565,0.935340565,0.951340565,0.937340565,0.946340565,0.898340565,0.883340565,0.844340565,0.854340565,0.826340565
5021,0.592636569,0.648636569,0.616636569,0.614636569,0.651636569,0.661636569,0.627636569,0.641636569,0.611636569,0.651636569
5022,0.718496567,0.769496567,0.760496567,0.748496567,0.763496567,0.835496567,0.791496567,0.825496567,0.817496567,0.838496567
5023,0.570425462,0.667425462,0.631425462,0.594425462,0.675425462,0.659425462,0.621425462,0.642425462,0.616425462,0.584425462
5024,0.429084053,0.482084053,0.468084053,0.436084053,0.468084053,0.502084053,0.476084053,0.507084053,0.497084053,0.508084053
5025,0.595066015,0.581066015,0.631066015,0.616066015,0.636066015,0.646066015,0.646066015,0.636066015,0.621066015,0.654066015
5026,0.724261629,0.751261629,0.807261629,0.733261629,0.802261629,0.850261629,0.796261629,0.837261629,0.793261629,0.830261629
5027,0.58567267,0.57967267,0.62767267,0.62367267,0.63267267,0.70667267,0.66767267,0.64067267,0.65167267,0.66467267
5028,0.521885979,0.482885979,0.541885979,0.500885979,0.539885979,0.581885979,0.582885979,0.607885979,0.604885979,0.586885979
5029,0.54059515,0.58959515,0.54959515,0.59759515,0.59859515,0.61059515,0.59359515,0.59959515,0.59959515,0.61559515
5030,0.770203193,0.799203193,0.774203193,0.779203193,0.789203193,0.860203193,0.821203193,0.833203193,0.810203193,0.853203193
5031,0.522450009,0.566450009,0.568450009,0.598450009,0.571450009,0.565450009,0.554450009,0.580450009,0.554450009,0.563450009
5032,0.566637137,0.624637137,0.624637137,0.695637137,0.640637137,0.605637137,0.594637137,0.658637137,0.650637137,0.635637137
5033,0.772317535,0.767317535,0.834317535,0.842317535,0.853317535,0.831317535,0.816317535,0.821317535,0.813317535,0.824317535
5034,0.605666626,0.604666626,0.613666626,0.570666626,0.659666626,0.689666626,0.650666626,0.639666626,0.630666626,0.665666626
5035,0.641774034,0.628774034,0.709774034,0.701774034,0.709774034,0.759774034,0.709774034,0.724774034,0.730774034,0.718774034
5036,0.741538895,0.782538895,0.780538895,0.807538895,0.785538895,0.812538895,0.790538895,0.785538895,0.784538895,0.802538895
5037,0.673707249,0.669707249,0.716707249,0.677707249,0.676707249,0.731707249,0.692707249,0.704707249,0.689707249,0.709707249
5038,0.701808448,0.731808448,0.761808448,0.744808448,0.818808448,0.752808448,0.751808448,0.745808448,0.759808448,0.800808448
5039,0.580760843,0.566760843,0.561760843,0.637760843,0.595760843,0.678760843,0.650760843,0.637760843,0.697760843,0.680760843
5040,0.643180553,0.700180553,0.760180553,0.760180553,0.755180553,0.701180553,0.716180553,0.685180553,0.694180553,0.668180553
5041,0.756643104,0.750643104,0.716643104,0.780643104,0.770643104,0.855643104,0.808643104,0.815643104,0.825643104,0.812643104
5042,0.785621715,0.802621715,0.876621715,0.772621715,0.853621715,0.890621715,0.833621715,0.850621715,0.843621715,0.873621715
5043,0.594277227,0.608277227,0.665277227,0.602277227,0.599277227,0.692277227,0.704277227,0.707277227,0.694277227,0.720277227
5044,0.688528177,0.750528177,0.795528177,0.733528177,0.760528177,0.765528177,0.765528177,0.769528177,0.737528177,0.793528177
5045,0.798085735,0.803085735,0.825085735,0.815085735,0.833085735,0.829085735,0.802085735,0.853085735,0.829085735,0.838085735
5046,0.608597919,0.620597919,0.639597919,0.622597919,0.634597919,0.682597919,0.659597919,0.667597919,0.640597919,0.649597919
5047,0.659339349,0.683339349,0.735339349,0.717339349,0.739339349,0.743339349,0.731339349,0.735339349,0.755339349,0.760339349
5048,0.704123092,0.739123092,0.731123092,0.747123092,0.767123092,0.756123092,0.752123092,0.763123092,0.748123092,0.780123092
5049,0.563679508,0.586679508,0.645679508,0.644679508,0.644679508,0.623679508,0.616679508,0.634679508,0.628679508,0.616679508
5050,0.781354952,0.833354952,0.870354952,0.865354952,0.836354952,0.852354952,0.762354952,0.823354952,0.788354952,0.814354952
5051,0.556000089,0.577000089,0.576000089,0.595000089,0.601000089,0.625000089,0.586000089,0.616000089,0.579000089,0.582000089
5052,0.680498354,0.771498354,0.741498354,0.744498354,0.767498354,0.791498354,0.769498354,0.787498354,0.730498354,0.793498354
5053,0.63279522,0.67579522,0.66479522,0.68379522,0.69779522,0.68979522,0.69779522,0.70879522,0.66879522,0.67579522
5054,0.542137091,0.564137091,0.582137091,0.561137091,0.635137091,0.639137091,0.601137091,0.620137091,0.579137091,0.618137091
5055,0.700524901,0.713524901,0.730524901,0.722524901,0.732524901,0.760524901,0.745524901,0.751524901,0.765524901,0.745524901
5056,0.494277911,0.520277911,0.533277911,0.504277911,0.558277911,0.578277911,0.532277911,0.574277911,0.533277911,0.553277911
5057,0.754621182,0.799621182,0.804621182,0.762621182,0.790621182,0.866621182,0.809621182,0.809621182,0.821621182,0.846621182
5058,0.759577582,0.792577582,0.849577582,0.775577582,0.801577582,0.836577582,0.798577582,0.796577582,0.783577582,0.799577582
5059,0.568581111,0.623581111,0.634581111,0.638581111,0.623581111,0.618581111,0.616581111,0.614581111,0.602581111,0.636581111
5060,0.906253273,0.905253273,0.951253273,0.904253273,0.959253273,0.951253273,0.948253273,0.976253273,0.958253273,0.945253273
5061,0.643523941,0.686523941,0.749523941,0.720523941,0.733523941,0.725523941,0.698523941,0.661523941,0.678523941,0.725523941
5062,0.82904033,0.90304033,0.90104033,0.86504033,0.93704033,0.87904033,0.83804033,0.84004033,0.81204033,0.83504033
5063,0.673313346,0.719313346,0.710313346,0.733313346,0.728313346,0.750313346,0.740313346,0.763313346,0.746313346,0.755313346
5064,0.67202149,0.69802149,0.70902149,0.71102149,0.73002149,0.76802149,0.74802149,0.74902149,0.75702149,0.76502149
5065,0.552669913,0.559669913,0.568669913,0.592669913,0.579669913,0.656669913,0.630669913,0.632669913,0.613669913,0.639669913
5066,0.530567447,0.510567447,0.571567447,0.522567447,0.623567447,0.576567447,0.536567447,0.551567447,0.532567447,0.571567447
5067,0.689991047,0.608991047,0.679991047,0.686991047,0.724991047,0.751991047,0.761991047,0.745991047,0.751991047,0.748991047
5068,0.696912056,0.753912056,0.699912056,0.723912056,0.738912056,0.736912056,0.730912056,0.769912056,0.732912056,0.763912056
5069,0.686074073,0.775074073,0.785074073,0.758074073,0.776074073,0.794074073,0.730074073,0.764074073,0.741074073,0.756074073
5070,0.735731871,0.733731871,0.688731871,0.721731871,0.711731871,0.806731871,0.777731871,0.800731871,0.806731871,0.815731871
5071,0.684253418,0.651253418,0.731253418,0.701253418,0.730253418,0.744253418,0.755253418,0.783253418,0.753253418,0.756253418
5072,0.670784764,0.759784764,0.804784764,0.744784764,0.789784764,0.737784764,0.704784764,0.731784764,0.738784764,0.730784764
5073,0.634545619,0.656545619,0.714545619,0.689545619,0.689545619,0.669545619,0.684545619,0.699545619,0.670545619,0.695545619
5074,0.512982863,0.514982863,0.575982863,0.514982863,0.532982863,0.602982863,0.591982863,0.588982863,0.575982863,0.561982863
5075,0.538162822,0.558162822,0.548162822,0.536162822,0.584162822,0.647162822,0.614162822,0.618162822,0.591162822,0.618162822
5076,0.547211471,0.569211471,0.624211471,0.573211471,0.603211471,0.587211471,0.625211471,0.617211471,0.595211471,0.643211471
5077,0.849605359,0.870605359,0.872605359,0.871605359,0.877605359,0.883605359,0.860605359,0.884605359,0.873605359,0.911605359
5078,0.736408569,0.727408569,0.731408569,0.748408569,0.745408569,0.831408569,0.799408569,0.766408569,0.780408569,0.786408569
5079,0.560548964,0.581548964,0.586548964,0.601548964,0.581548964,0.685548964,0.649548964,0.648548964,0.651548964,0.648548964
5080,0.692299417,0.704299417,0.772299417,0.665299417,0.729299417,0.770299417,0.740299417,0.737299417,0.704299417,0.784299417
5081,0.753123211,0.745123211,0.732123211,0.784123211,0.788123211,0.812123211,0.795123211,0.821123211,0.769123211,0.785123211
5082,0.814797313,0.843797313,0.869797313,0.835797313,0.846797313,0.911797313,0.863797313,0.896797313,0.874797313,0.882797313
5083,0.662420713,0.669420713,0.676420713,0.695420713,0.715420713,0.804420713,0.763420713,0.770420713,0.721420713,0.743420713
5084,0.703408344,0.754408344,0.786408344,0.727408344,0.761408344,0.795408344,0.745408344,0.775408344,0.752408344,0.751408344
5085,0.648288703,0.658288703,0.698288703,0.731288703,0.698288703,0.722288703,0.703288703,0.745288703,0.683288703,0.721288703
5086,0.878926284,0.879926284,0.967926284,0.955926284,0.946926284,0.944926284,0.964926284,0.955926284,0.920926284,0.948926284
5087,0.803373831,0.848373831,0.828373831,0.794373831,0.817373831,0.932373831,0.919373831,0.939373831,0.888373831,0.955373831
5088,0.613850715,0.682850715,0.650850715,0.621850715,0.690850715,0.702850715,0.674850715,0.672850715,0.680850715,0.668850715
5089,0.687232553,0.705232553,0.716232553,0.744232553,0.715232553,0.733232553,0.729232553,0.731232553,0.740232553,0.730232553
5090,0.569594421,0.606594421,0.620594421,0.677594421,0.588594421,0.667594421,0.635594421,0.617594421,0.623594421,0.656594421
5091,0.759705674,0.785705674,0.819705674,0.778705674,0.797705674,0.826705674,0.797705674,0.814705674,0.795705674,0.782705674
5092,0.559205347,0.511205347,0.567205347,0.490205347,0.558205347,0.620205347,0.618205347,0.597205347,0.605205347,0.636205347
5093,0.736534202,0.800534202,0.806534202,0.808534202,0.857534202,0.845534202,0.848534202,0.778534202,0.797534202,0.805534202
5094,0.783998933,0.810998933,0.847998933,0.796998933,0.853998933,0.843998933,0.832998933,0.836998933,0.825998933,0.866998933
5095,0.685771995,0.693771995,0.692771995,0.730771995,0.761771995,0.755771995,0.741771995,0.754771995,0.725771995,0.735771995
5096,0.722927991,0.712927991,0.744927991,0.716927991,0.728927991,0.817927991,0.798927991,0.789927991,0.803927991,0.825927991
5097,0.512068515,0.486068515,0.505068515,0.506068515,0.526068515,0.588068515,0.580068515,0.577068515,0.583068515,0.575068515
5098,0.790797617,0.843797617,0.898797617,0.828797617,0.869797617,0.817797617,0.792797617,0.801797617,0.814797617,0.824797617
5099,0.823095766,0.813095766,0.884095766,0.818095766,0.840095766,0.863095766,0.798095766,0.865095766,0.813095766,0.838095766
5100,0.737124992,0.757124992,0.736124992,0.735124992,0.813124992,0.809124992,0.787124992,0.832124992,0.767124992,0.783124992
5101,0.582268625,0.599268625,0.596268625,0.576268625,0.631268625,0.628268625,0.596268625,0.626268625,0.592268625,0.626268625
5102,0.684594026,0.653594026,0.675594026,0.674594026,0.709594026,0.753594026,0.724594026,0.771594026,0.742594026,0.738594026
5103,0.57313985,0.62613985,0.63513985,0.63913985,0.64113985,0.64113985,0.61213985,0.67613985,0.64013985,0.62313985
5104,0.560718306,0.611718306,0.619718306,0.612718306,0.702718306,0.667718306,0.642718306,0.663718306,0.622718306,0.648718306
5105,0.661987886,0.689987886,0.672987886,0.733987886,0.720987886,0.779987886,0.731987886,0.746987886,0.721987886,0.756987886
5106,0.713242448,0.729242448,0.810242448,0.747242448,0.777242448,0.794242448,0.789242448,0.778242448,0.757242448,0.785242448
5107,0.741412129,0.767412129,0.818412129,0.782412129,0.796412129,0.836412129,0.823412129,0.819412129,0.807412129,0.823412129
5108,0.793293092,0.822293092,0.846293092,0.891293092,0.885293092,0.834293092,0.851293092,0.839293092,0.820293092,0.856293092
5109,0.627751842,0.678751842,0.673751842,0.652751842,0.701751842,0.703751842,0.697751842,0.687751842,0.694751842,0.693751842
5110,0.679941214,0.730941214,0.780941214,0.728941214,0.761941214,0.764941214,0.722941214,0.755941214,0.720941214,0.735941214
5111,0.638177338,0.653177338,0.633177338,0.688177338,0.674177338,0.738177338,0.692177338,0.719177338,0.709177338,0.726177338
5112,0.590520918,0.616520918,0.646520918,0.682520918,0.589520918,0.676520918,0.650520918,0.633520918,0.654520918,0.684520918
5113,0.948949452,0.982949452,1.023949452,1.042949452,1.072949452,1.004949452,1.040949452,1.003949452,1.000949452,1.018949452
5114,0.495148166,0.532148166,0.548148166,0.566148166,0.609148166,0.590148166,0.586148166,0.587148166,0.549148166,0.596148166
5115,0.617690847,0.695690847,0.685690847,0.667690847,0.711690847,0.647690847,0.641690847,0.655690847,0.653690847,0.660690847
5116,0.735539269,0.718539269,0.769539269,0.780539269,0.796539269,0.809539269,0.786539269,0.780539269,0.792539269,0.791539269
5117,0.63997362,0.65497362,0.69397362,0.64297362,0.62697362,0.72097362,0.67897362,0.67297362,0.64597362,0.68797362
5118,0.779510643,0.808510643,0.860510643,0.793510643,0.765510643,0.840510643,0.824510643,0.827510643,0.802510643,0.867510643
5119,0.729566896,0.750566896,0.774566896,0.797566896,0.775566896,0.796566896,0.811566896,0.818566896,0.814566896,0.793566896
5120,0.61153113,0.58053113,0.63753113,0.60653113,0.64453113,0.70253113,0.67653113,0.69253113,0.72253113,0.66653113
5121,0.831475465,0.826475465,0.896475465,0.864475465,0.859475465,0.924475465,0.900475465,0.895475465,0.907475465,0.901475465
5122,0.661072403,0.712072403,0.714072403,0.668072403,0.689072403,0.743072403,0.697072403,0.728072403,0.710072403,0.724072403
5123,0.549243981,0.585243981,0.658243981,0.599243981,0.609243981,0.645243981,0.638243981,0.605243981,0.575243981,0.629243981
5124,0.617787087,0.648787087,0.679787087,0.615787087,0.688787087,0.707787087,0.652787087,0.685787087,0.664787087,0.663787087
5125,0.803545518,0.861545518,0.869545518,0.850545518,0.887545518,0.839545518,0.863545518,0.855545518,0.834545518,0.824545518
5126,0.584886575,0.596886575,0.611886575,0.640886575,0.689886575,0.672886575,0.627886575,0.672886575,0.644886575,0.631886575
5127,0.525824084,0.495824084,0.542824084,0.542824084,0.583824084,0.608824084,0.614824084,0.576824084,0.585824084,0.573824084
5128,0.538744008,0.610744008,0.608744008,0.620744008,0.616744008,0.634744008,0.606744008,0.607744008,0.609744008,0.593744008
5129,0.579651905,0.576651905,0.576651905,0.610651905,0.573651905,0.639651905,0.614651905,0.607651905,0.630651905,0.634651905
5130,0.498781868,0.536781868,0.564781868,0.538781868,0.558781868,0.573781868,0.546781868,0.577781868,0.540781868,0.571781868
5131,0.50024349,0.57724349,0.59724349,0.57624349,0.56524349,0.59024349,0.52924349,0.60024349,0.54224349,0.58224349
5132,0.827236106,0.819236106,0.805236106,0.816236106,0.823236106,0.937236106,0.915236106,0.885236106,0.899236106,0.890236106
5133,0.66027079,0.74427079,0.76227079,0.73727079,0.77427079,0.76527079,0.69927079,0.73927079,0.71627079,0.75327079
5134,0.655880419,0.639880419,0.699880419,0.693880419,0.726880419,0.714880419,0.696880419,0.711880419,0.662880419,0.696880419
5135,0.544015185,0.633015185,0.600015185,0.616015185,0.634015185,0.652015185,0.600015185,0.630015185,0.610015185,0.630015185
5136,0.589743473,0.633743473,0.628743473,0.651743473,0.665743473,0.683743473,0.657743473,0.684743473,0.668743473,0.687743473
5137,0.666187237,0.678187237,0.727187237,0.688187237,0.714187237,0.742187237,0.683187237,0.766187237,0.712187237,0.707187237
5138,0.578910202,0.617910202,0.637910202,0.624910202,0.627910202,0.670910202,0.623910202,0.652910202,0.634910202,0.631910202
5139,0.821330198,0.883330198,0.888330198,0.853330198,0.867330198,0.872330198,0.897330198,0.885330198,0.891330198,0.874330198
5140,0.650829583,0.640829583,0.665829583,0.624829583,0.700829583,0.788829583,0.740829583,0.756829583,0.699829583,0.739829583
5141,0.544699817,0.579699817,0.551699817,0.575699817,0.552699817,0.608699817,0.609699817,0.606699817,0.582699817,0.607699817
5142,0.663639564,0.651639564,0.645639564,0.667639564,0.693639564,0.766639564,0.728639564,0.723639564,0.735639564,0.760639564
5143,0.684986029,0.708986029,0.689986029,0.683986029,0.763986029,0.725986029,0.685986029,0.680986029,0.684986029,0.692986029
5144,0.705495475,0.729495475,0.742495475,0.791495475,0.737495475,0.779495475,0.753495475,0.757495475,0.741495475,0.788495475
5145,0.575860753,0.670860753,0.710860753,0.608860753,0.711860753,0.641860753,0.628860753,0.597860753,0.616860753,0.661860753
5146,0.793386957,0.885386957,0.896386957,0.883386957,0.913386957,0.879386957,0.870386957,0.884386957,0.830386957,0.864386957
5147,0.628843199,0.671843199,0.690843199,0.686843199,0.718843199,0.695843199,0.699843199,0.709843199,0.680843199,0.671843199
5148,0.60846199,0.64746199,0.69446199,0.62946199,0.62946199,0.69246199,0.67746199,0.65846199,0.68346199,0.71246199
5149,0.76817169,0.81117169,0.84217169,0.83517169,0.81917169,0.81617169,0.80717169,0.84717169,0.80817169,0.82817169
5150,0.58978604,0.58178604,0.65778604,0.61278604,0.65678604,0.62378604,0.60378604,0.64178604,0.59378604,0.65678604
5151,0.571805733,0.618805733,0.580805733,0.616805733,0.531805733,0.650805733,0.612805733,0.634805733,0.626805733,0.651805733
5152,0.574474978,0.588474978,0.606474978,0.669474978,0.640474978,0.632474978,0.612474978,0.612474978,0.620474978,0.648474978
5153,0.471979076,0.475979076,0.523979076,0.493979076,0.535979076,0.543979076,0.520979076,0.529979076,0.508979076,0.529979076
5154,0.636721019,0.642721019,0.689721019,0.683721019,0.696721019,0.698721019,0.676721019,0.702721019,0.636721019,0.653721019
5155,0.508183544,0.575183544,0.584183544,0.611183544,0.573183544,0.597183544,0.563183544,0.576183544,0.587183544,0.600183544
5156,0.677050115,0.735050115,0.765050115,0.722050115,0.748050115,0.748050115,0.740050115,0.761050115,0.755050115,0.767050115
5157,0.682410037,0.718410037,0.797410037,0.729410037,0.715410037,0.755410037,0.756410037,0.783410037,0.756410037,0.798410037
5158,0.526241355,0.575241355,0.573241355,0.554241355,0.588241355,0.643241355,0.575241355,0.572241355,0.571241355,0.610241355
5159,0.524330177,0.547330177,0.529330177,0.575330177,0.556330177,0.576330177,0.553330177,0.538330177,0.548330177,0.542330177
5160,0.581142736,0.698142736,0.688142736,0.644142736,0.683142736,0.642142736,0.609142736,0.629142736,0.603142736,0.630142736
5161,0.674899536,0.673899536,0.687899536,0.666899536,0.683899536,0.780899536,0.736899536,0.743899536,0.725899536,0.772899536
5162,0.981692244,0.974692244,0.979692244,0.971692244,0.995692244,1.057692244,1.038692244,1.053692244,1.015692244,1.048692244
5163,0.668934609,0.707934609,0.726934609,0.702934609,0.704934609,0.703934609,0.715934609,0.682934609,0.708934609,0.702934609
5164,0.822317945,0.854317945,0.888317945,0.846317945,0.909317945,0.843317945,0.870317945,0.868317945,0.860317945,0.904317945
5165,0.648325167,0.648325167,0.752325167,0.676325167,0.721325167,0.735325167,0.685325167,0.687325167,0.698325167,0.724325167
5166,0.565495715,0.626495715,0.641495715,0.625495715,0.636495715,0.647495715,0.634495715,0.613495715,0.610495715,0.644495715
5167,0.466580022,0.449580022,0.461580022,0.472580022,0.495580022,0.508580022,0.523580022,0.491580022,0.487580022,0.501580022
5168,0.623680886,0.646680886,0.680680886,0.675680886,0.661680886,0.746680886,0.717680886,0.710680886,0.705680886,0.746680886
5169,0.645325273,0.726325273,0.741325273,0.732325273,0.750325273,0.730325273,0.682325273,0.668325273,0.684325273,0.718325273
5170,1.012305774,1.032305774,1.080305774,1.073305774,1.059305774,1.110305774,1.075305774,1.064305774,1.076305774,1.087305774
5171,0.764108103,0.799108103,0.791108103,0.736108103,0.795108103,0.854108103,0.821108103,0.838108103,0.833108103,0.852108103
5172,0.766882018,0.837882018,0.853882018,0.803882018,0.903882018,0.816882018,0.811882018,0.813882018,0.798882018,0.833882018
5173,0.708497901,0.748497901,0.755497901,0.797497901,0.794497901,0.743497901,0.778497901,0.764497901,0.756497901,0.788497901
5174,0.720129027,0.709129027,0.749129027,0.758129027,0.758129027,0.838129027,0.785129027,0.820129027,0.793129027,0.800129027
5175,0.619088097,0.637088097,0.668088097,0.636088097,0.628088097,0.695088097,0.636088097,0.656088097,0.660088097,0.629088097
5176,0.60301795,0.64101795,0.63001795,0.67201795,0.69101795,0.63201795,0.60301795,0.62901795,0.63601795,0.63101795
5177,0.565392923,0.515392923,0.550392923,0.570392923,0.565392923,0.642392923,0.624392923,0.631392923,0.616392923,0.608392923
5178,0.74162299,0.81762299,0.77362299,0.76962299,0.79162299,0.77462299,0.75362299,0.75562299,0.77062299,0.78162299
5179,0.653449554,0.692449554,0.733449554,0.736449554,0.728449554,0.710449554,0.676449554,0.688449554,0.699449554,0.721449554
5180,0.710527809,0.746527809,0.761527809,0.797527809,0.733527809,0.797527809,0.786527809,0.776527809,0.775527809,0.762527809
5181,0.576492544,0.622492544,0.622492544,0.659492544,0.632492544,0.625492544,0.606492544,0.648492544,0.619492544,0.655492544
5182,0.601811611,0.674811611,0.713811611,0.665811611,0.673811611,0.667811611,0.639811611,0.645811611,0.612811611,0.646811611
5183,0.58738908,0.58338908,0.64938908,0.58538908,0.61338908,0.67438908,0.64538908,0.65438908,0.64338908,0.64238908
5184,0.619271324,0.625271324,0.653271324,0.644271324,0.619271324,0.679271324,0.626271324,0.679271324,0.636271324,0.663271324
5185,0.601002672,0.667002672,0.688002672,0.723002672,0.676002672,0.641002672,0.617002672,0.609002672,0.604002672,0.650002672
5186,0.738932646,0.746932646,0.776932646,0.785932646,0.797932646,0.770932646,0.751932646,0.788932646,0.763932646,0.786932646
5187,0.588220518,0.625220518,0.682220518,0.640220518,0.674220518,0.653220518,0.614220518,0.650220518,0.636220518,0.611220518
5188,0.659614295,0.647614295,0.733614295,0.667614295,0.717614295,0.737614295,0.698614295,0.682614295,0.709614295,0.719614295
5189,0.650595957,0.664595957,0.678595957,0.673595957,0.710595957,0.722595957,0.713595957,0.727595957,0.722595957,0.703595957
5190,0.612386023,0.718386023,0.751386023,0.709386023,0.718386023,0.679386023,0.627386023,0.645386023,0.633386023,0.694386023
5191,0.607108508,0.651108508,0.638108508,0.590108508,0.666108508,0.667108508,0.644108508,0.654108508,0.634108508,0.669108508
5192,0.612845965,0.605845965,0.621845965,0.615845965,0.611845965,0.727845965,0.671845965,0.663845965,0.663845965,0.668845965
5193,0.983633227,1.023633227,0.999633227,1.007633227,1.025633227,1.008633227,0.983633227,1.034633227,1.006633227,1.035633227
5194,0.496687743,0.506687743,0.519687743,0.493687743,0.502687743,0.631687743,0.563687743,0.564687743,0.562687743,0.597687743
5195,0.707938362,0.755938362,0.767938362,0.759938362,0.799938362,0.763938362,0.803938362,0.808938362,0.763938362,0.806938362
5196,0.695745284,0.699745284,0.743745284,0.739745284,0.787745284,0.802745284,0.772745284,0.783745284,0.755745284,0.785745284
5197,0.583994523,0.611994523,0.619994523,0.615994523,0.624994523,0.643994523,0.607994523,0.626994523,0.591994523,0.633994523
5198,0.645087637,0.670087637,0.708087637,0.693087637,0.728087637,0.722087637,0.705087637,0.709087637,0.678087637,0.673087637
5199,0.72143673,0.73543673,0.74543673,0.71943673,0.73443673,0.78043673,0.75843673,0.79743673,0.75343673,0.75543673
5200,0.807341722,0.763341722,0.814341722,0.814341722,0.847341722,0.859341722,0.858341722,0.836341722,0.826341722,0.833341722
5201,0.579654193,0.599654193,0.605654193,0.617654193,0.634654193,0.666654193,0.646654193,0.674654193,0.647654193,0.656654193
5202,0.721447181,0.727447181,0.759447181,0.748447181,0.736447181,0.796447181,0.797447181,0.799447181,0.766447181,0.779447181
5203,0.748286597,0.771286597,0.814286597,0.729286597,0.811286597,0.828286597,0.838286597,0.817286597,0.818286597,0.878286597
5204,0.60802403,0.64702403,0.68402403,0.68702403,0.69302403,0.67902403,0.64702403,0.67902403,0.64402403,0.65002403
5205,0.56909202,0.54709202,0.61109202,0.59109202,0.62509202,0.66409202,0.67009202,0.63609202,0.63109202,0.66509202
5206,0.690538623,0.736538623,0.713538623,0.693538623,0.739538623,0.757538623,0.702538623,0.750538623,0.735538623,0.744538623
5207,0.78742663,0.83042663,0.82442663,0.85642663,0.84642663,0.86842663,0.85742663,0.87342663,0.84542663,0.86642663
5208,0.61022954,0.62022954,0.67722954,0.66822954,0.68122954,0.69222954,0.65022954,0.65722954,0.64822954,0.67722954
5209,0.499374993,0.453374993,0.537374993,0.527374993,0.507374993,0.594374993,0.566374993,0.568374993,0.555374993,0.558374993
5210,0.418805435,0.494805435,0.489805435,0.496805435,0.490805435,0.488805435,0.460805435,0.490805435,0.471805435,0.477805435
5211,0.747980527,0.736980527,0.793980527,0.765980527,0.763980527,0.831980527,0.819980527,0.803980527,0.808980527,0.819980527
5212,0.822599285,0.845599285,0.844599285,0.826599285,0.840599285,0.902599285,0.881599285,0.898599285,0.869599285,0.882599285
5213,0.630734773,0.655734773,0.675734773,0.673734773,0.624734773,0.692734773,0.662734773,0.688734773,0.666734773,0.703734773
5214,0.584221362,0.668221362,0.687221362,0.674221362,0.642221362,0.696221362,0.631221362,0.669221362,0.661221362,0.660221362
5215,0.653796973,0.705796973,0.680796973,0.733796973,0.702796973,0.727796973,0.760796973,0.763796973,0.725796973,0.766796973
5216,0.780600937,0.760600937,0.815600937,0.797600937,0.763600937,0.851600937,0.793600937,0.824600937,0.831600937,0.803600937
5217,0.665904839,0.692904839,0.696904839,0.668904839,0.723904839,0.704904839,0.708904839,0.722904839,0.672904839,0.737904839
5218,0.718572667,0.729572667,0.776572667,0.739572667,0.775572667,0.791572667,0.819572667,0.784572667,0.763572667,0.786572667
5219,0.718804194,0.735804194,0.703804194,0.737804194,0.750804194,0.829804194,0.758804194,0.823804194,0.805804194,0.806804194
5220,0.76444941,0.78344941,0.78744941,0.77744941,0.83444941,0.82944941,0.78844941,0.79144941,0.78944941,0.86044941
5221,0.478954025,0.516954025,0.537954025,0.536954025,0.515954025,0.515954025,0.521954025,0.531954025,0.515954025,0.506954025
5222,0.619800857,0.605800857,0.664800857,0.638800857,0.657800857,0.712800857,0.682800857,0.685800857,0.692800857,0.691800857
5223,0.605833193,0.667833193,0.706833193,0.669833193,0.638833193,0.698833193,0.692833193,0.697833193,0.673833193,0.688833193
5224,0.579820288,0.550820288,0.648820288,0.539820288,0.588820288,0.651820288,0.655820288,0.658820288,0.645820288,0.659820288
5225,0.557257292,0.638257292,0.631257292,0.590257292,0.608257292,0.624257292,0.622257292,0.639257292,0.594257292,0.610257292
5226,0.503255696,0.546255696,0.533255696,0.527255696,0.613255696,0.539255696,0.501255696,0.523255696,0.522255696,0.521255696
5227,0.654410755,0.670410755,0.707410755,0.662410755,0.679410755,0.729410755,0.701410755,0.705410755,0.696410755,0.722410755
5228,0.727084544,0.754084544,0.744084544,0.720084544,0.766084544,0.751084544,0.744084544,0.756084544,0.728084544,0.785084544
5229,0.668391057,0.683391057,0.699391057,0.721391057,0.752391057,0.737391057,0.705391057,0.701391057,0.697391057,0.763391057
5230,0.647816542,0.685816542,0.706816542,0.697816542,0.679816542,0.742816542,0.698816542,0.711816542,0.705816542,0.728816542
5231,0.550461768,0.599461768,0.640461768,0.618461768,0.600461768,0.633461768,0.612461768,0.600461768,0.618461768,0.620461768
5232,0.687708622,0.750708622,0.752708622,0.747708622,0.831708622,0.762708622,0.733708622,0.750708622,0.707708622,0.717708622
5233,0.648133334,0.645133334,0.643133334,0.632133334,0.683133334,0.734133334,0.720133334,0.716133334,0.721133334,0.716133334
5234,0.58507669,0.64307669,0.76907669,0.68507669,0.71607669,0.67507669,0.62207669,0.67707669,0.66107669,0.66407669
5235,0.663216372,0.712216372,0.675216372,0.645216372,0.698216372,0.732216372,0.690216372,0.723216372,0.714216372,0.754216372
5236,0.77859051,0.80959051,0.82659051,0.81059051,0.85459051,0.85459051,0.83859051,0.86759051,0.81559051,0.86159051
5237,0.626618734,0.686618734,0.705618734,0.711618734,0.715618734,0.685618734,0.694618734,0.714618734,0.666618734,0.719618734
5238,0.71445062,0.77045062,0.75945062,0.75545062,0.76345062,0.77745062,0.78545062,0.78845062,0.74845062,0.78145062
5239,0.610890401,0.582890401,0.630890401,0.656890401,0.676890401,0.670890401,0.661890401,0.681890401,0.701890401,0.694890401
5240,0.649265986,0.667265986,0.707265986,0.708265986,0.671265986,0.717265986,0.723265986,0.709265986,0.704265986,0.739265986
5241,0.484367987,0.516367987,0.512367987,0.512367987,0.543367987,0.499367987,0.497367987,0.490367987,0.499367987,0.516367987
5242,0.61324802,0.71824802,0.68524802,0.69424802,0.73024802,0.69324802,0.69124802,0.67224802,0.66124802,0.70124802
5243,0.724929265,0.750929265,0.773929265,0.791929265,0.819929265,0.735929265,0.767929265,0.774929265,0.755929265,0.750929265
5244,0.569538231,0.607538231,0.575538231,0.632538231,0.695538231,0.650538231,0.603538231,0.647538231,0.637538231,0.654538231
5245,0.707922172,0.710922172,0.770922172,0.703922172,0.749922172,0.791922172,0.745922172,0.747922172,0.740922172,0.757922172
5246,0.798697321,0.899697321,0.855697321,0.821697321,0.863697321,0.862697321,0.817697321,0.827697321,0.820697321,0.801697321
5247,0.615970943,0.587970943,0.613970943,0.618970943,0.652970943,0.695970943,0.692970943,0.674970943,0.705970943,0.703970943
5248,0.733846227,0.753846227,0.774846227,0.788846227,0.816846227,0.826846227,0.786846227,0.847846227,0.778846227,0.819846227
5249,0.615694932,0.620694932,0.639694932,0.693694932,0.672694932,0.723694932,0.670694932,0.678694932,0.654694932,0.664694932
5250,0.720327873,0.726327873,0.798327873,0.775327873,0.803327873,0.787327873,0.789327873,0.783327873,0.763327873,0.756327873
5251,0.502527361,0.592527361,0.556527361,0.591527361,0.571527361,0.608527361,0.565527361,0.570527361,0.590527361,0.563527361
5252,0.713640314,0.734640314,0.741640314,0.742640314,0.793640314,0.751640314,0.745640314,0.757640314,0.754640314,0.738640314
5253,0.63588737,0.67688737,0.66988737,0.67988737,0.74688737,0.74888737,0.71788737,0.70688737,0.71888737,0.74688737
5254,0.679021244,0.714021244,0.754021244,0.757021244,0.774021244,0.760021244,0.723021244,0.742021244,0.722021244,0.767021244
5255,0.615966659,0.684966659,0.764966659,0.683966659,0.691966659,0.707966659,0.680966659,0.690966659,0.671966659,0.689966659
5256,0.651186136,0.688186136,0.701186136,0.693186136,0.712186136,0.781186136,0.780186136,0.798186136,0.778186136,0.798186136
5257,0.61827892,0.61027892,0.68527892,0.59927892,0.70027892,0.70627892,0.68727892,0.65727892,0.68927892,0.71927892
5258,0.612370647,0.657370647,0.654370647,0.662370647,0.667370647,0.713370647,0.673370647,0.687370647,0.670370647,0.687370647
5259,0.687263267,0.662263267,0.754263267,0.696263267,0.696263267,0.763263267,0.742263267,0.737263267,0.729263267,0.762263267
5260,0.616350028,0.652350028,0.707350028,0.708350028,0.682350028,0.733350028,0.709350028,0.716350028,0.680350028,0.685350028
5261,0.532854364,0.535854364,0.535854364,0.558854364,0.552854364,0.565854364,0.597854364,0.613854364,0.608854364,0.596854364
5262,0.726979921,0.782979921,0.761979921,0.781979921,0.809979921,0.796979921,0.809979921,0.807979921,0.793979921,0.807979921
5263,0.730098313,0.813098313,0.849098313,0.758098313,0.847098313,0.837098313,0.771098313,0.794098313,0.785098313,0.813098313
5264,0.660717976,0.632717976,0.687717976,0.642717976,0.711717976,0.748717976,0.755717976,0.775717976,0.744717976,0.756717976
5265,0.627798096,0.667798096,0.688798096,0.629798096,0.684798096,0.707798096,0.673798096,0.699798096,0.669798096,0.711798096
5266,0.774015544,0.821015544,0.828015544,0.784015544,0.860015544,0.862015544,0.828015544,0.838015544,0.846015544,0.852015544
5267,0.718081362,0.745081362,0.816081362,0.820081362,0.785081362,0.771081362,0.749081362,0.793081362,0.745081362,0.792081362
5268,0.539909914,0.572909914,0.626909914,0.589909914,0.622909914,0.648909914,0.618909914,0.635909914,0.644909914,0.608909914
5269,0.464355983,0.506355983,0.493355983,0.477355983,0.509355983,0.502355983,0.505355983,0.486355983,0.496355983,0.559355983
5270,0.681026516,0.648026516,0.746026516,0.728026516,0.730026516,0.729026516,0.689026516,0.738026516,0.729026516,0.737026516
5271,0.651940714,0.679940714,0.701940714,0.704940714,0.700940714,0.709940714,0.656940714,0.698940714,0.698940714,0.707940714
5272,0.640418025,0.686418025,0.731418025,0.674418025,0.755418025,0.711418025,0.673418025,0.678418025,0.668418025,0.705418025
5273,0.706031754,0.720031754,0.705031754,0.698031754,0.713031754,0.787031754,0.782031754,0.790031754,0.769031754,0.817031754
5274,0.627131895,0.639131895,0.639131895,0.612131895,0.664131895,0.714131895,0.674131895,0.702131895,0.654131895,0.708131895
5275,0.786143424,0.806143424,0.806143424,0.844143424,0.824143424,0.884143424,0.810143424,0.899143424,0.847143424,0.885143424
5276,0.723012422,0.774012422,0.780012422,0.776012422,0.808012422,0.772012422,0.754012422,0.775012422,0.782012422,0.795012422
5277,0.566250094,0.602250094,0.605250094,0.542250094,0.646250094,0.623250094,0.599250094,0.642250094,0.587250094,0.623250094
5278,0.616286377,0.710286377,0.672286377,0.599286377,0.676286377,0.682286377,0.663286377,0.677286377,0.660286377,0.684286377
5279,0.518153977,0.568153977,0.523153977,0.540153977,0.552153977,0.638153977,0.612153977,0.636153977,0.626153977,0.587153977
5280,0.931681985,0.949681985,0.950681985,1.001681985,0.991681985,0.986681985,0.962681985,1.007681985,0.987681985,0.960681985
5281,0.491287549,0.522287549,0.538287549,0.540287549,0.596287549,0.578287549,0.523287549,0.581287549,0.550287549,0.590287549
5282,0.6237799,0.6857799,0.7077799,0.6627799,0.7147799,0.6837799,0.6747799,0.6767799,0.6327799,0.6447799
5283,0.555156599,0.592156599,0.596156599,0.565156599,0.645156599,0.567156599,0.566156599,0.617156599,0.577156599,0.593156599
5284,0.773412629,0.806412629,0.835412629,0.810412629,0.861412629,0.883412629,0.887412629,0.864412629,0.867412629,0.874412629
5285,0.487307018,0.535307018,0.547307018,0.543307018,0.526307018,0.560307018,0.523307018,0.532307018,0.524307018,0.512307018
5286,0.689921032,0.720921032,0.749921032,0.762921032,0.766921032,0.773921032,0.739921032,0.756921032,0.741921032,0.772921032
5287,0.622247768,0.686247768,0.643247768,0.701247768,0.644247768,0.708247768,0.640247768,0.652247768,0.668247768,0.669247768
5288,0.683855754,0.729855754,0.795855754,0.742855754,0.748855754,0.775855754,0.775855754,0.781855754,0.790855754,0.763855754
5289,0.639510289,0.643510289,0.676510289,0.672510289,0.632510289,0.682510289,0.665510289,0.651510289,0.659510289,0.664510289
5290,0.799345709,0.799345709,0.788345709,0.757345709,0.831345709,0.937345709,0.879345709,0.908345709,0.881345709,0.903345709
5291,0.542861412,0.505861412,0.564861412,0.543861412,0.575861412,0.623861412,0.548861412,0.580861412,0.577861412,0.616861412
5292,0.632907892,0.727907892,0.678907892,0.696907892,0.747907892,0.701907892,0.686907892,0.700907892,0.692907892,0.689907892
5293,0.686314353,0.653314353,0.748314353,0.773314353,0.756314353,0.776314353,0.732314353,0.728314353,0.745314353,0.764314353
5294,0.54177268,0.51577268,0.54877268,0.46977268,0.54577268,0.61377268,0.63077268,0.62677268,0.58777268,0.60377268
5295,0.669520262,0.696520262,0.762520262,0.708520262,0.715520262,0.697520262,0.705520262,0.697520262,0.670520262,0.699520262
5296,0.400431112,0.404431112,0.444431112,0.382431112,0.445431112,0.529431112,0.489431112,0.476431112,0.462431112,0.503431112
5297,0.552779548,0.623779548,0.596779548,0.609779548,0.616779548,0.619779548,0.615779548,0.619779548,0.611779548,0.610779548
5298,0.651169941,0.688169941,0.682169941,0.659169941,0.716169941,0.682169941,0.664169941,0.686169941,0.658169941,0.676169941
5299,0.644676818,0.683676818,0.649676818,0.623676818,0.733676818,0.730676818,0.744676818,0.724676818,0.736676818,0.734676818
5300,0.628621834,0.656621834,0.634621834,0.630621834,0.698621834,0.741621834,0.706621834,0.665621834,0.689621834,0.690621834
5301,0.668626134,0.638626134,0.675626134,0.668626134,0.652626134,0.744626134,0.704626134,0.718626134,0.737626134,0.714626134
5302,0.722357943,0.725357943,0.774357943,0.724357943,0.716357943,0.807357943,0.794357943,0.815357943,0.769357943,0.820357943
5303,0.595499121,0.627499121,0.603499121,0.589499121,0.654499121,0.639499121,0.638499121,0.663499121,0.635499121,0.680499121
5304,0.629776931,0.675776931,0.660776931,0.682776931,0.644776931,0.701776931,0.668776931,0.676776931,0.652776931,0.663776931
5305,0.661942404,0.597942404,0.667942404,0.658942404,0.703942404,0.719942404,0.746942404,0.711942404,0.715942404,0.720942404
5306,0.806856871,0.806856871,0.831856871,0.801856871,0.808856871,0.847856871,0.864856871,0.832856871,0.853856871,0.880856871
5307,0.517749796,0.591749796,0.635749796,0.620749796,0.593749796,0.623749796,0.586749796,0.569749796,0.587749796,0.570749796
5308,0.668083441,0.672083441,0.643083441,0.691083441,0.696083441,0.756083441,0.724083441,0.735083441,0.715083441,0.749083441
5309,0.794007627,0.794007627,0.857007627,0.820007627,0.840007627,0.828007627,0.833007627,0.846007627,0.830007627,0.857007627
5310,0.679718138,0.727718138,0.747718138,0.722718138,0.795718138,0.773718138,0.744718138,0.752718138,0.759718138,0.755718138
5311,0.567996725,0.585996725,0.623996725,0.579996725,0.609996725,0.636996725,0.607996725,0.629996725,0.638996725,0.611996725
5312,0.709953424,0.695953424,0.735953424,0.706953424,0.744953424,0.767953424,0.765953424,0.778953424,0.745953424,0.752953424
5313,0.603238466,0.648238466,0.708238466,0.684238466,0.701238466,0.719238466,0.669238466,0.670238466,0.664238466,0.634238466
5314,0.800736082,0.818736082,0.843736082,0.771736082,0.860736082,0.839736082,0.836736082,0.851736082,0.828736082,0.821736082
5315,0.789895091,0.839895091,0.860895091,0.851895091,0.881895091,0.856895091,0.837895091,0.823895091,0.845895091,0.898895091
5316,0.537819292,0.507819292,0.532819292,0.510819292,0.540819292,0.613819292,0.576819292,0.615819292,0.567819292,0.617819292
5317,0.601214229,0.620214229,0.635214229,0.632214229,0.654214229,0.631214229,0.647214229,0.666214229,0.652214229,0.651214229
5318,0.617846356,0.663846356,0.716846356,0.680846356,0.709846356,0.757846356,0.726846356,0.736846356,0.719846356,0.725846356
5319,0.749659901,0.746659901,0.757659901,0.786659901,0.787659901,0.846659901,0.803659901,0.799659901,0.815659901,0.829659901
5320,0.767106332,0.789106332,0.825106332,0.814106332,0.840106332,0.819106332,0.791106332,0.810106332,0.792106332,0.807106332
5321,0.650700905,0.657700905,0.695700905,0.731700905,0.674700905,0.702700905,0.684700905,0.656700905,0.659700905,0.695700905
5322,0.675069088,0.684069088,0.723069088,0.734069088,0.726069088,0.767069088,0.749069088,0.776069088,0.753069088,0.765069088
5323,0.7662297,0.8192297,0.8192297,0.7882297,0.8282297,0.8432297,0.8192297,0.8252297,0.8192297,0.8392297
5324,0.689846674,0.735846674,0.747846674,0.773846674,0.747846674,0.755846674,0.739846674,0.740846674,0.746846674,0.776846674
5325,0.547679864,0.611679864,0.628679864,0.673679864,0.678679864,0.576679864,0.590679864,0.566679864,0.607679864,0.613679864
5326,0.620339762,0.678339762,0.686339762,0.651339762,0.720339762,0.722339762,0.685339762,0.701339762,0.637339762,0.705339762
5327,0.652771297,0.670771297,0.711771297,0.726771297,0.724771297,0.720771297,0.717771297,0.681771297,0.692771297,0.736771297
5328,0.483947062,0.527947062,0.555947062,0.538947062,0.567947062,0.558947062,0.532947062,0.557947062,0.507947062,0.525947062
5329,0.622437986,0.638437986,0.690437986,0.682437986,0.682437986,0.715437986,0.666437986,0.671437986,0.660437986,0.713437986
5330,0.687973618,0.790973618,0.781973618,0.765973618,0.803973618,0.740973618,0.717973618,0.733973618,0.675973618,0.714973618
5331,0.518413937,0.568413937,0.515413937,0.541413937,0.549413937,0.618413937,0.604413937,0.574413937,0.574413937,0.561413937
5332,0.685470766,0.745470766,0.780470766,0.738470766,0.765470766,0.790470766,0.715470766,0.730470766,0.753470766,0.766470766
5333,0.625102947,0.631102947,0.676102947,0.658102947,0.624102947,0.745102947,0.732102947,0.733102947,0.727102947,0.727102947
5334,0.658889086,0.711889086,0.757889086,0.697889086,0.764889086,0.710889086,0.720889086,0.693889086,0.685889086,0.692889086
5335,0.468091876,0.485091876,0.485091876,0.475091876,0.506091876,0.568091876,0.547091876,0.567091876,0.531091876,0.527091876
5336,0.794528931,0.786528931,0.830528931,0.776528931,0.812528931,0.835528931,0.848528931,0.859528931,0.830528931,0.860528931
5337,0.74799997,0.71499997,0.79099997,0.71199997,0.74399997,0.84299997,0.81599997,0.82299997,0.79499997,0.81199997
5338,0.756287767,0.852287767,0.815287767,0.832287767,0.817287767,0.823287767,0.795287767,0.817287767,0.773287767,0.829287767
5339,0.784518923,0.816518923,0.832518923,0.855518923,0.864518923,0.886518923,0.864518923,0.861518923,0.814518923,0.826518923
5340,0.64150509,0.64750509,0.63350509,0.62250509,0.62350509,0.73450509,0.68850509,0.72950509,0.67950509,0.71850509
5341,0.565754497,0.597754497,0.627754497,0.565754497,0.610754497,0.663754497,0.620754497,0.655754497,0.616754497,0.664754497
5342,0.55990792,0.57390792,0.61890792,0.59990792,0.61090792,0.65190792,0.63590792,0.64890792,0.63790792,0.64390792
5343,0.557921268,0.596921268,0.638921268,0.557921268,0.661921268,0.621921268,0.601921268,0.682921268,0.632921268,0.666921268
5344,0.424857092,0.439857092,0.472857092,0.436857092,0.467857092,0.520857092,0.493857092,0.526857092,0.479857092,0.513857092
5345,0.489450137,0.535450137,0.564450137,0.546450137,0.564450137,0.563450137,0.559450137,0.605450137,0.567450137,0.578450137
5346,0.518548866,0.541548866,0.592548866,0.595548866,0.580548866,0.628548866,0.575548866,0.557548866,0.594548866,0.591548866
5347,0.700598054,0.764598054,0.754598054,0.778598054,0.801598054,0.786598054,0.783598054,0.772598054,0.747598054,0.795598054
5348,0.901420107,0.896420107,0.944420107,0.909420107,0.905420107,0.992420107,0.952420107,0.944420107,0.953420107,0.981420107
5349,0.657113244,0.649113244,0.635113244,0.654113244,0.729113244,0.725113244,0.716113244,0.710113244,0.724113244,0.728113244
5350,0.638356979,0.648356979,0.691356979,0.649356979,0.693356979,0.676356979,0.719356979,0.691356979,0.676356979,0.676356979
5351,0.570546825,0.691546825,0.625546825,0.636546825,0.673546825,0.680546825,0.640546825,0.639546825,0.606546825,0.649546825
5352,0.682447609,0.752447609,0.685447609,0.689447609,0.715447609,0.745447609,0.736447609,0.749447609,0.717447609,0.724447609
5353,0.548444918,0.635444918,0.707444918,0.604444918,0.623444918,0.620444918,0.605444918,0.622444918,0.560444918,0.593444918
5354,0.714442012,0.727442012,0.799442012,0.758442012,0.738442012,0.798442012,0.787442012,0.813442012,0.795442012,0.794442012
5355,0.717189088,0.710189088,0.755189088,0.730189088,0.734189088,0.780189088,0.750189088,0.771189088,0.749189088,0.769189088
5356,0.661784361,0.685784361,0.707784361,0.673784361,0.700784361,0.720784361,0.719784361,0.685784361,0.701784361,0.736784361
5357,0.719161809,0.747161809,0.764161809,0.804161809,0.813161809,0.787161809,0.771161809,0.794161809,0.768161809,0.745161809
5358,0.495286579,0.584286579,0.545286579,0.522286579,0.542286579,0.555286579,0.536286579,0.560286579,0.540286579,0.569286579
5359,0.630681683,0.608681683,0.663681683,0.618681683,0.678681683,0.712681683,0.677681683,0.673681683,0.701681683,0.705681683
5360,0.589687313,0.702687313,0.681687313,0.595687313,0.655687313,0.670687313,0.621687313,0.650687313,0.614687313,0.639687313
5361,0.67611163,0.71111163,0.67111163,0.65711163,0.69111163,0.75511163,0.76311163,0.75511163,0.71011163,0.71511163
5362,0.579244465,0.553244465,0.551244465,0.610244465,0.609244465,0.660244465,0.655244465,0.690244465,0.651244465,0.657244465
5363,0.676629724,0.683629724,0.712629724,0.701629724,0.737629724,0.715629724,0.710629724,0.758629724,0.705629724,0.742629724
5364,0.741929088,0.769929088,0.848929088,0.805929088,0.801929088,0.809929088,0.808929088,0.813929088,0.811929088,0.814929088
5365,0.722808469,0.701808469,0.734808469,0.711808469,0.760808469,0.816808469,0.779808469,0.796808469,0.804808469,0.804808469
5366,0.58307451,0.67407451,0.68607451,0.64607451,0.65807451,0.66007451,0.62307451,0.64207451,0.62207451,0.61807451
5367,0.680737196,0.689737196,0.707737196,0.686737196,0.737737196,0.746737196,0.707737196,0.698737196,0.725737196,0.723737196
5368,0.66948154,0.74348154,0.81748154,0.76748154,0.76848154,0.77248154,0.71848154,0.75148154,0.73548154,0.71748154
5369,0.599439584,0.643439584,0.678439584,0.627439584,0.636439584,0.672439584,0.658439584,0.666439584,0.650439584,0.684439584
5370,0.705275221,0.757275221,0.738275221,0.768275221,0.757275221,0.748275221,0.757275221,0.763275221,0.740275221,0.729275221
5371,0.696227858,0.744227858,0.777227858,0.750227858,0.792227858,0.781227858,0.716227858,0.748227858,0.740227858,0.761227858
5372,0.580258884,0.543258884,0.599258884,0.548258884,0.591258884,0.648258884,0.652258884,0.663258884,0.604258884,0.633258884
5373,0.58690548,0.59190548,0.66290548,0.60190548,0.63690548,0.68890548,0.62190548,0.63690548,0.63490548,0.66690548
5374,0.848635473,0.899635473,0.882635473,0.835635473,0.879635473,0.873635473,0.886635473,0.891635473,0.854635473,0.870635473
5375,0.632898721,0.617898721,0.642898721,0.628898721,0.652898721,0.737898721,0.704898721,0.674898721,0.694898721,0.711898721
5376,0.686689434,0.746689434,0.726689434,0.766689434,0.750689434,0.767689434,0.745689434,0.756689434,0.732689434,0.737689434
5377,0.648358787,0.695358787,0.659358787,0.685358787,0.712358787,0.719358787,0.717358787,0.731358787,0.716358787,0.741358787
5378,0.680355654,0.646355654,0.718355654,0.690355654,0.712355654,0.800355654,0.751355654,0.776355654,0.733355654,0.758355654
5379,0.871742605,0.941742605,0.927742605,0.893742605,0.909742605,0.930742605,0.887742605,0.929742605,0.932742605,0.927742605
5380,0.725486548,0.757486548,0.785486548,0.766486548,0.779486548,0.782486548,0.731486548,0.762486548,0.769486548,0.762486548
5381,0.551856995,0.575856995,0.590856995,0.604856995,0.613856995,0.613856995,0.637856995,0.605856995,0.623856995,0.618856995
5382,0.588157709,0.534157709,0.641157709,0.602157709,0.628157709,0.698157709,0.663157709,0.680157709,0.654157709,0.671157709
5383,0.736352732,0.716352732,0.755352732,0.709352732,0.768352732,0.797352732,0.773352732,0.809352732,0.765352732,0.754352732
5384,0.812796154,0.883796154,0.911796154,0.860796154,0.887796154,0.914796154,0.892796154,0.926796154,0.848796154,0.890796154
5385,0.547728608,0.628728608,0.697728608,0.655728608,0.660728608,0.582728608,0.607728608,0.596728608,0.536728608,0.607728608
5386,0.763296973,0.736296973,0.820296973,0.828296973,0.809296973,0.864296973,0.795296973,0.771296973,0.794296973,0.809296973
5387,0.812517136,0.826517136,0.874517136,0.813517136,0.861517136,0.921517136,0.877517136,0.872517136,0.865517136,0.892517136
5388,0.544149893,0.560149893,0.549149893,0.590149893,0.582149893,0.604149893,0.571149893,0.568149893,0.556149893,0.602149893
5389,0.705676392,0.769676392,0.773676392,0.765676392,0.780676392,0.739676392,0.704676392,0.737676392,0.708676392,0.730676392
5390,0.688190103,0.669190103,0.770190103,0.754190103,0.781190103,0.753190103,0.743190103,0.715190103,0.732190103,0.709190103
5391,0.418719629,0.477719629,0.436719629,0.418719629,0.459719629,0.505719629,0.469719629,0.478719629,0.455719629,0.487719629
5392,0.670158493,0.752158493,0.729158493,0.713158493,0.716158493,0.728158493,0.725158493,0.719158493,0.695158493,0.726158493
5393,0.466180445,0.518180445,0.546180445,0.527180445,0.567180445,0.564180445,0.543180445,0.549180445,0.527180445,0.543180445
5394,0.619015473,0.684015473,0.613015473,0.637015473,0.649015473,0.678015473,0.664015473,0.712015473,0.656015473,0.667015473
5395,0.444414647,0.475414647,0.506414647,0.470414647,0.497414647,0.555414647,0.507414647,0.544414647,0.529414647,0.530414647
5396,0.771111362,0.831111362,0.835111362,0.819111362,0.815111362,0.900111362,0.815111362,0.833111362,0.816111362,0.845111362
5397,0.66037273,0.65837273,0.67037273,0.67937273,0.70937273,0.76737273,0.73637273,0.74337273,0.71237273,0.71837273
5398,0.83197404,0.84597404,0.89397404,0.88497404,0.93197404,0.89097404,0.83997404,0.85797404,0.85197404,0.85997404
5399,0.579165971,0.670165971,0.682165971,0.680165971,0.674165971,0.677165971,0.636165971,0.667165971,0.655165971,0.673165971
5400,0.620574163,0.629574163,0.668574163,0.683574163,0.665574163,0.710574163,0.682574163,0.685574163,0.699574163,0.713574163
5401,0.705786533,0.693786533,0.755786533,0.716786533,0.730786533,0.785786533,0.749786533,0.784786533,0.743786533,0.777786533
5402,0.66525936,0.71025936,0.71925936,0.71125936,0.80425936,0.74625936,0.73525936,0.71225936,0.71625936,0.72425936
5403,0.495047223,0.518047223,0.546047223,0.554047223,0.598047223,0.583047223,0.524047223,0.560047223,0.556047223,0.527047223
5404,0.529674654,0.510674654,0.559674654,0.506674654,0.546674654,0.609674654,0.600674654,0.588674654,0.592674654,0.603674654
5405,0.526446767,0.503446767,0.536446767,0.544446767,0.587446767,0.603446767,0.552446767,0.547446767,0.558446767,0.583446767
5406,0.644990463,0.687990463,0.741990463,0.677990463,0.741990463,0.741990463,0.717990463,0.712990463,0.712990463,0.720990463
5407,0.591902168,0.635902168,0.684902168,0.633902168,0.667902168,0.676902168,0.645902168,0.661902168,0.650902168,0.657902168
5408,0.609207651,0.641207651,0.670207651,0.604207651,0.661207651,0.648207651,0.647207651,0.650207651,0.661207651,0.640207651
5409,0.657147342,0.687147342,0.678147342,0.721147342,0.721147342,0.729147342,0.749147342,0.731147342,0.692147342,0.714147342
5410,0.604664216,0.601664216,0.635664216,0.606664216,0.610664216,0.658664216,0.628664216,0.666664216,0.654664216,0.659664216
5411,0.574442436,0.580442436,0.587442436,0.585442436,0.588442436,0.624442436,0.607442436,0.631442436,0.596442436,0.621442436
5412,0.887505101,0.875505101,0.953505101,0.960505101,0.934505101,0.939505101,0.900505101,0.902505101,0.894505101,0.918505101
5413,0.642434008,0.675434008,0.656434008,0.719434008,0.761434008,0.736434008,0.669434008,0.705434008,0.681434008,0.677434008
5414,0.678478186,0.688478186,0.721478186,0.708478186,0.694478186,0.777478186,0.760478186,0.725478186,0.722478186,0.752478186
5415,0.921551242,0.959551242,0.951551242,0.929551242,0.983551242,1.013551242,1.001551242,0.944551242,0.971551242,0.962551242
5416,0.861065934,0.860065934,0.933065934,0.889065934,0.916065934,0.930065934,0.875065934,0.935065934,0.900065934,0.939065934
5417,0.484161656,0.454161656,0.505161656,0.416161656,0.518161656,0.555161656,0.511161656,0.544161656,0.539161656,0.554161656
5418,0.662828204,0.691828204,0.691828204,0.660828204,0.674828204,0.770828204,0.730828204,0.708828204,0.705828204,0.728828204
5419,0.696290384,0.705290384,0.711290384,0.666290384,0.736290384,0.781290384,0.761290384,0.773290384,0.705290384,0.758290384
5420,0.669183167,0.665183167,0.679183167,0.657183167,0.736183167,0.713183167,0.697183167,0.711183167,0.719183167,0.736183167
5421,0.679811687,0.657811687,0.657811687,0.690811687,0.704811687,0.785811687,0.692811687,0.731811687,0.717811687,0.746811687
5422,0.649968815,0.654968815,0.673968815,0.719968815,0.668968815,0.760968815,0.703968815,0.726968815,0.715968815,0.733968815
5423,0.468330697,0.537330697,0.537330697,0.545330697,0.554330697,0.531330697,0.512330697,0.503330697,0.514330697,0.524330697
5424,0.549862988,0.594862988,0.627862988,0.592862988,0.654862988,0.633862988,0.607862988,0.617862988,0.584862988,0.598862988
5425,0.703010927,0.832010927,0.837010927,0.801010927,0.881010927,0.781010927,0.745010927,0.745010927,0.760010927,0.745010927
5426,0.579845569,0.541845569,0.573845569,0.579845569,0.550845569,0.647845569,0.663845569,0.645845569,0.639845569,0.680845569
5427,0.595315785,0.625315785,0.650315785,0.656315785,0.668315785,0.696315785,0.657315785,0.674315785,0.657315785,0.724315785
5428,0.629489473,0.706489473,0.713489473,0.665489473,0.709489473,0.713489473,0.671489473,0.690489473,0.681489473,0.688489473
5429,0.625981729,0.609981729,0.613981729,0.639981729,0.634981729,0.683981729,0.699981729,0.696981729,0.685981729,0.730981729
5430,0.633430964,0.673430964,0.648430964,0.655430964,0.691430964,0.705430964,0.710430964,0.703430964,0.683430964,0.713430964
5431,0.477069387,0.528069387,0.505069387,0.512069387,0.559069387,0.596069387,0.551069387,0.575069387,0.534069387,0.553069387
5432,0.592042299,0.592042299,0.655042299,0.602042299,0.635042299,0.630042299,0.653042299,0.632042299,0.637042299,0.657042299
5433,0.545596397,0.575596397,0.590596397,0.584596397,0.587596397,0.568596397,0.543596397,0.525596397,0.556596397,0.529596397
5434,0.375843574,0.434843574,0.444843574,0.447843574,0.478843574,0.430843574,0.397843574,0.421843574,0.387843574,0.426843574
5435,0.663729902,0.751729902,0.715729902,0.737729902,0.728729902,0.704729902,0.679729902,0.690729902,0.689729902,0.671729902
5436,0.596947463,0.577947463,0.614947463,0.585947463,0.644947463,0.690947463,0.671947463,0.675947463,0.687947463,0.718947463
5437,0.674256199,0.736256199,0.761256199,0.739256199,0.715256199,0.792256199,0.739256199,0.778256199,0.719256199,0.730256199
5438,0.806079758,0.891079758,0.884079758,0.857079758,0.809079758,0.823079758,0.849079758,0.854079758,0.815079758,0.826079758
5439,0.54028053,0.55528053,0.53028053,0.52428053,0.59728053,0.62828053,0.59928053,0.62328053,0.59928053,0.62328053
5440,0.607158906,0.654158906,0.613158906,0.624158906,0.700158906,0.650158906,0.676158906,0.689158906,0.623158906,0.666158906
5441,0.661505515,0.702505515,0.705505515,0.719505515,0.714505515,0.761505515,0.754505515,0.726505515,0.737505515,0.737505515
5442,0.67177573,0.73277573,0.74477573,0.75377573,0.78877573,0.70277573,0.72777573,0.73677573,0.72777573,0.74677573
5443,0.509346672,0.566346672,0.543346672,0.527346672,0.576346672,0.577346672,0.563346672,0.579346672,0.572346672,0.572346672
5444,0.656844093,0.640844093,0.663844093,0.638844093,0.652844093,0.744844093,0.715844093,0.704844093,0.729844093,0.755844093
5445,0.740765458,0.761765458,0.803765458,0.802765458,0.824765458,0.814765458,0.805765458,0.798765458,0.773765458,0.818765458
5446,0.561919902,0.568919902,0.563919902,0.610919902,0.577919902,0.645919902,0.626919902,0.625919902,0.604919902,0.619919902
5447,0.73386553,0.77386553,0.83786553,0.81786553,0.79086553,0.83486553,0.79486553,0.76386553,0.77686553,0.77986553
5448,0.711073145,0.758073145,0.821073145,0.776073145,0.756073145,0.790073145,0.746073145,0.777073145,0.762073145,0.759073145
5449,0.645983761,0.680983761,0.734983761,0.666983761,0.686983761,0.754983761,0.741983761,0.729983761,0.697983761,0.728983761
5450,0.642087479,0.693087479,0.705087479,0.732087479,0.740087479,0.744087479,0.754087479,0.699087479,0.719087479,0.743087479
5451,0.570236124,0.566236124,0.601236124,0.574236124,0.633236124,0.597236124,0.582236124,0.598236124,0.594236124,0.621236124
5452,0.646353715,0.669353715,0.696353715,0.646353715,0.696353715,0.765353715,0.694353715,0.741353715,0.732353715,0.740353715
5453,0.561621571,0.556621571,0.519621571,0.591621571,0.580621571,0.603621571,0.598621571,0.635621571,0.649621571,0.594621571
5454,0.590252178,0.638252178,0.615252178,0.571252178,0.615252178,0.662252178,0.650252178,0.679252178,0.664252178,0.657252178
5455,0.496805267,0.531805267,0.527805267,0.513805267,0.587805267,0.566805267,0.526805267,0.529805267,0.528805267,0.533805267
5456,0.571023187,0.640023187,0.631023187,0.644023187,0.626023187,0.648023187,0.628023187,0.639023187,0.587023187,0.639023187
5457,0.589115112,0.692115112,0.650115112,0.645115112,0.672115112,0.641115112,0.654115112,0.664115112,0.623115112,0.675115112
5458,0.602730749,0.604730749,0.592730749,0.587730749,0.662730749,0.649730749,0.637730749,0.643730749,0.622730749,0.658730749
5459,0.646334596,0.631334596,0.705334596,0.635334596,0.676334596,0.709334596,0.682334596,0.701334596,0.687334596,0.681334596
5460,0.728418108,0.759418108,0.717418108,0.789418108,0.746418108,0.751418108,0.760418108,0.741418108,0.736418108,0.765418108
5461,0.54507502,0.55907502,0.53507502,0.57607502,0.59607502,0.66107502,0.58207502,0.62507502,0.58307502,0.60907502
5462,0.700027776,0.716027776,0.730027776,0.712027776,0.778027776,0.800027776,0.786027776,0.812027776,0.775027776,0.786027776
5463,0.745192433,0.735192433,0.835192433,0.768192433,0.783192433,0.805192433,0.769192433,0.794192433,0.797192433,0.803192433
5464,0.582538319,0.600538319,0.591538319,0.553538319,0.614538319,0.660538319,0.628538319,0.652538319,0.586538319,0.690538319
5465,0.567749379,0.555749379,0.559749379,0.537749379,0.569749379,0.614749379,0.587749379,0.607749379,0.596749379,0.607749379
5466,0.767558503,0.856558503,0.838558503,0.874558503,0.851558503,0.834558503,0.822558503,0.818558503,0.785558503,0.787558503
5467,0.507634062,0.505634062,0.588634062,0.533634062,0.512634062,0.546634062,0.576634062,0.562634062,0.566634062,0.550634062
5468,0.74424327,0.81924327,0.81524327,0.81624327,0.81624327,0.81124327,0.76624327,0.78524327,0.78924327,0.79724327
5469,0.657970551,0.700970551,0.689970551,0.732970551,0.774970551,0.772970551,0.726970551,0.730970551,0.702970551,0.739970551
5470,0.557931819,0.623931819,0.622931819,0.636931819,0.614931819,0.653931819,0.601931819,0.605931819,0.602931819,0.609931819
5471,0.647393688,0.651393688,0.662393688,0.662393688,0.695393688,0.713393688,0.682393688,0.725393688,0.697393688,0.728393688
5472,0.657680278,0.702680278,0.753680278,0.733680278,0.706680278,0.749680278,0.697680278,0.726680278,0.700680278,0.679680278
5473,0.64958707,0.73958707,0.74358707,0.73458707,0.75458707,0.73758707,0.68558707,0.72058707,0.68358707,0.70758707
5474,0.643842603,0.726842603,0.720842603,0.716842603,0.769842603,0.724842603,0.714842603,0.734842603,0.703842603,0.718842603
5475,0.697561516,0.698561516,0.712561516,0.710561516,0.752561516,0.838561516,0.765561516,0.812561516,0.781561516,0.763561516
5476,0.87080554,0.85380554,0.95180554,0.91280554,0.92980554,0.93480554,0.92680554,0.95080554,0.91180554,0.93980554
5477,0.839778057,0.897778057,0.879778057,0.887778057,0.966778057,0.960778057,0.924778057,0.945778057,0.917778057,0.932778057
5478,0.576590222,0.517590222,0.570590222,0.598590222,0.581590222,0.631590222,0.617590222,0.621590222,0.632590222,0.654590222
5479,0.53642834,0.55242834,0.55142834,0.56642834,0.58142834,0.66842834,0.62042834,0.60442834,0.62242834,0.62942834
5480,0.554240492,0.558240492,0.600240492,0.583240492,0.612240492,0.644240492,0.598240492,0.614240492,0.609240492,0.592240492
5481,0.489539773,0.507539773,0.556539773,0.525539773,0.567539773,0.567539773,0.601539773,0.591539773,0.538539773,0.576539773
5482,0.88919622,0.95119622,0.91219622,0.95419622,0.98019622,0.98719622,0.98719622,0.98919622,0.97019622,1.01219622
5483,0.553420748,0.508420748,0.585420748,0.492420748,0.589420748,0.639420748,0.620420748,0.639420748,0.609420748,0.623420748
5484,0.582526544,0.620526544,0.642526544,0.661526544,0.687526544,0.661526544,0.679526544,0.657526544,0.645526544,0.675526544
5485,0.61580589,0.66080589,0.71980589,0.69980589,0.66680589,0.68180589,0.64980589,0.64180589,0.63980589,0.69680589
5486,0.698370068,0.698370068,0.753370068,0.715370068,0.733370068,0.736370068,0.747370068,0.734370068,0.709370068,0.754370068
5487,0.642500898,0.693500898,0.685500898,0.689500898,0.712500898,0.687500898,0.697500898,0.661500898,0.690500898,0.717500898
5488,0.6300833,0.6720833,0.7270833,0.6880833,0.7070833,0.6780833,0.7010833,0.6970833,0.6800833,0.6780833
5489,0.651705122,0.727705122,0.737705122,0.730705122,0.735705122,0.715705122,0.635705122,0.656705122,0.644705122,0.686705122
5490,0.709120066,0.758120066,0.755120066,0.748120066,0.809120066,0.799120066,0.785120066,0.770120066,0.759120066,0.809120066
5491,0.637335995,0.679335995,0.693335995,0.686335995,0.692335995,0.763335995,0.737335995,0.745335995,0.768335995,0.774335995
5492,0.59143265,0.64643265,0.66143265,0.62343265,0.69943265,0.64643265,0.60743265,0.64043265,0.62443265,0.61243265
5493,0.705324286,0.736324286,0.769324286,0.786324286,0.775324286,0.811324286,0.772324286,0.787324286,0.774324286,0.816324286
5494,0.797222624,0.884222624,0.924222624,0.851222624,0.859222624,0.900222624,0.872222624,0.855222624,0.868222624,0.891222624
5495,0.613733329,0.634733329,0.737733329,0.677733329,0.687733329,0.697733329,0.634733329,0.682733329,0.642733329,0.672733329
5496,0.643877807,0.664877807,0.675877807,0.667877807,0.664877807,0.686877807,0.677877807,0.681877807,0.681877807,0.741877807
5497,0.720579066,0.720579066,0.786579066,0.741579066,0.816579066,0.826579066,0.755579066,0.768579066,0.752579066,0.766579066
5498,0.698715665,0.738715665,0.764715665,0.724715665,0.727715665,0.778715665,0.729715665,0.764715665,0.770715665,0.747715665
5499,0.519663324,0.495663324,0.543663324,0.518663324,0.522663324,0.587663324,0.563663324,0.590663324,0.559663324,0.588663324
5500,0.794631785,0.822631785,0.866631785,0.762631785,0.832631785,0.816631785,0.821631785,0.862631785,0.806631785,0.824631785
5501,0.599889935,0.616889935,0.623889935,0.590889935,0.609889935,0.660889935,0.614889935,0.646889935,0.620889935,0.612889935
5502,0.577367885,0.590367885,0.624367885,0.611367885,0.613367885,0.681367885,0.652367885,0.642367885,0.637367885,0.676367885
5503,0.65824081,0.69524081,0.71624081,0.70124081,0.74824081,0.69324081,0.68324081,0.70624081,0.65824081,0.65624081
5504,0.913891884,0.943891884,0.983891884,0.996891884,0.966891884,0.990891884,0.977891884,0.969891884,0.951891884,0.974891884
5505,0.69821835,0.73921835,0.76621835,0.75521835,0.78621835,0.78021835,0.74821835,0.72521835,0.71521835,0.73021835
5506,0.616554979,0.645554979,0.654554979,0.622554979,0.679554979,0.709554979,0.697554979,0.699554979,0.692554979,0.726554979
5507,0.633070909,0.639070909,0.689070909,0.685070909,0.716070909,0.719070909,0.718070909,0.737070909,0.707070909,0.710070909
5508,0.515326949,0.482326949,0.566326949,0.495326949,0.510326949,0.578326949,0.553326949,0.561326949,0.543326949,0.596326949
5509,0.576112849,0.593112849,0.622112849,0.543112849,0.584112849,0.638112849,0.646112849,0.614112849,0.604112849,0.611112849
5510,0.578883071,0.594883071,0.635883071,0.623883071,0.581883071,0.654883071,0.636883071,0.640883071,0.627883071,0.664883071
5511,0.731279177,0.729279177,0.728279177,0.732279177,0.789279177,0.800279177,0.762279177,0.794279177,0.795279177,0.796279177
5512,0.682265208,0.695265208,0.704265208,0.667265208,0.742265208,0.745265208,0.718265208,0.747265208,0.718265208,0.753265208
5513,0.687155325,0.777155325,0.773155325,0.745155325,0.787155325,0.758155325,0.729155325,0.752155325,0.726155325,0.750155325
5514,0.544104753,0.611104753,0.627104753,0.635104753,0.648104753,0.609104753,0.562104753,0.588104753,0.567104753,0.590104753
5515,0.792558824,0.830558824,0.851558824,0.791558824,0.795558824,0.860558824,0.855558824,0.838558824,0.856558824,0.843558824
5516,0.443884475,0.497884475,0.482884475,0.457884475,0.535884475,0.517884475,0.492884475,0.528884475,0.480884475,0.508884475
5517,0.6765954,0.7195954,0.7315954,0.7395954,0.7185954,0.7695954,0.7385954,0.7355954,0.7335954,0.7535954
5518,0.67868941,0.72668941,0.71468941,0.70868941,0.69868941,0.72468941,0.72768941,0.73368941,0.70868941,0.72168941
5519,0.631945114,0.621945114,0.671945114,0.621945114,0.653945114,0.673945114,0.649945114,0.671945114,0.665945114,0.696945114
5520,0.663765507,0.695765507,0.661765507,0.691765507,0.714765507,0.741765507,0.719765507,0.772765507,0.763765507,0.726765507
5521,0.809510573,0.788510573,0.889510573,0.760510573,0.851510573,0.930510573,0.897510573,0.933510573,0.895510573,0.863510573
5522,0.68703976,0.68503976,0.72003976,0.66103976,0.68003976,0.70903976,0.69303976,0.70503976,0.68403976,0.72303976
5523,0.644389826,0.659389826,0.749389826,0.708389826,0.724389826,0.697389826,0.670389826,0.708389826,0.684389826,0.673389826
5524,0.636248579,0.677248579,0.695248579,0.668248579,0.686248579,0.725248579,0.705248579,0.697248579,0.697248579,0.698248579
5525,0.699411443,0.764411443,0.738411443,0.749411443,0.796411443,0.776411443,0.719411443,0.759411443,0.747411443,0.765411443
5526,0.76008925,0.82308925,0.82508925,0.82508925,0.80808925,0.85408925,0.85808925,0.81808925,0.82808925,0.81708925
5527,0.60232961,0.61732961,0.68432961,0.65932961,0.64532961,0.68632961,0.66032961,0.66932961,0.67032961,0.64232961
5528,0.748470236,0.750470236,0.775470236,0.772470236,0.788470236,0.836470236,0.826470236,0.847470236,0.818470236,0.864470236
5529,0.815992218,0.870992218,0.860992218,0.874992218,0.954992218,0.835992218,0.865992218,0.848992218,0.866992218,0.844992218
5530,0.562270572,0.608270572,0.604270572,0.582270572,0.602270572,0.650270572,0.640270572,0.645270572,0.619270572,0.656270572
5531,0.718739778,0.741739778,0.756739778,0.761739778,0.736739778,0.803739778,0.782739778,0.830739778,0.776739778,0.835739778
5532,0.590803416,0.643803416,0.658803416,0.628803416,0.626803416,0.698803416,0.668803416,0.670803416,0.638803416,0.692803416
5533,0.631605774,0.618605774,0.637605774,0.645605774,0.609605774,0.721605774,0.723605774,0.707605774,0.733605774,0.735605774
5534,0.771831028,0.778831028,0.857831028,0.792831028,0.823831028,0.849831028,0.835831028,0.838831028,0.849831028,0.824831028
5535,0.464087333,0.425087333,0.502087333,0.486087333,0.511087333,0.540087333,0.511087333,0.528087333,0.522087333,0.520087333
5536,0.679792011,0.730792011,0.736792011,0.735792011,0.755792011,0.778792011,0.744792011,0.756792011,0.790792011,0.781792011
5537,0.644933908,0.707933908,0.737933908,0.718933908,0.746933908,0.708933908,0.703933908,0.699933908,0.655933908,0.655933908
5538,0.73388156,0.76688156,0.77088156,0.75488156,0.81588156,0.81688156,0.77888156,0.77288156,0.77388156,0.81088156
5539,0.586396449,0.584396449,0.653396449,0.627396449,0.667396449,0.645396449,0.613396449,0.645396449,0.633396449,0.618396449
5540,0.746014177,0.795014177,0.788014177,0.837014177,0.807014177,0.823014177,0.800014177,0.808014177,0.777014177,0.797014177
5541,0.485761663,0.489761663,0.554761663,0.458761663,0.524761663,0.566761663,0.515761663,0.566761663,0.549761663,0.557761663
5542,0.597491058,0.625491058,0.645491058,0.618491058,0.599491058,0.671491058,0.635491058,0.663491058,0.619491058,0.668491058
5543,0.574761682,0.675761682,0.701761682,0.695761682,0.701761682,0.654761682,0.624761682,0.641761682,0.599761682,0.612761682
5544,0.682470074,0.742470074,0.735470074,0.752470074,0.720470074,0.748470074,0.729470074,0.728470074,0.690470074,0.751470074
5545,0.590097574,0.551097574,0.632097574,0.627097574,0.597097574,0.688097574,0.657097574,0.652097574,0.652097574,0.649097574
5546,0.58674352,0.60274352,0.67274352,0.65674352,0.65574352,0.66574352,0.65974352,0.65874352,0.66574352,0.65474352
5547,0.624096714,0.695096714,0.731096714,0.718096714,0.673096714,0.668096714,0.611096714,0.660096714,0.637096714,0.674096714
5548,0.630941346,0.672941346,0.723941346,0.684941346,0.704941346,0.730941346,0.700941346,0.698941346,0.700941346,0.719941346
5549,0.708540095,0.736540095,0.788540095,0.722540095,0.747540095,0.806540095,0.793540095,0.750540095,0.750540095,0.795540095
5550,0.680608767,0.701608767,0.745608767,0.714608767,0.706608767,0.772608767,0.726608767,0.748608767,0.737608767,0.729608767
5551,0.605039852,0.610039852,0.633039852,0.640039852,0.646039852,0.701039852,0.676039852,0.670039852,0.654039852,0.714039852
5552,0.560861463,0.582861463,0.615861463,0.627861463,0.661861463,0.651861463,0.611861463,0.586861463,0.595861463,0.633861463
5553,0.526638664,0.563638664,0.604638664,0.604638664,0.561638664,0.596638664,0.595638664,0.609638664,0.626638664,0.626638664
5554,0.46196318,0.47596318,0.54396318,0.49196318,0.52296318,0.54796318,0.53496318,0.51296318,0.51996318,0.53796318
5555,0.729331603,0.767331603,0.779331603,0.800331603,0.780331603,0.797331603,0.764331603,0.777331603,0.750331603,0.790331603
5556,0.614889036,0.671889036,0.635889036,0.662889036,0.626889036,0.686889036,0.657889036,0.655889036,0.652889036,0.644889036
5557,0.582138301,0.623138301,0.664138301,0.697138301,0.649138301,0.687138301,0.678138301,0.657138301,0.658138301,0.666138301
5558,0.630582173,0.700582173,0.699582173,0.710582173,0.678582173,0.679582173,0.661582173,0.684582173,0.670582173,0.653582173
5559,0.851277954,0.867277954,0.885277954,0.859277954,0.868277954,0.927277954,0.921277954,0.894277954,0.908277954,0.923277954
5560,0.678952621,0.744952621,0.763952621,0.772952621,0.751952621,0.765952621,0.760952621,0.785952621,0.749952621,0.765952621
5561,0.807141212,0.849141212,0.877141212,0.854141212,0.846141212,0.898141212,0.870141212,0.891141212,0.893141212,0.869141212
5562,0.499450814,0.495450814,0.593450814,0.503450814,0.500450814,0.601450814,0.568450814,0.550450814,0.564450814,0.546450814
5563,0.573988606,0.618988606,0.646988606,0.651988606,0.667988606,0.635988606,0.581988606,0.620988606,0.620988606,0.597988606
5564,0.640715835,0.636715835,0.612715835,0.658715835,0.643715835,0.713715835,0.734715835,0.713715835,0.702715835,0.726715835
5565,0.478033364,0.538033364,0.542033364,0.504033364,0.515033364,0.538033364,0.529033364,0.544033364,0.542033364,0.526033364
5566,0.665037801,0.617037801,0.665037801,0.711037801,0.703037801,0.772037801,0.689037801,0.736037801,0.712037801,0.746037801
5567,0.415881632,0.470881632,0.529881632,0.414881632,0.530881632,0.529881632,0.490881632,0.484881632,0.495881632,0.505881632
5568,0.81381779,0.81981779,0.86981779,0.86181779,0.92181779,0.91981779,0.86381779,0.89481779,0.88181779,0.87581779
5569,0.577896613,0.640896613,0.661896613,0.620896613,0.653896613,0.657896613,0.625896613,0.647896613,0.640896613,0.681896613
5570,0.553505949,0.599505949,0.617505949,0.583505949,0.575505949,0.647505949,0.604505949,0.612505949,0.596505949,0.613505949
5571,0.630307663,0.695307663,0.710307663,0.661307663,0.651307663,0.710307663,0.710307663,0.729307663,0.673307663,0.713307663
5572,0.538388343,0.566388343,0.574388343,0.575388343,0.622388343,0.625388343,0.583388343,0.592388343,0.588388343,0.596388343
5573,0.554969389,0.541969389,0.616969389,0.559969389,0.589969389,0.625969389,0.595969389,0.583969389,0.573969389,0.629969389
5574,0.63456635,0.63456635,0.66056635,0.64456635,0.65956635,0.72756635,0.71756635,0.71156635,0.67356635,0.72156635
5575,0.801978832,0.795978832,0.872978832,0.847978832,0.857978832,0.894978832,0.871978832,0.873978832,0.846978832,0.874978832
5576,0.532183417,0.541183417,0.553183417,0.537183417,0.610183417,0.623183417,0.628183417,0.586183417,0.605183417,0.621183417
5577,0.605032727,0.629032727,0.699032727,0.649032727,0.654032727,0.703032727,0.646032727,0.659032727,0.648032727,0.657032727
5578,0.560710257,0.567710257,0.581710257,0.531710257,0.558710257,0.646710257,0.658710257,0.617710257,0.626710257,0.621710257
5579,0.670790654,0.680790654,0.646790654,0.664790654,0.694790654,0.720790654,0.719790654,0.756790654,0.708790654,0.749790654
5580,0.702239653,0.704239653,0.781239653,0.727239653,0.739239653,0.800239653,0.738239653,0.749239653,0.770239653,0.763239653
5581,0.712609427,0.713609427,0.712609427,0.732609427,0.755609427,0.754609427,0.759609427,0.745609427,0.760609427,0.746609427
5582,0.712479073,0.795479073,0.845479073,0.740479073,0.760479073,0.736479073,0.747479073,0.733479073,0.741479073,0.784479073
5583,0.644958603,0.657958603,0.684958603,0.622958603,0.709958603,0.749958603,0.707958603,0.718958603,0.715958603,0.753958603
5584,0.655093272,0.659093272,0.671093272,0.655093272,0.678093272,0.778093272,0.739093272,0.751093272,0.742093272,0.747093272
5585,0.907161837,0.917161837,0.913161837,0.927161837,0.915161837,0.998161837,0.976161837,0.962161837,1.007161837,0.999161837
5586,0.663202104,0.715202104,0.701202104,0.734202104,0.730202104,0.765202104,0.705202104,0.707202104,0.717202104,0.744202104
5587,0.5994498,0.6184498,0.7094498,0.6904498,0.6894498,0.6484498,0.6224498,0.6464498,0.6264498,0.6514498
5588,0.612301281,0.590301281,0.619301281,0.592301281,0.630301281,0.700301281,0.671301281,0.672301281,0.700301281,0.683301281
5589,0.750613118,0.846613118,0.861613118,0.773613118,0.875613118,0.856613118,0.821613118,0.815613118,0.817613118,0.814613118
5590,0.636338233,0.717338233,0.780338233,0.673338233,0.726338233,0.732338233,0.708338233,0.756338233,0.725338233,0.754338233
5591,0.663365794,0.644365794,0.693365794,0.687365794,0.750365794,0.715365794,0.697365794,0.714365794,0.711365794,0.720365794
5592,0.541961783,0.521961783,0.598961783,0.569961783,0.535961783,0.628961783,0.582961783,0.623961783,0.596961783,0.599961783
5593,0.545499706,0.598499706,0.598499706,0.612499706,0.606499706,0.608499706,0.576499706,0.562499706,0.565499706,0.607499706
5594,0.610674052,0.624674052,0.709674052,0.609674052,0.674674052,0.664674052,0.670674052,0.698674052,0.669674052,0.680674052
5595,0.763042756,0.774042756,0.822042756,0.767042756,0.810042756,0.822042756,0.808042756,0.813042756,0.787042756,0.807042756
5596,0.753198418,0.809198418,0.838198418,0.825198418,0.828198418,0.869198418,0.815198418,0.819198418,0.809198418,0.835198418
5597,0.573230054,0.595230054,0.603230054,0.614230054,0.624230054,0.638230054,0.647230054,0.630230054,0.622230054,0.649230054
5598,0.776959781,0.807959781,0.843959781,0.824959781,0.787959781,0.844959781,0.813959781,0.817959781,0.771959781,0.827959781
5599,0.771648201,0.781648201,0.803648201,0.823648201,0.792648201,0.841648201,0.790648201,0.832648201,0.822648201,0.827648201
5600,0.536557269,0.650557269,0.561557269,0.560557269,0.605557269,0.619557269,0.594557269,0.628557269,0.584557269,0.610557269
5601,0.646607345,0.694607345,0.724607345,0.688607345,0.745607345,0.699607345,0.720607345,0.710607345,0.726607345,0.754607345
5602,0.675477416,0.702477416,0.725477416,0.677477416,0.733477416,0.759477416,0.740477416,0.715477416,0.740477416,0.742477416
5603,0.53855456,0.55555456,0.57255456,0.54855456,0.57655456,0.61155456,0.57255456,0.60255456,0.61255456,0.59555456
5604,0.646811793,0.642811793,0.688811793,0.694811793,0.651811793,0.738811793,0.690811793,0.723811793,0.665811793,0.704811793
5605,0.726838925,0.774838925,0.754838925,0.786838925,0.756838925,0.760838925,0.769838925,0.775838925,0.765838925,0.809838925
5606,0.618116954,0.572116954,0.636116954,0.575116954,0.660116954,0.686116954,0.669116954,0.695116954,0.653116954,0.694116954
5607,0.730821905,0.772821905,0.817821905,0.795821905,0.853821905,0.796821905,0.796821905,0.802821905,0.774821905,0.811821905
5608,0.704385065,0.675385065,0.728385065,0.751385065,0.724385065,0.772385065,0.738385065,0.774385065,0.769385065,0.758385065
5609,0.731385854,0.814385854,0.770385854,0.771385854,0.778385854,0.816385854,0.783385854,0.795385854,0.795385854,0.787385854
5610,0.65640737,0.65240737,0.67840737,0.63840737,0.66440737,0.70840737,0.70040737,0.68340737,0.71340737,0.65640737
5611,0.742193473,0.801193473,0.787193473,0.709193473,0.806193473,0.848193473,0.806193473,0.844193473,0.811193473,0.825193473
5612,0.663031834,0.699031834,0.719031834,0.724031834,0.687031834,0.742031834,0.735031834,0.763031834,0.710031834,0.769031834
5613,0.746536615,0.800536615,0.826536615,0.810536615,0.873536615,0.865536615,0.865536615,0.860536615,0.857536615,0.865536615
5614,0.626442637,0.722442637,0.690442637,0.780442637,0.708442637,0.703442637,0.672442637,0.681442637,0.674442637,0.663442637
5615,0.737265437,0.766265437,0.755265437,0.777265437,0.786265437,0.805265437,0.813265437,0.800265437,0.785265437,0.810265437
5616,0.629078739,0.631078739,0.648078739,0.663078739,0.700078739,0.669078739,0.668078739,0.676078739,0.706078739,0.697078739
5617,0.71534505,0.74234505,0.78634505,0.79634505,0.77234505,0.80334505,0.75834505,0.77934505,0.75134505,0.74034505
5618,0.617120286,0.671120286,0.701120286,0.679120286,0.709120286,0.677120286,0.659120286,0.667120286,0.666120286,0.700120286
5619,0.700843397,0.771843397,0.811843397,0.788843397,0.731843397,0.787843397,0.766843397,0.793843397,0.791843397,0.756843397
5620,0.663029214,0.645029214,0.674029214,0.682029214,0.741029214,0.771029214,0.708029214,0.744029214,0.732029214,0.779029214
5621,0.707246916,0.779246916,0.737246916,0.768246916,0.805246916,0.745246916,0.741246916,0.746246916,0.736246916,0.756246916
5622,0.577390211,0.606390211,0.603390211,0.636390211,0.621390211,0.656390211,0.641390211,0.626390211,0.635390211,0.671390211
5623,0.722885917,0.785885917,0.754885917,0.733885917,0.777885917,0.810885917,0.796885917,0.808885917,0.773885917,0.808885917
5624,0.725077105,0.714077105,0.759077105,0.733077105,0.753077105,0.828077105,0.784077105,0.828077105,0.806077105,0.808077105
5625,0.499330958,0.549330958,0.507330958,0.523330958,0.581330958,0.594330958,0.532330958,0.563330958,0.547330958,0.582330958
5626,0.607213655,0.603213655,0.665213655,0.618213655,0.721213655,0.680213655,0.624213655,0.669213655,0.652213655,0.650213655
5627,0.560732783,0.586732783,0.555732783,0.586732783,0.563732783,0.616732783,0.594732783,0.640732783,0.597732783,0.605732783
5628,0.654446704,0.691446704,0.743446704,0.720446704,0.743446704,0.687446704,0.693446704,0.711446704,0.671446704,0.700446704
5629,0.763951083,0.780951083,0.794951083,0.814951083,0.828951083,0.862951083,0.820951083,0.824951083,0.801951083,0.813951083
5630,0.68190357,0.65090357,0.69490357,0.66790357,0.71790357,0.78390357,0.76990357,0.78990357,0.73990357,0.77090357
5631,0.664832831,0.693832831,0.684832831,0.717832831,0.764832831,0.749832831,0.751832831,0.760832831,0.757832831,0.781832831
5632,0.745134529,0.744134529,0.762134529,0.738134529,0.785134529,0.832134529,0.805134529,0.868134529,0.817134529,0.843134529
5633,0.751772483,0.767772483,0.816772483,0.756772483,0.804772483,0.839772483,0.835772483,0.824772483,0.808772483,0.838772483
5634,0.5526504,0.5926504,0.6246504,0.6036504,0.6516504,0.6446504,0.6076504,0.6506504,0.6116504,0.6676504
5635,0.467059214,0.465059214,0.521059214,0.487059214,0.527059214,0.571059214,0.530059214,0.537059214,0.516059214,0.532059214
5636,0.712142445,0.770142445,0.746142445,0.747142445,0.743142445,0.768142445,0.735142445,0.752142445,0.740142445,0.769142445
5637,0.715553458,0.768553458,0.762553458,0.739553458,0.808553458,0.763553458,0.723553458,0.779553458,0.720553458,0.749553458
5638,0.5484702,0.5954702,0.5904702,0.6044702,0.6564702,0.6414702,0.6134702,0.6474702,0.5934702,0.6164702
5639,0.621206374,0.666206374,0.700206374,0.699206374,0.687206374,0.721206374,0.718206374,0.715206374,0.672206374,0.679206374
5640,0.542436336,0.653436336,0.625436336,0.622436336,0.664436336,0.585436336,0.596436336,0.590436336,0.611436336,0.587436336
5641,0.558958136,0.544958136,0.561958136,0.544958136,0.640958136,0.606958136,0.570958136,0.601958136,0.579958136,0.569958136
5642,0.769933031,0.800933031,0.758933031,0.743933031,0.815933031,0.831933031,0.820933031,0.861933031,0.827933031,0.839933031
5643,0.662225568,0.653225568,0.729225568,0.687225568,0.700225568,0.736225568,0.737225568,0.726225568,0.741225568,0.753225568
5644,0.615472945,0.605472945,0.676472945,0.664472945,0.690472945,0.719472945,0.674472945,0.653472945,0.639472945,0.692472945
5645,0.743242987,0.757242987,0.833242987,0.847242987,0.861242987,0.778242987,0.826242987,0.820242987,0.770242987,0.798242987
5646,0.76598599,0.82198599,0.77498599,0.81498599,0.82998599,0.82498599,0.81498599,0.83298599,0.80198599,0.82898599
5647,0.663344686,0.695344686,0.703344686,0.663344686,0.705344686,0.746344686,0.760344686,0.774344686,0.733344686,0.773344686
5648,0.874852327,0.891852327,0.976852327,0.910852327,0.923852327,0.949852327,0.896852327,0.930852327,0.913852327,0.930852327
5649,0.691219373,0.696219373,0.747219373,0.742219373,0.739219373,0.802219373,0.796219373,0.798219373,0.784219373,0.817219373
5650,0.644655857,0.642655857,0.646655857,0.669655857,0.703655857,0.701655857,0.710655857,0.710655857,0.699655857,0.735655857
5651,0.583046707,0.571046707,0.602046707,0.573046707,0.564046707,0.701046707,0.675046707,0.688046707,0.656046707,0.668046707
5652,0.693578562,0.676578562,0.728578562,0.719578562,0.751578562,0.742578562,0.728578562,0.763578562,0.707578562,0.788578562
5653,0.683703333,0.741703333,0.767703333,0.736703333,0.788703333,0.782703333,0.746703333,0.774703333,0.771703333,0.787703333
5654,0.737919207,0.710919207,0.735919207,0.758919207,0.719919207,0.843919207,0.801919207,0.800919207,0.782919207,0.827919207
5655,0.889972047,0.902972047,0.919972047,0.943972047,1.012972047,0.945972047,0.927972047,0.933972047,0.921972047,0.974972047
5656,0.88660587,0.81960587,0.88360587,0.83760587,0.90860587,0.95260587,0.94760587,0.95560587,0.93660587,0.93360587
5657,0.751550984,0.781550984,0.809550984,0.776550984,0.852550984,0.857550984,0.853550984,0.863550984,0.869550984,0.873550984
5658,0.393140748,0.410140748,0.384140748,0.457140748,0.464140748,0.469140748,0.476140748,0.471140748,0.469140748,0.481140748
5659,0.60593865,0.64893865,0.61293865,0.63493865,0.68993865,0.68393865,0.63693865,0.67393865,0.63893865,0.68793865
5660,0.596209681,0.634209681,0.648209681,0.608209681,0.630209681,0.666209681,0.654209681,0.617209681,0.663209681,0.652209681
5661,0.591884038,0.584884038,0.632884038,0.600884038,0.684884038,0.657884038,0.662884038,0.652884038,0.634884038,0.621884038
5662,0.536764434,0.617764434,0.629764434,0.606764434,0.606764434,0.607764434,0.569764434,0.585764434,0.601764434,0.609764434
5663,0.537301346,0.536301346,0.634301346,0.575301346,0.600301346,0.623301346,0.564301346,0.570301346,0.573301346,0.556301346
5664,0.639650648,0.698650648,0.747650648,0.714650648,0.691650648,0.713650648,0.705650648,0.689650648,0.709650648,0.715650648
5665,0.703947609,0.722947609,0.715947609,0.741947609,0.739947609,0.766947609,0.761947609,0.757947609,0.734947609,0.758947609
5666,0.560294744,0.560294744,0.584294744,0.569294744,0.603294744,0.623294744,0.578294744,0.618294744,0.601294744,0.618294744
5667,0.590936188,0.657936188,0.682936188,0.688936188,0.691936188,0.689936188,0.637936188,0.665936188,0.627936188,0.633936188
5668,0.581459881,0.628459881,0.675459881,0.639459881,0.713459881,0.642459881,0.624459881,0.594459881,0.608459881,0.671459881
5669,0.856126847,0.913126847,0.917126847,0.881126847,0.921126847,0.934126847,0.887126847,0.886126847,0.855126847,0.926126847
5670,0.855382426,0.953382426,0.987382426,0.988382426,0.993382426,0.991382426,0.919382426,0.954382426,0.939382426,0.940382426
5671,0.708754206,0.812754206,0.779754206,0.736754206,0.813754206,0.801754206,0.752754206,0.768754206,0.742754206,0.771754206
5672,0.544249902,0.529249902,0.562249902,0.594249902,0.632249902,0.584249902,0.586249902,0.574249902,0.588249902,0.595249902
5673,0.52011648,0.54711648,0.58411648,0.54211648,0.52711648,0.61211648,0.57811648,0.61111648,0.57811648,0.57611648
5674,0.699153636,0.772153636,0.779153636,0.714153636,0.757153636,0.791153636,0.747153636,0.744153636,0.727153636,0.724153636
5675,0.86360666,0.90660666,0.97660666,0.90860666,0.93660666,0.90960666,0.89960666,0.89560666,0.88760666,0.89960666
5676,0.668148015,0.653148015,0.661148015,0.686148015,0.741148015,0.758148015,0.717148015,0.695148015,0.688148015,0.728148015
5677,0.840979397,0.838979397,0.888979397,0.852979397,0.834979397,0.965979397,0.916979397,0.927979397,0.921979397,0.932979397
5678,0.716402417,0.787402417,0.855402417,0.860402417,0.827402417,0.807402417,0.778402417,0.769402417,0.766402417,0.782402417
5679,0.509680583,0.565680583,0.541680583,0.496680583,0.574680583,0.565680583,0.542680583,0.556680583,0.539680583,0.519680583
5680,0.622645732,0.578645732,0.602645732,0.626645732,0.623645732,0.710645732,0.672645732,0.704645732,0.666645732,0.695645732
5681,0.628447233,0.680447233,0.695447233,0.678447233,0.727447233,0.708447233,0.712447233,0.698447233,0.685447233,0.729447233
5682,0.998594444,1.017594444,1.029594444,1.027594444,1.052594444,1.059594444,1.030594444,1.043594444,1.015594444,1.043594444
5683,0.672533363,0.730533363,0.757533363,0.701533363,0.764533363,0.785533363,0.729533363,0.781533363,0.713533363,0.757533363
5684,0.733730452,0.763730452,0.796730452,0.759730452,0.831730452,0.814730452,0.794730452,0.807730452,0.772730452,0.838730452
5685,0.642625094,0.667625094,0.648625094,0.661625094,0.711625094,0.745625094,0.717625094,0.740625094,0.738625094,0.747625094
5686,0.84098259,0.88698259,0.93798259,0.84598259,0.93898259,0.90598259,0.87798259,0.86098259,0.83698259,0.88498259
5687,0.633985832,0.691985832,0.701985832,0.659985832,0.729985832,0.674985832,0.694985832,0.712985832,0.686985832,0.716985832
5688,0.699493076,0.759493076,0.736493076,0.743493076,0.790493076,0.745493076,0.748493076,0.735493076,0.727493076,0.757493076
5689,0.667251159,0.662251159,0.674251159,0.724251159,0.696251159,0.710251159,0.694251159,0.731251159,0.690251159,0.690251159
5690,0.664187622,0.642187622,0.723187622,0.730187622,0.726187622,0.703187622,0.718187622,0.772187622,0.709187622,0.736187622
5691,0.464534865,0.445534865,0.477534865,0.467534865,0.445534865,0.536534865,0.522534865,0.502534865,0.499534865,0.504534865
5692,0.682768374,0.673768374,0.659768374,0.696768374,0.717768374,0.760768374,0.747768374,0.750768374,0.754768374,0.781768374
5693,0.722113453,0.751113453,0.703113453,0.718113453,0.740113453,0.826113453,0.775113453,0.806113453,0.773113453,0.795113453
5694,0.819307171,0.824307171,0.874307171,0.785307171,0.844307171,0.881307171,0.846307171,0.845307171,0.857307171,0.874307171
5695,0.900854498,0.965854498,0.953854498,0.938854498,0.947854498,0.996854498,0.964854498,0.933854498,0.969854498,0.966854498
5696,0.72833102,0.76933102,0.76433102,0.75533102,0.78533102,0.80033102,0.76333102,0.77733102,0.73733102,0.77133102
5697,0.646611034,0.714611034,0.735611034,0.694611034,0.738611034,0.712611034,0.704611034,0.693611034,0.681611034,0.700611034
5698,0.597971173,0.583971173,0.638971173,0.605971173,0.641971173,0.653971173,0.622971173,0.617971173,0.643971173,0.676971173
5699,0.708688636,0.802688636,0.791688636,0.764688636,0.790688636,0.723688636,0.704688636,0.736688636,0.678688636,0.747688636
5700,0.6488759,0.6838759,0.7178759,0.7178759,0.7568759,0.7008759,0.6888759,0.6838759,0.6518759,0.6868759
5701,0.535232973,0.604232973,0.597232973,0.624232973,0.610232973,0.631232973,0.572232973,0.587232973,0.565232973,0.570232973
5702,0.627630276,0.675630276,0.713630276,0.678630276,0.706630276,0.746630276,0.701630276,0.698630276,0.691630276,0.729630276
5703,0.634900099,0.624900099,0.717900099,0.671900099,0.696900099,0.714900099,0.653900099,0.667900099,0.660900099,0.669900099
5704,0.556882013,0.557882013,0.590882013,0.606882013,0.596882013,0.655882013,0.618882013,0.634882013,0.619882013,0.636882013
5705,0.713677442,0.704677442,0.730677442,0.706677442,0.776677442,0.803677442,0.754677442,0.757677442,0.776677442,0.780677442
5706,0.69335294,0.71435294,0.74735294,0.72735294,0.74935294,0.76535294,0.75335294,0.72135294,0.74135294,0.75035294
5707,0.654413128,0.650413128,0.690413128,0.703413128,0.695413128,0.711413128,0.724413128,0.740413128,0.689413128,0.716413128
5708,0.560725353,0.599725353,0.604725353,0.628725353,0.638725353,0.619725353,0.601725353,0.572725353,0.591725353,0.609725353
5709,0.484576332,0.531576332,0.524576332,0.575576332,0.565576332,0.555576332,0.556576332,0.547576332,0.557576332,0.539576332
5710,0.591079416,0.661079416,0.743079416,0.664079416,0.639079416,0.654079416,0.599079416,0.601079416,0.607079416,0.639079416
5711,0.638276369,0.700276369,0.711276369,0.713276369,0.699276369,0.738276369,0.689276369,0.718276369,0.689276369,0.708276369
5712,0.622485119,0.646485119,0.611485119,0.656485119,0.643485119,0.665485119,0.688485119,0.701485119,0.661485119,0.654485119
5713,0.474074498,0.483074498,0.492074498,0.515074498,0.572074498,0.525074498,0.503074498,0.519074498,0.482074498,0.515074498
5714,0.729679195,0.752679195,0.873679195,0.817679195,0.816679195,0.771679195,0.756679195,0.798679195,0.748679195,0.728679195
5715,0.720198442,0.746198442,0.802198442,0.786198442,0.749198442,0.836198442,0.785198442,0.804198442,0.807198442,0.833198442
5716,0.68583244,0.66883244,0.70583244,0.69083244,0.73383244,0.75683244,0.71783244,0.72983244,0.71783244,0.70283244
5717,0.597722801,0.631722801,0.588722801,0.621722801,0.621722801,0.700722801,0.662722801,0.679722801,0.650722801,0.700722801
5718,0.656416663,0.657416663,0.623416663,0.691416663,0.649416663,0.758416663,0.699416663,0.742416663,0.703416663,0.720416663
5719,0.594029516,0.584029516,0.602029516,0.588029516,0.608029516,0.660029516,0.647029516,0.672029516,0.630029516,0.657029516
5720,0.700805804,0.766805804,0.774805804,0.749805804,0.778805804,0.772805804,0.761805804,0.770805804,0.706805804,0.757805804
5721,0.75021252,0.76221252,0.80421252,0.80721252,0.82321252,0.84521252,0.80821252,0.83221252,0.81421252,0.80421252
5722,0.6773284,0.7003284,0.7583284,0.7193284,0.7433284,0.7643284,0.6863284,0.7343284,0.6923284,0.7013284
5723,0.801649847,0.826649847,0.831649847,0.832649847,0.871649847,0.893649847,0.860649847,0.882649847,0.879649847,0.884649847
5724,0.623319771,0.580319771,0.662319771,0.696319771,0.656319771,0.697319771,0.644319771,0.680319771,0.681319771,0.697319771
5725,0.701960293,0.725960293,0.702960293,0.738960293,0.697960293,0.818960293,0.782960293,0.762960293,0.758960293,0.741960293
5726,0.387620492,0.411620492,0.411620492,0.433620492,0.463620492,0.412620492,0.395620492,0.416620492,0.411620492,0.400620492
5727,0.536478908,0.567478908,0.581478908,0.601478908,0.587478908,0.609478908,0.552478908,0.584478908,0.563478908,0.576478908
5728,0.582371163,0.654371163,0.706371163,0.679371163,0.688371163,0.662371163,0.633371163,0.653371163,0.620371163,0.655371163
5729,0.807489766,0.797489766,0.836489766,0.876489766,0.832489766,0.887489766,0.881489766,0.881489766,0.900489766,0.894489766
5730,0.671106197,0.758106197,0.714106197,0.699106197,0.734106197,0.792106197,0.766106197,0.757106197,0.738106197,0.798106197
5731,0.567446892,0.643446892,0.668446892,0.632446892,0.640446892,0.642446892,0.640446892,0.644446892,0.624446892,0.614446892
5732,0.880341284,0.968341284,0.958341284,0.959341284,0.953341284,0.938341284,0.905341284,0.913341284,0.900341284,0.957341284
5733,0.537620089,0.556620089,0.592620089,0.582620089,0.550620089,0.655620089,0.635620089,0.653620089,0.601620089,0.631620089
5734,0.675641614,0.689641614,0.722641614,0.666641614,0.710641614,0.739641614,0.720641614,0.752641614,0.720641614,0.724641614
5735,0.694394758,0.730394758,0.731394758,0.705394758,0.747394758,0.720394758,0.715394758,0.698394758,0.704394758,0.708394758
5736,0.73804652,0.77604652,0.77804652,0.77504652,0.77304652,0.78504652,0.76104652,0.80104652,0.77204652,0.77404652
5737,0.560618675,0.649618675,0.602618675,0.636618675,0.679618675,0.641618675,0.627618675,0.600618675,0.590618675,0.601618675
5738,0.57192752,0.63992752,0.66992752,0.64792752,0.61992752,0.65192752,0.65192752,0.64992752,0.63992752,0.65792752
5739,0.68194325,0.72694325,0.72794325,0.75894325,0.73894325,0.77594325,0.74694325,0.77494325,0.73394325,0.73094325
5740,0.526286513,0.575286513,0.584286513,0.554286513,0.589286513,0.636286513,0.588286513,0.623286513,0.578286513,0.581286513
5741,0.601732616,0.663732616,0.622732616,0.645732616,0.650732616,0.680732616,0.695732616,0.679732616,0.677732616,0.689732616
5742,0.865695553,0.866695553,0.895695553,0.898695553,0.950695553,0.914695553,0.919695553,0.913695553,0.872695553,0.910695553
5743,0.818932783,0.802932783,0.861932783,0.856932783,0.867932783,0.900932783,0.867932783,0.887932783,0.871932783,0.924932783
5744,0.635606826,0.648606826,0.686606826,0.657606826,0.671606826,0.734606826,0.671606826,0.715606826,0.697606826,0.658606826
5745,0.640987001,0.704987001,0.706987001,0.675987001,0.731987001,0.743987001,0.732987001,0.731987001,0.700987001,0.771987001
5746,0.589508698,0.654508698,0.639508698,0.664508698,0.677508698,0.670508698,0.636508698,0.652508698,0.662508698,0.695508698
5747,0.697333301,0.699333301,0.745333301,0.750333301,0.725333301,0.771333301,0.739333301,0.755333301,0.725333301,0.730333301
5748,0.692001624,0.755001624,0.747001624,0.743001624,0.775001624,0.785001624,0.823001624,0.801001624,0.773001624,0.763001624
5749,0.735068347,0.777068347,0.774068347,0.736068347,0.801068347,0.777068347,0.779068347,0.811068347,0.780068347,0.789068347
5750,0.592485229,0.637485229,0.623485229,0.609485229,0.658485229,0.666485229,0.673485229,0.631485229,0.658485229,0.671485229
5751,0.803309622,0.829309622,0.856309622,0.847309622,0.839309622,0.898309622,0.858309622,0.886309622,0.885309622,0.879309622
5752,0.425457512,0.473457512,0.496457512,0.512457512,0.512457512,0.470457512,0.470457512,0.481457512,0.467457512,0.462457512
5753,0.641418042,0.643418042,0.742418042,0.705418042,0.689418042,0.763418042,0.722418042,0.726418042,0.705418042,0.701418042
5754,0.641050159,0.713050159,0.702050159,0.709050159,0.708050159,0.696050159,0.665050159,0.661050159,0.658050159,0.686050159
5755,0.570187515,0.607187515,0.684187515,0.623187515,0.655187515,0.655187515,0.647187515,0.661187515,0.592187515,0.638187515
5756,0.58450449,0.64350449,0.66150449,0.64450449,0.68750449,0.67450449,0.64550449,0.66850449,0.64150449,0.67050449
5757,0.619481267,0.706481267,0.728481267,0.725481267,0.725481267,0.712481267,0.665481267,0.673481267,0.674481267,0.691481267
5758,0.541661356,0.583661356,0.594661356,0.580661356,0.633661356,0.604661356,0.596661356,0.602661356,0.578661356,0.603661356
5759,0.546393304,0.584393304,0.577393304,0.574393304,0.677393304,0.607393304,0.609393304,0.602393304,0.603393304,0.627393304
5760,0.600775801,0.602775801,0.594775801,0.563775801,0.615775801,0.615775801,0.629775801,0.667775801,0.621775801,0.618775801
5761,0.646960706,0.690960706,0.684960706,0.661960706,0.738960706,0.698960706,0.706960706,0.723960706,0.707960706,0.727960706
5762,0.589429076,0.624429076,0.626429076,0.669429076,0.669429076,0.660429076,0.651429076,0.658429076,0.642429076,0.682429076
5763,0.740916007,0.764916007,0.810916007,0.757916007,0.787916007,0.823916007,0.747916007,0.800916007,0.750916007,0.755916007
5764,0.675503462,0.668503462,0.759503462,0.711503462,0.714503462,0.769503462,0.741503462,0.750503462,0.749503462,0.747503462
5765,0.541633833,0.546633833,0.553633833,0.558633833,0.587633833,0.661633833,0.623633833,0.627633833,0.640633833,0.646633833
5766,0.633092064,0.710092064,0.699092064,0.656092064,0.685092064,0.720092064,0.703092064,0.700092064,0.692092064,0.704092064
5767,0.535813121,0.537813121,0.546813121,0.547813121,0.590813121,0.588813121,0.579813121,0.602813121,0.589813121,0.612813121
5768,0.534588493,0.529588493,0.592588493,0.560588493,0.569588493,0.636588493,0.557588493,0.581588493,0.581588493,0.585588493
5769,0.622473062,0.695473062,0.682473062,0.637473062,0.630473062,0.675473062,0.663473062,0.693473062,0.658473062,0.712473062
