Gene_ID,uncleaned,cloak,divvier,taper,divvierpf,gene_cloak,gene_divvier,gene_taper,gene_divvierpf,propagate,gtrpmix
1,1.789473684,1.778947368,1.763157894,1.815789473,1.757894736,1.689842105,1.731947368,1.700368421,1.731947368,1.700368421,1.800157894
2,1.952631579,1.889473684,1.910526316,1.968421053,1.931578947,1.87931579,1.926684211,1.895105263,1.926684211,1.889842105,1.921210526
3,1.357894737,1.421052632,1.352631579,1.447368421,1.347368421,1.263526316,1.295105263,1.27931579,1.300368421,1.263526316,1.321210527
4,2.473684211,2.442105264,2.400000001,2.557894738,2.468421054,2.447736843,2.47931579,2.447736843,2.474052633,2.453000001,2.400157896
5,2.121052632,2.131578948,2.05263158,2.036842106,2.089473685,2.058263159,2.100368422,2.074052632,2.089842106,2.068789475,2.058052632
6,1.205263158,1.194736842,1.194736842,1.168421053,1.231578948,1.142473684,1.184578948,1.163526316,1.184578948,1.137210527,1.121210527
7,2.973684211,2.915789475,2.75263158,2.873684211,2.747368422,2.87931579,2.910894738,2.884578948,2.910894738,2.889842106,2.879105264
8,0.826315789,0.826315789,0.87368421,0.826315789,0.836842104,0.763526315,0.795105262,0.774052631,0.805631578,0.774052631,0.773842104
9,2.336842105,2.389473684,2.357894736,2.315789473,2.342105263,2.237210526,2.268789473,2.252999999,2.274052631,2.247736842,2.300157894
10,2.226315789,2.305263157,2.278947367,2.178947367,2.215789473,2.158263157,2.189842104,2.168789473,2.184578946,2.158263157,2.189631578
11,1.994736842,1.989473684,2.015789473,1.926315789,2.042105263,1.905631579,1.942473684,1.921421052,1.958263158,1.916157895,1.968578947
12,1.352631579,1.415789474,1.273684211,1.278947369,1.368421053,1.247736842,1.274052632,1.247736842,1.27931579,1.247736842,1.279105263
13,2.847368421,2.784210526,2.752631579,2.831578947,2.884210526,2.853,2.884578947,2.868789474,2.889842105,2.868789474,2.742263158
14,1.384210526,1.37368421,1.357894736,1.326315789,1.336842105,1.347736841,1.374052631,1.363526315,1.379315789,1.352999999,1.294894736
15,3.405263158,3.468421053,3.378947369,3.431578948,3.431578948,3.342473684,3.363526316,3.347736842,3.368789474,3.337210527,3.326473684
16,2.131578947,2.031578947,2.010526315,1.978947368,1.999999999,2.137210526,2.174052631,2.152999999,2.179315789,2.142473683,2.105421052
17,1.7,1.657894737,1.742105263,1.573684211,1.505263158,1.626684211,1.653,1.631947368,1.658263158,1.631947368,1.600157895
18,2.068421053,1.963157895,2.015789474,2.068421053,2.010526317,1.995105264,2.026684211,2.010894738,2.026684211,2.000368422,2.010684211
19,2.757894737,2.7,2.694736842,2.663157895,2.568421053,2.710894737,2.731947369,2.716157895,2.742473685,2.716157895,2.737
20,1.526315789,1.557894736,1.436842104,1.521052631,1.478947367,1.484578946,1.516157894,1.50036842,1.521421052,1.495105262,1.431736841
21,0.847368421,0.626315789,0.805263158,0.831578947,0.857894737,0.821421053,0.863526316,0.842473684,0.868789474,0.831947368,0.721210526
22,2.094736842,2.005263158,2.005263158,2.047368421,2.021052631,1.974052631,2.000368421,1.989842105,2.005631579,1.989842105,2.047526316
23,1.863157895,1.889473685,1.894736843,1.905263158,1.92631579,1.753000001,1.774052632,1.774052632,1.784578948,1.758263158,1.868578948
24,2.036842105,2.042105263,2.105263157,2.015789473,2.084210526,1.942473684,1.979315789,1.958263157,1.979315789,1.947736842,1.989631578
25,1.368421053,1.373684211,1.289473685,1.236842106,1.273684211,1.342473685,1.363526317,1.347736843,1.374052632,1.353000001,1.268578948
26,1.057894737,1.142105263,1.105263158,1.152631579,1.115789474,0.989842106,1.016157895,0.995105263,1.016157895,0.995105263,0.994894737
27,1.657894737,1.515789474,1.452631579,1.5,1.531578948,1.631947369,1.674052632,1.642473685,1.674052632,1.637210527,1.610684211
28,2.531578947,2.57368421,2.489473683,2.463157894,2.489473683,2.452999999,2.479315789,2.458263157,2.484578947,2.458263157,2.442263157
29,2.015789474,2.000000001,2.010526316,1.978947369,1.942105264,1.989842106,2.00563158,1.995105264,2.031947369,1.984578948,1.952789474
30,2.331578947,2.331578947,2.289473683,2.289473683,2.294736841,2.358263157,2.395105262,2.379315789,2.405631578,2.363526315,2.236999999
31,1.731578947,1.621052631,1.599999999,1.605263157,1.599999999,1.70036842,1.737210526,1.695105262,1.731947368,1.70036842,1.68436842
32,2.821052632,2.815789475,2.763157896,2.800000001,2.763157896,2.77931579,2.795105264,2.774052632,2.816157896,2.77931579,2.742263159
33,1.305263158,1.447368421,1.263157895,1.347368421,1.342105263,1.231947369,1.268789474,1.253,1.27931579,1.242473684,1.231736842
34,1.863157895,1.852631579,1.710526316,1.842105264,1.800000001,1.789842106,1.821421053,1.789842106,1.821421053,1.795105264,1.842263158
35,1.410526316,1.315789474,1.410526316,1.257894737,1.336842106,1.27931579,1.310894737,1.27931579,1.316157895,1.284578948,1.331736843
36,2.084210526,2.07368421,1.894736841,1.968421052,1.910526315,1.995105263,2.021421052,2.010894736,2.031947368,2.00036842,1.958052631
37,2.263157895,2.310526316,2.32631579,2.315789474,2.400000001,2.216157895,2.237210527,2.216157895,2.247736843,2.221421053,2.194894737
38,2.236842105,2.17368421,2.163157894,2.121052631,2.110526315,2.142473684,2.184578947,2.158263157,2.189842105,2.152999999,2.163315789
39,2.752631579,2.821052632,2.757894737,2.789473684,2.768421053,2.731947369,2.763526316,2.742473684,2.768789474,2.747736842,2.694894737
40,1.463157895,1.589473685,1.557894737,1.500000001,1.473684211,1.421421053,1.463526316,1.431947369,1.474052632,1.431947369,1.415947369
41,1.6,1.478947368,1.557894737,1.578947368,1.489473684,1.568789474,1.605631579,1.584578947,1.610894737,1.579315789,1.515947368
42,1.478947368,1.384210525,1.405263157,1.410526315,1.421052631,1.421421052,1.437210525,1.421421052,1.452999999,1.421421052,1.400157894
43,1.973684211,1.973684211,1.900000001,1.910526317,1.973684211,1.895105264,1.931947369,1.90563158,1.937210527,1.910894738,1.894894738
44,2.021052632,1.863157896,1.836842106,1.905263159,1.810526317,1.937210527,1.968789475,1.947736843,1.974052632,1.937210527,1.937000001
45,2.294736842,2.294736842,2.231578947,2.231578947,2.236842105,2.258263158,2.295105263,2.274052631,2.295105263,2.263526316,2.231736842
46,1.868421053,1.757894738,1.710526317,1.805263159,1.810526317,1.789842106,1.821421053,1.789842106,1.821421053,1.795105264,1.76331579
47,0.889473684,0.794736842,0.863157894,0.87368421,0.915789473,0.800368421,0.831947368,0.800368421,0.837210526,0.805631579,0.773842105
48,1.794736842,1.715789473,1.763157895,1.831578947,1.768421052,1.768789473,1.800368421,1.774052631,1.805631579,1.763526316,1.715947368
49,1.168421053,1.089473685,0.984210527,1.084210527,1.073684211,1.147736843,1.184578948,1.168789474,1.200368422,1.168789474,1.094894738
50,1.621052632,1.62631579,1.494736843,1.484210527,1.542105264,1.521421053,1.547736843,1.526684211,1.558263159,1.531947369,1.537000001
51,2.431578947,2.515789473,2.410526315,2.421052631,2.510526315,2.331947368,2.352999999,2.337210526,2.363526315,2.321421052,2.431736841
52,2.652631579,2.668421053,2.647368421,2.557894737,2.742105263,2.584578947,2.610894737,2.600368421,2.621421053,2.57931579,2.547526316
53,2.052631579,2.094736842,2.063157895,2.047368421,1.984210526,2.005631579,2.047736842,2.026684211,2.042473684,2.021421053,1.926473684
54,1.647368421,1.684210526,1.647368421,1.657894737,1.615789474,1.584578947,1.610894737,1.600368421,1.62668421,1.600368421,1.579105263
55,1.326315789,1.368421052,1.252631578,1.24736842,1.205263157,1.305631578,1.337210525,1.310894736,1.347736841,1.305631578,1.279105262
56,0.626315789,0.536842104,0.642105262,0.563157894,0.594736841,0.563526315,0.605631578,0.579315789,0.605631578,0.568789473,0.579105262
57,2.136842105,2.142105263,2.121052631,2.152631578,2.115789473,2.084578947,2.137210526,2.110894736,2.12668421,2.100368421,2.100157894
58,2.326315789,2.310526315,2.331578946,2.378947367,2.34736842,2.289842104,2.32668421,2.295105262,2.321421052,2.30036842,2.226473683
59,2.268421053,2.210526317,2.05263158,2.178947369,2.068421053,2.221421053,2.258263159,2.216157895,2.247736843,2.216157895,2.173842106
60,1.684210526,1.54736842,1.568421052,1.584210526,1.484210526,1.684578947,1.72668421,1.705631578,1.737210526,1.710894736,1.563315789
61,1.910526316,1.894736843,1.931578948,1.836842106,1.868421053,1.831947369,1.863526316,1.831947369,1.863526316,1.831947369,1.837
62,1.678947368,1.610526315,1.631578947,1.64736842,1.657894736,1.637210525,1.674052631,1.658263157,1.695105262,1.647736841,1.589631578
63,1.947368421,1.87368421,2.010526316,1.994736842,1.878947368,1.889842105,1.921421053,1.900368421,1.937210526,1.900368421,1.900157895
64,1.8,1.694736842,1.647368421,1.636842105,1.621052632,1.774052632,1.800368421,1.800368421,1.810894737,1.784578947,1.694894737
65,1.752631579,1.72631579,1.747368421,1.763157895,1.784210526,1.731947369,1.774052632,1.747736842,1.784578947,1.758263158,1.66331579
66,1.647368421,1.663157895,1.642105263,1.584210526,1.615789474,1.610894737,1.637210526,1.62668421,1.647736842,1.621421053,1.61068421
67,1.847368421,1.810526316,1.868421053,1.821052631,1.784210526,1.721421053,1.768789474,1.747736842,1.763526316,1.742473684,1.81068421
68,1.378947368,1.405263157,1.357894736,1.363157894,1.37368421,1.342473683,1.379315789,1.358263157,1.389842104,1.358263157,1.347526315
69,1.721052632,1.731578948,1.75263158,1.742105264,1.689473685,1.610894738,1.647736843,1.626684211,1.653000001,1.626684211,1.673842106
70,2.689473684,2.647368421,2.726315789,2.731578947,2.631578947,2.621421052,2.653,2.631947368,2.663526315,2.631947368,2.694894736
71,1.757894737,1.768421053,1.621052632,1.747368421,1.673684211,1.705631579,1.726684211,1.710894737,1.731947369,1.700368421,1.694894737
72,2.142105263,2.115789473,2.142105263,2.126315789,2.131578947,2.079315789,2.116157894,2.084578947,2.116157894,2.089842105,2.01068421
73,1.994736842,1.910526316,1.889473684,1.921052631,1.921052631,1.989842105,2.016157895,1.989842105,2.016157895,1.984578947,1.952789473
74,1.668421053,1.52631579,1.657894738,1.642105264,1.747368422,1.589842106,1.621421053,1.60563158,1.621421053,1.57931579,1.605421053
75,1.852631579,1.757894737,1.863157895,1.689473684,1.721052632,1.789842105,1.826684211,1.810894737,1.837210526,1.800368421,1.76331579
76,1.984210526,1.994736841,1.97368421,1.931578947,1.936842105,1.90036842,1.931947368,1.895105263,1.921421052,1.895105263,1.873842105
77,1.836842105,1.952631578,1.789473684,1.847368421,1.799999999,1.774052631,1.810894736,1.789842105,1.821421052,1.779315789,1.758052631
78,1.884210526,1.942105263,1.952631578,1.921052631,1.952631578,1.805631578,1.831947368,1.810894736,1.847736841,1.810894736,1.800157894
79,1.973684211,2.005263159,1.878947369,1.921052633,1.947368422,1.889842106,1.937210527,1.910894738,1.926684211,1.900368422,1.86331579
80,1.610526316,1.457894737,1.489473685,1.468421053,1.5,1.595105264,1.626684211,1.595105264,1.631947369,1.600368421,1.547526316
81,2.163157895,2.242105264,2.22631579,2.278947369,2.247368422,2.084578948,2.116157895,2.105631579,2.131947369,2.089842106,2.089631579
82,1.252631579,1.242105263,1.189473684,1.157894737,1.147368421,1.205631579,1.247736842,1.210894737,1.242473684,1.221421053,1.258052632
83,1.742105263,1.621052631,1.721052631,1.805263158,1.768421052,1.721421052,1.753,1.731947368,1.763526315,1.716157894,1.658052631
84,2.7,2.794736842,2.721052632,2.773684211,2.8,2.589842105,2.621421053,2.595105263,2.626684211,2.600368421,2.652789474
85,1.552631579,1.536842105,1.405263158,1.468421053,1.410526316,1.468789474,1.500368421,1.474052632,1.505631579,1.484578947,1.484368421
86,1.7,1.694736842,1.715789474,1.594736842,1.657894737,1.631947368,1.658263158,1.637210526,1.674052632,1.642473684,1.615947368
87,1.878947368,1.768421052,1.810526315,1.84736842,1.815789473,1.842473683,1.868789473,1.863526315,1.874052631,1.842473683,1.821210525
88,2.273684211,2.215789475,2.321052633,2.221052633,2.247368422,2.184578948,2.210894738,2.195105264,2.231947369,2.189842106,2.158052633
89,1.431578947,1.294736841,1.37368421,1.426315789,1.34736842,1.389842105,1.410894736,1.40036842,1.416157894,1.384578947,1.38436842
90,2.378947368,2.27368421,2.284210525,2.268421052,2.263157894,2.295105262,2.337210525,2.305631578,2.337210525,2.295105262,2.342263157
91,2.184210526,2.294736841,2.121052631,2.336842105,2.289473684,2.121421052,2.158263157,2.121421052,2.152999999,2.131947368,2.105421052
92,1.942105263,2.063157894,1.947368421,1.926315789,1.836842105,1.858263158,1.889842105,1.874052631,1.895105263,1.874052631,1.847526315
93,2.078947368,2.115789473,2.063157894,2.005263157,2.005263157,1.989842104,2.02668421,2.016157894,2.031947368,2.005631578,2.042263157
94,1.784210526,1.863157894,1.778947368,1.963157894,1.905263157,1.737210526,1.768789473,1.752999999,1.774052631,1.742473684,1.731736841
95,1.847368421,1.805263158,1.668421053,1.752631579,1.705263158,1.853,1.884578947,1.858263158,1.874052631,1.853,1.726473684
96,1.657894737,1.6,1.584210527,1.668421053,1.510526316,1.553,1.600368421,1.568789474,1.605631579,1.568789474,1.579105263
97,1.389473684,1.484210526,1.357894736,1.394736842,1.463157894,1.305631579,1.342473684,1.305631579,1.347736842,1.310894736,1.363315789
98,1.284210526,1.331578947,1.342105263,1.284210526,1.336842105,1.20036842,1.216157894,1.205631578,1.237210526,1.205631578,1.258052631
99,2.173684211,2.073684211,2.047368422,2.057894738,2.142105264,2.174052633,2.195105264,2.163526317,2.195105264,2.174052633,2.094894738
100,1.347368421,1.310526316,1.252631579,1.326315789,1.394736842,1.295105263,1.32668421,1.305631579,1.32668421,1.295105263,1.284368421
101,2.352631579,2.205263158,2.268421053,2.168421053,2.094736842,2.358263158,2.37931579,2.358263158,2.384578947,2.347736842,2.305421053
102,1.452631579,1.352631579,1.315789474,1.368421053,1.421052632,1.374052632,1.400368421,1.384578947,1.405631579,1.389842105,1.421210526
103,1.973684211,1.878947369,1.936842106,1.921052633,2.005263159,1.931947369,1.968789475,1.942473685,1.974052633,1.942473685,1.958052633
104,2.110526316,2.110526316,2.1,2.210526316,2.094736843,2.053,2.084578948,2.068789474,2.089842106,2.063526316,2.031736843
105,1.878947368,1.952631578,1.84736842,1.936842104,1.926315789,1.82668421,1.847736841,1.82668421,1.852999999,1.821421052,1.836999999
106,1.347368421,1.268421053,1.315789474,1.363157895,1.252631579,1.32668421,1.353,1.337210526,1.368789474,1.32668421,1.247526316
107,2.868421053,2.805263159,2.868421053,2.889473685,2.842105264,2.821421053,2.863526317,2.831947369,2.863526317,2.826684211,2.794894738
108,1.436842105,1.484210526,1.357894736,1.347368421,1.405263157,1.337210526,1.379315789,1.363526315,1.384578947,1.347736842,1.368578947
109,2.626315789,2.531578946,2.552631578,2.505263157,2.47368421,2.595105262,2.610894736,2.60036842,2.62668421,2.589842104,2.531736841
110,1.668421053,1.447368422,1.505263159,1.405263159,1.531578948,1.574052632,1.610894738,1.589842106,1.616157895,1.589842106,1.600157895
111,2.094736842,2.189473684,2.063157895,2.231578947,2.126315789,2.131947368,2.158263158,2.142473684,2.153,2.12668421,2.037
112,1.947368421,1.910526316,1.742105263,1.878947368,1.931578947,1.779315789,1.800368421,1.789842105,1.816157895,1.779315789,1.868578947
113,1.310526316,1.278947369,1.357894737,1.252631579,1.236842106,1.247736843,1.284578948,1.263526316,1.27931579,1.253,1.300157895
114,2.510526316,2.484210527,2.557894737,2.542105264,2.457894737,2.437210527,2.474052632,2.447736843,2.484578948,2.442473685,2.415947369
115,2.021052632,2.105263159,1.942105264,2.100000001,1.973684211,1.968789475,2.016157896,2.000368422,2.00563158,1.989842106,1.98963158
116,1.963157895,2.02631579,1.900000001,2.036842106,1.857894737,1.831947369,1.863526316,1.847736843,1.863526316,1.847736843,1.915947369
117,1.673684211,1.668421054,1.542105264,1.705263159,1.689473685,1.658263159,1.689842106,1.668789475,1.689842106,1.658263159,1.605421054
118,1.326315789,1.321052631,1.226315789,1.357894736,1.426315789,1.242473683,1.284578946,1.247736841,1.284578946,1.252999999,1.300157894
119,1.884210526,1.936842105,1.831578947,1.868421052,1.799999999,1.847736841,1.879315789,1.858263157,1.874052631,1.847736841,1.821210526
120,2.663157895,2.505263158,2.547368422,2.652631579,2.547368422,2.610894737,2.653000001,2.621421053,2.647736843,2.621421053,2.579105264
121,0.705263158,0.5,0.436842105,0.578947369,0.563157895,0.568789474,0.610894737,0.595105263,0.616157895,0.57931579,0.605421053
122,1.336842105,1.378947368,1.378947368,1.257894736,1.368421052,1.274052631,1.295105263,1.279315789,1.310894736,1.274052631,1.289631578
123,1.394736842,1.442105263,1.5,1.457894737,1.505263158,1.32668421,1.358263158,1.337210526,1.363526316,1.331947368,1.352789473
124,2.194736842,2.2,2.215789473,2.336842105,2.247368421,2.189842105,2.210894737,2.205631579,2.216157895,2.189842105,2.084368421
125,2.315789474,2.515789474,2.405263159,2.357894737,2.394736843,2.263526316,2.27931579,2.263526316,2.289842106,2.258263159,2.226473685
126,2.173684211,2.12631579,2.115789475,2.084210527,2.015789475,2.153000001,2.189842106,2.163526317,2.200368422,2.158263159,2.184368422
127,1.7,1.6,1.568421053,1.578947368,1.6,1.647736842,1.674052632,1.653,1.689842105,1.647736842,1.684368421
128,1.636842105,1.547368421,1.578947368,1.626315789,1.710526315,1.542473684,1.584578947,1.558263157,1.584578947,1.552999999,1.589631578
129,1.068421053,1.005263159,1.163157895,1.078947369,0.968421053,0.974052632,1.010894738,0.995105264,1.016157895,0.984578948,1.08963158
130,2.873684211,2.910526317,2.857894738,2.905263159,2.905263159,2.842473685,2.874052633,2.858263159,2.884578948,2.853000001,2.800157896
131,1.442105263,1.594736842,1.310526315,1.468421052,1.421052631,1.368789473,1.410894737,1.384578947,1.405631579,1.379315789,1.368578947
132,2.031578947,1.957894736,1.963157894,1.97368421,1.942105262,1.979315789,2.005631578,1.984578947,2.016157894,1.979315789,2.015947368
133,1.926315789,1.868421052,1.852631578,1.905263157,1.884210525,1.858263157,1.895105262,1.874052631,1.905631578,1.868789473,1.821210525
134,2.252631579,2.347368421,2.178947369,2.178947369,2.205263158,2.274052632,2.295105263,2.274052632,2.295105263,2.27931579,2.189631579
135,1.936842105,2.031578947,1.910526315,1.87368421,1.868421052,1.852999999,1.874052631,1.858263157,1.884578947,1.852999999,1.905421052
136,1.452631579,1.431578947,1.289473684,1.305263158,1.378947369,1.437210526,1.458263158,1.437210526,1.447736842,1.431947369,1.384368421
137,1.989473684,1.915789473,1.836842105,1.984210526,1.936842105,1.931947368,1.968789473,1.942473684,1.968789473,1.931947368,1.931736842
138,1.684210526,1.705263157,1.563157894,1.663157894,1.689473684,1.668789473,1.70036842,1.684578947,1.710894736,1.679315789,1.631736841
139,1.689473684,1.67368421,1.726315789,1.589473684,1.647368421,1.610894736,1.637210526,1.610894736,1.642473684,1.605631579,1.737
140,1.673684211,1.689473685,1.642105264,1.615789475,1.689473685,1.610894738,1.647736843,1.621421054,1.647736843,1.626684211,1.600157896
141,2.142105263,2.184210526,2.1,2.078947368,2.094736842,2.047736842,2.084578947,2.058263158,2.089842105,2.058263158,2.163315789
142,2.484210526,2.468421052,2.342105263,2.363157894,2.410526315,2.40036842,2.447736841,2.421421052,2.442473684,2.410894736,2.473842105
143,1.694736842,1.652631579,1.736842105,1.6,1.610526316,1.637210526,1.674052631,1.658263158,1.679315789,1.653,1.663315789
144,2.284210526,2.194736841,2.226315789,2.221052631,2.189473684,2.205631578,2.237210526,2.216157894,2.237210526,2.210894736,2.236999999
145,2.105263158,2.163157895,2.231578948,2.084210527,2.110526316,2.047736842,2.07931579,2.058263158,2.084578948,2.063526316,1.984368421
146,1.594736842,1.642105263,1.7,1.563157895,1.642105263,1.52668421,1.558263158,1.542473684,1.574052631,1.537210526,1.568578947
147,1.557894737,1.584210527,1.615789474,1.584210527,1.531578948,1.47931579,1.500368421,1.484578948,1.510894737,1.47931579,1.484368421
148,1.457894737,1.421052632,1.268421053,1.32631579,1.273684211,1.389842106,1.421421053,1.405631579,1.426684211,1.400368421,1.36331579
149,1.494736842,1.442105263,1.4,1.484210526,1.363157895,1.447736842,1.458263158,1.453,1.479315789,1.431947368,1.394894737
150,2.478947368,2.515789473,2.310526315,2.489473683,2.326315789,2.40036842,2.42668421,2.416157894,2.442473683,2.410894736,2.389631578
151,1.394736842,1.357894737,1.352631579,1.215789473,1.363157895,1.358263158,1.395105263,1.363526316,1.389842105,1.353,1.326473684
152,1.778947368,1.74736842,1.752631578,1.710526315,1.726315789,1.70036842,1.731947368,1.705631578,1.737210525,1.705631578,1.715947368
153,1.726315789,1.810526315,1.742105262,1.752631578,1.705263157,1.637210525,1.679315789,1.652999999,1.679315789,1.642473683,1.679105262
154,1.352631579,1.331578947,1.405263158,1.373684211,1.331578947,1.316157895,1.353,1.321421053,1.358263158,1.326684211,1.247526316
155,1.605263158,1.631578948,1.573684211,1.536842105,1.542105263,1.516157895,1.542473684,1.516157895,1.553,1.505631579,1.558052632
156,2.194736842,2.131578947,2.210526316,2.257894737,2.131578947,2.174052631,2.200368421,2.179315789,2.195105263,2.168789473,2.147526316
157,0.947368421,0.894736842,0.784210526,0.947368421,0.910526316,0.900368421,0.942473684,0.921421053,0.937210526,0.916157895,0.873842105
158,2.126315789,2.131578946,2.057894736,2.110526315,2.089473683,2.068789473,2.105631578,2.079315789,2.105631578,2.074052631,2.100157894
159,2.026315789,2.121052631,2.057894736,1.994736841,2.126315789,1.937210525,1.968789473,1.952999999,1.968789473,1.942473683,1.947526315
160,2.905263158,2.894736842,2.847368421,2.905263158,2.878947369,2.847736842,2.889842105,2.863526316,2.895105263,2.863526316,2.821210527
161,0.626315789,0.64736842,0.668421052,0.699999999,0.684210525,0.589842104,0.610894736,0.60036842,0.62668421,0.589842104,0.573842104
162,1.205263158,1.22631579,1.184210527,1.236842105,1.152631579,1.126684211,1.158263158,1.137210527,1.163526316,1.131947369,1.158052632
163,1.631578947,1.510526315,1.589473683,1.515789473,1.584210526,1.579315789,1.621421052,1.589842105,1.621421052,1.584578947,1.579105262
164,1.463157895,1.405263158,1.294736843,1.415789474,1.410526316,1.421421053,1.442473685,1.437210527,1.463526316,1.431947369,1.421210527
165,2.294736842,2.294736842,2.252631579,2.215789473,2.157894737,2.279315789,2.300368421,2.279315789,2.305631579,2.274052631,2.268578947
166,2.205263158,2.194736842,2.252631579,2.221052632,2.194736842,2.116157895,2.147736842,2.121421053,2.158263158,2.116157895,2.179105263
167,1.789473684,1.810526315,1.668421052,1.857894736,1.715789473,1.753,1.779315789,1.774052631,1.789842105,1.753,1.721210526
168,1.415789474,1.42631579,1.363157895,1.310526316,1.373684211,1.374052632,1.400368422,1.389842106,1.400368422,1.37931579,1.300157895
169,1.826315789,1.921052631,1.857894736,1.921052631,1.836842104,1.721421052,1.758263157,1.731947367,1.758263157,1.731947367,1.747526315
170,3,2.894736842,2.857894737,2.826315789,2.7,2.989842105,3.016157895,3.005631579,3.037210526,3.005631579,2.868578947
171,1.968421053,2.010526317,1.984210527,1.963157895,1.889473685,1.900368422,1.942473685,1.921421053,1.947736843,1.916157895,1.873842106
172,1.315789474,1.236842106,1.315789474,1.278947369,1.315789474,1.231947369,1.274052632,1.247736843,1.27931579,1.247736843,1.273842106
173,2.810526316,2.805263158,2.715789474,2.694736843,2.636842106,2.726684211,2.753,2.737210527,2.758263158,2.731947369,2.731736843
174,1.463157895,1.494736843,1.389473685,1.457894737,1.389473685,1.389842106,1.421421053,1.400368422,1.426684211,1.389842106,1.389631579
175,1.657894737,1.657894737,1.584210527,1.642105263,1.552631579,1.616157895,1.642473685,1.637210527,1.663526316,1.631947369,1.552789474
176,1.478947368,1.294736841,1.342105262,1.394736841,1.415789473,1.442473683,1.474052631,1.447736841,1.484578947,1.452999999,1.379105262
177,2.036842105,1.978947368,1.831578947,1.910526315,1.999999999,1.968789473,2.000368421,1.984578947,2.016157894,1.968789473,1.979105263
178,2.505263158,2.521052632,2.489473684,2.515789474,2.510526316,2.447736842,2.484578948,2.463526316,2.495105263,2.458263158,2.379105263
179,1.710526316,1.710526316,1.742105264,1.678947369,1.694736843,1.705631579,1.737210527,1.710894737,1.737210527,1.700368421,1.605421053
180,2.157894737,2.1,2.021052632,2.042105263,2.068421053,2.047736842,2.084578948,2.068789474,2.089842106,2.063526316,2.089631579
181,2.152631579,2.031578947,2.010526316,2.1,2.121052632,2.042473684,2.084578947,2.058263158,2.07931579,2.042473684,2.084368421
182,1.726315789,1.510526315,1.54736842,1.610526315,1.54736842,1.705631578,1.737210525,1.716157894,1.737210525,1.705631578,1.621210525
183,1.426315789,1.457894736,1.442105262,1.457894736,1.426315789,1.337210525,1.379315789,1.352999999,1.384578946,1.347736841,1.358052631
184,1.705263158,1.631578948,1.673684211,1.742105263,1.710526316,1.637210527,1.658263158,1.637210527,1.668789474,1.621421053,1.668578948
185,2.652631579,2.594736842,2.568421053,2.615789474,2.589473684,2.595105263,2.626684211,2.600368421,2.626684211,2.610894737,2.615947369
186,2.168421053,2.05263158,2.010526317,1.994736843,2.084210527,2.089842106,2.121421053,2.100368422,2.116157895,2.095105264,2.115947369
187,1.657894737,1.705263158,1.615789474,1.605263158,1.631578948,1.626684211,1.658263158,1.642473685,1.663526316,1.642473685,1.605421053
188,0.705263158,0.615789474,0.610526316,0.542105263,0.642105263,0.626684211,0.647736842,0.631947369,0.663526316,0.631947369,0.66331579
189,2.3,2.336842105,2.347368421,2.373684211,2.315789474,2.274052632,2.310894737,2.284578947,2.326684211,2.289842105,2.194894737
190,1.889473684,1.884210526,1.915789473,1.778947368,1.931578947,1.821421052,1.853,1.831947368,1.858263157,1.831947368,1.879105263
191,1.210526316,1.121052632,1.189473685,1.215789474,1.221052632,1.126684211,1.163526316,1.137210527,1.174052632,1.142473685,1.126473685
192,1.547368421,1.431578947,1.515789474,1.531578947,1.510526316,1.431947368,1.474052631,1.453,1.474052631,1.437210526,1.484368421
193,1.905263158,1.984210527,1.915789474,2.005263158,1.910526316,1.916157895,1.942473684,1.921421053,1.947736842,1.916157895,1.837
194,2.384210526,2.426315789,2.326315789,2.405263157,2.431578947,2.237210526,2.268789473,2.247736841,2.274052631,2.247736841,2.279105263
195,1.605263158,1.515789474,1.557894737,1.431578948,1.484210527,1.563526316,1.584578948,1.563526316,1.595105263,1.563526316,1.521210527
196,1.594736842,1.536842105,1.5,1.47368421,1.510526316,1.558263158,1.600368421,1.574052631,1.610894737,1.568789473,1.515947368
197,1.6,1.452631579,1.478947368,1.6,1.531578947,1.563526316,1.605631579,1.584578947,1.600368421,1.574052632,1.494894737
198,2.057894737,2.052631579,2.005263158,2.078947369,2.12631579,2.005631579,2.037210527,2.010894737,2.042473685,2.010894737,1.994894737
199,1.678947368,1.715789473,1.768421052,1.763157894,1.657894736,1.610894736,1.647736841,1.610894736,1.642473683,1.610894736,1.621210525
200,1.668421053,1.600000001,1.663157895,1.594736843,1.521052632,1.616157895,1.642473685,1.616157895,1.642473685,1.616157895,1.615947369
201,0.726315789,0.594736841,0.64736842,0.799999999,0.705263157,0.610894736,0.642473683,0.621421052,0.647736841,0.605631578,0.652789473
202,2.384210526,2.468421052,2.421052631,2.431578947,2.363157894,2.30036842,2.321421052,2.305631578,2.316157894,2.295105263,2.363315789
203,1.810526316,1.757894737,1.710526316,1.8,1.678947369,1.726684211,1.737210527,1.726684211,1.753,1.721421053,1.789631579
204,2.036842105,2.031578947,1.984210526,2.052631578,2.047368421,1.995105263,2.042473684,2.005631578,2.031947368,2.000368421,2.031736842
205,1.894736842,1.910526316,1.815789473,1.747368421,1.810526316,1.789842105,1.837210526,1.816157895,1.853,1.810894737,1.826473684
206,1.510526316,1.515789474,1.468421053,1.536842106,1.42631579,1.442473685,1.468789474,1.453,1.474052632,1.453,1.468578948
207,2.610526316,2.615789474,2.542105264,2.573684211,2.536842106,2.531947369,2.558263158,2.547736843,2.558263158,2.542473685,2.558052632
208,1.968421053,2.057894738,2.000000001,1.936842106,1.92631579,1.858263159,1.884578948,1.874052632,1.889842106,1.863526317,1.942263159
209,1.821052632,1.789473685,1.773684211,1.763157896,1.694736843,1.80563158,1.837210527,1.816157896,1.847736843,1.816157896,1.726473685
210,2.205263158,2.157894737,2.142105263,2.173684211,2.1,2.163526316,2.195105263,2.174052632,2.205631579,2.168789474,2.105421053
211,1.742105263,1.894736842,1.826315789,1.805263158,1.826315789,1.721421052,1.753,1.737210526,1.763526315,1.72668421,1.668578947
212,2.089473684,2.042105263,2.094736842,2.105263157,2.110526315,1.974052631,1.995105263,1.974052631,1.995105263,1.974052631,2.000157894
213,1.857894737,1.931578948,1.910526316,1.794736842,1.768421053,1.737210527,1.774052632,1.742473685,1.77931579,1.742473685,1.805421053
214,1.868421053,1.878947369,1.784210527,1.72631579,1.894736843,1.826684211,1.858263159,1.837210527,1.863526317,1.831947369,1.831736843
215,1.089473684,1.036842105,0.984210526,1.015789473,0.963157894,0.974052631,1.005631579,0.984578947,1.021421052,0.989842105,1.063315789
216,1.610526316,1.542105264,1.5,1.621052632,1.563157895,1.584578948,1.621421053,1.600368421,1.631947369,1.584578948,1.547526316
217,1.873684211,1.842105264,1.82631579,1.884210527,1.842105264,1.795105264,1.816157896,1.800368422,1.831947369,1.800368422,1.852789475
218,1.715789474,2.036842106,1.894736843,1.810526316,1.842105264,1.695105264,1.721421053,1.700368422,1.726684211,1.689842106,1.66331579
219,2.278947368,2.305263157,2.226315789,2.226315789,2.278947368,2.216157894,2.252999999,2.237210525,2.252999999,2.22668421,2.194894736
220,2.142105263,2.194736842,2.07368421,2.236842105,2.17368421,2.068789473,2.105631579,2.079315789,2.121421052,2.084578947,2.094894737
221,2.631578947,2.499999999,2.578947368,2.589473683,2.578947368,2.563526315,2.60036842,2.584578947,2.605631578,2.579315789,2.579105262
222,2.578947368,2.568421052,2.510526315,2.484210525,2.54736842,2.479315789,2.510894736,2.484578947,2.505631578,2.484578947,2.489631578
223,1.726315789,1.821052631,1.721052631,1.684210525,1.768421052,1.60036842,1.637210525,1.610894736,1.637210525,1.605631578,1.631736841
224,2.173684211,2.157894738,2.131578948,2.094736843,2.205263159,2.100368422,2.116157896,2.095105264,2.131947369,2.10563158,2.137000001
225,2.2,2.236842105,2.242105263,2.247368421,2.289473684,2.126684211,2.163526316,2.137210526,2.163526316,2.131947368,2.147526316
226,1.921052632,1.921052632,1.95263158,1.815789475,1.836842106,1.847736843,1.884578948,1.858263159,1.868789475,1.847736843,1.837000001
227,2.768421053,2.731578948,2.642105264,2.700000001,2.673684211,2.710894738,2.742473685,2.721421053,2.753000001,2.721421053,2.768578948
228,2.231578947,2.105263157,2.026315789,2.17368421,2.057894736,2.205631578,2.231947368,2.205631578,2.237210526,2.205631578,2.142263157
229,0.926315789,0.884210525,0.821052631,0.831578946,0.763157894,0.847736841,0.874052631,0.858263157,0.879315789,0.858263157,0.88436842
230,1.184210526,1.194736841,1.078947368,1.17368421,1.24736842,1.137210526,1.174052631,1.158263157,1.184578947,1.158263157,1.105421052
231,1.636842105,1.699999999,1.589473684,1.599999999,1.584210526,1.568789473,1.605631578,1.579315789,1.605631578,1.574052631,1.568578947
232,3.447368421,3.5,3.321052631,3.315789474,3.331578947,3.410894737,3.447736842,3.431947368,3.453,3.421421053,3.358052631
233,2.621052632,2.663157896,2.62631579,2.610526317,2.72631579,2.531947369,2.574052632,2.553000001,2.584578948,2.558263159,2.515947369
234,1.273684211,1.221052633,1.284210527,1.194736843,1.236842106,1.210894738,1.237210527,1.216157896,1.253000001,1.20563158,1.221210527
235,1.715789474,1.789473685,1.621052632,1.663157895,1.605263159,1.67931579,1.710894737,1.684578948,1.716157895,1.674052632,1.673842106
236,1.757894737,1.663157895,1.636842106,1.621052632,1.657894737,1.695105263,1.731947369,1.700368421,1.710894737,1.695105263,1.679105263
237,2.215789474,2.184210527,2.22631579,2.178947369,2.084210527,2.147736843,2.17931579,2.153000001,2.174052632,2.142473685,2.152789474
238,1.494736842,1.536842105,1.410526316,1.510526316,1.457894737,1.410894737,1.447736842,1.42668421,1.453,1.421421052,1.373842105
239,1.889473684,1.810526315,1.821052631,1.778947368,1.7,1.868789473,1.895105263,1.879315789,1.910894736,1.879315789,1.789631579
240,2.4,2.152631579,2.257894737,2.273684211,2.315789474,2.368789474,2.405631579,2.389842105,2.410894737,2.379315789,2.337
241,2.531578947,2.552631578,2.557894736,2.589473683,2.610526315,2.437210526,2.468789473,2.442473683,2.479315789,2.437210526,2.436999999
242,2.484210526,2.478947368,2.44736842,2.452631578,2.436842105,2.42668421,2.447736841,2.437210526,2.452999999,2.42668421,2.373842105
243,1.494736842,1.415789473,1.436842105,1.526315789,1.315789473,1.447736842,1.484578947,1.453,1.484578947,1.463526316,1.473842105
244,1.084210526,1.052631578,0.905263157,1.031578947,0.999999999,1.031947368,1.063526315,1.047736841,1.074052631,1.037210526,1.047526315
245,1.831578947,1.757894736,1.863157894,1.868421052,1.831578947,1.768789473,1.795105262,1.774052631,1.795105262,1.768789473,1.763315789
246,2.315789474,2.310526316,2.310526316,2.268421053,2.336842106,2.237210527,2.263526316,2.237210527,2.27931579,2.247736843,2.300157895
247,1.373684211,1.342105264,1.321052633,1.247368422,1.273684211,1.353000001,1.374052633,1.363526317,1.400368422,1.353000001,1.284368422
248,2.052631579,2.036842105,2.089473684,2.02631579,2.005263158,2.005631579,2.042473684,2.026684211,2.053,2.016157895,2.010684211
249,2.021052632,1.942105264,1.942105264,1.994736843,1.915789475,1.989842106,2.016157896,1.995105264,2.031947369,1.995105264,1.952789475
250,1.9,1.726315789,1.821052632,1.763157895,1.8,1.842473684,1.874052632,1.858263158,1.879315789,1.842473684,1.826473684
251,2.152631579,2.078947369,2.084210526,2.142105263,2,2.042473684,2.068789474,2.047736842,2.07931579,2.047736842,2.105421053
252,1.531578947,1.489473683,1.594736841,1.64736842,1.484210526,1.537210526,1.568789473,1.547736841,1.579315789,1.52668421,1.442263157
253,1.594736842,1.631578947,1.536842105,1.584210526,1.589473684,1.558263158,1.600368421,1.563526316,1.600368421,1.568789473,1.51068421
254,1.715789474,1.700000001,1.689473685,1.621052632,1.600000001,1.647736843,1.67931579,1.658263159,1.67931579,1.658263159,1.626473685
255,2.5,2.578947368,2.552631579,2.568421053,2.536842105,2.453,2.484578947,2.453,2.474052632,2.447736842,2.458052632
256,1.847368421,1.757894737,1.836842105,1.847368421,1.784210526,1.784578947,1.816157895,1.795105263,1.821421053,1.784578947,1.784368421
257,1.363157895,1.273684211,1.22631579,1.300000001,1.200000001,1.253000001,1.274052632,1.268789474,1.289842106,1.253000001,1.310684211
258,2.357894737,2.3,2.242105263,2.305263158,2.263157895,2.274052632,2.305631579,2.284578948,2.310894737,2.274052632,2.342263158
259,1.673684211,1.62631579,1.610526317,1.547368422,1.536842106,1.574052633,1.610894738,1.595105264,1.610894738,1.584578948,1.610684211
260,2.021052632,1.957894738,2.000000001,2.063157896,2.005263159,1.947736843,1.97931579,1.963526317,1.989842106,1.958263159,1.947526317
261,2.078947368,2.005263157,2.015789473,2.07368421,2.063157894,2.010894736,2.037210525,2.016157894,2.037210525,2.005631578,2.036999999
262,2.142105263,2.078947368,2.136842105,1.97368421,2.047368421,2.047736842,2.084578947,2.068789473,2.079315789,2.058263158,2.047526315
263,1.994736842,1.931578947,1.97368421,1.952631579,2.078947368,1.889842105,1.916157895,1.900368421,1.921421052,1.895105263,1.900157895
264,1.257894737,1.168421053,1.178947369,1.173684211,1.331578948,1.210894737,1.242473685,1.216157895,1.253,1.216157895,1.215947369
265,1.173684211,1.163157896,1.084210527,1.173684211,1.057894738,1.084578948,1.116157896,1.10563158,1.121421054,1.089842106,1.126473685
266,2.015789474,2.078947369,1.989473685,2.089473685,2.036842106,1.942473685,1.97931579,1.963526316,1.984578948,1.958263159,1.984368422
267,0.9,0.942105263,0.905263158,0.794736842,0.884210526,0.816157895,0.847736842,0.831947368,0.842473684,0.816157895,0.784368421
268,2.005263158,1.905263158,1.9,1.931578948,1.910526316,1.931947369,1.968789474,1.942473684,1.963526316,1.931947369,1.905421053
269,2.552631579,2.552631579,2.531578947,2.505263158,2.436842105,2.516157895,2.537210526,2.526684211,2.553,2.516157895,2.573842105
270,2.015789474,2.031578948,1.973684211,2.068421053,2.031578948,1.942473685,1.97931579,1.953000001,1.97931579,1.958263159,1.947526316
271,1.621052632,1.594736843,1.542105264,1.457894738,1.363157896,1.595105264,1.631947369,1.610894738,1.631947369,1.600368422,1.579105264
272,2.015789474,1.873684211,1.984210527,1.915789474,1.95263158,1.942473685,1.974052632,1.947736843,1.984578948,1.953000001,1.942263159
273,1.705263158,1.757894737,1.710526316,1.715789474,1.673684211,1.616157895,1.642473684,1.621421053,1.653,1.621421053,1.600157895
274,1.815789474,1.857894737,1.963157895,1.768421053,1.884210527,1.737210527,1.763526316,1.742473685,1.763526316,1.742473685,1.752789474
275,1.847368421,1.852631579,1.705263158,1.757894737,1.852631579,1.810894737,1.847736842,1.837210526,1.853,1.816157895,1.821210526
276,1.721052632,1.857894738,1.694736843,1.873684211,1.763157896,1.631947369,1.663526317,1.642473685,1.674052632,1.626684211,1.642263159
277,1.052631579,1.005263158,1.052631579,0.942105263,0.957894737,1.016157895,1.053,1.037210526,1.053,1.016157895,1.042263158
278,1.568421053,1.531578948,1.563157895,1.478947369,1.489473685,1.474052632,1.510894738,1.489842106,1.510894738,1.484578948,1.468578948
279,1.315789474,1.300000001,1.289473685,1.168421053,1.178947369,1.268789474,1.316157895,1.27931579,1.300368422,1.289842106,1.273842106
280,2.278947368,2.315789473,2.252631578,2.215789473,2.110526315,2.274052631,2.30036842,2.289842104,2.305631578,2.284578947,2.221210525
281,2.436842105,2.47368421,2.436842105,2.463157894,2.415789473,2.358263157,2.384578947,2.363526315,2.389842105,2.352999999,2.41068421
282,2.368421053,2.347368422,2.363157895,2.278947369,2.236842106,2.27931579,2.321421053,2.310894738,2.316157895,2.30563158,2.305421053
283,1.926315789,1.968421052,2.005263157,2.042105262,1.863157894,1.831947367,1.863526315,1.847736841,1.874052631,1.831947367,1.879105262
284,2.352631579,2.578947369,2.415789474,2.442105263,2.421052632,2.274052632,2.310894737,2.295105263,2.321421053,2.295105263,2.326473684
285,1.915789474,1.889473685,1.900000001,1.842105264,1.905263159,1.889842106,1.916157895,1.895105264,1.926684211,1.884578948,1.847526316
286,1.4,1.442105263,1.457894737,1.447368421,1.436842105,1.337210526,1.353,1.342473684,1.363526316,1.347736842,1.379105263
287,1.426315789,1.305263157,1.252631578,1.326315789,1.263157894,1.352999999,1.368789473,1.347736841,1.384578946,1.352999999,1.347526315
288,2.305263158,2.289473684,2.231578948,2.3,2.236842105,2.300368421,2.326684211,2.310894737,2.337210527,2.310894737,2.268578948
289,0.694736842,0.831578947,0.689473684,0.821052631,0.810526316,0.589842105,0.621421052,0.595105263,0.631947368,0.600368421,0.694894737
290,2.057894737,2.031578948,1.905263158,2.036842106,1.973684211,1.974052632,2.000368421,1.974052632,2.000368421,1.97931579,2.005421053
291,1.410526316,1.42631579,1.521052632,1.478947369,1.378947369,1.358263158,1.389842106,1.368789474,1.400368421,1.363526316,1.279105264
292,1.805263158,1.663157895,1.673684211,1.747368421,1.742105263,1.700368421,1.731947369,1.716157895,1.742473684,1.695105263,1.773842105
293,2.121052632,2.173684211,2.184210527,2.136842106,2.15263158,2.026684211,2.053000001,2.037210527,2.058263159,2.021421053,2.058052632
294,0.242105263,0.231578947,0.147368421,0.226315789,0.2,0.274052631,0.289842105,0.268789473,0.300368421,0.258263158,0.168578947
295,1.989473684,1.968421052,1.9,1.936842105,1.889473684,1.968789473,2.000368421,1.974052631,2.000368421,1.989842105,1.926473684
296,1.678947368,1.678947368,1.726315789,1.710526315,1.705263157,1.652999999,1.674052631,1.658263157,1.679315789,1.647736841,1.642263157
297,1.431578947,1.315789473,1.394736841,1.394736841,1.405263157,1.363526315,1.410894736,1.384578947,1.405631578,1.374052631,1.363315789
298,1.252631579,1.142105263,1.205263158,1.257894737,1.147368421,1.147736842,1.168789474,1.163526316,1.189842105,1.147736842,1.226473684
299,1.605263158,1.552631579,1.542105263,1.531578948,1.52631579,1.547736842,1.584578948,1.558263158,1.584578948,1.558263158,1.594894737
300,1.163157895,1.252631579,1.247368422,1.115789474,1.242105264,1.07931579,1.105631579,1.095105264,1.116157895,1.089842106,1.105421053
301,2.568421053,2.600000001,2.547368422,2.463157895,2.578947369,2.526684211,2.568789474,2.537210527,2.568789474,2.542473685,2.521210527
302,1.268421053,1.200000001,1.178947369,1.315789474,1.22631579,1.221421053,1.258263159,1.231947369,1.253000001,1.226684211,1.194894738
303,2.131578947,1.978947368,2.005263157,2.005263157,2.089473683,2.068789473,2.10036842,2.084578947,2.10036842,2.068789473,2.079105262
304,2.268421053,2.121052632,2.173684211,2.110526317,1.968421053,2.20563158,2.231947369,2.210894738,2.226684211,2.189842106,2.221210527
305,2.157894737,2.136842106,2.089473685,2.094736842,2.173684211,2.100368421,2.131947369,2.105631579,2.126684211,2.100368421,2.100157895
306,2.557894737,2.594736842,2.521052632,2.468421053,2.463157895,2.442473685,2.484578948,2.453,2.495105263,2.453,2.473842106
307,1.163157895,1.115789474,1.094736843,1.000000001,1.057894737,1.126684211,1.142473685,1.131947369,1.153000001,1.126684211,1.052789474
308,2.526315789,2.54736842,2.457894736,2.415789473,2.494736841,2.458263157,2.489842104,2.474052631,2.50036842,2.474052631,2.415947367
309,1.905263158,1.978947369,1.878947369,1.847368421,1.773684211,1.816157895,1.853,1.826684211,1.853,1.821421053,1.826473684
310,0.763157895,0.731578948,0.668421053,0.800000001,0.757894737,0.653000001,0.689842106,0.674052632,0.695105264,0.674052632,0.705421053
311,1.994736842,1.857894737,2,1.878947368,2.021052631,1.900368421,1.92668421,1.916157895,1.931947368,1.905631579,1.915947368
312,1.721052632,1.72631579,1.694736843,1.700000001,1.731578948,1.689842106,1.710894738,1.695105264,1.716157896,1.67931579,1.710684211
313,1.568421053,1.500000001,1.400000001,1.484210527,1.510526317,1.489842106,1.531947369,1.510894738,1.526684211,1.495105264,1.510684211
314,2.110526316,2.078947369,2.105263158,2.047368421,2.031578948,2.068789474,2.110894737,2.084578948,2.105631579,2.07931579,2.052789474
315,2.447368421,2.505263158,2.484210526,2.489473684,2.515789474,2.405631579,2.431947368,2.405631579,2.431947368,2.410894737,2.394894737
316,1.336842105,1.352631578,1.305263157,1.268421052,1.289473684,1.22668421,1.252999999,1.231947368,1.263526315,1.231947368,1.294894736
317,3.015789474,3.100000001,3.005263159,3.047368422,3.02631579,2.989842106,3.00563158,3.000368422,3.026684211,2.995105264,3.005421053
318,1.526315789,1.536842104,1.568421052,1.552631578,1.557894736,1.474052631,1.510894736,1.50036842,1.521421052,1.489842104,1.489631578
319,1.668421053,1.621052632,1.65263158,1.715789474,1.621052632,1.57931579,1.610894738,1.57931579,1.610894738,1.574052632,1.56331579
320,2.868421053,2.921052632,2.736842106,2.773684211,2.794736843,2.77931579,2.800368422,2.789842106,2.80563158,2.77931579,2.805421053
321,2.715789474,2.710526316,2.700000001,2.773684211,2.642105264,2.653000001,2.689842106,2.668789474,2.689842106,2.658263159,2.673842106
322,1.752631579,1.642105263,1.684210526,1.610526316,1.663157895,1.642473684,1.67931579,1.668789474,1.689842105,1.658263158,1.768578947
323,1.257894737,1.189473685,1.236842106,1.215789474,1.210526316,1.184578948,1.210894737,1.189842106,1.221421053,1.184578948,1.221210527
324,1.8,1.873684211,1.805263158,1.810526316,1.778947368,1.753,1.789842105,1.763526316,1.789842105,1.753,1.705421053
325,0.984210526,0.999999999,0.910526315,1.194736841,1.068421052,0.958263157,0.989842105,0.968789473,0.995105263,0.958263157,0.915947368
326,1.768421053,1.831578948,1.778947369,1.810526317,1.678947369,1.637210527,1.663526317,1.642473685,1.67931579,1.637210527,1.68963158
327,1.984210526,1.926315789,1.763157894,1.857894736,1.931578947,1.879315789,1.905631578,1.879315789,1.910894736,1.879315789,1.942263157
328,1.489473684,1.442105263,1.463157894,1.37368421,1.521052631,1.442473684,1.474052631,1.458263157,1.484578947,1.458263157,1.442263157
329,2.136842105,2.105263157,2.068421052,2.068421052,2.07368421,2.074052631,2.105631578,2.079315789,2.100368421,2.079315789,2.105421052
330,3.110526316,3.22631579,3.131578948,3.173684211,3.121052632,3.084578948,3.121421053,3.089842106,3.131947369,3.084578948,3.042263158
331,1.468421053,1.442105264,1.489473685,1.494736843,1.394736843,1.421421053,1.458263159,1.426684211,1.463526317,1.426684211,1.410684211
332,1.426315789,1.363157894,1.268421052,1.331578946,1.294736841,1.363526315,1.395105262,1.368789473,1.384578946,1.363526315,1.363315789
333,1.3,1.289473684,1.273684211,1.347368421,1.173684211,1.258263158,1.310894737,1.274052632,1.300368421,1.268789474,1.247526316
334,1.678947368,1.721052631,1.652631578,1.657894736,1.57368421,1.647736841,1.679315789,1.663526315,1.679315789,1.642473683,1.579105262
335,2.073684211,1.994736843,2.131578948,1.95263158,1.989473685,2.010894738,2.042473685,2.026684211,2.042473685,2.016157896,2.058052633
336,2.026315789,1.994736841,1.978947367,2.036842104,1.889473683,1.92668421,1.952999999,1.937210525,1.963526315,1.92668421,1.931736841
337,1.315789474,1.389473685,1.315789474,1.415789474,1.315789474,1.216157895,1.258263159,1.226684211,1.263526316,1.226684211,1.221210527
338,2.247368421,2.242105263,2.168421053,2.184210526,2.189473684,2.189842105,2.216157895,2.189842105,2.237210526,2.200368421,2.189631579
339,2.168421053,2.089473685,2.210526317,2.194736843,2.136842106,2.131947369,2.158263159,2.126684211,2.158263159,2.131947369,2.147526317
340,2.378947368,2.357894736,2.284210525,2.205263157,2.357894736,2.30036842,2.32668421,2.305631578,2.337210525,2.310894736,2.279105262
341,0.684210526,0.663157894,0.594736841,0.626315789,0.699999999,0.647736841,0.679315789,0.658263157,0.689842105,0.658263157,0.621210526
342,2.047368421,1.989473684,1.994736842,2.010526316,1.9,1.958263158,1.974052631,1.953,1.979315789,1.958263158,2.000157895
343,2.673684211,2.673684211,2.684210527,2.684210527,2.615789475,2.626684211,2.663526317,2.642473685,2.668789475,2.637210527,2.579105264
344,1.852631579,1.894736842,1.889473684,1.957894737,1.9,1.763526316,1.77931579,1.763526316,1.795105263,1.763526316,1.831736842
345,1.531578947,1.415789473,1.510526315,1.54736842,1.463157894,1.463526315,1.489842105,1.468789473,1.50036842,1.463526315,1.458052631
346,1.768421053,1.705263159,1.72631579,1.642105264,1.663157895,1.726684211,1.758263159,1.742473685,1.768789474,1.731947369,1.642263159
347,2.431578947,2.431578947,2.452631578,2.368421052,2.468421052,2.368789473,2.405631578,2.384578947,2.405631578,2.379315789,2.358052631
348,1.994736842,1.821052631,1.915789473,1.994736842,1.963157895,1.937210526,1.968789473,1.942473684,1.984578947,1.942473684,1.937
349,2.268421053,2.273684211,2.173684211,2.231578948,2.184210527,2.189842106,2.216157895,2.189842106,2.226684211,2.210894738,2.221210527
350,2.368421053,2.357894738,2.242105264,2.342105264,2.284210527,2.358263159,2.384578948,2.363526317,2.389842106,2.353000001,2.337000001
351,1.294736842,1.17368421,1.27368421,1.226315789,1.221052631,1.200368421,1.237210526,1.221421052,1.231947368,1.221421052,1.258052631
352,1.468421053,1.536842106,1.494736843,1.447368422,1.357894738,1.442473685,1.468789474,1.453000001,1.484578948,1.437210527,1.379105264
353,1.068421053,1.042105264,1.015789474,0.931578948,0.873684211,0.968789474,1.000368422,0.974052632,1.010894738,0.97931579,1.021210527
354,1.321052632,1.257894738,1.173684211,1.22631579,1.210526317,1.321421053,1.358263159,1.331947369,1.368789475,1.331947369,1.226473685
355,2.163157895,2.215789474,2.100000001,2.052631579,2.084210527,2.100368422,2.131947369,2.110894737,2.126684211,2.100368422,2.052789474
356,1.731578947,1.742105262,1.663157894,1.815789473,1.757894736,1.658263157,1.679315789,1.658263157,1.695105262,1.652999999,1.668578947
357,1.289473684,1.352631579,1.331578947,1.27368421,1.252631579,1.174052631,1.221421052,1.189842105,1.216157894,1.184578947,1.242263157
358,2.205263158,2.121052632,2.136842105,2.068421053,2.1,2.153,2.195105263,2.168789474,2.195105263,2.158263158,2.158052632
359,1.768421053,1.800000001,1.800000001,1.789473685,1.773684211,1.668789474,1.700368422,1.67931579,1.70563158,1.674052632,1.631736843
360,1.310526316,1.3,1.236842106,1.252631579,1.268421053,1.247736843,1.289842106,1.268789474,1.289842106,1.253,1.189631579
361,2.078947368,2.063157894,2.042105262,2.031578947,2.036842104,2.047736841,2.079315789,2.063526315,2.084578947,2.052999999,1.989631578
362,2.021052632,2.084210527,1.931578948,2.136842106,2.042105264,1.937210527,1.968789475,1.947736843,1.97931579,1.947736843,1.973842106
363,2.026315789,2.07368421,1.94736842,2.005263157,2.036842104,2.005631578,2.02668421,2.005631578,2.037210525,1.995105262,1.968578946
364,2.594736842,2.647368421,2.605263158,2.694736842,2.621052631,2.484578947,2.521421052,2.505631579,2.52668421,2.500368421,2.584368421
365,1.621052632,1.521052632,1.568421053,1.573684211,1.542105264,1.574052632,1.600368422,1.563526317,1.595105264,1.563526317,1.594894738
366,1.105263158,1.105263158,1.184210527,1.22631579,1.042105263,1.053,1.084578948,1.053,1.095105263,1.068789474,0.984368421
367,1.610526316,1.521052632,1.373684211,1.431578948,1.468421053,1.584578948,1.626684211,1.589842106,1.621421053,1.584578948,1.610684211
368,2.321052632,2.336842106,2.300000001,2.336842106,2.305263159,2.195105264,2.226684211,2.195105264,2.221421053,2.20563158,2.279105264
369,1.994736842,1.889473684,1.842105263,1.821052631,1.821052631,1.916157895,1.947736842,1.92668421,1.953,1.92668421,1.973842105
370,2.342105263,2.289473684,2.247368421,2.294736842,2.27368421,2.284578947,2.321421052,2.300368421,2.32668421,2.289842105,2.294894737
371,1.842105263,1.878947368,1.852631579,1.936842105,1.763157894,1.779315789,1.810894737,1.795105263,1.810894737,1.789842105,1.789631579
372,1.642105263,1.657894737,1.694736842,1.694736842,1.694736842,1.531947368,1.584578947,1.558263158,1.574052631,1.547736842,1.531736842
373,2.073684211,1.95263158,1.878947369,1.931578948,1.936842106,2.026684211,2.053000001,2.037210527,2.063526317,2.021421054,2.047526317
374,1.921052632,1.847368422,1.968421053,1.873684211,1.947368422,1.853000001,1.874052632,1.858263159,1.895105264,1.858263159,1.879105264
375,2.052631579,2.089473684,2.031578947,1.957894737,2.015789474,1.926684211,1.963526316,1.942473684,1.963526316,1.937210526,2.010684211
376,1.431578947,1.199999999,1.321052631,1.236842105,1.315789473,1.384578947,1.421421052,1.40036842,1.421421052,1.395105262,1.400157894
377,2.157894737,2.073684211,2.036842106,2.021052632,2.010526316,2.095105263,2.126684211,2.105631579,2.137210527,2.100368421,2.084368421
378,2.321052632,2.305263159,2.157894738,2.294736843,2.257894738,2.27931579,2.310894738,2.274052632,2.310894738,2.27931579,2.28963158
379,1.868421053,1.842105264,1.821052632,1.810526317,1.736842106,1.774052632,1.80563158,1.774052632,1.80563158,1.77931579,1.800157895
380,1.584210526,1.478947368,1.499999999,1.563157894,1.536842105,1.552999999,1.579315789,1.568789473,1.595105263,1.568789473,1.526473684
381,2.010526316,2.068421053,2.042105264,2.110526316,2.073684211,1.958263158,1.968789474,1.968789474,1.989842106,1.953,1.937
382,1.126315789,1.210526315,1.163157894,1.115789473,1.010526315,1.068789473,1.10036842,1.079315789,1.110894736,1.068789473,1.068578946
383,1.847368421,1.763157895,1.757894737,1.778947368,1.710526316,1.753,1.774052631,1.758263158,1.784578947,1.747736842,1.852789474
384,2.210526316,2.2,2.2,2.2,2.236842106,2.184578948,2.216157895,2.189842106,2.221421053,2.184578948,2.094894737
385,3.121052632,3.210526317,3.168421053,3.105263159,3.015789475,3.047736843,3.074052632,3.058263159,3.095105264,3.053000001,3.058052632
386,1.526315789,1.552631578,1.47368421,1.499999999,1.399999999,1.42668421,1.463526315,1.442473683,1.463526315,1.437210525,1.442263157
387,1.963157895,2.021052632,1.952631579,1.878947369,2.021052632,1.853000001,1.884578948,1.868789474,1.884578948,1.853000001,1.905421053
388,1.231578947,1.231578947,1.24736842,1.168421052,1.263157894,1.163526315,1.195105262,1.174052631,1.20036842,1.174052631,1.200157894
389,1.752631579,1.747368421,1.768421053,1.768421053,1.62631579,1.721421053,1.758263158,1.731947369,1.768789474,1.721421053,1.715947369
390,1.821052632,1.621052632,1.757894738,1.689473685,1.678947369,1.789842106,1.826684211,1.795105264,1.826684211,1.810894738,1.773842106
391,1.384210526,1.389473684,1.442105263,1.321052631,1.389473684,1.337210526,1.379315789,1.352999999,1.374052631,1.337210526,1.279105263
392,2.394736842,2.363157895,2.394736842,2.342105263,2.221052631,2.310894737,2.347736842,2.32668421,2.347736842,2.310894737,2.358052631
393,2.005263158,1.889473684,1.952631579,1.868421053,1.947368421,1.921421053,1.953,1.931947369,1.958263158,1.921421053,1.879105263
394,1.473684211,1.605263159,1.710526317,1.531578948,1.505263159,1.421421054,1.458263159,1.437210527,1.458263159,1.426684211,1.394894738
395,2.126315789,2.131578946,2.052631578,2.105263157,2.105263157,2.110894736,2.152999999,2.137210525,2.152999999,2.116157894,2.063315789
396,1.989473684,1.984210526,2.015789473,1.989473684,2.036842105,1.937210526,1.968789473,1.942473684,1.974052631,1.947736842,1.915947368
397,2.663157895,2.694736843,2.62631579,2.652631579,2.615789474,2.57931579,2.616157895,2.584578948,2.621421053,2.589842106,2.579105264
398,1.036842105,0.868421052,0.894736842,1.042105263,0.921052631,0.968789473,1.000368421,0.984578947,1.016157894,0.979315789,0.905421052
399,1.931578947,1.815789473,1.889473683,1.899999999,1.821052631,1.895105262,1.931947368,1.905631578,1.937210526,1.895105262,1.88436842
400,1.957894737,1.868421053,1.72631579,1.868421053,1.852631579,1.942473685,1.963526316,1.931947369,1.974052632,1.937210527,1.868578948
401,2.489473684,2.5,2.478947368,2.526315789,2.336842105,2.410894736,2.442473684,2.421421052,2.447736842,2.405631579,2.463315789
402,1.710526316,1.689473685,1.621052632,1.7,1.663157895,1.631947369,1.668789474,1.647736843,1.668789474,1.637210527,1.66331579
403,2.073684211,2.005263159,2.005263159,2.005263159,2.078947369,2.00563158,2.031947369,2.010894738,2.037210527,2.016157896,2.000157896
404,2.557894737,2.594736842,2.563157895,2.536842106,2.436842106,2.484578948,2.521421053,2.489842106,2.526684211,2.489842106,2.505421053
405,2.284210526,2.242105263,2.189473684,2.205263157,2.263157894,2.195105263,2.221421052,2.205631578,2.22668421,2.205631578,2.226473684
406,1.205263158,1.089473684,1.121052632,1.273684211,1.142105263,1.142473684,1.174052632,1.147736842,1.17931579,1.147736842,1.147526316
407,2.115789474,2.105263159,2.05263158,2.147368422,2.005263159,2.058263159,2.100368422,2.07931579,2.095105264,2.068789474,2.052789474
408,1.073684211,0.989473685,1.000000001,1.031578948,0.884210527,0.963526317,0.989842106,0.968789475,1.016157896,0.974052633,1.037000001
409,2.905263158,2.910526316,2.873684211,2.92631579,2.884210527,2.847736842,2.874052632,2.837210527,2.874052632,2.837210527,2.831736842
410,2.042105263,1.915789473,2.026315789,1.931578947,2.021052631,1.995105263,2.031947368,2.010894737,2.037210526,1.995105263,2.000157894
411,0.894736842,0.842105263,0.905263158,0.921052631,0.747368421,0.789842105,0.837210526,0.821421052,0.831947368,0.800368421,0.842263158
412,2.878947368,2.889473683,2.899999999,2.921052631,2.884210525,2.92668421,2.947736841,2.921421052,2.963526315,2.931947368,2.842263157
413,1.973684211,1.973684211,1.957894738,1.85263158,1.957894738,1.900368422,1.931947369,1.910894738,1.942473685,1.916157896,1.905421054
414,1.873684211,1.884210527,1.857894738,1.757894738,1.847368422,1.810894738,1.847736843,1.816157896,1.853000001,1.810894738,1.847526317
415,0.973684211,0.994736843,1.031578948,1.036842106,1.021052633,0.900368422,0.916157896,0.900368422,0.931947369,0.895105264,0.931736843
416,1.6,1.573684211,1.521052632,1.515789474,1.515789474,1.574052632,1.595105263,1.579315789,1.610894737,1.574052632,1.531736842
417,2.068421053,1.973684211,2.000000001,2.021052632,2.010526317,2.00563158,2.031947369,2.010894738,2.037210527,2.000368422,2.026473685
418,2.136842105,2.199999999,2.057894736,2.247368421,2.094736842,2.105631578,2.142473684,2.116157894,2.147736842,2.110894736,2.052789473
419,1.510526316,1.457894737,1.468421053,1.473684211,1.415789474,1.495105264,1.531947369,1.505631579,1.526684211,1.495105264,1.358052632
420,1.636842105,1.610526315,1.505263157,1.526315789,1.357894736,1.637210526,1.674052631,1.652999999,1.684578947,1.647736842,1.558052631
421,2.042105263,1.921052631,1.942105263,1.9,1.910526315,1.953,1.984578947,1.953,2.005631579,1.963526315,2.015947368
422,1.636842105,1.552631578,1.615789473,1.494736842,1.568421052,1.547736842,1.574052631,1.558263157,1.579315789,1.542473684,1.579105263
423,1.805263158,1.852631579,1.931578948,1.9,1.831578948,1.763526316,1.805631579,1.774052632,1.816157895,1.77931579,1.715947369
424,2.605263158,2.584210527,2.589473684,2.647368421,2.610526316,2.547736842,2.595105263,2.563526316,2.589842105,2.558263158,2.521210527
425,1.484210526,1.521052631,1.499999999,1.621052631,1.463157894,1.416157894,1.447736841,1.421421052,1.458263157,1.421421052,1.400157894
426,1.578947368,1.626315789,1.605263157,1.531578947,1.536842104,1.510894736,1.542473683,1.521421052,1.537210525,1.510894736,1.563315789
427,1.221052632,1.247368422,1.194736843,1.131578948,1.25263158,1.158263159,1.189842106,1.168789475,1.195105264,1.168789475,1.205421053
428,1.8,1.931578947,1.778947368,1.821052632,1.815789474,1.758263158,1.784578947,1.758263158,1.789842105,1.753,1.747526316
429,1.331578947,1.47368421,1.431578947,1.34736842,1.44736842,1.268789473,1.295105262,1.289842105,1.316157894,1.279315789,1.289631578
430,1.384210526,1.126315789,1.189473684,1.257894736,1.194736841,1.331947368,1.342473684,1.337210526,1.363526315,1.331947368,1.294894736
431,2.163157895,2.215789474,2.231578948,2.078947369,2.078947369,2.121421053,2.147736843,2.137210527,2.153000001,2.126684211,2.110684211
432,1.973684211,2.010526317,1.863157896,1.905263159,1.989473685,1.895105264,1.926684211,1.900368422,1.942473685,1.910894738,1.910684211
433,1.721052632,1.784210527,1.678947369,1.789473685,1.684210527,1.653000001,1.689842106,1.674052632,1.689842106,1.663526317,1.694894738
434,1.478947368,1.384210525,1.489473683,1.484210525,1.405263157,1.42668421,1.458263157,1.437210525,1.468789473,1.437210525,1.426473683
435,1.763157895,1.873684211,1.705263158,1.900000001,1.736842106,1.689842106,1.705631579,1.689842106,1.710894737,1.684578948,1.721210527
436,2.252631579,2.168421053,2.247368421,2.215789474,2.089473684,2.163526316,2.200368421,2.174052632,2.216157895,2.17931579,2.16331579
437,1.831578947,1.742105262,1.799999999,1.689473683,1.710526315,1.752999999,1.784578947,1.768789473,1.795105262,1.758263157,1.763315789
438,1.442105263,1.331578947,1.189473684,1.278947368,1.305263158,1.363526315,1.395105263,1.368789473,1.400368421,1.374052631,1.352789473
439,1.310526316,1.315789474,1.305263158,1.478947369,1.289473685,1.295105264,1.331947369,1.310894737,1.337210527,1.300368421,1.284368421
440,0.173684211,0.184210527,0.110526317,0.157894738,0.063157896,0.058263159,0.089842106,0.07931579,0.100368422,0.074052633,0.094894738
441,2.126315789,2.068421052,2.063157894,2.015789473,2.068421052,2.052999999,2.089842104,2.068789473,2.095105262,2.058263157,2.036999999
442,2.073684211,2.089473685,2.110526317,2.115789475,2.121052633,1.97931579,2.010894738,1.989842106,2.010894738,1.97931579,2.005421054
443,1.673684211,1.663157896,1.663157896,1.678947369,1.589473685,1.60563158,1.616157896,1.610894738,1.631947369,1.595105264,1.584368422
444,1.5,1.442105263,1.515789474,1.473684211,1.505263158,1.421421053,1.458263158,1.426684211,1.468789474,1.426684211,1.484368421
445,1.205263158,1.284210527,1.231578948,1.263157895,1.268421053,1.168789474,1.200368421,1.184578948,1.200368421,1.168789474,1.147526316
446,0.826315789,0.726315789,0.87368421,0.831578946,0.699999999,0.758263157,0.789842104,0.768789473,0.805631578,0.763526315,0.789631578
447,0.889473684,0.9,0.8,0.789473684,0.878947368,0.789842105,0.831947368,0.810894736,0.821421052,0.800368421,0.900157894
448,2.421052632,2.415789475,2.363157896,2.457894738,2.315789475,2.30563158,2.326684211,2.30563158,2.331947369,2.300368422,2.36331579
449,2.184210526,2.099999999,2.089473684,2.152631578,2.07368421,2.121421052,2.147736841,2.12668421,2.152999999,2.12668421,2.11068421
450,2.378947368,2.405263157,2.299999999,2.384210525,2.24736842,2.316157894,2.331947368,2.321421052,2.342473683,2.310894736,2.300157894
451,1.489473684,1.594736842,1.521052631,1.494736842,1.515789473,1.42668421,1.458263157,1.437210526,1.463526315,1.437210526,1.437
452,2.210526316,2.268421053,2.205263158,2.152631579,2.231578948,2.195105264,2.231947369,2.216157895,2.242473685,2.216157895,2.189631579
453,2.021052632,2.136842106,1.978947369,2.015789475,2.02631579,2.000368422,2.037210527,2.010894738,2.031947369,2.00563158,1.984368422
454,1.989473684,2.121052631,2.152631579,2.163157894,2.057894736,1.937210526,1.979315789,1.942473684,1.974052631,1.953,1.915947368
455,1.515789474,1.468421053,1.45263158,1.463157895,1.342105264,1.458263159,1.500368422,1.474052632,1.500368422,1.463526316,1.36331579
456,2.078947368,1.984210525,2.04736842,1.984210525,2.04736842,1.963526315,1.984578947,1.968789473,2.005631578,1.968789473,2.036999999
457,2.326315789,2.284210525,2.284210525,2.252631578,2.226315789,2.289842104,2.321421052,2.305631578,2.32668421,2.284578946,2.252789473
458,1.863157895,1.847368422,1.815789474,1.731578948,1.815789474,1.795105264,1.826684211,1.800368422,1.821421053,1.795105264,1.837000001
459,1.784210526,1.84736842,1.67368421,1.74736842,1.757894736,1.768789473,1.805631578,1.779315789,1.805631578,1.774052631,1.773842105
460,1.147368421,1.063157895,1.084210526,1.17368421,1.189473684,1.068789474,1.110894737,1.084578947,1.105631579,1.079315789,1.031736842
461,1.926315789,1.768421052,1.805263157,1.852631578,1.642105262,1.868789473,1.895105262,1.868789473,1.910894736,1.874052631,1.879105262
462,1.668421053,1.600000001,1.568421053,1.636842106,1.594736843,1.600368422,1.631947369,1.60563158,1.637210527,1.60563158,1.610684211
463,1.384210526,1.263157894,1.421052631,1.421052631,1.389473684,1.310894736,1.342473684,1.321421052,1.358263157,1.321421052,1.379105263
464,2.094736842,2.131578947,2.1,2.021052631,2.084210526,2.058263158,2.100368421,2.068789473,2.100368421,2.068789473,2.037
465,2.473684211,2.584210527,2.457894738,2.410526317,2.384210527,2.410894738,2.431947369,2.421421054,2.437210527,2.40563158,2.415947369
466,2.510526316,2.447368421,2.5,2.510526316,2.547368421,2.421421053,2.453,2.431947369,2.458263158,2.421421053,2.458052632
467,1.605263158,1.7,1.578947369,1.631578948,1.563157895,1.526684211,1.553,1.531947369,1.563526316,1.531947369,1.537
468,1.642105263,1.705263158,1.626315789,1.710526315,1.752631579,1.574052631,1.605631579,1.589842105,1.610894737,1.579315789,1.563315789
469,2.026315789,2.057894736,2.099999999,2.042105262,2.057894736,1.963526315,1.984578946,1.968789473,2.00036842,1.968789473,1.994894736
470,1.678947368,1.652631578,1.621052631,1.594736841,1.494736841,1.605631578,1.637210525,1.616157894,1.642473683,1.610894736,1.589631578
471,2.442105263,2.384210526,2.357894737,2.247368421,2.4,2.374052631,2.384578947,2.379315789,2.395105263,2.363526315,2.447526315
472,1.889473684,1.878947368,1.815789473,1.684210526,1.810526315,1.784578947,1.810894736,1.789842105,1.810894736,1.789842105,1.747526315
473,1.963157895,2.015789474,1.936842106,1.910526316,1.894736843,1.900368422,1.937210527,1.910894737,1.942473685,1.910894737,1.921210527
474,1.910526316,1.968421053,1.863157895,1.9,1.789473685,1.842473685,1.874052632,1.863526316,1.889842106,1.853,1.86331579
475,1.531578947,1.426315789,1.405263157,1.426315789,1.44736842,1.516157894,1.542473683,1.52668421,1.552999999,1.516157894,1.468578947
476,2.036842105,1.942105263,2.036842105,2.063157894,2.07368421,2.000368421,2.047736842,2.031947368,2.047736842,2.005631578,1.973842105
477,1.905263158,2,1.936842105,2,1.968421053,1.826684211,1.858263158,1.826684211,1.863526316,1.826684211,1.821210527
478,0.952631579,0.915789474,0.910526316,0.863157895,0.821052632,0.889842105,0.916157895,0.895105263,0.926684211,0.895105263,0.910684211
479,2.478947368,2.399999999,2.442105262,2.310526315,2.37368421,2.410894736,2.442473683,2.42668421,2.452999999,2.421421052,2.431736841
480,1.315789474,1.147368422,1.236842106,1.310526316,1.231578948,1.231947369,1.258263159,1.242473685,1.274052632,1.237210527,1.315947369
481,1.3,1.236842105,1.252631579,1.357894737,1.347368421,1.205631579,1.247736842,1.216157895,1.247736842,1.210894737,1.194894737
482,1.926315789,2.057894736,1.942105262,1.978947367,1.963157894,1.884578946,1.905631578,1.884578946,1.916157894,1.889842104,1.863315789
483,1.331578947,1.278947368,1.289473683,1.242105262,1.257894736,1.252999999,1.289842105,1.263526315,1.289842105,1.263526315,1.268578947
484,2.489473684,2.552631579,2.452631579,2.494736842,2.436842105,2.421421052,2.458263157,2.431947368,2.447736842,2.447736842,2.452789473
485,1.915789474,1.778947369,1.75263158,1.763157895,1.75263158,1.853000001,1.87931579,1.863526316,1.895105264,1.863526316,1.831736843
486,1.689473684,1.636842105,1.631578947,1.668421052,1.615789473,1.600368421,1.647736842,1.616157894,1.642473684,1.621421052,1.573842105
487,1.021052632,1.015789475,0.957894738,0.957894738,0.984210527,0.97931579,1.00563158,0.995105264,1.026684211,0.989842106,1.021210527
488,1.631578947,1.726315789,1.631578947,1.742105262,1.663157894,1.547736841,1.574052631,1.542473683,1.579315789,1.547736841,1.558052631
489,1.168421053,1.047368422,0.989473685,1.057894738,1.021052632,1.074052632,1.10563158,1.089842106,1.110894738,1.068789474,1.131736843
490,2.110526316,2.163157895,2.068421053,2.163157895,2.147368421,2.074052632,2.105631579,2.084578948,2.105631579,2.068789474,2.058052632
491,2.126315789,2.031578946,2.057894736,2.17368421,2.099999999,2.052999999,2.079315789,2.068789473,2.089842104,2.052999999,2.042263157
492,2.684210526,2.678947368,2.557894736,2.615789473,2.684210526,2.637210526,2.679315789,2.658263157,2.679315789,2.663526315,2.594894736
493,1.942105263,1.836842105,1.9,1.763157894,1.921052631,1.837210526,1.863526315,1.837210526,1.868789473,1.831947368,1.884368421
494,1.489473684,1.394736842,1.521052631,1.436842105,1.394736842,1.379315789,1.405631579,1.400368421,1.421421052,1.384578947,1.431736842
495,2.478947368,2.431578947,2.463157894,2.426315789,2.384210525,2.458263157,2.489842104,2.484578947,2.50036842,2.463526315,2.394894736
496,2.215789474,2.184210527,2.142105264,2.147368422,2.078947369,2.121421053,2.158263159,2.131947369,2.153000001,2.126684211,2.115947369
497,2.036842105,1.968421052,1.947368421,1.989473684,1.926315789,1.974052631,2.005631578,1.995105263,2.010894736,1.979315789,1.958052631
498,1.884210526,1.94736842,1.805263157,1.878947368,1.894736841,1.805631578,1.847736841,1.831947368,1.852999999,1.821421052,1.800157894
499,2.268421053,2.278947369,2.221052632,2.215789474,2.278947369,2.200368422,2.231947369,2.216157895,2.242473685,2.20563158,2.16331579
500,1.731578947,1.731578947,1.731578947,1.731578947,1.731578947,1.684578947,1.684578947,1.684578947,1.684578947,1.684578947,1.668578947
501,2.668421053,2.668421053,2.668421053,2.668421053,2.668421053,2.621421053,2.621421053,2.621421053,2.621421053,2.621421053,2.605421053
502,1.573684211,1.573684211,1.573684211,1.573684211,1.573684211,1.526684211,1.526684211,1.526684211,1.526684211,1.526684211,1.510684211
503,2.763157895,2.763157895,2.763157895,2.763157895,2.763157895,2.716157895,2.716157895,2.716157895,2.716157895,2.716157895,2.700157895
504,2,2,2,2,2,1.953,1.953,1.953,1.953,1.953,1.937
505,2.526315789,2.526315789,2.526315789,2.526315789,2.526315789,2.479315789,2.479315789,2.479315789,2.479315789,2.479315789,2.463315789
506,0.789473684,0.789473684,0.789473684,0.789473684,0.789473684,0.742473684,0.742473684,0.742473684,0.742473684,0.742473684,0.726473684
507,1.847368421,1.847368421,1.847368421,1.847368421,1.847368421,1.800368421,1.800368421,1.800368421,1.800368421,1.800368421,1.784368421
508,1.242105263,1.242105263,1.242105263,1.242105263,1.242105263,1.195105263,1.195105263,1.195105263,1.195105263,1.195105263,1.179105263
509,1.536842105,1.536842105,1.536842105,1.536842105,1.536842105,1.489842105,1.489842105,1.489842105,1.489842105,1.489842105,1.473842105
510,1.926315789,1.926315789,1.926315789,1.926315789,1.926315789,1.879315789,1.879315789,1.879315789,1.879315789,1.879315789,1.863315789
511,1.684210526,1.684210526,1.684210526,1.684210526,1.684210526,1.637210526,1.637210526,1.637210526,1.637210526,1.637210526,1.621210526
512,1.152631579,1.152631579,1.152631579,1.152631579,1.152631579,1.105631579,1.105631579,1.105631579,1.105631579,1.105631579,1.089631579
513,1.457894737,1.457894737,1.457894737,1.457894737,1.457894737,1.410894737,1.410894737,1.410894737,1.410894737,1.410894737,1.394894737
514,1.631578947,1.631578947,1.631578947,1.631578947,1.631578947,1.584578947,1.584578947,1.584578947,1.584578947,1.584578947,1.568578947
515,2.552631579,2.552631579,2.552631579,2.552631579,2.552631579,2.505631579,2.505631579,2.505631579,2.505631579,2.505631579,2.489631579
516,1.552631579,1.552631579,1.552631579,1.552631579,1.552631579,1.505631579,1.505631579,1.505631579,1.505631579,1.505631579,1.489631579
517,3.410526316,3.410526316,3.410526316,3.410526316,3.410526316,3.363526316,3.363526316,3.363526316,3.363526316,3.363526316,3.347526316
518,1.463157895,1.463157895,1.463157895,1.463157895,1.463157895,1.416157895,1.416157895,1.416157895,1.416157895,1.416157895,1.400157895
519,1.110526316,1.110526316,1.110526316,1.110526316,1.110526316,1.063526316,1.063526316,1.063526316,1.063526316,1.063526316,1.047526316
520,0.994736842,0.994736842,0.994736842,0.994736842,0.994736842,0.947736842,0.947736842,0.947736842,0.947736842,0.947736842,0.931736842
521,1.542105263,1.542105263,1.542105263,1.542105263,1.542105263,1.495105263,1.495105263,1.495105263,1.495105263,1.495105263,1.479105263
522,1.557894737,1.557894737,1.557894737,1.557894737,1.557894737,1.510894737,1.510894737,1.510894737,1.510894737,1.510894737,1.494894737
523,1.726315789,1.726315789,1.726315789,1.726315789,1.726315789,1.679315789,1.679315789,1.679315789,1.679315789,1.679315789,1.663315789
524,1.284210526,1.284210526,1.284210526,1.284210526,1.284210526,1.237210526,1.237210526,1.237210526,1.237210526,1.237210526,1.221210526
525,1.957894737,1.957894737,1.957894737,1.957894737,1.957894737,1.910894737,1.910894737,1.910894737,1.910894737,1.910894737,1.894894737
526,1.357894737,1.357894737,1.357894737,1.357894737,1.357894737,1.310894737,1.310894737,1.310894737,1.310894737,1.310894737,1.294894737
527,1.9,1.9,1.9,1.9,1.9,1.853,1.853,1.853,1.853,1.853,1.837
528,1.836842105,1.836842105,1.836842105,1.836842105,1.836842105,1.789842105,1.789842105,1.789842105,1.789842105,1.789842105,1.773842105
529,2.031578947,2.031578947,2.031578947,2.031578947,2.031578947,1.984578947,1.984578947,1.984578947,1.984578947,1.984578947,1.968578947
530,2.510526316,2.510526316,2.510526316,2.510526316,2.510526316,2.463526316,2.463526316,2.463526316,2.463526316,2.463526316,2.447526316
531,1.4,1.326315789,1.321052632,1.394736842,1.242105263,1.368789474,1.395105263,1.384578947,1.400368421,1.379315789,1.315947368
532,0.836842105,0.889473684,0.868421052,0.857894736,0.794736842,0.795105263,0.831947368,0.816157894,0.847736842,0.805631578,0.789631578
533,2.447368421,2.426315789,2.431578947,2.436842105,2.331578947,2.384578947,2.410894737,2.410894737,2.421421053,2.395105263,2.405421053
534,1.557894737,1.642105263,1.531578948,1.457894737,1.531578948,1.531947369,1.568789474,1.537210527,1.568789474,1.542473685,1.458052632
535,2.384210526,2.199999999,2.299999999,2.189473684,2.221052631,2.305631578,2.331947368,2.310894736,2.331947368,2.305631578,2.326473684
536,1.952631579,1.957894737,1.942105263,2.02631579,1.910526316,1.87931579,1.895105263,1.868789474,1.900368421,1.868789474,1.873842105
537,1.626315789,1.652631578,1.594736841,1.705263157,1.557894736,1.547736841,1.589842104,1.568789473,1.595105262,1.568789473,1.594894736
538,1.247368421,1.289473684,1.368421053,1.315789474,1.289473684,1.131947368,1.158263158,1.137210526,1.168789474,1.137210526,1.184368421
539,1.278947368,1.199999999,1.184210525,1.189473683,1.242105262,1.295105262,1.321421052,1.30036842,1.337210525,1.30036842,1.215947368
540,3.036842105,3.089473684,3.068421052,3.063157894,3.068421052,2.905631578,2.942473684,2.916157894,2.952999999,2.916157894,3.047526315
541,0.484210526,0.442105263,0.505263157,0.336842105,0.436842105,0.447736841,0.479315789,0.468789473,0.479315789,0.458263157,0.452789473
542,2.178947368,2.178947368,2.057894736,2.021052631,2.136842104,2.089842104,2.121421052,2.10036842,2.137210525,2.105631578,2.136999999
543,1.563157895,1.52631579,1.468421053,1.547368422,1.457894737,1.500368422,1.537210527,1.516157895,1.537210527,1.510894737,1.521210527
544,2.031578947,1.910526315,2.042105262,1.87368421,1.978947368,1.952999999,1.984578947,1.963526315,1.984578947,1.958263157,1.926473683
545,1.468421053,1.378947369,1.405263159,1.368421053,1.394736843,1.442473685,1.474052632,1.442473685,1.474052632,1.447736843,1.326473685
546,2.505263158,2.42631579,2.442105263,2.505263158,2.505263158,2.410894737,2.447736842,2.421421053,2.442473684,2.426684211,2.447526316
547,3.163157895,3.100000001,3.057894737,3.063157895,3.042105264,3.105631579,3.142473685,3.110894737,3.137210527,3.110894737,3.079105264
548,1.378947368,1.494736841,1.421052631,1.315789473,1.410526315,1.337210525,1.368789473,1.352999999,1.374052631,1.337210525,1.273842104
549,2.463157895,2.515789474,2.515789474,2.500000001,2.531578948,2.389842106,2.410894737,2.389842106,2.426684211,2.389842106,2.384368422
550,1.726315789,1.589473683,1.652631578,1.626315789,1.705263157,1.668789473,1.70036842,1.679315789,1.710894736,1.674052631,1.600157894
551,3.178947368,3.157894736,3.115789473,3.121052631,3.152631578,3.152999999,3.174052631,3.163526315,3.189842104,3.142473683,3.08436842
552,1.347368421,1.268421053,1.321052631,1.27368421,1.431578947,1.305631579,1.32668421,1.305631579,1.331947368,1.305631579,1.315947368
553,1.368421053,1.22631579,1.321052632,1.342105264,1.289473685,1.289842106,1.316157895,1.295105264,1.321421053,1.295105264,1.284368422
554,2.136842105,2.152631578,2.057894736,2.189473684,2.142105263,2.121421052,2.137210526,2.110894736,2.142473684,2.121421052,2.11068421
555,2.189473684,2.284210526,2.331578947,2.352631579,2.315789473,2.153,2.195105263,2.174052631,2.205631579,2.174052631,2.131736842
556,1.178947368,1.052631578,1.068421052,1.07368421,1.078947368,1.121421052,1.158263157,1.137210525,1.158263157,1.137210525,1.105421052
557,2.026315789,2.094736841,2.099999999,2.010526315,2.07368421,1.984578946,2.021421052,1.989842104,2.016157894,1.984578946,1.942263157
558,2.915789474,2.873684211,2.842105264,2.915789474,2.773684211,2.837210527,2.858263159,2.837210527,2.863526316,2.831947369,2.88963158
559,2.405263158,2.22631579,2.315789474,2.384210527,2.342105263,2.342473684,2.368789474,2.358263158,2.374052632,2.353,2.373842105
560,1.905263158,1.863157895,1.836842105,1.92631579,1.857894737,1.789842105,1.816157895,1.795105263,1.821421053,1.789842105,1.789631579
561,2.436842105,2.305263157,2.342105263,2.421052631,2.384210526,2.374052631,2.395105263,2.379315789,2.410894736,2.368789473,2.352789473
562,1.221052632,1.247368422,1.236842106,1.247368422,1.273684211,1.153000001,1.17931579,1.158263159,1.184578948,1.158263159,1.173842106
563,1.5,1.505263158,1.505263158,1.352631579,1.442105263,1.437210526,1.468789474,1.442473684,1.479315789,1.437210526,1.452789474
564,2.284210526,2.236842105,2.394736841,2.363157894,2.331578947,2.205631578,2.231947368,2.221421052,2.242473684,2.210894736,2.152789473
565,1.621052632,1.763157896,1.678947369,1.615789475,1.610526317,1.60563158,1.631947369,1.621421053,1.647736843,1.616157896,1.594894738
566,2.173684211,2.115789475,2.121052633,2.105263159,2.010526317,2.137210527,2.17931579,2.142473685,2.17931579,2.153000001,2.137000001
567,0.4,0.215789474,0.242105263,0.278947368,0.331578947,0.279315789,0.316157895,0.289842105,0.310894737,0.284578947,0.321210526
568,1.842105263,1.868421052,1.836842105,1.826315789,1.847368421,1.774052631,1.800368421,1.779315789,1.805631579,1.774052631,1.747526315
569,1.368421053,1.394736843,1.373684211,1.394736843,1.405263159,1.368789474,1.40563158,1.389842106,1.400368422,1.374052632,1.321210527
570,1.773684211,1.778947369,1.636842106,1.747368422,1.789473685,1.70563158,1.742473685,1.731947369,1.737210527,1.716157896,1.710684211
571,1.636842105,1.615789473,1.594736842,1.531578947,1.468421052,1.563526315,1.600368421,1.579315789,1.610894736,1.574052631,1.579105263
572,2.005263158,1.857894737,1.884210527,1.768421053,1.915789474,1.958263158,1.984578948,1.968789474,2.000368421,1.958263158,1.921210527
573,2.163157895,2.068421053,2.078947369,2.100000001,2.173684211,2.084578948,2.131947369,2.110894737,2.131947369,2.105631579,2.121210527
574,3.342105263,3.336842105,3.184210526,3.294736842,3.3,3.289842105,3.316157894,3.289842105,3.32668421,3.284578947,3.289631579
575,2,2.047368421,2.057894737,2.057894737,1.926315789,1.884578947,1.916157895,1.889842105,1.916157895,1.884578947,1.947526316
576,1.8,1.752631579,1.578947368,1.757894737,1.731578947,1.742473684,1.774052632,1.763526316,1.789842105,1.747736842,1.715947368
577,2.242105263,2.252631579,2.142105263,2.236842105,2.263157894,2.142473684,2.184578947,2.158263158,2.184578947,2.153,2.158052631
578,1.736842105,1.768421052,1.815789473,1.805263157,1.878947368,1.695105263,1.737210526,1.705631578,1.737210526,1.705631578,1.642263157
579,1.4,1.321052632,1.378947368,1.410526316,1.389473684,1.331947368,1.353,1.337210526,1.358263158,1.342473684,1.315947368
580,1.584210526,1.594736841,1.568421052,1.536842105,1.584210526,1.452999999,1.489842105,1.463526315,1.495105263,1.474052631,1.515947368
581,2.078947368,2.121052631,2.110526315,2.094736841,2.163157894,2.00036842,2.02668421,2.010894736,2.042473683,2.005631578,2.036999999
582,1.215789474,1.215789474,1.221052632,1.184210527,1.063157895,1.110894737,1.131947369,1.121421053,1.137210527,1.121421053,1.08963158
583,2.273684211,2.294736843,2.278947369,2.315789475,2.363157896,2.216157896,2.258263159,2.226684211,2.258263159,2.226684211,2.210684211
584,1.910526316,1.878947369,1.852631579,1.947368421,1.831578948,1.910894737,1.931947369,1.910894737,1.947736843,1.910894737,1.821210527
585,2.415789474,2.515789474,2.500000001,2.605263159,2.463157895,2.384578948,2.40563158,2.384578948,2.40563158,2.37931579,2.321210527
586,1.542105263,1.526315789,1.521052631,1.515789473,1.415789473,1.505631579,1.542473684,1.521421052,1.537210526,1.516157894,1.515947368
587,2.578947368,2.578947368,2.552631578,2.531578947,2.610526315,2.516157894,2.547736841,2.531947368,2.547736841,2.516157894,2.505421052
588,2.126315789,2.094736841,2.14736842,1.994736841,2.005263157,2.058263157,2.084578946,2.074052631,2.10036842,2.063526315,2.073842104
589,1.752631579,1.768421053,1.752631579,1.757894737,1.768421053,1.674052632,1.700368421,1.674052632,1.705631579,1.674052632,1.658052632
590,2.531578947,2.657894736,2.589473683,2.521052631,2.57368421,2.479315789,2.505631578,2.468789473,2.505631578,2.468789473,2.468578947
591,2.7,2.610526316,2.652631579,2.7,2.631578947,2.605631579,2.647736842,2.616157895,2.658263158,2.610894737,2.631736842
592,1.5,1.463157895,1.436842105,1.521052632,1.431578947,1.495105263,1.516157895,1.495105263,1.521421053,1.495105263,1.415947368
593,1.357894737,1.347368421,1.310526316,1.336842106,1.384210527,1.305631579,1.331947369,1.305631579,1.331947369,1.305631579,1.305421053
594,1.873684211,1.82631579,1.894736843,1.736842106,1.72631579,1.774052633,1.821421054,1.789842106,1.826684211,1.789842106,1.837000001
595,1.578947368,1.615789473,1.57368421,1.615789473,1.594736841,1.537210525,1.563526315,1.542473683,1.563526315,1.542473683,1.552789473
596,1.868421053,1.905263159,1.82631579,1.82631579,1.836842106,1.858263159,1.889842106,1.87931579,1.895105264,1.868789474,1.805421053
597,1.147368421,1.242105263,1.121052631,1.057894737,0.978947368,0.984578947,1.016157895,0.995105263,1.016157895,0.984578947,1.100157895
598,2.484210526,2.436842105,2.452631578,2.452631578,2.536842105,2.447736841,2.479315789,2.458263157,2.479315789,2.458263157,2.452789473
599,1.436842105,1.536842105,1.447368421,1.547368421,1.457894736,1.32668421,1.358263157,1.337210526,1.368789473,1.331947368,1.347526315
600,0.789473684,0.821052631,0.726315789,0.726315789,0.794736842,0.753,0.784578947,0.758263157,0.784578947,0.753,0.737
601,1.278947368,1.268421052,1.299999999,1.37368421,1.189473683,1.205631578,1.231947368,1.210894736,1.231947368,1.195105262,1.252789473
602,2.205263158,2.147368421,2.1,2,2.005263158,2.147736842,2.17931579,2.163526316,2.189842105,2.147736842,2.152789474
603,2.521052632,2.457894738,2.442105264,2.568421053,2.510526317,2.463526317,2.495105264,2.47931579,2.500368422,2.463526317,2.426473685
604,3.289473684,3.278947368,3.257894736,3.384210526,3.257894736,3.22668421,3.263526315,3.237210526,3.263526315,3.237210526,3.194894736
605,2.6,2.542105263,2.594736842,2.526315789,2.494736842,2.563526316,2.605631579,2.584578947,2.595105263,2.568789474,2.531736842
606,2.284210526,2.326315789,2.236842105,2.257894736,2.263157894,2.237210526,2.274052631,2.242473684,2.274052631,2.247736841,2.221210526
607,2.647368421,2.67368421,2.584210526,2.584210526,2.610526316,2.521421053,2.553,2.531947368,2.563526316,2.52668421,2.558052631
608,1.2,1.189473684,1.1,1.247368421,1.231578947,1.147736842,1.179315789,1.153,1.200368421,1.153,1.142263158
609,2.378947368,2.321052631,2.421052631,2.378947368,2.357894736,2.30036842,2.32668421,2.305631578,2.337210525,2.305631578,2.315947368
610,1.321052632,1.384210527,1.42631579,1.268421053,1.32631579,1.231947369,1.274052632,1.253000001,1.27931579,1.247736843,1.215947369
611,2.026315789,1.926315789,1.994736841,2.057894736,1.97368421,2.052999999,2.10036842,2.074052631,2.110894736,2.063526315,1.963315789
612,1.431578947,1.552631578,1.384210526,1.489473683,1.457894736,1.40036842,1.42668421,1.40036842,1.431947368,1.384578947,1.342263157
613,1.942105263,1.947368421,1.968421052,1.947368421,1.942105263,1.937210526,1.958263158,1.953,1.974052631,1.942473684,1.847526315
614,1.736842105,1.694736842,1.721052631,1.67368421,1.694736842,1.695105263,1.716157894,1.705631578,1.737210526,1.700368421,1.673842105
615,1.036842105,1.084210526,0.984210526,1.105263157,1.015789473,0.958263157,1.000368421,0.979315789,1.010894736,0.979315789,0.958052631
616,0.768421053,0.731578948,0.794736843,0.710526317,0.789473685,0.70563158,0.737210527,0.721421053,0.747736843,0.710894738,0.705421053
617,0.721052632,0.736842106,0.842105264,0.815789475,0.810526317,0.684578948,0.695105264,0.684578948,0.710894738,0.684578948,0.647526317
618,1.789473684,1.847368421,1.757894736,1.794736842,1.789473684,1.747736842,1.763526315,1.758263157,1.789842105,1.753,1.794894736
619,1.847368421,1.789473684,1.836842105,1.868421053,1.857894737,1.805631579,1.837210526,1.816157895,1.837210526,1.821421053,1.805421053
620,1.978947368,1.936842104,1.94736842,2.010526315,1.931578947,1.874052631,1.90036842,1.884578947,1.916157894,1.884578947,1.936999999
621,1.673684211,1.857894738,1.694736843,1.731578948,1.663157896,1.57931579,1.616157896,1.574052633,1.621421054,1.589842106,1.684368422
622,2.078947368,1.952631578,1.94736842,1.984210525,2.099999999,1.937210525,1.963526315,1.952999999,1.979315789,1.942473683,2.01068421
623,1.705263158,1.678947369,1.678947369,1.568421053,1.763157895,1.653,1.689842105,1.674052632,1.684578948,1.668789474,1.642263158
624,2.421052632,2.35263158,2.442105264,2.300000001,2.457894738,2.40563158,2.437210527,2.416157896,2.447736843,2.410894738,2.337000001
625,2.121052632,2.189473685,2.147368422,2.189473685,2.121052632,2.058263159,2.089842106,2.07931579,2.100368422,2.068789475,2.021210527
626,2.452631579,2.515789474,2.378947369,2.415789474,2.410526316,2.426684211,2.458263158,2.442473684,2.468789474,2.431947369,2.379105263
627,0.731578947,0.705263157,0.710526315,0.742105262,0.721052631,0.70036842,0.721421052,0.695105262,0.72668421,0.695105262,0.694894736
628,1.531578947,1.536842105,1.499999999,1.568421052,1.510526315,1.447736841,1.484578947,1.447736841,1.479315789,1.458263157,1.436999999
629,1.547368421,1.610526316,1.578947368,1.5,1.57368421,1.510894737,1.558263158,1.542473684,1.568789474,1.52668421,1.515947368
630,1.578947368,1.594736841,1.568421052,1.742105262,1.599999999,1.558263157,1.579315789,1.568789473,1.589842104,1.558263157,1.479105262
631,1.984210526,2.010526315,1.994736841,2.131578947,2.068421052,1.931947368,1.958263157,1.937210526,1.963526315,1.92668421,1.905421052
632,1.5,1.357894737,1.542105263,1.526315789,1.405263158,1.410894737,1.442473684,1.421421053,1.447736842,1.405631579,1.426473684
633,2.805263158,2.710526316,2.652631579,2.72631579,2.710526316,2.742473684,2.784578948,2.763526316,2.795105263,2.763526316,2.694894737
634,2.5,2.473684211,2.515789474,2.405263158,2.368421053,2.416157895,2.437210526,2.421421053,2.453,2.426684211,2.463315789
635,2.894736842,2.710526316,2.852631579,2.710526316,2.789473684,2.831947368,2.863526316,2.853,2.874052631,2.842473684,2.800157895
636,1.621052632,1.663157896,1.715789475,1.721052632,1.731578948,1.537210527,1.574052632,1.553000001,1.574052632,1.542473685,1.568578948
637,0.915789474,0.878947369,0.900000001,0.873684211,0.921052632,0.837210527,0.868789474,0.847736843,0.868789474,0.837210527,0.858052632
638,1.6,1.484210526,1.447368421,1.410526316,1.431578947,1.531947368,1.568789474,1.537210526,1.568789474,1.537210526,1.515947368
639,1.884210526,1.826315789,1.815789473,1.836842105,1.894736841,1.847736841,1.874052631,1.858263157,1.879315789,1.847736841,1.758052631
640,2.505263158,2.521052632,2.547368421,2.52631579,2.52631579,2.453,2.484578948,2.463526316,2.484578948,2.463526316,2.458052632
641,1.568421053,1.515789474,1.62631579,1.468421053,1.468421053,1.542473685,1.574052632,1.547736843,1.574052632,1.531947369,1.568578948
642,1.357894737,1.336842106,1.236842106,1.231578948,1.294736842,1.305631579,1.337210527,1.321421053,1.353,1.310894737,1.373842106
643,2.089473684,2.010526315,1.968421052,2.042105263,2.021052631,2.016157894,2.058263157,2.031947368,2.063526315,2.02668421,2.079105263
644,0.826315789,0.810526315,0.863157894,0.878947367,0.736842104,0.710894736,0.737210525,0.721421052,0.737210525,0.716157894,0.831736841
645,1.989473684,2.015789473,1.984210526,2.026315789,2.005263157,1.947736842,1.974052631,1.953,1.979315789,1.958263157,1.905421052
646,1.078947368,1.099999999,1.105263157,1.07368421,1.057894736,1.016157894,1.058263157,1.02668421,1.058263157,1.010894736,1.01068421
647,1.952631579,1.878947369,1.868421053,1.968421053,1.963157895,1.863526316,1.895105263,1.868789474,1.895105263,1.853,1.894894737
648,1.621052632,1.542105264,1.615789475,1.663157896,1.505263159,1.558263159,1.589842106,1.568789475,1.595105264,1.558263159,1.615947369
649,0.605263158,0.689473684,0.657894737,0.584210527,0.568421053,0.589842105,0.621421053,0.589842105,0.626684211,0.584578948,0.537
650,2.131578947,2.105263157,2.068421052,2.105263157,2.052631578,2.10036842,2.121421052,2.105631578,2.121421052,2.10036842,2.131736841
651,1.894736842,1.894736842,1.847368421,1.894736842,1.857894737,1.758263158,1.795105263,1.774052631,1.795105263,1.768789473,1.826473684
652,1.836842105,1.789473684,1.77368421,1.726315789,1.894736842,1.800368421,1.816157894,1.800368421,1.831947368,1.795105263,1.826473684
653,2.731578947,2.678947368,2.599999999,2.699999999,2.684210526,2.679315789,2.721421052,2.70036842,2.721421052,2.684578947,2.700157894
654,2.142105263,2.252631579,2.147368421,2.126315789,2.152631579,2.116157894,2.131947368,2.116157894,2.12668421,2.110894737,2.068578947
655,2.284210526,2.210526315,2.210526315,2.252631578,2.189473684,2.221421052,2.252999999,2.22668421,2.258263157,2.221421052,2.21068421
656,2.889473684,2.831578947,2.878947368,2.789473684,2.847368421,2.805631579,2.837210526,2.810894736,2.831947368,2.805631579,2.894894736
657,1.989473684,2.005263157,1.936842105,1.915789473,2.036842105,1.900368421,1.931947368,1.921421052,1.942473684,1.905631579,1.894894736
658,2.373684211,2.331578948,2.32631579,2.373684211,2.42631579,2.326684211,2.347736843,2.331947369,2.353000001,2.331947369,2.337000001
659,2.489473684,2.494736842,2.357894736,2.468421052,2.4,2.442473684,2.474052631,2.458263157,2.474052631,2.447736842,2.437
660,1.668421053,1.673684211,1.55263158,1.55263158,1.600000001,1.621421053,1.653000001,1.642473685,1.668789474,1.637210527,1.547526317
661,2.231578947,2.27368421,2.294736841,2.14736842,2.142105262,2.179315789,2.210894736,2.174052631,2.216157894,2.179315789,2.173842105
662,3.384210526,3.363157894,3.294736841,3.299999999,3.336842105,3.284578947,3.321421052,3.289842105,3.321421052,3.289842105,3.268578947
663,2.189473684,2.184210526,2.184210526,2.189473684,2.115789473,2.12668421,2.147736842,2.137210526,2.158263157,2.121421052,2.084368421
664,1.831578947,1.910526315,1.799999999,1.794736841,1.857894736,1.795105262,1.82668421,1.810894736,1.82668421,1.80036842,1.763315789
665,1.794736842,1.731578947,1.694736842,1.757894737,1.621052631,1.721421052,1.753,1.731947368,1.768789473,1.731947368,1.805421052
666,2.768421053,2.705263159,2.800000001,2.831578948,2.721052632,2.674052632,2.716157895,2.689842106,2.716157895,2.689842106,2.679105264
667,2.163157895,2.047368422,2.089473685,2.084210527,2.12631579,2.026684211,2.063526316,2.047736843,2.074052632,2.042473685,2.094894737
668,1.584210526,1.568421052,1.594736841,1.578947368,1.578947368,1.542473684,1.568789473,1.537210526,1.558263157,1.537210526,1.563315789
669,1.542105263,1.478947368,1.452631579,1.478947368,1.47368421,1.484578947,1.510894737,1.495105263,1.516157894,1.495105263,1.458052631
670,2.273684211,2.215789475,2.163157896,2.142105264,2.031578948,2.231947369,2.247736843,2.226684211,2.263526317,2.221421054,2.221210527
671,1.394736842,1.305263158,1.305263158,1.363157895,1.342105263,1.342473684,1.379315789,1.353,1.374052631,1.347736842,1.315947368
672,2.305263158,2.273684211,2.231578948,2.415789474,2.294736842,2.237210527,2.289842105,2.258263158,2.284578948,2.242473684,2.200157895
673,1.552631579,1.510526316,1.515789474,1.594736842,1.557894737,1.521421053,1.558263158,1.537210526,1.558263158,1.526684211,1.479105263
674,1.163157895,1.105263158,1.115789474,1.100000001,0.952631579,1.074052632,1.100368422,1.07931579,1.100368422,1.07931579,1.037000001
675,2.863157895,2.894736843,2.857894737,2.768421053,2.868421053,2.77931579,2.810894737,2.795105264,2.816157895,2.774052632,2.747526316
676,1.357894737,1.278947369,1.178947369,1.321052632,1.231578948,1.363526316,1.395105263,1.37931579,1.395105263,1.368789474,1.294894737
677,1.721052632,1.842105264,1.684210527,1.82631579,1.757894738,1.60563158,1.647736843,1.626684211,1.642473685,1.610894738,1.615947369
678,1.884210526,1.894736841,1.805263157,1.836842105,1.857894736,1.816157894,1.837210526,1.821421052,1.847736841,1.816157894,1.779105263
679,1.389473684,1.342105263,1.352631579,1.384210526,1.37368421,1.337210526,1.368789473,1.353,1.374052631,1.347736842,1.31068421
680,1.889473684,1.921052631,1.926315789,1.947368421,1.957894736,1.821421052,1.858263157,1.842473684,1.863526315,1.831947368,1.847526315
681,0.815789474,0.673684211,0.757894737,0.894736843,0.821052632,0.721421053,0.763526316,0.737210527,0.758263159,0.721421053,0.768578948
682,2.326315789,2.37368421,2.342105262,2.315789473,2.294736841,2.347736841,2.379315789,2.352999999,2.384578946,2.358263157,2.294894736
683,0.584210526,0.631578947,0.605263157,0.684210526,0.689473684,0.521421052,0.558263157,0.52668421,0.547736841,0.516157894,0.489631578
684,1.847368421,1.768421053,1.77368421,1.678947368,1.736842105,1.758263158,1.784578947,1.768789474,1.795105263,1.758263158,1.773842105
685,2.457894737,2.484210527,2.484210527,2.415789474,2.42631579,2.374052632,2.400368421,2.384578948,2.410894737,2.384578948,2.384368421
686,1.778947368,1.74736842,1.642105262,1.64736842,1.657894736,1.668789473,1.716157894,1.684578947,1.716157894,1.679315789,1.742263157
687,1.536842105,1.431578947,1.394736842,1.363157894,1.426315789,1.542473684,1.574052631,1.558263157,1.579315789,1.552999999,1.442263157
688,1.510526316,1.563157895,1.484210527,1.521052632,1.421052632,1.468789474,1.489842106,1.484578948,1.516157895,1.468789474,1.479105264
689,2.510526316,2.431578948,2.473684211,2.42631579,2.363157895,2.474052632,2.495105264,2.474052632,2.500368421,2.468789474,2.447526316
690,2.405263158,2.442105263,2.494736842,2.415789474,2.32631579,2.310894737,2.353,2.326684211,2.353,2.326684211,2.337
691,2.184210526,2.068421052,2.131578947,2.084210526,2.14736842,2.121421052,2.158263157,2.131947368,2.163526315,2.121421052,2.115947368
692,1.721052632,1.647368422,1.642105264,1.610526317,1.584210527,1.668789475,1.70563158,1.67931579,1.710894738,1.674052632,1.679105264
693,1.642105263,1.536842105,1.594736842,1.615789473,1.494736842,1.621421052,1.653,1.637210526,1.658263158,1.642473684,1.584368421
694,2.910526316,2.742105264,2.752631579,2.863157895,2.784210527,2.905631579,2.942473685,2.916157895,2.942473685,2.905631579,2.868578948
695,0.889473684,0.87368421,0.878947368,0.784210526,0.789473684,0.800368421,0.837210526,0.810894736,0.837210526,0.810894736,0.805421052
696,2.394736842,2.3,2.331578947,2.247368421,2.210526316,2.305631579,2.353,2.32668421,2.347736842,2.331947368,2.358052631
697,2.131578947,2.110526315,1.963157894,1.97368421,1.915789473,2.089842105,2.121421052,2.089842105,2.12668421,2.10036842,2.031736841
698,2.010526316,2.031578948,1.994736843,2.068421053,2.036842106,1.942473685,1.963526316,1.947736843,1.968789474,1.942473685,1.900157895
699,1.431578947,1.378947368,1.405263157,1.363157894,1.342105262,1.379315789,1.40036842,1.384578947,1.410894736,1.379315789,1.331736841
700,2,2.042105263,1.994736842,2.052631579,2.068421053,1.916157895,1.953,1.947736842,1.958263158,1.926684211,1.947526316
701,2.468421053,2.500000001,2.500000001,2.405263159,2.32631579,2.389842106,2.426684211,2.410894738,2.426684211,2.410894738,2.431736843
702,1.821052632,1.747368422,1.600000001,1.694736843,1.757894738,1.747736843,1.768789475,1.763526317,1.789842106,1.753000001,1.747526317
703,1.536842105,1.336842105,1.399999999,1.357894736,1.326315789,1.474052631,1.505631578,1.479315789,1.505631578,1.484578947,1.479105263
704,1.268421053,1.247368422,1.184210527,1.100000001,1.131578948,1.237210527,1.268789474,1.258263159,1.27931579,1.242473685,1.231736843
705,2.305263158,2.263157895,2.221052632,2.342105263,2.284210527,2.247736842,2.274052632,2.247736842,2.27931579,2.253,2.242263158
706,1.726315789,1.657894736,1.531578946,1.563157894,1.568421052,1.731947367,1.763526315,1.737210525,1.768789473,1.737210525,1.721210525
707,2.084210526,2.094736841,1.989473684,2.115789473,2.07368421,2.005631578,2.037210526,2.005631578,2.042473684,2.010894736,1.973842105
708,1.321052632,1.278947369,1.221052632,1.163157896,1.110526317,1.268789475,1.300368422,1.284578948,1.316157896,1.27931579,1.284368422
709,1.552631579,1.436842105,1.42631579,1.610526316,1.473684211,1.516157895,1.547736842,1.521421053,1.542473684,1.521421053,1.505421053
710,1.821052632,1.815789475,1.789473685,1.921052632,1.821052632,1.721421053,1.763526317,1.737210527,1.763526317,1.731947369,1.76331579
711,2.294736842,2.231578947,2.215789473,2.231578947,2.147368421,2.263526316,2.289842105,2.279315789,2.300368421,2.268789473,2.268578947
712,2.973684211,2.889473685,2.878947369,2.85263158,2.889473685,2.995105264,3.010894738,3.00563158,3.031947369,2.995105264,2.884368422
713,1.742105263,1.789473684,1.857894737,1.7,1.752631579,1.731947368,1.753,1.737210526,1.758263158,1.721421052,1.737
714,1.805263158,1.615789474,1.610526316,1.6,1.7,1.731947369,1.753,1.737210527,1.758263158,1.726684211,1.831736842
715,1.484210526,1.384210526,1.47368421,1.34736842,1.37368421,1.42668421,1.468789473,1.442473684,1.458263157,1.437210526,1.41068421
716,1.431578947,1.389473683,1.499999999,1.452631578,1.363157894,1.374052631,1.410894736,1.389842105,1.416157894,1.384578947,1.352789473
717,1.736842105,1.621052631,1.668421052,1.684210526,1.721052631,1.716157894,1.747736842,1.731947368,1.752999999,1.716157894,1.668578947
718,2.115789474,2.078947369,2.057894737,2.089473685,2.021052632,2.037210527,2.058263159,2.047736843,2.063526316,2.031947369,2.047526316
719,1.352631579,1.305263158,1.389473684,1.347368421,1.284210526,1.305631579,1.331947369,1.310894737,1.347736842,1.300368421,1.279105263
720,1.768421053,1.736842106,1.642105264,1.642105264,1.705263159,1.77931579,1.810894738,1.784578948,1.821421053,1.789842106,1.76331579
721,2.136842105,2.07368421,2.157894736,2.110526315,2.042105263,2.068789473,2.089842105,2.074052631,2.100368421,2.068789473,2.105421052
722,2.426315789,2.415789473,2.37368421,2.421052631,2.378947367,2.32668421,2.368789473,2.352999999,2.379315789,2.342473683,2.394894736
723,1.868421053,1.842105264,1.847368422,1.900000001,1.794736843,1.77931579,1.810894738,1.789842106,1.826684211,1.789842106,1.78963158
724,1.1,1.1,1.063157895,1.078947368,1.010526316,1.058263158,1.084578947,1.074052632,1.089842105,1.058263158,1.026473684
725,1.457894737,1.521052632,1.431578948,1.515789474,1.457894737,1.374052632,1.410894737,1.374052632,1.410894737,1.37931579,1.373842106
726,1.484210526,1.54736842,1.384210526,1.426315789,1.442105263,1.352999999,1.395105263,1.374052631,1.395105263,1.368789473,1.41068421
727,2.1,2.031578947,2,2.089473684,2,2.021421053,2.058263158,2.021421053,2.047736842,2.026684211,2.073842105
728,2.136842105,2.063157894,2.052631578,2.010526315,2.052631578,2.074052631,2.105631578,2.089842105,2.12668421,2.095105263,2.021210526
729,1.752631579,1.715789474,1.705263158,1.663157895,1.589473684,1.721421053,1.753,1.737210526,1.758263158,1.731947369,1.679105263
730,2.247368421,2.215789474,2.105263158,2.2,2.2,2.100368421,2.12668421,2.110894737,2.131947368,2.105631579,2.147526316
731,2.368421053,2.300000001,2.236842106,2.305263159,2.221052632,2.221421053,2.263526317,2.237210527,2.258263159,2.237210527,2.294894738
732,1.742105263,1.768421052,1.742105263,1.805263158,1.726315789,1.658263158,1.700368421,1.689842105,1.705631579,1.668789473,1.689631579
733,1.705263158,1.678947369,1.721052632,1.72631579,1.773684211,1.67931579,1.705631579,1.684578948,1.710894737,1.674052632,1.684368421
734,1.089473684,1.015789473,0.968421052,0.952631579,0.905263157,1.047736842,1.068789473,1.047736842,1.074052631,1.042473684,1.052789473
735,1.636842105,1.526315789,1.389473684,1.384210526,1.542105263,1.558263157,1.589842105,1.574052631,1.605631578,1.563526315,1.542263157
736,1.405263158,1.436842105,1.310526316,1.315789474,1.310526316,1.342473684,1.384578948,1.363526316,1.384578948,1.358263158,1.347526316
737,2.363157895,2.394736843,2.357894737,2.310526316,2.336842106,2.284578948,2.310894737,2.284578948,2.316157895,2.284578948,2.252789474
738,2.5,2.578947368,2.631578947,2.652631579,2.652631579,2.437210526,2.474052632,2.458263158,2.468789474,2.447736842,2.426473684
739,2.078947368,2.131578947,2.163157894,2.199999999,2.131578947,2.00036842,2.047736841,2.021421052,2.047736841,2.010894736,2.01068421
740,1.521052632,1.415789475,1.378947369,1.431578948,1.521052632,1.410894738,1.447736843,1.437210527,1.453000001,1.426684211,1.479105264
741,1.310526316,1.257894737,1.305263158,1.284210527,1.284210527,1.226684211,1.268789474,1.231947369,1.268789474,1.237210527,1.194894737
742,0.710526316,0.668421053,0.557894737,0.536842106,0.557894737,0.658263158,0.689842106,0.663526316,0.695105264,0.658263158,0.673842106
743,2.057894737,2.021052632,1.963157895,1.82631579,1.947368421,2.037210527,2.068789474,2.058263158,2.074052632,2.047736842,2.031736842
744,1.857894737,1.889473685,1.894736842,1.842105263,1.905263158,1.795105263,1.837210527,1.816157895,1.837210527,1.810894737,1.768578948
745,2.2,2.2,2.257894737,2.252631579,2.110526316,2.116157895,2.147736842,2.131947368,2.153,2.121421053,2.105421053
746,2.489473684,2.510526315,2.357894736,2.484210526,2.463157894,2.410894736,2.458263157,2.431947368,2.442473684,2.421421052,2.484368421
747,1.168421053,1.100000001,1.089473685,1.047368422,1.163157895,1.126684211,1.147736843,1.131947369,1.163526317,1.131947369,1.100157895
748,2.452631579,2.389473684,2.473684211,2.347368421,2.357894737,2.405631579,2.426684211,2.410894737,2.426684211,2.400368421,2.405421053
749,1.431578947,1.489473683,1.468421052,1.384210526,1.442105262,1.384578947,1.40036842,1.384578947,1.410894736,1.384578947,1.363315789
750,2.194736842,2.247368421,2.1,2.163157895,2.084210526,2.131947368,2.153,2.137210526,2.158263158,2.12668421,2.200157895
751,2.231578947,2.015789473,2.121052631,2.163157894,2.157894736,2.137210526,2.168789473,2.152999999,2.168789473,2.147736841,2.147526315
752,1.947368421,1.952631579,1.984210526,1.87368421,1.910526316,1.831947368,1.868789474,1.842473684,1.874052631,1.837210526,1.884368421
753,2.894736842,2.710526316,2.710526316,2.789473684,2.726315789,2.868789473,2.895105263,2.889842105,2.910894737,2.879315789,2.831736842
754,2.284210526,2.268421052,2.321052631,2.242105263,2.215789473,2.210894736,2.237210526,2.210894736,2.242473684,2.210894736,2.189631578
755,0.973684211,0.910526317,0.85263158,0.85263158,0.857894738,0.900368422,0.926684211,0.90563158,0.937210527,0.900368422,0.900157896
756,1.994736842,1.942105263,1.978947368,2.010526316,1.863157895,1.889842105,1.916157895,1.895105263,1.916157895,1.900368421,1.900157895
757,1.468421053,1.542105264,1.45263158,1.505263159,1.478947369,1.389842106,1.410894738,1.395105264,1.410894738,1.384578948,1.405421053
758,1.736842105,1.768421052,1.805263157,1.678947368,1.799999999,1.684578947,1.72668421,1.700368421,1.731947368,1.695105263,1.679105263
759,2.026315789,1.805263157,1.94736842,1.963157894,1.957894736,1.942473683,1.974052631,1.947736841,1.968789473,1.952999999,1.98436842
760,1.689473684,1.578947368,1.563157894,1.652631579,1.605263157,1.642473684,1.674052631,1.658263157,1.684578947,1.647736842,1.652789473
761,1.247368421,1.147368421,1.152631579,1.184210526,1.047368421,1.205631579,1.22668421,1.216157895,1.237210526,1.210894737,1.237
762,1.515789474,1.442105264,1.447368422,1.478947369,1.505263159,1.442473685,1.468789474,1.447736843,1.468789474,1.447736843,1.500157895
763,1.063157895,0.994736843,1.047368422,1.031578948,1.021052632,0.942473685,0.963526316,0.953000001,0.97931579,0.942473685,1.021210527
764,1.726315789,1.763157894,1.721052631,1.684210525,1.689473683,1.605631578,1.637210525,1.62668421,1.647736841,1.616157894,1.631736841
765,2.789473684,2.789473684,2.731578947,2.757894736,2.684210526,2.742473684,2.763526315,2.747736842,2.779315789,2.737210526,2.705421052
766,1.878947368,1.878947368,1.821052631,1.842105262,1.799999999,1.831947368,1.852999999,1.837210525,1.863526315,1.831947368,1.794894736
767,2.031578947,1.984210526,2.031578947,1.97368421,2.010526315,2.010894736,2.031947368,2.010894736,2.042473683,2.010894736,1.947526315
768,2.052631579,1.863157895,1.794736842,1.9,1.8,1.974052632,2.010894737,1.989842105,2.005631579,1.97931579,1.968578947
769,1.778947368,1.699999999,1.794736841,1.757894736,1.710526315,1.710894736,1.747736841,1.731947368,1.731947368,1.716157894,1.721210525
770,1.773684211,1.631578948,1.705263159,1.636842106,1.657894738,1.710894738,1.742473685,1.716157896,1.753000001,1.726684211,1.726473685
771,0.626315789,0.636842104,0.521052631,0.621052631,0.552631578,0.584578946,0.616157894,0.60036842,0.631947367,0.595105262,0.589631578
772,1.410526316,1.468421053,1.447368421,1.389473685,1.32631579,1.347736843,1.368789474,1.347736843,1.374052632,1.347736843,1.373842106
773,2.168421053,2.142105264,2.115789474,2.142105264,2.15263158,2.084578948,2.110894738,2.10563158,2.121421053,2.095105264,2.121210527
774,1.7,1.689473684,1.721052632,1.615789474,1.642105263,1.626684211,1.658263158,1.631947368,1.658263158,1.621421053,1.668578947
775,1.305263158,1.136842105,1.257894737,1.131578948,1.189473684,1.153,1.184578948,1.163526316,1.195105263,1.163526316,1.247526316
776,1.563157895,1.600000001,1.589473685,1.694736843,1.510526316,1.489842106,1.510894737,1.484578948,1.516157895,1.489842106,1.479105264
777,1.789473684,1.763157894,1.831578947,1.684210526,1.694736842,1.758263157,1.784578947,1.768789473,1.789842105,1.758263157,1.81068421
778,1.421052632,1.45263158,1.436842106,1.442105264,1.389473685,1.358263159,1.400368422,1.37931579,1.395105264,1.363526317,1.331736843
779,2.378947368,2.399999999,2.47368421,2.357894736,2.37368421,2.30036842,2.342473683,2.310894736,2.358263157,2.321421052,2.347526315
780,1.052631579,1.131578947,1.084210526,1.005263158,1.131578947,0.97931579,1.000368421,0.984578947,1.016157895,0.984578947,0.921210526
781,1.689473684,1.657894736,1.636842105,1.678947368,1.631578947,1.616157894,1.658263157,1.631947368,1.653,1.631947368,1.589631579
782,1.573684211,1.689473685,1.710526317,1.657894738,1.536842106,1.526684211,1.563526317,1.542473685,1.553000001,1.537210527,1.531736843
783,2.494736842,2.363157895,2.552631579,2.426315789,2.347368421,2.421421052,2.447736842,2.437210526,2.463526316,2.421421052,2.463315789
784,3.026315789,2.921052631,2.863157894,2.863157894,2.842105262,2.995105262,3.037210525,3.010894736,3.037210525,3.010894736,2.98436842
785,1.584210526,1.605263157,1.505263157,1.457894736,1.47368421,1.547736841,1.584578947,1.568789473,1.589842105,1.558263157,1.468578947
786,2.163157895,2.115789474,2.157894737,2.121052632,2.147368422,2.095105264,2.131947369,2.116157895,2.126684211,2.105631579,2.152789474
787,2.168421053,2.163157895,2.057894738,2.210526317,2.12631579,2.089842106,2.126684211,2.10563158,2.131947369,2.100368422,2.068578948
788,1.5,1.368421053,1.415789474,1.4,1.447368421,1.416157895,1.447736842,1.431947368,1.453,1.426684211,1.400157895
789,2.268421053,2.268421053,2.278947369,2.136842106,2.215789474,2.195105264,2.231947369,2.20563158,2.237210527,2.200368422,2.221210527
790,2.189473684,2.205263157,2.189473684,2.105263157,2.015789473,2.079315789,2.105631579,2.084578947,2.105631579,2.074052631,2.105421052
791,1.868421053,1.82631579,1.747368422,1.715789474,1.694736843,1.837210527,1.87931579,1.858263159,1.884578948,1.853000001,1.758052632
792,3.131578947,3.215789473,3.157894736,3.131578947,3.215789473,3.074052631,3.10036842,3.079315789,3.105631578,3.068789473,3.073842105
793,1.942105263,1.936842105,1.857894737,1.978947368,1.905263158,1.879315789,1.905631579,1.884578947,1.900368421,1.884578947,1.900157894
794,1.968421053,2.021052632,1.978947369,2.000000001,2.089473685,1.926684211,1.947736843,1.937210527,1.947736843,1.926684211,1.926473685
795,1.857894737,1.92631579,1.863157895,1.82631579,1.752631579,1.805631579,1.837210527,1.821421053,1.842473685,1.816157895,1.721210527
796,1.426315789,1.54736842,1.515789473,1.54736842,1.484210525,1.32668421,1.352999999,1.331947367,1.358263157,1.342473683,1.38436842
797,1.447368421,1.310526316,1.326315789,1.368421053,1.294736842,1.363526316,1.400368421,1.379315789,1.395105263,1.368789474,1.426473684
798,1.342105263,1.284210526,1.178947368,1.194736842,1.178947368,1.274052631,1.305631579,1.279315789,1.321421052,1.284578947,1.300157894
799,1.926315789,1.894736841,1.857894736,1.863157894,1.878947367,1.852999999,1.884578946,1.863526315,1.889842104,1.863526315,1.847526315
800,1.910526316,1.957894737,1.889473685,1.889473685,1.873684211,1.868789474,1.889842106,1.884578948,1.895105264,1.868789474,1.873842106
801,1.7,1.7,1.526315789,1.573684211,1.642105263,1.637210526,1.668789474,1.631947368,1.668789474,1.637210526,1.631736842
802,1.763157895,1.863157895,1.831578948,1.768421053,1.731578948,1.67931579,1.700368422,1.684578948,1.705631579,1.674052632,1.673842106
803,2.342105263,2.278947368,2.184210526,2.236842105,2.247368421,2.284578947,2.305631579,2.284578947,2.32668421,2.284578947,2.300157894
804,1.578947368,1.594736841,1.652631578,1.599999999,1.578947368,1.521421052,1.558263157,1.531947368,1.552999999,1.52668421,1.463315789
805,1.878947368,1.836842104,1.87368421,1.926315789,1.857894736,1.863526315,1.895105262,1.858263157,1.889842104,1.863526315,1.800157894
806,2.221052632,2.273684211,2.178947369,2.221052632,2.178947369,2.10563158,2.137210527,2.116157896,2.147736843,2.10563158,2.137000001
807,1.647368421,1.684210526,1.547368421,1.568421053,1.594736842,1.531947368,1.553,1.531947368,1.553,1.52668421,1.552789474
808,1.378947368,1.399999999,1.27368421,1.34736842,1.34736842,1.295105262,1.321421052,1.30036842,1.331947368,1.305631578,1.342263157
809,1.863157895,1.863157895,1.92631579,1.910526316,1.763157895,1.774052632,1.805631579,1.795105264,1.810894737,1.789842106,1.826473685
810,1.557894737,1.452631579,1.5,1.484210527,1.473684211,1.47931579,1.516157895,1.495105263,1.516157895,1.484578948,1.494894737
811,1.631578947,1.715789473,1.621052631,1.694736841,1.621052631,1.574052631,1.60036842,1.579315789,1.605631578,1.579315789,1.558052631
812,1.589473684,1.526315789,1.431578947,1.531578947,1.468421052,1.510894736,1.537210526,1.521421052,1.531947368,1.505631579,1.542263157
813,1.5,1.5,1.621052632,1.457894737,1.494736842,1.421421053,1.458263158,1.431947368,1.463526316,1.426684211,1.431736842
814,1.589473684,1.547368421,1.568421052,1.536842105,1.557894736,1.505631579,1.547736842,1.52668421,1.547736842,1.516157894,1.537
815,1.215789474,1.236842106,1.247368422,1.263157895,1.215789474,1.147736843,1.184578948,1.163526316,1.195105264,1.158263159,1.137000001
816,2.3,2.305263158,2.247368421,2.2,2.215789474,2.310894737,2.342473684,2.316157895,2.353,2.321421053,2.294894737
817,1.642105263,1.626315789,1.57368421,1.663157894,1.642105263,1.542473684,1.589842105,1.553,1.600368421,1.563526315,1.563315789
818,1.842105263,1.742105263,1.694736842,1.747368421,1.652631579,1.768789473,1.800368421,1.784578947,1.800368421,1.774052631,1.773842105
819,1.589473684,1.615789473,1.663157894,1.494736842,1.610526315,1.500368421,1.52668421,1.516157894,1.547736842,1.500368421,1.584368421
820,1.978947368,1.699999999,1.678947368,1.77368421,1.831578947,1.937210525,1.963526315,1.947736841,1.974052631,1.942473683,1.942263157
821,1.778947368,1.794736841,1.694736841,1.784210525,1.699999999,1.758263157,1.779315789,1.768789473,1.795105262,1.758263157,1.768578947
822,1.852631579,1.852631579,1.768421053,1.773684211,1.921052632,1.747736842,1.784578947,1.768789474,1.784578947,1.758263158,1.826473684
823,1.705263158,1.615789474,1.673684211,1.731578948,1.684210527,1.631947369,1.647736842,1.621421053,1.658263158,1.621421053,1.705421053
824,1.268421053,1.242105264,1.268421053,1.221052632,1.231578948,1.17931579,1.216157895,1.184578948,1.20563158,1.184578948,1.179105264
825,2.178947368,2.17368421,2.089473683,2.178947368,2.052631578,2.110894736,2.142473683,2.121421052,2.152999999,2.121421052,2.058052631
826,1.621052632,1.684210527,1.563157896,1.500000001,1.568421053,1.595105264,1.621421053,1.595105264,1.616157896,1.600368422,1.547526317
827,2.668421053,2.594736843,2.731578948,2.621052632,2.663157895,2.57931579,2.60563158,2.595105264,2.626684211,2.584578948,2.58963158
828,1.821052632,1.842105264,1.836842106,1.757894738,1.800000001,1.737210527,1.774052632,1.758263159,1.774052632,1.747736843,1.752789475
829,2.663157895,2.605263158,2.631578948,2.657894737,2.573684211,2.600368422,2.631947369,2.605631579,2.626684211,2.595105264,2.573842106
830,2.673684211,2.663157896,2.62631579,2.605263159,2.694736843,2.595105264,2.626684211,2.616157896,2.637210527,2.60563158,2.626473685
831,2.5,2.415789474,2.478947368,2.4,2.4,2.442473684,2.479315789,2.453,2.479315789,2.442473684,2.426473684
832,1.626315789,1.489473683,1.54736842,1.594736841,1.526315789,1.521421052,1.558263157,1.537210525,1.568789473,1.531947367,1.547526315
833,2.021052632,1.994736843,1.984210527,2.02631579,2.042105264,1.963526317,2.000368422,1.974052632,2.00563158,1.984578948,2.010684211
834,1.678947368,1.689473683,1.657894736,1.789473683,1.705263157,1.647736841,1.684578947,1.663526315,1.684578947,1.658263157,1.642263157
835,1.852631579,1.773684211,1.742105263,1.731578947,1.810526316,1.821421053,1.853,1.826684211,1.858263158,1.821421053,1.800157895
836,1.284210526,1.326315789,1.289473684,1.305263157,1.210526315,1.221421052,1.252999999,1.231947368,1.252999999,1.237210526,1.189631578
837,2.352631579,2.468421053,2.342105263,2.442105263,2.268421053,2.305631579,2.337210526,2.310894737,2.337210526,2.305631579,2.321210526
838,2.321052632,2.35263158,2.310526317,2.294736843,2.200000001,2.274052632,2.300368422,2.274052632,2.30563158,2.263526317,2.226473685
839,1.568421053,1.510526317,1.484210527,1.673684211,1.542105264,1.474052632,1.50563158,1.468789474,1.50563158,1.47931579,1.515947369
840,1.5,1.5,1.378947368,1.410526316,1.378947368,1.410894737,1.442473684,1.426684211,1.447736842,1.421421053,1.405421053
841,1.326315789,1.289473683,1.205263157,1.121052631,1.315789473,1.310894736,1.342473683,1.32668421,1.337210525,1.305631578,1.242263157
842,1.457894737,1.457894737,1.484210527,1.489473685,1.452631579,1.353,1.389842106,1.368789474,1.389842106,1.358263158,1.431736842
843,2.152631579,2.12631579,2.084210526,2.073684211,2.163157895,2.026684211,2.063526316,2.042473684,2.063526316,2.031947369,2.115947369
844,2.652631579,2.573684211,2.684210526,2.684210526,2.642105263,2.626684211,2.658263158,2.637210526,2.668789474,2.626684211,2.579105263
845,1.436842105,1.352631578,1.347368421,1.347368421,1.431578947,1.363526315,1.395105263,1.374052631,1.400368421,1.374052631,1.379105263
846,1.010526316,0.947368421,0.957894737,1.021052632,0.868421053,0.916157895,0.942473685,0.916157895,0.931947369,0.905631579,0.915947369
847,2.389473684,2.521052631,2.389473684,2.405263157,2.410526315,2.316157894,2.331947368,2.316157894,2.342473684,2.310894736,2.363315789
848,1.205263158,1.315789474,1.3,1.315789474,1.3,1.184578948,1.210894737,1.184578948,1.216157895,1.189842105,1.137
849,1.363157895,1.347368422,1.289473685,1.32631579,1.32631579,1.326684211,1.363526316,1.347736843,1.374052632,1.342473685,1.252789474
850,0.826315789,0.836842104,0.768421052,0.799999999,0.831578946,0.758263157,0.805631578,0.779315789,0.80036842,0.779315789,0.800157894
851,1.8,1.789473684,1.789473684,1.773684211,1.794736842,1.716157895,1.753,1.721421053,1.758263158,1.721421053,1.715947368
852,2.194736842,2.226315789,2.263157895,2.321052631,2.221052631,2.100368421,2.131947368,2.116157895,2.147736842,2.110894737,2.126473684
853,1.073684211,1.015789475,1.02631579,1.063157896,0.942105264,1.031947369,1.058263159,1.037210527,1.063526317,1.042473685,1.031736843
854,2.015789474,2.057894737,2.110526316,2.194736843,2.131578948,1.947736843,1.97931579,1.947736843,1.984578948,1.937210527,2.005421053
855,0.578947368,0.642105262,0.589473683,0.568421052,0.636842104,0.505631578,0.542473683,0.516157894,0.542473683,0.516157894,0.51068421
856,1.815789474,1.684210527,1.715789474,1.694736843,1.605263159,1.737210527,1.774052632,1.758263159,1.774052632,1.747736843,1.715947369
857,1.578947368,1.599999999,1.589473683,1.621052631,1.589473683,1.537210525,1.574052631,1.558263157,1.574052631,1.547736841,1.51068421
858,1.973684211,2.089473685,1.942105264,1.936842106,2.015789475,1.931947369,1.968789475,1.937210527,1.963526317,1.947736843,1.926473685
859,2.394736842,2.384210526,2.363157895,2.394736842,2.284210526,2.358263158,2.379315789,2.363526316,2.395105263,2.363526316,2.358052631
860,2.005263158,1.968421053,2.021052632,2.042105263,2.073684211,1.958263158,1.984578948,1.974052632,1.995105263,1.968789474,1.942263158
861,2.105263158,2.247368421,2.110526316,2.163157895,2.063157895,1.995105263,2.031947369,2.010894737,2.031947369,2.000368421,2.068578948
862,1.863157895,1.836842106,1.752631579,1.821052632,1.821052632,1.847736843,1.868789474,1.842473685,1.87931579,1.837210527,1.742263158
863,1.126315789,1.094736841,1.04736842,1.07368421,1.14736842,1.121421052,1.163526315,1.142473683,1.163526315,1.137210525,1.063315789
864,1.984210526,1.968421052,1.936842105,1.931578947,2.015789473,1.868789473,1.905631578,1.884578947,1.90036842,1.879315789,1.968578947
865,2.226315789,2.289473683,2.257894736,2.284210525,2.221052631,2.121421052,2.158263157,2.12668421,2.163526315,2.131947367,2.163315789
866,2.252631579,2.336842105,2.215789474,2.252631579,2.184210526,2.174052632,2.200368421,2.184578947,2.200368421,2.17931579,2.221210526
867,1.505263158,1.421052632,1.478947369,1.494736842,1.389473684,1.410894737,1.447736842,1.416157895,1.453,1.421421053,1.426473684
868,1.536842105,1.599999999,1.578947368,1.499999999,1.447368421,1.474052631,1.521421052,1.489842105,1.516157894,1.484578947,1.484368421
869,2.2,2.236842105,2.184210526,2.173684211,2.173684211,2.195105263,2.231947368,2.200368421,2.226684211,2.189842105,2.152789474
870,1.489473684,1.457894736,1.442105263,1.47368421,1.510526315,1.363526315,1.395105263,1.384578947,1.400368421,1.374052631,1.484368421
871,1.910526316,1.778947369,1.8,1.784210527,1.810526316,1.805631579,1.826684211,1.805631579,1.821421053,1.795105264,1.810684211
872,2.368421053,2.410526317,2.347368422,2.305263159,2.257894738,2.326684211,2.347736843,2.337210527,2.353000001,2.326684211,2.294894738
873,2.373684211,2.389473685,2.273684211,2.300000001,2.305263159,2.30563158,2.342473685,2.321421054,2.347736843,2.310894738,2.294894738
874,2.036842105,1.968421052,1.968421052,1.857894736,1.963157894,1.974052631,2.000368421,1.974052631,2.000368421,1.974052631,2.026473684
875,1.431578947,1.336842105,1.257894736,1.326315789,1.24736842,1.363526315,1.395105262,1.368789473,1.40036842,1.368789473,1.352789473
876,1.763157895,1.805263158,1.836842106,1.778947369,1.810526316,1.705631579,1.726684211,1.710894737,1.742473685,1.700368422,1.673842106
877,1.936842105,1.936842105,1.894736842,1.97368421,1.999999999,1.905631578,1.947736842,1.92668421,1.942473684,1.910894736,1.873842105
878,0.273684211,0.221052633,0.073684211,0.131578948,0.184210527,0.184578948,0.221421054,0.195105264,0.221421054,0.195105264,0.242263159
879,2.815789474,2.65263158,2.731578948,2.631578948,2.694736843,2.689842106,2.721421053,2.684578948,2.721421053,2.689842106,2.752789474
880,2.1,2.131578947,2.021052632,2.047368421,2.010526316,2.100368421,2.131947368,2.116157895,2.131947368,2.105631579,2.063315789
881,2.178947368,2.168421052,2.036842104,2.157894736,2.268421052,2.047736841,2.084578947,2.068789473,2.10036842,2.074052631,2.115947368
882,2.415789474,2.347368422,2.405263159,2.310526316,2.436842106,2.331947369,2.358263159,2.347736843,2.363526316,2.342473685,2.352789474
883,2.110526316,2.015789474,1.994736843,2.073684211,2.063157895,2.042473685,2.07931579,2.063526316,2.089842106,2.042473685,2.058052632
884,2.305263158,2.384210527,2.3,2.331578948,2.257894737,2.221421053,2.268789474,2.231947369,2.258263158,2.231947369,2.247526316
885,1.315789474,1.321052632,1.363157895,1.289473685,1.189473685,1.268789474,1.295105264,1.27931579,1.300368422,1.274052632,1.268578948
886,2.263157895,2.268421053,2.22631579,2.200000001,2.210526316,2.131947369,2.168789474,2.142473685,2.163526316,2.131947369,2.158052632
887,2.957894737,2.989473685,3.010526316,3.005263158,2.963157895,2.942473685,2.968789474,2.947736842,2.968789474,2.937210527,2.86331579
888,1.526315789,1.531578946,1.642105262,1.536842104,1.499999999,1.463526315,1.50036842,1.474052631,1.505631578,1.474052631,1.379105262
889,1.794736842,1.757894737,1.794736842,1.757894737,1.721052631,1.72668421,1.763526316,1.747736842,1.768789473,1.742473684,1.679105263
890,2.915789474,2.831578948,2.921052632,2.968421053,2.936842106,2.842473685,2.884578948,2.853000001,2.895105264,2.858263159,2.826473685
891,2.163157895,2.147368422,2.036842106,2.12631579,2.12631579,2.116157895,2.137210527,2.121421053,2.147736843,2.126684211,2.084368422
892,3.073684211,3.005263159,3.05263158,3.084210527,3.047368422,3.016157896,3.031947369,3.016157896,3.042473685,3.016157896,3.042263159
893,1.447368421,1.47368421,1.468421053,1.47368421,1.5,1.353,1.384578947,1.358263158,1.384578947,1.353,1.41068421
894,1.594736842,1.678947368,1.610526316,1.684210526,1.584210526,1.495105263,1.516157895,1.500368421,1.542473684,1.500368421,1.51068421
895,1.515789474,1.531578948,1.45263158,1.447368422,1.394736843,1.453000001,1.484578948,1.458263159,1.47931579,1.453000001,1.431736843
896,1.952631579,1.936842105,2.036842105,1.984210526,2.015789474,1.900368421,1.921421053,1.910894737,1.931947369,1.910894737,1.921210526
897,2.421052632,2.447368422,2.431578948,2.415789475,2.347368422,2.30563158,2.331947369,2.321421053,2.347736843,2.30563158,2.400157896
898,0.431578947,0.44736842,0.431578947,0.315789473,0.352631578,0.368789473,0.395105262,0.363526315,0.395105262,0.352999999,0.415947368
899,1.242105263,1.221052631,1.189473684,1.189473684,1.221052631,1.163526315,1.189842105,1.174052631,1.200368421,1.163526315,1.142263158
900,1.7,1.815789474,1.778947368,1.878947368,1.778947368,1.663526316,1.705631579,1.679315789,1.705631579,1.668789474,1.694894737
901,2.310526316,2.410526316,2.294736843,2.394736843,2.278947369,2.326684211,2.358263158,2.353,2.374052632,2.337210527,2.279105264
902,1.842105263,1.794736842,1.67368421,1.731578947,1.678947368,1.816157894,1.853,1.82668421,1.858263158,1.821421052,1.752789473
903,1.910526316,1.805263158,1.847368421,1.8,1.852631579,1.842473685,1.874052632,1.847736843,1.884578948,1.847736843,1.910684211
904,1.289473684,1.363157894,1.37368421,1.336842105,1.236842105,1.22668421,1.253,1.237210526,1.274052631,1.247736842,1.252789473
905,1.773684211,1.678947369,1.636842106,1.705263159,1.72631579,1.747736843,1.795105264,1.763526317,1.795105264,1.763526317,1.684368422
906,1.610526316,1.652631579,1.510526316,1.563157895,1.547368421,1.605631579,1.642473685,1.616157895,1.653,1.616157895,1.542263158
907,1.7,1.905263158,1.815789474,1.721052632,1.8,1.631947368,1.663526316,1.642473684,1.679315789,1.637210526,1.652789474
908,1.315789474,1.289473685,1.42631579,1.415789474,1.257894737,1.189842106,1.226684211,1.210894737,1.221421053,1.200368422,1.273842106
909,2.336842105,2.263157894,2.194736842,2.268421052,2.252631578,2.247736842,2.274052631,2.247736842,2.284578947,2.242473684,2.263315789
910,2.063157895,2.047368422,1.989473685,2.084210527,2.094736843,1.968789474,2.005631579,1.989842106,2.016157895,1.97931579,1.968578948
911,1.363157895,1.310526316,1.421052632,1.394736843,1.368421053,1.305631579,1.337210527,1.305631579,1.331947369,1.305631579,1.315947369
912,2.352631579,2.415789474,2.368421053,2.394736842,2.384210526,2.231947369,2.258263158,2.247736842,2.268789474,2.242473684,2.331736842
913,0.510526316,0.352631579,0.4,0.368421053,0.489473685,0.453,0.484578948,0.463526316,0.489842106,0.463526316,0.442263158
914,1.852631579,1.963157895,1.905263158,1.989473684,1.984210526,1.800368421,1.816157895,1.805631579,1.837210526,1.800368421,1.794894737
915,2.489473684,2.478947368,2.410526315,2.326315789,2.331578947,2.468789473,2.500368421,2.468789473,2.505631579,2.463526315,2.458052631
916,1.110526316,1.12631579,1.031578948,1.047368421,1.084210527,0.97931579,1.005631579,0.984578948,1.016157895,0.984578948,1.015947369
917,1.6,1.663157895,1.621052632,1.552631579,1.573684211,1.542473684,1.579315789,1.547736842,1.568789474,1.547736842,1.500157895
918,2.515789474,2.621052632,2.52631579,2.500000001,2.705263159,2.431947369,2.463526316,2.442473685,2.468789474,2.431947369,2.442263159
919,1.052631579,1.021052632,1.005263158,1.021052632,0.931578947,1.026684211,1.053,1.031947369,1.058263158,1.026684211,1.015947369
920,0.7,0.710526316,0.752631579,0.773684211,0.757894737,0.674052632,0.695105263,0.684578947,0.710894737,0.684578947,0.615947368
921,2.142105263,2.094736842,1.97368421,1.931578947,2.063157894,2.158263158,2.189842105,2.163526315,2.200368421,2.163526315,2.068578947
922,1.910526316,1.810526316,1.836842106,1.936842106,1.910526316,1.87931579,1.931947369,1.905631579,1.931947369,1.889842106,1.852789474
923,1.015789474,0.857894737,0.931578948,0.968421053,0.957894737,0.926684211,0.963526316,0.942473685,0.974052632,0.931947369,0.968578948
924,2.126315789,2.105263157,2.052631578,2.099999999,2.131578946,1.989842104,2.021421052,1.984578946,2.031947367,1.989842104,2.047526315
925,2.163157895,2.115789474,2.142105264,2.089473685,2.131578948,2.095105264,2.116157895,2.100368422,2.116157895,2.07931579,2.131736843
926,2.289473684,2.368421052,2.315789473,2.236842105,2.221052631,2.184578947,2.221421052,2.195105263,2.221421052,2.189842105,2.189631579
927,1.231578947,1.205263157,1.252631578,1.268421052,1.268421052,1.163526315,1.195105262,1.184578947,1.20036842,1.168789473,1.18436842
928,1.126315789,1.199999999,1.199999999,1.142105262,1.110526315,1.084578946,1.110894736,1.105631578,1.121421052,1.089842104,1.073842104
929,2.778947368,2.705263157,2.736842104,2.836842104,2.784210525,2.747736841,2.768789473,2.742473683,2.768789473,2.747736841,2.742263157
930,2.694736842,2.542105263,2.584210526,2.578947368,2.642105263,2.616157895,2.658263158,2.642473684,2.663526316,2.616157895,2.642263158
931,1.605263158,1.373684211,1.431578948,1.457894737,1.415789474,1.642473684,1.668789474,1.642473684,1.674052632,1.642473684,1.589631579
932,0.5,0.547368421,0.463157895,0.4,0.426315789,0.458263158,0.479315789,0.468789474,0.495105263,0.463526316,0.400157895
933,2.6,2.563157895,2.552631579,2.678947368,2.626315789,2.500368421,2.531947368,2.505631579,2.542473684,2.505631579,2.589631579
934,2.347368421,2.221052631,2.210526316,2.210526316,2.331578947,2.237210526,2.263526316,2.247736842,2.279315789,2.247736842,2.273842105
935,1.163157895,1.052631579,0.931578948,1.121052632,1.036842106,1.095105264,1.131947369,1.105631579,1.137210527,1.095105264,1.094894737
936,1.7,1.789473684,1.547368421,1.594736842,1.636842105,1.610894737,1.637210526,1.621421053,1.642473684,1.605631579,1.684368421
937,2.815789474,2.736842106,2.85263158,2.731578948,2.715789474,2.816157895,2.847736843,2.821421053,2.853000001,2.816157895,2.742263159
938,1.326315789,1.257894736,1.24736842,1.315789473,1.305263157,1.237210525,1.268789473,1.252999999,1.268789473,1.247736841,1.28436842
939,1.010526316,0.931578948,0.952631579,1.047368421,0.989473685,0.989842106,1.021421053,1.005631579,1.021421053,0.995105264,0.847526316
940,1.736842105,1.689473684,1.699999999,1.657894736,1.684210526,1.705631578,1.72668421,1.72668421,1.737210526,1.705631578,1.621210526
941,1.421052632,1.484210527,1.515789475,1.384210527,1.436842106,1.358263159,1.395105264,1.374052632,1.384578948,1.353000001,1.352789475
942,1.052631579,0.994736842,0.957894737,1.015789474,1.021052632,0.984578947,1.005631579,0.974052632,1.016157895,0.97931579,1.031736842
943,1.757894737,1.805263158,1.784210527,1.778947369,1.747368421,1.731947369,1.768789474,1.747736842,1.768789474,1.742473685,1.684368421
944,1.989473684,1.952631579,1.884210526,1.978947368,1.836842105,1.953,1.984578947,1.968789473,1.989842105,1.958263157,1.947526315
945,1.968421053,1.884210527,1.863157895,1.894736843,1.857894738,1.87931579,1.916157895,1.884578948,1.916157895,1.87931579,1.921210527
946,1.868421053,1.884210527,1.900000001,1.910526317,1.863157895,1.816157895,1.842473685,1.80563158,1.842473685,1.810894738,1.800157895
947,0.968421053,0.889473685,0.905263159,0.942105264,0.82631579,0.868789474,0.889842106,0.868789474,0.889842106,0.863526317,0.873842106
948,1.921052632,1.968421053,1.836842106,1.805263159,1.789473685,1.895105264,1.921421053,1.90563158,1.926684211,1.895105264,1.76331579
949,1.036842105,1.031578947,1.031578947,1.115789473,1.094736842,0.947736842,0.984578947,0.968789473,1.000368421,0.958263157,0.963315789
950,2.168421053,2.142105264,2.121052632,2.147368422,2.136842106,2.084578948,2.121421053,2.095105264,2.116157895,2.07931579,2.168578948
951,1.284210526,1.294736841,1.178947368,1.24736842,1.299999999,1.242473684,1.274052631,1.252999999,1.284578947,1.252999999,1.205421052
952,1.621052632,1.584210527,1.473684211,1.578947369,1.515789475,1.574052632,1.60563158,1.57931579,1.610894738,1.584578948,1.542263159
953,2,2,1.947368421,2.010526316,1.889473684,1.937210526,1.963526316,1.947736842,1.974052632,1.942473684,1.900157895
954,1.273684211,1.115789475,1.178947369,1.22631579,1.131578948,1.17931579,1.216157896,1.20563158,1.216157896,1.189842106,1.179105264
955,2.147368421,2.036842105,2.052631579,2.105263158,2.094736842,2.095105263,2.131947368,2.121421053,2.137210526,2.116157895,2.11068421
956,0.736842105,0.699999999,0.668421052,0.652631578,0.863157894,0.679315789,0.705631578,0.684578947,0.716157894,0.684578947,0.700157894
957,2.673684211,2.578947369,2.573684211,2.547368422,2.542105264,2.616157896,2.647736843,2.626684211,2.658263159,2.626684211,2.615947369
958,1.178947368,1.315789473,1.210526315,1.194736841,1.17368421,1.116157894,1.137210525,1.116157894,1.147736841,1.110894736,1.089631578
959,1.884210526,1.868421052,1.97368421,1.884210526,1.878947368,1.789842105,1.810894736,1.795105263,1.816157894,1.789842105,1.794894736
960,1.721052632,1.684210527,1.705263159,1.747368422,1.573684211,1.653000001,1.684578948,1.663526317,1.674052632,1.658263159,1.684368422
961,1.978947368,1.915789473,1.826315789,1.97368421,1.857894736,1.847736841,1.879315789,1.868789473,1.889842104,1.863526315,1.921210525
962,2,2.005263158,1.957894737,1.947368421,1.952631579,1.926684211,1.958263158,1.926684211,1.953,1.926684211,1.926473684
963,1.321052632,1.273684211,1.263157896,1.168421053,1.210526317,1.274052632,1.289842106,1.27931579,1.310894738,1.274052632,1.252789475
964,2.2,2.163157895,2.163157895,2.152631579,2.184210526,2.084578947,2.121421053,2.100368421,2.116157895,2.100368421,2.137
965,0.642105263,0.615789473,0.594736842,0.578947368,0.531578947,0.563526315,0.589842105,0.563526315,0.600368421,0.568789473,0.621210526
966,1.673684211,1.75263158,1.72631579,1.72631579,1.778947369,1.642473685,1.67931579,1.663526317,1.668789475,1.647736843,1.647526317
967,2.163157895,2.273684211,2.136842106,2.12631579,2.189473685,2.095105264,2.131947369,2.100368422,2.131947369,2.105631579,2.115947369
968,1.705263158,1.657894737,1.6,1.573684211,1.673684211,1.663526316,1.700368421,1.668789474,1.695105263,1.663526316,1.626473684
969,1.668421053,1.600000001,1.657894738,1.668421053,1.563157895,1.631947369,1.663526317,1.642473685,1.663526317,1.647736843,1.610684211
970,1.473684211,1.494736843,1.473684211,1.405263159,1.442105264,1.389842106,1.421421054,1.410894738,1.431947369,1.400368422,1.468578948
971,1.710526316,1.62631579,1.563157895,1.610526316,1.6,1.647736843,1.67931579,1.658263158,1.684578948,1.653,1.652789474
972,0.389473684,0.321052631,0.321052631,0.3,0.352631579,0.316157894,0.347736842,0.321421052,0.358263157,0.321421052,0.384368421
973,1.8,1.8,1.826315789,1.847368421,1.821052632,1.768789474,1.800368421,1.779315789,1.795105263,1.768789474,1.710684211
974,1.857894737,1.931578948,1.821052632,1.842105263,1.810526316,1.795105263,1.831947369,1.805631579,1.837210527,1.800368421,1.752789474
975,1.368421053,1.321052632,1.210526317,1.331578948,1.263157895,1.289842106,1.326684211,1.295105264,1.326684211,1.295105264,1.300157895
976,2.7,2.668421053,2.784210526,2.7,2.7,2.631947368,2.663526316,2.642473684,2.658263158,2.642473684,2.605421053
977,1.294736842,1.357894737,1.3,1.221052631,1.221052631,1.263526316,1.295105263,1.279315789,1.295105263,1.268789473,1.200157895
978,1.989473684,1.894736842,1.826315789,1.936842105,1.952631579,1.868789473,1.916157894,1.895105263,1.92668421,1.874052631,1.937
979,1.7,1.578947368,1.663157895,1.573684211,1.668421053,1.605631579,1.642473684,1.621421053,1.647736842,1.616157895,1.568578947
980,2.289473684,2.215789473,2.231578947,2.268421052,2.289473684,2.237210526,2.263526315,2.242473684,2.268789473,2.231947368,2.252789473
981,1.936842105,1.994736842,1.910526315,1.952631578,1.936842105,1.863526315,1.895105263,1.868789473,1.900368421,1.863526315,1.905421052
982,1.526315789,1.599999999,1.47368421,1.536842104,1.584210525,1.468789473,1.50036842,1.489842104,1.505631578,1.484578946,1.458052631
983,1.131578947,1.163157894,1.178947368,1.178947368,1.115789473,1.016157894,1.047736841,1.02668421,1.052999999,1.02668421,1.026473683
984,2.168421053,2.12631579,2.131578948,2.110526317,1.963157895,2.126684211,2.158263159,2.142473685,2.168789474,2.131947369,2.079105264
985,2.726315789,2.652631578,2.615789473,2.631578946,2.636842104,2.647736841,2.652999999,2.647736841,2.684578946,2.642473683,2.689631578
986,1.473684211,1.447368422,1.373684211,1.431578948,1.42631579,1.426684211,1.447736843,1.416157896,1.458263159,1.416157896,1.426473685
987,2.584210526,2.67368421,2.684210526,2.589473684,2.489473684,2.568789473,2.589842105,2.558263157,2.595105263,2.558263157,2.500157894
988,1.2,1.215789474,1.215789474,1.189473684,1.1,1.195105263,1.231947368,1.205631579,1.237210526,1.205631579,1.089631579
989,2.105263158,2.084210527,1.978947369,2.031578948,2.015789474,2.068789474,2.095105263,2.084578948,2.105631579,2.068789474,2.037
990,2.531578947,2.526315789,2.499999999,2.536842105,2.642105262,2.42668421,2.468789473,2.442473683,2.463526315,2.447736841,2.436999999
991,2.473684211,2.321052633,2.405263159,2.35263158,2.32631579,2.384578948,2.410894738,2.37931579,2.416157896,2.37931579,2.38963158
992,1.568421053,1.531578948,1.463157895,1.473684211,1.45263158,1.516157895,1.553000001,1.526684211,1.553000001,1.521421053,1.452789474
993,2.510526316,2.447368421,2.4,2.347368421,2.447368421,2.484578948,2.510894737,2.484578948,2.521421053,2.495105264,2.479105264
994,1.026315789,1.063157894,1.031578946,1.015789473,0.952631578,0.984578946,1.02668421,0.995105262,1.016157894,1.00036842,0.973842104
995,1.857894737,1.742105263,1.694736842,1.763157895,1.731578948,1.810894737,1.831947369,1.821421053,1.837210527,1.800368421,1.784368421
996,2.878947368,2.878947368,2.789473683,2.857894736,2.942105262,2.847736841,2.863526315,2.852999999,2.884578947,2.847736841,2.805421052
997,2.652631579,2.557894737,2.594736842,2.610526316,2.62631579,2.521421053,2.553,2.526684211,2.542473684,2.510894737,2.584368421
998,2.305263158,2.210526316,2.221052632,2.257894737,2.268421053,2.210894737,2.242473684,2.221421053,2.231947369,2.216157895,2.284368421
999,2.278947368,2.299999999,2.221052631,2.178947368,2.189473683,2.205631578,2.242473683,2.210894736,2.242473683,2.216157894,2.242263157
1000,2.131578947,2.168421052,2.105263157,2.14736842,2.131578947,2.021421052,2.058263157,2.037210526,2.052999999,2.016157894,2.094894736
1001,2.589473684,2.67368421,2.626315789,2.678947368,2.584210526,2.516157894,2.547736842,2.531947368,2.558263157,2.531947368,2.515947368
1002,1.405263158,1.405263158,1.363157895,1.32631579,1.284210527,1.389842105,1.421421053,1.395105263,1.421421053,1.400368421,1.358052632
1003,1.394736842,1.431578947,1.284210526,1.378947368,1.405263158,1.284578947,1.316157895,1.305631579,1.321421052,1.289842105,1.331736842
1004,2.221052632,2.184210527,2.078947369,2.110526317,2.184210527,2.116157896,2.142473685,2.131947369,2.158263159,2.131947369,2.231736843
1005,1.826315789,1.868421052,1.768421052,1.778947367,1.684210525,1.737210525,1.768789473,1.747736841,1.789842104,1.747736841,1.742263157
1006,1.647368421,1.7,1.652631579,1.647368421,1.752631579,1.568789474,1.589842105,1.584578947,1.616157895,1.574052631,1.605421053
1007,1.952631579,1.921052632,1.921052632,1.889473684,1.889473684,1.826684211,1.847736842,1.831947369,1.863526316,1.837210526,1.96331579
1008,2.647368421,2.626315789,2.505263158,2.552631579,2.568421053,2.621421053,2.637210526,2.631947368,2.642473684,2.616157895,2.647526316
1009,1.357894737,1.273684211,1.278947369,1.342105263,1.32631579,1.284578948,1.316157895,1.295105263,1.321421053,1.284578948,1.226473685
1010,2.126315789,2.094736841,2.152631578,2.110526315,2.057894736,2.058263157,2.079315789,2.068789473,2.084578946,2.058263157,2.052789473
1011,2.563157895,2.463157895,2.542105264,2.468421053,2.463157895,2.516157895,2.558263158,2.526684211,2.542473685,2.521421053,2.526473685
1012,2.336842105,2.321052631,2.310526315,2.242105263,2.199999999,2.242473684,2.279315789,2.258263157,2.289842105,2.258263157,2.315947368
1013,1.647368421,1.636842105,1.584210526,1.578947368,1.621052631,1.595105263,1.621421053,1.600368421,1.637210526,1.589842105,1.584368421
1014,1.6,1.673684211,1.684210526,1.7,1.631578947,1.574052632,1.600368421,1.579315789,1.605631579,1.568789474,1.510684211
1015,1.594736842,1.621052631,1.626315789,1.584210526,1.568421052,1.531947368,1.574052631,1.558263158,1.574052631,1.542473684,1.600157895
1016,1.636842105,1.515789473,1.526315789,1.547368421,1.536842105,1.558263157,1.584578947,1.563526315,1.600368421,1.558263157,1.526473684
1017,2.421052632,2.310526317,2.257894738,2.289473685,2.400000001,2.384578948,2.416157896,2.400368422,2.426684211,2.400368422,2.342263159
1018,1.826315789,1.778947367,1.689473683,1.757894736,1.705263157,1.763526315,1.784578946,1.768789473,1.789842104,1.763526315,1.736999999
1019,3.268421053,3.342105264,3.247368422,3.25263158,3.210526317,3.226684211,3.247736843,3.221421053,3.247736843,3.226684211,3.200157895
1020,1.821052632,1.836842106,1.831578948,1.82631579,1.731578948,1.721421053,1.742473685,1.731947369,1.758263159,1.721421053,1.768578948
1021,1.831578947,1.857894736,1.815789473,1.842105262,1.894736841,1.795105262,1.831947368,1.805631578,1.842473683,1.805631578,1.721210526
1022,2.1,2.173684211,2.110526316,2.210526316,2.231578947,2.026684211,2.058263158,2.031947368,2.063526316,2.021421053,2.010684211
1023,1.931578947,1.905263157,1.899999999,1.831578947,1.957894736,1.852999999,1.879315789,1.858263157,1.895105262,1.858263157,1.873842105
1024,1.036842105,0.947368421,0.97368421,0.952631578,0.868421052,0.989842105,1.010894736,0.984578947,1.016157894,0.984578947,1.000157894
1025,0.915789474,0.905263159,0.768421053,0.778947369,0.847368422,0.853000001,0.90563158,0.874052632,0.90563158,0.868789474,0.852789474
1026,2.305263158,2.442105263,2.32631579,2.363157895,2.289473684,2.27931579,2.326684211,2.295105263,2.326684211,2.284578948,2.226473684
1027,1.2,1.168421053,1.210526316,1.078947368,1.105263158,1.126684211,1.158263158,1.126684211,1.168789474,1.137210526,1.137
1028,2.447368421,2.278947368,2.426315789,2.457894737,2.431578947,2.384578947,2.410894737,2.395105263,2.405631579,2.363526316,2.415947368
1029,3.236842105,3.184210526,3.252631578,3.121052631,3.07368421,3.216157894,3.231947368,3.221421052,3.247736842,3.200368421,3.126473684
1030,2.636842105,2.468421052,2.415789473,2.489473684,2.494736842,2.547736842,2.584578947,2.558263157,2.584578947,2.558263157,2.536999999
1031,2.252631579,2.215789474,2.268421053,2.168421053,2.336842105,2.163526316,2.200368421,2.17931579,2.216157895,2.174052632,2.168578947
1032,1.815789474,1.742105264,1.768421053,1.815789474,1.773684211,1.821421053,1.853000001,1.831947369,1.858263159,1.826684211,1.731736843
1033,2.047368421,1.915789474,1.921052631,1.889473684,1.952631579,1.984578947,2.016157895,1.989842105,2.021421053,1.984578947,1.963315789
1034,1.289473684,1.136842105,1.068421052,1.184210526,1.142105263,1.231947368,1.263526315,1.242473684,1.263526315,1.237210526,1.215947368
1035,0.873684211,0.805263159,0.721052633,0.747368422,0.815789475,0.80563158,0.842473685,0.821421054,0.847736843,0.80563158,0.784368422
1036,2.068421053,1.910526317,1.95263158,1.936842106,1.900000001,2.010894738,2.053000001,2.016157895,2.053000001,2.021421053,1.973842106
1037,2.121052632,2.105263159,2.042105264,2.168421053,2.200000001,2.037210527,2.068789475,2.037210527,2.063526317,2.037210527,2.110684211
1038,1.189473684,1.189473684,1.147368421,1.147368421,1.115789473,1.121421052,1.142473684,1.12668421,1.153,1.12668421,1.084368421
1039,1.578947368,1.54736842,1.526315789,1.526315789,1.515789473,1.552999999,1.60036842,1.574052631,1.589842104,1.563526315,1.521210525
1040,2.515789474,2.494736843,2.400000001,2.394736843,2.410526316,2.426684211,2.458263159,2.442473685,2.468789474,2.431947369,2.421210527
1041,1.357894737,1.468421053,1.42631579,1.410526316,1.357894737,1.268789474,1.295105263,1.27931579,1.305631579,1.274052632,1.379105263
1042,1.405263158,1.431578948,1.415789474,1.357894737,1.378947369,1.368789474,1.395105263,1.374052632,1.405631579,1.37931579,1.437
1043,1.952631579,2.042105263,1.978947369,1.931578947,1.905263158,1.921421053,1.947736842,1.931947369,1.958263158,1.931947369,1.873842105
1044,1.531578947,1.489473683,1.457894736,1.552631578,1.468421052,1.484578947,1.516157894,1.505631578,1.521421052,1.50036842,1.494894736
1045,1.536842105,1.578947368,1.57368421,1.626315789,1.536842105,1.479315789,1.521421052,1.495105263,1.521421052,1.484578947,1.484368421
1046,1.542105263,1.621052631,1.547368421,1.484210526,1.584210526,1.521421052,1.547736842,1.542473684,1.563526315,1.52668421,1.473842105
1047,2.047368421,2.068421053,1.931578947,2,1.931578947,2.016157895,2.053,2.02668421,2.068789474,2.031947368,1.915947368
1048,2.084210526,2.068421052,2.14736842,2.14736842,2.036842105,2.005631578,2.042473684,2.016157894,2.052999999,2.010894736,2.01068421
1049,2.921052632,2.973684211,2.857894738,2.800000001,2.910526317,2.895105264,2.921421053,2.900368422,2.931947369,2.889842106,2.858052632
1050,1.710526316,1.757894737,1.757894737,1.705263158,1.778947369,1.647736843,1.674052632,1.653,1.67931579,1.647736843,1.626473685
1051,1.4,1.389473684,1.352631579,1.4,1.463157895,1.337210526,1.358263158,1.342473684,1.358263158,1.337210526,1.363315789
1052,1.294736842,1.410526316,1.321052631,1.284210526,1.247368421,1.289842105,1.321421052,1.284578947,1.316157895,1.284578947,1.268578947
1053,1.605263158,1.610526316,1.505263158,1.484210527,1.547368421,1.516157895,1.547736842,1.526684211,1.558263158,1.521421053,1.537
1054,0.994736842,0.936842105,0.884210526,1.057894737,0.97368421,0.92668421,0.947736842,0.942473684,0.953,0.92668421,0.926473684
1055,2.305263158,2.357894737,2.231578948,2.410526316,2.336842105,2.263526316,2.289842105,2.27931579,2.300368421,2.268789474,2.284368421
1056,2.263157895,2.110526316,2.136842106,2.257894737,2.105263158,2.221421053,2.242473685,2.221421053,2.247736843,2.205631579,2.237000001
1057,2.463157895,2.531578948,2.436842106,2.510526316,2.500000001,2.37931579,2.410894737,2.384578948,2.416157895,2.384578948,2.384368422
1058,2.005263158,1.963157895,1.947368421,2,2.021052632,1.97931579,2.005631579,1.974052632,2.000368421,1.974052632,1.900157895
1059,2.042105263,1.963157894,2.078947368,2.026315789,1.921052631,2.016157894,2.047736842,2.021421052,2.047736842,2.02668421,2.005421052
1060,1.6,1.621052632,1.6,1.605263158,1.594736842,1.547736842,1.584578947,1.558263158,1.579315789,1.547736842,1.542263158
1061,1.757894737,1.821052632,1.884210527,1.842105263,1.831578948,1.726684211,1.758263158,1.742473685,1.768789474,1.731947369,1.652789474
1062,2,1.889473684,1.989473684,1.963157895,2.010526316,1.989842105,2.016157895,1.995105263,2.021421053,1.995105263,1.979105263
1063,1.942105263,1.921052631,1.868421052,1.894736842,1.936842105,1.816157894,1.847736842,1.821421052,1.847736842,1.821421052,1.879105263
1064,1.984210526,2.057894736,1.994736841,2.052631578,2.015789473,1.92668421,1.968789473,1.942473684,1.963526315,1.937210526,1.921210526
1065,1.615789474,1.515789474,1.500000001,1.631578948,1.52631579,1.574052632,1.616157895,1.584578948,1.616157895,1.584578948,1.547526316
1066,0.936842105,0.863157894,0.936842105,0.926315789,0.978947368,0.889842105,0.916157894,0.905631578,0.92668421,0.900368421,0.831736842
1067,2.236842105,2.378947368,2.210526315,2.299999999,2.347368421,2.158263157,2.179315789,2.163526315,2.195105263,2.158263157,2.147526315
1068,1.526315789,1.484210525,1.510526315,1.478947367,1.442105262,1.442473683,1.479315789,1.452999999,1.484578946,1.452999999,1.473842104
1069,1.931578947,1.984210526,1.984210526,2.042105262,2.089473683,1.863526315,1.905631578,1.884578947,1.905631578,1.868789473,1.836999999
1070,1.552631579,1.505263158,1.568421053,1.621052632,1.52631579,1.463526316,1.489842105,1.468789474,1.484578947,1.458263158,1.46331579
1071,2.431578947,2.463157894,2.363157894,2.421052631,2.310526315,2.342473683,2.384578947,2.352999999,2.389842105,2.352999999,2.373842105
1072,2.494736842,2.426315789,2.426315789,2.410526316,2.47368421,2.416157895,2.447736842,2.421421052,2.453,2.421421052,2.458052631
1073,1.805263158,1.821052632,1.721052632,1.731578948,1.815789474,1.763526316,1.800368421,1.77931579,1.800368421,1.768789474,1.747526316
1074,2.3,2.178947368,2.231578947,2.242105263,2.126315789,2.231947368,2.258263158,2.231947368,2.258263158,2.226684211,2.247526316
1075,1.526315789,1.515789473,1.457894736,1.499999999,1.368421052,1.468789473,1.495105262,1.479315789,1.495105262,1.463526315,1.463315789
1076,2.9,2.852631579,2.921052632,2.852631579,2.910526316,2.789842105,2.816157895,2.816157895,2.831947368,2.800368421,2.868578947
1077,2.631578947,2.663157894,2.636842105,2.636842105,2.615789473,2.537210526,2.574052631,2.547736841,2.579315789,2.547736841,2.563315789
1078,1.221052632,1.210526317,1.121052632,1.168421053,1.268421053,1.184578948,1.216157896,1.200368422,1.221421053,1.189842106,1.131736843
1079,2.678947368,2.64736842,2.594736841,2.510526315,2.684210525,2.663526315,2.689842104,2.674052631,2.70036842,2.668789473,2.61068421
1080,1.1,0.957894737,0.973684211,0.931578947,1.215789474,1.000368421,1.026684211,1.005631579,1.042473684,1.005631579,1.031736842
1081,1.673684211,1.673684211,1.589473685,1.668421054,1.657894738,1.60563158,1.631947369,1.621421054,1.642473685,1.616157896,1.56331579
1082,1.531578947,1.47368421,1.489473683,1.521052631,1.384210526,1.489842105,1.516157894,1.495105262,1.521421052,1.489842105,1.436999999
1083,1.305263158,1.210526316,1.257894737,1.305263158,1.373684211,1.295105263,1.326684211,1.310894737,1.331947369,1.295105263,1.237
1084,2.110526316,2.147368421,2.142105264,2.173684211,2.163157895,2.053,2.07931579,2.063526316,2.07931579,2.047736843,1.994894737
1085,1.821052632,1.805263159,1.700000001,1.72631579,1.789473685,1.789842106,1.821421053,1.800368422,1.831947369,1.800368422,1.721210527
1086,1.768421053,1.778947369,1.800000001,1.731578948,1.705263159,1.689842106,1.726684211,1.710894738,1.731947369,1.695105264,1.652789474
1087,2.084210526,2.163157894,2.17368421,2.178947368,2.168421052,2.074052631,2.089842105,2.079315789,2.105631578,2.074052631,1.994894736
1088,1.031578947,0.931578947,1.089473683,0.994736841,0.963157894,0.968789473,1.00036842,0.979315789,1.00036842,0.979315789,0.973842105
1089,2.257894737,2.421052632,2.210526316,2.257894737,2.294736842,2.237210527,2.268789474,2.263526316,2.289842106,2.253,2.210684211
1090,2.247368421,2.305263158,2.226315789,2.231578947,2.321052631,2.205631579,2.242473684,2.22668421,2.253,2.216157895,2.173842105
1091,1.063157895,1.157894737,1.105263158,1.136842106,1.068421053,0.995105264,1.037210527,1.016157895,1.031947369,1.005631579,0.968578948
1092,1.178947368,1.136842104,1.110526315,1.126315789,1.142105262,1.12668421,1.168789473,1.137210525,1.147736841,1.131947368,1.147526315
1093,1.321052632,1.321052632,1.247368422,1.268421053,1.289473685,1.231947369,1.268789475,1.253000001,1.258263159,1.237210527,1.310684211
1094,2.584210526,2.684210526,2.542105263,2.64736842,2.568421052,2.505631578,2.542473684,2.516157894,2.547736841,2.521421052,2.536999999
1095,1.984210526,1.926315789,1.905263157,1.921052631,1.863157894,1.92668421,1.968789473,1.937210526,1.958263157,1.92668421,1.968578947
1096,1.868421053,1.721052632,1.689473685,1.831578948,1.731578948,1.758263159,1.800368422,1.768789474,1.800368422,1.768789474,1.784368422
1097,0.731578947,0.826315789,0.742105262,0.684210526,0.678947368,0.668789473,0.705631578,0.684578947,0.710894736,0.668789473,0.631736841
1098,2.421052632,2.394736843,2.278947369,2.284210527,2.331578948,2.416157896,2.442473685,2.431947369,2.458263159,2.437210527,2.373842106
1099,1.489473684,1.347368421,1.357894736,1.352631579,1.326315789,1.431947368,1.463526315,1.442473684,1.468789473,1.437210526,1.479105263
1100,1.242105263,1.2,1.178947368,1.178947368,1.126315789,1.158263158,1.184578947,1.179315789,1.200368421,1.168789473,1.189631579
1101,1.510526316,1.589473685,1.505263158,1.484210527,1.557894737,1.468789474,1.505631579,1.47931579,1.500368421,1.474052632,1.415947369
1102,1.431578947,1.34736842,1.352631578,1.352631578,1.294736841,1.316157894,1.352999999,1.32668421,1.347736841,1.321421052,1.358052631
1103,1.457894737,1.547368421,1.505263158,1.62631579,1.531578948,1.389842106,1.421421053,1.389842106,1.426684211,1.384578948,1.426473685
1104,2.010526316,2,1.873684211,1.915789474,1.989473685,1.884578948,1.926684211,1.900368421,1.937210527,1.900368421,1.952789474
1105,1.752631579,1.810526316,1.757894737,1.689473684,1.673684211,1.674052632,1.716157895,1.689842105,1.710894737,1.67931579,1.673842105
1106,2.047368421,1.984210526,1.931578947,2.005263158,2.026315789,1.984578947,2.005631579,1.984578947,2.005631579,1.979315789,1.952789474
1107,1.521052632,1.494736843,1.463157896,1.542105264,1.463157896,1.400368422,1.431947369,1.421421053,1.442473685,1.410894738,1.410684211
1108,1.384210526,1.294736841,1.294736841,1.394736841,1.352631578,1.347736841,1.374052631,1.358263157,1.389842105,1.337210526,1.321210526
1109,2.252631579,2.105263158,2.178947369,2.236842105,2.168421053,2.153,2.189842105,2.163526316,2.189842105,2.163526316,2.16331579
1110,1.678947368,1.557894736,1.594736841,1.678947368,1.594736841,1.62668421,1.663526315,1.652999999,1.668789473,1.637210525,1.594894736
1111,1.652631579,1.636842105,1.621052632,1.547368421,1.610526316,1.589842105,1.621421053,1.600368421,1.631947369,1.595105263,1.573842105
1112,2.447368421,2.268421053,2.326315789,2.305263158,2.17368421,2.368789474,2.410894737,2.379315789,2.416157895,2.374052631,2.389631579
1113,2.515789474,2.647368422,2.489473685,2.494736843,2.436842106,2.463526316,2.500368422,2.489842106,2.516157895,2.474052632,2.447526316
1114,2.515789474,2.42631579,2.447368422,2.484210527,2.531578948,2.516157895,2.547736843,2.531947369,2.553000001,2.531947369,2.442263159
1115,1.052631579,1.015789474,1.110526316,1.052631579,1.136842105,0.974052632,1.000368421,0.984578947,1.016157895,0.984578947,0.973842105
1116,1.636842105,1.615789473,1.621052631,1.568421052,1.652631578,1.52668421,1.558263157,1.537210526,1.558263157,1.531947368,1.505421052
1117,1.857894737,1.884210527,1.684210527,1.836842106,1.810526316,1.795105263,1.831947369,1.805631579,1.842473685,1.795105263,1.789631579
1118,2.015789474,1.957894737,1.989473685,2.057894737,1.900000001,1.958263159,1.989842106,1.963526316,1.984578948,1.953000001,1.915947369
1119,2.257894737,2.305263158,2.189473685,2.2,2.294736842,2.231947369,2.258263158,2.237210527,2.263526316,2.231947369,2.200157895
1120,1.173684211,1.021052633,1.168421054,1.147368422,1.073684211,1.110894738,1.142473685,1.126684211,1.153000001,1.121421054,1.142263159
1121,1.7,1.736842105,1.678947368,1.647368421,1.563157895,1.621421053,1.668789474,1.642473684,1.663526316,1.637210526,1.600157895
1122,2.652631579,2.563157895,2.457894737,2.547368421,2.5,2.600368421,2.631947369,2.616157895,2.647736842,2.616157895,2.521210526
1123,2.452631579,2.505263158,2.415789474,2.494736842,2.415789474,2.37931579,2.421421053,2.395105263,2.410894737,2.37931579,2.405421053
1124,1.752631579,1.794736842,1.742105263,1.736842105,1.763157895,1.684578947,1.726684211,1.710894737,1.731947369,1.700368421,1.694894737
1125,2.257894737,2.378947369,2.247368421,2.263157895,2.3,2.242473685,2.27931579,2.253,2.27931579,2.247736842,2.200157895
1126,1.705263158,1.657894737,1.563157895,1.694736842,1.668421053,1.721421053,1.747736842,1.721421053,1.742473684,1.716157895,1.600157895
1127,1.536842105,1.536842105,1.442105263,1.447368421,1.452631578,1.421421052,1.452999999,1.431947368,1.468789473,1.431947368,1.415947368
1128,1.452631579,1.363157895,1.431578947,1.431578947,1.452631579,1.37931579,1.416157895,1.395105263,1.426684211,1.400368421,1.394894737
1129,1.647368421,1.631578947,1.568421053,1.689473684,1.621052631,1.589842105,1.616157895,1.595105263,1.616157895,1.595105263,1.515947368
1130,1.757894737,1.810526316,1.847368421,1.768421053,1.789473685,1.700368421,1.742473685,1.716157895,1.747736842,1.716157895,1.747526316
1131,2.047368421,2.047368421,1.994736842,2.078947368,2.052631579,2.000368421,2.037210526,2.005631579,2.031947368,2.005631579,1.979105263
1132,2.557894737,2.573684211,2.405263158,2.578947369,2.52631579,2.468789474,2.495105263,2.47931579,2.505631579,2.468789474,2.505421053
1133,1.826315789,1.77368421,1.726315789,1.899999999,1.763157894,1.674052631,1.695105262,1.684578946,1.710894736,1.684578946,1.842263157
1134,2.289473684,2.347368421,2.347368421,2.27368421,2.331578947,2.253,2.284578947,2.263526315,2.284578947,2.268789473,2.215947368
1135,1.947368421,1.963157895,2.005263158,1.878947368,1.952631579,1.910894737,1.942473684,1.92668421,1.942473684,1.910894737,1.873842105
1136,2.121052632,2.078947369,2.047368422,2.031578948,2.173684211,2.026684211,2.068789475,2.047736843,2.063526317,2.042473685,2.06331579
1137,1.215789474,1.173684211,1.084210527,1.178947369,1.136842106,1.158263159,1.184578948,1.163526316,1.200368422,1.163526316,1.094894737
1138,1.389473684,1.331578947,1.4,1.294736842,1.231578947,1.331947368,1.353,1.321421052,1.358263157,1.32668421,1.379105263
1139,1.242105263,1.4,1.278947368,1.263157894,1.2,1.179315789,1.205631579,1.184578947,1.210894737,1.174052631,1.179105263
1140,1.331578947,1.331578947,1.357894736,1.384210526,1.363157894,1.274052631,1.305631578,1.279315789,1.316157894,1.289842105,1.289631578
1141,1.194736842,1.331578947,1.115789473,1.1,1.126315789,1.163526316,1.200368421,1.184578947,1.200368421,1.174052631,1.11068421
1142,2.410526316,2.384210527,2.32631579,2.42631579,2.289473685,2.37931579,2.416157895,2.395105264,2.416157895,2.389842106,2.331736843
1143,1.289473684,1.205263157,1.194736842,1.27368421,1.368421052,1.200368421,1.247736842,1.216157894,1.237210526,1.205631579,1.221210526
1144,1.778947368,1.789473683,1.752631578,1.74736842,1.894736841,1.774052631,1.795105262,1.774052631,1.795105262,1.768789473,1.705421052
1145,0.778947368,0.742105262,0.789473683,0.726315789,0.736842104,0.72668421,0.763526315,0.721421052,0.763526315,0.72668421,0.779105262
1146,2.321052632,2.400000001,2.284210527,2.236842106,2.331578948,2.258263159,2.295105264,2.274052632,2.30563158,2.263526317,2.268578948
1147,2.789473684,2.863157894,2.794736842,2.752631579,2.726315789,2.737210526,2.763526315,2.737210526,2.763526315,2.721421052,2.689631579
1148,2.168421053,2.205263159,2.042105264,2.068421053,2.047368422,2.10563158,2.126684211,2.116157895,2.147736843,2.110894738,2.137000001
1149,2.1,1.994736842,2.042105263,2.1,1.989473684,2.068789474,2.105631579,2.074052632,2.105631579,2.074052632,2.010684211
1150,1.705263158,1.468421053,1.584210527,1.594736842,1.536842105,1.610894737,1.647736842,1.621421053,1.637210527,1.621421053,1.621210527
1151,1.468421053,1.42631579,1.463157895,1.52631579,1.457894738,1.437210527,1.468789474,1.447736843,1.474052632,1.437210527,1.405421053
1152,2.894736842,2.989473684,3.021052631,2.915789473,2.926315789,2.831947368,2.868789473,2.842473684,2.884578947,2.853,2.847526316
1153,1.621052632,1.642105264,1.736842106,1.600000001,1.62631579,1.621421053,1.658263159,1.637210527,1.658263159,1.621421053,1.505421053
1154,2,1.926315789,1.931578947,1.947368421,1.926315789,1.968789474,1.995105263,1.974052632,2.005631579,1.974052632,1.979105263
1155,2.205263158,2.063157895,2.12631579,2.021052632,2.12631579,2.205631579,2.237210527,2.221421053,2.242473684,2.210894737,2.100157895
1156,2.331578947,2.389473683,2.342105262,2.399999999,2.310526315,2.284578947,2.310894736,2.284578947,2.310894736,2.289842105,2.273842105
1157,2.305263158,2.22631579,2.142105263,2.12631579,2.121052632,2.27931579,2.321421053,2.300368421,2.321421053,2.295105263,2.258052632
1158,1.852631579,1.742105263,1.763157895,1.810526316,1.731578947,1.805631579,1.831947369,1.816157895,1.837210526,1.816157895,1.794894737
1159,1.947368421,1.9,1.826315789,1.821052631,1.889473684,1.858263158,1.884578947,1.868789474,1.895105263,1.863526316,1.905421053
1160,1.531578947,1.542105262,1.494736841,1.54736842,1.589473683,1.516157894,1.547736841,1.521421052,1.552999999,1.516157894,1.452789473
1161,1.236842105,1.210526315,1.221052631,1.252631578,1.215789473,1.184578947,1.205631578,1.189842105,1.221421052,1.195105263,1.163315789
1162,1.926315789,1.936842104,1.94736842,2.04736842,2.031578946,1.847736841,1.90036842,1.874052631,1.895105262,1.858263157,1.842263157
1163,0.373684211,0.310526317,0.210526317,0.194736843,0.236842106,0.316157896,0.353000001,0.326684211,0.347736843,0.326684211,0.368578948
1164,1.910526316,1.931578948,1.878947369,1.805263158,1.873684211,1.853,1.884578948,1.863526316,1.884578948,1.863526316,1.821210527
1165,2.057894737,2.068421053,2.063157895,2.078947369,1.994736842,2.000368421,2.031947369,2.010894737,2.037210527,2.010894737,1.984368421
1166,1.636842105,1.621052631,1.610526315,1.689473684,1.657894736,1.568789473,1.600368421,1.579315789,1.605631578,1.574052631,1.584368421
1167,1.352631579,1.405263158,1.3,1.389473684,1.431578947,1.253,1.27931579,1.263526316,1.284578947,1.253,1.310684211
1168,2.026315789,1.989473683,2.057894736,2.036842104,2.094736841,1.958263157,1.989842104,1.952999999,2.00036842,1.963526315,1.963315789
1169,2.078947368,2.078947368,2.110526315,2.105263157,2.084210525,2.058263157,2.084578947,2.068789473,2.10036842,2.058263157,2.021210525
1170,1.689473684,1.694736842,1.8,1.752631579,1.584210526,1.658263157,1.674052631,1.653,1.689842105,1.653,1.642263157
1171,2.2,2.136842105,2.178947368,2.157894737,2.189473684,2.063526316,2.089842105,2.068789474,2.105631579,2.074052632,2.131736842
1172,1.284210526,1.299999999,1.210526315,1.284210526,1.27368421,1.205631578,1.237210526,1.221421052,1.242473684,1.210894736,1.242263157
1173,2.552631579,2.578947369,2.442105263,2.52631579,2.510526316,2.442473684,2.47931579,2.458263158,2.484578947,2.447736842,2.473842105
1174,2.142105263,2.163157894,2.105263158,2.152631579,2.142105263,2.021421052,2.058263158,2.021421052,2.058263158,2.02668421,2.079105263
1175,1.936842105,1.905263157,1.952631578,1.984210526,1.968421052,1.852999999,1.889842105,1.868789473,1.895105263,1.863526315,1.884368421
1176,1.584210526,1.621052631,1.542105263,1.584210526,1.531578947,1.479315789,1.505631578,1.495105263,1.505631578,1.479315789,1.547526315
1177,1.894736842,1.8,1.77368421,1.852631579,1.87368421,1.805631579,1.842473684,1.810894737,1.847736842,1.816157895,1.879105263
1178,1.594736842,1.578947368,1.405263158,1.468421052,1.584210526,1.516157895,1.553,1.52668421,1.553,1.521421052,1.531736842
1179,2.047368421,1.963157895,1.936842105,1.97368421,1.984210526,1.958263158,1.984578947,1.968789474,2.000368421,1.979315789,2.000157895
1180,2.273684211,2.068421054,2.215789475,2.168421054,2.168421054,2.210894738,2.242473685,2.226684211,2.253000001,2.216157896,2.226473685
1181,1.768421053,1.705263159,1.72631579,1.715789474,1.605263159,1.695105264,1.742473685,1.710894738,1.737210527,1.721421053,1.652789474
1182,1.857894737,1.736842106,1.752631579,1.7,1.715789474,1.77931579,1.805631579,1.795105263,1.826684211,1.784578948,1.815947369
1183,1.552631579,1.584210526,1.568421053,1.457894737,1.431578947,1.474052632,1.500368421,1.484578947,1.500368421,1.474052632,1.479105263
1184,1.326315789,1.278947367,1.34736842,1.310526315,1.315789473,1.268789473,1.295105262,1.279315789,1.305631578,1.279315789,1.236999999
1185,1.321052632,1.242105264,1.336842106,1.463157896,1.284210527,1.189842106,1.221421053,1.20563158,1.226684211,1.200368422,1.26331579
1186,2.636842105,2.694736842,2.67368421,2.578947368,2.694736842,2.531947368,2.563526315,2.542473684,2.568789473,2.52668421,2.61068421
1187,1.847368421,1.847368421,1.789473684,1.87368421,1.805263158,1.737210526,1.763526316,1.753,1.768789474,1.737210526,1.837
1188,0.663157895,0.715789474,0.62631579,0.652631579,0.673684211,0.589842106,0.626684211,0.600368422,0.616157895,0.589842106,0.626473685
1189,1.215789474,1.205263159,1.315789474,1.336842106,1.184210527,1.121421053,1.142473685,1.126684211,1.158263159,1.121421053,1.084368422
1190,2.615789474,2.489473685,2.45263158,2.442105264,2.578947369,2.574052632,2.60563158,2.589842106,2.610894737,2.589842106,2.56331579
1191,1.831578947,1.889473683,1.852631578,1.789473683,1.789473683,1.747736841,1.779315789,1.763526315,1.784578947,1.752999999,1.805421052
1192,1.1,1.168421053,1.094736842,1.073684211,1.042105263,1.005631579,1.042473684,1.021421053,1.042473684,1.010894737,1.047526316
1193,1.668421053,1.736842106,1.684210527,1.75263158,1.700000001,1.626684211,1.647736843,1.631947369,1.658263159,1.637210527,1.568578948
1194,1.994736842,2.052631579,1.894736842,1.984210526,1.863157895,1.853,1.889842105,1.863526316,1.895105263,1.863526316,1.900157895
1195,1.831578947,1.926315789,1.810526315,1.784210526,1.699999999,1.747736841,1.784578947,1.768789473,1.779315789,1.752999999,1.779105262
1196,1.968421053,1.92631579,1.842105264,1.868421053,1.910526317,1.968789474,1.995105264,1.974052632,2.000368422,1.968789474,1.894894738
1197,1.978947368,1.905263157,1.989473683,1.97368421,1.936842104,1.968789473,2.005631578,1.974052631,2.005631578,1.984578947,1.921210525
1198,1.931578947,1.842105262,1.905263157,1.752631578,1.799999999,1.92668421,1.942473683,1.937210526,1.952999999,1.916157894,1.863315789
1199,1.836842105,1.97368421,1.926315789,1.978947368,1.863157894,1.752999999,1.774052631,1.763526315,1.789842105,1.758263157,1.747526315
1200,1.873684211,1.868421054,1.805263159,1.789473685,1.815789475,1.795105264,1.826684211,1.810894738,1.826684211,1.810894738,1.800157896
1201,1.805263158,1.852631579,1.715789474,1.831578948,1.815789474,1.795105263,1.810894737,1.795105263,1.821421053,1.784578948,1.742263158
1202,2.331578947,2.336842105,2.226315789,2.310526315,2.226315789,2.237210526,2.268789473,2.242473683,2.274052631,2.242473683,2.236999999
1203,2.821052632,2.92631579,2.789473685,2.794736843,2.863157896,2.810894738,2.853000001,2.816157896,2.847736843,2.810894738,2.758052632
1204,2.705263158,2.657894737,2.694736842,2.794736842,2.7,2.605631579,2.637210527,2.616157895,2.642473684,2.616157895,2.66331579
1205,2.142105263,2.105263158,2.078947368,2.07368421,2.015789473,2.105631579,2.142473684,2.116157894,2.137210526,2.105631579,2.100157894
1206,1.442105263,1.468421052,1.426315789,1.415789473,1.394736842,1.395105263,1.442473684,1.416157894,1.437210526,1.410894737,1.384368421
1207,1.421052632,1.421052632,1.342105264,1.500000001,1.431578948,1.40563158,1.437210527,1.410894738,1.442473685,1.416157896,1.347526317
1208,2.068421053,2.036842106,2.078947369,1.95263158,2.047368422,1.974052632,2.00563158,1.97931579,2.010894738,1.974052632,2.005421053
1209,1.378947368,1.410526315,1.342105262,1.299999999,1.178947368,1.352999999,1.389842104,1.363526315,1.389842104,1.363526315,1.28436842
1210,1.321052632,1.178947369,1.210526317,1.210526317,1.25263158,1.274052632,1.300368422,1.289842106,1.30563158,1.289842106,1.268578948
1211,2.189473684,2.163157894,2.089473684,2.289473684,2.221052631,2.068789473,2.100368421,2.074052631,2.105631579,2.068789473,2.131736842
1212,2.189473684,2.068421052,2.057894736,2.057894736,2.147368421,2.195105263,2.221421052,2.205631579,2.231947368,2.195105263,2.152789473
1213,2.347368421,2.278947368,2.268421053,2.221052631,2.405263158,2.242473684,2.274052631,2.247736842,2.284578947,2.247736842,2.315947368
1214,1.357894737,1.484210527,1.478947369,1.436842106,1.331578948,1.326684211,1.353,1.342473685,1.358263158,1.342473685,1.352789474
1215,1.605263158,1.542105263,1.594736842,1.547368421,1.442105263,1.500368421,1.537210527,1.510894737,1.531947369,1.510894737,1.568578948
1216,1.531578947,1.542105262,1.484210526,1.589473683,1.499999999,1.479315789,1.510894736,1.489842105,1.521421052,1.474052631,1.463315789
1217,0.9,1.031578947,0.947368421,0.868421053,0.815789474,0.874052632,0.910894737,0.884578947,0.916157895,0.879315789,0.873842105
1218,1.536842105,1.468421052,1.478947368,1.468421052,1.542105263,1.479315789,1.510894736,1.489842105,1.516157894,1.484578947,1.442263157
1219,1.763157895,1.657894737,1.578947369,1.705263158,1.657894737,1.67931579,1.705631579,1.67931579,1.716157895,1.67931579,1.721210527
1220,1.152631579,1.210526316,1.257894737,1.215789474,1.2,1.074052632,1.110894737,1.089842105,1.110894737,1.074052632,1.105421053
1221,1.726315789,1.810526315,1.731578946,1.821052631,1.778947367,1.679315789,1.70036842,1.674052631,1.710894736,1.679315789,1.636999999
1222,1.494736842,1.510526316,1.510526316,1.410526316,1.489473684,1.458263158,1.479315789,1.463526316,1.484578947,1.447736842,1.337
1223,1.268421053,1.168421053,1.163157895,1.178947369,1.173684211,1.195105264,1.226684211,1.20563158,1.237210527,1.195105264,1.152789474
1224,2.221052632,2.163157896,2.194736843,2.284210527,2.205263159,2.216157896,2.242473685,2.221421053,2.253000001,2.216157896,2.137000001
1225,1.868421053,1.900000001,1.778947369,1.915789474,1.905263159,1.884578948,1.921421053,1.900368422,1.916157895,1.884578948,1.821210527
1226,1.821052632,1.668421053,1.642105264,1.82631579,1.636842106,1.742473685,1.768789475,1.753000001,1.774052632,1.747736843,1.800157896
1227,1.142105263,1.047368421,1.036842105,1.1,1.057894737,1.100368421,1.142473684,1.110894737,1.142473684,1.105631579,1.115947368
1228,2.336842105,2.263157894,2.278947368,2.294736842,2.278947368,2.289842105,2.321421052,2.305631578,2.32668421,2.300368421,2.273842105
1229,1.368421053,1.384210527,1.32631579,1.368421053,1.384210527,1.300368422,1.321421053,1.30563158,1.337210527,1.300368422,1.310684211
1230,1.747368421,1.768421053,1.784210526,1.815789474,1.736842105,1.653,1.684578947,1.663526316,1.689842105,1.658263158,1.731736842
1231,0.968421053,0.857894738,0.92631579,0.857894738,0.810526317,0.884578948,0.910894738,0.884578948,0.910894738,0.884578948,0.852789474
1232,1.821052632,1.884210527,1.705263159,1.721052632,1.768421053,1.789842106,1.826684211,1.800368422,1.826684211,1.795105264,1.794894738
1233,0.663157895,0.652631579,0.705263158,0.573684211,0.678947369,0.589842106,0.621421053,0.605631579,0.621421053,0.57931579,0.594894737
1234,1.336842105,1.37368421,1.310526315,1.368421052,1.336842105,1.231947368,1.258263157,1.237210526,1.268789473,1.242473684,1.279105263
1235,1.973684211,1.931578948,1.95263158,1.973684211,1.984210527,1.910894738,1.942473685,1.926684211,1.942473685,1.916157896,1.937000001
1236,1.689473684,1.726315789,1.715789473,1.742105263,1.726315789,1.637210526,1.668789473,1.647736842,1.674052631,1.647736842,1.642263157
1237,2.6,2.478947368,2.542105263,2.610526316,2.473684211,2.500368421,2.531947368,2.516157895,2.537210526,2.510894737,2.531736842
1238,2.284210526,2.284210526,2.257894736,2.294736841,2.24736842,2.179315789,2.210894736,2.184578947,2.216157894,2.195105263,2.194894736
1239,1.405263158,1.284210527,1.257894737,1.268421053,1.310526316,1.305631579,1.353,1.321421053,1.342473684,1.321421053,1.373842105
1240,1.647368421,1.710526316,1.757894737,1.778947368,1.742105263,1.579315789,1.62668421,1.605631579,1.621421053,1.595105263,1.594894737
1241,2.268421053,2.32631579,2.184210527,2.22631579,2.22631579,2.195105264,2.226684211,2.20563158,2.237210527,2.210894738,2.16331579
1242,1.947368421,1.921052631,1.989473684,2.042105263,1.831578947,1.868789474,1.884578947,1.874052631,1.889842105,1.863526316,1.894894737
1243,2.452631579,2.4,2.4,2.278947369,2.378947369,2.437210526,2.458263158,2.447736842,2.468789474,2.437210526,2.415947369
1244,2.010526316,1.873684211,1.905263158,1.963157895,1.868421053,1.989842106,2.005631579,1.984578948,2.016157895,1.984578948,1.915947369
1245,2.684210526,2.710526315,2.689473684,2.778947368,2.710526315,2.652999999,2.674052631,2.663526315,2.684578947,2.663526315,2.594894736
1246,1.610526316,1.605263158,1.631578948,1.621052632,1.52631579,1.500368421,1.547736843,1.516157895,1.542473685,1.516157895,1.56331579
1247,1.994736842,1.878947368,1.915789473,1.926315789,1.878947368,1.916157895,1.953,1.937210526,1.963526316,1.92668421,1.947526316
1248,1.926315789,1.984210525,1.968421052,1.931578946,1.931578946,1.863526315,1.884578946,1.868789473,1.90036842,1.868789473,1.879105262
1249,2.157894737,2.068421053,2.084210527,2.142105263,2.052631579,2.137210527,2.174052632,2.153,2.17931579,2.137210527,2.110684211
1250,1.457894737,1.494736842,1.447368421,1.478947369,1.442105263,1.37931579,1.410894737,1.389842106,1.416157895,1.389842106,1.400157895
1251,2.705263158,2.757894737,2.578947369,2.705263158,2.763157895,2.631947369,2.653,2.637210527,2.674052632,2.626684211,2.673842105
1252,1.705263158,1.873684211,1.736842105,1.836842105,1.631578948,1.595105263,1.631947369,1.605631579,1.631947369,1.600368421,1.610684211
1253,0.647368421,0.731578947,0.694736842,0.663157895,0.663157895,0.558263158,0.589842105,0.563526316,0.595105263,0.558263158,0.579105263
1254,2.405263158,2.410526316,2.436842105,2.457894737,2.542105263,2.358263158,2.384578948,2.363526316,2.389842105,2.358263158,2.342263158
1255,1.552631579,1.442105263,1.468421053,1.410526316,1.421052632,1.489842105,1.521421053,1.495105263,1.531947369,1.500368421,1.515947369
1256,2.678947368,2.615789473,2.589473683,2.536842104,2.484210525,2.631947368,2.668789473,2.642473683,2.658263157,2.631947368,2.58436842
1257,1.257894737,1.2,1.205263158,1.321052632,1.257894737,1.195105263,1.226684211,1.205631579,1.231947369,1.200368421,1.173842106
1258,1.778947368,1.652631578,1.742105262,1.842105262,1.778947368,1.774052631,1.805631578,1.779315789,1.810894736,1.779315789,1.68436842
1259,1.421052632,1.442105264,1.300000001,1.378947369,1.405263159,1.337210527,1.374052632,1.347736843,1.374052632,1.331947369,1.36331579
1260,0.989473684,1.126315789,0.963157894,1.07368421,1.010526315,0.889842105,0.921421052,0.905631579,0.937210526,0.910894736,0.921210526
1261,1.442105263,1.457894737,1.321052631,1.436842105,1.394736842,1.395105263,1.421421052,1.389842105,1.421421052,1.395105263,1.368578947
1262,2.442105263,2.5,2.426315789,2.442105263,2.431578947,2.405631579,2.421421052,2.400368421,2.442473684,2.395105263,2.373842105
1263,2.094736842,2.015789473,2.047368421,2.084210526,1.963157895,2.031947368,2.047736842,2.02668421,2.058263158,2.02668421,1.968578947
1264,1.557894737,1.552631579,1.557894737,1.547368421,1.468421053,1.463526316,1.495105263,1.468789474,1.489842106,1.468789474,1.521210527
1265,2.1,2.057894737,2.105263158,2.131578947,2.089473684,2.042473684,2.084578947,2.058263158,2.079315789,2.063526316,2.079105263
1266,2.189473684,2.2,2.157894736,2.226315789,2.247368421,2.110894736,2.12668421,2.121421052,2.142473684,2.116157894,2.084368421
1267,1.321052632,1.25263158,1.221052632,1.263157896,1.263157896,1.242473685,1.274052632,1.247736843,1.289842106,1.263526317,1.284368422
1268,2.105263158,2.136842105,2.163157895,2.242105263,2.189473684,2.026684211,2.058263158,2.031947369,2.063526316,2.021421053,2.042263158
1269,1.736842105,1.77368421,1.67368421,1.636842105,1.621052631,1.637210526,1.663526315,1.642473684,1.668789473,1.642473684,1.589631578
1270,2.810526316,2.794736843,2.742105264,2.773684211,2.747368421,2.763526316,2.795105264,2.774052632,2.795105264,2.774052632,2.779105264
1271,1.784210526,1.794736841,1.689473684,1.731578947,1.815789473,1.652999999,1.695105263,1.668789473,1.705631578,1.663526315,1.742263157
1272,2.626315789,2.684210525,2.694736841,2.689473683,2.589473683,2.584578946,2.616157894,2.589842104,2.62668421,2.584578946,2.552789473
1273,1.194736842,1.210526316,1.142105263,1.147368421,1.147368421,1.168789473,1.195105263,1.168789473,1.189842105,1.168789473,1.131736842
1274,0.968421053,0.984210527,0.947368422,1.015789474,0.942105264,0.900368422,0.931947369,0.90563158,0.942473685,0.900368422,0.915947369
1275,1.273684211,1.273684211,1.200000001,1.242105264,1.231578948,1.231947369,1.263526317,1.231947369,1.268789475,1.237210527,1.226473685
1276,1.484210526,1.510526315,1.452631578,1.363157894,1.463157894,1.416157894,1.447736841,1.42668421,1.463526315,1.42668421,1.415947368
1277,1.889473684,1.77368421,1.810526315,1.684210526,1.778947368,1.82668421,1.863526315,1.831947368,1.868789473,1.82668421,1.868578947
1278,2.478947368,2.410526315,2.378947368,2.436842104,2.463157894,2.410894736,2.442473683,2.421421052,2.447736841,2.416157894,2.373842104
1279,1.478947368,1.394736841,1.521052631,1.452631578,1.442105262,1.531947368,1.574052631,1.537210525,1.563526315,1.531947368,1.405421052
1280,1.915789474,1.978947369,1.905263159,1.831578948,1.915789474,1.831947369,1.858263159,1.831947369,1.858263159,1.831947369,1.815947369
1281,0.515789474,0.389473685,0.342105264,0.421052632,0.357894737,0.463526316,0.500368422,0.47931579,0.510894737,0.474052632,0.484368422
1282,2.121052632,2.015789475,2.178947369,2.131578948,2.168421053,2.063526317,2.074052632,2.058263159,2.07931579,2.058263159,2.073842106
1283,2.136842105,2.057894736,2.131578947,2.078947368,2.031578947,2.047736842,2.074052631,2.063526315,2.084578947,2.058263157,2.121210526
1284,2.436842105,2.463157894,2.436842105,2.410526315,2.399999999,2.400368421,2.416157894,2.400368421,2.421421052,2.389842105,2.331736842
1285,1.921052632,1.863157896,1.821052632,1.968421053,1.85263158,1.816157896,1.853000001,1.831947369,1.847736843,1.816157896,1.805421053
1286,0.836842105,0.747368421,0.731578947,0.747368421,0.757894736,0.831947368,0.868789473,0.852999999,0.868789473,0.852999999,0.794894736
1287,1.378947368,1.34736842,1.363157894,1.331578947,1.310526315,1.321421052,1.352999999,1.321421052,1.347736841,1.331947368,1.300157894
1288,1.042105263,1.084210526,1.115789473,1.063157894,1.036842105,0.968789473,1.000368421,0.968789473,0.995105263,0.968789473,1.005421052
1289,1.426315789,1.37368421,1.526315789,1.436842104,1.431578946,1.305631578,1.32668421,1.310894736,1.337210525,1.295105262,1.389631578
1290,2.952631579,3.031578947,2.905263158,2.984210526,2.884210526,2.853,2.889842105,2.858263158,2.889842105,2.858263158,2.842263158
1291,2.110526316,2,2.121052632,2.131578948,2.210526316,2.089842106,2.126684211,2.105631579,2.126684211,2.095105264,2.094894737
1292,2.357894737,2.32631579,2.384210527,2.294736842,2.221052632,2.316157895,2.353,2.331947369,2.358263158,2.316157895,2.247526316
1293,0.973684211,0.821052633,0.75263158,0.815789475,0.800000001,0.87931579,0.895105264,0.874052633,0.90563158,0.863526317,0.937000001
1294,2.289473684,2.305263157,2.236842105,2.247368421,2.184210526,2.284578947,2.305631579,2.284578947,2.316157894,2.284578947,2.194894736
1295,2.047368421,2.021052631,2.068421053,2.047368421,2.126315789,2.000368421,2.031947368,2.010894737,2.031947368,2.005631579,1.968578947
1296,1.889473684,1.757894736,1.815789473,1.763157894,1.705263157,1.810894736,1.847736842,1.837210526,1.847736842,1.816157894,1.805421052
1297,2.357894737,2.357894737,2.4,2.457894737,2.452631579,2.321421053,2.347736842,2.321421053,2.353,2.316157895,2.273842106
1298,1.042105263,1.110526315,1.115789473,1.052631579,0.968421052,1.021421052,1.042473684,1.031947368,1.058263158,1.031947368,0.989631579
1299,1.463157895,1.415789474,1.289473685,1.431578948,1.547368422,1.358263158,1.384578948,1.363526316,1.389842106,1.358263158,1.384368422
1300,1.978947368,1.852631578,1.863157894,1.884210525,1.831578947,1.889842104,1.942473683,1.916157894,1.942473683,1.916157894,1.947526315
1301,1.626315789,1.531578946,1.57368421,1.568421052,1.584210525,1.568789473,1.60036842,1.568789473,1.610894736,1.574052631,1.51068421
1302,1.921052632,2.015789475,1.873684211,1.957894738,1.947368422,1.853000001,1.884578948,1.863526317,1.895105264,1.863526317,1.847526317
1303,2.042105263,1.957894737,1.989473684,2.115789473,2.026315789,1.931947368,1.958263158,1.931947368,1.958263158,1.921421052,2.005421052
1304,2.105263158,2.084210527,2.110526316,2.110526316,2.163157895,2.047736842,2.07931579,2.058263158,2.089842105,2.053,2.068578948
1305,3.057894737,3.078947369,3.147368421,3.052631579,3.010526316,2.984578948,3.021421053,3.000368421,3.026684211,3.000368421,3.000157895
1306,1.768421053,1.715789474,1.673684211,1.678947369,1.668421053,1.647736843,1.67931579,1.658263159,1.689842106,1.647736843,1.68963158
1307,3.273684211,3.168421054,3.263157896,3.147368422,3.168421054,3.216157896,3.258263159,3.226684211,3.258263159,3.210894738,3.247526317
1308,1.889473684,2.010526315,1.87368421,1.936842105,1.984210526,1.816157894,1.847736842,1.831947368,1.858263157,1.821421052,1.826473684
1309,2.136842105,2.068421052,2.010526315,2.189473684,2.115789473,2.105631578,2.137210526,2.110894736,2.142473684,2.095105263,2.084368421
1310,1.710526316,1.578947369,1.642105264,1.615789474,1.573684211,1.600368421,1.637210527,1.610894737,1.642473685,1.610894737,1.673842106
1311,2.384210526,2.436842105,2.410526315,2.331578947,2.394736841,2.347736841,2.379315789,2.342473684,2.389842105,2.358263157,2.28436842
1312,3.384210526,3.463157894,3.415789473,3.384210526,3.399999999,3.331947368,3.374052631,3.342473684,3.379315789,3.347736841,3.300157894
1313,1.536842105,1.505263157,1.489473684,1.510526315,1.505263157,1.495105263,1.542473684,1.516157894,1.52668421,1.500368421,1.442263157
1314,1.557894737,1.521052632,1.373684211,1.494736842,1.394736842,1.510894737,1.547736842,1.521421053,1.542473685,1.510894737,1.489631579
1315,1.131578947,1.094736841,1.068421052,1.078947368,1.163157894,1.031947368,1.058263157,1.047736841,1.068789473,1.042473683,1.042263157
1316,1.326315789,1.184210525,1.242105262,1.378947367,1.299999999,1.263526315,1.284578946,1.268789473,1.289842104,1.274052631,1.31068421
1317,2.057894737,2.031578948,2.010526316,2.068421053,2.036842106,2.000368421,2.021421053,2.010894737,2.037210527,2.005631579,2.021210527
1318,1.778947368,1.74736842,1.84736842,1.757894736,1.67368421,1.747736841,1.779315789,1.763526315,1.784578947,1.758263157,1.721210525
1319,1.989473684,1.952631579,1.768421052,1.842105263,1.878947368,1.895105263,1.92668421,1.905631579,1.931947368,1.905631579,1.942263157
1320,1.789473684,1.668421052,1.694736842,1.626315789,1.668421052,1.705631579,1.737210526,1.721421052,1.731947368,1.716157894,1.726473684
1321,1.284210526,1.263157894,1.184210526,1.215789473,1.184210526,1.216157894,1.252999999,1.231947368,1.258263157,1.22668421,1.179105263
1322,2.026315789,1.936842104,1.868421052,1.968421052,1.984210525,1.942473683,1.974052631,1.952999999,1.974052631,1.942473683,1.942263157
1323,1.705263158,1.621052632,1.7,1.742105263,1.647368421,1.637210527,1.663526316,1.658263158,1.668789474,1.647736842,1.647526316
1324,1.257894737,1.273684211,1.257894737,1.263157895,1.310526316,1.131947369,1.163526316,1.131947369,1.163526316,1.131947369,1.194894737
1325,2.536842105,2.652631578,2.594736842,2.542105263,2.557894736,2.474052631,2.505631578,2.489842105,2.505631578,2.474052631,2.463315789
1326,1.036842105,1.031578947,0.97368421,1.147368421,1.010526315,0.937210526,0.968789473,0.952999999,0.968789473,0.942473684,0.942263157
1327,1.789473684,1.726315789,1.847368421,1.815789473,1.747368421,1.689842105,1.72668421,1.695105263,1.731947368,1.695105263,1.758052631
1328,2.478947368,2.515789473,2.463157894,2.531578947,2.557894736,2.452999999,2.489842104,2.474052631,2.50036842,2.468789473,2.421210525
1329,1.247368421,1.284210526,1.252631579,1.247368421,1.363157895,1.163526316,1.205631579,1.184578947,1.205631579,1.184578947,1.179105263
1330,1.731578947,1.768421052,1.699999999,1.699999999,1.610526315,1.674052631,1.710894736,1.679315789,1.70036842,1.668789473,1.658052631
1331,1.757894737,1.721052632,1.668421053,1.805263158,1.757894737,1.684578948,1.721421053,1.695105263,1.721421053,1.689842106,1.700157895
1332,1.536842105,1.605263157,1.505263157,1.563157894,1.489473684,1.474052631,1.505631578,1.484578947,1.505631578,1.489842105,1.489631578
1333,2.252631579,2.236842105,2.194736842,2.163157895,2.105263158,2.163526316,2.189842105,2.17931579,2.205631579,2.174052632,2.16331579
1334,1.284210526,1.163157894,1.152631578,1.284210526,1.242105263,1.252999999,1.30036842,1.279315789,1.295105263,1.268789473,1.263315789
1335,0.852631579,0.815789474,0.847368421,0.747368421,0.868421053,0.774052632,0.816157895,0.77931579,0.810894737,0.768789474,0.76331579
1336,1.563157895,1.652631579,1.673684211,1.636842106,1.552631579,1.521421053,1.563526316,1.531947369,1.563526316,1.526684211,1.479105264
1337,1.084210526,1.24736842,1.089473684,1.052631578,1.105263157,0.989842105,1.021421052,1.005631578,1.016157894,0.995105263,1.021210526
1338,1.347368421,1.321052631,1.415789474,1.384210526,1.268421053,1.295105263,1.316157895,1.300368421,1.331947368,1.300368421,1.289631579
1339,1.194736842,1.2,1.215789473,1.163157895,1.215789473,1.137210526,1.174052631,1.158263158,1.168789473,1.131947368,1.173842105
1340,2.278947368,2.215789473,2.178947368,2.142105262,2.110526315,2.205631578,2.237210525,2.216157894,2.242473683,2.216157894,2.289631578
1341,1.705263158,1.784210527,1.678947369,1.784210527,1.694736842,1.616157895,1.642473684,1.626684211,1.658263158,1.621421053,1.589631579
1342,1.863157895,1.847368422,1.831578948,1.878947369,1.82631579,1.77931579,1.810894737,1.77931579,1.805631579,1.77931579,1.742263158
1343,1.578947368,1.721052631,1.610526315,1.689473683,1.57368421,1.495105262,1.531947368,1.505631578,1.537210525,1.495105262,1.515947368
1344,1.973684211,1.873684211,1.842105264,1.831578948,1.742105264,1.884578948,1.921421054,1.90563158,1.926684211,1.889842106,1.942263159
1345,1.936842105,1.963157894,1.915789473,1.910526315,1.910526315,1.858263157,1.889842105,1.868789473,1.910894736,1.863526315,1.894894736
1346,1.578947368,1.499999999,1.54736842,1.54736842,1.621052631,1.542473683,1.579315789,1.568789473,1.589842104,1.558263157,1.463315789
1347,2.136842105,2.131578947,2.084210526,2.010526315,2.094736842,2.084578947,2.105631578,2.089842105,2.116157894,2.068789473,2.042263157
1348,2.315789474,2.357894737,2.373684211,2.384210527,2.321052632,2.226684211,2.274052632,2.242473685,2.274052632,2.237210527,2.26331579
1349,2.410526316,2.421052632,2.568421053,2.452631579,2.436842106,2.347736843,2.384578948,2.353,2.384578948,2.353,2.337
1350,2.610526316,2.6,2.668421053,2.6,2.542105264,2.542473685,2.568789474,2.531947369,2.568789474,2.542473685,2.510684211
1351,2.294736842,2.189473684,2.215789473,2.3,2.184210526,2.237210526,2.263526316,2.237210526,2.268789473,2.237210526,2.263315789
1352,1.8,1.668421053,1.673684211,1.715789474,1.578947368,1.737210526,1.774052632,1.753,1.795105263,1.758263158,1.763315789
1353,1.273684211,1.331578948,1.257894738,1.210526317,1.436842106,1.17931579,1.20563158,1.189842106,1.216157896,1.189842106,1.205421054
1354,1.852631579,1.789473684,1.710526316,1.784210526,1.831578947,1.758263158,1.784578947,1.768789474,1.805631579,1.753,1.794894737
1355,2,1.968421053,1.942105263,1.978947368,1.905263158,1.895105263,1.926684211,1.900368421,1.921421053,1.900368421,1.915947368
1356,2.105263158,2.3,2.131578948,2.205263158,2.247368421,2.016157895,2.047736842,2.010894737,2.037210527,2.016157895,2.073842105
1357,0.878947368,0.831578947,0.731578947,0.868421052,0.799999999,0.805631578,0.831947368,0.816157894,0.837210525,0.810894736,0.868578947
1358,1.784210526,1.836842105,1.657894736,1.789473684,1.799999999,1.70036842,1.737210526,1.705631578,1.742473684,1.710894736,1.705421052
1359,1.815789474,1.836842106,1.778947369,1.831578948,1.873684211,1.784578948,1.810894737,1.80563158,1.831947369,1.789842106,1.773842106
1360,2.457894737,2.457894737,2.310526316,2.415789474,2.394736842,2.368789474,2.405631579,2.37931579,2.410894737,2.37931579,2.358052632
1361,2.121052632,1.989473685,2.010526317,1.931578948,1.942105264,2.058263159,2.07931579,2.063526317,2.084578948,2.053000001,2.052789475
1362,2.968421053,2.973684211,2.868421053,2.963157895,2.931578948,2.889842106,2.931947369,2.90563158,2.926684211,2.900368422,2.868578948
1363,1.652631579,1.563157895,1.578947369,1.642105263,1.578947369,1.574052632,1.595105263,1.57931579,1.605631579,1.574052632,1.652789474
1364,1.536842105,1.463157894,1.494736842,1.436842105,1.526315789,1.421421052,1.468789473,1.437210526,1.463526315,1.431947368,1.505421052
1365,2.226315789,2.34736842,2.326315789,2.34736842,2.242105262,2.195105262,2.216157894,2.210894736,2.231947367,2.20036842,2.11068421
1366,1.973684211,2.094736843,2.036842106,1.942105264,2.02631579,1.90563158,1.926684211,1.910894738,1.937210527,1.900368422,1.937000001
1367,1.184210526,1.178947368,1.14736842,1.078947368,1.057894736,1.116157894,1.147736841,1.131947368,1.147736841,1.121421052,1.126473684
1368,1.763157895,1.684210527,1.768421053,1.747368422,1.757894737,1.700368422,1.731947369,1.705631579,1.721421053,1.700368422,1.747526316
1369,2.4,2.457894737,2.289473684,2.342105263,2.352631579,2.305631579,2.331947368,2.310894737,2.337210526,2.289842105,2.305421053
1370,2.084210526,1.963157894,1.926315789,2.010526315,1.921052631,2.095105263,2.121421052,2.105631578,2.131947368,2.105631578,1.994894736
1371,2.173684211,2.121052633,2.110526317,1.978947369,2.163157896,2.074052633,2.110894738,2.084578948,2.10563158,2.074052633,2.110684211
1372,2.547368421,2.652631579,2.589473684,2.426315789,2.557894737,2.500368421,2.537210526,2.510894737,2.547736842,2.510894737,2.479105263
1373,2.978947368,3.042105262,2.957894736,2.910526315,2.894736841,2.910894736,2.942473683,2.92668421,2.947736841,2.910894736,2.958052631
1374,1.278947368,1.089473683,1.021052631,1.105263157,1.14736842,1.163526315,1.195105262,1.174052631,1.195105262,1.168789473,1.236999999
1375,2.689473684,2.605263157,2.526315789,2.510526315,2.478947368,2.674052631,2.72668421,2.695105263,2.72668421,2.695105263,2.642263157
1376,1.705263158,1.663157895,1.663157895,1.584210527,1.72631579,1.647736842,1.668789474,1.647736842,1.684578948,1.642473684,1.631736842
1377,1.021052632,0.994736843,0.994736843,0.873684211,0.784210527,0.963526317,1.00563158,0.984578948,1.010894738,0.989842106,0.979105264
1378,2.210526316,2.257894737,2.073684211,2.221052632,2.121052632,2.168789474,2.200368421,2.168789474,2.200368421,2.153,2.173842106
1379,1.657894737,1.72631579,1.536842106,1.605263158,1.62631579,1.574052632,1.610894737,1.584578948,1.616157895,1.57931579,1.647526316
1380,1.378947368,1.384210525,1.263157894,1.278947368,1.284210525,1.316157894,1.347736841,1.32668421,1.358263157,1.32668421,1.326473683
1381,2.084210526,2.068421052,2.126315789,2.105263157,2.099999999,2.02668421,2.058263157,2.031947368,2.068789473,2.037210526,1.952789473
1382,1.684210526,1.742105263,1.668421052,1.794736841,1.615789473,1.621421052,1.674052631,1.652999999,1.674052631,1.642473684,1.579105263
1383,1.721052632,1.663157896,1.684210527,1.657894738,1.55263158,1.658263159,1.684578948,1.658263159,1.695105264,1.663526317,1.658052632
1384,1.668421053,1.615789474,1.710526317,1.663157895,1.694736843,1.589842106,1.626684211,1.600368422,1.626684211,1.595105264,1.652789474
1385,2.236842105,2.163157894,2.121052631,1.999999999,2.089473684,2.184578947,2.205631578,2.200368421,2.22668421,2.179315789,2.173842105
1386,2.194736842,2.163157895,2.205263158,2.163157895,2.110526316,2.137210526,2.168789473,2.153,2.168789473,2.137210526,2.073842105
1387,1.563157895,1.515789474,1.563157895,1.521052632,1.500000001,1.468789474,1.495105264,1.484578948,1.505631579,1.468789474,1.521210527
1388,1.768421053,1.647368422,1.678947369,1.584210527,1.689473685,1.716157895,1.753000001,1.731947369,1.758263159,1.721421053,1.752789474
1389,0.963157895,0.810526316,0.752631579,0.884210527,0.757894737,0.921421053,0.953000001,0.937210527,0.958263158,0.931947369,0.884368422
1390,1.642105263,1.578947368,1.636842105,1.584210526,1.563157894,1.668789473,1.710894737,1.668789473,1.700368421,1.668789473,1.558052631
1391,1.442105263,1.442105263,1.394736842,1.478947368,1.368421052,1.374052631,1.410894737,1.384578947,1.421421052,1.384578947,1.431736842
1392,1.489473684,1.4,1.447368421,1.452631579,1.378947368,1.489842105,1.510894736,1.489842105,1.510894736,1.489842105,1.389631579
1393,1.542105263,1.405263158,1.5,1.484210526,1.410526315,1.42668421,1.458263158,1.421421052,1.458263158,1.42668421,1.447526315
1394,1.863157895,1.868421053,1.752631579,1.831578948,1.857894737,1.800368422,1.831947369,1.805631579,1.837210527,1.810894737,1.773842106
1395,1.347368421,1.268421053,1.342105263,1.257894737,1.236842105,1.295105263,1.32668421,1.305631579,1.32668421,1.305631579,1.273842105
1396,1.931578947,1.84736842,1.868421052,1.794736841,1.778947368,1.858263157,1.90036842,1.874052631,1.90036842,1.874052631,1.873842105
1397,2.831578947,2.957894736,2.942105262,2.831578947,2.84736842,2.816157894,2.847736841,2.821421052,2.858263157,2.821421052,2.726473683
1398,1.189473684,1.147368421,1.189473684,1.263157894,1.094736842,1.116157894,1.147736842,1.131947368,1.158263157,1.12668421,1.100157894
1399,1.394736842,1.368421052,1.315789473,1.27368421,1.27368421,1.337210526,1.384578947,1.358263158,1.389842105,1.353,1.352789473
1400,2.326315789,2.321052631,2.289473683,2.221052631,2.205263157,2.321421052,2.347736841,2.32668421,2.347736841,2.32668421,2.247526315
1401,2.226315789,2.17368421,2.168421052,2.089473683,2.157894736,2.174052631,2.189842104,2.179315789,2.205631578,2.168789473,2.173842104
1402,2.152631579,2.152631579,2.12631579,2.184210526,2.236842105,2.021421053,2.053,2.031947369,2.058263158,2.026684211,2.068578947
1403,2.226315789,2.284210525,2.042105262,2.184210525,2.14736842,2.131947367,2.168789473,2.158263157,2.174052631,2.137210525,2.173842104
1404,1.326315789,1.331578946,1.357894736,1.378947367,1.342105262,1.30036842,1.331947367,1.310894736,1.342473683,1.310894736,1.242263157
1405,1.736842105,1.752631578,1.77368421,1.731578947,1.757894736,1.700368421,1.72668421,1.710894736,1.737210526,1.695105263,1.658052631
1406,1.921052632,1.978947369,1.947368422,1.863157896,1.863157896,1.821421053,1.842473685,1.821421053,1.842473685,1.810894738,1.873842106
1407,1.657894737,1.505263158,1.568421053,1.578947369,1.521052632,1.637210527,1.668789474,1.642473685,1.674052632,1.637210527,1.56331579
1408,2.136842105,2.063157894,2.057894736,2.052631578,2.084210526,2.084578947,2.116157894,2.095105263,2.121421052,2.089842105,2.058052631
1409,2.4,2.4,2.442105263,2.4,2.389473684,2.310894737,2.331947368,2.310894737,2.331947368,2.310894737,2.358052632
1410,0.942105263,0.978947368,0.842105263,0.857894737,0.868421052,0.863526315,0.895105263,0.863526315,0.889842105,0.868789473,0.858052631
1411,2.6,2.610526316,2.552631579,2.489473684,2.563157895,2.442473684,2.484578947,2.468789474,2.484578947,2.458263158,2.489631579
1412,1.021052632,0.984210527,1.02631579,0.910526317,0.963157896,1.021421053,1.058263159,1.042473685,1.068789475,1.021421053,0.96331579
1413,2.394736842,2.3,2.310526316,2.247368421,2.321052631,2.358263158,2.379315789,2.368789473,2.395105263,2.353,2.363315789
1414,0.947368421,0.894736842,0.815789474,0.836842105,0.878947368,0.874052631,0.921421053,0.895105263,0.921421053,0.889842105,0.847526316
1415,1.694736842,1.736842105,1.731578947,1.663157895,1.663157895,1.595105263,1.62668421,1.605631579,1.631947368,1.600368421,1.652789473
1416,2.421052632,2.45263158,2.494736843,2.373684211,2.342105264,2.342473685,2.363526317,2.353000001,2.37931579,2.353000001,2.384368422
1417,2.263157895,2.068421053,2.184210527,2.131578948,2.131578948,2.231947369,2.253000001,2.231947369,2.263526316,2.237210527,2.194894737
1418,1.510526316,1.4,1.463157895,1.4,1.373684211,1.431947369,1.463526316,1.447736843,1.468789474,1.437210527,1.484368421
1419,1.968421053,1.868421053,1.836842106,1.815789474,1.810526317,1.889842106,1.921421053,1.895105264,1.931947369,1.895105264,1.921210527
1420,2.273684211,2.184210527,2.231578948,2.215789475,2.305263159,2.216157896,2.242473685,2.210894738,2.253000001,2.216157896,2.242263159
1421,2.142105263,2.110526315,2.210526315,2.126315789,2.084210526,2.105631579,2.142473684,2.12668421,2.153,2.121421052,2.026473684
1422,2.226315789,2.178947367,2.363157894,2.178947367,2.27368421,2.158263157,2.195105262,2.168789473,2.195105262,2.168789473,2.163315789
1423,1.968421053,2.031578948,2.036842106,1.957894738,2.010526317,1.963526317,1.995105264,1.974052632,1.995105264,1.953000001,1.952789474
1424,1.573684211,1.578947369,1.568421054,1.547368422,1.65263158,1.47931579,1.510894738,1.495105264,1.510894738,1.484578948,1.526473685
1425,1.605263158,1.463157895,1.547368421,1.542105263,1.494736842,1.558263158,1.584578948,1.568789474,1.595105263,1.574052632,1.531736842
1426,1.557894737,1.694736842,1.573684211,1.584210527,1.589473685,1.500368421,1.531947369,1.516157895,1.537210527,1.510894737,1.484368421
1427,2.531578947,2.536842105,2.478947368,2.563157894,2.526315789,2.510894736,2.542473683,2.521421052,2.537210526,2.505631578,2.431736841
1428,1.668421053,1.684210527,1.610526317,1.684210527,1.589473685,1.553000001,1.595105264,1.568789474,1.589842106,1.563526317,1.573842106
1429,0.831578947,0.794736841,0.736842105,0.84736842,0.742105262,0.80036842,0.82668421,0.795105262,0.837210526,0.80036842,0.773842105
1430,0.694736842,0.610526316,0.621052631,0.610526316,0.663157895,0.558263158,0.605631579,0.579315789,0.605631579,0.568789473,0.584368421
1431,2.952631579,2.878947369,2.921052632,2.942105263,2.910526316,2.905631579,2.937210526,2.910894737,2.931947369,2.905631579,2.873842105
1432,2.147368421,2.184210526,2.163157895,2.242105263,2.026315789,2.147736842,2.174052631,2.147736842,2.168789474,2.153,2.073842105
1433,2.252631579,2.168421053,2.2,2.136842105,2.110526316,2.195105263,2.231947369,2.205631579,2.226684211,2.200368421,2.189631579
1434,1.615789474,1.531578948,1.489473685,1.484210527,1.568421053,1.558263159,1.57931579,1.563526316,1.600368422,1.553000001,1.537000001
1435,1.389473684,1.436842105,1.415789473,1.421052631,1.442105263,1.305631579,1.321421052,1.310894736,1.331947368,1.305631579,1.284368421
1436,1.563157895,1.463157895,1.547368422,1.452631579,1.484210527,1.537210527,1.568789474,1.553000001,1.574052632,1.553000001,1.531736843
1437,1.852631579,1.915789474,1.92631579,1.9,1.873684211,1.816157895,1.847736842,1.831947369,1.837210526,1.826684211,1.826473684
1438,2.094736842,2.036842105,2.105263158,2.115789473,2.042105263,2.068789473,2.105631579,2.079315789,2.105631579,2.074052631,2.037
1439,1.4,1.342105263,1.452631579,1.442105263,1.373684211,1.305631579,1.342473684,1.316157895,1.342473684,1.316157895,1.363315789
1440,1.610526316,1.578947369,1.6,1.647368421,1.605263158,1.526684211,1.563526316,1.537210527,1.568789474,1.526684211,1.526473685
1441,3.205263158,3.22631579,3.189473684,3.173684211,3.157894737,3.131947369,3.153,3.137210527,3.168789474,3.137210527,3.168578948
1442,2.910526316,2.784210527,2.794736843,2.752631579,2.810526316,2.874052632,2.910894737,2.889842106,2.905631579,2.884578948,2.815947369
1443,1.905263158,1.852631579,1.947368421,1.805263158,1.878947369,1.826684211,1.853,1.826684211,1.858263158,1.816157895,1.789631579
1444,1.115789474,1.105263159,1.068421053,1.031578948,0.994736843,1.000368422,1.037210527,1.010894737,1.047736843,1.000368422,1.073842106
1445,2.852631579,2.863157895,2.910526316,2.9,2.936842105,2.768789474,2.805631579,2.789842105,2.805631579,2.77931579,2.789631579
1446,3.268421053,3.305263159,3.215789474,3.294736843,3.231578948,3.17931579,3.221421053,3.189842106,3.221421053,3.195105264,3.184368422
1447,1.852631579,1.889473684,1.905263158,1.852631579,1.836842105,1.731947369,1.774052632,1.753,1.784578947,1.731947369,1.742263158
1448,1.773684211,1.784210527,1.757894738,1.710526317,1.736842106,1.731947369,1.774052633,1.747736843,1.774052633,1.747736843,1.66331579
1449,2.463157895,2.389473685,2.447368422,2.431578948,2.442105264,2.400368422,2.442473685,2.416157895,2.437210527,2.416157895,2.405421053
1450,2.684210526,2.594736841,2.699999999,2.699999999,2.605263157,2.605631578,2.642473684,2.616157894,2.652999999,2.616157894,2.642263157
1451,2.168421053,2.105263159,2.194736843,2.105263159,2.136842106,2.126684211,2.158263159,2.131947369,2.153000001,2.121421053,2.094894738
1452,1.047368421,0.931578947,0.831578947,0.984210526,1.026315789,1.016157895,1.047736842,1.037210526,1.063526316,1.02668421,0.915947368
1453,1.889473684,1.757894736,1.763157894,1.8,1.747368421,1.795105263,1.816157894,1.795105263,1.82668421,1.784578947,1.768578947
1454,1.921052632,2.015789475,1.936842106,1.957894738,1.905263159,1.931947369,1.958263159,1.937210527,1.958263159,1.926684211,1.852789475
1455,1.842105263,1.705263158,1.715789473,1.784210526,1.789473684,1.758263158,1.795105263,1.768789473,1.800368421,1.768789473,1.794894737
1456,1.426315789,1.431578946,1.352631578,1.389473683,1.294736841,1.389842104,1.416157894,1.395105262,1.421421052,1.389842104,1.368578946
1457,1.989473684,1.942105263,1.926315789,1.947368421,1.947368421,1.974052631,2.005631579,1.984578947,2.016157894,1.989842105,1.921210526
1458,2.021052632,1.947368422,1.931578948,1.947368422,1.900000001,2.047736843,2.084578948,2.058263159,2.089842106,2.058263159,1.926473685
1459,2.205263158,2.142105263,2.036842105,2.173684211,2.131578948,2.116157895,2.142473684,2.121421053,2.153,2.116157895,2.06331579
1460,1.442105263,1.468421052,1.357894737,1.278947368,1.247368421,1.358263158,1.395105263,1.379315789,1.405631579,1.368789473,1.363315789
1461,2.057894737,2.073684211,2.015789474,1.968421053,1.963157895,2.010894737,2.031947369,2.016157895,2.047736842,2.010894737,1.942263158
1462,2.326315789,2.352631578,2.336842104,2.231578946,2.384210525,2.268789473,2.30036842,2.274052631,2.305631578,2.274052631,2.268578946
1463,1.736842105,1.615789473,1.552631578,1.657894736,1.57368421,1.731947368,1.758263157,1.747736842,1.768789473,1.737210526,1.752789473
1464,1.515789474,1.510526316,1.442105264,1.531578948,1.547368422,1.458263159,1.47931579,1.463526316,1.484578948,1.458263159,1.46331579
1465,2.684210526,2.589473684,2.552631578,2.731578947,2.636842105,2.637210526,2.674052631,2.663526315,2.684578947,2.647736841,2.647526315
1466,2.442105263,2.463157894,2.510526315,2.531578947,2.505263158,2.416157894,2.437210526,2.416157894,2.442473684,2.405631579,2.405421052
1467,2.078947368,2.005263157,1.910526315,2.07368421,1.999999999,2.047736841,2.079315789,2.058263157,2.089842104,2.047736841,1.952789473
1468,1.563157895,1.668421053,1.547368422,1.584210527,1.500000001,1.526684211,1.553000001,1.531947369,1.563526316,1.526684211,1.56331579
1469,2.131578947,2.152631578,2.157894736,2.142105262,2.068421052,2.021421052,2.058263157,2.02668421,2.052999999,2.021421052,2.042263157
1470,2.478947368,2.510526315,2.431578947,2.505263157,2.44736842,2.363526315,2.405631578,2.379315789,2.410894736,2.379315789,2.415947368
1471,1.668421053,1.700000001,1.636842106,1.689473685,1.642105264,1.584578948,1.616157895,1.595105264,1.626684211,1.595105264,1.584368422
1472,2.205263158,2.115789474,2.015789474,1.947368421,2.078947369,2.174052632,2.205631579,2.174052632,2.195105263,2.174052632,2.173842105
1473,0.957894737,1.02631579,0.910526316,0.989473685,1.005263158,0.916157895,0.947736842,0.926684211,0.953,0.916157895,0.894894737
1474,1.763157895,1.652631579,1.673684211,1.800000001,1.689473685,1.731947369,1.774052632,1.742473685,1.763526316,1.737210527,1.705421053
1475,1.194736842,1.17368421,1.052631579,1.052631579,1.136842105,1.137210526,1.168789473,1.158263158,1.174052631,1.147736842,1.173842105
1476,2.731578947,2.684210526,2.715789473,2.610526315,2.642105262,2.695105262,2.721421052,2.705631578,2.731947368,2.70036842,2.679105262
1477,1.478947368,1.363157894,1.494736841,1.510526315,1.457894736,1.442473683,1.479315789,1.463526315,1.495105262,1.468789473,1.442263157
1478,1.994736842,1.994736842,1.921052631,1.947368421,1.957894737,1.916157895,1.947736842,1.92668421,1.958263158,1.921421052,1.889631579
1479,1.610526316,1.631578948,1.563157895,1.621052632,1.563157895,1.553,1.589842106,1.568789474,1.589842106,1.568789474,1.558052632
1480,2.252631579,2.242105263,2.178947369,2.2,2.173684211,2.195105263,2.216157895,2.195105263,2.231947369,2.195105263,2.126473684
1481,1.778947368,1.689473683,1.726315789,1.710526315,1.64736842,1.763526315,1.795105262,1.774052631,1.795105262,1.768789473,1.705421052
1482,2.189473684,2.105263157,2.105263157,2.17368421,1.968421052,2.116157894,2.147736842,2.12668421,2.158263157,2.12668421,2.152789473
1483,2.489473684,2.457894736,2.47368421,2.5,2.563157894,2.405631579,2.431947368,2.410894736,2.437210526,2.410894736,2.468578947
1484,1.9,1.9,1.894736842,1.947368421,1.963157895,1.784578947,1.837210526,1.800368421,1.826684211,1.800368421,1.842263158
1485,1.910526316,1.931578948,1.894736843,1.915789474,1.952631579,1.847736843,1.874052632,1.853,1.87931579,1.853,1.852789474
1486,1.763157895,1.757894737,1.721052632,1.694736843,1.673684211,1.747736843,1.774052632,1.758263158,1.784578948,1.758263158,1.694894737
1487,1.157894737,0.989473685,1,0.952631579,0.968421053,1.121421053,1.158263158,1.137210527,1.163526316,1.126684211,1.094894737
1488,1.757894737,1.821052632,1.794736842,1.852631579,1.705263158,1.77931579,1.805631579,1.789842106,1.810894737,1.784578948,1.721210527
1489,2.342105263,2.27368421,2.152631579,2.226315789,2.152631579,2.253,2.284578947,2.268789473,2.284578947,2.258263158,2.294894737
1490,0.978947368,1.057894736,1.068421052,1.015789473,1.178947368,0.952999999,0.984578947,0.963526315,0.995105262,0.958263157,0.921210525
1491,1.873684211,1.731578948,1.710526317,1.82631579,1.763157896,1.826684211,1.863526317,1.847736843,1.847736843,1.826684211,1.831736843
1492,2.326315789,2.315789473,2.205263157,2.299999999,2.257894736,2.247736841,2.284578946,2.252999999,2.279315789,2.247736841,2.268578946
1493,1.310526316,1.194736843,1.194736843,1.152631579,1.247368421,1.221421053,1.253,1.221421053,1.258263158,1.226684211,1.284368421
1494,2.457894737,2.436842106,2.384210527,2.415789474,2.352631579,2.374052632,2.405631579,2.384578948,2.410894737,2.374052632,2.347526316
1495,2.357894737,2.463157895,2.505263158,2.389473685,2.473684211,2.237210527,2.268789474,2.247736842,2.263526316,2.231947369,2.289631579
1496,0.326315789,0.421052631,0.336842104,0.357894736,0.378947367,0.258263157,0.295105262,0.274052631,0.305631578,0.274052631,0.258052631
1497,2.952631579,2.868421053,2.8,2.8,2.910526316,2.884578947,2.921421053,2.895105263,2.921421053,2.87931579,2.889631579
1498,2.921052632,3.05263158,2.815789475,2.821052632,2.868421053,2.853000001,2.884578948,2.868789475,2.889842106,2.853000001,2.826473685
1499,1.963157895,2.010526316,2.010526316,1.947368422,1.910526316,1.863526316,1.895105264,1.87931579,1.900368422,1.868789474,1.894894737
1500,1.226315789,1.14736842,1.084210525,1.126315789,1.099999999,1.174052631,1.205631578,1.184578946,1.205631578,1.189842104,1.131736841
1501,1.373684211,1.447368422,1.300000001,1.384210527,1.421052633,1.337210527,1.353000001,1.347736843,1.368789475,1.337210527,1.310684211
1502,1.884210526,1.915789473,1.952631578,1.989473684,1.968421052,1.80036842,1.82668421,1.810894736,1.837210526,1.805631578,1.815947368
1503,1.9,1.9,1.889473684,1.789473684,1.884210526,1.831947368,1.868789474,1.847736842,1.884578947,1.842473684,1.863315789
1504,2.473684211,2.463157896,2.478947369,2.600000001,2.484210527,2.431947369,2.463526317,2.442473685,2.474052633,2.437210527,2.38963158
1505,2.289473684,2.242105263,2.289473684,2.252631579,2.242105263,2.216157894,2.247736842,2.22668421,2.263526315,2.216157894,2.221210526
1506,2.1,2.089473684,2.047368421,1.968421053,2.1,2.005631579,2.042473684,2.031947368,2.047736842,2.026684211,2.073842105
1507,1.636842105,1.657894736,1.631578947,1.584210526,1.647368421,1.595105263,1.621421052,1.610894736,1.637210526,1.600368421,1.552789473
1508,2.336842105,2.457894736,2.299999999,2.342105263,2.384210526,2.310894736,2.363526315,2.342473684,2.358263157,2.321421052,2.247526315
1509,2.563157895,2.500000001,2.494736843,2.568421053,2.515789474,2.468789474,2.516157895,2.47931579,2.516157895,2.47931579,2.494894737
1510,1.884210526,1.842105263,1.805263157,1.899999999,1.768421052,1.831947368,1.874052631,1.852999999,1.879315789,1.847736841,1.847526315
1511,2.136842105,2.021052631,2.115789473,2.121052631,2.115789473,2.100368421,2.137210526,2.105631578,2.131947368,2.110894736,2.084368421
1512,1.863157895,1.910526316,1.836842106,1.852631579,1.82631579,1.874052632,1.905631579,1.884578948,1.916157895,1.87931579,1.821210527
1513,1.915789474,1.884210527,1.784210527,1.763157895,1.900000001,1.868789474,1.900368422,1.868789474,1.90563158,1.868789474,1.86331579
1514,1.884210526,1.868421052,1.899999999,1.815789473,1.889473684,1.779315789,1.816157894,1.779315789,1.821421052,1.779315789,1.789631578
1515,2.289473684,2.231578947,2.315789473,2.252631579,2.326315789,2.237210526,2.268789473,2.242473684,2.263526315,2.231947368,2.200157894
1516,1.810526316,1.805263158,1.673684211,1.715789474,1.763157895,1.753,1.774052632,1.763526316,1.784578948,1.763526316,1.731736843
1517,0.968421053,0.92631579,0.936842106,0.947368422,0.910526317,0.916157895,0.947736843,0.931947369,0.963526317,0.926684211,0.942263159
1518,2.231578947,2.163157894,2.278947368,2.294736841,2.178947368,2.152999999,2.184578947,2.168789473,2.184578947,2.163526315,2.168578947
1519,1.742105263,1.721052631,1.842105263,1.721052631,1.784210526,1.695105263,1.731947368,1.705631579,1.742473684,1.705631579,1.715947368
1520,2.357894737,2.389473685,2.315789474,2.384210527,2.484210527,2.295105263,2.337210527,2.316157895,2.337210527,2.321421053,2.305421053
1521,1.042105263,1.047368421,1.110526315,1.194736842,1.078947368,0.984578947,1.005631579,0.984578947,1.016157894,0.995105263,0.958052631
1522,1.931578947,1.921052631,1.87368421,1.852631578,1.857894736,1.895105262,1.937210526,1.910894736,1.937210526,1.90036842,1.821210526
1523,1.757894737,1.605263158,1.652631579,1.547368421,1.631578948,1.637210527,1.67931579,1.663526316,1.689842106,1.653,1.715947369
1524,2.1,2.052631579,1.989473684,2.026315789,2.021052632,2.063526316,2.100368421,2.079315789,2.100368421,2.074052632,2.068578947
1525,1.273684211,1.347368422,1.268421054,1.200000001,1.131578948,1.231947369,1.268789475,1.242473685,1.274052633,1.237210527,1.179105264
1526,2.878947368,2.94736842,2.705263157,2.936842104,2.957894736,2.82668421,2.863526315,2.842473683,2.868789473,2.837210525,2.826473683
1527,0.947368421,0.994736842,0.894736842,0.989473684,0.978947368,0.842473684,0.868789474,0.853,0.879315789,0.853,0.968578947
1528,1.431578947,1.499999999,1.457894736,1.468421052,1.463157894,1.374052631,1.405631578,1.395105262,1.410894736,1.379315789,1.426473683
1529,1.726315789,1.642105262,1.552631578,1.531578946,1.610526315,1.647736841,1.695105262,1.658263157,1.684578946,1.647736841,1.658052631
1530,1.073684211,0.963157896,0.92631579,0.92631579,0.984210527,1.058263159,1.095105264,1.068789475,1.095105264,1.058263159,1.031736843
1531,1.863157895,1.842105264,1.894736843,1.894736843,1.963157895,1.87931579,1.905631579,1.895105264,1.900368422,1.884578948,1.800157895
1532,2.542105263,2.442105263,2.447368421,2.421052631,2.542105263,2.505631579,2.542473684,2.52668421,2.558263158,2.510894737,2.494894737
1533,1.668421053,1.636842106,1.505263159,1.55263158,1.589473685,1.626684211,1.653000001,1.631947369,1.658263159,1.631947369,1.584368422
1534,2.310526316,2.352631579,2.315789474,2.257894737,2.247368421,2.216157895,2.253,2.221421053,2.247736843,2.216157895,2.237
1535,2.810526316,2.815789474,2.763157895,2.842105264,2.778947369,2.742473685,2.784578948,2.763526316,2.784578948,2.758263158,2.694894737
1536,2.621052632,2.515789475,2.531578948,2.447368422,2.542105264,2.526684211,2.558263159,2.531947369,2.563526317,2.526684211,2.531736843
1537,2.089473684,2.052631579,1.957894736,1.921052631,1.97368421,2.02668421,2.074052631,2.042473684,2.068789473,2.042473684,2.052789473
1538,0.6,0.505263158,0.557894737,0.605263158,0.510526316,0.547736842,0.579315789,0.553,0.584578947,0.553,0.521210526
1539,1.336842105,1.284210526,1.163157894,1.263157894,1.289473684,1.305631578,1.32668421,1.305631578,1.347736842,1.310894736,1.247526315
1540,1.821052632,1.842105264,1.773684211,1.794736843,1.784210527,1.774052632,1.80563158,1.795105264,1.816157896,1.795105264,1.737000001
1541,2.047368421,2.057894737,2.094736842,1.97368421,2.084210526,1.984578947,2.016157895,2.000368421,2.021421053,1.979315789,1.989631579
1542,2.015789474,1.905263159,1.95263158,1.868421053,1.973684211,1.937210527,1.974052632,1.953000001,1.97931579,1.958263159,1.926473685
1543,2.889473684,2.905263157,2.884210526,2.910526315,2.752631579,2.858263157,2.895105263,2.874052631,2.895105263,2.863526315,2.800157894
1544,2.231578947,2.152631578,2.094736841,2.136842105,2.231578947,2.22668421,2.268789473,2.237210526,2.258263157,2.237210526,2.18436842
1545,1.473684211,1.468421054,1.442105264,1.32631579,1.442105264,1.421421054,1.463526317,1.442473685,1.458263159,1.426684211,1.431736843
1546,1.742105263,1.726315789,1.663157894,1.689473684,1.6,1.679315789,1.705631579,1.689842105,1.700368421,1.684578947,1.726473684
1547,2.563157895,2.600000001,2.589473685,2.594736843,2.647368422,2.495105264,2.521421053,2.505631579,2.542473685,2.500368422,2.494894737
1548,1.415789474,1.421052632,1.431578948,1.505263159,1.384210527,1.389842106,1.410894737,1.389842106,1.421421053,1.384578948,1.352789474
1549,1.821052632,1.731578948,1.684210527,1.715789475,1.747368422,1.747736843,1.789842106,1.758263159,1.795105264,1.753000001,1.700157896
1550,2.415789474,2.436842106,2.336842106,2.463157895,2.494736843,2.395105264,2.421421053,2.40563158,2.426684211,2.395105264,2.373842106
1551,2.431578947,2.405263157,2.363157894,2.289473683,2.242105262,2.321421052,2.352999999,2.337210526,2.358263157,2.32668421,2.38436842
1552,1.042105263,0.984210526,0.963157894,0.994736842,0.910526315,0.931947368,0.968789473,0.942473684,0.974052631,0.937210526,0.968578947
1553,1.694736842,1.584210526,1.67368421,1.605263158,1.731578947,1.584578947,1.621421052,1.600368421,1.616157895,1.579315789,1.594894737
1554,0.873684211,0.784210527,0.731578948,0.894736843,0.910526317,0.80563158,0.831947369,0.810894738,0.842473685,0.810894738,0.794894738
1555,1.226315789,1.236842104,1.157894736,1.14736842,1.221052631,1.174052631,1.20036842,1.189842104,1.20036842,1.174052631,1.147526315
1556,1.442105263,1.442105263,1.389473684,1.484210526,1.526315789,1.368789473,1.410894737,1.384578947,1.405631579,1.374052631,1.389631579
1557,2.021052632,2.031578948,1.947368422,1.95263158,1.868421053,1.947736843,1.984578948,1.963526317,1.984578948,1.953000001,1.910684211
1558,1.989473684,2.063157894,2.036842105,1.947368421,1.968421052,1.895105263,1.916157894,1.905631579,1.921421052,1.895105263,1.952789473
1559,1.905263158,2.036842105,1.921052632,1.894736842,1.889473684,1.826684211,1.863526316,1.842473684,1.853,1.826684211,1.858052632
1560,2.068421053,2.068421053,2.115789474,2.094736843,2.068421053,1.931947369,1.968789474,1.953000001,1.963526317,1.937210527,1.98963158
1561,1.689473684,1.642105263,1.768421052,1.615789473,1.684210526,1.568789473,1.605631579,1.589842105,1.600368421,1.563526315,1.563315789
1562,2.384210526,2.399999999,2.394736841,2.457894736,2.489473684,2.295105263,2.331947368,2.305631578,2.331947368,2.305631578,2.294894736
1563,2.005263158,2.078947369,2.005263158,1.968421053,2.021052632,1.937210527,1.989842105,1.968789474,1.97931579,1.947736842,1.973842105
1564,1.747368421,1.678947368,1.763157895,1.657894737,1.815789474,1.689842105,1.731947368,1.710894737,1.737210526,1.695105263,1.726473684
1565,0.794736842,0.589473684,0.631578947,0.726315789,0.584210526,0.763526316,0.795105263,0.763526316,0.795105263,0.768789473,0.721210526
1566,2.336842105,2.299999999,2.405263157,2.321052631,2.315789473,2.221421052,2.258263157,2.242473684,2.268789473,2.22668421,2.315947368
1567,1.205263158,1.221052632,1.231578948,1.189473684,1.257894737,1.189842105,1.210894737,1.189842105,1.216157895,1.184578948,1.158052632
1568,1.763157895,1.647368422,1.694736843,1.731578948,1.757894737,1.700368422,1.737210527,1.710894737,1.742473685,1.710894737,1.705421053
1569,2.178947368,2.099999999,2.221052631,2.178947368,2.189473683,2.089842104,2.116157894,2.10036842,2.105631578,2.089842104,2.11068421
1570,0.884210526,0.963157894,0.910526315,0.884210526,0.942105263,0.810894736,0.852999999,0.82668421,0.842473684,0.810894736,0.863315789
1571,2.047368421,2.057894737,1.968421053,2.063157895,1.97368421,1.963526316,1.984578947,1.968789474,1.995105263,1.958263158,1.947526316
1572,1.905263158,1.852631579,1.92631579,1.847368421,1.8,1.863526316,1.884578948,1.868789474,1.889842105,1.868789474,1.868578948
1573,1.847368421,1.878947368,1.942105263,1.952631579,1.77368421,1.800368421,1.82668421,1.810894737,1.837210526,1.810894737,1.805421053
1574,1.289473684,1.342105263,1.347368421,1.236842105,1.236842105,1.189842105,1.22668421,1.210894736,1.231947368,1.200368421,1.247526315
1575,2.289473684,2.221052631,2.126315789,2.126315789,2.131578947,2.195105263,2.221421052,2.205631579,2.22668421,2.189842105,2.242263157
1576,0.6,0.589473684,0.536842105,0.610526316,0.563157895,0.500368421,0.531947368,0.510894737,0.531947368,0.505631579,0.479105263
1577,2.126315789,2.189473683,2.07368421,2.157894736,2.136842104,1.995105262,2.016157894,2.010894736,2.042473683,2.00036842,2.031736841
1578,1.121052632,1.15263158,1.105263159,1.12631579,1.05263158,1.10563158,1.131947369,1.116157896,1.137210527,1.10563158,1.021210527
1579,1.768421053,1.778947369,1.668421053,1.75263158,1.689473685,1.742473685,1.77931579,1.763526317,1.77931579,1.763526317,1.658052632
1580,1.810526316,1.805263158,1.784210527,1.763157895,1.773684211,1.768789474,1.795105264,1.77931579,1.800368421,1.784578948,1.76331579
1581,1.821052632,1.747368422,1.736842106,1.710526317,1.710526317,1.710894738,1.742473685,1.716157896,1.737210527,1.721421053,1.731736843
1582,0.568421053,0.405263159,0.547368422,0.605263159,0.563157895,0.542473685,0.57931579,0.553000001,0.57931579,0.542473685,0.500157895
1583,1.884210526,1.857894736,1.815789473,1.768421052,1.857894736,1.789842105,1.810894736,1.80036842,1.821421052,1.80036842,1.873842105
1584,2.157894737,2.210526316,2.205263158,2.205263158,2.142105263,2.074052632,2.110894737,2.089842106,2.089842106,2.074052632,2.110684211
1585,2.631578947,2.636842105,2.610526315,2.599999999,2.642105262,2.552999999,2.584578947,2.558263157,2.584578947,2.552999999,2.494894736
1586,1.842105263,1.910526315,1.921052631,1.926315789,1.97368421,1.810894737,1.842473684,1.821421052,1.847736842,1.816157894,1.821210526
1587,1.842105263,1.815789473,1.810526315,1.852631579,1.805263158,1.742473684,1.779315789,1.742473684,1.789842105,1.753,1.800157894
1588,2.147368421,2.157894737,2.205263158,2.184210526,2.084210526,2.058263158,2.095105263,2.074052631,2.105631579,2.068789474,2.079105263
1589,1.642105263,1.578947368,1.605263158,1.615789473,1.531578947,1.547736842,1.574052631,1.553,1.584578947,1.547736842,1.542263158
1590,2.794736842,2.77368421,2.821052631,2.778947368,2.8,2.663526316,2.700368421,2.679315789,2.700368421,2.668789473,2.689631579
1591,1.410526316,1.457894737,1.273684211,1.415789474,1.357894737,1.321421053,1.353,1.331947369,1.363526316,1.321421053,1.331736843
1592,1.263157895,1.221052632,1.284210527,1.273684211,1.147368422,1.189842106,1.221421053,1.205631579,1.237210527,1.200368422,1.210684211
1593,3.005263158,3.02631579,3,2.868421053,2.978947369,2.984578948,3.016157895,3.010894737,3.031947369,3.005631579,2.979105263
1594,1.663157895,1.584210527,1.410526316,1.478947369,1.500000001,1.537210527,1.558263158,1.537210527,1.568789474,1.537210527,1.637000001
1595,2.484210526,2.37368421,2.326315789,2.342105263,2.399999999,2.437210526,2.474052631,2.458263157,2.468789473,2.442473684,2.431736841
1596,2.994736842,2.978947368,2.921052631,3.010526316,2.984210526,2.889842105,2.92668421,2.900368421,2.92668421,2.889842105,2.968578947
1597,1.189473684,1.294736842,1.215789473,1.257894736,1.226315789,1.174052631,1.205631579,1.189842105,1.216157894,1.184578947,1.115947368
1598,1.584210526,1.605263157,1.510526315,1.557894736,1.452631578,1.505631578,1.547736841,1.521421052,1.542473684,1.516157894,1.479105263
1599,2.684210526,2.689473684,2.694736841,2.694736841,2.694736841,2.637210526,2.663526315,2.647736841,2.663526315,2.642473684,2.605421052
1600,2.615789474,2.536842106,2.484210527,2.636842106,2.489473685,2.542473685,2.584578948,2.558263159,2.589842106,2.558263159,2.558052632
1601,1.810526316,1.715789474,1.647368421,1.689473685,1.747368421,1.763526316,1.795105264,1.768789474,1.795105264,1.77931579,1.768578948
1602,2.421052632,2.421052632,2.478947369,2.368421053,2.384210527,2.368789475,2.389842106,2.368789475,2.389842106,2.353000001,2.315947369
1603,2.131578947,2.052631578,2.078947368,2.026315789,1.968421052,2.10036842,2.131947368,2.105631578,2.142473683,2.105631578,2.052789473
1604,1.247368421,1.2,1.152631579,1.221052631,1.278947368,1.147736842,1.189842105,1.168789474,1.195105263,1.158263158,1.205421053
1605,1.8,1.694736842,1.642105263,1.726315789,1.584210526,1.747736842,1.774052632,1.763526316,1.784578947,1.747736842,1.710684211
1606,1.684210526,1.599999999,1.510526315,1.652631578,1.626315789,1.689842105,1.72668421,1.710894736,1.731947368,1.705631578,1.621210526
1607,1.521052632,1.621052632,1.521052632,1.668421053,1.500000001,1.426684211,1.463526317,1.442473685,1.468789475,1.442473685,1.400157896
1608,2.021052632,1.942105264,1.973684211,2.036842106,1.931578948,1.942473685,1.97931579,1.958263159,1.974052632,1.958263159,1.910684211
1609,3.036842105,2.952631578,3.036842105,3.105263157,2.947368421,2.989842105,3.005631578,2.989842105,3.005631578,2.979315789,3.01068421
1610,1.584210526,1.584210526,1.568421052,1.494736841,1.510526315,1.547736841,1.568789473,1.547736841,1.579315789,1.547736841,1.505421052
1611,1.089473684,1.07368421,1.17368421,1.147368421,1.031578947,1.058263157,1.100368421,1.079315789,1.095105263,1.063526315,0.984368421
1612,1.710526316,1.636842106,1.573684211,1.631578948,1.557894737,1.67931579,1.705631579,1.67931579,1.705631579,1.674052632,1.568578948
1613,2.115789474,2.042105264,1.968421053,2.063157895,1.921052632,2.063526316,2.095105264,2.07931579,2.095105264,2.063526316,2.026473685
1614,2.368421053,2.278947369,2.347368422,2.305263159,2.305263159,2.316157895,2.342473685,2.321421053,2.342473685,2.30563158,2.326473685
1615,1.710526316,1.642105264,1.610526316,1.615789474,1.573684211,1.658263158,1.684578948,1.674052632,1.710894737,1.663526316,1.637
1616,0.921052632,0.978947369,0.763157896,0.831578948,0.868421053,0.916157896,0.953000001,0.937210527,0.958263159,0.931947369,0.868578948
1617,1.568421053,1.510526317,1.473684211,1.478947369,1.484210527,1.484578948,1.526684211,1.50563158,1.526684211,1.495105264,1.494894738
1618,2.621052632,2.573684211,2.610526317,2.557894738,2.663157896,2.50563158,2.537210527,2.526684211,2.537210527,2.510894738,2.573842106
1619,2.105263158,2.189473684,2.094736842,2.12631579,2.094736842,1.984578948,2.031947369,2.000368421,2.037210527,2.005631579,2.005421053
1620,2.184210526,2.252631578,2.189473684,2.126315789,2.152631578,2.152999999,2.184578947,2.163526315,2.195105263,2.168789473,2.094894736
1621,1.784210526,1.768421052,1.64736842,1.857894736,1.689473684,1.763526315,1.784578947,1.758263157,1.789842105,1.752999999,1.736999999
1622,1.3,1.347368421,1.310526316,1.347368421,1.226315789,1.263526316,1.289842105,1.284578947,1.310894737,1.268789474,1.237
1623,2.373684211,2.442105264,2.400000001,2.384210527,2.342105264,2.331947369,2.358263159,2.347736843,2.363526317,2.342473685,2.26331579
1624,1.089473684,1.036842105,0.97368421,0.984210526,1.078947368,1.031947368,1.063526315,1.047736842,1.074052631,1.031947368,1.021210526
1625,1.984210526,1.863157894,1.931578947,1.852631578,1.884210526,1.963526315,1.989842105,1.968789473,2.005631578,1.958263157,1.926473684
1626,2.121052632,2.057894738,2.094736843,2.05263158,2.057894738,2.016157896,2.042473685,2.010894738,2.053000001,2.010894738,2.068578948
1627,2.078947368,2.042105262,2.031578947,1.921052631,2.04736842,1.979315789,2.005631578,1.984578947,2.016157894,1.974052631,1.989631578
1628,3.036842105,3.199999999,3.078947368,3.131578947,3.052631578,2.942473684,2.963526315,2.947736842,2.974052631,2.947736842,2.952789473
1629,1.973684211,1.947368422,1.821052633,2.031578948,1.884210527,1.90563158,1.937210527,1.916157896,1.931947369,1.90563158,1.905421054
1630,1.984210526,1.74736842,1.931578947,1.821052631,1.905263157,1.916157894,1.942473684,1.931947368,1.947736841,1.921421052,1.858052631
1631,2.768421053,2.810526317,2.72631579,2.747368422,2.731578948,2.663526317,2.700368422,2.684578948,2.70563158,2.668789474,2.700157895
1632,1.757894737,1.773684211,1.752631579,1.657894737,1.789473685,1.684578948,1.716157895,1.695105263,1.726684211,1.663526316,1.66331579
1633,1.678947368,1.636842104,1.768421052,1.736842104,1.710526315,1.631947368,1.652999999,1.637210525,1.663526315,1.631947368,1.694894736
1634,1.226315789,1.24736842,1.205263157,1.178947367,1.136842104,1.163526315,1.189842104,1.174052631,1.195105262,1.174052631,1.142263157
1635,2.742105263,2.821052631,2.736842105,2.852631579,2.810526315,2.695105263,2.731947368,2.710894737,2.731947368,2.705631579,2.673842105
1636,1.584210526,1.568421052,1.578947368,1.578947368,1.615789473,1.521421052,1.552999999,1.52668421,1.563526315,1.521421052,1.489631578
1637,1.878947368,1.810526315,1.810526315,1.74736842,1.826315789,1.80036842,1.842473683,1.821421052,1.847736841,1.816157894,1.805421052
1638,1.989473684,2.015789473,1.978947368,2.078947368,1.963157894,1.937210526,1.974052631,1.937210526,1.963526315,1.942473684,1.858052631
1639,2.1,2.121052632,2,2.136842105,2.005263158,2.053,2.079315789,2.053,2.079315789,2.042473684,2.031736842
1640,1.215789474,1.22631579,1.22631579,1.210526316,1.15263158,1.142473685,1.184578948,1.168789474,1.184578948,1.153000001,1.142263159
1641,2.057894737,2.110526316,1.910526316,2.02631579,2.047368421,2.005631579,2.037210527,2.021421053,2.042473685,2.005631579,1.984368421
1642,1.184210526,1.136842105,1.252631578,1.142105263,1.110526315,1.105631578,1.131947368,1.110894736,1.12668421,1.110894736,1.168578947
1643,1.815789474,1.863157895,1.85263158,1.815789474,1.868421053,1.716157895,1.731947369,1.726684211,1.753000001,1.716157895,1.758052632
1644,3.005263158,3.042105263,3.047368421,2.936842105,2.936842105,2.958263158,2.989842105,2.974052632,2.995105263,2.968789474,2.926473684
1645,1.926315789,1.826315789,1.836842104,1.905263157,1.805263157,1.858263157,1.889842104,1.868789473,1.90036842,1.874052631,1.879105262
1646,1.6,1.547368421,1.578947368,1.563157895,1.589473684,1.542473684,1.584578947,1.553,1.584578947,1.558263158,1.542263158
1647,2.384210526,2.394736841,2.342105263,2.463157894,2.484210526,2.384578947,2.410894736,2.389842105,2.421421052,2.389842105,2.289631578
1648,1.257894737,1.178947369,1.231578948,1.2,1.2,1.195105263,1.221421053,1.200368421,1.221421053,1.195105263,1.205421053
1649,1.963157895,1.931578948,1.815789474,2.010526316,1.915789474,1.842473685,1.874052632,1.853000001,1.884578948,1.847736843,1.889631579
1650,1.957894737,1.768421053,1.873684211,1.9,1.9,1.926684211,1.958263158,1.937210527,1.953,1.921421053,1.910684211
1651,1.284210526,1.17368421,1.278947368,1.157894736,1.294736841,1.179315789,1.205631578,1.189842105,1.221421052,1.184578947,1.158052631
1652,2.426315789,2.44736842,2.431578946,2.415789473,2.410526315,2.342473683,2.379315789,2.363526315,2.379315789,2.347736841,2.294894736
1653,1.368421053,1.32631579,1.331578948,1.342105264,1.236842106,1.300368422,1.342473685,1.316157895,1.331947369,1.310894738,1.305421053
1654,1.347368421,1.352631579,1.2,1.305263158,1.278947368,1.258263158,1.295105263,1.263526316,1.289842105,1.258263158,1.305421053
1655,2.252631579,2.131578947,2.189473684,2.2,2.284210526,2.174052632,2.216157895,2.195105263,2.216157895,2.189842105,2.173842105
1656,2.373684211,2.35263158,2.378947369,2.42631579,2.478947369,2.253000001,2.284578948,2.274052633,2.289842106,2.253000001,2.321210527
1657,1.442105263,1.394736842,1.331578947,1.478947368,1.368421052,1.400368421,1.410894737,1.395105263,1.42668421,1.400368421,1.352789473
1658,2.215789474,2.200000001,2.242105264,2.278947369,2.157894737,2.126684211,2.158263159,2.137210527,2.168789474,2.137210527,2.126473685
1659,1.815789474,1.910526316,1.900000001,1.85263158,1.863157895,1.737210527,1.77931579,1.753000001,1.784578948,1.753000001,1.810684211
1660,1.289473684,1.257894736,1.205263157,1.368421052,1.289473684,1.242473684,1.279315789,1.263526315,1.279315789,1.247736842,1.184368421
1661,2.2,2.136842105,2.126315789,2.178947368,2.131578947,2.184578947,2.216157895,2.189842105,2.216157895,2.189842105,2.115947368
1662,2.026315789,1.94736842,2.063157894,2.094736841,2.115789473,1.974052631,2.010894736,1.984578946,2.016157894,1.984578946,1.994894736
1663,2.268421053,2.336842106,2.231578948,2.210526317,2.163157895,2.189842106,2.237210527,2.20563158,2.237210527,2.195105264,2.168578948
1664,2.273684211,2.22631579,2.257894738,2.205263159,2.263157896,2.200368422,2.231947369,2.210894738,2.231947369,2.210894738,2.221210527
1665,1.257894737,1.184210527,1.194736842,1.257894737,1.147368421,1.210894737,1.226684211,1.205631579,1.237210527,1.210894737,1.189631579
1666,2.405263158,2.463157895,2.394736842,2.352631579,2.373684211,2.316157895,2.347736842,2.337210527,2.358263158,2.321421053,2.289631579
1667,2.652631579,2.684210526,2.515789474,2.663157895,2.678947369,2.605631579,2.637210526,2.610894737,2.653,2.610894737,2.610684211
1668,1.089473684,1.084210526,1.089473684,1.163157894,1.063157894,1.02668421,1.063526315,1.047736842,1.068789473,1.042473684,1.068578947
1669,2.568421053,2.563157895,2.594736843,2.642105264,2.578947369,2.521421053,2.553000001,2.537210527,2.553000001,2.526684211,2.494894738
1670,3.157894737,3.194736842,2.994736842,3.215789474,3.142105263,3.084578948,3.126684211,3.100368421,3.126684211,3.084578948,3.110684211
1671,0.168421053,0.02631579,0.121052632,0.121052632,-0.026315789,0.074052632,0.10563158,0.084578948,0.110894738,0.089842106,0.121210527
1672,2.031578947,1.910526315,1.97368421,1.905263157,1.910526315,1.968789473,2.010894736,1.979315789,2.010894736,1.968789473,1.947526315
1673,1.926315789,1.94736842,1.894736841,1.942105262,2.031578946,1.821421052,1.863526315,1.842473683,1.868789473,1.837210525,1.852789473
1674,2.778947368,2.689473683,2.57368421,2.694736841,2.652631578,2.679315789,2.705631578,2.689842104,2.710894736,2.684578947,2.742263157
1675,2.515789474,2.610526316,2.531578948,2.600000001,2.600000001,2.495105264,2.531947369,2.50563158,2.526684211,2.495105264,2.473842106
1676,1.757894737,1.652631579,1.547368421,1.731578948,1.563157895,1.689842106,1.721421053,1.689842106,1.716157895,1.700368421,1.705421053
1677,1.910526316,1.894736843,1.863157895,1.842105264,1.768421053,1.816157895,1.863526316,1.831947369,1.858263158,1.826684211,1.879105264
1678,2.031578947,2.010526315,2.052631578,2.010526315,2.084210526,2.02668421,2.063526315,2.031947368,2.068789473,2.031947368,1.994894736
1679,1.189473684,1.147368421,0.994736842,1.047368421,1.063157894,1.142473684,1.184578947,1.153,1.174052631,1.153,1.147526315
1680,2.194736842,2.210526316,2.221052631,2.210526316,2.189473684,2.079315789,2.100368421,2.068789473,2.110894737,2.063526316,2.131736842
1681,1.784210526,1.77368421,1.699999999,1.752631578,1.742105263,1.716157894,1.747736841,1.72668421,1.747736841,1.72668421,1.668578947
1682,2.015789474,1.984210527,1.900000001,1.95263158,1.95263158,1.958263159,2.00563158,1.974052632,2.016157895,1.97931579,1.931736843
1683,1.615789474,1.589473685,1.631578948,1.55263158,1.547368422,1.558263159,1.589842106,1.563526316,1.584578948,1.553000001,1.600157895
1684,2.921052632,2.878947369,2.831578948,2.900000001,2.836842106,2.858263159,2.884578948,2.863526317,2.889842106,2.863526317,2.794894738
1685,1.342105263,1.27368421,1.289473684,1.27368421,1.315789473,1.310894737,1.347736842,1.331947368,1.358263158,1.331947368,1.252789473
1686,2.142105263,2.026315789,2.052631579,2.078947368,2.068421052,2.042473684,2.068789473,2.047736842,2.084578947,2.037210526,2.073842105
1687,2.226315789,2.210526315,2.242105262,2.289473683,2.231578946,2.168789473,2.20036842,2.179315789,2.20036842,2.174052631,2.168578946
1688,1.831578947,1.757894736,1.689473683,1.678947368,1.657894736,1.80036842,1.831947368,1.805631578,1.831947368,1.810894736,1.768578947
1689,1.284210526,1.321052631,1.299999999,1.310526315,1.352631578,1.184578947,1.221421052,1.189842105,1.22668421,1.184578947,1.258052631
1690,1.052631579,1.010526316,0.989473684,1.052631579,0.989473684,1.021421053,1.058263158,1.026684211,1.058263158,1.026684211,0.921210526
1691,1.315789474,1.342105264,1.35263158,1.363157895,1.305263159,1.268789474,1.30563158,1.295105264,1.310894737,1.295105264,1.268578948
1692,2.047368421,1.968421053,1.97368421,1.952631579,2.010526316,1.963526316,1.995105263,1.968789474,1.984578947,1.953,1.947526316
1693,2.468421053,2.442105264,2.431578948,2.473684211,2.405263159,2.384578948,2.416157895,2.40563158,2.426684211,2.410894738,2.400157895
1694,0.857894737,0.731578948,0.8,0.821052632,0.736842106,0.816157895,0.847736842,0.831947369,0.863526316,0.826684211,0.810684211
1695,2.047368421,1.87368421,1.87368421,1.926315789,1.868421053,2.031947368,2.058263158,2.031947368,2.058263158,2.02668421,1.994894737
1696,1.763157895,1.768421053,1.768421053,1.694736843,1.684210527,1.695105264,1.726684211,1.689842106,1.726684211,1.695105264,1.689631579
1697,2.157894737,2.152631579,2.115789474,2.105263158,2.131578948,2.089842106,2.126684211,2.110894737,2.126684211,2.100368421,2.105421053
1698,2.431578947,2.326315789,2.368421052,2.357894736,2.331578947,2.358263157,2.395105262,2.358263157,2.384578947,2.363526315,2.38436842
1699,1.157894737,1.12631579,1.147368421,1.210526316,1.110526316,1.110894737,1.137210527,1.121421053,1.142473685,1.116157895,1.026473685
1700,2.194736842,2.094736842,2.147368421,2.168421052,1.957894737,2.131947368,2.142473684,2.131947368,2.153,2.121421052,2.052789473
1701,1.952631579,1.92631579,1.905263158,1.9,1.884210526,1.858263158,1.884578947,1.853,1.895105263,1.863526316,1.86331579
1702,1.510526316,1.536842106,1.452631579,1.521052632,1.405263158,1.468789474,1.516157895,1.484578948,1.516157895,1.484578948,1.458052632
1703,2.647368421,2.610526316,2.694736842,2.67368421,2.657894737,2.595105263,2.62668421,2.605631579,2.631947368,2.600368421,2.61068421
1704,2.273684211,2.25263158,2.273684211,2.210526317,2.184210527,2.17931579,2.216157896,2.195105264,2.216157896,2.184578948,2.205421054
1705,2.563157895,2.515789474,2.468421053,2.484210527,2.410526316,2.484578948,2.505631579,2.474052632,2.516157895,2.47931579,2.484368422
1706,1.605263158,1.705263158,1.610526316,1.484210527,1.573684211,1.516157895,1.547736842,1.521421053,1.542473684,1.521421053,1.573842105
1707,1.731578947,1.678947368,1.678947368,1.731578947,1.631578947,1.70036842,1.731947368,1.721421052,1.742473683,1.710894736,1.658052631
1708,1.931578947,1.926315789,2.036842105,2.010526315,1.931578947,1.884578947,1.905631578,1.895105262,1.916157894,1.879315789,1.858052631
1709,1.663157895,1.794736843,1.705263158,1.721052632,1.657894737,1.521421053,1.547736843,1.526684211,1.553000001,1.531947369,1.621210527
1710,1.873684211,1.889473685,1.82631579,1.842105264,1.815789475,1.810894738,1.842473685,1.821421054,1.847736843,1.816157896,1.868578948
1711,1.542105263,1.421052631,1.447368421,1.405263158,1.357894737,1.52668421,1.563526315,1.542473684,1.563526315,1.537210526,1.41068421
1712,1.836842105,1.815789473,1.77368421,1.752631578,1.757894736,1.795105263,1.82668421,1.805631578,1.821421052,1.795105263,1.794894736
1713,2.505263158,2.521052632,2.5,2.442105263,2.436842105,2.431947369,2.463526316,2.437210527,2.474052632,2.431947369,2.473842105
1714,1.6,1.631578947,1.610526316,1.626315789,1.552631579,1.568789474,1.605631579,1.579315789,1.605631579,1.584578947,1.579105263
1715,1.531578947,1.552631578,1.515789473,1.421052631,1.468421052,1.447736841,1.484578947,1.458263157,1.495105262,1.463526315,1.48436842
1716,1.015789474,1.015789474,1.115789474,0.942105264,0.978947369,0.958263159,0.97931579,0.958263159,0.995105264,0.974052632,1.005421053
1717,1.684210526,1.736842105,1.67368421,1.689473684,1.563157894,1.610894736,1.652999999,1.621421052,1.652999999,1.62668421,1.594894736
1718,2.931578947,2.810526315,2.894736841,2.884210526,2.831578947,2.895105262,2.916157894,2.905631578,2.92668421,2.90036842,2.88436842
1719,1.421052632,1.447368422,1.384210527,1.389473685,1.447368422,1.358263159,1.40563158,1.37931579,1.395105264,1.358263159,1.347526317
1720,1.831578947,1.889473683,1.805263157,1.910526315,1.836842105,1.705631578,1.737210526,1.710894736,1.737210526,1.716157894,1.752789473
1721,1.484210526,1.426315789,1.431578947,1.510526315,1.505263157,1.447736841,1.479315789,1.463526315,1.484578947,1.452999999,1.489631578
1722,1.715789474,1.731578948,1.715789474,1.72631579,1.668421053,1.626684211,1.658263159,1.637210527,1.658263159,1.626684211,1.668578948
1723,1.621052632,1.468421053,1.436842106,1.531578948,1.568421053,1.563526317,1.60563158,1.589842106,1.60563158,1.584578948,1.547526317
1724,0.873684211,0.831578948,0.842105264,0.821052633,0.784210527,0.810894738,0.831947369,0.821421054,0.853000001,0.810894738,0.852789475
1725,2.252631579,2.121052632,2.121052632,2.121052632,2.110526316,2.210894737,2.237210526,2.221421053,2.253,2.216157895,2.221210526
1726,2.4,2.378947368,2.321052632,2.257894737,2.252631579,2.342473684,2.379315789,2.347736842,2.379315789,2.347736842,2.337
1727,1.9,1.842105263,1.826315789,1.726315789,1.863157895,1.831947368,1.847736842,1.831947368,1.858263158,1.831947368,1.842263158
1728,1.831578947,1.752631578,1.731578947,1.74736842,1.768421052,1.742473683,1.779315789,1.758263157,1.795105262,1.752999999,1.794894736
1729,1.589473684,1.747368421,1.705263157,1.721052631,1.715789473,1.584578947,1.616157894,1.595105263,1.62668421,1.595105263,1.542263157
1730,1.747368421,1.757894737,1.736842105,1.715789474,1.715789474,1.658263158,1.684578947,1.663526316,1.689842105,1.658263158,1.694894737
1731,2.431578947,2.378947368,2.326315789,2.47368421,2.410526315,2.431947368,2.458263157,2.442473683,2.468789473,2.42668421,2.379105262
1732,1.684210526,1.731578947,1.636842105,1.552631578,1.663157894,1.610894736,1.663526315,1.62668421,1.658263157,1.62668421,1.642263157
1733,2.247368421,2.331578947,2.3,2.347368421,2.363157895,2.189842105,2.216157895,2.200368421,2.210894737,2.174052631,2.168578947
1734,2.642105263,2.647368421,2.705263158,2.631578947,2.663157894,2.610894737,2.653,2.62668421,2.658263158,2.621421052,2.600157894
1735,2.268421053,2.184210527,2.194736843,2.231578948,2.110526317,2.163526317,2.200368422,2.168789474,2.20563158,2.17931579,2.18963158
1736,2.031578947,1.915789473,1.952631578,1.936842105,1.810526315,1.968789473,2.00036842,1.968789473,2.005631578,1.974052631,1.968578947
1737,2.473684211,2.389473685,2.405263159,2.384210527,2.373684211,2.410894738,2.437210527,2.416157896,2.442473685,2.410894738,2.437000001
1738,1.931578947,1.899999999,1.889473683,1.942105262,1.87368421,1.852999999,1.868789473,1.858263157,1.884578947,1.847736841,1.873842105
1739,2.310526316,2.368421053,2.405263158,2.342105264,2.421052632,2.253,2.295105264,2.274052632,2.295105264,2.253,2.300157895
1740,1.910526316,1.963157895,1.868421053,1.905263158,1.857894737,1.863526316,1.895105264,1.884578948,1.910894737,1.884578948,1.931736843
1741,1.978947368,1.889473683,2.052631578,1.957894736,1.942105262,1.879315789,1.92668421,1.895105262,1.921421052,1.889842104,1.921210525
1742,1.663157895,1.510526316,1.563157895,1.484210527,1.542105264,1.589842106,1.642473685,1.605631579,1.647736843,1.605631579,1.600157895
1743,1.673684211,1.705263159,1.55263158,1.589473685,1.568421054,1.584578948,1.610894738,1.589842106,1.621421054,1.584578948,1.594894738
1744,2.563157895,2.547368422,2.494736843,2.457894737,2.484210527,2.484578948,2.521421053,2.495105264,2.531947369,2.489842106,2.547526316
1745,2.005263158,1.915789474,1.968421053,1.947368421,1.963157895,1.984578948,2.005631579,1.989842105,2.010894737,1.984578948,1.989631579
1746,2.089473684,2.026315789,1.978947368,2.084210526,2.021052631,2.031947368,2.074052631,2.047736842,2.068789473,2.042473684,2.021210526
1747,2.184210526,2.231578947,2.189473684,2.194736841,2.136842105,2.074052631,2.105631578,2.095105263,2.110894736,2.089842105,2.142263157
1748,0.768421053,0.642105264,0.778947369,0.663157895,0.668421053,0.689842106,0.721421053,0.700368422,0.721421053,0.684578948,0.705421053
1749,3.042105263,3.026315789,3.089473684,2.931578947,3.031578947,2.984578947,3.016157894,2.989842105,3.010894737,2.984578947,2.973842105
1750,1.542105263,1.447368421,1.510526315,1.463157894,1.468421052,1.531947368,1.563526315,1.537210526,1.568789473,1.52668421,1.51068421
1751,2.094736842,2.115789473,2.057894737,1.910526316,2.1,2.005631579,2.037210526,2.02668421,2.042473684,2.005631579,2.026473684
1752,1.647368421,1.684210526,1.589473684,1.752631579,1.594736842,1.621421053,1.653,1.642473684,1.658263158,1.631947368,1.589631579
1753,1.305263158,1.252631579,1.12631579,1.257894737,1.205263158,1.231947369,1.263526316,1.237210527,1.274052632,1.247736842,1.26331579
1754,1.794736842,1.731578947,1.794736842,1.815789473,1.894736842,1.72668421,1.758263158,1.742473684,1.774052631,1.737210526,1.779105263
1755,2.215789474,2.078947369,2.031578948,2.121052632,2.036842106,2.121421053,2.158263159,2.137210527,2.158263159,2.131947369,2.137000001
1756,1.163157895,1.057894737,1.057894737,1.068421053,1.042105264,1.158263158,1.189842106,1.168789474,1.189842106,1.153000001,1.131736843
1757,1.884210526,1.868421052,1.863157894,1.836842105,1.799999999,1.847736841,1.884578947,1.858263157,1.895105263,1.858263157,1.826473684
1758,1.684210526,1.810526315,1.731578947,1.763157894,1.721052631,1.610894736,1.62668421,1.621421052,1.642473684,1.616157894,1.642263157
1759,1.473684211,1.489473685,1.457894738,1.405263159,1.415789475,1.416157896,1.437210527,1.426684211,1.447736843,1.421421054,1.342263159
1760,1.426315789,1.389473683,1.468421052,1.415789473,1.394736841,1.374052631,1.405631578,1.389842104,1.416157894,1.368789473,1.336999999
1761,1.473684211,1.442105264,1.473684211,1.45263158,1.415789475,1.400368422,1.431947369,1.416157896,1.431947369,1.400368422,1.421210527
1762,1.294736842,1.415789473,1.3,1.37368421,1.452631579,1.258263158,1.289842105,1.268789473,1.289842105,1.258263158,1.242263158
1763,1.236842105,1.363157894,1.163157894,1.168421052,1.157894736,1.168789473,1.195105263,1.189842105,1.205631578,1.174052631,1.194894736
1764,0.836842105,0.857894736,0.894736842,0.857894736,0.847368421,0.82668421,0.858263157,0.837210526,0.852999999,0.847736842,0.747526315
1765,1.136842105,1.131578947,1.236842105,1.252631578,1.231578947,1.042473684,1.074052631,1.058263157,1.089842105,1.047736842,1.079105263
1766,2.515789474,2.415789474,2.410526316,2.55263158,2.400000001,2.458263159,2.47931579,2.458263159,2.47931579,2.458263159,2.447526316
1767,1.778947368,1.678947368,1.736842104,1.768421052,1.789473683,1.742473683,1.763526315,1.737210525,1.779315789,1.742473683,1.694894736
1768,1.689473684,1.589473684,1.515789473,1.642105263,1.557894736,1.631947368,1.647736842,1.642473684,1.658263157,1.631947368,1.589631579
1769,2.3,2.294736842,2.242105263,2.326315789,2.384210526,2.221421053,2.263526316,2.231947368,2.268789474,2.237210526,2.268578947
1770,2.042105263,1.926315789,2.047368421,1.97368421,2.057894737,1.947736842,1.984578947,1.968789473,1.989842105,1.958263158,1.979105263
1771,0.963157895,0.994736843,0.905263158,0.947368422,0.952631579,0.847736843,0.889842106,0.863526316,0.900368422,0.863526316,0.889631579
1772,2.668421053,2.521052632,2.610526317,2.55263158,2.600000001,2.589842106,2.631947369,2.600368422,2.621421053,2.600368422,2.558052632
1773,2.631578947,2.715789473,2.710526315,2.705263157,2.678947368,2.62668421,2.647736841,2.637210526,2.658263157,2.62668421,2.536999999
1774,1.973684211,1.85263158,1.82631579,1.794736843,1.968421054,1.895105264,1.931947369,1.900368422,1.926684211,1.895105264,1.931736843
1775,1.147368421,1.184210526,1.252631579,1.126315789,1.142105263,1.121421053,1.142473684,1.121421053,1.147736842,1.121421053,1.115947368
1776,1.384210526,1.384210526,1.426315789,1.368421052,1.24736842,1.279315789,1.305631578,1.284578947,1.316157894,1.279315789,1.373842105
1777,2.257894737,2.205263158,2.347368421,2.268421053,2.263157895,2.142473685,2.17931579,2.147736842,2.189842106,2.142473685,2.215947369
1778,1.852631579,1.710526316,1.731578947,1.789473684,1.805263158,1.816157895,1.847736842,1.816157895,1.847736842,1.821421053,1.789631579
1779,1.663157895,1.521052632,1.515789474,1.489473685,1.494736843,1.537210527,1.574052632,1.558263158,1.595105264,1.558263158,1.584368422
1780,1.657894737,1.8,1.7,1.689473685,1.642105263,1.589842106,1.637210527,1.595105263,1.631947369,1.600368421,1.605421053
1781,2.215789474,2.15263158,2.189473685,2.194736843,2.078947369,2.131947369,2.163526316,2.153000001,2.168789474,2.142473685,2.126473685
1782,1.094736842,1.242105263,1.142105263,1.168421052,1.221052631,1.058263158,1.084578947,1.068789473,1.095105263,1.063526316,1.015947368
1783,1.6,1.636842105,1.542105263,1.578947368,1.589473684,1.479315789,1.516157895,1.495105263,1.521421053,1.484578947,1.500157895
1784,1.868421053,1.82631579,1.863157895,1.921052632,1.82631579,1.800368422,1.826684211,1.810894738,1.831947369,1.80563158,1.86331579
1785,2.310526316,2.2,2.194736843,2.194736843,2.2,2.237210527,2.27931579,2.263526316,2.289842106,2.242473685,2.279105264
1786,2.121052632,2.068421053,1.994736843,2.12631579,2.015789475,2.058263159,2.084578948,2.063526317,2.089842106,2.047736843,2.08963158
1787,2.736842105,2.763157894,2.768421052,2.805263157,2.742105263,2.663526315,2.710894736,2.689842105,2.710894736,2.689842105,2.631736842
1788,0.626315789,0.64736842,0.542105262,0.631578946,0.626315789,0.542473683,0.579315789,0.552999999,0.579315789,0.552999999,0.594894736
1789,0.689473684,0.6,0.610526315,0.536842105,0.610526315,0.595105263,0.621421052,0.595105263,0.621421052,0.605631579,0.668578947
1790,1.868421053,1.831578948,1.784210527,1.85263158,1.72631579,1.784578948,1.816157895,1.784578948,1.816157895,1.795105264,1.86331579
1791,2.189473684,2.136842105,2.236842105,2.147368421,2.110526315,2.163526315,2.210894736,2.179315789,2.205631579,2.174052631,2.215947368
1792,1.931578947,1.87368421,1.968421052,1.810526315,1.931578947,1.905631578,1.942473683,1.921421052,1.937210526,1.921421052,1.900157894
1793,1.226315789,1.37368421,1.236842104,1.284210525,1.17368421,1.158263157,1.205631578,1.174052631,1.20036842,1.168789473,1.131736841
1794,2.278947368,2.14736842,2.17368421,2.268421052,2.099999999,2.189842104,2.231947368,2.205631578,2.221421052,2.184578947,2.221210525
1795,2.426315789,2.321052631,2.242105262,2.399999999,2.44736842,2.363526315,2.379315789,2.358263157,2.389842104,2.352999999,2.394894736
1796,2.673684211,2.52631579,2.594736843,2.515789475,2.615789475,2.663526317,2.684578948,2.668789475,2.689842106,2.663526317,2.631736843
1797,2.131578947,2.236842105,2.17368421,2.163157894,2.163157894,2.063526315,2.089842105,2.063526315,2.10036842,2.063526315,2.105421052
1798,2.284210526,2.194736841,2.215789473,2.215789473,2.263157894,2.263526315,2.289842105,2.268789473,2.295105263,2.268789473,2.236999999
1799,2.115789474,2.100000001,2.142105264,2.100000001,2.068421053,2.100368422,2.126684211,2.10563158,2.137210527,2.10563158,2.079105264
1800,2.6,2.6,2.552631579,2.610526316,2.584210526,2.500368421,2.542473684,2.500368421,2.542473684,2.500368421,2.526473684
1801,1.578947368,1.499999999,1.494736841,1.542105262,1.521052631,1.579315789,1.595105262,1.579315789,1.610894736,1.579315789,1.515947368
1802,1.957894737,1.894736842,1.873684211,1.921052632,1.963157895,1.921421053,1.953,1.937210527,1.947736842,1.921421053,1.847526316
1803,2.326315789,2.226315789,2.105263157,2.189473683,2.221052631,2.274052631,2.310894736,2.284578946,2.305631578,2.284578946,2.236999999
1804,1.315789474,1.184210527,1.35263158,1.236842106,1.236842106,1.242473685,1.284578948,1.253000001,1.284578948,1.247736843,1.221210527
1805,2.989473684,3.042105263,2.989473684,3.068421052,2.905263157,2.921421052,2.958263157,2.937210526,2.958263157,2.931947368,2.91068421
1806,2,2.005263158,1.842105263,1.873684211,1.926315789,1.910894737,1.947736842,1.921421053,1.958263158,1.916157895,1.942263158
1807,2.289473684,2.210526315,2.121052631,2.163157894,2.084210526,2.231947368,2.268789473,2.253,2.263526315,2.237210526,2.242263157
1808,0.942105263,0.863157894,0.831578947,0.915789473,1.010526315,0.879315789,0.910894737,0.900368421,0.921421052,0.884578947,0.831736842
1809,1.531578947,1.44736842,1.44736842,1.463157894,1.457894736,1.50036842,1.521421052,1.516157894,1.531947368,1.50036842,1.48436842
1810,1.536842105,1.536842105,1.505263157,1.499999999,1.563157894,1.479315789,1.516157894,1.495105263,1.52668421,1.489842105,1.500157894
1811,2.273684211,2.142105264,2.073684211,2.131578948,2.163157896,2.210894738,2.242473685,2.226684211,2.242473685,2.210894738,2.26331579
1812,1.942105263,1.984210526,1.984210526,1.989473684,1.968421052,1.868789473,1.895105263,1.874052631,1.905631579,1.879315789,1.868578947
1813,2.526315789,2.442105262,2.54736842,2.594736841,2.536842104,2.510894736,2.542473683,2.516157894,2.547736841,2.516157894,2.447526315
1814,1.363157895,1.405263158,1.273684211,1.347368422,1.247368422,1.300368422,1.326684211,1.316157895,1.337210527,1.300368422,1.289631579
1815,2.147368421,2.147368421,2.194736842,2.121052631,2.089473684,2.095105263,2.131947368,2.121421053,2.142473684,2.110894737,2.115947368
1816,1.547368421,1.6,1.521052631,1.615789474,1.526315789,1.42668421,1.458263158,1.442473684,1.468789474,1.437210526,1.484368421
1817,2.442105263,2.384210526,2.352631579,2.457894737,2.394736842,2.395105263,2.431947368,2.416157894,2.442473684,2.405631579,2.315947368
1818,0.615789474,0.521052632,0.578947369,0.55263158,0.473684211,0.547736843,0.584578948,0.563526316,0.57931579,0.553000001,0.526473685
1819,1.757894737,1.752631579,1.663157895,1.768421053,1.668421053,1.716157895,1.737210527,1.721421053,1.731947369,1.716157895,1.679105263
1820,2.431578947,2.352631578,2.363157894,2.384210526,2.294736841,2.389842105,2.431947368,2.40036842,2.442473683,2.40036842,2.342263157
1821,2.178947368,2.110526315,2.194736841,2.110526315,2.131578947,2.142473683,2.163526315,2.147736841,2.174052631,2.152999999,2.068578947
1822,1.947368421,1.87368421,1.747368421,1.852631579,1.794736842,1.916157895,1.953,1.916157895,1.947736842,1.916157895,1.868578947
1823,2.342105263,2.37368421,2.394736842,2.352631579,2.468421052,2.305631579,2.337210526,2.316157894,2.353,2.321421052,2.268578947
1824,2.068421053,2.084210527,2.094736843,2.036842106,2.057894738,1.989842106,2.037210527,2.00563158,2.031947369,2.000368422,2.06331579
1825,1.110526316,1.268421053,1.178947369,1.142105264,1.157894737,1.021421053,1.058263158,1.026684211,1.063526316,1.021421053,1.089631579
1826,2.010526316,1.921052632,1.973684211,1.894736843,1.868421053,1.963526316,1.995105264,1.963526316,1.989842106,1.974052632,1.926473685
1827,1.968421053,2.05263158,2.010526317,1.973684211,2.031578948,1.910894738,1.958263159,1.937210527,1.953000001,1.926684211,1.926473685
1828,0.826315789,0.778947367,0.752631578,0.763157894,0.757894736,0.731947367,0.758263157,0.747736841,0.774052631,0.747736841,0.805421052
1829,1.594736842,1.584210526,1.610526316,1.521052631,1.578947368,1.516157895,1.558263158,1.531947368,1.558263158,1.521421052,1.573842105
1830,1.357894737,1.373684211,1.284210527,1.273684211,1.389473685,1.284578948,1.316157895,1.305631579,1.326684211,1.305631579,1.279105263
1831,1.236842105,1.268421052,1.326315789,1.331578947,1.452631578,1.195105263,1.231947368,1.210894736,1.237210526,1.195105263,1.205421052
1832,3.247368421,3.152631579,3.142105263,3.221052631,3.036842105,3.242473684,3.289842105,3.258263158,3.279315789,3.253,3.147526316
1833,2.478947368,2.405263157,2.326315789,2.321052631,2.389473683,2.421421052,2.452999999,2.431947368,2.452999999,2.421421052,2.436999999
1834,1.952631579,2,1.989473684,1.957894737,1.921052632,1.931947369,1.968789474,1.947736842,1.968789474,1.931947369,1.900157895
1835,1.952631579,1.894736842,1.868421053,1.921052632,1.905263158,1.947736842,1.97931579,1.958263158,1.984578947,1.947736842,1.921210526
1836,1.868421053,1.857894738,1.710526317,1.884210527,1.736842106,1.763526317,1.795105264,1.784578948,1.800368422,1.763526317,1.794894738
1837,2.568421053,2.447368422,2.531578948,2.421052632,2.463157895,2.474052632,2.510894738,2.489842106,2.516157895,2.484578948,2.505421053
1838,1.094736842,1.163157895,1.084210526,1.052631579,1.047368421,1.016157895,1.042473684,1.021421052,1.042473684,1.000368421,1.005421052
1839,0.742105263,0.678947368,0.689473684,0.578947368,0.621052631,0.716157894,0.753,0.72668421,0.753,0.72668421,0.71068421
1840,2,1.942105263,1.963157895,1.952631579,2.094736842,1.926684211,1.963526316,1.931947368,1.958263158,1.937210526,1.926473684
1841,1.963157895,1.957894737,2.031578948,1.942105264,2.000000001,1.895105264,1.937210527,1.921421053,1.942473685,1.916157895,1.852789474
1842,1.621052632,1.600000001,1.55263158,1.610526317,1.542105264,1.595105264,1.621421053,1.60563158,1.637210527,1.600368422,1.542263159
1843,2.605263158,2.62631579,2.5,2.605263158,2.452631579,2.558263158,2.589842105,2.568789474,2.600368421,2.568789474,2.579105263
1844,2.268421053,2.247368422,2.363157895,2.289473685,2.178947369,2.163526317,2.20563158,2.168789474,2.210894738,2.168789474,2.18963158
1845,0.752631579,0.805263158,0.647368421,0.731578947,0.710526316,0.689842105,0.726684211,0.716157895,0.731947369,0.705631579,0.731736842
1846,2.178947368,2.131578947,2.152631578,2.042105262,2.021052631,2.079315789,2.110894736,2.089842104,2.121421052,2.079315789,2.058052631
1847,1.763157895,1.768421053,1.673684211,1.594736843,1.668421053,1.716157895,1.737210527,1.716157895,1.742473685,1.710894737,1.710684211
1848,2.784210526,2.67368421,2.663157894,2.763157894,2.64736842,2.684578947,2.72668421,2.689842105,2.72668421,2.679315789,2.779105263
1849,2.210526316,2.163157895,2.215789474,2.236842106,2.163157895,2.195105264,2.237210527,2.226684211,2.242473685,2.205631579,2.194894737
1850,1.394736842,1.368421052,1.352631579,1.289473684,1.221052631,1.384578947,1.416157895,1.384578947,1.42668421,1.384578947,1.352789473
1851,1.457894737,1.352631579,1.294736842,1.410526316,1.368421053,1.421421053,1.442473685,1.431947369,1.468789474,1.437210527,1.384368421
1852,2.642105263,2.536842105,2.584210526,2.647368421,2.678947368,2.616157894,2.647736842,2.631947368,2.653,2.616157894,2.621210526
1853,1.989473684,1.957894736,1.910526315,1.97368421,1.821052631,1.974052631,2.000368421,1.974052631,2.010894736,1.979315789,1.921210526
1854,1.9,1.905263158,1.889473684,1.857894737,1.884210526,1.795105263,1.826684211,1.805631579,1.831947368,1.800368421,1.847526316
1855,1.468421053,1.394736843,1.394736843,1.415789474,1.484210527,1.431947369,1.468789474,1.453000001,1.47931579,1.442473685,1.405421053
1856,2.657894737,2.668421053,2.589473685,2.652631579,2.663157895,2.605631579,2.637210527,2.600368421,2.631947369,2.595105263,2.626473685
1857,2.373684211,2.331578948,2.315789475,2.336842106,2.257894738,2.368789475,2.389842106,2.374052633,2.40563158,2.368789475,2.315947369
1858,1.584210526,1.384210526,1.34736842,1.484210526,1.452631578,1.52668421,1.563526315,1.531947368,1.558263157,1.521421052,1.51068421
1859,1.321052632,1.247368422,1.321052632,1.22631579,1.221052632,1.300368422,1.321421053,1.295105264,1.326684211,1.300368422,1.252789475
1860,2.494736842,2.552631579,2.463157895,2.421052631,2.394736842,2.421421052,2.447736842,2.442473684,2.468789473,2.42668421,2.405421052
1861,1.784210526,1.689473684,1.642105263,1.721052631,1.710526315,1.742473684,1.779315789,1.752999999,1.789842105,1.747736841,1.731736841
1862,1.889473684,1.836842105,1.868421052,1.747368421,1.705263157,1.800368421,1.842473684,1.831947368,1.847736842,1.810894736,1.784368421
1863,1.063157895,1.105263158,1.094736843,1.152631579,1.089473685,1.058263158,1.084578948,1.063526316,1.089842106,1.063526316,1.047526316
1864,1.073684211,1.063157896,1.094736843,0.968421054,1.042105264,1.021421054,1.053000001,1.037210527,1.068789475,1.021421054,0.968578948
1865,1.278947368,1.352631578,1.27368421,1.189473683,1.215789473,1.184578947,1.205631578,1.189842104,1.22668421,1.189842104,1.236999999
1866,2.121052632,2.189473685,2.084210527,2.121052632,2.178947369,2.037210527,2.053000001,2.031947369,2.068789475,2.037210527,2.068578948
1867,1.694736842,1.542105263,1.642105263,1.510526316,1.521052631,1.716157895,1.747736842,1.721421052,1.747736842,1.705631579,1.652789473
1868,0.552631579,0.521052632,0.557894737,0.589473684,0.536842105,0.47931579,0.484578947,0.484578947,0.510894737,0.47931579,0.505421053
1869,1.636842105,1.642105263,1.531578947,1.578947368,1.526315789,1.574052631,1.600368421,1.584578947,1.605631578,1.568789473,1.552789473
1870,1.810526316,1.905263158,1.789473685,1.773684211,1.794736843,1.795105264,1.821421053,1.800368421,1.821421053,1.784578948,1.747526316
1871,1.536842105,1.610526315,1.499999999,1.599999999,1.510526315,1.437210526,1.463526315,1.447736842,1.468789473,1.442473684,1.484368421
1872,2.073684211,2.157894738,2.194736843,2.184210527,2.105263159,2.021421054,2.058263159,2.037210527,2.063526317,2.037210527,1.994894738
1873,2.347368421,2.405263158,2.289473684,2.4,2.352631579,2.216157895,2.247736842,2.22668421,2.258263158,2.22668421,2.305421053
1874,2.547368421,2.610526316,2.542105263,2.589473684,2.563157895,2.437210526,2.468789474,2.442473684,2.474052631,2.442473684,2.500157895
1875,1.384210526,1.394736841,1.34736842,1.336842105,1.231578947,1.368789473,1.40036842,1.379315789,1.410894736,1.384578947,1.289631578
1876,2.326315789,2.34736842,2.315789473,2.310526315,2.321052631,2.279315789,2.310894736,2.284578946,2.321421052,2.289842104,2.300157894
1877,1.815789474,1.757894737,1.768421053,1.805263159,1.684210527,1.716157895,1.747736843,1.737210527,1.753000001,1.731947369,1.737000001
1878,2.178947368,2.163157894,2.121052631,2.057894736,1.968421052,2.105631578,2.142473683,2.110894736,2.152999999,2.110894736,2.136999999
1879,2.2,2.1,2.142105263,2.152631579,2.142105263,2.163526316,2.200368421,2.179315789,2.200368421,2.168789474,2.200157895
1880,1.031578947,1.063157894,1.021052631,1.042105262,1.099999999,0.947736841,0.984578947,0.963526315,0.989842105,0.952999999,0.952789473
1881,2.410526316,2.342105264,2.342105264,2.405263158,2.315789474,2.405631579,2.442473685,2.416157895,2.442473685,2.410894737,2.379105264
1882,1.294736842,1.215789473,1.226315789,1.284210526,1.252631579,1.279315789,1.32668421,1.295105263,1.316157895,1.295105263,1.173842105
1883,1.568421053,1.536842106,1.563157895,1.584210527,1.494736843,1.568789474,1.600368422,1.584578948,1.610894738,1.563526317,1.510684211
1884,1.031578947,1.036842105,1.078947368,1.078947368,0.936842105,1.005631578,1.042473683,1.021421052,1.052999999,1.021421052,0.921210526
1885,2.394736842,2.463157895,2.347368421,2.421052631,2.357894737,2.279315789,2.321421052,2.316157895,2.321421052,2.279315789,2.31068421
1886,1.452631579,1.357894737,1.378947369,1.363157895,1.405263158,1.389842105,1.421421053,1.405631579,1.437210526,1.405631579,1.394894737
1887,1.094736842,0.989473684,0.968421052,1.036842105,0.957894737,1.053,1.089842105,1.068789473,1.105631579,1.058263158,1.047526316
1888,2.552631579,2.415789474,2.331578947,2.410526316,2.415789474,2.500368421,2.537210526,2.526684211,2.542473684,2.521421053,2.452789474
1889,1.184210526,1.157894736,1.27368421,1.210526315,1.115789473,1.152999999,1.189842105,1.168789473,1.195105263,1.163526315,1.158052631
1890,1.957894737,2.015789474,1.973684211,1.963157895,2,1.916157895,1.953,1.926684211,1.947736842,1.916157895,1.889631579
1891,2.852631579,2.815789474,2.842105263,2.942105263,2.847368421,2.77931579,2.800368421,2.789842105,2.816157895,2.789842105,2.794894737
1892,1.031578947,0.984210526,0.899999999,0.97368421,0.957894736,0.958263157,0.995105262,0.968789473,1.005631578,0.968789473,0.958052631
1893,1.026315789,1.031578946,0.97368421,0.984210525,0.915789473,0.90036842,0.937210525,0.916157894,0.942473683,0.910894736,1.026473683
1894,1.794736842,1.821052631,1.805263158,1.721052631,1.731578947,1.705631579,1.742473684,1.716157895,1.737210526,1.710894737,1.784368421
1895,2.389473684,2.289473684,2.294736842,2.2,2.331578947,2.374052631,2.421421052,2.389842105,2.421421052,2.389842105,2.326473684
1896,1.326315789,1.24736842,1.199999999,1.24736842,1.210526315,1.279315789,1.321421052,1.295105262,1.321421052,1.30036842,1.279105262
1897,1.631578947,1.57368421,1.57368421,1.721052631,1.589473683,1.542473683,1.574052631,1.558263157,1.584578947,1.542473683,1.51068421
1898,2.357894737,2.373684211,2.305263158,2.321052632,2.331578948,2.316157895,2.347736842,2.310894737,2.358263158,2.310894737,2.305421053
1899,2.042105263,2.021052631,1.968421052,2,1.984210526,2.000368421,2.031947368,2.010894737,2.042473684,2.016157894,2.063315789
1900,2.473684211,2.594736843,2.55263158,2.578947369,2.631578948,2.447736843,2.468789475,2.453000001,2.47931579,2.447736843,2.337000001
1901,1.394736842,1.305263158,1.4,1.331578947,1.305263158,1.342473684,1.363526316,1.353,1.384578947,1.347736842,1.315947368
1902,1.678947368,1.710526315,1.584210525,1.726315789,1.610526315,1.605631578,1.637210525,1.621421052,1.642473683,1.605631578,1.594894736
1903,1.921052632,1.85263158,1.968421053,1.92631579,1.810526317,1.831947369,1.847736843,1.837210527,1.858263159,1.831947369,1.805421053
1904,1.431578947,1.526315789,1.431578947,1.321052631,1.363157894,1.358263157,1.379315789,1.368789473,1.389842105,1.352999999,1.363315789
1905,2.052631579,2.094736842,2.094736842,2.057894737,2.110526316,2.047736842,2.074052632,2.053,2.084578947,2.058263158,2.000157895
1906,2.294736842,2.347368421,2.326315789,2.289473684,2.321052631,2.247736842,2.263526316,2.253,2.289842105,2.247736842,2.152789473
1907,2.636842105,2.584210526,2.542105263,2.563157894,2.636842105,2.568789473,2.605631578,2.584578947,2.605631578,2.563526315,2.615947368
1908,2.110526316,2.110526316,2.036842106,2.084210527,2.147368421,2.068789474,2.105631579,2.07931579,2.110894737,2.074052632,2.052789474
1909,1.584210526,1.54736842,1.468421052,1.352631578,1.457894736,1.468789473,1.505631578,1.495105263,1.516157894,1.479315789,1.500157894
1910,2.957894737,2.910526316,2.9,2.873684211,2.873684211,2.895105263,2.931947369,2.905631579,2.937210527,2.905631579,2.894894737
1911,1.610526316,1.631578948,1.721052632,1.62631579,1.578947369,1.531947369,1.563526316,1.558263158,1.574052632,1.542473685,1.56331579
1912,1.836842105,1.884210526,1.757894736,1.852631578,1.810526315,1.758263157,1.789842105,1.768789473,1.795105263,1.758263157,1.842263157
1913,2.668421053,2.631578948,2.62631579,2.615789474,2.642105264,2.584578948,2.600368422,2.595105264,2.610894738,2.589842106,2.610684211
1914,2.4,2.305263158,2.284210526,2.315789474,2.336842105,2.326684211,2.363526316,2.342473684,2.374052632,2.331947368,2.315947368
1915,2.1,2.005263158,2.052631579,2.052631579,2.015789474,1.995105263,2.047736842,2.021421053,2.053,2.005631579,2.084368421
1916,1.147368421,1.17368421,1.157894737,1.142105263,1.184210526,1.063526316,1.100368421,1.079315789,1.100368421,1.068789474,1.121210526
1917,1.8,1.747368421,1.642105263,1.752631579,1.752631579,1.721421053,1.742473684,1.726684211,1.747736842,1.705631579,1.742263158
1918,2.642105263,2.521052631,2.605263158,2.626315789,2.594736842,2.621421052,2.668789473,2.642473684,2.663526315,2.62668421,2.594894737
1919,0.978947368,0.889473683,0.921052631,0.999999999,0.994736841,0.921421052,0.942473683,0.921421052,0.952999999,0.921421052,0.889631578
1920,1.631578947,1.526315789,1.54736842,1.410526315,1.599999999,1.531947368,1.552999999,1.537210526,1.552999999,1.537210526,1.579105262
1921,1.789473684,1.726315789,1.742105263,1.747368421,1.810526315,1.663526315,1.700368421,1.668789473,1.700368421,1.674052631,1.742263157
1922,1.210526316,1.215789474,1.231578948,1.289473685,1.221052632,1.116157895,1.147736843,1.131947369,1.153,1.121421053,1.094894737
1923,2.152631579,2.184210526,2.194736842,2.163157895,2.147368421,2.100368421,2.126684211,2.116157895,2.137210526,2.100368421,2.068578947
1924,1.736842105,1.789473684,1.784210526,1.715789473,1.789473684,1.621421052,1.658263157,1.631947368,1.652999999,1.616157894,1.673842105
1925,2.710526316,2.584210527,2.557894737,2.642105264,2.742105264,2.631947369,2.668789474,2.642473685,2.674052632,2.631947369,2.684368421
1926,1.721052632,1.615789475,1.605263159,1.700000001,1.678947369,1.67931579,1.70563158,1.689842106,1.726684211,1.684578948,1.631736843
1927,1.594736842,1.647368421,1.526315789,1.668421052,1.6,1.521421052,1.563526316,1.531947368,1.558263158,1.537210526,1.584368421
1928,2.915789474,2.873684211,2.821052632,2.821052632,2.905263159,2.853000001,2.874052632,2.858263159,2.889842106,2.853000001,2.800157895
1929,1.847368421,1.963157895,1.926315789,1.836842105,1.931578947,1.805631579,1.837210526,1.816157895,1.858263158,1.816157895,1.731736842
1930,2.468421053,2.542105264,2.436842106,2.394736843,2.500000001,2.437210527,2.463526317,2.447736843,2.474052632,2.437210527,2.368578948
1931,1.163157895,1.173684211,1.294736843,1.12631579,1.231578948,1.131947369,1.163526316,1.131947369,1.168789474,1.131947369,1.194894737
1932,2.236842105,2.184210526,2.199999999,2.126315789,2.189473684,2.121421052,2.147736842,2.121421052,2.152999999,2.12668421,2.152789473
1933,1.826315789,1.699999999,1.77368421,1.726315789,1.67368421,1.752999999,1.795105262,1.774052631,1.805631578,1.768789473,1.81068421
1934,1.005263158,0.868421053,0.889473684,0.842105263,0.831578948,0.958263158,0.995105263,0.963526316,0.995105263,0.974052632,0.889631579
1935,1.468421053,1.357894738,1.284210527,1.342105264,1.357894738,1.416157895,1.442473685,1.426684211,1.437210527,1.410894738,1.410684211
1936,1.989473684,1.984210526,2.105263157,2.005263157,1.868421052,1.963526315,1.995105263,1.974052631,1.995105263,1.968789473,1.921210526
1937,2.005263158,1.984210527,1.9,2.052631579,1.936842105,1.942473684,1.984578948,1.953,1.974052632,1.953,1.989631579
1938,1.852631579,1.905263158,1.952631579,1.9,1.831578947,1.800368421,1.826684211,1.810894737,1.831947369,1.805631579,1.800157895
1939,1.142105263,1.052631579,1.215789473,1.252631579,1.226315789,1.079315789,1.105631579,1.084578947,1.116157894,1.084578947,1.068578947
1940,2.026315789,2.163157894,2.068421052,2.110526315,2.084210525,1.947736841,1.968789473,1.958263157,1.984578946,1.942473683,2.015947367
1941,2.252631579,2.405263158,2.315789474,2.305263158,2.257894737,2.163526316,2.195105263,2.184578947,2.210894737,2.168789474,2.179105263
1942,2.289473684,2.136842105,2.284210526,2.221052631,2.126315789,2.231947368,2.268789473,2.242473684,2.253,2.22668421,2.242263157
1943,0.547368421,0.584210526,0.526315789,0.442105263,0.578947368,0.563526316,0.595105263,0.568789474,0.600368421,0.568789474,0.473842105
1944,1.252631579,1.310526316,1.268421053,1.305263158,1.205263158,1.142473684,1.17931579,1.163526316,1.184578947,1.147736842,1.231736842
1945,2.215789474,2.231578948,2.242105264,2.089473685,2.215789474,2.142473685,2.189842106,2.163526316,2.189842106,2.153000001,2.137000001
1946,2.910526316,2.915789474,2.9,2.921052632,2.931578948,2.837210527,2.87931579,2.853,2.884578948,2.847736843,2.873842106
1947,1.542105263,1.510526315,1.494736842,1.505263158,1.5,1.442473684,1.468789473,1.447736842,1.468789473,1.442473684,1.479105263
1948,1.305263158,1.394736842,1.310526316,1.32631579,1.378947369,1.247736842,1.274052632,1.247736842,1.284578948,1.247736842,1.252789474
1949,2.163157895,2.157894737,2.089473685,2.157894737,2.163157895,2.110894737,2.137210527,2.116157895,2.142473685,2.116157895,2.094894737
1950,2.373684211,2.384210527,2.32631579,2.342105264,2.321052633,2.289842106,2.326684211,2.300368422,2.331947369,2.289842106,2.379105264
1951,1.784210526,1.715789473,1.594736841,1.615789473,1.636842105,1.747736841,1.779315789,1.758263157,1.789842105,1.752999999,1.747526315
1952,2.726315789,2.67368421,2.605263157,2.578947367,2.584210525,2.652999999,2.679315789,2.668789473,2.695105262,2.668789473,2.658052631
1953,2.268421053,2.015789474,2.068421053,2.036842106,2.110526317,2.184578948,2.216157895,2.189842106,2.221421053,2.189842106,2.173842106
1954,2.647368421,2.494736842,2.57368421,2.652631579,2.547368421,2.574052631,2.595105263,2.574052631,2.600368421,2.574052631,2.563315789
1955,2.147368421,1.97368421,1.978947368,1.984210526,2.094736842,2.063526316,2.100368421,2.074052631,2.105631579,2.084578947,2.073842105
1956,2.221052632,2.131578948,2.221052632,2.068421053,2.110526317,2.131947369,2.17931579,2.153000001,2.174052632,2.137210527,2.126473685
1957,1.868421053,1.810526317,1.873684211,1.800000001,1.700000001,1.847736843,1.868789474,1.847736843,1.87931579,1.847736843,1.794894738
1958,1.189473684,1.136842105,1.221052631,1.110526315,1.115789473,1.121421052,1.137210526,1.12668421,1.147736842,1.116157894,1.142263157
1959,1.747368421,1.757894737,1.668421053,1.763157895,1.657894737,1.689842105,1.72668421,1.710894737,1.731947368,1.700368421,1.715947368
1960,2.121052632,2.136842106,2.115789475,2.163157896,2.194736843,2.089842106,2.116157896,2.095105264,2.121421053,2.084578948,2.058052632
1961,1.357894737,1.163157895,1.205263158,1.247368421,1.157894737,1.331947369,1.358263158,1.337210527,1.368789474,1.331947369,1.321210527
1962,1.989473684,2.052631579,1.957894736,2.015789473,1.97368421,1.937210526,1.963526315,1.942473684,1.979315789,1.937210526,1.947526315
1963,1.863157895,1.805263158,1.810526316,1.810526316,1.800000001,1.837210527,1.874052632,1.847736843,1.874052632,1.837210527,1.742263158
1964,1.321052632,1.289473685,1.247368422,1.289473685,1.300000001,1.263526317,1.289842106,1.263526317,1.289842106,1.258263159,1.305421053
1965,2.505263158,2.5,2.42631579,2.484210527,2.484210527,2.489842105,2.516157895,2.495105263,2.526684211,2.489842105,2.484368421
1966,1.5,1.552631579,1.515789474,1.663157895,1.515789474,1.405631579,1.437210526,1.421421053,1.453,1.421421053,1.489631579
1967,1.742105263,1.757894737,1.621052631,1.705263158,1.678947368,1.710894737,1.747736842,1.721421052,1.742473684,1.716157894,1.637
1968,2.668421053,2.589473685,2.631578948,2.500000001,2.621052632,2.57931579,2.60563158,2.584578948,2.626684211,2.584578948,2.56331579
1969,1.673684211,1.663157896,1.521052633,1.531578948,1.494736843,1.584578948,1.621421054,1.595105264,1.626684211,1.595105264,1.600157896
1970,1.568421053,1.657894738,1.557894738,1.636842106,1.521052632,1.495105264,1.531947369,1.516157895,1.542473685,1.510894738,1.537000001
1971,1.489473684,1.547368421,1.531578947,1.484210526,1.542105263,1.395105263,1.42668421,1.410894736,1.431947368,1.400368421,1.458052631
1972,1.563157895,1.557894737,1.510526316,1.621052632,1.515789474,1.47931579,1.521421053,1.500368422,1.521421053,1.489842106,1.531736843
1973,2,1.957894737,1.963157895,1.994736842,1.936842105,1.942473684,1.979315789,1.958263158,1.989842105,1.947736842,1.968578947
1974,2.389473684,2.336842105,2.389473684,2.415789473,2.384210526,2.300368421,2.321421052,2.305631579,2.347736842,2.305631579,2.331736842
1975,2.352631579,2.247368421,2.22631579,2.389473684,2.1,2.326684211,2.347736842,2.326684211,2.358263158,2.316157895,2.221210526
1976,2.2,2.115789474,2.115789474,2.2,2.136842105,2.110894737,2.126684211,2.116157895,2.142473684,2.116157895,2.121210526
1977,2.931578947,2.868421052,2.942105262,2.957894736,2.852631578,2.889842105,2.92668421,2.905631578,2.921421052,2.895105262,2.915947368
1978,2.294736842,2.094736842,2.2,2.210526316,2.131578947,2.174052631,2.221421052,2.189842105,2.216157895,2.189842105,2.258052631
1979,1.994736842,1.989473684,1.921052631,1.942105263,2.005263158,1.958263158,1.979315789,1.963526316,1.984578947,1.942473684,1.900157895
1980,2.536842105,2.331578947,2.37368421,2.405263157,2.347368421,2.479315789,2.516157894,2.495105263,2.521421052,2.489842105,2.521210526
1981,2.2,2.136842105,2.168421053,2.147368421,2.126315789,2.142473684,2.168789474,2.153,2.184578947,2.153,2.168578947
1982,1.463157895,1.421052632,1.563157895,1.521052632,1.621052632,1.384578948,1.405631579,1.395105264,1.431947369,1.400368422,1.384368422
1983,1.489473684,1.521052631,1.5,1.494736842,1.410526315,1.500368421,1.521421052,1.505631579,1.521421052,1.495105263,1.41068421
1984,1.4,1.415789474,1.294736842,1.4,1.368421053,1.368789474,1.389842105,1.374052632,1.405631579,1.353,1.337
1985,1.642105263,1.621052631,1.610526315,1.594736842,1.584210526,1.568789473,1.600368421,1.568789473,1.621421052,1.568789473,1.600157894
1986,1.636842105,1.521052631,1.552631578,1.621052631,1.542105263,1.552999999,1.584578947,1.563526315,1.595105263,1.558263157,1.573842105
1987,2.547368421,2.594736842,2.484210526,2.526315789,2.515789474,2.489842105,2.521421053,2.500368421,2.516157895,2.495105263,2.479105263
1988,1.815789474,1.847368422,1.805263159,1.789473685,1.889473685,1.774052632,1.795105264,1.789842106,1.821421053,1.784578948,1.758052632
1989,1.726315789,1.721052631,1.768421052,1.789473683,1.721052631,1.668789473,1.695105262,1.684578946,1.716157894,1.668789473,1.663315789
1990,1.589473684,1.642105263,1.542105263,1.494736842,1.468421052,1.516157894,1.558263157,1.52668421,1.553,1.521421052,1.458052631
1991,1.731578947,1.74736842,1.752631578,1.699999999,1.805263157,1.647736841,1.684578947,1.658263157,1.684578947,1.652999999,1.68436842
1992,1.647368421,1.494736842,1.521052631,1.47368421,1.526315789,1.563526316,1.584578947,1.574052631,1.600368421,1.563526316,1.600157895
1993,1.357894737,1.389473685,1.315789474,1.373684211,1.278947369,1.310894737,1.353,1.305631579,1.342473685,1.305631579,1.331736842
1994,1.815789474,1.794736843,1.800000001,1.85263158,1.789473685,1.742473685,1.763526316,1.742473685,1.774052632,1.747736843,1.721210527
1995,1.021052632,1.089473685,0.947368422,1.094736843,1.042105264,0.884578948,0.916157896,0.900368422,0.916157896,0.889842106,0.973842106
1996,2.094736842,1.910526316,1.968421052,1.910526316,1.884210526,2.068789473,2.095105263,2.068789473,2.110894737,2.058263158,1.984368421
1997,1.410526316,1.5,1.436842106,1.547368421,1.494736843,1.342473685,1.374052632,1.342473685,1.363526316,1.347736843,1.326473685
1998,2.057894737,1.957894737,2.021052632,1.989473685,1.957894737,1.989842106,2.021421053,2.005631579,2.026684211,1.995105263,1.994894737
1999,1.368421053,1.368421053,1.157894738,1.310526317,1.242105264,1.300368422,1.331947369,1.316157895,1.337210527,1.310894738,1.294894738
2000,2.073684211,2.110526317,2.021052633,2.157894738,2.157894738,2.00563158,2.053000001,2.021421054,2.042473685,2.016157896,1.984368422
2001,1.173684211,1.157894738,1.257894738,1.210526317,1.15263158,1.126684211,1.158263159,1.137210527,1.163526317,1.121421054,1.068578948
2002,1.426315789,1.399999999,1.363157894,1.484210525,1.399999999,1.358263157,1.384578946,1.374052631,1.389842104,1.358263157,1.300157894
2003,3.268421053,3.263157895,3.157894738,3.236842106,3.22631579,3.168789474,3.189842106,3.17931579,3.20563158,3.168789474,3.221210527
2004,2.652631579,2.668421053,2.647368421,2.636842105,2.589473684,2.574052632,2.616157895,2.589842105,2.621421053,2.584578947,2.658052632
2005,1.668421053,1.65263158,1.589473685,1.557894738,1.710526317,1.637210527,1.668789474,1.647736843,1.668789474,1.647736843,1.631736843
2006,1.831578947,1.842105262,1.799999999,1.810526315,1.715789473,1.816157894,1.852999999,1.82668421,1.858263157,1.821421052,1.794894736
2007,1.542105263,1.536842105,1.547368421,1.557894737,1.621052631,1.505631579,1.52668421,1.505631579,1.531947368,1.505631579,1.463315789
2008,2.084210526,2.099999999,1.97368421,2.052631578,1.989473684,2.00036842,2.042473684,2.010894736,2.037210526,2.010894736,2.073842105
2009,2.331578947,2.215789473,2.215789473,2.242105262,2.184210526,2.316157894,2.352999999,2.32668421,2.352999999,2.310894736,2.28436842
2010,2.752631579,2.768421053,2.794736842,2.752631579,2.72631579,2.726684211,2.758263158,2.737210526,2.753,2.716157895,2.684368421
2011,3.021052632,2.994736843,2.900000001,2.978947369,2.95263158,2.942473685,2.963526317,2.953000001,2.97931579,2.942473685,2.926473685
2012,1.847368421,1.863157895,1.847368421,1.831578947,1.794736842,1.768789474,1.795105263,1.774052631,1.805631579,1.774052631,1.805421053
2013,0.205263158,0.168421053,0.189473684,0.236842105,0.078947369,0.168789474,0.189842105,0.174052632,0.205631579,0.168789474,0.110684211
2014,1.257894737,1.22631579,1.189473685,1.157894737,1.152631579,1.184578948,1.210894737,1.195105263,1.216157895,1.17931579,1.189631579
2015,1.089473684,1.105263157,1.047368421,1.157894736,1.105263157,1.053,1.084578947,1.063526315,1.089842105,1.058263157,1.037
2016,0.315789474,0.273684211,0.25263158,0.210526316,0.157894737,0.258263159,0.295105264,0.268789474,0.289842106,0.268789474,0.337000001
2017,1.878947368,1.942105262,1.989473683,1.952631578,1.921052631,1.837210525,1.863526315,1.852999999,1.874052631,1.842473683,1.815947368
2018,1.410526316,1.357894737,1.215789474,1.252631579,1.273684211,1.305631579,1.342473685,1.316157895,1.342473685,1.316157895,1.36331579
2019,1.515789474,1.668421053,1.62631579,1.615789474,1.547368422,1.384578948,1.400368422,1.384578948,1.416157895,1.37931579,1.458052632
2020,1.363157895,1.394736843,1.394736843,1.263157895,1.278947369,1.331947369,1.363526316,1.342473685,1.358263158,1.331947369,1.258052632
2021,1.921052632,1.947368422,2.015789475,2.000000001,2.031578948,1.847736843,1.874052632,1.868789475,1.889842106,1.858263159,1.815947369
2022,1.778947368,1.799999999,1.77368421,1.799999999,1.826315789,1.70036842,1.731947368,1.716157894,1.737210525,1.705631578,1.773842104
2023,1.8,1.721052632,1.821052632,1.789473684,1.678947368,1.774052632,1.795105263,1.779315789,1.800368421,1.768789474,1.705421053
2024,2.078947368,2.078947368,2.136842104,2.005263157,2.14736842,2.047736841,2.079315789,2.052999999,2.079315789,2.052999999,1.994894736
2025,2.257894737,2.410526316,2.321052632,2.347368421,2.263157895,2.237210527,2.263526316,2.253,2.274052632,2.247736842,2.184368421
2026,2.842105263,2.752631579,2.715789473,2.821052631,2.763157894,2.742473684,2.774052631,2.753,2.774052631,2.737210526,2.815947368
2027,1.178947368,1.031578947,1.094736841,1.015789473,1.205263157,1.195105262,1.22668421,1.20036842,1.231947368,1.179315789,1.163315789
2028,2.436842105,2.447368421,2.405263157,2.405263157,2.357894736,2.379315789,2.395105263,2.384578947,2.410894736,2.384578947,2.442263157
2029,1.747368421,1.794736842,1.731578947,1.8,1.684210526,1.621421053,1.647736842,1.642473684,1.658263158,1.631947368,1.694894737
2030,1.031578947,0.984210526,0.94736842,0.910526315,1.052631578,0.916157894,0.958263157,0.931947368,0.958263157,0.92668421,0.994894736
2031,1.942105263,1.878947368,1.963157894,1.847368421,1.878947368,1.900368421,1.937210526,1.910894737,1.937210526,1.900368421,1.952789473
2032,1.068421053,1.068421053,1.015789474,1.031578948,1.036842106,1.00563158,1.047736843,1.031947369,1.058263159,1.026684211,0.979105264
2033,1.526315789,1.510526315,1.405263157,1.557894736,1.452631578,1.458263157,1.50036842,1.474052631,1.50036842,1.468789473,1.426473683
2034,1.531578947,1.484210526,1.594736841,1.621052631,1.515789473,1.447736841,1.489842105,1.468789473,1.489842105,1.452999999,1.536999999
2035,1.136842105,1.005263157,0.968421052,0.978947368,0.999999999,1.074052631,1.100368421,1.089842105,1.110894736,1.074052631,1.084368421
2036,2.078947368,2.189473683,2.068421052,1.968421052,2.031578947,2.031947368,2.063526315,2.042473683,2.068789473,2.037210525,1.952789473
2037,2.494736842,2.557894737,2.463157895,2.505263158,2.468421052,2.389842105,2.437210526,2.410894737,2.442473684,2.400368421,2.447526316
2038,1.863157895,1.747368422,1.752631579,1.715789474,1.784210527,1.821421053,1.847736843,1.826684211,1.863526316,1.821421053,1.758052632
2039,2.205263158,2.331578948,2.3,2.278947369,2.331578948,2.126684211,2.163526316,2.147736842,2.168789474,2.131947369,2.231736842
2040,1.494736842,1.431578947,1.431578947,1.389473684,1.447368421,1.379315789,1.421421052,1.389842105,1.416157895,1.389842105,1.347526316
2041,2.215789474,2.057894737,2.178947369,2.200000001,2.12631579,2.163526316,2.20563158,2.168789474,2.210894737,2.174052632,2.210684211
2042,1.763157895,1.805263158,1.652631579,1.62631579,1.810526316,1.716157895,1.737210527,1.710894737,1.731947369,1.710894737,1.705421053
2043,2.673684211,2.615789475,2.547368422,2.584210527,2.65263158,2.60563158,2.631947369,2.610894738,2.631947369,2.616157896,2.568578948
2044,2.231578947,2.136842105,2.04736842,2.142105262,2.057894736,2.158263157,2.20036842,2.174052631,2.195105262,2.168789473,2.221210526
2045,1.752631579,1.731578947,1.857894737,1.789473684,1.768421053,1.684578947,1.705631579,1.689842105,1.721421053,1.684578947,1.694894737
2046,0.921052632,0.836842106,0.768421053,0.815789475,0.757894738,0.837210527,0.868789475,0.847736843,0.874052632,0.847736843,0.826473685
2047,1.8,1.747368421,1.847368421,1.789473684,1.768421053,1.737210526,1.758263158,1.747736842,1.774052632,1.737210526,1.810684211
2048,1.042105263,1.031578947,1.057894737,0.884210526,1.047368421,1.016157894,1.047736842,1.016157894,1.042473684,1.021421052,0.984368421
2049,2.584210526,2.636842105,2.552631578,2.442105263,2.552631578,2.489842105,2.52668421,2.50036842,2.542473684,2.505631578,2.505421052
2050,1.705263158,1.6,1.678947369,1.694736842,1.684210527,1.605631579,1.637210527,1.616157895,1.647736842,1.616157895,1.684368421
2051,2.342105263,2.268421052,2.257894737,2.27368421,2.363157894,2.268789473,2.300368421,2.284578947,2.305631579,2.268789473,2.258052631
2052,2.547368421,2.584210526,2.478947368,2.5,2.552631579,2.495105263,2.531947368,2.495105263,2.516157895,2.505631579,2.500157895
2053,1.389473684,1.252631579,1.384210526,1.363157894,1.326315789,1.316157894,1.342473684,1.331947368,1.347736842,1.316157894,1.352789473
2054,1.552631579,1.473684211,1.363157895,1.484210526,1.515789474,1.489842105,1.516157895,1.489842105,1.521421053,1.489842105,1.468578947
2055,0.910526316,0.842105264,0.794736843,0.836842106,0.773684211,0.821421053,0.837210527,0.826684211,0.853,0.826684211,0.826473685
2056,1.105263158,1.063157895,0.978947369,0.952631579,0.963157895,1.031947369,1.063526316,1.037210527,1.074052632,1.031947369,1.031736842
2057,1.442105263,1.484210526,1.315789473,1.363157894,1.415789473,1.379315789,1.400368421,1.379315789,1.405631579,1.384578947,1.426473684
2058,1.552631579,1.431578947,1.315789474,1.347368421,1.42631579,1.489842105,1.510894737,1.500368421,1.531947369,1.510894737,1.452789474
2059,1.084210526,1.021052631,0.978947368,0.957894736,0.999999999,1.02668421,1.052999999,1.031947368,1.047736841,1.037210526,1.000157894
2060,1.963157895,2.010526316,1.989473685,1.978947369,2.010526316,1.895105264,1.926684211,1.900368422,1.937210527,1.900368422,1.852789474
2061,2.236842105,2.168421052,2.205263157,2.089473684,2.147368421,2.142473684,2.174052631,2.158263157,2.184578947,2.152999999,2.11068421
2062,1.089473684,0.926315789,1,0.97368421,0.915789473,1.037210526,1.068789473,1.047736842,1.074052631,1.037210526,1.063315789
2063,2.321052632,2.35263158,2.400000001,2.489473685,2.305263159,2.295105264,2.326684211,2.30563158,2.331947369,2.300368422,2.294894738
2064,1.831578947,1.778947368,1.863157894,1.663157894,1.742105262,1.779315789,1.816157894,1.779315789,1.816157894,1.779315789,1.773842105
2065,1.936842105,1.936842105,1.952631578,1.899999999,1.821052631,1.874052631,1.889842105,1.879315789,1.900368421,1.874052631,1.952789473
2066,2.852631579,2.868421053,2.82631579,2.810526316,2.8,2.768789474,2.805631579,2.784578947,2.810894737,2.77931579,2.789631579
2067,1.810526316,1.810526316,1.810526316,1.857894737,1.857894737,1.695105264,1.721421053,1.705631579,1.731947369,1.705631579,1.737
2068,1.626315789,1.54736842,1.563157894,1.689473683,1.621052631,1.595105262,1.621421052,1.595105262,1.62668421,1.595105262,1.568578946
2069,2.384210526,2.421052631,2.331578947,2.405263157,2.357894736,2.32668421,2.358263157,2.337210526,2.368789473,2.331947368,2.373842105
2070,2.242105263,2.210526315,2.215789473,2.310526315,2.184210526,2.210894737,2.247736842,2.221421052,2.258263158,2.216157894,2.158052631
2071,1.6,1.547368421,1.531578947,1.368421053,1.515789474,1.531947368,1.558263158,1.537210526,1.563526316,1.537210526,1.573842105
2072,1.884210526,1.799999999,1.852631578,1.794736841,1.77368421,1.810894736,1.837210526,1.816157894,1.837210526,1.816157894,1.78436842
2073,1.842105263,1.752631579,1.757894737,1.784210526,1.831578947,1.737210526,1.763526315,1.747736842,1.774052631,1.742473684,1.826473684
2074,1.536842105,1.442105263,1.531578947,1.584210526,1.484210526,1.500368421,1.531947368,1.505631578,1.537210526,1.500368421,1.531736842
2075,2.273684211,2.247368422,2.300000001,2.315789475,2.310526317,2.131947369,2.153000001,2.142473685,2.174052633,2.142473685,2.194894738
2076,2.221052632,2.22631579,2.25263158,2.173684211,2.22631579,2.126684211,2.158263159,2.131947369,2.158263159,2.137210527,2.142263159
2077,1.789473684,1.87368421,1.789473684,1.863157894,1.931578947,1.705631579,1.731947368,1.716157894,1.742473684,1.700368421,1.673842105
2078,2.131578947,2.136842105,2.036842105,2.110526315,2.084210526,2.089842105,2.116157894,2.110894736,2.131947368,2.095105262,2.152789473
2079,1.405263158,1.515789474,1.521052632,1.389473684,1.494736842,1.368789474,1.395105263,1.37931579,1.384578948,1.358263158,1.368578948
2080,1.2,1.073684211,1.126315789,1.078947368,1.078947368,1.168789474,1.195105263,1.184578947,1.205631579,1.174052632,1.137
2081,1.984210526,1.931578947,1.97368421,1.805263157,1.899999999,1.863526315,1.90036842,1.874052631,1.90036842,1.874052631,1.905421052
2082,1.347368421,1.468421053,1.421052631,1.336842105,1.363157895,1.279315789,1.310894737,1.284578947,1.316157895,1.289842105,1.231736842
2083,1.752631579,1.742105263,1.673684211,1.72631579,1.778947369,1.716157895,1.747736842,1.737210526,1.747736842,1.726684211,1.679105263
2084,1.921052632,1.878947369,1.92631579,1.889473685,2.02631579,1.847736843,1.87931579,1.863526317,1.87931579,1.853000001,1.852789475
2085,1.926315789,1.857894736,1.868421052,1.957894736,1.894736841,1.837210525,1.863526315,1.831947367,1.868789473,1.837210525,1.894894736
2086,2.210526316,2.178947369,2.2,2.194736843,2.057894737,2.174052632,2.205631579,2.17931579,2.216157895,2.17931579,2.131736843
2087,1.936842105,1.831578947,1.815789473,1.936842105,1.905263157,1.847736842,1.884578947,1.858263157,1.884578947,1.852999999,1.91068421
2088,1.847368421,1.921052631,1.863157895,1.794736842,1.794736842,1.768789474,1.805631579,1.779315789,1.805631579,1.763526316,1.800157895
2089,1.457894737,1.442105263,1.410526316,1.547368421,1.363157895,1.395105263,1.426684211,1.405631579,1.431947369,1.400368421,1.331736842
2090,1.384210526,1.215789473,1.27368421,1.24736842,1.17368421,1.347736841,1.379315789,1.358263157,1.374052631,1.352999999,1.279105263
2091,1.473684211,1.405263159,1.331578948,1.357894738,1.315789475,1.416157896,1.458263159,1.421421054,1.458263159,1.416157896,1.431736843
2092,1.810526316,1.805263158,1.721052632,1.715789474,1.657894737,1.774052632,1.805631579,1.77931579,1.810894737,1.774052632,1.731736843
2093,1.126315789,1.110526315,1.131578946,1.078947367,1.105263157,1.058263157,1.095105262,1.063526315,1.10036842,1.063526315,1.079105262
2094,2.642105263,2.557894737,2.536842105,2.657894737,2.657894737,2.574052631,2.616157894,2.600368421,2.610894737,2.595105263,2.584368421
2095,1.763157895,1.794736843,1.72631579,1.694736843,1.652631579,1.689842106,1.731947369,1.705631579,1.726684211,1.705631579,1.673842106
2096,2.489473684,2.242105263,2.27368421,2.352631579,2.321052631,2.374052631,2.395105263,2.379315789,2.400368421,2.374052631,2.437
2097,1.915789474,1.863157895,1.805263159,1.863157895,1.831578948,1.795105264,1.816157895,1.80563158,1.821421053,1.800368422,1.931736843
2098,2.273684211,2.147368422,2.205263159,2.073684211,2.210526317,2.210894738,2.242473685,2.221421054,2.242473685,2.210894738,2.242263159
2099,1.457894737,1.389473685,1.484210527,1.378947369,1.3,1.431947369,1.463526316,1.447736842,1.47931579,1.447736842,1.384368421
2100,1.615789474,1.647368422,1.65263158,1.742105264,1.605263159,1.521421053,1.558263159,1.542473685,1.563526316,1.531947369,1.552789474
2101,1.231578947,1.078947368,1.068421052,1.14736842,1.057894736,1.137210526,1.158263157,1.147736841,1.168789473,1.131947368,1.152789473
2102,2.621052632,2.594736843,2.647368422,2.715789475,2.594736843,2.57931579,2.631947369,2.610894738,2.642473685,2.600368422,2.621210527
2103,2.684210526,2.521052631,2.668421052,2.515789473,2.652631578,2.616157894,2.658263157,2.637210526,2.663526315,2.631947368,2.689631578
2104,2.142105263,2.047368421,2.068421052,2.126315789,2.026315789,2.079315789,2.100368421,2.084578947,2.121421052,2.084578947,2.052789473
2105,1.915789474,1.894736843,1.884210527,1.857894737,1.915789474,1.858263159,1.90563158,1.868789474,1.900368422,1.863526316,1.842263159
2106,2.184210526,2.089473684,2.152631578,2.136842105,2.126315789,2.105631578,2.142473684,2.12668421,2.147736841,2.12668421,2.142263157
2107,1.457894737,1.521052632,1.515789474,1.594736842,1.521052632,1.400368421,1.426684211,1.410894737,1.442473685,1.400368421,1.358052632
2108,1.863157895,1.889473685,1.810526316,1.821052632,1.778947369,1.831947369,1.863526316,1.837210527,1.853000001,1.842473685,1.779105264
2109,1.742105263,1.784210526,1.763157894,1.678947368,1.731578947,1.689842105,1.731947368,1.700368421,1.731947368,1.684578947,1.668578947
2110,1.715789474,1.647368422,1.573684211,1.647368422,1.72631579,1.653000001,1.700368422,1.663526316,1.684578948,1.663526316,1.642263159
2111,3.2,3.321052632,3.2,3.252631579,3.189473684,3.131947368,3.153,3.137210526,3.179315789,3.142473684,3.163315789
2112,1.715789474,1.621052632,1.510526316,1.584210527,1.584210527,1.695105264,1.721421053,1.700368422,1.726684211,1.700368422,1.573842106
2113,1.442105263,1.552631579,1.452631579,1.410526315,1.447368421,1.358263158,1.400368421,1.368789473,1.400368421,1.374052631,1.352789473
2114,2.189473684,2.142105263,2.126315789,2.289473684,2.157894736,2.12668421,2.163526315,2.137210526,2.168789473,2.142473684,2.121210526
2115,1.768421053,1.736842106,1.631578948,1.810526317,1.631578948,1.70563158,1.747736843,1.721421053,1.747736843,1.716157895,1.721210527
2116,3.026315789,2.915789473,2.884210525,2.910526315,2.87368421,2.947736841,2.979315789,2.958263157,2.984578946,2.947736841,2.947526315
2117,1.942105263,1.857894737,1.831578947,1.926315789,1.868421052,1.910894737,1.942473684,1.916157894,1.947736842,1.921421052,1.842263158
2118,2.068421053,2.021052632,1.936842106,1.957894738,1.857894738,2.07931579,2.110894738,2.089842106,2.116157895,2.07931579,2.031736843
2119,1.926315789,1.87368421,1.87368421,1.921052631,1.931578946,1.868789473,1.905631578,1.889842104,1.910894736,1.884578946,1.836999999
2120,1.273684211,1.157894738,1.105263159,1.194736843,1.147368422,1.189842106,1.210894738,1.195105264,1.231947369,1.195105264,1.194894738
2121,1.957894737,1.868421053,1.894736842,1.921052632,1.873684211,1.884578948,1.916157895,1.900368421,1.921421053,1.895105263,1.894894737
2122,1.763157895,1.836842106,1.663157895,1.773684211,1.757894737,1.67931579,1.710894737,1.695105264,1.726684211,1.695105264,1.673842106
2123,2.068421053,2.005263159,2.100000001,2.073684211,2.05263158,2.053000001,2.084578948,2.074052632,2.095105264,2.058263159,2.058052632
2124,1.463157895,1.442105264,1.352631579,1.415789474,1.447368422,1.353000001,1.389842106,1.368789474,1.395105264,1.353000001,1.394894737
2125,0.652631579,0.515789474,0.494736842,0.568421053,0.536842105,0.600368421,0.642473684,0.626684211,0.642473684,0.610894737,0.631736842
2126,0.952631579,0.905263158,0.8,0.863157895,0.873684211,0.884578947,0.916157895,0.895105263,0.921421053,0.889842105,0.889631579
2127,2.773684211,2.631578948,2.647368422,2.694736843,2.62631579,2.647736843,2.67931579,2.658263159,2.684578948,2.658263159,2.726473685
2128,2.336842105,2.336842105,2.352631578,2.384210526,2.368421052,2.310894736,2.342473684,2.331947368,2.352999999,2.321421052,2.273842105
2129,1.789473684,1.763157894,1.842105263,1.8,1.784210526,1.700368421,1.737210526,1.716157894,1.737210526,1.710894736,1.737
2130,1.484210526,1.499999999,1.521052631,1.526315789,1.515789473,1.389842105,1.421421052,1.40036842,1.421421052,1.40036842,1.473842105
2131,1.247368421,1.305263158,1.236842105,1.247368421,1.252631579,1.237210526,1.258263158,1.237210526,1.268789474,1.247736842,1.252789474
2132,1.131578947,1.036842105,0.936842105,1.036842105,1.042105262,1.063526315,1.095105262,1.068789473,1.110894736,1.068789473,1.015947368
2133,0.831578947,0.784210526,0.942105262,0.868421052,0.826315789,0.721421052,0.742473683,0.72668421,0.747736841,0.721421052,0.763315789
2134,2.568421053,2.489473685,2.531578948,2.415789474,2.400000001,2.531947369,2.558263159,2.542473685,2.568789474,2.537210527,2.458052632
2135,1.431578947,1.47368421,1.526315789,1.599999999,1.510526315,1.421421052,1.452999999,1.431947368,1.452999999,1.421421052,1.342263157
2136,1.642105263,1.531578947,1.610526315,1.631578947,1.589473684,1.563526315,1.589842105,1.563526315,1.605631579,1.563526315,1.605421052
2137,2.521052632,2.442105264,2.431578948,2.457894738,2.405263159,2.489842106,2.526684211,2.50563158,2.531947369,2.500368422,2.447526317
2138,2.473684211,2.510526317,2.578947369,2.373684211,2.505263159,2.431947369,2.458263159,2.431947369,2.458263159,2.426684211,2.410684211
2139,1.531578947,1.594736841,1.615789473,1.557894736,1.426315789,1.442473683,1.458263157,1.452999999,1.468789473,1.442473683,1.494894736
2140,2.542105263,2.636842105,2.531578947,2.457894737,2.484210526,2.563526315,2.595105263,2.563526315,2.595105263,2.574052631,2.484368421
2141,2.6,2.668421053,2.563157895,2.515789474,2.484210526,2.526684211,2.574052632,2.537210526,2.568789474,2.531947368,2.500157895
2142,1.321052632,1.305263159,1.284210527,1.231578948,1.300000001,1.27931579,1.321421053,1.284578948,1.321421053,1.284578948,1.258052632
2143,2.6,2.489473684,2.5,2.589473684,2.494736842,2.521421053,2.542473684,2.531947368,2.547736842,2.510894737,2.563315789
2144,1.315789474,1.278947369,1.289473685,1.347368422,1.321052632,1.221421053,1.242473685,1.226684211,1.253000001,1.231947369,1.226473685
2145,2.084210526,1.926315789,1.863157894,1.984210526,2.015789473,1.958263157,1.995105263,1.979315789,2.010894736,1.968789473,2.089631578
2146,1.657894737,1.757894737,1.731578948,1.689473685,1.710526316,1.537210527,1.574052632,1.553,1.584578948,1.547736842,1.637
2147,2.921052632,2.900000001,2.842105264,2.810526317,2.905263159,2.795105264,2.821421053,2.80563158,2.831947369,2.800368422,2.842263159
2148,2.026315789,2.152631578,1.984210525,2.042105262,2.052631578,1.879315789,1.921421052,1.895105262,1.916157894,1.884578946,1.894894736
2149,1.615789474,1.505263159,1.373684211,1.563157895,1.468421053,1.563526316,1.584578948,1.563526316,1.584578948,1.563526316,1.547526316
2150,1.447368421,1.268421053,1.326315789,1.394736842,1.252631579,1.384578947,1.421421053,1.395105263,1.42668421,1.395105263,1.352789474
2151,2.068421053,1.994736843,1.921052632,1.968421053,2.100000001,1.97931579,2.010894738,1.984578948,2.016157895,1.97931579,2.021210527
2152,1.847368421,1.842105263,1.752631579,1.77368421,1.710526316,1.795105263,1.831947368,1.816157895,1.821421053,1.795105263,1.805421053
2153,1.573684211,1.557894738,1.510526317,1.547368422,1.600000001,1.510894738,1.547736843,1.516157896,1.553000001,1.510894738,1.537000001
2154,2.489473684,2.478947368,2.421052631,2.426315789,2.436842105,2.416157894,2.447736842,2.421421052,2.453,2.421421052,2.463315789
2155,0.405263158,0.468421053,0.415789474,0.394736842,0.389473684,0.358263158,0.389842105,0.368789474,0.389842105,0.368789474,0.368578948
2156,1.263157895,1.268421053,1.363157895,1.347368422,1.32631579,1.237210527,1.263526316,1.253000001,1.268789474,1.242473685,1.210684211
2157,2.478947368,2.557894736,2.410526315,2.521052631,2.557894736,2.395105262,2.421421052,2.40036842,2.431947368,2.405631578,2.379105262
2158,2.442105263,2.278947368,2.205263158,2.247368421,2.226315789,2.416157894,2.442473684,2.431947368,2.458263158,2.42668421,2.384368421
2159,2.142105263,2.110526315,2.131578947,2.226315789,2.1,2.063526315,2.100368421,2.074052631,2.100368421,2.068789473,2.037
2160,1.210526316,1.105263158,0.968421053,1.121052632,1.110526316,1.110894737,1.142473685,1.121421053,1.147736843,1.110894737,1.189631579
2161,1.436842105,1.426315789,1.37368421,1.378947368,1.431578947,1.363526315,1.389842105,1.368789473,1.395105263,1.374052631,1.331736842
2162,1.868421053,1.847368422,1.842105264,1.800000001,1.878947369,1.889842106,1.900368422,1.87931579,1.910894738,1.884578948,1.86331579
2163,1.905263158,1.952631579,1.831578948,1.857894737,1.905263158,1.831947369,1.863526316,1.831947369,1.853,1.831947369,1.831736842
2164,1.526315789,1.652631578,1.494736841,1.563157894,1.557894736,1.505631578,1.537210525,1.516157894,1.542473683,1.505631578,1.521210525
2165,1.936842105,1.926315789,1.947368421,1.963157894,1.863157894,1.874052631,1.910894736,1.900368421,1.910894736,1.879315789,1.863315789
2166,1.9,1.978947368,1.910526316,1.863157895,1.815789474,1.837210526,1.874052632,1.842473684,1.874052632,1.831947368,1.821210526
2167,0.952631579,0.889473684,0.842105263,0.947368421,0.947368421,0.889842105,0.937210526,0.910894737,0.937210526,0.900368421,0.86331579
2168,1.894736842,1.852631579,1.852631579,1.763157895,1.926315789,1.858263158,1.895105263,1.858263158,1.884578947,1.853,1.894894737
2169,1.010526316,1,0.973684211,0.810526316,0.963157895,0.984578948,1.016157895,0.989842106,1.021421053,0.984578948,0.921210527
2170,2.194736842,2.163157895,2.115789473,2.131578947,2.078947368,2.110894737,2.137210526,2.116157895,2.142473684,2.105631579,2.105421052
2171,1.521052632,1.484210527,1.447368422,1.547368422,1.45263158,1.437210527,1.474052632,1.442473685,1.468789475,1.442473685,1.437000001
2172,2.642105263,2.684210526,2.621052631,2.615789473,2.563157894,2.558263158,2.589842105,2.574052631,2.600368421,2.563526315,2.637
2173,1.105263158,1.105263158,1.221052632,1.1,1.142105263,1.068789474,1.110894737,1.084578948,1.126684211,1.089842105,1.000157895
2174,2.036842105,1.963157894,1.999999999,1.978947368,1.97368421,1.968789473,1.989842105,1.968789473,2.000368421,1.958263157,1.968578947
2175,1.194736842,1.278947368,1.226315789,1.321052631,1.37368421,1.163526316,1.189842105,1.174052631,1.200368421,1.168789473,1.094894737
2176,2.005263158,2.110526316,2.057894737,2.173684211,2.131578948,1.900368421,1.931947369,1.916157895,1.937210527,1.916157895,1.947526316
2177,2.389473684,2.436842105,2.215789473,2.27368421,2.326315789,2.363526315,2.389842105,2.363526315,2.395105263,2.368789473,2.352789473
2178,2.584210526,2.489473684,2.499999999,2.399999999,2.484210526,2.60036842,2.62668421,2.605631578,2.637210526,2.60036842,2.515947368
2179,2.205263158,2.252631579,2.194736842,2.221052632,2.278947369,2.126684211,2.163526316,2.147736842,2.168789474,2.131947369,2.073842105
2180,1.905263158,1.936842105,1.878947369,1.905263158,1.821052632,1.831947369,1.87931579,1.858263158,1.87931579,1.847736842,1.821210527
2181,0.842105263,0.7,0.784210526,0.689473684,0.736842105,0.716157894,0.747736842,0.716157894,0.753,0.716157894,0.758052631
2182,1.310526316,1.352631579,1.305263158,1.294736843,1.289473685,1.205631579,1.231947369,1.221421053,1.247736843,1.216157895,1.226473685
2183,1.915789474,1.85263158,1.863157895,1.915789474,1.863157895,1.853000001,1.884578948,1.863526316,1.87931579,1.847736843,1.86331579
2184,2.152631579,2.12631579,1.978947369,2.068421053,2.031578947,2.068789474,2.095105263,2.07931579,2.105631579,2.068789474,2.042263158
2185,2.889473684,2.936842105,2.963157894,2.97368421,2.905263157,2.858263157,2.895105263,2.863526315,2.895105263,2.868789473,2.794894736
2186,2.905263158,2.989473684,2.978947369,2.863157895,2.842105263,2.795105263,2.826684211,2.805631579,2.842473684,2.800368421,2.773842105
2187,2.047368421,1.889473684,1.9,2.057894737,1.989473684,2.000368421,2.021421053,2.000368421,2.02668421,2.000368421,1.984368421
2188,2.152631579,1.952631579,2.2,2.068421053,2.031578947,2.116157895,2.142473684,2.126684211,2.153,2.121421053,2.115947369
2189,1.452631579,1.457894737,1.431578947,1.410526316,1.415789474,1.37931579,1.410894737,1.389842105,1.400368421,1.389842105,1.384368421
2190,2.584210526,2.463157894,2.499999999,2.484210526,2.536842105,2.516157894,2.542473684,2.52668421,2.547736841,2.510894736,2.447526315
2191,2.089473684,2.1,2.084210526,2.147368421,2.115789473,1.989842105,2.021421052,2.016157894,2.031947368,2.005631579,2.015947368
2192,2.352631579,2.384210526,2.321052632,2.363157895,2.384210526,2.321421053,2.358263158,2.331947369,2.374052632,2.331947369,2.300157895
2193,2.473684211,2.515789475,2.573684211,2.52631579,2.457894738,2.431947369,2.468789475,2.442473685,2.468789475,2.437210527,2.442263159
2194,2.078947368,2.089473683,1.884210525,2.036842104,1.968421052,1.995105262,2.031947368,2.010894736,2.037210525,1.995105262,2.015947368
2195,2.047368421,2.036842105,2.036842105,2.026315789,1.952631579,1.953,1.989842105,1.979315789,1.995105263,1.963526316,1.984368421
2196,1.036842105,1.047368421,0.984210526,1.047368421,1.036842105,0.942473684,0.979315789,0.952999999,0.974052631,0.952999999,1.005421052
2197,2.3,2.147368421,2.163157895,2.052631579,2.084210526,2.221421053,2.247736842,2.231947368,2.268789474,2.221421053,2.158052632
2198,1.442105263,1.457894737,1.47368421,1.384210526,1.447368421,1.410894737,1.431947368,1.42668421,1.447736842,1.416157894,1.384368421
2199,1.305263158,1.263157895,1.3,1.231578948,1.121052632,1.242473684,1.274052632,1.242473684,1.274052632,1.237210527,1.242263158
2200,1.678947368,1.721052631,1.621052631,1.584210525,1.510526315,1.610894736,1.637210525,1.610894736,1.647736841,1.616157894,1.61068421
2201,1.052631579,1.057894737,0.852631579,1.010526316,0.973684211,1.005631579,1.037210526,1.021421053,1.053,1.010894737,0.942263158
2202,2.263157895,2.247368422,2.236842106,2.305263158,2.221052632,2.195105264,2.216157895,2.205631579,2.231947369,2.195105264,2.152789474
2203,2.052631579,2.057894737,2.021052632,2.063157895,2.084210526,1.958263158,1.995105263,1.968789474,2.000368421,1.968789474,2.037
2204,1.710526316,1.7,1.563157895,1.684210527,1.615789474,1.653,1.67931579,1.663526316,1.695105264,1.658263158,1.647526316
2205,2.084210526,2.094736841,1.994736841,1.963157894,2.042105263,2.00036842,2.031947368,2.021421052,2.052999999,2.010894736,1.968578947
2206,1.226315789,1.131578946,1.194736841,1.263157894,1.099999999,1.158263157,1.195105262,1.174052631,1.195105262,1.163526315,1.18436842
2207,1.710526316,1.663157895,1.684210527,1.715789474,1.731578948,1.67931579,1.716157895,1.700368421,1.721421053,1.695105264,1.579105264
2208,2.178947368,2.068421052,2.131578947,2.157894736,2.110526315,2.158263157,2.179315789,2.163526315,2.189842104,2.163526315,2.158052631
2209,3.015789474,2.957894737,3.063157895,3.010526316,2.963157895,3.010894737,3.047736843,3.026684211,3.047736843,3.00563158,3.010684211
2210,1.952631579,1.9,1.863157895,1.947368421,1.910526316,1.889842105,1.921421053,1.905631579,1.937210526,1.900368421,1.858052632
2211,1.794736842,1.694736842,1.731578947,1.736842105,1.626315789,1.695105263,1.742473684,1.721421052,1.747736842,1.721421052,1.747526316
2212,2.257894737,2.373684211,2.315789474,2.221052632,2.168421053,2.195105263,2.221421053,2.200368421,2.221421053,2.195105263,2.237
2213,2.484210526,2.542105263,2.405263157,2.521052631,2.568421052,2.479315789,2.505631578,2.484578947,2.505631578,2.479315789,2.436999999
2214,2.4,2.468421053,2.484210526,2.357894737,2.426315789,2.331947368,2.363526316,2.347736842,2.358263158,2.342473684,2.326473684
2215,1.547368421,1.563157895,1.557894737,1.515789474,1.531578947,1.437210526,1.453,1.442473684,1.463526316,1.437210526,1.473842105
2216,2.005263158,2.078947369,2.205263158,1.952631579,2.078947369,1.937210527,1.963526316,1.942473684,1.963526316,1.947736842,1.905421053
2217,1.157894737,1.110526316,1.105263158,1.142105263,1.115789474,1.053,1.07931579,1.053,1.07931579,1.053,1.131736842
2218,2.210526316,2.105263158,2.010526316,2.115789474,2.089473685,2.116157895,2.153,2.131947369,2.163526316,2.126684211,2.105421053
2219,1.257894737,1.105263158,1.331578948,1.215789474,1.310526316,1.153,1.168789474,1.158263158,1.184578948,1.153,1.205421053
2220,1.621052632,1.536842106,1.45263158,1.631578948,1.557894738,1.568789475,1.60563158,1.584578948,1.610894738,1.574052632,1.573842106
2221,1.615789474,1.594736843,1.647368422,1.500000001,1.542105264,1.553000001,1.584578948,1.553000001,1.57931579,1.553000001,1.579105264
2222,1.247368421,1.194736842,1.089473684,1.1,1.147368421,1.168789474,1.200368421,1.179315789,1.216157895,1.179315789,1.158052631
2223,2,2.031578947,2.1,2.010526316,2.031578947,1.953,1.984578947,1.968789474,1.989842105,1.953,1.905421053
2224,1.857894737,1.847368421,1.847368421,1.842105263,1.747368421,1.826684211,1.874052632,1.842473685,1.874052632,1.837210527,1.773842106
2225,2.094736842,1.989473684,2.131578947,2.068421052,1.952631579,2.042473684,2.074052631,2.053,2.074052631,2.037210526,2.026473684
2226,1.557894737,1.62631579,1.505263158,1.615789474,1.521052632,1.489842106,1.526684211,1.500368421,1.521421053,1.500368421,1.473842106
2227,1.973684211,1.915789475,1.989473685,1.931578948,1.884210527,1.910894738,1.947736843,1.931947369,1.958263159,1.916157896,1.894894738
2228,1.736842105,1.615789473,1.642105263,1.615789473,1.563157894,1.679315789,1.710894736,1.689842105,1.721421052,1.679315789,1.721210526
2229,1.294736842,1.315789473,1.263157895,1.263157895,1.231578947,1.200368421,1.22668421,1.210894737,1.237210526,1.205631579,1.231736842
2230,1.552631579,1.621052632,1.636842105,1.678947369,1.668421053,1.568789474,1.589842105,1.568789474,1.584578947,1.563526316,1.505421053
2231,1.936842105,1.884210526,1.784210526,1.815789473,1.710526315,1.852999999,1.879315789,1.868789473,1.889842105,1.852999999,1.826473684
2232,2.147368421,2.052631579,2.005263158,2.126315789,2.042105263,2.089842105,2.131947368,2.110894737,2.137210526,2.100368421,2.105421053
2233,0.942105263,0.915789473,0.884210526,0.778947368,0.821052631,0.82668421,0.858263158,0.842473684,0.863526315,0.837210526,0.884368421
2234,2.773684211,2.878947369,2.768421054,2.789473685,2.873684211,2.742473685,2.77931579,2.753000001,2.77931579,2.747736843,2.705421054
2235,1.321052632,1.268421053,1.231578948,1.221052632,1.200000001,1.30563158,1.337210527,1.310894738,1.331947369,1.310894738,1.268578948
2236,2.478947368,2.489473683,2.305263157,2.389473683,2.284210525,2.437210525,2.474052631,2.447736841,2.474052631,2.447736841,2.415947368
2237,1.931578947,1.931578947,1.97368421,1.931578947,1.936842105,1.921421052,1.963526315,1.942473683,1.974052631,1.937210526,1.836999999
2238,2.121052632,2.036842106,2.05263158,1.963157896,2.02631579,2.047736843,2.07931579,2.058263159,2.084578948,2.058263159,2.100157896
2239,2.921052632,3.015789475,2.894736843,2.931578948,2.989473685,2.800368422,2.831947369,2.821421053,2.847736843,2.80563158,2.831736843
2240,1.463157895,1.421052632,1.415789474,1.389473685,1.400000001,1.426684211,1.468789474,1.447736843,1.468789474,1.437210527,1.358052632
2241,2.078947368,2.063157894,2.078947368,2.04736842,2.068421052,2.005631578,2.037210525,2.016157894,2.052999999,2.010894736,1.973842104
2242,1.373684211,1.310526317,1.300000001,1.400000001,1.342105264,1.27931579,1.321421054,1.30563158,1.321421054,1.289842106,1.326473685
2243,0.910526316,0.915789474,0.794736843,0.8,0.815789474,0.895105264,0.921421053,0.884578948,0.916157895,0.87931579,0.858052632
2244,2.094736842,2.005263158,1.952631579,1.947368421,2.036842105,2.047736842,2.053,2.047736842,2.068789473,2.042473684,2.021210526
2245,2.168421053,2.105263159,2.121052632,2.073684211,2.100000001,2.068789474,2.100368422,2.084578948,2.100368422,2.063526317,2.084368422
2246,2.063157895,2.12631579,2.031578948,2.084210527,2.136842106,2.016157895,2.037210527,2.010894737,2.037210527,2.010894737,2.021210527
2247,2.189473684,2.189473684,2.168421052,2.184210526,2.105263157,2.179315789,2.22668421,2.210894736,2.22668421,2.200368421,2.11068421
2248,2.721052632,2.721052632,2.694736843,2.763157896,2.657894738,2.674052632,2.70563158,2.695105264,2.721421053,2.67931579,2.710684211
2249,1.473684211,1.457894738,1.45263158,1.457894738,1.342105264,1.410894738,1.447736843,1.431947369,1.453000001,1.421421054,1.437000001
2250,1.531578947,1.610526315,1.415789473,1.57368421,1.610526315,1.374052631,1.416157894,1.389842105,1.410894736,1.379315789,1.473842105
2251,2.231578947,2.278947368,2.152631578,2.294736841,2.231578947,2.142473683,2.168789473,2.152999999,2.174052631,2.137210526,2.200157894
2252,1.784210526,1.74736842,1.726315789,1.636842105,1.631578947,1.752999999,1.80036842,1.789842105,1.80036842,1.763526315,1.731736841
2253,2.357894737,2.305263158,2.368421053,2.378947369,2.331578948,2.295105263,2.321421053,2.300368421,2.326684211,2.300368421,2.305421053
2254,2.184210526,2.14736842,2.178947368,2.263157894,2.236842105,2.174052631,2.20036842,2.174052631,2.205631578,2.168789473,2.18436842
2255,2.221052632,2.163157896,2.178947369,2.142105264,2.289473685,2.126684211,2.158263159,2.142473685,2.163526317,2.131947369,2.110684211
2256,1.957894737,1.947368421,1.889473685,1.931578948,1.873684211,1.889842106,1.921421053,1.895105263,1.926684211,1.900368421,1.873842106
2257,2.531578947,2.47368421,2.499999999,2.478947368,2.394736841,2.484578947,2.516157894,2.484578947,2.516157894,2.479315789,2.468578947
2258,2.015789474,2.005263159,1.915789474,1.921052632,2.042105264,1.90563158,1.942473685,1.926684211,1.947736843,1.921421053,1.926473685
2259,1.521052632,1.400000001,1.45263158,1.463157896,1.378947369,1.431947369,1.458263159,1.447736843,1.474052632,1.431947369,1.484368422
2260,2.6,2.6,2.557894737,2.642105263,2.615789474,2.489842105,2.526684211,2.500368421,2.526684211,2.495105263,2.531736842
2261,2.057894737,2.068421053,2.005263158,2.005263158,1.92631579,1.97931579,2.016157895,1.995105263,2.021421053,1.989842106,1.994894737
2262,2.226315789,2.24736842,2.257894736,2.157894736,2.184210525,2.12668421,2.147736841,2.142473683,2.158263157,2.12668421,2.18436842
2263,1.131578947,1.057894736,1.178947368,0.984210526,1.110526315,1.079315789,1.116157894,1.089842105,1.121421052,1.095105262,1.063315789
2264,1.178947368,1.115789473,1.052631578,1.168421052,1.089473683,1.12668421,1.158263157,1.137210525,1.163526315,1.12668421,1.089631578
2265,1.678947368,1.584210525,1.468421052,1.557894736,1.621052631,1.616157894,1.658263157,1.62668421,1.652999999,1.62668421,1.605421052
2266,2.168421053,2.236842106,2.184210527,2.115789474,2.194736843,2.131947369,2.168789474,2.153000001,2.174052632,2.142473685,2.058052632
2267,2.752631579,2.763157895,2.752631579,2.72631579,2.757894737,2.721421053,2.747736842,2.726684211,2.763526316,2.731947369,2.66331579
2268,1.984210526,2.131578947,2.07368421,2.094736841,2.052631578,1.921421052,1.958263157,1.937210526,1.968789473,1.931947368,1.968578947
2269,2.415789474,2.563157895,2.42631579,2.342105264,2.363157895,2.331947369,2.358263159,2.321421053,2.363526316,2.337210527,2.347526316
2270,1.947368421,2,1.921052631,1.878947368,1.963157895,1.879315789,1.916157895,1.879315789,1.916157895,1.874052631,1.879105263
2271,0.8,0.778947368,0.726315789,0.615789474,0.610526316,0.737210526,0.774052632,0.747736842,0.774052632,0.747736842,0.763315789
2272,1.547368421,1.636842105,1.552631579,1.594736842,1.5,1.484578947,1.52668421,1.495105263,1.521421053,1.495105263,1.51068421
2273,1.505263158,1.542105263,1.494736842,1.436842105,1.521052632,1.437210527,1.468789474,1.458263158,1.474052632,1.442473684,1.405421053
2274,1.536842105,1.484210526,1.442105263,1.47368421,1.457894736,1.447736842,1.468789473,1.452999999,1.474052631,1.458263157,1.405421052
2275,1.805263158,1.757894737,1.731578948,1.721052632,1.689473684,1.774052632,1.805631579,1.784578948,1.805631579,1.784578948,1.752789474
2276,1.310526316,1.273684211,1.305263158,1.342105264,1.22631579,1.300368421,1.326684211,1.316157895,1.326684211,1.295105264,1.194894737
2277,1.2,1.221052632,1.221052632,1.305263158,1.247368421,1.137210526,1.153,1.147736842,1.174052632,1.153,1.158052632
2278,2.4,2.452631579,2.378947368,2.321052632,2.394736842,2.321421053,2.347736842,2.326684211,2.347736842,2.331947368,2.321210526
2279,1.657894737,1.752631579,1.778947369,1.678947369,1.731578948,1.610894737,1.621421053,1.605631579,1.631947369,1.595105263,1.589631579
2280,1.663157895,1.694736843,1.652631579,1.557894737,1.584210527,1.610894737,1.647736843,1.631947369,1.647736843,1.621421053,1.615947369
2281,1.536842105,1.705263157,1.494736842,1.463157894,1.505263157,1.489842105,1.510894736,1.500368421,1.52668421,1.484578947,1.479105263
2282,1.531578947,1.636842105,1.489473683,1.657894736,1.636842105,1.495105262,1.521421052,1.50036842,1.52668421,1.495105262,1.431736841
2283,1.231578947,1.357894736,1.284210526,1.315789473,1.289473683,1.12668421,1.147736841,1.142473683,1.163526315,1.137210526,1.200157894
2284,1.873684211,1.768421054,1.768421054,1.773684211,1.694736843,1.816157896,1.847736843,1.831947369,1.858263159,1.816157896,1.747526317
2285,1.368421053,1.384210527,1.384210527,1.331578948,1.284210527,1.310894738,1.331947369,1.310894738,1.337210527,1.300368422,1.326473685
2286,1.715789474,1.742105264,1.705263159,1.636842106,1.647368422,1.631947369,1.653000001,1.626684211,1.658263159,1.621421053,1.679105264
2287,1.578947368,1.552631578,1.552631578,1.468421052,1.563157894,1.531947368,1.568789473,1.552999999,1.574052631,1.531947368,1.489631578
2288,2.121052632,2.173684211,2.110526317,2.121052632,2.042105264,2.063526317,2.089842106,2.084578948,2.110894738,2.063526317,2.079105264
2289,1.147368421,1.17368421,1.121052631,1.052631579,1.163157895,1.158263158,1.184578947,1.163526316,1.184578947,1.153,1.089631579
2290,1.926315789,2.010526315,2.010526315,1.926315789,1.963157894,1.889842104,1.921421052,1.895105262,1.916157894,1.884578946,1.868578946
2291,1.589473684,1.578947368,1.526315789,1.631578947,1.557894736,1.542473684,1.568789473,1.547736842,1.584578947,1.558263157,1.500157894
2292,2.026315789,2.005263157,2.068421052,2.152631578,2.015789473,1.958263157,1.995105262,1.968789473,1.989842104,1.958263157,1.963315789
2293,1.647368421,1.67368421,1.647368421,1.615789474,1.663157895,1.542473684,1.574052631,1.553,1.574052631,1.537210526,1.637
2294,2.263157895,2.342105264,2.321052632,2.294736843,2.278947369,2.216157895,2.247736843,2.221421053,2.258263158,2.226684211,2.226473685
2295,1.568421053,1.489473685,1.578947369,1.531578948,1.563157895,1.510894738,1.537210527,1.516157895,1.542473685,1.510894738,1.526473685
2296,1.626315789,1.715789473,1.615789473,1.636842104,1.731578946,1.510894736,1.552999999,1.521421052,1.552999999,1.516157894,1.58436842
2297,2.315789474,2.189473685,2.194736843,2.205263159,2.200000001,2.20563158,2.237210527,2.216157895,2.253000001,2.210894737,2.215947369
2298,1.989473684,2.005263157,1.984210526,1.984210526,2,1.884578947,1.916157894,1.895105263,1.921421052,1.889842105,1.915947368
2299,1.321052632,1.289473685,1.336842106,1.263157896,1.342105264,1.231947369,1.253000001,1.231947369,1.268789475,1.237210527,1.205421053
2300,1.610526316,1.594736843,1.457894737,1.536842106,1.484210527,1.500368421,1.531947369,1.521421053,1.542473685,1.510894737,1.515947369
2301,2.731578947,2.715789473,2.768421052,2.815789473,2.821052631,2.705631578,2.737210526,2.716157894,2.747736841,2.710894736,2.61068421
2302,2.310526316,2.210526316,2.278947369,2.378947369,2.336842106,2.300368421,2.326684211,2.305631579,2.331947369,2.300368421,2.205421053
2303,1.968421053,2.005263159,2.015789474,2.021052632,2.068421053,1.916157895,1.947736843,1.926684211,1.958263159,1.926684211,1.931736843
2304,2.542105263,2.536842105,2.631578947,2.626315789,2.568421052,2.516157894,2.553,2.537210526,2.563526315,2.531947368,2.515947368
2305,1.889473684,1.831578947,1.805263157,1.863157894,1.805263157,1.821421052,1.863526315,1.831947368,1.858263157,1.837210526,1.821210526
2306,2.126315789,2.036842104,2.042105262,1.926315789,2.010526315,2.116157894,2.142473683,2.12668421,2.142473683,2.116157894,2.036999999
2307,2.136842105,2.221052631,2.07368421,2.142105263,2.205263157,2.02668421,2.058263157,2.047736842,2.068789473,2.031947368,2.026473684
2308,1.736842105,1.810526315,1.668421052,1.694736842,1.726315789,1.705631578,1.737210526,1.700368421,1.72668421,1.710894736,1.726473684
2309,0.742105263,0.768421052,0.715789473,0.726315789,0.763157894,0.658263158,0.695105263,0.674052631,0.695105263,0.668789473,0.694894737
2310,2.131578947,2.157894736,2.052631578,2.136842105,1.984210526,2.074052631,2.105631578,2.089842105,2.116157894,2.079315789,2.131736841
2311,2.273684211,2.305263159,2.257894738,2.263157896,2.22631579,2.184578948,2.20563158,2.189842106,2.216157896,2.184578948,2.168578948
2312,1.626315789,1.615789473,1.578947367,1.563157894,1.621052631,1.610894736,1.647736841,1.621421052,1.652999999,1.610894736,1.531736841
2313,2.163157895,2.015789474,2.100000001,2.068421053,1.952631579,2.089842106,2.131947369,2.121421053,2.142473685,2.105631579,2.105421053
2314,1.515789474,1.468421053,1.500000001,1.447368422,1.557894737,1.421421053,1.453000001,1.421421053,1.453000001,1.421421053,1.473842106
2315,2.042105263,2.063157894,1.947368421,1.936842105,1.952631579,1.979315789,2.010894737,1.989842105,2.016157894,1.979315789,1.973842105
2316,2.373684211,2.368421054,2.321052633,2.35263158,2.378947369,2.27931579,2.316157896,2.300368422,2.310894738,2.295105264,2.310684211
2317,2.068421053,2.015789474,2.05263158,1.92631579,1.973684211,2.021421053,2.053000001,2.031947369,2.058263159,2.026684211,2.015947369
2318,1.684210526,1.557894736,1.642105263,1.636842105,1.663157894,1.668789473,1.695105263,1.668789473,1.70036842,1.668789473,1.652789473
2319,1.563157895,1.531578948,1.378947369,1.484210527,1.484210527,1.484578948,1.521421053,1.489842106,1.521421053,1.495105264,1.500157895
2320,0.942105263,0.947368421,0.905263158,0.978947368,0.931578947,0.821421052,0.853,0.831947368,0.863526315,0.831947368,0.858052631
2321,2.036842105,1.963157894,1.989473684,2.163157894,2.031578947,1.974052631,2.000368421,1.984578947,2.010894736,1.979315789,1.942263157
2322,3.363157895,3.347368422,3.289473685,3.247368422,3.205263158,3.289842106,3.337210527,3.310894737,3.326684211,3.305631579,3.268578948
2323,2.057894737,2.110526316,2.157894737,2.242105263,2.131578948,2.026684211,2.053,2.037210527,2.063526316,2.031947369,2.021210527
2324,1.847368421,1.763157895,1.9,1.805263158,1.910526316,1.800368421,1.837210526,1.816157895,1.831947368,1.805631579,1.737
2325,1.942105263,1.826315789,1.836842105,1.884210526,1.847368421,1.874052631,1.916157894,1.900368421,1.921421052,1.895105263,1.81068421
2326,1.842105263,1.931578947,1.784210526,1.852631579,1.847368421,1.821421052,1.837210526,1.821421052,1.847736842,1.816157894,1.742263158
2327,1.305263158,1.405263158,1.231578948,1.278947369,1.2,1.258263158,1.300368421,1.27931579,1.300368421,1.268789474,1.284368421
2328,0.405263158,0.32631579,0.405263158,0.3,0.373684211,0.337210527,0.368789474,0.353,0.389842105,0.337210527,0.342263158
2329,1.8,1.736842105,1.768421053,1.784210526,1.684210526,1.721421053,1.753,1.731947368,1.747736842,1.731947368,1.784368421
2330,2.321052632,2.242105264,2.215789475,2.315789475,2.257894738,2.274052632,2.30563158,2.27931579,2.310894738,2.274052632,2.215947369
2331,2.005263158,2.042105263,2.021052632,1.910526316,1.905263158,1.910894737,1.947736842,1.926684211,1.953,1.921421053,1.958052632
2332,1.478947368,1.536842104,1.531578947,1.47368421,1.436842104,1.384578947,1.421421052,1.389842104,1.416157894,1.395105262,1.436999999
2333,1.010526316,0.994736843,0.984210527,0.978947369,1.068421053,0.937210527,0.968789474,0.953,0.968789474,0.937210527,0.968578948
2334,1.747368421,1.757894737,1.768421053,1.678947368,1.763157895,1.679315789,1.716157895,1.689842105,1.731947368,1.689842105,1.689631579
2335,2.789473684,2.77368421,2.689473684,2.705263157,2.736842105,2.710894736,2.737210526,2.716157894,2.753,2.716157894,2.726473684
2336,2.042105263,1.863157894,2.052631579,2.068421052,2.105263158,1.931947368,1.963526315,1.937210526,1.968789473,1.937210526,2.021210526
2337,2.736842105,2.789473684,2.705263157,2.757894736,2.726315789,2.647736842,2.679315789,2.663526315,2.695105263,2.658263157,2.626473684
2338,2.468421053,2.336842106,2.389473685,2.442105264,2.431578948,2.431947369,2.463526317,2.447736843,2.468789474,2.437210527,2.36331579
2339,0.805263158,0.8,0.836842105,0.763157895,0.694736842,0.758263158,0.795105263,0.768789474,0.789842105,0.753,0.737
2340,2.557894737,2.594736842,2.557894737,2.668421053,2.594736842,2.437210527,2.458263158,2.437210527,2.458263158,2.426684211,2.479105263
2341,2.194736842,2.105263158,2.115789473,2.026315789,2.084210526,2.131947368,2.163526316,2.142473684,2.168789473,2.137210526,2.121210526
2342,2.489473684,2.494736842,2.4,2.505263157,2.405263157,2.442473684,2.468789473,2.453,2.484578947,2.447736842,2.379105263
2343,2.105263158,2.263157895,2.142105263,2.178947369,2.084210527,2.058263158,2.089842105,2.068789474,2.089842105,2.063526316,2.015947369
2344,1.047368421,0.894736842,1.015789474,0.97368421,0.989473684,1.042473684,1.074052631,1.053,1.079315789,1.058263158,0.947526316
2345,2.468421053,2.315789474,2.215789474,2.410526317,2.473684211,2.40563158,2.447736843,2.426684211,2.442473685,2.416157895,2.38963158
2346,1.810526316,1.747368421,1.784210527,1.763157895,1.710526316,1.710894737,1.742473685,1.710894737,1.747736843,1.710894737,1.721210527
2347,2.8,2.726315789,2.831578947,2.894736842,2.736842105,2.779315789,2.800368421,2.784578947,2.821421053,2.789842105,2.705421053
2348,2.436842105,2.410526315,2.342105263,2.447368421,2.442105263,2.395105263,2.421421052,2.410894736,2.431947368,2.395105263,2.384368421
2349,2.021052632,2.005263159,2.021052632,2.036842106,2.05263158,1.968789475,2.000368422,1.974052632,2.00563158,1.989842106,1.973842106
2350,1.857894737,2.052631579,2.005263158,1.815789474,1.936842106,1.726684211,1.768789474,1.737210527,1.768789474,1.726684211,1.800157895
2351,3.094736842,2.963157895,3.005263158,3.036842105,2.863157895,2.989842105,3.010894737,3.000368421,3.02668421,3.000368421,2.994894737
2352,1.652631579,1.736842105,1.678947369,1.642105263,1.62631579,1.595105263,1.626684211,1.605631579,1.631947369,1.595105263,1.631736842
2353,1.373684211,1.457894738,1.331578948,1.378947369,1.368421054,1.289842106,1.321421054,1.30563158,1.321421054,1.300368422,1.279105264
2354,1.852631579,1.931578947,1.889473684,1.936842105,1.82631579,1.853,1.884578947,1.863526316,1.884578947,1.863526316,1.826473684
2355,1.110526316,1.073684211,1,1.031578948,1.042105264,1.053,1.084578948,1.063526316,1.095105264,1.063526316,1.015947369
2356,1.5,1.515789474,1.384210526,1.505263158,1.463157895,1.421421053,1.453,1.421421053,1.442473684,1.421421053,1.473842105
2357,2.057894737,2.047368421,1.952631579,1.973684211,2.015789474,1.968789474,2.005631579,1.989842106,2.010894737,1.97931579,2.015947369
2358,1.821052632,1.836842106,1.736842106,1.768421053,1.810526317,1.77931579,1.816157896,1.789842106,1.816157896,1.774052632,1.794894738
2359,2.784210526,2.910526315,2.757894736,2.84736842,2.921052631,2.737210526,2.763526315,2.747736841,2.774052631,2.742473684,2.715947368
2360,1.742105263,1.805263158,1.715789473,1.763157894,1.784210526,1.695105263,1.72668421,1.700368421,1.721421052,1.705631579,1.684368421
2361,3.026315789,2.942105262,2.94736842,2.989473683,2.957894736,2.979315789,3.005631578,2.968789473,3.016157894,2.968789473,2.973842104
2362,1.752631579,1.694736842,1.731578947,1.684210526,1.684210526,1.668789474,1.716157895,1.689842105,1.710894737,1.674052632,1.679105263
2363,1.405263158,1.447368421,1.447368421,1.452631579,1.336842105,1.374052632,1.400368421,1.37931579,1.410894737,1.37931579,1.289631579
2364,2.178947368,2.184210525,2.07368421,2.099999999,2.126315789,2.147736841,2.179315789,2.158263157,2.184578947,2.163526315,2.115947368
2365,1.352631579,1.494736842,1.421052632,1.442105263,1.389473684,1.263526316,1.284578947,1.268789474,1.295105263,1.274052632,1.247526316
2366,1.410526316,1.415789474,1.284210527,1.473684211,1.431578948,1.405631579,1.431947369,1.421421053,1.442473685,1.405631579,1.342263158
2367,1.889473684,1.931578947,1.921052631,1.984210526,1.842105263,1.82668421,1.847736842,1.837210526,1.858263157,1.82668421,1.826473684
2368,2.631578947,2.710526315,2.631578947,2.678947368,2.810526315,2.579315789,2.60036842,2.584578947,2.621421052,2.579315789,2.58436842
2369,1.910526316,1.889473685,1.942105264,2.02631579,1.842105264,1.868789474,1.910894737,1.889842106,1.900368421,1.87931579,1.884368421
2370,1.1,1.147368421,1.152631579,1.089473684,1.2,1.005631579,1.031947368,1.010894737,1.031947368,1.010894737,1.037
2371,1.926315789,1.826315789,1.778947367,1.763157894,1.821052631,1.868789473,1.895105262,1.868789473,1.905631578,1.884578946,1.858052631
2372,1.773684211,1.831578948,1.789473685,1.784210527,1.768421054,1.731947369,1.763526317,1.753000001,1.774052633,1.742473685,1.726473685
2373,2.063157895,2.02631579,2.084210527,2.147368422,1.984210527,1.947736843,1.974052632,1.958263158,1.989842106,1.953000001,1.968578948
2374,1.3,1.278947368,1.189473684,1.226315789,1.231578947,1.174052632,1.200368421,1.189842105,1.205631579,1.184578947,1.215947368
2375,2.363157895,2.368421053,2.363157895,2.352631579,2.410526316,2.321421053,2.358263158,2.331947369,2.363526316,2.331947369,2.289631579
2376,1.842105263,1.852631579,1.747368421,1.852631579,1.815789473,1.779315789,1.810894737,1.795105263,1.810894737,1.795105263,1.837
2377,1.863157895,1.910526316,1.884210527,2.010526316,2.021052632,1.789842106,1.821421053,1.805631579,1.831947369,1.800368422,1.800157895
2378,2.121052632,2.236842106,2.15263158,2.231578948,2.231578948,2.058263159,2.07931579,2.063526317,2.095105264,2.053000001,2.031736843
2379,1.778947368,1.757894736,1.821052631,1.705263157,1.836842104,1.716157894,1.747736841,1.721421052,1.752999999,1.72668421,1.736999999
2380,1.647368421,1.615789474,1.6,1.678947368,1.457894737,1.579315789,1.610894737,1.584578947,1.610894737,1.574052631,1.515947368
2381,1.773684211,1.657894738,1.705263159,1.689473685,1.747368422,1.742473685,1.774052633,1.763526317,1.77931579,1.753000001,1.710684211
2382,1.184210526,1.163157894,1.026315789,1.142105263,1.052631578,1.121421052,1.142473684,1.131947368,1.158263157,1.121421052,1.142263157
2383,2.094736842,2.157894737,2.084210526,2.105263158,2.131578947,2.010894737,2.037210526,2.016157895,2.042473684,2.016157895,1.994894737
2384,2.521052632,2.436842106,2.52631579,2.431578948,2.521052632,2.458263159,2.495105264,2.468789475,2.500368422,2.463526317,2.484368422
2385,1.378947368,1.399999999,1.436842104,1.34736842,1.563157894,1.30036842,1.331947368,1.295105262,1.331947368,1.305631578,1.326473683
2386,1.184210526,1.194736841,1.126315789,1.194736841,1.005263157,1.121421052,1.147736841,1.131947368,1.168789473,1.12668421,1.121210526
2387,0.852631579,0.8,0.810526316,0.778947369,0.752631579,0.784578947,0.821421053,0.816157895,0.826684211,0.805631579,0.784368421
2388,1.978947368,1.952631578,1.936842104,1.884210525,2.031578947,1.968789473,2.005631578,1.984578947,2.005631578,1.963526315,1.989631578
2389,1.105263158,1.094736842,1.063157895,1.063157895,1.157894737,1.010894737,1.053,1.026684211,1.047736842,1.016157895,1.010684211
2390,0.826315789,0.726315789,0.636842104,0.599999999,0.67368421,0.810894736,0.847736841,0.82668421,0.852999999,0.821421052,0.747526315
2391,1.757894737,1.831578948,1.689473685,1.863157895,1.678947369,1.695105263,1.721421053,1.695105263,1.726684211,1.700368421,1.710684211
2392,1.684210526,1.710526315,1.699999999,1.610526315,1.657894736,1.595105263,1.62668421,1.605631578,1.631947368,1.595105263,1.689631578
2393,1.147368421,1.110526316,1.110526316,0.963157895,1.015789474,1.068789474,1.089842105,1.084578947,1.105631579,1.074052631,1.052789474
2394,1.373684211,1.35263158,1.400000001,1.368421054,1.384210527,1.316157896,1.342473685,1.331947369,1.358263159,1.326684211,1.294894738
2395,1.889473684,1.857894736,1.747368421,1.778947368,1.831578947,1.842473684,1.895105263,1.863526315,1.884578947,1.874052631,1.779105263
2396,0.831578947,0.899999999,0.868421052,0.942105262,0.842105262,0.779315789,0.795105262,0.784578947,0.805631578,0.774052631,0.747526315
2397,2.589473684,2.568421052,2.568421052,2.557894736,2.526315789,2.516157894,2.547736842,2.52668421,2.558263157,2.531947368,2.515947368
2398,2.394736842,2.452631579,2.442105263,2.342105263,2.289473684,2.310894737,2.331947368,2.32668421,2.347736842,2.310894737,2.31068421
2399,2.1,2.073684211,2.1,2.036842105,2.063157895,2.016157895,2.042473684,2.016157895,2.047736842,2.010894737,2.058052632
2400,2.584210526,2.578947368,2.621052631,2.563157894,2.489473684,2.537210526,2.574052631,2.547736841,2.568789473,2.547736841,2.531736841
2401,0.963157895,0.868421053,0.910526316,0.82631579,0.821052632,0.958263158,1.000368422,0.984578948,1.005631579,0.974052632,0.915947369
2402,1.436842105,1.315789473,1.499999999,1.347368421,1.399999999,1.358263157,1.389842105,1.363526315,1.395105263,1.368789473,1.342263157
2403,2.042105263,2.094736842,1.905263158,2.036842105,1.947368421,1.947736842,1.968789473,1.958263158,1.979315789,1.953,1.905421052
2404,1.294736842,1.205263158,1.131578947,1.2,1.157894737,1.247736842,1.268789473,1.258263158,1.279315789,1.237210526,1.205421052
2405,3.026315789,2.821052631,2.889473683,2.894736841,2.87368421,2.984578946,3.021421052,2.989842104,3.021421052,2.989842104,2.942263157
2406,0.947368421,0.978947368,0.915789474,0.952631579,0.910526316,0.858263158,0.884578947,0.863526316,0.889842105,0.853,0.894894737
2407,2.121052632,2.105263159,2.094736843,2.073684211,1.973684211,2.089842106,2.126684211,2.095105264,2.121421053,2.089842106,2.079105264
2408,3.105263158,3.210526316,3.105263158,3.015789474,3.047368421,3.053,3.07931579,3.068789474,3.089842105,3.063526316,3.052789474
2409,1.515789474,1.615789474,1.578947369,1.521052632,1.531578948,1.458263159,1.484578948,1.463526316,1.489842106,1.453000001,1.473842106
2410,1.515789474,1.500000001,1.478947369,1.421052632,1.394736843,1.426684211,1.474052632,1.447736843,1.468789474,1.437210527,1.458052632
2411,2.115789474,2.02631579,1.973684211,2.000000001,2.036842106,2.068789474,2.100368422,2.084578948,2.110894737,2.084578948,2.042263159
2412,2.084210526,2.136842105,1.978947368,2.010526315,2.042105263,1.995105263,2.02668421,2.005631578,2.031947368,2.00036842,2.01068421
2413,1.584210526,1.642105263,1.526315789,1.499999999,1.494736841,1.610894736,1.637210526,1.616157894,1.647736841,1.616157894,1.526473684
2414,1.547368421,1.542105263,1.410526316,1.531578947,1.536842105,1.516157895,1.553,1.531947368,1.558263158,1.52668421,1.547526316
2415,1.357894737,1.257894737,1.257894737,1.242105263,1.32631579,1.274052632,1.295105263,1.289842106,1.321421053,1.284578948,1.331736842
2416,2.1,2.121052632,2.142105263,1.978947368,2.047368421,2.100368421,2.137210526,2.116157895,2.142473684,2.110894737,1.994894737
2417,2.342105263,2.305263158,2.263157894,2.284210526,2.210526315,2.310894737,2.342473684,2.331947368,2.358263158,2.321421052,2.373842105
2418,2.368421053,2.331578948,2.331578948,2.331578948,2.300000001,2.331947369,2.374052632,2.342473685,2.368789474,2.347736843,2.305421053
2419,1.910526316,1.915789474,1.968421053,1.878947369,1.905263158,1.821421053,1.847736843,1.826684211,1.858263158,1.837210527,1.826473685
2420,1.857894737,1.852631579,1.789473685,1.821052632,1.778947369,1.789842106,1.816157895,1.805631579,1.826684211,1.795105263,1.752789474
2421,1.442105263,1.463157894,1.457894737,1.526315789,1.457894737,1.368789473,1.405631579,1.384578947,1.410894737,1.379315789,1.368578947
2422,2.447368421,2.405263158,2.331578947,2.447368421,2.278947368,2.368789474,2.405631579,2.389842105,2.405631579,2.379315789,2.41068421
2423,2.6,2.542105263,2.463157895,2.557894737,2.547368421,2.558263158,2.579315789,2.558263158,2.579315789,2.558263158,2.510684211
2424,2.4,2.368421053,2.394736842,2.5,2.431578947,2.310894737,2.337210526,2.316157895,2.347736842,2.310894737,2.368578947
2425,1.710526316,1.652631579,1.678947369,1.594736843,1.694736843,1.637210527,1.674052632,1.658263158,1.684578948,1.647736843,1.684368421
2426,2.415789474,2.194736843,2.205263159,2.300000001,2.321052632,2.358263159,2.389842106,2.358263159,2.389842106,2.363526316,2.405421053
2427,2.389473684,2.368421052,2.278947368,2.405263157,2.357894736,2.274052631,2.300368421,2.289842105,2.310894736,2.279315789,2.326473684
2428,1.542105263,1.578947368,1.489473684,1.6,1.547368421,1.410894737,1.442473684,1.437210526,1.453,1.421421052,1.473842105
2429,1.7,1.684210526,1.678947368,1.678947368,1.721052632,1.589842105,1.616157895,1.600368421,1.626684211,1.589842105,1.610684211
2430,0.568421053,0.431578948,0.484210527,0.421052632,0.436842106,0.500368422,0.521421053,0.516157895,0.542473685,0.510894738,0.547526317
2431,1.621052632,1.647368422,1.62631579,1.721052632,1.600000001,1.600368422,1.631947369,1.60563158,1.642473685,1.600368422,1.56331579
2432,3.284210526,3.268421052,3.27368421,3.315789473,3.226315789,3.237210526,3.258263157,3.252999999,3.268789473,3.237210526,3.252789473
2433,2.315789474,2.400000001,2.363157895,2.42631579,2.363157895,2.231947369,2.268789474,2.247736843,2.268789474,2.242473685,2.284368422
2434,1.673684211,1.594736843,1.584210527,1.594736843,1.605263159,1.658263159,1.689842106,1.663526317,1.700368422,1.653000001,1.58963158
2435,3.1,3.152631579,3.105263158,3.136842105,3.084210526,3.047736842,3.089842105,3.068789474,3.089842105,3.058263158,3.026473684
2436,1.921052632,1.836842106,1.805263159,1.768421053,1.810526317,1.884578948,1.931947369,1.90563158,1.931947369,1.900368422,1.837000001
2437,2.089473684,1.910526315,1.9,1.9,1.915789473,1.984578947,2.005631579,1.995105263,2.010894736,1.984578947,2.063315789
2438,2.031578947,1.989473683,2.026315789,2.005263157,2.026315789,2.00036842,2.02668421,2.010894736,2.031947368,2.005631578,1.973842105
2439,2.273684211,2.236842106,2.100000001,2.15263158,2.163157896,2.226684211,2.253000001,2.242473685,2.258263159,2.231947369,2.210684211
2440,1.863157895,1.72631579,1.857894737,1.784210527,1.757894737,1.758263158,1.800368422,1.768789474,1.805631579,1.763526316,1.810684211
2441,2.336842105,2.321052631,2.315789473,2.289473684,2.278947368,2.210894736,2.231947368,2.210894736,2.247736842,2.200368421,2.305421052
2442,2.021052632,2.036842106,1.957894738,2.000000001,2.021052632,1.963526317,2.00563158,1.989842106,2.010894738,1.97931579,1.98963158
2443,1.936842105,1.936842105,1.994736842,1.905263157,1.936842105,1.900368421,1.921421052,1.910894736,1.931947368,1.905631578,1.852789473
2444,2.073684211,1.963157896,2.036842106,2.02631579,2.02631579,1.974052633,2.00563158,1.974052633,2.010894738,1.974052633,1.994894738
2445,1.042105263,1.042105263,1.042105263,0.957894737,0.9,0.921421052,0.958263158,0.931947368,0.968789473,0.931947368,0.968578947
2446,1.321052632,1.236842106,1.278947369,1.273684211,1.247368422,1.263526317,1.289842106,1.268789475,1.284578948,1.263526317,1.258052632
2447,1.526315789,1.563157894,1.457894736,1.531578946,1.615789473,1.458263157,1.489842104,1.474052631,1.50036842,1.474052631,1.452789473
2448,1.963157895,2.12631579,2.031578948,1.994736843,2.063157895,1.889842106,1.926684211,1.895105264,1.931947369,1.895105264,1.879105264
2449,1.194736842,1.221052631,1.131578947,1.221052631,1.147368421,1.195105263,1.221421052,1.205631579,1.237210526,1.210894737,1.079105263
2450,2.442105263,2.457894737,2.463157894,2.489473684,2.463157894,2.416157894,2.447736842,2.42668421,2.453,2.421421052,2.373842105
2451,1.463157895,1.42631579,1.452631579,1.42631579,1.489473685,1.395105264,1.421421053,1.37931579,1.426684211,1.389842106,1.36331579
2452,2.463157895,2.342105264,2.278947369,2.315789474,2.32631579,2.453000001,2.484578948,2.474052632,2.489842106,2.468789474,2.437000001
2453,1.521052632,1.494736843,1.531578948,1.468421053,1.484210527,1.50563158,1.537210527,1.516157896,1.542473685,1.50563158,1.437000001
2454,2.478947368,2.531578947,2.494736841,2.526315789,2.521052631,2.431947368,2.463526315,2.447736841,2.468789473,2.437210525,2.458052631
2455,0.705263158,0.615789474,0.647368421,0.663157895,0.62631579,0.705631579,0.742473684,0.716157895,0.747736842,0.710894737,0.673842105
2456,1.715789474,1.768421053,1.710526316,1.678947369,1.573684211,1.626684211,1.668789474,1.647736843,1.674052632,1.637210527,1.705421053
2457,1.789473684,1.810526315,1.710526315,1.747368421,1.715789473,1.705631579,1.737210526,1.721421052,1.753,1.710894736,1.715947368
2458,2.168421053,2.215789474,2.215789474,2.247368422,2.25263158,2.116157895,2.153000001,2.131947369,2.153000001,2.121421053,2.08963158
2459,1.989473684,1.842105263,1.889473684,1.9,1.926315789,1.963526315,1.989842105,1.974052631,2.000368421,1.963526315,1.915947368
2460,2.242105263,2.310526315,2.178947368,2.189473684,2.205263158,2.189842105,2.231947368,2.216157894,2.237210526,2.205631579,2.231736842
2461,2.305263158,2.294736842,2.273684211,2.305263158,2.294736842,2.253,2.27931579,2.263526316,2.289842105,2.253,2.252789474
2462,1.015789474,0.968421053,0.973684211,0.884210527,0.842105264,0.958263159,0.995105264,0.968789474,0.989842106,0.963526316,0.910684211
2463,1.473684211,1.442105264,1.463157896,1.431578948,1.594736843,1.353000001,1.37931579,1.368789475,1.400368422,1.363526317,1.437000001
2464,0.715789474,0.642105264,0.636842106,0.62631579,0.636842106,0.695105264,0.721421053,0.710894737,0.737210527,0.700368422,0.626473685
2465,2.021052632,2.036842106,2.005263159,1.994736843,2.021052632,1.958263159,1.995105264,1.974052632,1.989842106,1.968789475,1.931736843
2466,1.642105263,1.6,1.631578947,1.605263158,1.642105263,1.621421052,1.658263158,1.637210526,1.663526315,1.62668421,1.594894737
2467,1.963157895,2.000000001,1.894736843,1.989473685,1.921052632,1.916157895,1.937210527,1.926684211,1.953000001,1.926684211,1.931736843
2468,1.389473684,1.326315789,1.336842105,1.289473684,1.410526315,1.347736842,1.384578947,1.358263157,1.395105263,1.353,1.284368421
2469,1.321052632,1.331578948,1.236842106,1.221052632,1.25263158,1.247736843,1.284578948,1.263526317,1.289842106,1.253000001,1.231736843
2470,1.284210526,1.405263157,1.268421052,1.199999999,1.278947368,1.242473684,1.268789473,1.252999999,1.279315789,1.242473684,1.205421052
2471,2.210526316,2.215789474,2.231578948,2.257894737,2.289473685,2.17931579,2.216157895,2.184578948,2.210894737,2.189842106,2.158052632
2472,2.978947368,2.999999999,2.915789473,3.031578947,2.952631578,2.984578947,3.010894736,3.00036842,3.016157894,2.989842104,2.936999999
2473,0.989473684,1.115789473,1.031578947,0.957894736,0.978947368,0.916157894,0.937210526,0.921421052,0.942473684,0.921421052,0.942263157
2474,2.021052632,1.873684211,1.910526317,1.984210527,2.031578948,1.963526317,2.000368422,1.968789475,2.00563158,1.97931579,1.937000001
2475,1.305263158,1.252631579,1.242105263,1.236842105,1.247368421,1.263526316,1.295105263,1.27931579,1.316157895,1.27931579,1.279105263
2476,2.110526316,2.110526316,2.057894737,2.063157895,2.105263158,2.07931579,2.110894737,2.089842106,2.110894737,2.089842106,2.084368421
2477,1.821052632,1.810526317,1.92631579,1.884210527,1.82631579,1.721421053,1.742473685,1.737210527,1.737210527,1.721421053,1.758052632
2478,0.994736842,0.963157895,0.963157895,0.942105263,0.947368421,0.921421052,0.953,0.942473684,0.963526316,0.931947368,0.926473684
2479,2.663157895,2.657894737,2.757894737,2.763157895,2.747368422,2.626684211,2.658263158,2.642473685,2.668789474,2.626684211,2.626473685
2480,1.5,1.547368421,1.7,1.584210526,1.689473684,1.431947368,1.458263158,1.442473684,1.468789474,1.431947368,1.458052632
2481,2.542105263,2.552631579,2.447368421,2.642105263,2.389473684,2.495105263,2.531947368,2.505631579,2.537210526,2.500368421,2.415947368
2482,1.152631579,1.189473684,1.152631579,1.231578947,1.152631579,1.005631579,1.042473684,1.005631579,1.026684211,1.010894737,1.115947369
2483,1.884210526,1.84736842,1.794736841,1.84736842,1.842105263,1.789842105,1.831947368,1.805631578,1.842473684,1.80036842,1.831736841
2484,1.747368421,1.647368421,1.652631579,1.668421053,1.657894737,1.716157895,1.753,1.716157895,1.763526316,1.721421053,1.684368421
2485,1.268421053,1.25263158,1.310526317,1.184210527,1.210526317,1.184578948,1.226684211,1.20563158,1.221421053,1.200368422,1.200157895
2486,1.657894737,1.578947369,1.536842106,1.636842106,1.615789474,1.589842106,1.637210527,1.605631579,1.647736842,1.605631579,1.584368421
2487,1.542105263,1.5,1.510526315,1.626315789,1.431578947,1.531947368,1.563526315,1.537210526,1.574052631,1.52668421,1.458052631
2488,1.284210526,1.163157894,1.252631578,1.17368421,1.168421052,1.20036842,1.231947368,1.221421052,1.242473684,1.210894736,1.242263157
2489,2.342105263,2.294736842,2.368421052,2.263157894,2.331578947,2.358263158,2.384578947,2.368789473,2.395105263,2.358263158,2.284368421
2490,2.642105263,2.642105263,2.526315789,2.731578947,2.568421052,2.584578947,2.621421052,2.600368421,2.621421052,2.584578947,2.558052631
2491,2.742105263,2.678947368,2.726315789,2.610526315,2.615789473,2.647736842,2.684578947,2.653,2.689842105,2.642473684,2.705421052
2492,2.242105263,2.210526315,2.236842105,2.331578947,2.189473684,2.221421052,2.258263158,2.242473684,2.263526315,2.237210526,2.205421052
2493,2.115789474,2.110526316,1.968421053,1.973684211,1.978947369,2.068789474,2.089842106,2.068789474,2.095105264,2.074052632,2.084368422
2494,2.689473684,2.636842105,2.684210526,2.705263157,2.684210526,2.663526315,2.689842105,2.679315789,2.705631579,2.674052631,2.663315789
2495,1.978947368,1.815789473,1.899999999,1.84736842,1.831578947,1.863526315,1.895105262,1.884578947,1.90036842,1.879315789,1.905421052
2496,1.878947368,1.778947368,1.784210525,1.863157894,1.794736841,1.821421052,1.842473683,1.816157894,1.858263157,1.816157894,1.847526315
2497,2.463157895,2.442105264,2.415789474,2.384210527,2.421052632,2.374052632,2.410894737,2.37931579,2.416157895,2.395105264,2.400157895
2498,1.368421053,1.268421053,1.25263158,1.315789474,1.321052632,1.274052632,1.300368422,1.27931579,1.316157895,1.284578948,1.337000001
2499,1.778947368,1.752631578,1.652631578,1.742105262,1.657894736,1.695105262,1.72668421,1.70036842,1.737210525,1.705631578,1.758052631
2500,1.263157895,1.168421053,1.184210527,1.105263158,1.110526316,1.242473685,1.268789474,1.258263158,1.284578948,1.253000001,1.258052632
2501,2.047368421,2.078947368,1.984210526,2.010526316,1.984210526,1.974052631,2.016157895,1.989842105,2.016157895,1.995105263,1.952789474
2502,1.584210526,1.526315789,1.499999999,1.536842105,1.605263157,1.542473684,1.568789473,1.537210526,1.574052631,1.542473684,1.473842105
2503,1.615789474,1.65263158,1.657894737,1.542105264,1.52631579,1.547736843,1.57931579,1.553000001,1.57931579,1.537210527,1.584368422
2504,1.821052632,1.768421053,1.668421053,1.721052632,1.678947369,1.789842106,1.831947369,1.810894738,1.842473685,1.800368422,1.810684211
2505,0.815789474,0.784210527,0.784210527,0.863157895,0.847368422,0.842473685,0.874052632,0.858263159,0.874052632,0.847736843,0.800157895
2506,1.873684211,1.831578948,1.815789475,1.75263158,1.794736843,1.853000001,1.87931579,1.868789475,1.889842106,1.853000001,1.821210527
2507,1.931578947,1.915789473,1.999999999,1.942105262,2.057894736,1.889842105,1.916157894,1.895105262,1.92668421,1.889842105,1.852789473
2508,2.131578947,2.178947368,2.163157894,2.063157894,2.184210526,2.052999999,2.074052631,2.068789473,2.089842105,2.052999999,2.042263157
2509,1.736842105,1.842105263,1.642105263,1.836842105,1.747368421,1.663526315,1.689842105,1.668789473,1.695105263,1.663526315,1.636999999
2510,1.589473684,1.515789473,1.589473684,1.605263157,1.447368421,1.547736842,1.584578947,1.558263157,1.595105263,1.553,1.521210526
2511,2.910526316,3.036842106,2.973684211,2.989473685,3.036842106,2.863526316,2.884578948,2.868789474,2.895105264,2.874052632,2.879105264
2512,1.452631579,1.478947369,1.368421053,1.3,1.315789474,1.421421053,1.458263158,1.431947369,1.453,1.431947369,1.389631579
2513,2.147368421,2.057894737,2.052631579,2.078947368,1.989473684,2.131947368,2.142473684,2.12668421,2.153,2.121421053,2.073842105
2514,1.405263158,1.384210527,1.342105263,1.32631579,1.368421053,1.426684211,1.458263158,1.447736842,1.468789474,1.437210527,1.36331579
2515,2.363157895,2.436842106,2.410526316,2.305263158,2.447368422,2.321421053,2.358263158,2.331947369,2.358263158,2.337210527,2.342263158
2516,1.815789474,1.778947369,1.873684211,1.784210527,1.794736843,1.758263159,1.789842106,1.758263159,1.80563158,1.753000001,1.726473685
2517,2.268421053,2.189473685,2.210526317,2.25263158,2.200000001,2.200368422,2.237210527,2.216157895,2.231947369,2.195105264,2.200157895
2518,1.684210526,1.584210526,1.515789473,1.57368421,1.463157894,1.637210526,1.663526315,1.647736841,1.674052631,1.647736841,1.58436842
2519,1.784210526,1.726315789,1.778947368,1.789473684,1.778947368,1.679315789,1.72668421,1.695105263,1.721421052,1.695105263,1.736999999
2520,2.489473684,2.463157894,2.368421052,2.489473684,2.394736842,2.421421052,2.447736842,2.42668421,2.453,2.416157894,2.415947368
2521,0.963157895,0.878947369,0.794736843,0.800000001,0.773684211,0.947736843,0.984578948,0.958263158,0.97931579,0.958263158,0.931736843
2522,1.463157895,1.452631579,1.489473685,1.405263158,1.431578948,1.358263158,1.384578948,1.374052632,1.395105264,1.368789474,1.421210527
2523,2.042105263,2.042105263,2.015789473,2.015789473,1.994736842,2.031947368,2.063526315,2.031947368,2.058263158,2.037210526,1.984368421
2524,1.463157895,1.447368422,1.410526316,1.52631579,1.415789474,1.37931579,1.416157895,1.389842106,1.416157895,1.384578948,1.437000001
2525,1.831578947,1.815789473,1.726315789,1.931578947,1.815789473,1.795105262,1.831947368,1.816157894,1.831947368,1.805631578,1.736999999
2526,2.373684211,2.236842106,2.215789475,2.294736843,2.163157896,2.363526317,2.395105264,2.368789475,2.400368422,2.368789475,2.279105264
2527,1.594736842,1.621052631,1.578947368,1.578947368,1.657894737,1.537210526,1.558263158,1.537210526,1.574052631,1.531947368,1.473842105
2528,1.726315789,1.694736841,1.636842104,1.768421052,1.736842104,1.647736841,1.679315789,1.663526315,1.679315789,1.642473683,1.647526315
2529,1.126315789,1.07368421,1.042105262,1.110526315,1.042105262,1.105631578,1.131947367,1.110894736,1.137210525,1.116157894,1.047526315
2530,0.810526316,0.778947369,0.747368421,0.842105264,0.768421053,0.705631579,0.731947369,0.716157895,0.742473685,0.705631579,0.747526316
2531,1.3,1.321052632,1.342105263,1.336842105,1.221052632,1.258263158,1.295105263,1.268789474,1.300368421,1.263526316,1.226473684
2532,2.589473684,2.542105263,2.515789473,2.626315789,2.578947368,2.52668421,2.553,2.531947368,2.558263157,2.531947368,2.589631579
2533,1.757894737,1.821052632,1.852631579,1.789473685,1.752631579,1.684578948,1.716157895,1.689842106,1.721421053,1.700368421,1.705421053
2534,2.210526316,2.068421053,2.089473685,2.089473685,2.010526316,2.163526316,2.184578948,2.174052632,2.200368421,2.153,2.131736843
2535,1.015789474,0.947368422,0.921052632,0.784210527,0.915789474,0.942473685,0.968789474,0.947736843,0.974052632,0.942473685,0.905421053
2536,2.026315789,1.957894736,1.957894736,1.978947367,1.978947367,1.947736841,1.963526315,1.952999999,1.974052631,1.952999999,1.926473683
2537,1.647368421,1.615789474,1.5,1.705263158,1.589473684,1.605631579,1.631947368,1.616157895,1.637210526,1.610894737,1.568578947
2538,2.273684211,2.347368422,2.236842106,2.25263158,2.394736843,2.195105264,2.253000001,2.216157896,2.242473685,2.20563158,2.147526317
2539,2.389473684,2.494736842,2.263157894,2.357894736,2.326315789,2.331947368,2.363526315,2.347736842,2.368789473,2.331947368,2.263315789
2540,2.189473684,2.247368421,2.094736842,2.105263157,2.142105263,2.121421052,2.147736842,2.12668421,2.158263157,2.121421052,2.084368421
2541,2.852631579,2.821052632,2.757894737,2.747368421,2.857894737,2.805631579,2.821421053,2.800368421,2.842473684,2.805631579,2.758052632
2542,2.847368421,2.857894737,2.805263158,2.810526316,2.915789474,2.816157895,2.858263158,2.82668421,2.868789474,2.82668421,2.773842105
2543,1.473684211,1.636842106,1.584210527,1.505263159,1.589473685,1.374052633,1.410894738,1.384578948,1.410894738,1.374052633,1.447526317
2544,2.610526316,2.531578948,2.621052632,2.578947369,2.578947369,2.542473685,2.584578948,2.558263158,2.584578948,2.558263158,2.489631579
2545,1.673684211,1.578947369,1.600000001,1.700000001,1.557894738,1.674052633,1.70563158,1.67931579,1.695105264,1.674052633,1.58963158
2546,1.894736842,1.910526316,1.905263158,1.936842105,1.889473684,1.816157895,1.853,1.821421052,1.847736842,1.816157895,1.858052631
2547,1.436842105,1.415789473,1.468421052,1.410526315,1.447368421,1.337210526,1.368789473,1.342473684,1.379315789,1.342473684,1.352789473
2548,2.157894737,2.057894737,2.136842106,2.057894737,2.078947369,2.105631579,2.131947369,2.105631579,2.131947369,2.110894737,2.100157895
2549,3.110526316,3.068421053,3.12631579,3.136842106,3.094736843,3.110894737,3.131947369,3.110894737,3.142473685,3.100368421,3.073842106
2550,2.836842105,2.778947368,2.715789473,2.721052631,2.789473684,2.816157894,2.847736842,2.831947368,2.863526315,2.831947368,2.784368421
2551,2.584210526,2.510526315,2.489473684,2.557894736,2.652631578,2.52668421,2.547736841,2.537210526,2.552999999,2.521421052,2.552789473
2552,1.984210526,1.857894736,1.910526315,1.868421052,1.842105263,1.90036842,1.937210526,1.910894736,1.942473684,1.905631578,1.91068421
2553,2.210526316,2.147368421,2.073684211,2.110526316,2.136842106,2.07931579,2.116157895,2.089842106,2.121421053,2.089842106,2.126473685
2554,1.373684211,1.421052633,1.310526317,1.278947369,1.405263159,1.316157896,1.353000001,1.316157896,1.358263159,1.326684211,1.38963158
2555,2.821052632,2.710526317,2.678947369,2.831578948,2.668421053,2.721421053,2.747736843,2.737210527,2.753000001,2.716157896,2.742263159
2556,1.684210526,1.710526315,1.752631578,1.652631578,1.663157894,1.563526315,1.616157894,1.584578947,1.610894736,1.579315789,1.626473684
2557,2.321052632,2.378947369,2.25263158,2.289473685,2.284210527,2.237210527,2.253000001,2.237210527,2.263526317,2.226684211,2.294894738
2558,2.026315789,2.026315789,1.936842104,1.863157894,1.968421052,1.979315789,2.021421052,2.00036842,2.02668421,1.995105262,1.931736841
2559,1.963157895,2.010526316,1.973684211,1.963157895,2.021052632,1.837210527,1.874052632,1.858263158,1.87931579,1.847736843,1.894894737
2560,1.505263158,1.6,1.463157895,1.521052632,1.605263158,1.458263158,1.489842105,1.484578948,1.495105263,1.463526316,1.468578948
2561,2.773684211,2.821052633,2.789473685,2.773684211,2.778947369,2.716157896,2.742473685,2.721421054,2.753000001,2.721421054,2.726473685
2562,1.6,1.694736842,1.594736842,1.584210526,1.568421053,1.547736842,1.568789474,1.558263158,1.584578947,1.547736842,1.547526316
2563,2.547368421,2.452631579,2.452631579,2.521052631,2.531578947,2.479315789,2.505631579,2.495105263,2.510894737,2.479315789,2.426473684
2564,3.105263158,3.205263158,3.015789474,3.194736842,3.205263158,2.963526316,2.989842105,2.97931579,3.000368421,2.97931579,3.010684211
2565,0.842105263,0.936842105,0.842105263,0.9,0.9,0.789842105,0.821421052,0.805631579,0.831947368,0.800368421,0.773842105
2566,2.268421053,2.242105264,2.200000001,2.236842106,2.257894738,2.210894738,2.242473685,2.221421053,2.253000001,2.226684211,2.231736843
2567,2.636842105,2.631578947,2.584210526,2.642105263,2.578947368,2.610894736,2.642473684,2.616157894,2.631947368,2.610894736,2.589631578
2568,1.542105263,1.515789473,1.436842105,1.563157894,1.468421052,1.495105263,1.531947368,1.505631579,1.537210526,1.500368421,1.426473684
2569,2.136842105,2.178947368,2.136842105,2.168421052,2.031578947,2.047736842,2.089842105,2.068789473,2.089842105,2.058263157,2.079105263
2570,2.642105263,2.631578947,2.578947368,2.731578947,2.647368421,2.558263158,2.584578947,2.558263158,2.595105263,2.553,2.61068421
2571,1.652631579,1.536842105,1.615789474,1.589473684,1.521052632,1.631947369,1.663526316,1.642473684,1.668789474,1.637210526,1.589631579
2572,1.573684211,1.505263159,1.468421054,1.573684211,1.563157896,1.510894738,1.537210527,1.521421054,1.542473685,1.510894738,1.479105264
2573,1.368421053,1.405263159,1.368421053,1.394736843,1.463157895,1.384578948,1.416157895,1.400368422,1.426684211,1.400368422,1.326473685
2574,1.573684211,1.494736843,1.536842106,1.442105264,1.563157896,1.453000001,1.489842106,1.458263159,1.489842106,1.458263159,1.505421054
2575,1.5,1.489473684,1.505263158,1.473684211,1.473684211,1.458263158,1.489842105,1.458263158,1.495105263,1.458263158,1.400157895
2576,1.868421053,1.810526317,1.75263158,1.857894738,1.805263159,1.810894738,1.847736843,1.826684211,1.847736843,1.821421053,1.86331579
2577,2.431578947,2.426315789,2.47368421,2.463157894,2.431578947,2.363526315,2.395105262,2.374052631,2.40036842,2.358263157,2.41068421
2578,2.063157895,2.115789474,2.084210527,2.073684211,2.036842106,2.000368422,2.031947369,2.010894737,2.042473685,1.995105264,2.000157895
2579,2.105263158,2.121052632,2.089473684,2.157894737,2.136842105,2.010894737,2.047736842,2.026684211,2.053,2.016157895,2.042263158
2580,2.242105263,2.184210526,2.126315789,2.231578947,2.157894737,2.174052631,2.216157894,2.184578947,2.221421052,2.174052631,2.179105263
2581,1.1,1.057894737,1.152631579,1.042105263,1.063157895,1.037210526,1.068789474,1.047736842,1.068789474,1.047736842,1.010684211
2582,0.910526316,0.878947369,0.910526316,0.863157895,0.778947369,0.868789474,0.884578948,0.87931579,0.895105264,0.868789474,0.884368421
2583,1.768421053,1.689473685,1.657894738,1.647368422,1.700000001,1.726684211,1.753000001,1.737210527,1.747736843,1.726684211,1.726473685
2584,0.221052632,0.35263158,0.347368422,0.32631579,0.368421053,0.126684211,0.153000001,0.137210527,0.158263159,0.131947369,0.126473685
2585,1.152631579,1.115789474,1.121052632,1.221052632,1.12631579,1.053,1.07931579,1.047736842,1.07931579,1.042473684,1.031736842
2586,1.526315789,1.57368421,1.442105262,1.478947367,1.478947367,1.442473683,1.474052631,1.447736841,1.463526315,1.442473683,1.447526315
2587,0.531578947,0.394736841,0.284210526,0.405263157,0.389473683,0.468789473,0.50036842,0.479315789,0.510894736,0.463526315,0.468578947
2588,1.421052632,1.421052632,1.45263158,1.442105264,1.421052632,1.374052632,1.421421053,1.395105264,1.410894738,1.37931579,1.400157896
2589,2.242105263,2.221052631,2.252631579,2.305263158,2.27368421,2.210894737,2.22668421,2.216157894,2.242473684,2.200368421,2.11068421
2590,1.063157895,1.100000001,1.047368422,1.073684211,1.073684211,1.053000001,1.084578948,1.058263158,1.095105264,1.047736843,0.958052632
2591,1.663157895,1.668421053,1.594736843,1.631578948,1.600000001,1.626684211,1.663526316,1.637210527,1.658263158,1.631947369,1.552789474
2592,1.815789474,1.910526316,1.847368422,1.82631579,1.868421053,1.784578948,1.810894737,1.795105264,1.821421053,1.784578948,1.810684211
2593,1.636842105,1.552631578,1.478947368,1.494736842,1.568421052,1.531947368,1.584578947,1.563526315,1.584578947,1.552999999,1.484368421
2594,3.131578947,3.294736841,3.257894736,3.215789473,3.163157894,3.105631578,3.147736841,3.116157894,3.131947368,3.110894736,3.063315789
2595,1.721052632,1.689473685,1.605263159,1.72631579,1.668421053,1.647736843,1.684578948,1.668789475,1.67931579,1.658263159,1.642263159
2596,1.921052632,1.857894738,1.910526317,1.82631579,1.931578948,1.874052632,1.900368422,1.87931579,1.90563158,1.863526317,1.884368422
2597,3.126315789,3.215789473,3.010526315,3.084210525,3.131578946,3.10036842,3.131947367,3.116157894,3.131947367,3.10036842,3.068578946
2598,1.878947368,1.868421052,1.852631578,1.84736842,1.842105262,1.768789473,1.80036842,1.789842104,1.810894736,1.774052631,1.836999999
2599,0.905263158,0.905263158,0.894736842,0.957894737,0.836842105,0.868789474,0.889842105,0.874052632,0.895105263,0.87931579,0.794894737
2600,1.536842105,1.526315789,1.405263157,1.542105263,1.536842105,1.474052631,1.521421052,1.495105263,1.516157894,1.479315789,1.447526315
2601,1.705263158,1.731578948,1.657894737,1.615789474,1.663157895,1.626684211,1.658263158,1.642473684,1.668789474,1.637210527,1.642263158
2602,1.494736842,1.578947368,1.589473684,1.563157895,1.505263158,1.400368421,1.431947368,1.416157895,1.437210526,1.405631579,1.400157895
2603,1.536842105,1.594736842,1.515789473,1.515789473,1.436842105,1.468789473,1.500368421,1.479315789,1.505631578,1.468789473,1.505421052
2604,1.9,1.873684211,1.978947368,1.847368421,1.921052632,1.789842105,1.821421053,1.816157895,1.847736842,1.800368421,1.852789474
2605,2.389473684,2.478947368,2.4,2.447368421,2.415789473,2.342473684,2.368789473,2.347736842,2.379315789,2.347736842,2.347526315
2606,2.189473684,2.231578947,2.147368421,2.142105263,2.115789473,2.12668421,2.163526315,2.142473684,2.163526315,2.137210526,2.142263157
2607,2.105263158,2.005263158,2.1,2.089473684,2.073684211,2.063526316,2.095105263,2.068789474,2.105631579,2.068789474,2.031736842
2608,2.121052632,1.968421053,1.92631579,2.000000001,1.921052632,2.053000001,2.089842106,2.074052632,2.095105264,2.068789475,2.042263159
2609,1.878947368,1.784210525,1.863157894,1.926315789,1.84736842,1.837210525,1.874052631,1.852999999,1.889842104,1.842473683,1.821210525
2610,1.7,1.678947368,1.626315789,1.684210526,1.663157895,1.631947368,1.668789474,1.637210526,1.663526316,1.637210526,1.626473684
2611,2.163157895,2.168421053,2.100000001,2.094736843,2.32631579,2.126684211,2.153000001,2.137210527,2.158263158,2.131947369,2.152789474
2612,2.321052632,2.410526317,2.331578948,2.342105264,2.342105264,2.284578948,2.310894738,2.295105264,2.30563158,2.295105264,2.273842106
2613,1.421052632,1.310526317,1.310526317,1.357894738,1.42631579,1.389842106,1.437210527,1.40563158,1.437210527,1.40563158,1.384368422
2614,2.5,2.515789474,2.352631579,2.452631579,2.557894737,2.431947368,2.463526316,2.442473684,2.463526316,2.416157895,2.437
2615,1.578947368,1.631578947,1.568421052,1.636842104,1.510526315,1.516157894,1.537210525,1.52668421,1.552999999,1.516157894,1.542263157
2616,1.778947368,1.731578947,1.784210525,1.799999999,1.715789473,1.752999999,1.774052631,1.752999999,1.784578947,1.742473683,1.715947368
2617,2.178947368,2.189473683,2.178947368,2.152631578,2.157894736,2.116157894,2.147736841,2.121421052,2.147736841,2.131947368,2.163315789
2618,1.542105263,1.557894737,1.463157894,1.410526315,1.463157894,1.500368421,1.537210526,1.510894737,1.542473684,1.505631579,1.468578947
2619,2.694736842,2.710526316,2.726315789,2.652631579,2.678947368,2.642473684,2.679315789,2.663526316,2.684578947,2.653,2.615947368
2620,2.278947368,2.289473683,2.226315789,2.252631578,2.284210525,2.237210525,2.268789473,2.247736841,2.279315789,2.247736841,2.221210525
2621,1.063157895,0.952631579,1.000000001,1.089473685,1.000000001,1.037210527,1.068789474,1.047736843,1.063526316,1.037210527,1.058052632
2622,1.668421053,1.55263158,1.52631579,1.52631579,1.547368422,1.647736843,1.674052632,1.647736843,1.668789474,1.647736843,1.584368422
2623,2.363157895,2.247368422,2.252631579,2.284210527,2.252631579,2.316157895,2.353000001,2.321421053,2.358263158,2.316157895,2.294894737
2624,0.721052632,0.768421053,0.721052632,0.657894738,0.805263159,0.70563158,0.726684211,0.721421053,0.747736843,0.70563158,0.658052632
2625,1.947368421,2.031578947,1.889473684,1.936842105,1.905263158,1.916157895,1.947736842,1.937210526,1.953,1.921421053,1.842263158
2626,1.821052632,1.831578948,1.857894738,1.936842106,1.763157896,1.753000001,1.784578948,1.753000001,1.77931579,1.753000001,1.810684211
2627,1.894736842,1.721052631,1.752631579,1.789473684,1.8,1.800368421,1.842473684,1.816157895,1.842473684,1.810894737,1.889631579
2628,1.526315789,1.599999999,1.484210525,1.536842104,1.494736841,1.531947367,1.568789473,1.547736841,1.574052631,1.542473683,1.479105262
2629,2.189473684,2.057894736,2.131578947,2.121052631,2.142105263,2.174052631,2.210894736,2.184578947,2.216157894,2.184578947,2.11068421
2630,1.952631579,1.810526316,1.968421053,1.847368421,1.931578947,1.926684211,1.953,1.931947369,1.958263158,1.931947369,1.858052632
2631,1.884210526,1.799999999,1.857894736,1.87368421,1.842105263,1.80036842,1.82668421,1.810894736,1.821421052,1.80036842,1.805421052
2632,1.710526316,1.652631579,1.668421053,1.621052632,1.610526316,1.621421053,1.663526316,1.637210527,1.668789474,1.637210527,1.668578948
2633,2.121052632,2.184210527,2.142105264,2.084210527,2.068421053,2.100368422,2.131947369,2.10563158,2.142473685,2.121421053,2.115947369
2634,1.768421053,1.747368422,1.721052632,1.778947369,1.763157895,1.710894738,1.747736843,1.726684211,1.742473685,1.721421053,1.726473685
2635,1.215789474,1.15263158,1.15263158,1.089473685,1.147368422,1.17931579,1.195105264,1.174052632,1.221421053,1.174052632,1.18963158
2636,1.589473684,1.47368421,1.468421052,1.352631579,1.47368421,1.553,1.589842105,1.574052631,1.600368421,1.568789473,1.505421052
2637,2.636842105,2.499999999,2.463157894,2.505263157,2.521052631,2.574052631,2.610894736,2.584578947,2.616157894,2.589842105,2.552789473
2638,1.878947368,1.84736842,1.789473683,1.752631578,1.852631578,1.774052631,1.810894736,1.779315789,1.816157894,1.779315789,1.805421052
2639,0.652631579,0.705263158,0.615789474,0.594736842,0.531578947,0.558263158,0.595105263,0.558263158,0.595105263,0.558263158,0.515947369
2640,2.505263158,2.5,2.447368421,2.505263158,2.494736842,2.458263158,2.47931579,2.463526316,2.47931579,2.458263158,2.505421053
2641,1.705263158,1.747368421,1.636842105,1.652631579,1.721052632,1.658263158,1.689842105,1.674052632,1.695105263,1.668789474,1.700157895
2642,0.442105263,0.363157894,0.342105263,0.384210526,0.394736842,0.342473684,0.368789473,0.342473684,0.363526315,0.342473684,0.389631579
2643,2.378947368,2.484210525,2.515789473,2.310526315,2.263157894,2.289842104,2.316157894,2.289842104,2.32668421,2.284578947,2.336999999
2644,2.163157895,2.157894737,2.021052632,2.115789474,2.157894737,2.100368422,2.142473685,2.105631579,2.137210527,2.110894737,2.052789474
2645,2.478947368,2.37368421,2.384210525,2.489473683,2.484210525,2.395105262,2.421421052,2.405631578,2.42668421,2.395105262,2.447526315
2646,1.9,1.773684211,1.984210526,1.826315789,1.694736842,1.847736842,1.884578947,1.853,1.895105263,1.858263158,1.837
2647,2.352631579,2.268421053,2.415789474,2.352631579,2.342105263,2.263526316,2.284578947,2.274052632,2.295105263,2.263526316,2.26331579
2648,1.868421053,1.884210527,1.884210527,1.973684211,1.984210527,1.842473685,1.87931579,1.858263159,1.87931579,1.853000001,1.805421053
2649,1.747368421,1.694736842,1.6,1.705263158,1.626315789,1.689842105,1.716157895,1.705631579,1.721421053,1.695105263,1.668578947
2650,1.7,1.652631579,1.621052632,1.594736842,1.552631579,1.621421053,1.653,1.626684211,1.658263158,1.616157895,1.626473684
2651,1.589473684,1.505263157,1.6,1.526315789,1.505263157,1.516157894,1.547736842,1.52668421,1.558263157,1.521421052,1.505421052
2652,1.7,1.642105263,1.626315789,1.5,1.689473684,1.674052632,1.705631579,1.684578947,1.710894737,1.674052632,1.573842105
2653,2.110526316,2.147368421,2.036842106,2.12631579,2.157894737,2.031947369,2.058263158,2.037210527,2.063526316,2.042473685,2.073842106
2654,1.8,1.778947368,1.868421053,1.768421053,1.684210526,1.705631579,1.737210526,1.716157895,1.742473684,1.705631579,1.737
2655,2.957894737,3.036842106,2.968421053,2.952631579,2.968421053,2.853,2.889842106,2.87931579,2.905631579,2.863526316,2.858052632
2656,1.847368421,1.87368421,1.810526316,1.794736842,1.810526316,1.82668421,1.858263158,1.837210526,1.858263158,1.831947368,1.805421053
2657,2.336842105,2.321052631,2.289473684,2.299999999,2.315789473,2.279315789,2.310894736,2.289842105,2.316157894,2.274052631,2.315947368
2658,2.610526316,2.589473685,2.6,2.647368421,2.563157895,2.610894737,2.637210527,2.621421053,2.637210527,2.605631579,2.526473685
2659,2.442105263,2.357894737,2.378947368,2.447368421,2.368421052,2.379315789,2.421421052,2.410894737,2.437210526,2.395105263,2.405421052
2660,1.510526316,1.452631579,1.610526316,1.589473685,1.484210527,1.37931579,1.410894737,1.37931579,1.416157895,1.374052632,1.479105264
2661,1.757894737,1.752631579,1.694736842,1.7,1.684210527,1.716157895,1.747736842,1.737210527,1.768789474,1.726684211,1.668578948
2662,2.631578947,2.736842105,2.663157894,2.705263157,2.631578947,2.563526315,2.584578947,2.574052631,2.595105262,2.563526315,2.542263157
2663,1.752631579,1.72631579,1.8,1.878947369,1.863157895,1.721421053,1.758263158,1.737210526,1.763526316,1.731947369,1.700157895
2664,1.026315789,0.94736842,0.94736842,0.978947367,0.910526315,0.974052631,1.010894736,0.989842104,1.021421052,0.979315789,0.98436842
2665,1.736842105,1.605263157,1.552631578,1.610526315,1.599999999,1.700368421,1.747736842,1.716157894,1.747736842,1.716157894,1.61068421
2666,2.031578947,1.894736841,1.999999999,1.889473683,1.905263157,1.974052631,2.00036842,1.984578947,2.005631578,1.979315789,1.958052631
2667,1.673684211,1.857894738,1.773684211,1.778947369,1.831578948,1.67931579,1.716157896,1.695105264,1.721421054,1.689842106,1.642263159
2668,2.542105263,2.626315789,2.568421052,2.57368421,2.478947368,2.474052631,2.489842105,2.484578947,2.500368421,2.474052631,2.489631579
2669,1.7,1.710526316,1.763157895,1.7,1.715789474,1.679315789,1.716157895,1.684578947,1.710894737,1.689842105,1.615947368
2670,1.315789474,1.331578948,1.315789474,1.289473685,1.284210527,1.195105264,1.226684211,1.216157895,1.231947369,1.195105264,1.221210527
2671,1.657894737,1.721052632,1.7,1.694736842,1.768421053,1.584578948,1.610894737,1.600368421,1.631947369,1.600368421,1.568578948
2672,2.047368421,2.1,2.084210526,2.078947368,2.031578947,1.937210526,1.979315789,1.953,1.979315789,1.953,1.968578947
2673,2.615789474,2.515789474,2.573684211,2.584210527,2.500000001,2.589842106,2.621421053,2.595105264,2.621421053,2.595105264,2.594894737
2674,1.878947368,1.926315789,1.826315789,1.852631578,1.77368421,1.784578947,1.816157894,1.80036842,1.821421052,1.789842104,1.758052631
2675,2.115789474,2.031578948,1.957894737,1.973684211,2.000000001,2.089842106,2.121421053,2.100368422,2.131947369,2.089842106,2.052789474
2676,1.836842105,1.815789473,1.794736842,1.889473684,1.815789473,1.768789473,1.795105263,1.789842105,1.816157894,1.779315789,1.752789473
2677,2.436842105,2.499999999,2.521052631,2.442105263,2.499999999,2.389842105,2.431947368,2.400368421,2.431947368,2.395105263,2.363315789
2678,1.321052632,1.310526317,1.25263158,1.257894738,1.268421053,1.274052632,1.30563158,1.274052632,1.310894738,1.274052632,1.221210527
2679,1.452631579,1.384210526,1.357894737,1.405263158,1.42631579,1.37931579,1.416157895,1.389842105,1.410894737,1.395105263,1.394894737
2680,2.657894737,2.652631579,2.531578948,2.6,2.589473685,2.653,2.689842106,2.663526316,2.684578948,2.658263158,2.600157895
2681,2.647368421,2.594736842,2.715789474,2.642105263,2.589473684,2.589842105,2.631947368,2.610894737,2.621421053,2.605631579,2.621210526
2682,1.989473684,1.926315789,1.87368421,1.931578947,1.905263157,1.900368421,1.937210526,1.92668421,1.953,1.910894736,1.931736842
2683,1.815789474,1.657894737,1.689473685,1.605263159,1.721052632,1.795105264,1.816157895,1.789842106,1.821421053,1.784578948,1.76331579
2684,2.668421053,2.757894738,2.65263158,2.684210527,2.557894738,2.589842106,2.626684211,2.600368422,2.616157895,2.600368422,2.631736843
2685,1.642105263,1.578947368,1.594736842,1.689473684,1.621052631,1.616157894,1.647736842,1.631947368,1.663526315,1.621421052,1.542263158
2686,2.247368421,2.27368421,2.247368421,2.221052631,2.368421053,2.216157895,2.242473684,2.22668421,2.242473684,2.216157895,2.205421053
2687,1.947368421,2.026315789,1.842105263,2.005263158,1.931578947,1.879315789,1.921421053,1.895105263,1.92668421,1.895105263,1.889631579
2688,1.557894737,1.642105263,1.605263158,1.721052632,1.668421053,1.521421053,1.547736842,1.521421053,1.547736842,1.510894737,1.484368421
2689,2.942105263,2.947368421,2.989473684,2.9,2.915789473,2.805631579,2.837210526,2.810894737,2.837210526,2.800368421,2.858052631
2690,1.694736842,1.636842105,1.636842105,1.689473684,1.657894737,1.663526316,1.705631579,1.679315789,1.710894737,1.674052631,1.705421052
2691,1.284210526,1.299999999,1.299999999,1.268421052,1.299999999,1.252999999,1.279315789,1.263526315,1.289842105,1.258263157,1.236999999
2692,2.089473684,2.105263157,2.142105263,2.084210526,2.010526315,2.005631579,2.037210526,2.016157894,2.031947368,2.010894736,1.984368421
2693,1.831578947,1.815789473,1.815789473,1.784210526,1.789473683,1.716157894,1.758263157,1.72668421,1.763526315,1.716157894,1.758052631
2694,2.347368421,2.321052631,2.321052631,2.284210526,2.257894737,2.305631579,2.342473684,2.321421053,2.347736842,2.316157895,2.300157895
2695,2.142105263,2.136842105,2.089473684,2.078947368,2.078947368,2.079315789,2.095105263,2.084578947,2.110894737,2.084578947,2.089631579
2696,0.768421053,0.736842106,0.715789474,0.700000001,0.768421053,0.716157895,0.753000001,0.737210527,0.747736843,0.721421053,0.679105264
2697,1.178947368,1.110526315,1.057894736,1.068421052,1.099999999,1.12668421,1.168789473,1.147736841,1.179315789,1.137210525,1.126473683
2698,1.857894737,1.831578948,1.789473685,1.778947369,1.842105263,1.784578948,1.816157895,1.800368421,1.810894737,1.789842106,1.76331579
2699,1.357894737,1.331578948,1.3,1.247368421,1.357894737,1.316157895,1.342473685,1.316157895,1.347736842,1.310894737,1.300157895
2700,2.031578947,1.936842105,1.915789473,1.989473683,1.999999999,1.952999999,1.989842105,1.963526315,1.989842105,1.968789473,2.005421052
2701,1.610526316,1.631578948,1.647368421,1.673684211,1.557894737,1.558263158,1.574052632,1.553,1.584578948,1.568789474,1.494894737
2702,2.326315789,2.257894736,2.121052631,2.194736841,2.210526315,2.274052631,2.30036842,2.279315789,2.305631578,2.268789473,2.236999999
2703,1.873684211,1.942105264,1.742105264,1.889473685,1.805263159,1.858263159,1.895105264,1.863526317,1.895105264,1.853000001,1.847526317
2704,2.2,2.078947368,2.142105263,2.115789474,2.047368421,2.095105263,2.137210526,2.105631579,2.137210526,2.105631579,2.147526316
2705,1.563157895,1.547368422,1.494736843,1.531578948,1.463157895,1.537210527,1.558263158,1.542473685,1.568789474,1.542473685,1.531736843
2706,0.821052632,0.836842106,0.910526317,0.82631579,0.805263159,0.742473685,0.795105264,0.763526317,0.789842106,0.758263159,0.76331579
2707,1.5,1.615789474,1.557894737,1.510526316,1.589473684,1.437210526,1.468789474,1.442473684,1.474052632,1.437210526,1.421210526
2708,1.636842105,1.657894736,1.631578947,1.615789473,1.594736842,1.558263157,1.595105263,1.574052631,1.595105263,1.568789473,1.605421052
2709,1.257894737,1.173684211,1.194736842,1.278947369,1.168421053,1.195105263,1.226684211,1.210894737,1.231947369,1.205631579,1.179105263
2710,2.468421053,2.289473685,2.273684211,2.25263158,2.32631579,2.374052632,2.421421053,2.389842106,2.426684211,2.37931579,2.358052632
2711,1.431578947,1.405263157,1.384210526,1.363157894,1.305263157,1.384578947,1.416157894,1.384578947,1.42668421,1.384578947,1.379105262
2712,1.531578947,1.54736842,1.521052631,1.64736842,1.484210526,1.447736841,1.479315789,1.463526315,1.479315789,1.452999999,1.463315789
2713,1.615789474,1.547368422,1.642105264,1.763157895,1.568421053,1.495105264,1.531947369,1.50563158,1.531947369,1.500368422,1.510684211
2714,2.178947368,2.063157894,2.110526315,2.136842104,2.110526315,2.158263157,2.189842104,2.179315789,2.195105262,2.158263157,2.100157894
2715,1.505263158,1.521052632,1.457894737,1.568421053,1.547368421,1.431947369,1.463526316,1.437210527,1.463526316,1.437210527,1.437
2716,1.463157895,1.557894737,1.447368422,1.421052632,1.457894737,1.37931579,1.431947369,1.400368422,1.421421053,1.400368422,1.452789474
2717,1.178947368,1.105263157,1.299999999,1.194736841,1.136842104,1.137210525,1.163526315,1.137210525,1.179315789,1.137210525,1.094894736
2718,1.984210526,2.010526315,1.884210526,1.884210526,1.889473684,1.931947368,1.968789473,1.931947368,1.963526315,1.931947368,1.952789473
2719,1.994736842,2.178947368,2.005263158,1.978947368,2.031578947,1.921421052,1.968789473,1.92668421,1.963526316,1.92668421,1.921210526
2720,1.963157895,1.821052632,1.868421053,1.884210527,1.757894737,1.895105264,1.926684211,1.900368422,1.937210527,1.900368422,1.889631579
2721,2.463157895,2.389473685,2.257894737,2.268421053,2.347368422,2.384578948,2.421421053,2.405631579,2.426684211,2.400368422,2.447526316
2722,1.610526316,1.542105264,1.557894737,1.531578948,1.547368421,1.489842106,1.526684211,1.505631579,1.542473685,1.505631579,1.568578948
2723,1.652631579,1.6,1.557894737,1.636842105,1.621052632,1.57931579,1.616157895,1.595105263,1.637210526,1.589842105,1.552789474
2724,2.521052632,2.389473685,2.357894738,2.431578948,2.284210527,2.500368422,2.521421053,2.50563158,2.521421053,2.495105264,2.400157896
2725,1.521052632,1.494736843,1.421052632,1.32631579,1.363157896,1.463526317,1.484578948,1.468789475,1.495105264,1.458263159,1.458052632
2726,2.278947368,2.310526315,2.27368421,2.263157894,2.163157894,2.168789473,2.205631578,2.184578947,2.205631578,2.189842104,2.231736841
2727,1.826315789,1.736842104,1.74736842,1.84736842,1.721052631,1.72668421,1.752999999,1.737210525,1.768789473,1.731947367,1.779105262
2728,2.973684211,2.931578948,2.794736843,2.884210527,2.784210527,2.926684211,2.963526317,2.931947369,2.958263159,2.921421054,2.926473685
2729,1.763157895,1.794736843,1.710526316,1.768421053,1.863157895,1.663526316,1.705631579,1.674052632,1.716157895,1.67931579,1.684368422
2730,2.252631579,2.2,2.247368421,2.173684211,2.263157895,2.121421053,2.147736842,2.126684211,2.163526316,2.126684211,2.121210526
2731,2.573684211,2.584210527,2.515789475,2.557894738,2.478947369,2.521421054,2.558263159,2.537210527,2.563526317,2.531947369,2.526473685
2732,2.452631579,2.542105263,2.5,2.6,2.584210526,2.389842105,2.426684211,2.400368421,2.431947369,2.405631579,2.400157895
2733,1.415789474,1.284210527,1.284210527,1.35263158,1.294736843,1.410894737,1.453000001,1.437210527,1.458263159,1.421421053,1.342263159
2734,1.710526316,1.663157895,1.657894737,1.652631579,1.705263158,1.637210527,1.668789474,1.658263158,1.684578948,1.647736843,1.66331579
2735,2.036842105,2.015789473,2.063157894,2.026315789,1.999999999,1.984578947,2.021421052,1.995105263,2.021421052,1.984578947,1.973842105
2736,2.247368421,2.278947368,2.278947368,2.321052631,2.415789474,2.168789474,2.195105263,2.179315789,2.200368421,2.174052631,2.200157895
2737,1.452631579,1.421052632,1.373684211,1.336842105,1.410526316,1.363526316,1.389842105,1.363526316,1.389842105,1.374052632,1.384368421
2738,1.610526316,1.594736843,1.515789474,1.589473685,1.605263158,1.595105264,1.626684211,1.600368421,1.626684211,1.595105264,1.531736843
2739,1.342105263,1.305263158,1.305263158,1.394736842,1.305263158,1.284578947,1.300368421,1.284578947,1.310894737,1.289842105,1.258052631
2740,1.673684211,1.663157896,1.673684211,1.678947369,1.636842106,1.610894738,1.647736843,1.626684211,1.647736843,1.621421054,1.647526317
2741,1.368421053,1.489473685,1.394736843,1.605263159,1.505263159,1.295105264,1.331947369,1.310894738,1.342473685,1.30563158,1.337000001
2742,1.3,1.257894737,1.278947368,1.242105263,1.2,1.295105263,1.326684211,1.305631579,1.326684211,1.300368421,1.231736842
2743,1.684210526,1.77368421,1.657894736,1.642105263,1.67368421,1.589842105,1.621421052,1.610894736,1.642473684,1.605631578,1.642263157
2744,1.394736842,1.305263158,1.363157895,1.357894737,1.331578947,1.331947368,1.353,1.337210526,1.363526316,1.331947368,1.315947368
2745,3.173684211,3.184210527,3.173684211,3.231578948,3.205263159,3.137210527,3.168789475,3.153000001,3.17931579,3.137210527,3.126473685
2746,1.226315789,1.268421052,1.268421052,1.299999999,1.278947367,1.147736841,1.179315789,1.163526315,1.189842104,1.147736841,1.179105262
2747,1.768421053,1.757894738,1.705263159,1.715789474,1.700000001,1.731947369,1.758263159,1.737210527,1.768789474,1.726684211,1.747526317
2748,1.568421053,1.642105264,1.605263159,1.668421053,1.568421053,1.458263159,1.484578948,1.468789474,1.495105264,1.458263159,1.510684211
2749,2.468421053,2.563157895,2.468421053,2.500000001,2.531578948,2.395105264,2.40563158,2.395105264,2.426684211,2.37931579,2.368578948
2750,1.736842105,1.631578947,1.563157894,1.699999999,1.615789473,1.663526315,1.695105263,1.668789473,1.700368421,1.674052631,1.663315789
2751,2.226315789,2.268421052,2.184210525,2.142105262,2.078947367,2.116157894,2.147736841,2.12668421,2.152999999,2.110894736,2.189631578
2752,1.226315789,1.199999999,1.121052631,1.152631578,1.063157894,1.184578946,1.221421052,1.184578946,1.210894736,1.189842104,1.136999999
2753,0.694736842,0.557894737,0.615789473,0.689473684,0.631578947,0.674052631,0.710894737,0.689842105,0.721421052,0.689842105,0.647526316
2754,2.205263158,2.110526316,2.273684211,2.121052632,2.094736842,2.131947369,2.168789474,2.142473684,2.17931579,2.137210527,2.158052632
2755,1.821052632,1.868421053,1.75263158,1.800000001,1.747368422,1.768789475,1.800368422,1.789842106,1.816157896,1.77931579,1.779105264
2756,2.157894737,2.252631579,2.1,2.242105263,2.1,2.137210527,2.163526316,2.137210527,2.163526316,2.131947369,2.115947369
2757,1.626315789,1.489473683,1.457894736,1.526315789,1.515789473,1.558263157,1.595105262,1.568789473,1.589842104,1.558263157,1.573842104
2758,1.842105263,1.77368421,1.694736842,1.77368421,1.747368421,1.758263158,1.789842105,1.768789473,1.789842105,1.763526315,1.789631579
2759,2.068421053,2.02631579,2.02631579,2.042105264,2.057894738,2.063526317,2.095105264,2.07931579,2.10563158,2.074052632,2.010684211
2760,2.578947368,2.54736842,2.631578947,2.552631578,2.499999999,2.510894736,2.547736841,2.521421052,2.537210525,2.516157894,2.458052631
2761,2.005263158,1.963157895,1.936842105,2,1.921052632,1.958263158,1.984578948,1.968789474,1.995105263,1.963526316,1.952789474
2762,1.857894737,1.821052632,1.836842106,1.784210527,1.82631579,1.795105263,1.821421053,1.800368421,1.826684211,1.795105263,1.779105263
2763,2.089473684,2.089473684,2.115789473,2.210526315,2.226315789,1.995105263,2.02668421,2.010894736,2.037210526,1.995105263,2.01068421
2764,1.415789474,1.531578948,1.473684211,1.610526316,1.500000001,1.374052632,1.40563158,1.389842106,1.40563158,1.389842106,1.36331579
2765,1.736842105,1.757894736,1.752631578,1.726315789,1.768421052,1.652999999,1.668789473,1.658263157,1.695105263,1.652999999,1.647526315
2766,2.405263158,2.373684211,2.389473684,2.410526316,2.331578948,2.337210527,2.37931579,2.363526316,2.37931579,2.358263158,2.315947369
2767,2.684210526,2.636842105,2.626315789,2.784210526,2.663157894,2.621421052,2.652999999,2.616157894,2.647736841,2.616157894,2.626473684
2768,2.531578947,2.515789473,2.557894736,2.499999999,2.57368421,2.452999999,2.489842105,2.463526315,2.495105262,2.447736841,2.51068421
2769,1.868421053,1.836842106,1.763157895,1.789473685,1.773684211,1.826684211,1.853000001,1.837210527,1.853000001,1.826684211,1.773842106
2770,1.315789474,1.22631579,1.236842106,1.236842106,1.289473685,1.247736843,1.27931579,1.247736843,1.27931579,1.253000001,1.247526316
2771,1.942105263,1.857894737,1.847368421,1.810526315,1.736842105,1.853,1.884578947,1.868789473,1.889842105,1.868789473,1.952789473
2772,1.368421053,1.25263158,1.384210527,1.331578948,1.284210527,1.331947369,1.363526317,1.337210527,1.368789474,1.337210527,1.268578948
2773,1.647368421,1.668421053,1.594736842,1.557894737,1.668421053,1.616157895,1.642473684,1.637210526,1.658263158,1.621421053,1.558052631
2774,1.736842105,1.621052631,1.705263157,1.678947368,1.647368421,1.72668421,1.758263157,1.737210526,1.758263157,1.731947368,1.679105263
2775,2.468421053,2.536842106,2.405263159,2.547368422,2.45263158,2.442473685,2.47931579,2.453000001,2.484578948,2.442473685,2.421210527
2776,2.384210526,2.389473684,2.399999999,2.357894736,2.378947368,2.32668421,2.363526315,2.337210526,2.363526315,2.331947368,2.31068421
2777,2.557894737,2.563157895,2.589473685,2.636842106,2.615789474,2.537210527,2.558263158,2.542473685,2.563526316,2.537210527,2.431736842
2778,2.205263158,2.163157895,2.089473684,2.205263158,2.157894737,2.116157895,2.142473684,2.126684211,2.153,2.116157895,2.105421053
2779,1.821052632,1.878947369,1.763157896,1.800000001,1.815789475,1.758263159,1.800368422,1.774052632,1.800368422,1.774052632,1.737000001
2780,1.057894737,1,0.973684211,0.963157895,0.942105263,1.005631579,1.031947369,1.010894737,1.031947369,1.000368421,0.984368421
2781,2.652631579,2.636842105,2.594736842,2.657894737,2.573684211,2.631947369,2.663526316,2.637210526,2.663526316,2.642473684,2.584368421
2782,1.178947368,1.068421052,1.194736841,1.078947368,1.105263157,1.174052631,1.205631578,1.174052631,1.205631578,1.179315789,1.100157894
2783,1.505263158,1.5,1.463157895,1.452631579,1.515789474,1.410894737,1.426684211,1.416157895,1.453,1.410894737,1.442263158
2784,2.068421053,2.036842106,2.047368422,1.947368422,2.02631579,2.016157895,2.053000001,2.031947369,2.058263159,2.031947369,2.000157895
2785,1.447368421,1.431578947,1.405263158,1.457894737,1.336842105,1.368789474,1.395105263,1.384578947,1.405631579,1.379315789,1.358052631
2786,1.726315789,1.615789473,1.626315789,1.605263157,1.57368421,1.652999999,1.695105262,1.668789473,1.695105262,1.658263157,1.668578946
2787,1.336842105,1.247368421,1.278947368,1.299999999,1.284210526,1.258263157,1.300368421,1.274052631,1.300368421,1.274052631,1.221210526
2788,1.257894737,1.257894737,1.284210527,1.215789474,1.205263158,1.131947369,1.163526316,1.142473685,1.174052632,1.142473685,1.189631579
2789,1.984210526,1.915789473,1.889473684,1.978947368,1.968421052,1.910894736,1.942473684,1.92668421,1.952999999,1.931947368,1.921210526
2790,2.084210526,1.984210526,2.005263157,2.052631578,2.031578947,2.042473684,2.084578947,2.058263157,2.074052631,2.047736841,2.01068421
2791,2.847368421,2.9,2.936842105,2.905263158,2.889473684,2.795105263,2.821421053,2.810894737,2.842473684,2.800368421,2.805421053
2792,1.415789474,1.42631579,1.278947369,1.421052632,1.42631579,1.368789474,1.400368422,1.37931579,1.416157895,1.37931579,1.358052632
2793,2.010526316,2.063157895,2.105263158,2.047368421,1.952631579,1.942473685,1.968789474,1.958263158,1.984578948,1.937210527,1.931736843
2794,1.515789474,1.468421053,1.478947369,1.510526316,1.468421053,1.453000001,1.489842106,1.468789474,1.500368422,1.458263159,1.458052632
2795,3.210526316,3.110526316,3.115789474,3.22631579,3.157894737,3.142473685,3.17931579,3.158263158,3.184578948,3.153,3.142263158
2796,2.689473684,2.768421052,2.694736842,2.652631579,2.642105263,2.658263157,2.689842105,2.653,2.689842105,2.647736842,2.626473684
2797,1.510526316,1.405263158,1.389473685,1.363157895,1.463157895,1.47931579,1.516157895,1.500368421,1.521421053,1.484578948,1.437
2798,0.978947368,0.984210525,0.952631578,0.868421052,0.905263157,0.931947368,0.952999999,0.931947368,0.963526315,0.910894736,0.889631578
2799,2.326315789,2.152631578,2.263157894,2.236842104,2.194736841,2.284578946,2.316157894,2.289842104,2.321421052,2.295105262,2.263315789
2800,1.705263158,1.768421053,1.72631579,1.694736842,1.531578948,1.637210527,1.668789474,1.647736842,1.663526316,1.642473684,1.615947369
2801,2.610526316,2.594736843,2.594736843,2.594736843,2.542105264,2.47931579,2.495105264,2.484578948,2.505631579,2.484578948,2.515947369
2802,1.973684211,2.010526317,1.984210527,2.005263159,1.905263159,1.889842106,1.921421054,1.900368422,1.926684211,1.90563158,1.926473685
2803,2.852631579,2.763157895,2.715789474,2.757894737,2.789473684,2.758263158,2.800368421,2.77931579,2.800368421,2.774052632,2.758052632
2804,1.615789474,1.594736843,1.65263158,1.673684211,1.678947369,1.516157895,1.547736843,1.521421053,1.553000001,1.521421053,1.568578948
2805,1.710526316,1.815789474,1.584210527,1.684210527,1.668421053,1.653,1.689842106,1.663526316,1.684578948,1.658263158,1.66331579
2806,0.884210526,0.710526315,0.794736841,0.768421052,0.736842105,0.774052631,0.810894736,0.795105263,0.816157894,0.795105263,0.842263157
2807,1.736842105,1.799999999,1.563157894,1.67368421,1.684210526,1.658263157,1.695105263,1.668789473,1.700368421,1.663526315,1.694894736
2808,1.884210526,1.87368421,1.863157894,1.915789473,1.815789473,1.795105263,1.821421052,1.80036842,1.82668421,1.80036842,1.773842105
2809,1.747368421,1.615789474,1.652631579,1.6,1.589473684,1.721421053,1.753,1.737210526,1.763526316,1.731947368,1.679105263
2810,1.721052632,1.773684211,1.768421053,1.836842106,1.784210527,1.663526317,1.695105264,1.674052632,1.700368422,1.668789475,1.652789475
2811,1.847368421,1.794736842,1.826315789,1.768421053,1.794736842,1.842473684,1.879315789,1.853,1.879315789,1.858263158,1.731736842
2812,1.621052632,1.694736843,1.700000001,1.55263158,1.600000001,1.547736843,1.57931579,1.558263159,1.574052632,1.553000001,1.494894738
2813,2.457894737,2.5,2.447368421,2.489473685,2.547368421,2.384578948,2.416157895,2.405631579,2.421421053,2.384578948,2.36331579
2814,1.747368421,1.77368421,1.721052631,1.731578947,1.757894737,1.653,1.679315789,1.663526316,1.689842105,1.647736842,1.637
2815,2.652631579,2.763157895,2.615789474,2.652631579,2.705263158,2.600368421,2.631947369,2.610894737,2.637210526,2.600368421,2.537
2816,2.436842105,2.331578947,2.352631578,2.494736842,2.331578947,2.347736842,2.368789473,2.358263157,2.384578947,2.337210526,2.447526315
2817,2.421052632,2.32631579,2.342105264,2.368421053,2.315789475,2.342473685,2.384578948,2.363526317,2.384578948,2.353000001,2.394894738
2818,1.184210526,1.052631578,1.115789473,1.07368421,0.978947368,1.137210526,1.174052631,1.147736841,1.168789473,1.142473684,1.126473684
2819,1.552631579,1.494736842,1.568421053,1.557894737,1.494736842,1.484578947,1.521421053,1.495105263,1.526684211,1.495105263,1.489631579
2820,1.663157895,1.563157895,1.705263158,1.578947369,1.715789474,1.631947369,1.653000001,1.647736843,1.674052632,1.637210527,1.610684211
2821,1.463157895,1.394736843,1.452631579,1.436842106,1.421052632,1.395105264,1.437210527,1.410894737,1.447736843,1.405631579,1.415947369
2822,0.626315789,0.64736842,0.599999999,0.652631578,0.563157894,0.521421052,0.552999999,0.542473683,0.563526315,0.542473683,0.58436842
2823,1.984210526,1.810526315,1.794736841,1.87368421,1.863157894,1.958263157,1.984578947,1.968789473,2.00036842,1.963526315,1.905421052
2824,0.926315789,0.936842104,0.936842104,0.968421052,0.94736842,0.837210525,0.863526315,0.847736841,0.874052631,0.842473683,0.889631578
2825,2.205263158,2.278947369,2.236842105,2.236842105,2.3,2.110894737,2.147736842,2.126684211,2.147736842,2.121421053,2.089631579
2826,2.105263158,2.121052632,2.136842105,2.2,2.178947369,2.053,2.084578948,2.063526316,2.089842105,2.053,2.042263158
2827,1.794736842,1.715789473,1.689473684,1.863157895,1.77368421,1.689842105,1.721421052,1.695105263,1.72668421,1.679315789,1.694894737
2828,2.057894737,2.168421053,2.031578948,2.094736842,2.163157895,1.974052632,2.005631579,1.989842106,2.021421053,1.984578948,1.973842106
2829,2.215789474,2.263157895,2.273684211,2.22631579,2.22631579,2.147736843,2.184578948,2.153000001,2.189842106,2.158263159,2.173842106
2830,1.584210526,1.452631578,1.463157894,1.505263157,1.515789473,1.521421052,1.558263157,1.52668421,1.568789473,1.537210526,1.489631578
2831,1.136842105,1.136842105,0.994736842,1.121052631,1.115789473,1.068789473,1.084578947,1.079315789,1.100368421,1.068789473,1.084368421
2832,2.331578947,2.310526315,2.226315789,2.321052631,2.27368421,2.295105262,2.32668421,2.305631578,2.331947368,2.30036842,2.263315789
2833,1.152631579,1.068421053,1.068421053,1.068421053,1.084210526,1.095105263,1.131947369,1.105631579,1.126684211,1.095105263,1.06331579
2834,2.057894737,2.242105263,2.131578948,2.115789474,2.057894737,1.958263158,1.995105263,1.974052632,2.000368421,1.974052632,2.010684211
2835,1.084210526,1.152631578,1.136842105,1.136842105,1.021052631,1.031947368,1.058263157,1.042473684,1.063526315,1.031947368,1.000157894
2836,1.231578947,1.215789473,1.215789473,1.215789473,1.084210526,1.152999999,1.189842105,1.168789473,1.189842105,1.158263157,1.179105262
2837,1.352631579,1.284210526,1.331578947,1.373684211,1.284210526,1.274052632,1.310894737,1.289842105,1.310894737,1.27931579,1.252789474
2838,0.484210526,0.468421052,0.531578947,0.484210526,0.515789473,0.410894736,0.442473684,0.421421052,0.442473684,0.410894736,0.436999999
2839,2.263157895,2.252631579,2.221052632,2.189473685,2.263157895,2.195105264,2.221421053,2.195105264,2.226684211,2.189842106,2.268578948
2840,2.089473684,2.084210526,2.021052631,2.057894736,2.010526315,2.079315789,2.095105263,2.084578947,2.110894736,2.079315789,2.084368421
2841,1.805263158,1.684210527,1.757894737,1.705263158,1.736842105,1.631947369,1.668789474,1.642473684,1.674052632,1.637210527,1.715947369
2842,1.431578947,1.468421052,1.526315789,1.421052631,1.342105262,1.363526315,1.389842105,1.379315789,1.405631578,1.368789473,1.342263157
2843,2.747368421,2.7,2.821052631,2.736842105,2.784210526,2.62668421,2.658263158,2.637210526,2.679315789,2.637210526,2.726473684
2844,1.847368421,1.757894737,1.731578947,1.836842105,1.726315789,1.795105263,1.837210526,1.810894737,1.831947368,1.800368421,1.784368421
2845,1.863157895,1.815789474,1.810526316,1.842105264,1.778947369,1.789842106,1.831947369,1.816157895,1.831947369,1.800368422,1.805421053
2846,2.052631579,2.12631579,2.021052632,2.073684211,1.984210526,1.931947369,1.974052632,1.942473684,1.968789474,1.942473684,1.952789474
2847,1.205263158,1.110526316,1.068421053,1.236842105,1.131578948,1.121421053,1.153,1.126684211,1.158263158,1.121421053,1.142263158
2848,1.263157895,1.168421053,1.173684211,1.136842106,1.042105264,1.174052632,1.200368422,1.17931579,1.210894737,1.163526316,1.194894737
2849,2.136842105,2.231578947,2.115789473,2.178947368,2.121052631,2.084578947,2.12668421,2.100368421,2.131947368,2.079315789,2.036999999
2850,2.384210526,2.342105263,2.44736842,2.27368421,2.452631578,2.289842105,2.331947368,2.30036842,2.32668421,2.30036842,2.363315789
2851,2.378947368,2.242105262,2.289473683,2.242105262,2.342105262,2.32668421,2.358263157,2.342473683,2.368789473,2.331947368,2.368578947
2852,0.842105263,0.789473684,0.705263158,0.768421052,0.768421052,0.805631579,0.837210526,0.816157894,0.842473684,0.810894737,0.773842105
2853,1.957894737,1.857894737,1.942105263,1.884210527,1.884210527,1.900368421,1.921421053,1.900368421,1.921421053,1.905631579,1.879105263
2854,1.915789474,1.815789474,1.868421053,1.742105264,1.784210527,1.889842106,1.931947369,1.900368422,1.931947369,1.884578948,1.815947369
2855,0.394736842,0.363157895,0.326315789,0.363157895,0.205263158,0.358263158,0.395105263,0.379315789,0.400368421,0.368789473,0.331736842
2856,1.710526316,1.742105264,1.742105264,1.742105264,1.736842106,1.642473685,1.67931579,1.642473685,1.674052632,1.647736843,1.647526316
2857,1.847368421,1.9,1.910526316,1.736842105,1.915789474,1.816157895,1.847736842,1.831947368,1.853,1.82668421,1.826473684
2858,2.294736842,2.136842105,2.210526316,2.131578947,2.17368421,2.158263158,2.200368421,2.174052631,2.205631579,2.168789473,2.21068421
2859,1.505263158,1.536842105,1.557894737,1.515789474,1.531578948,1.468789474,1.505631579,1.484578948,1.500368421,1.474052632,1.46331579
2860,1.173684211,1.157894738,1.12631579,1.115789475,1.15263158,1.058263159,1.100368422,1.068789475,1.095105264,1.074052633,1.137000001
2861,2.131578947,2.105263157,1.984210526,2.026315789,2.068421052,2.016157894,2.058263157,2.037210526,2.063526315,2.02668421,2.100157894
2862,2.557894737,2.510526316,2.389473685,2.463157895,2.563157895,2.505631579,2.542473685,2.510894737,2.553,2.526684211,2.452789474
2863,1.710526316,1.831578948,1.8,1.789473685,1.668421053,1.647736843,1.684578948,1.653,1.67931579,1.647736843,1.673842106
2864,0.926315789,0.926315789,0.752631578,0.878947367,0.84736842,0.821421052,0.858263157,0.842473683,0.858263157,0.837210525,0.868578946
2865,1.878947368,2.015789473,1.805263157,1.852631578,1.821052631,1.847736841,1.874052631,1.858263157,1.879315789,1.847736841,1.821210525
2866,2.310526316,2.315789474,2.342105264,2.305263158,2.289473685,2.216157895,2.253,2.221421053,2.258263158,2.221421053,2.26331579
2867,1.963157895,1.878947369,1.957894737,1.994736843,1.894736843,1.905631579,1.937210527,1.916157895,1.947736843,1.905631579,1.842263158
2868,1.042105263,1.178947368,1.07368421,1.136842105,1.057894737,0.947736842,0.979315789,0.942473684,0.979315789,0.947736842,0.968578947
2869,2.005263158,2.068421053,1.968421053,2.010526316,1.905263158,1.958263158,1.995105263,1.963526316,1.989842105,1.953,1.905421053
2870,2.168421053,2.089473685,2.131578948,2.05263158,2.036842106,2.168789474,2.195105264,2.174052632,2.20563158,2.168789474,2.147526317
2871,2.384210526,2.442105263,2.389473684,2.442105263,2.405263157,2.358263157,2.368789473,2.352999999,2.379315789,2.347736841,2.342263157
2872,0.521052632,0.415789475,0.415789475,0.431578948,0.394736843,0.447736843,0.474052632,0.453000001,0.484578948,0.447736843,0.468578948
2873,2.063157895,2.02631579,2.063157895,2.042105264,2.02631579,2.016157895,2.042473685,2.021421053,2.053000001,2.021421053,2.052789474
2874,2.068421053,2.047368422,2.047368422,2.031578948,2.042105264,1.989842106,2.026684211,2.010894738,2.037210527,1.995105264,2.015947369
2875,1.063157895,0.910526316,0.978947369,1.068421053,0.952631579,1.005631579,1.047736843,1.021421053,1.053000001,1.016157895,0.947526316
2876,1.647368421,1.784210526,1.668421053,1.626315789,1.631578947,1.547736842,1.584578947,1.563526316,1.584578947,1.558263158,1.552789474
2877,1.615789474,1.636842106,1.615789474,1.636842106,1.721052632,1.500368422,1.526684211,1.510894737,1.542473685,1.516157895,1.56331579
2878,3.252631579,3.231578947,3.247368421,3.247368421,3.194736842,3.158263158,3.17931579,3.158263158,3.174052632,3.147736842,3.221210526
2879,1.094736842,1.147368421,1.078947368,1.1,1.142105263,1.042473684,1.079315789,1.053,1.079315789,1.047736842,1.052789473
2880,1.763157895,1.857894737,1.815789474,1.742105264,1.815789474,1.695105264,1.731947369,1.695105264,1.726684211,1.705631579,1.679105264
2881,1.815789474,1.778947369,1.768421053,1.805263159,1.800000001,1.789842106,1.831947369,1.80563158,1.821421053,1.80563158,1.742263159
2882,2.121052632,2.157894738,2.073684211,2.100000001,2.12631579,2.095105264,2.137210527,2.110894738,2.137210527,2.116157896,2.100157896
2883,2.426315789,2.284210525,2.399999999,2.342105262,2.363157894,2.431947367,2.463526315,2.447736841,2.458263157,2.431947367,2.347526315
2884,1.478947368,1.457894736,1.357894736,1.44736842,1.463157894,1.431947368,1.463526315,1.442473683,1.463526315,1.437210525,1.426473683
2885,2.573684211,2.521052633,2.557894738,2.55263158,2.457894738,2.547736843,2.574052633,2.553000001,2.568789475,2.547736843,2.494894738
2886,2.057894737,1.910526316,1.878947369,1.952631579,2.010526316,1.958263158,1.968789474,1.963526316,1.989842106,1.953,1.989631579
2887,2.147368421,2.031578947,2.057894737,2.057894737,2.036842105,2.110894737,2.137210526,2.121421053,2.147736842,2.121421053,2.01068421
2888,1.721052632,1.668421053,1.747368422,1.615789475,1.731578948,1.695105264,1.716157896,1.684578948,1.721421053,1.684578948,1.66331579
2889,0.768421053,0.742105264,0.715789474,0.663157895,0.736842106,0.70563158,0.737210527,0.710894738,0.731947369,0.70563158,0.679105264
2890,2.226315789,2.142105262,2.178947367,2.231578946,2.168421052,2.158263157,2.20036842,2.163526315,2.195105262,2.168789473,2.194894736
2891,2.615789474,2.615789474,2.557894737,2.65263158,2.568421053,2.584578948,2.621421053,2.589842106,2.626684211,2.60563158,2.537000001
2892,1.105263158,0.936842105,0.978947369,1.021052632,1.063157895,1.053,1.084578948,1.063526316,1.084578948,1.063526316,1.058052632
2893,2.315789474,2.25263158,2.236842106,2.305263159,2.284210527,2.20563158,2.237210527,2.200368422,2.237210527,2.200368422,2.237000001
2894,2.078947368,2.042105262,2.078947368,2.178947368,2.089473683,2.00036842,2.016157894,2.00036842,2.016157894,1.989842104,1.989631578
2895,0.631578947,0.505263157,0.552631578,0.47368421,0.463157894,0.552999999,0.60036842,0.568789473,0.595105262,0.558263157,0.631736841
2896,1.784210526,1.736842105,1.626315789,1.657894736,1.757894736,1.710894736,1.742473684,1.737210526,1.758263157,1.731947368,1.821210526
2897,1.763157895,1.657894737,1.605263158,1.794736843,1.678947369,1.689842106,1.731947369,1.705631579,1.731947369,1.700368422,1.705421053
2898,0.705263158,0.763157895,0.657894737,0.736842105,0.710526316,0.647736842,0.67931579,0.653,0.695105263,0.653,0.673842105
2899,2.689473684,2.678947368,2.610526315,2.668421052,2.721052631,2.62668421,2.653,2.647736842,2.663526315,2.631947368,2.652789473
2900,1.257894737,1.331578948,1.215789474,1.273684211,1.173684211,1.200368421,1.226684211,1.205631579,1.231947369,1.205631579,1.215947369
2901,1.547368421,1.494736842,1.605263158,1.526315789,1.510526316,1.489842105,1.521421053,1.495105263,1.52668421,1.495105263,1.500157895
2902,1.915789474,1.805263159,1.900000001,1.821052632,1.863157895,1.895105264,1.921421053,1.900368422,1.921421053,1.895105264,1.879105264
2903,2.142105263,2.189473684,2.105263158,2.221052631,2.163157894,2.068789473,2.095105263,2.084578947,2.105631579,2.074052631,2.100157894
2904,2.231578947,2.24736842,2.163157894,2.052631578,2.221052631,2.163526315,2.205631578,2.184578947,2.210894736,2.179315789,2.168578947
2905,2.784210526,2.736842105,2.77368421,2.736842105,2.721052631,2.710894736,2.758263157,2.721421052,2.763526315,2.731947368,2.747526315
2906,2.526315789,2.526315789,2.426315789,2.44736842,2.431578946,2.442473683,2.463526315,2.447736841,2.474052631,2.442473683,2.468578946
2907,1.421052632,1.35263158,1.521052632,1.421052632,1.405263159,1.384578948,1.410894738,1.395105264,1.421421053,1.37931579,1.400157896
2908,1.657894737,1.594736842,1.515789474,1.536842106,1.536842106,1.57931579,1.605631579,1.584578948,1.610894737,1.57931579,1.56331579
2909,2.015789474,1.984210527,1.968421053,1.942105264,2.042105264,1.937210527,1.968789474,1.953000001,1.97931579,1.942473685,1.979105264
2910,1.684210526,1.721052631,1.668421052,1.710526315,1.64736842,1.60036842,1.631947368,1.610894736,1.637210526,1.610894736,1.626473684
2911,1.815789474,1.884210527,1.82631579,1.884210527,1.884210527,1.758263159,1.789842106,1.768789474,1.800368422,1.768789474,1.784368422
2912,2.547368421,2.552631579,2.542105263,2.526315789,2.484210526,2.505631579,2.52668421,2.510894737,2.537210526,2.505631579,2.489631579
2913,1.536842105,1.631578947,1.521052631,1.505263157,1.515789473,1.442473684,1.463526315,1.447736842,1.468789473,1.447736842,1.484368421
2914,0.505263158,0.52631579,0.463157895,0.452631579,0.468421053,0.421421053,0.442473684,0.426684211,0.458263158,0.421421053,0.447526316
2915,1.373684211,1.336842106,1.378947369,1.331578948,1.315789475,1.263526317,1.300368422,1.274052633,1.295105264,1.27931579,1.315947369
2916,0.989473684,0.87368421,0.947368421,0.968421052,0.952631579,0.895105263,0.921421052,0.889842105,0.931947368,0.889842105,0.931736842
2917,2.373684211,2.263157896,2.32631579,2.336842106,2.463157896,2.358263159,2.389842106,2.368789475,2.395105264,2.368789475,2.331736843
2918,1.547368421,1.668421053,1.547368421,1.521052631,1.489473684,1.416157895,1.431947368,1.437210526,1.453,1.421421053,1.500157895
2919,1.147368421,1.147368421,1.084210526,1.17368421,1.194736842,1.021421053,1.063526316,1.037210526,1.068789474,1.037210526,1.037
2920,2,2.073684211,1.947368421,2.063157895,1.957894737,1.937210526,1.974052632,1.947736842,1.968789474,1.937210526,1.947526316
2921,3.057894737,2.957894737,2.947368421,2.963157895,3.052631579,3.021421053,3.053,3.031947369,3.068789474,3.037210527,3.031736842
2922,1.789473684,1.736842105,1.768421052,1.8,1.747368421,1.695105263,1.742473684,1.716157894,1.747736842,1.695105263,1.715947368
2923,1.478947368,1.357894736,1.410526315,1.452631578,1.331578947,1.40036842,1.431947368,1.410894736,1.447736841,1.416157894,1.415947368
2924,1.436842105,1.463157894,1.357894736,1.494736842,1.389473684,1.347736842,1.379315789,1.358263157,1.389842105,1.358263157,1.358052631
2925,0.984210526,0.936842105,1.026315789,0.989473684,0.931578947,0.910894736,0.942473684,0.921421052,0.952999999,0.910894736,0.894894736
2926,2.031578947,1.984210526,1.910526315,2.031578947,1.952631578,1.958263157,1.995105262,1.974052631,2.00036842,1.979315789,1.989631578
2927,1.831578947,1.77368421,1.663157894,1.731578947,1.742105262,1.847736841,1.874052631,1.858263157,1.868789473,1.842473683,1.763315789
2928,1.421052632,1.473684211,1.32631579,1.347368422,1.231578948,1.431947369,1.453000001,1.426684211,1.453000001,1.426684211,1.384368422
2929,3.363157895,3.336842106,3.305263158,3.378947369,3.378947369,3.310894737,3.353000001,3.310894737,3.353000001,3.321421053,3.279105264
2930,2.121052632,2.105263159,2.115789475,2.173684211,2.163157896,2.042473685,2.074052632,2.053000001,2.089842106,2.053000001,2.010684211
2931,1.005263158,0.905263158,0.92631579,0.873684211,0.836842105,0.963526316,1.005631579,0.974052632,0.995105263,0.968789474,0.931736842
2932,1.805263158,1.636842105,1.721052632,1.694736842,1.657894737,1.763526316,1.800368421,1.77931579,1.800368421,1.774052632,1.768578948
2933,2.484210526,2.563157894,2.410526315,2.478947368,2.463157894,2.447736841,2.463526315,2.447736841,2.468789473,2.447736841,2.38436842
2934,1.705263158,1.8,1.794736842,1.663157895,1.721052632,1.610894737,1.647736842,1.616157895,1.653,1.616157895,1.610684211
2935,2.078947368,2.036842104,2.005263157,1.963157894,2.021052631,2.058263157,2.079315789,2.052999999,2.095105262,2.042473683,2.08436842
2936,1.984210526,1.905263157,2.005263157,1.87368421,1.915789473,1.963526315,1.995105263,1.979315789,1.995105263,1.974052631,1.863315789
2937,2.2,2.126315789,2.110526316,2.226315789,2.005263158,2.142473684,2.179315789,2.158263158,2.179315789,2.147736842,2.105421053
2938,1.963157895,2.02631579,1.910526316,1.936842106,1.978947369,1.905631579,1.937210527,1.916157895,1.953000001,1.900368422,1.821210527
2939,1.921052632,1.768421053,1.836842106,1.805263159,1.773684211,1.80563158,1.837210527,1.816157896,1.831947369,1.816157896,1.815947369
2940,1.221052632,1.078947369,1.084210527,1.12631579,1.057894738,1.163526317,1.195105264,1.168789475,1.195105264,1.163526317,1.173842106
2941,2.326315789,2.321052631,2.426315789,2.378947367,2.37368421,2.242473683,2.258263157,2.247736841,2.274052631,2.237210525,2.231736841
2942,2.494736842,2.563157895,2.563157895,2.542105263,2.489473684,2.368789473,2.400368421,2.384578947,2.405631579,2.384578947,2.452789473
2943,2.152631579,2.063157895,2.089473684,2.015789474,2.02631579,2.126684211,2.153,2.126684211,2.153,2.121421053,2.073842105
2944,2.789473684,2.736842105,2.757894736,2.7,2.636842105,2.674052631,2.700368421,2.679315789,2.705631579,2.674052631,2.800157894
2945,1.768421053,1.72631579,1.715789474,1.873684211,1.805263159,1.721421053,1.753000001,1.742473685,1.758263159,1.737210527,1.668578948
2946,1.452631579,1.415789474,1.431578947,1.431578947,1.489473684,1.395105263,1.421421053,1.416157895,1.431947369,1.405631579,1.373842105
2947,2.842105263,2.794736842,2.942105263,2.805263158,2.821052631,2.795105263,2.821421052,2.805631579,2.82668421,2.800368421,2.773842105
2948,2.010526316,2.015789474,1.952631579,1.978947369,2,1.942473685,1.974052632,1.947736843,1.968789474,1.947736843,1.958052632
2949,2.015789474,1.92631579,1.900000001,2.015789474,1.963157895,2.016157895,2.053000001,2.016157895,2.047736843,2.00563158,1.96331579
2950,1.242105263,1.194736842,1.168421052,1.215789473,1.17368421,1.237210526,1.274052631,1.242473684,1.263526315,1.231947368,1.205421052
2951,1.152631579,1.1,0.921052632,1.121052632,1.015789474,1.063526316,1.084578947,1.063526316,1.105631579,1.074052632,1.068578947
2952,2.210526316,2.157894737,2.068421053,2.157894737,2.2,2.158263158,2.189842106,2.168789474,2.189842106,2.168789474,2.158052632
2953,2.431578947,2.310526315,2.315789473,2.27368421,2.426315789,2.331947368,2.374052631,2.358263157,2.374052631,2.347736841,2.373842105
2954,2.273684211,2.35263158,2.184210527,2.294736843,2.215789475,2.27931579,2.310894738,2.289842106,2.316157896,2.289842106,2.147526317
2955,2.210526316,2.131578948,2.052631579,2.057894737,2.121052632,2.163526316,2.195105264,2.174052632,2.195105264,2.174052632,2.152789474
2956,1.931578947,1.805263157,1.74736842,1.736842105,1.64736842,1.910894736,1.947736841,1.921421052,1.958263157,1.92668421,1.873842105
2957,2.084210526,1.942105263,1.952631578,1.97368421,1.857894736,2.016157894,2.047736841,2.02668421,2.058263157,2.021421052,2.021210526
2958,1.542105263,1.578947368,1.594736842,1.589473684,1.531578947,1.505631579,1.52668421,1.505631579,1.531947368,1.495105263,1.442263158
2959,2.015789474,1.984210527,1.957894737,1.973684211,1.984210527,1.921421053,1.958263159,1.931947369,1.958263159,1.921421053,1.96331579
2960,2.405263158,2.489473684,2.384210527,2.473684211,2.447368421,2.368789474,2.400368421,2.37931579,2.400368421,2.368789474,2.252789474
2961,2.342105263,2.310526315,2.37368421,2.278947368,2.352631579,2.253,2.284578947,2.258263158,2.295105263,2.258263158,2.221210526
2962,1.331578947,1.210526315,1.310526315,1.263157894,1.168421052,1.305631578,1.331947368,1.305631578,1.342473683,1.305631578,1.294894736
2963,1.673684211,1.673684211,1.600000001,1.621052633,1.668421054,1.584578948,1.610894738,1.595105264,1.616157896,1.589842106,1.547526317
2964,2.536842105,2.47368421,2.478947368,2.478947368,2.547368421,2.431947368,2.468789473,2.442473684,2.479315789,2.442473684,2.468578947
2965,1.752631579,1.710526316,1.684210526,1.663157895,1.710526316,1.663526316,1.689842105,1.668789474,1.695105263,1.663526316,1.66331579
2966,0.742105263,0.6,0.710526315,0.621052631,0.615789473,0.705631579,0.742473684,0.710894737,0.737210526,0.710894737,0.61068421
2967,1.894736842,1.805263158,1.847368421,1.852631579,1.9,1.816157895,1.842473684,1.816157895,1.837210526,1.805631579,1.815947368
2968,1.947368421,1.842105263,1.942105263,1.905263158,1.921052631,1.916157895,1.947736842,1.921421053,1.963526316,1.921421053,1.847526316
2969,1.621052632,1.610526317,1.710526317,1.636842106,1.72631579,1.531947369,1.563526317,1.542473685,1.568789475,1.521421053,1.510684211
2970,2.194736842,2.131578947,2.263157895,2.126315789,2.147368421,2.195105263,2.237210526,2.216157895,2.242473684,2.210894737,2.100157895
2971,1.110526316,1.136842106,1.1,1.042105264,0.989473685,1.021421053,1.047736843,1.037210527,1.058263158,1.021421053,1.047526316
2972,2.031578947,1.999999999,1.931578947,2.026315789,2.005263157,1.984578947,2.005631578,1.984578947,2.021421052,1.979315789,1.900157894
2973,2.478947368,2.457894736,2.421052631,2.368421052,2.478947368,2.437210525,2.468789473,2.442473683,2.468789473,2.442473683,2.389631578
2974,1.347368421,1.368421053,1.378947368,1.368421053,1.378947368,1.242473684,1.274052631,1.258263158,1.289842105,1.258263158,1.279105263
2975,1.805263158,1.873684211,1.873684211,1.894736842,1.810526316,1.737210527,1.758263158,1.737210527,1.763526316,1.731947369,1.731736842
2976,2.352631579,2.257894737,2.242105263,2.294736842,2.22631579,2.295105263,2.316157895,2.305631579,2.321421053,2.300368421,2.284368421
2977,1.7,1.626315789,1.557894737,1.689473684,1.721052632,1.668789474,1.695105263,1.674052632,1.705631579,1.668789474,1.621210526
2978,3.105263158,3.215789474,3.1,3.057894737,3.089473684,3.068789474,3.095105263,3.084578948,3.100368421,3.07931579,3.015947369
2979,1.3,1.363157895,1.336842105,1.257894737,1.263157895,1.247736842,1.289842105,1.263526316,1.300368421,1.263526316,1.189631579
2980,1.936842105,1.884210526,1.831578947,1.831578947,1.931578947,1.889842105,1.931947368,1.916157894,1.942473684,1.900368421,1.863315789
2981,2.442105263,2.447368421,2.294736842,2.368421052,2.331578947,2.300368421,2.321421052,2.305631579,2.342473684,2.300368421,2.379105263
2982,1.031578947,1.031578947,1.031578947,1.099999999,0.978947368,1.016157894,1.042473683,1.016157894,1.052999999,1.010894736,0.98436842
2983,1.789473684,1.710526315,1.663157894,1.626315789,1.647368421,1.700368421,1.737210526,1.710894736,1.742473684,1.705631579,1.758052631
2984,2.2,2.331578947,2.215789474,2.305263158,2.284210526,2.184578947,2.216157895,2.189842105,2.216157895,2.184578947,2.179105263
2985,1.910526316,1.915789474,1.847368421,1.884210527,1.805263158,1.853,1.895105264,1.874052632,1.900368421,1.87931579,1.784368421
2986,0.731578947,0.631578947,0.563157894,0.594736841,0.626315789,0.72668421,0.763526315,0.752999999,0.779315789,0.737210526,0.731736841
2987,3.184210526,3.136842105,3.17368421,3.152631578,3.199999999,3.079315789,3.121421052,3.084578947,3.121421052,3.079315789,3.173842105
2988,1.273684211,1.215789475,1.210526317,1.278947369,1.247368422,1.231947369,1.27931579,1.242473685,1.274052633,1.242473685,1.221210527
2989,2.157894737,2.221052632,2.063157895,2.22631579,2.084210527,2.100368421,2.121421053,2.100368421,2.126684211,2.089842106,2.100157895
2990,2.152631579,2.015789474,2.094736842,1.968421053,2.1,2.121421053,2.137210526,2.121421053,2.153,2.121421053,2.068578947
2991,1.605263158,1.636842105,1.610526316,1.642105263,1.536842105,1.558263158,1.589842105,1.563526316,1.595105263,1.563526316,1.568578948
2992,2.747368421,2.705263158,2.821052631,2.8,2.710526316,2.689842105,2.716157895,2.700368421,2.731947368,2.700368421,2.679105263
2993,2.231578947,2.121052631,2.163157894,2.157894736,2.036842105,2.116157894,2.168789473,2.131947368,2.163526315,2.12668421,2.179105262
2994,2.2,2.089473684,2.005263158,2.157894737,2.163157895,2.137210526,2.163526316,2.131947368,2.163526316,2.121421053,2.131736842
2995,1.410526316,1.294736843,1.373684211,1.415789474,1.32631579,1.37931579,1.405631579,1.389842106,1.410894737,1.384578948,1.321210527
2996,2.073684211,1.95263158,1.910526317,1.968421054,1.900000001,2.063526317,2.100368422,2.084578948,2.110894738,2.074052633,2.021210527
2997,1.9,1.794736842,1.8,1.778947368,1.773684211,1.821421053,1.853,1.826684211,1.853,1.821421053,1.847526316
2998,2.289473684,2.3,2.226315789,2.257894736,2.310526315,2.231947368,2.258263157,2.242473684,2.268789473,2.237210526,2.258052631
2999,1.926315789,1.926315789,1.94736842,1.957894736,1.936842104,1.921421052,1.952999999,1.931947367,1.963526315,1.931947367,1.852789473
3000,2.142105263,2.121052631,1.957894737,2.042105263,2.021052631,2.037210526,2.058263158,2.042473684,2.068789473,2.037210526,2.121210526
3001,2.263157895,2.373684211,2.321052632,2.331578948,2.247368422,2.200368422,2.221421053,2.210894737,2.237210527,2.200368422,2.168578948
3002,2.163157895,2.242105264,2.136842106,2.221052632,2.147368422,2.158263158,2.189842106,2.163526316,2.200368422,2.158263158,2.115947369
3003,1.347368421,1.342105263,1.342105263,1.226315789,1.294736842,1.279315789,1.300368421,1.274052631,1.300368421,1.279315789,1.252789474
3004,1.852631579,1.894736842,1.778947369,1.789473684,1.773684211,1.789842105,1.816157895,1.789842105,1.826684211,1.774052632,1.784368421
3005,1.489473684,1.447368421,1.510526315,1.531578947,1.436842105,1.363526315,1.400368421,1.368789473,1.416157894,1.374052631,1.394894736
3006,1.315789474,1.357894737,1.32631579,1.294736843,1.405263159,1.263526316,1.295105264,1.274052632,1.300368422,1.263526316,1.284368422
3007,1.715789474,1.663157895,1.710526316,1.700000001,1.600000001,1.626684211,1.658263159,1.642473685,1.658263159,1.631947369,1.647526316
3008,2.178947368,2.07368421,2.094736841,2.068421052,2.126315789,2.152999999,2.168789473,2.158263157,2.189842104,2.152999999,2.089631578
3009,2.673684211,2.642105264,2.684210527,2.715789475,2.605263159,2.653000001,2.689842106,2.658263159,2.689842106,2.663526317,2.558052633
3010,1.336842105,1.415789473,1.342105263,1.410526315,1.389473684,1.331947368,1.358263157,1.337210526,1.363526315,1.32668421,1.226473684
3011,1.778947368,1.699999999,1.626315789,1.663157894,1.678947368,1.737210525,1.768789473,1.747736841,1.774052631,1.747736841,1.742263157
3012,2.915789474,2.868421053,2.889473685,2.936842106,2.75263158,2.87931579,2.910894737,2.884578948,2.916157895,2.87931579,2.842263159
3013,1.894736842,1.87368421,1.763157895,1.87368421,1.952631579,1.82668421,1.858263158,1.831947368,1.863526316,1.837210526,1.847526316
3014,2.089473684,2.136842105,2.031578947,2.042105263,2.105263157,2.089842105,2.116157894,2.089842105,2.116157894,2.089842105,2.031736842
3015,2.294736842,2.189473684,2.157894737,2.363157895,2.184210526,2.284578947,2.305631579,2.289842105,2.316157895,2.284578947,2.242263158
3016,2.678947368,2.652631578,2.615789473,2.563157894,2.605263157,2.558263157,2.589842104,2.563526315,2.60036842,2.563526315,2.61068421
3017,2.221052632,2.242105264,2.194736843,2.231578948,2.32631579,2.168789475,2.20563158,2.189842106,2.200368422,2.17931579,2.152789475
3018,1.115789474,1.173684211,1.078947369,1.05263158,1.057894737,1.031947369,1.047736843,1.031947369,1.058263159,1.031947369,1.058052632
3019,1.510526316,1.642105264,1.573684211,1.468421053,1.605263158,1.442473685,1.463526316,1.453,1.474052632,1.447736843,1.442263158
3020,1.436842105,1.563157894,1.542105263,1.536842105,1.468421052,1.368789473,1.395105263,1.374052631,1.410894736,1.384578947,1.336999999
3021,1.863157895,1.757894737,1.763157895,1.805263158,1.789473685,1.816157895,1.847736843,1.816157895,1.847736843,1.826684211,1.852789474
3022,1.126315789,1.078947367,1.231578946,1.157894736,1.189473683,1.037210525,1.084578946,1.058263157,1.079315789,1.058263157,1.068578946
3023,1.594736842,1.568421052,1.526315789,1.526315789,1.468421052,1.521421052,1.563526316,1.537210526,1.568789473,1.531947368,1.568578947
3024,2.052631579,2.031578947,2.021052632,1.994736842,2.089473684,2.016157895,2.037210526,2.016157895,2.042473684,2.010894737,1.984368421
3025,1.078947368,1.04736842,0.931578947,1.063157894,0.852631578,1.068789473,1.10036842,1.089842104,1.10036842,1.079315789,1.073842104
3026,1.421052632,1.357894738,1.321052632,1.331578948,1.368421053,1.400368422,1.431947369,1.416157896,1.437210527,1.400368422,1.347526317
3027,1.668421053,1.694736843,1.65263158,1.631578948,1.636842106,1.60563158,1.637210527,1.610894738,1.637210527,1.616157895,1.615947369
3028,2.636842105,2.752631578,2.599999999,2.678947368,2.626315789,2.568789473,2.605631578,2.579315789,2.605631578,2.574052631,2.568578947
3029,1.252631579,1.263157895,1.231578947,1.231578947,1.252631579,1.226684211,1.258263158,1.242473684,1.268789474,1.237210526,1.158052632
3030,2.726315789,2.715789473,2.584210525,2.542105262,2.621052631,2.695105262,2.721421052,2.705631578,2.72668421,2.710894736,2.679105262
3031,2.421052632,2.384210527,2.415789475,2.521052632,2.331578948,2.421421053,2.437210527,2.410894738,2.447736843,2.410894738,2.326473685
3032,1.536842105,1.578947368,1.521052631,1.510526315,1.357894736,1.452999999,1.474052631,1.463526315,1.474052631,1.452999999,1.515947368
3033,1.863157895,1.831578948,1.768421053,1.747368422,1.710526316,1.789842106,1.831947369,1.805631579,1.826684211,1.805631579,1.789631579
3034,1.694736842,1.57368421,1.621052631,1.6,1.610526316,1.579315789,1.605631579,1.595105263,1.616157895,1.584578947,1.668578947
3035,1.663157895,1.731578948,1.668421053,1.668421053,1.636842106,1.621421053,1.653000001,1.621421053,1.658263158,1.621421053,1.610684211
3036,2.405263158,2.336842105,2.363157895,2.421052632,2.289473684,2.316157895,2.347736842,2.326684211,2.358263158,2.326684211,2.352789474
3037,1.889473684,1.757894736,1.931578947,1.8,1.857894736,1.774052631,1.805631579,1.795105263,1.816157894,1.784578947,1.884368421
3038,2.394736842,2.315789473,2.357894737,2.352631579,2.27368421,2.331947368,2.353,2.342473684,2.353,2.32668421,2.305421052
3039,1.010526316,1.110526316,1.036842106,1.073684211,1.063157895,0.974052632,1.005631579,0.97931579,1.016157895,0.989842106,0.958052632
3040,1.594736842,1.615789473,1.657894737,1.621052631,1.626315789,1.505631579,1.547736842,1.510894737,1.547736842,1.505631579,1.479105263
3041,2.110526316,2.057894737,2.057894737,2.12631579,2.02631579,2.068789474,2.100368421,2.074052632,2.100368421,2.074052632,2.015947369
3042,2.431578947,2.326315789,2.342105262,2.336842105,2.263157894,2.363526315,2.389842105,2.368789473,2.40036842,2.368789473,2.331736841
3043,2.289473684,2.331578947,2.3,2.331578947,2.294736842,2.263526315,2.295105263,2.289842105,2.310894736,2.279315789,2.231736842
3044,1.605263158,1.505263158,1.573684211,1.552631579,1.547368421,1.47931579,1.510894737,1.489842105,1.516157895,1.484578948,1.537
3045,1.789473684,1.77368421,1.768421052,1.747368421,1.821052631,1.716157894,1.747736842,1.721421052,1.763526315,1.72668421,1.731736842
3046,1.531578947,1.531578947,1.463157894,1.484210526,1.57368421,1.437210526,1.458263157,1.447736841,1.468789473,1.431947368,1.442263157
3047,1.9,1.857894737,1.778947368,1.794736842,1.852631579,1.842473684,1.874052632,1.847736842,1.874052632,1.847736842,1.815947368
3048,2.268421053,2.189473685,2.178947369,2.236842106,2.12631579,2.226684211,2.258263159,2.242473685,2.258263159,2.226684211,2.194894738
3049,2.105263158,2.163157895,2.12631579,2,2.115789474,2.110894737,2.137210527,2.126684211,2.142473684,2.110894737,2.058052632
3050,2.268421053,2.215789474,2.294736843,2.257894738,2.15263158,2.210894738,2.247736843,2.216157895,2.253000001,2.210894738,2.168578948
3051,2.294736842,2.305263158,2.305263158,2.336842105,2.226315789,2.221421052,2.263526316,2.242473684,2.268789473,2.247736842,2.215947368
3052,1.552631579,1.489473684,1.552631579,1.547368421,1.484210526,1.516157895,1.537210526,1.516157895,1.542473684,1.505631579,1.458052632
3053,2.1,2.036842105,2.052631579,1.978947368,2.078947368,2.079315789,2.105631579,2.089842105,2.105631579,2.084578947,2.058052632
3054,1.168421053,1.05263158,1.168421053,1.157894738,1.147368422,1.084578948,1.10563158,1.095105264,1.121421053,1.07931579,1.105421053
3055,1.594736842,1.478947368,1.621052631,1.510526316,1.452631579,1.547736842,1.589842105,1.563526316,1.584578947,1.553,1.484368421
3056,1.857894737,1.747368421,1.789473685,1.7,1.773684211,1.810894737,1.842473685,1.821421053,1.847736842,1.816157895,1.831736842
3057,1.531578947,1.389473683,1.468421052,1.489473683,1.436842105,1.531947368,1.568789473,1.542473683,1.568789473,1.531947368,1.463315789
3058,1.273684211,1.210526317,1.163157896,1.263157896,1.078947369,1.184578948,1.216157896,1.189842106,1.221421054,1.189842106,1.210684211
3059,1.721052632,1.610526317,1.642105264,1.542105264,1.631578948,1.721421053,1.758263159,1.731947369,1.763526317,1.731947369,1.58963158
3060,1.742105263,1.757894737,1.789473684,1.689473684,1.736842105,1.653,1.700368421,1.674052631,1.705631579,1.663526315,1.700157894
3061,1.568421053,1.531578948,1.55263158,1.473684211,1.489473685,1.500368422,1.521421053,1.500368422,1.531947369,1.500368422,1.584368422
3062,2.647368421,2.505263158,2.589473684,2.610526316,2.594736842,2.647736842,2.674052631,2.653,2.679315789,2.647736842,2.552789474
3063,1.4,1.305263158,1.426315789,1.452631579,1.357894737,1.295105263,1.310894737,1.300368421,1.326684211,1.289842105,1.347526316
3064,2.873684211,2.747368422,2.857894738,2.705263159,2.82631579,2.821421054,2.863526317,2.847736843,2.868789475,2.842473685,2.779105264
3065,2.057894737,2.073684211,2.157894737,2.121052632,2.068421053,1.995105263,2.026684211,2.016157895,2.026684211,2.010894737,1.96331579
3066,1.6,1.489473684,1.505263158,1.526315789,1.452631579,1.510894737,1.537210526,1.516157895,1.542473684,1.521421053,1.531736842
3067,1.052631579,0.889473684,0.921052632,1.005263158,0.989473684,0.995105263,1.026684211,1.005631579,1.026684211,1.005631579,0.96331579
3068,1.326315789,1.363157894,1.37368421,1.299999999,1.37368421,1.295105262,1.337210525,1.321421052,1.342473683,1.305631578,1.294894736
3069,0.531578947,0.67368421,0.463157894,0.584210526,0.521052631,0.479315789,0.510894736,0.484578947,0.521421052,0.484578947,0.48436842
3070,1.489473684,1.463157894,1.468421052,1.421052631,1.436842105,1.447736842,1.484578947,1.453,1.479315789,1.453,1.41068421
3071,1.494736842,1.415789473,1.37368421,1.421052631,1.37368421,1.431947368,1.458263158,1.447736842,1.463526316,1.431947368,1.442263158
3072,1.763157895,1.573684211,1.657894737,1.705263158,1.794736843,1.695105264,1.726684211,1.716157895,1.737210527,1.710894737,1.705421053
3073,2.873684211,2.894736843,2.75263158,2.942105264,2.800000001,2.774052633,2.816157896,2.789842106,2.810894738,2.77931579,2.779105264
3074,2.368421053,2.257894738,2.173684211,2.347368422,2.273684211,2.289842106,2.321421053,2.30563158,2.331947369,2.289842106,2.300157895
3075,2.110526316,2.173684211,2.042105264,2.147368421,2.031578948,2.047736843,2.074052632,2.058263158,2.089842106,2.063526316,2.089631579
3076,1.552631579,1.573684211,1.584210526,1.557894737,1.452631579,1.547736842,1.568789474,1.558263158,1.584578947,1.553,1.510684211
3077,2.026315789,2.042105262,1.94736842,1.915789473,2.031578946,1.974052631,2.005631578,1.979315789,2.010894736,1.979315789,1.91068421
3078,1.921052632,1.989473685,2.021052632,1.910526317,1.968421053,1.858263159,1.900368422,1.874052632,1.895105264,1.868789475,1.921210527
3079,2.910526316,2.989473685,2.994736843,2.994736843,2.884210527,2.858263158,2.900368421,2.884578948,2.905631579,2.858263158,2.837
3080,1.710526316,1.557894737,1.652631579,1.605263158,1.757894737,1.610894737,1.642473685,1.621421053,1.647736843,1.621421053,1.626473685
3081,1.910526316,1.8,1.905263158,1.836842106,1.989473685,1.900368421,1.931947369,1.905631579,1.937210527,1.905631579,1.784368421
3082,0.884210526,1.042105263,0.999999999,1.057894736,0.999999999,0.831947368,0.874052631,0.847736841,0.874052631,0.847736841,0.842263157
3083,1.994736842,1.878947368,1.968421052,1.868421052,1.87368421,1.958263158,1.995105263,1.974052631,2.000368421,1.958263158,1.968578947
3084,2.657894737,2.6,2.652631579,2.652631579,2.7,2.600368421,2.637210527,2.605631579,2.637210527,2.600368421,2.573842106
3085,2.163157895,2.057894737,2.136842106,2.100000001,2.094736843,2.110894737,2.147736843,2.121421053,2.142473685,2.110894737,2.137000001
3086,2.242105263,2.27368421,2.257894737,2.242105263,2.242105263,2.195105263,2.221421052,2.195105263,2.231947368,2.200368421,2.142263158
3087,1.636842105,1.599999999,1.663157894,1.626315789,1.642105263,1.542473684,1.584578947,1.563526315,1.589842105,1.558263157,1.594894736
3088,1.936842105,1.989473684,2.021052631,1.789473684,1.894736842,1.884578947,1.921421052,1.900368421,1.92668421,1.895105263,1.821210526
3089,2.605263158,2.668421053,2.642105263,2.5,2.52631579,2.516157895,2.553,2.521421053,2.558263158,2.521421053,2.531736842
3090,1.157894737,1.236842106,1.231578948,1.263157895,1.284210527,1.116157895,1.142473685,1.110894737,1.142473685,1.110894737,1.084368421
3091,2.442105263,2.468421052,2.321052631,2.278947368,2.347368421,2.400368421,2.437210526,2.400368421,2.42668421,2.400368421,2.421210526
3092,1.931578947,1.784210526,1.821052631,1.836842105,1.910526315,1.821421052,1.847736841,1.82668421,1.852999999,1.831947368,1.931736841
3093,2.094736842,2.021052631,2.015789473,2.136842105,2.021052631,2.074052631,2.105631579,2.079315789,2.105631579,2.079315789,2.063315789
3094,1.957894737,1.905263158,1.863157895,1.905263158,1.852631579,1.895105263,1.926684211,1.900368421,1.942473685,1.900368421,1.931736842
3095,2.526315789,2.442105262,2.457894736,2.44736842,2.442105262,2.489842104,2.521421052,2.50036842,2.537210525,2.495105262,2.426473683
3096,2.536842105,2.489473684,2.399999999,2.652631578,2.531578947,2.516157894,2.537210526,2.52668421,2.558263157,2.521421052,2.463315789
3097,0.968421053,0.92631579,0.915789474,0.978947369,0.942105264,0.858263159,0.895105264,0.868789474,0.910894738,0.868789474,0.873842106
3098,2.015789474,2.015789474,2.057894737,2.094736843,1.978947369,1.968789474,2.00563158,1.984578948,2.016157895,1.968789474,1.921210527
3099,1.2,1.147368421,1.078947368,1.231578947,1.189473684,1.079315789,1.110894737,1.095105263,1.116157895,1.095105263,1.158052632
3100,2.021052632,1.994736843,2.089473685,1.978947369,2.057894738,1.910894738,1.958263159,1.926684211,1.968789475,1.921421053,2.000157896
3101,2.121052632,2.163157896,2.089473685,2.15263158,2.131578948,2.074052632,2.110894738,2.095105264,2.110894738,2.074052632,2.037000001
3102,2.657894737,2.678947369,2.642105263,2.584210527,2.705263158,2.621421053,2.647736842,2.631947369,2.658263158,2.626684211,2.552789474
3103,1.989473684,1.831578947,1.794736842,1.926315789,1.87368421,1.979315789,2.016157894,2.000368421,2.016157894,1.989842105,1.931736842
3104,0.942105263,0.947368421,0.868421052,0.989473684,1.005263158,0.874052631,0.910894737,0.895105263,0.905631579,0.879315789,0.900157894
3105,0.842105263,0.810526315,0.752631579,0.952631579,0.831578947,0.753,0.779315789,0.753,0.789842105,0.753,0.758052631
3106,1.915789474,1.900000001,1.931578948,1.821052632,1.873684211,1.847736843,1.884578948,1.868789474,1.884578948,1.858263159,1.86331579
3107,2.126315789,1.97368421,2.015789473,1.968421052,1.936842104,2.042473683,2.068789473,2.047736841,2.068789473,2.031947367,2.063315789
3108,1.431578947,1.489473683,1.34736842,1.484210526,1.431578947,1.384578947,1.421421052,1.395105262,1.416157894,1.389842105,1.41068421
3109,1.173684211,1.131578948,1.157894738,1.273684211,1.142105264,1.10563158,1.131947369,1.126684211,1.142473685,1.121421054,1.110684211
3110,1.684210526,1.636842105,1.668421052,1.705263157,1.636842105,1.616157894,1.647736841,1.62668421,1.642473684,1.616157894,1.61068421
3111,2.526315789,2.531578946,2.54736842,2.552631578,2.515789473,2.537210525,2.558263157,2.552999999,2.584578946,2.537210525,2.415947367
3112,2.242105263,2.152631579,2.163157894,2.157894737,2.131578947,2.216157894,2.247736842,2.231947368,2.247736842,2.216157894,2.158052631
3113,2.605263158,2.647368421,2.710526316,2.6,2.647368421,2.531947369,2.568789474,2.547736842,2.574052632,2.531947369,2.510684211
3114,1.673684211,1.584210527,1.615789475,1.621052633,1.594736843,1.663526317,1.689842106,1.668789475,1.689842106,1.658263159,1.652789475
3115,1.531578947,1.331578947,1.368421052,1.37368421,1.357894736,1.40036842,1.437210526,1.416157894,1.442473683,1.421421052,1.489631578
3116,1.9,1.826315789,1.947368421,1.847368421,1.878947368,1.874052632,1.895105263,1.874052632,1.905631579,1.868789474,1.905421053
3117,1.757894737,1.852631579,1.752631579,1.736842106,1.673684211,1.653,1.684578948,1.674052632,1.700368421,1.668789474,1.684368421
3118,2.747368421,2.721052631,2.678947368,2.6,2.731578947,2.674052631,2.710894737,2.684578947,2.716157895,2.674052631,2.684368421
3119,1.657894737,1.752631579,1.678947369,1.694736842,1.673684211,1.605631579,1.631947369,1.610894737,1.637210527,1.605631579,1.615947369
3120,1.857894737,1.784210527,1.747368421,1.747368421,1.7,1.800368421,1.842473685,1.816157895,1.842473685,1.816157895,1.800157895
3121,1.457894737,1.494736842,1.431578948,1.452631579,1.431578948,1.405631579,1.437210527,1.416157895,1.447736842,1.416157895,1.442263158
3122,1.947368421,1.889473684,1.984210526,1.842105263,1.905263158,1.879315789,1.921421053,1.916157895,1.937210526,1.905631579,1.947526316
3123,1.815789474,1.831578948,1.85263158,1.85263158,1.815789474,1.826684211,1.842473685,1.831947369,1.853000001,1.826684211,1.779105264
3124,2.463157895,2.347368422,2.347368422,2.405263158,2.410526316,2.37931579,2.421421053,2.410894737,2.431947369,2.395105264,2.342263158
3125,1.489473684,1.505263157,1.5,1.615789473,1.510526315,1.42668421,1.458263157,1.42668421,1.463526315,1.421421052,1.426473684
3126,0.984210526,0.994736841,1.04736842,1.005263157,0.994736841,0.974052631,1.005631578,0.979315789,1.010894736,0.974052631,0.900157894
3127,1.9,1.984210526,1.926315789,1.936842105,1.947368421,1.847736842,1.884578947,1.858263158,1.889842105,1.853,1.852789474
3128,2.163157895,2.078947369,2.142105264,2.178947369,2.115789474,2.110894737,2.147736843,2.116157895,2.137210527,2.110894737,2.110684211
3129,1.942105263,1.863157894,1.894736842,1.921052631,1.868421052,1.847736842,1.879315789,1.842473684,1.879315789,1.853,1.900157894
3130,2.563157895,2.489473685,2.584210527,2.594736843,2.505263158,2.505631579,2.537210527,2.510894737,2.542473685,2.505631579,2.531736843
3131,2.052631579,2.078947369,2.021052632,2.057894737,2.131578947,2.000368421,2.031947369,2.016157895,2.031947369,2.010894737,1.979105263
3132,1.894736842,1.810526316,1.705263158,1.721052631,1.715789473,1.805631579,1.847736842,1.816157895,1.847736842,1.82668421,1.815947368
3133,2.236842105,2.231578947,2.136842105,2.284210526,2.215789473,2.189842105,2.22668421,2.200368421,2.231947368,2.195105263,2.115947368
3134,1.931578947,1.921052631,1.836842105,1.836842105,1.899999999,1.879315789,1.916157894,1.884578947,1.905631578,1.895105262,1.879105262
3135,1.594736842,1.584210526,1.452631579,1.557894737,1.542105263,1.558263158,1.595105263,1.574052631,1.595105263,1.568789473,1.494894737
3136,1.905263158,1.747368421,1.789473684,1.678947369,1.752631579,1.853,1.87931579,1.868789474,1.884578948,1.863526316,1.831736842
3137,1.505263158,1.552631579,1.373684211,1.542105263,1.447368421,1.458263158,1.484578948,1.463526316,1.495105263,1.458263158,1.447526316
3138,1.810526316,1.752631579,1.752631579,1.768421053,1.805263158,1.731947369,1.763526316,1.742473685,1.774052632,1.737210527,1.76331579
3139,2.4,2.4,2.384210526,2.421052632,2.336842105,2.358263158,2.400368421,2.384578947,2.410894737,2.384578947,2.294894737
3140,1.415789474,1.442105264,1.431578948,1.484210527,1.478947369,1.363526316,1.400368422,1.368789474,1.416157895,1.37931579,1.284368422
3141,2.621052632,2.542105264,2.478947369,2.468421053,2.436842106,2.542473685,2.574052632,2.542473685,2.57931579,2.542473685,2.584368422
3142,2.552631579,2.489473684,2.415789474,2.468421053,2.515789474,2.463526316,2.500368421,2.468789474,2.510894737,2.463526316,2.442263158
3143,1.747368421,1.694736842,1.67368421,1.647368421,1.763157895,1.663526316,1.695105263,1.668789474,1.695105263,1.663526316,1.626473684
3144,1.794736842,1.815789473,1.868421052,1.836842105,1.821052631,1.716157895,1.737210526,1.716157895,1.747736842,1.710894737,1.742263158
3145,1.821052632,1.763157896,1.742105264,1.82631579,1.810526317,1.774052632,1.80563158,1.789842106,1.816157896,1.77931579,1.794894738
3146,2.368421053,2.336842106,2.32631579,2.300000001,2.263157895,2.300368422,2.331947369,2.310894738,2.326684211,2.295105264,2.284368422
3147,1.552631579,1.5,1.494736842,1.4,1.442105263,1.505631579,1.526684211,1.516157895,1.542473684,1.510894737,1.542263158
3148,2.115789474,2.147368422,2.168421053,2.063157895,2.194736843,2.110894737,2.131947369,2.116157895,2.137210527,2.110894737,2.015947369
3149,1.847368421,1.778947368,1.8,1.831578947,1.794736842,1.784578947,1.816157895,1.795105263,1.837210526,1.789842105,1.768578947
3150,1.463157895,1.500000001,1.500000001,1.494736843,1.421052632,1.395105264,1.431947369,1.400368422,1.437210527,1.400368422,1.442263158
3151,2.184210526,2.131578947,2.136842105,2.115789473,2.157894736,2.131947368,2.168789473,2.147736841,2.163526315,2.137210526,2.136999999
3152,2.094736842,2.026315789,1.994736842,2.163157895,2.1,1.995105263,2.031947368,2.005631579,2.031947368,2.005631579,2.042263158
3153,2.610526316,2.547368421,2.557894737,2.615789474,2.536842106,2.574052632,2.610894737,2.584578948,2.616157895,2.568789474,2.579105264
3154,1.884210526,1.826315789,1.842105263,1.826315789,1.87368421,1.837210526,1.863526315,1.852999999,1.868789473,1.831947368,1.747526315
3155,2.057894737,1.963157895,2.036842106,1.989473685,1.884210527,1.995105263,2.021421053,2.005631579,2.031947369,1.995105263,1.994894737
3156,2.005263158,2.005263158,1.905263158,2.031578948,2.094736842,1.900368421,1.931947369,1.916157895,1.942473684,1.916157895,1.921210527
3157,2.089473684,1.947368421,1.963157894,2.031578947,2,2.021421052,2.042473684,2.02668421,2.053,2.016157894,2.037
3158,1.863157895,1.715789474,1.868421053,1.721052632,1.773684211,1.747736843,1.789842106,1.763526316,1.789842106,1.763526316,1.826473685
3159,1.684210526,1.689473684,1.589473684,1.721052631,1.594736841,1.684578947,1.710894736,1.70036842,1.721421052,1.684578947,1.636999999
3160,1.205263158,1.294736842,1.236842105,1.405263158,1.294736842,1.137210527,1.168789474,1.158263158,1.174052632,1.153,1.131736842
3161,1.631578947,1.515789473,1.615789473,1.631578947,1.510526315,1.474052631,1.510894736,1.495105262,1.521421052,1.474052631,1.552789473
3162,3.026315789,2.952631578,2.999999999,3.031578946,3.031578946,3.031947367,3.063526315,3.042473683,3.063526315,3.02668421,2.936999999
3163,1.436842105,1.499999999,1.442105263,1.415789473,1.389473684,1.395105263,1.42668421,1.410894736,1.416157894,1.395105263,1.363315789
3164,2.547368421,2.605263158,2.605263158,2.615789474,2.526315789,2.458263158,2.484578947,2.458263158,2.489842105,2.458263158,2.526473684
3165,1.563157895,1.536842106,1.515789474,1.615789474,1.584210527,1.547736843,1.57931579,1.558263158,1.589842106,1.563526316,1.515947369
3166,1.584210526,1.468421052,1.531578947,1.378947368,1.568421052,1.52668421,1.563526315,1.537210526,1.563526315,1.537210526,1.489631578
3167,2.310526316,2.289473685,2.42631579,2.347368421,2.305263158,2.226684211,2.263526316,2.237210527,2.258263158,2.231947369,2.210684211
3168,2.405263158,2.357894737,2.368421053,2.378947369,2.278947369,2.321421053,2.363526316,2.331947369,2.353,2.326684211,2.337
3169,1.857894737,1.889473685,1.757894737,1.894736842,1.82631579,1.821421053,1.847736842,1.821421053,1.858263158,1.821421053,1.805421053
3170,1.757894737,1.721052632,1.715789474,1.694736842,1.72631579,1.668789474,1.700368421,1.684578948,1.705631579,1.67931579,1.715947369
3171,1.4,1.552631579,1.405263158,1.478947368,1.473684211,1.379315789,1.410894737,1.395105263,1.421421053,1.379315789,1.305421053
3172,1.4,1.252631579,1.236842105,1.257894737,1.231578947,1.305631579,1.326684211,1.321421053,1.347736842,1.316157895,1.321210526
3173,2.178947368,2.110526315,2.04736842,2.099999999,2.242105262,2.10036842,2.12668421,2.105631578,2.121421052,2.10036842,2.08436842
3174,0.863157895,0.884210527,0.805263158,0.773684211,0.657894737,0.837210527,0.863526316,0.842473685,0.858263158,0.826684211,0.805421053
3175,1.536842105,1.510526315,1.352631578,1.447368421,1.494736842,1.500368421,1.537210526,1.510894736,1.537210526,1.505631578,1.505421052
3176,1.089473684,0.957894736,0.957894736,0.936842105,0.926315789,0.968789473,0.995105263,0.984578947,1.000368421,0.974052631,1.01068421
3177,1.473684211,1.42631579,1.400000001,1.45263158,1.315789475,1.326684211,1.363526317,1.347736843,1.368789475,1.342473685,1.426473685
3178,2.352631579,2.294736842,2.284210526,2.310526316,2.384210526,2.358263158,2.395105263,2.358263158,2.389842105,2.358263158,2.273842105
3179,1.652631579,1.736842105,1.7,1.678947369,1.72631579,1.600368421,1.631947369,1.616157895,1.637210526,1.616157895,1.568578947
3180,2.247368421,2.284210526,2.2,2.157894737,2.247368421,2.210894737,2.247736842,2.221421053,2.258263158,2.216157895,2.163315789
3181,2.378947368,2.384210525,2.331578947,2.321052631,2.278947368,2.374052631,2.40036842,2.374052631,2.40036842,2.368789473,2.352789473
3182,2.415789474,2.342105264,2.321052632,2.305263159,2.25263158,2.400368422,2.426684211,2.40563158,2.426684211,2.389842106,2.36331579
3183,2.236842105,2.205263157,2.094736842,2.078947368,2.205263157,2.158263157,2.184578947,2.168789473,2.200368421,2.163526315,2.152789473
3184,2.026315789,2.110526315,2.089473683,2.057894736,2.057894736,1.92668421,1.958263157,1.937210525,1.963526315,1.947736841,1.926473683
3185,1.910526316,1.805263158,1.778947369,1.905263158,1.805263158,1.905631579,1.942473685,1.926684211,1.942473685,1.921421053,1.847526316
3186,1.1,1.173684211,1.152631579,1.2,1.152631579,1.042473684,1.063526316,1.047736842,1.079315789,1.042473684,1.026473684
3187,1.463157895,1.32631579,1.336842106,1.389473685,1.436842106,1.337210527,1.37931579,1.347736843,1.368789474,1.347736843,1.452789474
3188,1.094736842,1.221052631,1.163157895,1.221052631,1.1,1.042473684,1.079315789,1.047736842,1.074052631,1.053,1.026473684
3189,2.652631579,2.531578947,2.642105263,2.552631579,2.594736842,2.568789474,2.605631579,2.568789474,2.600368421,2.563526316,2.615947369
3190,2.052631579,2.136842105,2.163157895,2.052631579,2.042105263,2.005631579,2.053,2.037210526,2.047736842,2.016157895,2.021210526
3191,1.752631579,1.621052632,1.584210526,1.610526316,1.652631579,1.695105263,1.726684211,1.716157895,1.726684211,1.705631579,1.76331579
3192,1.331578947,1.378947368,1.289473683,1.315789473,1.289473683,1.295105262,1.321421052,1.30036842,1.331947368,1.305631578,1.194894736
3193,1.968421053,1.92631579,1.92631579,1.910526317,1.921052632,1.884578948,1.910894738,1.889842106,1.916157895,1.889842106,1.88963158
3194,3.168421053,3.173684211,3.142105264,3.110526317,3.105263159,3.068789474,3.100368422,3.07931579,3.110894738,3.07931579,3.084368422
3195,2.489473684,2.526315789,2.442105263,2.547368421,2.431578947,2.416157894,2.442473684,2.431947368,2.453,2.42668421,2.484368421
3196,1.115789474,1.031578948,1.063157895,1.010526316,1.089473685,1.10563158,1.142473685,1.110894737,1.147736843,1.110894737,1.084368422
3197,0.636842105,0.710526315,0.657894736,0.621052631,0.642105263,0.558263157,0.584578947,0.574052631,0.589842105,0.563526315,0.579105263
3198,1.852631579,1.768421053,1.915789474,1.852631579,1.82631579,1.77931579,1.810894737,1.77931579,1.816157895,1.77931579,1.815947369
3199,2.368421053,2.342105264,2.315789474,2.32631579,2.357894738,2.310894738,2.337210527,2.326684211,2.347736843,2.30563158,2.342263159
3200,1.405263158,1.347368421,1.363157895,1.336842105,1.363157895,1.353,1.374052632,1.353,1.37931579,1.347736842,1.400157895
3201,1.147368421,1.205263158,1.126315789,1.242105263,1.163157895,1.137210526,1.158263158,1.147736842,1.163526316,1.131947368,1.100157895
3202,1.189473684,1.178947368,1.057894736,1.168421052,1.210526315,1.095105263,1.12668421,1.105631579,1.131947368,1.105631579,1.163315789
3203,1.557894737,1.484210527,1.494736842,1.468421053,1.52631579,1.537210527,1.568789474,1.553,1.574052632,1.553,1.473842106
3204,2.326315789,2.305263157,2.242105262,2.342105262,2.252631578,2.263526315,2.305631578,2.279315789,2.30036842,2.279315789,2.268578946
3205,1.963157895,2.005263158,1.915789474,1.873684211,1.894736843,1.889842106,1.921421053,1.895105264,1.926684211,1.884578948,1.926473685
3206,1.915789474,2.005263159,1.963157895,1.973684211,1.92631579,1.884578948,1.910894737,1.87931579,1.916157895,1.874052632,1.837000001
3207,1.494736842,1.536842105,1.526315789,1.47368421,1.468421052,1.389842105,1.421421052,1.395105263,1.42668421,1.395105263,1.515947368
3208,2.031578947,1.999999999,2.089473683,2.042105262,1.994736841,1.979315789,2.005631578,1.984578947,2.005631578,1.968789473,1.952789473
3209,2.031578947,2.063157894,2.042105262,2.036842105,2.042105262,1.895105262,1.92668421,1.921421052,1.947736841,1.90036842,1.979105262
3210,1.452631579,1.568421053,1.494736842,1.478947369,1.473684211,1.416157895,1.453,1.426684211,1.453,1.426684211,1.442263158
3211,1.142105263,1.010526315,1.078947368,1.07368421,1.026315789,1.137210526,1.163526315,1.147736842,1.168789473,1.147736842,1.147526315
3212,1.857894737,1.815789474,1.842105263,1.821052632,1.7,1.805631579,1.842473685,1.821421053,1.842473685,1.805631579,1.805421053
3213,2.421052632,2.368421053,2.368421053,2.368421053,2.315789475,2.384578948,2.416157896,2.40563158,2.421421053,2.389842106,2.394894738
3214,1.584210526,1.615789473,1.605263157,1.515789473,1.531578947,1.489842105,1.521421052,1.505631578,1.531947368,1.495105263,1.536999999
3215,2.242105263,2.252631579,2.136842105,2.17368421,2.205263158,2.079315789,2.110894737,2.100368421,2.121421052,2.089842105,2.142263158
3216,2.468421053,2.563157895,2.468421053,2.531578948,2.35263158,2.474052632,2.50563158,2.489842106,2.50563158,2.489842106,2.379105264
3217,1.563157895,1.52631579,1.578947369,1.642105264,1.510526316,1.558263158,1.595105264,1.568789474,1.605631579,1.568789474,1.489631579
3218,2.073684211,2.005263159,1.994736843,2.078947369,2.02631579,1.989842106,2.016157896,1.984578948,2.016157896,1.989842106,1.979105264
3219,1.878947368,1.815789473,1.884210525,1.715789473,1.763157894,1.789842104,1.816157894,1.795105262,1.831947368,1.789842104,1.821210525
3220,1.963157895,1.910526316,1.994736843,2.052631579,1.889473685,1.900368422,1.937210527,1.921421053,1.937210527,1.910894737,1.900157895
3221,1.021052632,0.894736843,0.836842106,0.847368422,0.784210527,0.958263159,0.984578948,0.968789475,0.995105264,0.963526317,0.937000001
3222,2.394736842,2.384210526,2.426315789,2.321052631,2.394736842,2.316157895,2.353,2.331947368,2.358263158,2.316157895,2.305421052
3223,1.421052632,1.436842106,1.315789475,1.289473685,1.410526317,1.40563158,1.431947369,1.416157896,1.442473685,1.410894738,1.342263159
3224,1.810526316,1.721052632,1.831578948,1.72631579,1.684210527,1.742473685,1.768789474,1.758263158,1.784578948,1.753,1.737
3225,2.357894737,2.273684211,2.3,2.247368421,2.252631579,2.27931579,2.316157895,2.295105263,2.321421053,2.289842106,2.294894737
3226,1.478947368,1.321052631,1.294736841,1.394736841,1.289473683,1.442473683,1.463526315,1.458263157,1.474052631,1.442473683,1.436999999
3227,2.184210526,2.263157894,2.236842105,2.194736841,2.089473684,2.105631578,2.137210526,2.121421052,2.147736841,2.116157894,2.058052631
3228,1.142105263,1.215789473,1.189473684,1.189473684,1.184210526,1.063526315,1.095105263,1.074052631,1.105631579,1.063526315,1.100157894
3229,2.068421053,2.000000001,2.073684211,2.05263158,1.994736843,2.026684211,2.068789474,2.042473685,2.063526317,2.031947369,1.994894738
3230,2.621052632,2.568421053,2.594736843,2.594736843,2.547368422,2.547736843,2.568789475,2.553000001,2.57931579,2.542473685,2.56331579
3231,1.863157895,1.752631579,1.678947369,1.747368422,1.684210527,1.774052632,1.821421053,1.800368422,1.810894737,1.784578948,1.852789474
3232,2.6,2.563157895,2.610526316,2.615789474,2.652631579,2.516157895,2.547736842,2.531947368,2.553,2.521421053,2.589631579
3233,0.857894737,0.721052632,0.805263158,0.7,0.789473685,0.789842106,0.826684211,0.805631579,0.837210527,0.805631579,0.758052632
3234,2.136842105,2.110526315,2.147368421,2.131578947,2.047368421,2.042473684,2.079315789,2.047736842,2.084578947,2.042473684,2.084368421
3235,2.768421053,2.763157895,2.62631579,2.721052632,2.731578948,2.684578948,2.716157895,2.684578948,2.716157895,2.684578948,2.710684211
3236,1.305263158,1.294736842,1.194736842,1.236842105,1.373684211,1.289842105,1.331947369,1.305631579,1.326684211,1.300368421,1.26331579
3237,2.005263158,2.073684211,1.994736842,2.1,2.084210527,1.937210527,1.974052632,1.953,1.97931579,1.947736842,1.868578948
3238,1.515789474,1.494736843,1.442105264,1.478947369,1.505263159,1.374052632,1.40563158,1.389842106,1.421421053,1.37931579,1.452789474
3239,0.878947368,0.878947368,0.689473683,0.784210525,0.657894736,0.784578947,0.821421052,0.795105262,0.831947368,0.784578947,0.81068421
3240,1.163157895,1.115789474,1.163157895,1.163157895,1.084210527,1.053000001,1.095105264,1.074052632,1.105631579,1.063526316,1.031736843
3241,2.457894737,2.521052632,2.42631579,2.536842106,2.321052632,2.400368421,2.426684211,2.400368421,2.431947369,2.400368421,2.410684211
3242,2.342105263,2.363157894,2.210526315,2.315789473,2.27368421,2.32668421,2.342473684,2.331947368,2.353,2.321421052,2.279105263
3243,2.621052632,2.636842106,2.642105264,2.610526317,2.668421053,2.563526317,2.589842106,2.574052632,2.600368422,2.574052632,2.510684211
3244,1.657894737,1.557894737,1.505263158,1.647368421,1.62631579,1.605631579,1.642473685,1.616157895,1.647736842,1.600368421,1.600157895
3245,1.252631579,1.163157895,1.168421053,1.184210526,1.089473684,1.295105263,1.316157895,1.300368421,1.321421053,1.289842105,1.194894737
3246,0.857894737,0.8,0.763157895,0.905263158,0.773684211,0.753,0.795105263,0.774052632,0.800368421,0.77931579,0.758052632
3247,2.047368421,2.031578947,2.031578947,2.110526316,2.031578947,2.010894737,2.031947368,2.02668421,2.047736842,2.021421053,1.926473684
3248,2.021052632,1.942105264,1.92631579,1.910526317,1.973684211,1.937210527,1.968789475,1.942473685,1.974052632,1.942473685,1.96331579
3249,1.205263158,1.184210527,0.984210527,1.094736842,1.147368421,1.126684211,1.163526316,1.147736842,1.174052632,1.147736842,1.115947369
3250,1.731578947,1.757894736,1.821052631,1.863157894,1.789473683,1.637210526,1.674052631,1.652999999,1.684578947,1.658263157,1.663315789
3251,1.557894737,1.563157895,1.405263158,1.578947369,1.510526316,1.495105263,1.526684211,1.505631579,1.531947369,1.505631579,1.515947369
3252,1.278947368,1.342105262,1.284210525,1.289473683,1.205263157,1.263526315,1.289842104,1.268789473,1.30036842,1.263526315,1.158052631
3253,2,1.926315789,1.847368421,2.026315789,1.889473684,1.874052632,1.905631579,1.884578947,1.910894737,1.868789474,1.894894737
3254,2.352631579,2.342105263,2.284210526,2.242105263,2.278947369,2.237210526,2.268789474,2.242473684,2.268789474,2.237210526,2.294894737
3255,2.894736842,2.905263158,2.968421052,2.97368421,2.9,2.889842105,2.937210526,2.900368421,2.931947368,2.895105263,2.763315789
3256,1.047368421,1.147368421,1.057894737,1.163157895,1.015789474,0.968789474,0.995105263,0.979315789,1.005631579,0.968789474,0.994894737
3257,2.657894737,2.710526316,2.610526316,2.657894737,2.636842106,2.616157895,2.658263158,2.616157895,2.658263158,2.631947369,2.579105263
3258,1.757894737,1.72631579,1.752631579,1.668421053,1.715789474,1.721421053,1.747736842,1.737210527,1.768789474,1.737210527,1.705421053
3259,1.168421053,1.131578948,1.178947369,1.121052632,1.063157895,1.095105264,1.137210527,1.121421053,1.147736843,1.116157895,1.147526317
3260,1.589473684,1.536842105,1.663157894,1.626315789,1.589473684,1.579315789,1.610894736,1.584578947,1.610894736,1.579315789,1.51068421
3261,1.389473684,1.378947368,1.378947368,1.421052631,1.394736842,1.337210526,1.368789473,1.337210526,1.368789473,1.32668421,1.347526315
3262,1.8,1.752631579,1.768421053,1.836842105,1.742105263,1.731947368,1.763526316,1.737210526,1.774052632,1.742473684,1.721210526
3263,2.363157895,2.405263158,2.352631579,2.447368422,2.357894737,2.342473685,2.374052632,2.342473685,2.374052632,2.337210527,2.342263158
3264,1.884210526,1.926315789,1.87368421,1.915789473,1.810526315,1.816157894,1.847736841,1.831947368,1.842473684,1.82668421,1.889631578
3265,1.442105263,1.452631579,1.357894737,1.37368421,1.294736842,1.374052631,1.400368421,1.379315789,1.400368421,1.358263158,1.321210526
3266,3.326315789,3.352631578,3.242105262,3.278947367,3.294736841,3.274052631,3.310894736,3.289842104,3.310894736,3.279315789,3.252789473
3267,1.747368421,1.768421053,1.736842105,1.726315789,1.710526316,1.668789474,1.695105263,1.668789474,1.700368421,1.663526316,1.715947368
3268,1.763157895,1.652631579,1.657894737,1.72631579,1.673684211,1.695105264,1.731947369,1.716157895,1.731947369,1.700368422,1.700157895
3269,1.821052632,1.873684211,1.789473685,1.789473685,1.836842106,1.768789475,1.810894738,1.789842106,1.810894738,1.784578948,1.752789475
3270,2.152631579,2.052631579,1.989473684,2.084210526,2.021052632,2.100368421,2.137210526,2.110894737,2.137210526,2.105631579,2.079105263
3271,0.952631579,0.978947369,0.836842105,0.836842105,0.82631579,0.921421053,0.953,0.926684211,0.947736842,0.916157895,0.905421053
3272,2.431578947,2.515789473,2.468421052,2.531578947,2.494736841,2.331947368,2.363526315,2.342473683,2.374052631,2.337210526,2.38436842
3273,2.015789474,2.02631579,2.057894737,2.005263159,1.984210527,1.984578948,2.010894737,1.989842106,2.010894737,1.97931579,1.894894737
3274,2.657894737,2.652631579,2.747368421,2.694736842,2.684210527,2.600368421,2.637210527,2.616157895,2.642473685,2.610894737,2.56331579
3275,2.447368421,2.436842105,2.357894737,2.384210526,2.452631579,2.342473684,2.384578947,2.353,2.384578947,2.347736842,2.358052631
3276,2.331578947,2.236842105,2.299999999,2.210526315,2.305263157,2.221421052,2.247736841,2.216157894,2.258263157,2.231947368,2.305421052
3277,2.926315789,2.952631578,2.94736842,2.821052631,2.884210525,2.879315789,2.90036842,2.884578946,2.910894736,2.879315789,2.852789473
3278,1.405263158,1.342105263,1.410526316,1.289473684,1.257894737,1.342473684,1.368789474,1.363526316,1.384578948,1.353,1.373842105
3279,1.768421053,1.742105264,1.710526317,1.710526317,1.800000001,1.663526317,1.700368422,1.67931579,1.716157895,1.684578948,1.684368422
3280,1.584210526,1.552631578,1.510526315,1.578947368,1.499999999,1.52668421,1.563526315,1.542473684,1.563526315,1.531947368,1.51068421
3281,1.731578947,1.699999999,1.589473683,1.64736842,1.689473683,1.684578947,1.705631578,1.684578947,1.705631578,1.674052631,1.68436842
3282,1.110526316,1.036842106,1.068421053,1.047368421,0.994736843,1.063526316,1.095105264,1.074052632,1.095105264,1.074052632,1.010684211
3283,2.5,2.410526316,2.442105263,2.457894737,2.368421053,2.384578947,2.421421053,2.384578947,2.421421053,2.389842105,2.431736842
3284,1.447368421,1.315789474,1.210526316,1.242105263,1.294736842,1.368789474,1.400368421,1.368789474,1.405631579,1.363526316,1.400157895
3285,2.805263158,2.82631579,2.821052632,2.763157895,2.721052632,2.716157895,2.742473684,2.721421053,2.747736842,2.721421053,2.752789474
3286,2.068421053,2.089473685,2.068421053,2.015789474,2.036842106,2.000368422,2.037210527,2.010894738,2.047736843,2.016157895,2.037000001
3287,3.3,3.168421053,3.278947368,3.2,3.173684211,3.231947368,3.263526316,3.242473684,3.258263158,3.226684211,3.210684211
3288,2.136842105,2.163157894,2.152631578,2.131578947,2.152631578,2.116157894,2.142473684,2.116157894,2.142473684,2.131947368,2.073842105
3289,2.878947368,2.936842104,2.878947368,2.94736842,2.74736842,2.831947368,2.842473683,2.82668421,2.858263157,2.821421052,2.805421052
3290,2.210526316,2.084210527,2.157894737,2.105263158,2.073684211,2.126684211,2.163526316,2.153,2.174052632,2.147736843,2.158052632
3291,2.257894737,2.242105263,2.1,2.3,2.22631579,2.17931579,2.205631579,2.189842106,2.210894737,2.17931579,2.16331579
3292,2.521052632,2.478947369,2.478947369,2.531578948,2.431578948,2.437210527,2.458263159,2.442473685,2.474052632,2.431947369,2.437000001
3293,1.184210526,1.231578947,1.089473684,1.131578947,1.189473684,1.163526315,1.195105263,1.179315789,1.210894736,1.174052631,1.158052631
3294,2.136842105,2.126315789,2.157894736,1.989473684,2.068421052,2.052999999,2.089842105,2.074052631,2.100368421,2.063526315,2.11068421
3295,1.352631579,1.294736842,1.252631579,1.252631579,1.252631579,1.295105263,1.310894737,1.295105263,1.316157895,1.305631579,1.310684211
3296,1.573684211,1.52631579,1.589473685,1.563157896,1.536842106,1.526684211,1.553000001,1.537210527,1.568789475,1.542473685,1.521210527
3297,1.926315789,1.87368421,1.778947367,1.926315789,1.799999999,1.816157894,1.847736841,1.82668421,1.852999999,1.82668421,1.889631578
3298,2.084210526,2.07368421,2.07368421,2.094736841,2.057894736,2.021421052,2.052999999,2.037210526,2.063526315,2.037210526,2.042263157
3299,0.973684211,0.994736843,1.021052633,1.005263159,0.984210527,0.884578948,0.916157896,0.895105264,0.926684211,0.87931579,0.858052633
3300,1.868421053,1.82631579,1.815789474,1.768421053,1.736842106,1.831947369,1.874052632,1.853000001,1.87931579,1.847736843,1.800157895
3301,2.215789474,2.221052632,2.221052632,2.205263159,2.168421053,2.089842106,2.116157895,2.095105264,2.121421053,2.084578948,2.147526316
3302,1.378947368,1.357894736,1.310526315,1.405263157,1.336842104,1.252999999,1.289842104,1.263526315,1.279315789,1.263526315,1.315947368
3303,1.7,1.705263158,1.673684211,1.731578947,1.505263158,1.621421053,1.653,1.637210526,1.658263158,1.637210526,1.626473684
3304,1.557894737,1.494736842,1.52631579,1.473684211,1.563157895,1.489842106,1.537210527,1.505631579,1.526684211,1.489842106,1.473842106
3305,1.878947368,1.852631578,1.984210525,1.831578947,1.836842104,1.805631578,1.821421052,1.80036842,1.837210525,1.80036842,1.852789473
3306,2.710526316,2.615789474,2.605263158,2.684210527,2.62631579,2.689842106,2.721421053,2.695105264,2.716157895,2.684578948,2.689631579
3307,1.152631579,1.189473684,1.178947369,1.142105263,1.152631579,1.095105263,1.126684211,1.116157895,1.142473684,1.100368421,1.115947369
3308,1.915789474,1.968421053,1.989473685,2.015789474,1.984210527,1.821421053,1.863526316,1.831947369,1.858263159,1.831947369,1.884368422
3309,3.142105263,3.142105263,3.105263158,3.147368421,3.242105263,3.116157894,3.153,3.121421052,3.163526315,3.12668421,3.11068421
3310,1.884210526,1.931578947,1.97368421,1.910526315,1.863157894,1.863526315,1.889842105,1.863526315,1.90036842,1.868789473,1.821210526
3311,1.205263158,1.257894737,1.057894737,1.131578948,1.173684211,1.168789474,1.205631579,1.195105263,1.221421053,1.189842105,1.158052632
3312,1.010526316,1.052631579,1.02631579,0.936842106,0.889473685,0.984578948,1.021421053,1.000368421,1.016157895,0.995105264,0.979105264
3313,1.552631579,1.557894737,1.542105263,1.521052632,1.610526316,1.489842105,1.531947369,1.510894737,1.521421053,1.495105263,1.484368421
3314,1.615789474,1.668421053,1.747368422,1.700000001,1.72631579,1.521421053,1.553000001,1.531947369,1.547736843,1.521421053,1.558052632
3315,2.005263158,1.868421053,2.036842105,2,2,1.942473684,1.984578948,1.958263158,1.974052632,1.942473684,1.968578948
3316,1.110526316,1.052631579,1.094736843,1.036842106,1.121052632,1.063526316,1.100368421,1.074052632,1.095105264,1.074052632,1.021210527
3317,1.947368421,2.021052631,1.978947368,1.942105263,1.915789474,1.853,1.868789474,1.853,1.879315789,1.847736842,1.894894737
3318,1.989473684,1.968421052,1.984210526,1.915789473,2.005263157,1.863526315,1.900368421,1.868789473,1.900368421,1.868789473,1.894894736
3319,2.463157895,2.42631579,2.452631579,2.42631579,2.478947369,2.37931579,2.405631579,2.384578948,2.421421053,2.374052632,2.415947369
3320,3.126315789,3.094736841,2.957894736,3.094736841,3.099999999,3.079315789,3.110894736,3.095105262,3.116157894,3.079315789,3.08436842
3321,1.978947368,1.931578947,1.894736841,1.84736842,1.826315789,1.947736841,1.984578947,1.963526315,1.995105262,1.968789473,1.915947368
3322,2.068421053,2.000000001,1.92631579,1.931578948,1.968421053,2.010894738,2.047736843,2.026684211,2.047736843,2.031947369,2.068578948
3323,2.015789474,1.905263159,1.894736843,1.900000001,2.000000001,1.984578948,2.021421053,1.989842106,2.010894737,1.989842106,1.915947369
3324,2.184210526,2.189473684,2.14736842,2.115789473,2.021052631,2.147736841,2.189842105,2.168789473,2.189842105,2.158263157,2.131736841
3325,2.605263158,2.6,2.52631579,2.642105263,2.484210527,2.616157895,2.642473684,2.616157895,2.642473684,2.610894737,2.484368421
3326,1.778947368,1.74736842,1.699999999,1.74736842,1.705263157,1.689842104,1.721421052,1.705631578,1.731947368,1.689842104,1.747526315
3327,1.957894737,1.978947369,2.010526316,1.794736842,1.852631579,1.847736842,1.87931579,1.853,1.884578948,1.863526316,1.889631579
3328,1.994736842,2.042105263,2.042105263,2.015789473,1.963157895,1.963526316,1.995105263,1.963526316,1.995105263,1.968789473,1.931736842
3329,2.594736842,2.626315789,2.557894737,2.568421052,2.510526316,2.563526316,2.600368421,2.579315789,2.610894737,2.574052631,2.515947368
3330,1.852631579,1.752631579,1.794736842,1.831578947,1.794736842,1.77931579,1.821421053,1.789842105,1.826684211,1.795105263,1.810684211
3331,2.363157895,2.315789474,2.310526316,2.389473685,2.263157895,2.326684211,2.347736843,2.331947369,2.368789474,2.331947369,2.300157895
3332,1.7,1.668421053,1.742105263,1.568421053,1.631578947,1.605631579,1.642473684,1.631947368,1.653,1.610894737,1.615947368
3333,1.284210526,1.278947368,1.321052631,1.205263157,1.226315789,1.216157894,1.252999999,1.22668421,1.252999999,1.22668421,1.268578947
3334,1.068421053,1.021052632,1.094736843,1.173684211,1.121052632,0.963526317,0.995105264,0.984578948,1.000368422,0.968789474,0.984368422
3335,1.6,1.573684211,1.631578947,1.573684211,1.631578947,1.526684211,1.558263158,1.526684211,1.563526316,1.531947368,1.547526316
3336,1.347368421,1.289473684,1.205263158,1.263157895,1.305263158,1.274052631,1.300368421,1.279315789,1.310894737,1.279315789,1.321210526
3337,1.352631579,1.310526316,1.331578947,1.336842105,1.321052632,1.226684211,1.258263158,1.226684211,1.258263158,1.231947369,1.284368421
3338,1.705263158,1.689473684,1.647368421,1.631578948,1.694736842,1.600368421,1.642473684,1.616157895,1.637210527,1.610894737,1.673842105
3339,1.942105263,1.915789473,1.831578947,1.952631579,1.87368421,1.847736842,1.884578947,1.868789473,1.889842105,1.868789473,1.831736842
3340,2.021052632,2.021052632,2.000000001,2.068421053,1.978947369,1.937210527,1.97931579,1.947736843,1.989842106,1.953000001,1.937000001
3341,1.894736842,1.952631579,1.915789473,1.905263158,1.857894737,1.858263158,1.900368421,1.868789473,1.900368421,1.879315789,1.805421052
3342,2.268421053,2.236842106,2.294736843,2.336842106,2.242105264,2.253000001,2.268789474,2.253000001,2.274052632,2.247736843,2.247526317
3343,1.5,1.489473684,1.494736842,1.510526316,1.4,1.405631579,1.437210526,1.416157895,1.431947368,1.416157895,1.410684211
3344,2.668421053,2.631578948,2.62631579,2.615789474,2.663157895,2.631947369,2.668789474,2.642473685,2.674052632,2.637210527,2.610684211
3345,2.031578947,2.015789473,1.94736842,1.952631578,2.005263157,1.984578947,2.016157894,2.005631578,2.031947368,1.995105262,1.968578947
3346,1.831578947,1.794736841,1.799999999,1.721052631,1.742105262,1.784578947,1.816157894,1.795105262,1.82668421,1.784578947,1.715947368
3347,1.442105263,1.415789473,1.378947368,1.4,1.352631579,1.342473684,1.368789473,1.347736842,1.379315789,1.342473684,1.368578947
3348,1.636842105,1.610526315,1.621052631,1.557894736,1.578947368,1.584578947,1.616157894,1.600368421,1.62668421,1.584578947,1.594894736
3349,0.157894737,0.173684211,0.131578948,0.163157895,0.136842106,0.095105263,0.142473685,0.126684211,0.137210527,0.110894737,0.094894737
3350,1.605263158,1.568421053,1.457894737,1.489473684,1.563157895,1.505631579,1.531947369,1.505631579,1.526684211,1.505631579,1.531736842
3351,1.336842105,1.37368421,1.405263157,1.268421052,1.347368421,1.268789473,1.300368421,1.284578947,1.300368421,1.274052631,1.247526315
3352,2.421052632,2.442105264,2.363157896,2.42631579,2.463157896,2.342473685,2.368789475,2.353000001,2.384578948,2.347736843,2.384368422
3353,0.936842105,0.921052631,0.884210526,0.957894736,0.952631578,0.884578947,0.921421052,0.895105263,0.937210526,0.895105263,0.884368421
3354,0.447368421,0.494736842,0.468421053,0.568421053,0.442105263,0.316157895,0.342473684,0.321421053,0.353,0.32668421,0.373842105
3355,1.752631579,1.710526316,1.657894737,1.615789474,1.652631579,1.674052632,1.705631579,1.684578947,1.710894737,1.67931579,1.658052632
3356,2.594736842,2.689473684,2.647368421,2.626315789,2.510526316,2.574052631,2.610894737,2.584578947,2.621421052,2.563526316,2.579105263
3357,1.826315789,1.810526315,1.768421052,1.794736841,1.789473683,1.72668421,1.763526315,1.737210525,1.774052631,1.742473683,1.800157894
3358,1.094736842,1.115789473,0.994736842,1.031578947,1.089473684,0.979315789,1.005631579,0.989842105,1.021421052,0.984578947,1.084368421
3359,2.363157895,2.273684211,2.352631579,2.342105264,2.310526316,2.347736843,2.389842106,2.358263158,2.395105264,2.347736843,2.326473685
3360,2.305263158,2.378947369,2.384210527,2.321052632,2.394736842,2.27931579,2.305631579,2.289842105,2.310894737,2.27931579,2.221210527
3361,0.842105263,0.847368421,0.757894737,0.784210526,0.752631579,0.768789473,0.805631579,0.779315789,0.810894737,0.774052631,0.758052631
3362,1.936842105,1.815789473,1.768421052,1.826315789,1.821052631,1.874052631,1.905631578,1.874052631,1.910894736,1.868789473,1.91068421
3363,1.915789474,1.82631579,1.884210527,1.936842106,1.968421053,1.821421053,1.847736843,1.821421053,1.853000001,1.842473685,1.768578948
3364,1.1,1.131578947,1.2,1.126315789,1.078947368,1.031947368,1.058263158,1.042473684,1.079315789,1.037210526,1.005421053
3365,1.768421053,1.663157895,1.589473685,1.568421053,1.731578948,1.684578948,1.70563158,1.695105264,1.721421053,1.689842106,1.66331579
3366,2.205263158,2.478947369,2.3,2.347368421,2.273684211,2.142473684,2.174052632,2.147736842,2.17931579,2.147736842,2.137
3367,1.352631579,1.378947369,1.32631579,1.215789474,1.215789474,1.316157895,1.347736842,1.316157895,1.342473684,1.310894737,1.337
3368,2.515789474,2.573684211,2.505263159,2.442105264,2.52631579,2.463526316,2.50563158,2.47931579,2.500368422,2.468789474,2.479105264
3369,2.194736842,2.131578947,2.021052631,2.07368421,1.931578947,2.158263158,2.179315789,2.163526316,2.184578947,2.158263158,2.168578947
3370,1.336842105,1.199999999,1.399999999,1.357894736,1.389473684,1.231947368,1.263526315,1.237210526,1.268789473,1.231947368,1.289631578
3371,2.552631579,2.631578947,2.642105263,2.62631579,2.631578947,2.537210526,2.563526316,2.553,2.574052632,2.531947369,2.494894737
3372,2.310526316,2.352631579,2.257894737,2.247368421,2.32631579,2.284578948,2.321421053,2.284578948,2.321421053,2.284578948,2.237
3373,2.157894737,2.157894737,2.252631579,2.210526316,2.121052632,2.153,2.17931579,2.163526316,2.184578948,2.147736842,2.110684211
3374,1.536842105,1.578947368,1.378947368,1.431578947,1.368421052,1.474052631,1.495105263,1.474052631,1.505631578,1.484578947,1.41068421
3375,2.363157895,2.573684211,2.442105264,2.347368422,2.484210527,2.316157895,2.358263158,2.331947369,2.353000001,2.331947369,2.337000001
3376,0.557894737,0.531578948,0.557894737,0.515789474,0.473684211,0.47931579,0.510894737,0.489842106,0.521421053,0.484578948,0.526473685
3377,2.110526316,2.036842106,2.084210527,2.047368421,2.042105264,2.037210527,2.063526316,2.047736843,2.07931579,2.047736843,2.015947369
3378,2.221052632,2.257894738,2.247368422,2.321052632,2.321052632,2.184578948,2.226684211,2.200368422,2.231947369,2.200368422,2.121210527
3379,1.9,1.926315789,1.821052632,1.794736842,1.726315789,1.874052632,1.905631579,1.895105263,1.921421053,1.884578947,1.863315789
3380,2.121052632,2.115789475,2.242105264,2.178947369,2.178947369,2.100368422,2.126684211,2.100368422,2.126684211,2.10563158,2.058052632
3381,1.984210526,2.115789473,1.978947368,1.994736841,2.021052631,1.942473684,1.984578947,1.952999999,1.989842105,1.937210526,1.91068421
3382,2.521052632,2.547368422,2.536842106,2.557894738,2.489473685,2.47931579,2.500368422,2.484578948,2.50563158,2.463526317,2.494894738
3383,2.1,2.173684211,2.063157895,2.131578947,2.1,1.989842105,2.021421053,2.000368421,2.026684211,2.000368421,2.021210526
3384,2.126315789,2.115789473,2.078947367,2.221052631,2.04736842,2.068789473,2.105631578,2.089842104,2.110894736,2.074052631,2.08436842
3385,1.942105263,2.047368421,1.936842105,1.921052631,1.926315789,1.868789473,1.900368421,1.874052631,1.895105263,1.874052631,1.847526315
3386,2.410526316,2.468421053,2.473684211,2.531578948,2.542105264,2.347736843,2.37931579,2.358263158,2.395105264,2.353,2.337
3387,1.568421053,1.536842106,1.384210527,1.521052632,1.478947369,1.510894738,1.542473685,1.526684211,1.558263159,1.516157895,1.505421053
3388,1.236842105,1.321052631,1.199999999,1.310526315,1.27368421,1.179315789,1.221421052,1.195105263,1.216157894,1.200368421,1.147526315
3389,2.373684211,2.268421054,2.273684211,2.257894738,2.289473685,2.268789475,2.310894738,2.289842106,2.321421054,2.27931579,2.273842106
3390,2.594736842,2.5,2.431578947,2.431578947,2.547368421,2.52668421,2.568789473,2.531947368,2.558263158,2.531947368,2.494894737
3391,1.531578947,1.499999999,1.410526315,1.621052631,1.584210526,1.484578947,1.50036842,1.484578947,1.510894736,1.474052631,1.479105262
3392,2.142105263,2.110526315,2.157894737,2.110526315,2.184210526,2.068789473,2.110894737,2.089842105,2.110894737,2.079315789,2.089631579
3393,2.510526316,2.552631579,2.536842106,2.505263158,2.484210527,2.426684211,2.474052632,2.447736843,2.474052632,2.442473685,2.437
3394,3.252631579,3.205263158,3.142105263,3.22631579,3.215789474,3.184578947,3.205631579,3.195105263,3.226684211,3.184578947,3.173842105
3395,2.263157895,2.368421053,2.32631579,2.273684211,2.273684211,2.174052632,2.205631579,2.189842106,2.221421053,2.184578948,2.205421053
3396,2.215789474,2.205263159,2.142105264,2.110526316,2.094736843,2.226684211,2.27931579,2.242473685,2.274052632,2.237210527,2.100157895
3397,0.773684211,0.800000001,0.784210527,0.894736843,0.721052633,0.726684211,0.758263159,0.737210527,0.763526317,0.731947369,0.694894738
3398,1.847368421,1.831578947,1.810526316,1.805263158,1.878947368,1.784578947,1.821421053,1.795105263,1.821421053,1.779315789,1.721210526
3399,2.021052632,1.931578948,2.000000001,1.92631579,1.984210527,1.953000001,1.974052632,1.968789475,1.995105264,1.963526317,1.96331579
3400,2.131578947,2.14736842,2.121052631,2.094736841,2.126315789,2.037210526,2.084578947,2.052999999,2.089842105,2.037210526,2.026473683
3401,0.984210526,0.894736841,0.952631578,0.884210526,0.957894736,0.884578947,0.916157894,0.90036842,0.916157894,0.895105263,0.921210526
3402,1.173684211,1.078947369,1.163157896,1.157894738,1.147368422,1.089842106,1.131947369,1.100368422,1.121421054,1.095105264,1.079105264
3403,1.510526316,1.531578948,1.52631579,1.463157895,1.452631579,1.442473685,1.468789474,1.458263158,1.47931579,1.453,1.405421053
3404,1.036842105,0.984210526,1.015789473,0.921052631,0.97368421,0.92668421,0.958263157,0.931947368,0.968789473,0.931947368,0.968578947
3405,1.942105263,1.842105263,1.889473684,1.936842105,1.842105263,1.884578947,1.921421052,1.900368421,1.937210526,1.895105263,1.905421052
3406,2.473684211,2.55263158,2.505263159,2.563157896,2.489473685,2.458263159,2.489842106,2.463526317,2.495105264,2.458263159,2.421210527
3407,1.436842105,1.599999999,1.426315789,1.505263157,1.452631578,1.321421052,1.358263157,1.342473684,1.358263157,1.32668421,1.421210526
3408,1.1,1.105263158,1.094736842,1.136842105,1.121052632,1.026684211,1.063526316,1.037210526,1.068789474,1.037210526,1.042263158
3409,2.026315789,1.931578946,1.863157894,1.984210525,1.899999999,1.984578946,2.02668421,2.005631578,2.02668421,1.995105262,1.979105262
3410,0.773684211,0.789473685,0.763157896,0.805263159,0.763157896,0.747736843,0.774052633,0.753000001,0.774052633,0.753000001,0.773842106
3411,1.636842105,1.568421052,1.594736842,1.642105263,1.515789473,1.579315789,1.610894736,1.589842105,1.621421052,1.595105263,1.589631578
3412,2.815789474,2.910526316,2.805263159,2.82631579,2.810526316,2.784578948,2.810894737,2.800368422,2.810894737,2.77931579,2.758052632
3413,2.115789474,2.089473685,1.95263158,1.947368422,1.984210527,2.074052632,2.100368422,2.074052632,2.110894737,2.063526316,2.068578948
3414,2.294736842,2.289473684,2.326315789,2.305263158,2.247368421,2.242473684,2.263526316,2.258263158,2.284578947,2.242473684,2.247526316
3415,2.963157895,2.873684211,2.836842106,2.857894737,2.884210527,2.926684211,2.968789474,2.931947369,2.968789474,2.931947369,2.873842106
3416,2.184210526,2.089473684,2.136842105,2.121052631,2.152631578,2.137210526,2.174052631,2.147736841,2.179315789,2.142473684,2.100157894
3417,1.8,1.647368421,1.747368421,1.726315789,1.705263158,1.763526316,1.789842105,1.758263158,1.795105263,1.758263158,1.715947368
3418,1.731578947,1.826315789,1.721052631,1.668421052,1.721052631,1.642473683,1.663526315,1.647736841,1.679315789,1.647736841,1.679105262
3419,1.505263158,1.563157895,1.463157895,1.394736842,1.42631579,1.489842105,1.510894737,1.489842105,1.521421053,1.484578948,1.447526316
3420,1.221052632,1.294736843,1.247368422,1.200000001,1.200000001,1.063526317,1.089842106,1.07931579,1.089842106,1.07931579,1.142263159
3421,2.357894737,2.289473685,2.305263158,2.247368421,2.263157895,2.300368421,2.331947369,2.310894737,2.331947369,2.305631579,2.279105263
3422,1.942105263,1.978947368,2.010526315,2.021052631,2.094736842,1.889842105,1.910894737,1.884578947,1.921421052,1.889842105,1.900157894
3423,1.615789474,1.568421053,1.45263158,1.500000001,1.484210527,1.616157895,1.647736843,1.621421053,1.647736843,1.616157895,1.537000001
3424,2.178947368,2.221052631,2.236842104,2.115789473,2.163157894,2.068789473,2.105631578,2.089842104,2.121421052,2.084578947,2.142263157
3425,1.568421053,1.563157895,1.515789474,1.621052632,1.594736843,1.526684211,1.553000001,1.537210527,1.563526317,1.531947369,1.48963158
3426,2.805263158,2.773684211,2.689473684,2.673684211,2.721052632,2.763526316,2.77931579,2.758263158,2.789842105,2.753,2.747526316
3427,1.710526316,1.589473685,1.784210527,1.7,1.710526316,1.653,1.689842106,1.668789474,1.695105264,1.663526316,1.642263158
3428,0.847368421,0.821052631,0.868421053,0.9,0.8,0.816157895,0.842473684,0.82668421,0.842473684,0.816157895,0.789631579
3429,2.321052632,2.257894738,2.221052632,2.294736843,2.194736843,2.274052632,2.310894738,2.284578948,2.321421053,2.284578948,2.273842106
3430,1.484210526,1.489473684,1.415789473,1.489473684,1.442105263,1.421421052,1.442473684,1.42668421,1.447736841,1.410894736,1.447526315
3431,1.584210526,1.636842105,1.636842105,1.663157894,1.594736841,1.574052631,1.605631578,1.584578947,1.610894736,1.579315789,1.547526315
3432,0.826315789,0.852631578,0.736842104,0.805263157,0.694736841,0.763526315,0.795105262,0.779315789,0.80036842,0.763526315,0.731736841
3433,1.505263158,1.421052632,1.473684211,1.436842105,1.368421053,1.463526316,1.489842105,1.468789474,1.495105263,1.468789474,1.447526316
3434,1.410526316,1.384210527,1.352631579,1.321052632,1.305263158,1.300368421,1.321421053,1.310894737,1.326684211,1.289842106,1.347526316
3435,2.257894737,2.236842106,2.2,2.221052632,2.221052632,2.184578948,2.221421053,2.195105263,2.210894737,2.189842106,2.173842106
3436,1.805263158,1.736842105,1.736842105,1.821052632,1.8,1.763526316,1.795105263,1.763526316,1.795105263,1.758263158,1.705421053
3437,1.605263158,1.615789474,1.62631579,1.636842105,1.605263158,1.537210527,1.574052632,1.542473684,1.57931579,1.542473684,1.531736842
3438,2.110526316,2.22631579,2.178947369,2.163157895,2.136842106,2.058263158,2.089842106,2.068789474,2.095105264,2.063526316,2.06331579
3439,1.594736842,1.557894737,1.552631579,1.610526316,1.605263158,1.574052631,1.595105263,1.584578947,1.621421052,1.579315789,1.589631579
3440,1.852631579,1.763157895,1.72631579,1.72631579,1.810526316,1.800368421,1.821421053,1.795105263,1.821421053,1.795105263,1.773842105
3441,1.578947368,1.67368421,1.67368421,1.652631578,1.689473683,1.542473683,1.563526315,1.547736841,1.574052631,1.537210525,1.447526315
3442,2.515789474,2.400000001,2.373684211,2.521052632,2.415789474,2.489842106,2.500368422,2.489842106,2.510894737,2.474052632,2.421210527
3443,2.057894737,2.015789474,2.02631579,1.963157895,1.994736842,2.026684211,2.047736842,2.026684211,2.058263158,2.021421053,1.984368421
3444,0.868421053,0.821052632,0.894736843,0.85263158,0.868421053,0.826684211,0.847736843,0.826684211,0.858263159,0.831947369,0.837000001
3445,2.057894737,2.105263158,2.1,2.047368421,2.110526316,2.047736842,2.089842106,2.074052632,2.095105263,2.063526316,1.973842106
3446,1.694736842,1.7,1.684210526,1.736842105,1.668421052,1.637210526,1.658263158,1.642473684,1.663526316,1.642473684,1.600157895
3447,2,2.094736842,2.073684211,2.047368421,2.084210526,1.974052632,1.995105263,1.974052632,1.995105263,1.968789474,1.984368421
3448,2.105263158,2.031578948,2.052631579,2,1.989473684,2.089842105,2.116157895,2.095105263,2.126684211,2.095105263,2.042263158
3449,2.247368421,2.189473684,2.152631579,2.247368421,2.089473684,2.200368421,2.22668421,2.205631579,2.237210526,2.205631579,2.194894737
3450,2.294736842,2.310526316,2.247368421,2.37368421,2.252631579,2.310894737,2.347736842,2.321421052,2.347736842,2.321421052,2.247526316
3451,1.284210526,1.310526315,1.231578947,1.226315789,1.326315789,1.184578947,1.22668421,1.189842105,1.231947368,1.195105263,1.215947368
3452,2.642105263,2.594736842,2.415789473,2.5,2.578947368,2.605631579,2.647736842,2.62668421,2.653,2.621421052,2.542263158
3453,1.347368421,1.236842105,1.336842105,1.310526316,1.252631579,1.279315789,1.316157895,1.295105263,1.316157895,1.295105263,1.279105263
3454,2.173684211,2.115789475,2.100000001,2.273684211,2.147368422,2.084578948,2.110894738,2.089842106,2.116157896,2.074052633,2.152789475
3455,1.773684211,1.689473685,1.705263159,1.75263158,1.668421054,1.710894738,1.747736843,1.726684211,1.753000001,1.721421054,1.637000001
3456,0.8,0.7,0.726315789,0.705263158,0.815789474,0.721421053,0.758263158,0.742473684,0.768789474,0.726684211,0.784368421
3457,1.721052632,1.768421053,1.657894738,1.778947369,1.584210527,1.631947369,1.658263159,1.642473685,1.67931579,1.642473685,1.610684211
3458,1.631578947,1.484210526,1.426315789,1.521052631,1.510526315,1.521421052,1.542473683,1.52668421,1.568789473,1.52668421,1.552789473
3459,2.094736842,1.978947368,1.942105263,1.952631579,2.015789473,2.037210526,2.063526316,2.042473684,2.068789473,2.042473684,2.089631579
3460,2.521052632,2.589473685,2.610526317,2.568421053,2.621052632,2.431947369,2.474052632,2.453000001,2.474052632,2.447736843,2.505421053
3461,0.931578947,0.999999999,0.968421052,0.963157894,0.984210526,0.92668421,0.947736841,0.931947368,0.958263157,0.92668421,0.889631578
3462,2.015789474,2.000000001,2.000000001,2.02631579,1.936842106,2.010894737,2.037210527,2.00563158,2.047736843,2.016157895,1.937000001
3463,1.405263158,1.421052632,1.368421053,1.42631579,1.494736842,1.389842105,1.421421053,1.389842105,1.426684211,1.389842105,1.300157895
3464,2.373684211,2.310526317,2.305263159,2.457894738,2.336842106,2.263526317,2.300368422,2.284578948,2.30563158,2.27931579,2.373842106
3465,1.352631579,1.342105263,1.268421053,1.305263158,1.378947369,1.274052632,1.300368421,1.284578947,1.305631579,1.268789474,1.305421053
3466,1.442105263,1.421052631,1.442105263,1.326315789,1.352631579,1.421421052,1.458263158,1.437210526,1.458263158,1.437210526,1.400157894
3467,2.257894737,2.252631579,2.273684211,2.242105263,2.336842106,2.195105263,2.231947369,2.210894737,2.242473685,2.210894737,2.16331579
3468,1.315789474,1.210526316,1.100000001,1.178947369,1.12631579,1.268789474,1.300368422,1.274052632,1.310894737,1.268789474,1.237000001
3469,1.668421053,1.573684211,1.594736843,1.694736843,1.594736843,1.595105264,1.626684211,1.616157895,1.626684211,1.60563158,1.626473685
3470,1.931578947,1.931578947,1.857894736,1.857894736,1.905263157,1.837210526,1.874052631,1.863526315,1.895105262,1.852999999,1.847526315
3471,1.894736842,1.884210526,1.821052631,1.831578947,1.826315789,1.789842105,1.831947368,1.800368421,1.82668421,1.810894737,1.837
3472,1.726315789,1.852631578,1.784210525,1.77368421,1.736842104,1.710894736,1.742473683,1.72668421,1.742473683,1.716157894,1.679105262
3473,1.778947368,1.789473683,1.731578947,1.784210525,1.768421052,1.731947368,1.768789473,1.742473683,1.768789473,1.752999999,1.700157894
3474,2.131578947,1.994736841,1.989473683,2.089473683,1.978947368,2.137210526,2.152999999,2.142473683,2.179315789,2.131947368,2.089631578
3475,2.189473684,2.105263157,2.136842105,2.147368421,2.110526315,2.142473684,2.163526315,2.142473684,2.168789473,2.142473684,2.058052631
3476,1.910526316,1.868421053,1.773684211,1.952631579,1.821052632,1.863526316,1.889842106,1.87931579,1.900368421,1.868789474,1.821210527
3477,1.668421053,1.578947369,1.589473685,1.547368422,1.678947369,1.547736843,1.589842106,1.568789474,1.574052632,1.558263159,1.626473685
3478,1.057894737,1.031578948,0.936842106,1.047368421,1.010526316,0.968789474,1.010894737,0.984578948,1.005631579,0.989842106,0.989631579
3479,2.147368421,2.157894737,2.178947368,2.136842105,2.142105263,2.121421053,2.153,2.12668421,2.147736842,2.131947368,2.152789474
3480,2.568421053,2.55263158,2.468421053,2.378947369,2.431578948,2.489842106,2.526684211,2.500368422,2.521421053,2.495105264,2.473842106
3481,1.557894737,1.478947369,1.52631579,1.515789474,1.563157895,1.484578948,1.505631579,1.489842106,1.526684211,1.484578948,1.426473685
3482,2.421052632,2.378947369,2.368421053,2.342105264,2.32631579,2.368789475,2.389842106,2.368789475,2.37931579,2.353000001,2.342263159
3483,2.478947368,2.515789473,2.499999999,2.484210525,2.410526315,2.42668421,2.452999999,2.431947368,2.447736841,2.421421052,2.447526315
3484,1.231578947,1.178947368,1.199999999,1.268421052,1.215789473,1.137210526,1.174052631,1.147736841,1.179315789,1.142473683,1.205421052
3485,2.189473684,2.252631579,2.110526315,2.315789473,2.131578947,2.131947368,2.163526315,2.131947368,2.168789473,2.142473684,2.115947368
3486,1.273684211,1.268421054,1.178947369,1.242105264,1.221052633,1.231947369,1.268789475,1.247736843,1.284578948,1.253000001,1.194894738
3487,1.815789474,1.784210527,1.842105264,1.694736843,1.800000001,1.742473685,1.774052632,1.753000001,1.774052632,1.737210527,1.752789474
3488,2.610526316,2.610526316,2.610526316,2.689473685,2.610526316,2.563526316,2.610894737,2.584578948,2.610894737,2.57931579,2.568578948
3489,1.547368421,1.589473684,1.657894737,1.531578947,1.494736842,1.479315789,1.510894737,1.495105263,1.516157895,1.489842105,1.437
3490,2.005263158,1.989473684,2.005263158,1.963157895,2.015789474,1.97931579,2.021421053,1.995105263,2.021421053,1.984578948,1.937
3491,1.552631579,1.610526316,1.6,1.589473684,1.415789474,1.431947369,1.468789474,1.453,1.474052632,1.447736842,1.505421053
3492,2.473684211,2.515789475,2.45263158,2.463157896,2.431578948,2.395105264,2.431947369,2.410894738,2.431947369,2.400368422,2.46331579
3493,1.168421053,1.115789474,1.105263159,1.05263158,1.131578948,1.10563158,1.126684211,1.116157895,1.142473685,1.10563158,1.08963158
3494,1.668421053,1.52631579,1.62631579,1.584210527,1.689473685,1.689842106,1.731947369,1.70563158,1.742473685,1.700368422,1.584368422
3495,1.452631579,1.415789474,1.352631579,1.389473684,1.32631579,1.358263158,1.389842105,1.368789474,1.395105263,1.368789474,1.389631579
3496,1.705263158,1.868421053,1.773684211,1.752631579,1.810526316,1.626684211,1.668789474,1.631947369,1.67931579,1.642473684,1.610684211
3497,1.657894737,1.62631579,1.568421053,1.615789474,1.363157895,1.595105263,1.631947369,1.605631579,1.637210527,1.605631579,1.558052632
3498,2.084210526,2.110526315,2.031578947,1.984210526,2.126315789,2.058263157,2.089842105,2.074052631,2.10036842,2.068789473,2.063315789
3499,1.405263158,1.457894737,1.384210527,1.421052632,1.357894737,1.305631579,1.337210527,1.316157895,1.347736842,1.305631579,1.394894737
3500,1.405263158,1.457894737,1.268421053,1.321052632,1.305263158,1.295105263,1.331947369,1.310894737,1.347736842,1.300368421,1.447526316
3501,1.242105263,1.331578947,1.247368421,1.189473684,1.226315789,1.174052631,1.205631579,1.168789473,1.205631579,1.184578947,1.242263158
3502,1.557894737,1.52631579,1.484210527,1.442105263,1.605263158,1.510894737,1.537210527,1.526684211,1.547736842,1.510894737,1.46331579
3503,2.357894737,2.357894737,2.315789474,2.32631579,2.289473685,2.284578948,2.316157895,2.295105263,2.321421053,2.289842106,2.310684211
3504,2.889473684,2.957894736,2.994736842,2.936842105,2.968421052,2.795105263,2.831947368,2.810894736,2.837210526,2.805631579,2.789631579
3505,1.447368421,1.431578947,1.494736842,1.347368421,1.384210526,1.368789474,1.410894737,1.379315789,1.410894737,1.368789474,1.442263158
3506,0.463157895,0.42631579,0.321052632,0.363157895,0.294736843,0.384578948,0.416157895,0.389842106,0.426684211,0.389842106,0.405421053
3507,2.063157895,2.021052632,1.963157895,1.952631579,1.963157895,1.937210527,1.97931579,1.963526316,1.984578948,1.958263158,1.989631579
3508,2.189473684,2.189473684,2.257894736,2.036842105,2.07368421,2.142473684,2.184578947,2.163526315,2.184578947,2.153,2.089631579
3509,1.978947368,1.942105262,1.810526315,1.784210525,1.77368421,1.852999999,1.874052631,1.863526315,1.895105262,1.847736841,1.979105262
3510,1.610526316,1.62631579,1.542105264,1.589473685,1.552631579,1.526684211,1.563526316,1.537210527,1.568789474,1.531947369,1.531736843
3511,2.552631579,2.510526316,2.536842105,2.473684211,2.478947369,2.542473684,2.553,2.547736842,2.568789474,2.537210526,2.473842105
3512,2.105263158,2.02631579,2.073684211,2.136842105,2.194736842,2.047736842,2.084578948,2.074052632,2.089842105,2.063526316,2.042263158
3513,1.478947368,1.505263157,1.494736841,1.34736842,1.426315789,1.416157894,1.447736841,1.416157894,1.442473683,1.421421052,1.405421052
3514,1.773684211,1.742105264,1.742105264,1.642105264,1.678947369,1.710894738,1.747736843,1.731947369,1.753000001,1.721421054,1.694894738
3515,1.347368421,1.347368421,1.347368421,1.331578947,1.352631579,1.274052631,1.321421053,1.295105263,1.321421053,1.284578947,1.294894737
3516,1.905263158,1.942105263,1.857894737,1.984210527,1.847368421,1.805631579,1.837210527,1.816157895,1.863526316,1.826684211,1.821210527
3517,2.294736842,2.157894737,2.278947368,2.263157895,2.289473684,2.216157895,2.247736842,2.221421052,2.258263158,2.221421052,2.205421052
3518,1.763157895,1.763157895,1.736842106,1.673684211,1.794736843,1.705631579,1.742473685,1.716157895,1.742473685,1.721421053,1.715947369
3519,2.284210526,2.357894736,2.27368421,2.368421052,2.37368421,2.184578947,2.210894736,2.195105263,2.216157894,2.184578947,2.226473684
3520,1.431578947,1.410526315,1.37368421,1.315789473,1.27368421,1.40036842,1.437210526,1.405631578,1.42668421,1.395105262,1.373842105
3521,0.626315789,0.752631578,0.74736842,0.689473683,0.657894736,0.558263157,0.568789473,0.558263157,0.584578946,0.558263157,0.58436842
3522,2.394736842,2.378947368,2.389473684,2.384210526,2.321052631,2.358263158,2.395105263,2.363526316,2.389842105,2.363526316,2.321210526
3523,2.694736842,2.742105263,2.705263158,2.842105263,2.678947368,2.637210526,2.684578947,2.658263158,2.679315789,2.663526316,2.637
3524,1.842105263,2.015789473,1.894736842,1.968421052,2.084210526,1.805631579,1.837210526,1.821421052,1.842473684,1.816157894,1.789631579
3525,1.968421053,1.763157895,1.768421053,1.831578948,1.842105264,1.916157895,1.958263159,1.926684211,1.958263159,1.931947369,1.884368422
3526,2.394736842,2.3,2.436842105,2.278947368,2.331578947,2.379315789,2.421421052,2.384578947,2.416157895,2.384578947,2.373842105
3527,1.973684211,2.047368422,1.968421054,1.957894738,1.978947369,1.931947369,1.953000001,1.937210527,1.968789475,1.937210527,1.847526317
3528,2.252631579,2.289473684,2.310526316,2.178947369,2.321052632,2.231947369,2.258263158,2.231947369,2.263526316,2.237210526,2.194894737
3529,0.973684211,1.063157896,1.015789475,0.847368422,0.900000001,0.931947369,0.97931579,0.958263159,0.97931579,0.942473685,0.873842106
3530,1.136842105,1.121052631,1.068421052,1.152631578,1.057894736,1.042473684,1.074052631,1.047736842,1.079315789,1.052999999,1.052789473
3531,2.2,2.242105263,2.057894737,2.157894737,2.105263158,2.131947368,2.168789474,2.142473684,2.168789474,2.137210526,2.121210526
3532,1.763157895,1.710526316,1.778947369,1.778947369,1.715789474,1.668789474,1.689842106,1.668789474,1.695105264,1.658263158,1.647526316
3533,2.594736842,2.563157895,2.484210526,2.57368421,2.631578947,2.510894737,2.547736842,2.521421052,2.553,2.510894737,2.521210526
3534,1.352631579,1.236842105,1.247368421,1.22631579,1.384210526,1.258263158,1.289842105,1.263526316,1.289842105,1.258263158,1.273842105
3535,1.831578947,1.778947368,1.768421052,1.699999999,1.668421052,1.789842105,1.821421052,1.80036842,1.831947368,1.80036842,1.773842105
3536,3.131578947,3.094736841,3.105263157,3.089473683,3.078947368,3.10036842,3.12668421,3.105631578,3.137210526,3.110894736,3.094894736
3537,1.063157895,1.057894737,1.105263158,1.078947369,1.089473685,1.058263158,1.095105264,1.068789474,1.095105264,1.068789474,1.084368422
3538,1.694736842,1.521052631,1.463157895,1.457894737,1.636842105,1.621421052,1.647736842,1.631947368,1.653,1.621421052,1.615947368
3539,1.389473684,1.3,1.215789473,1.221052631,1.226315789,1.316157894,1.353,1.321421052,1.353,1.316157894,1.321210526
3540,2.042105263,2.110526315,2.036842105,2.110526315,2.057894737,1.984578947,2.010894737,1.984578947,2.010894737,1.984578947,1.979105263
3541,2.094736842,2.036842105,2.115789473,2.163157895,2.07368421,2.053,2.089842105,2.063526316,2.095105263,2.053,1.963315789
3542,2.842105263,2.889473684,2.784210526,2.794736842,2.763157894,2.853,2.879315789,2.853,2.889842105,2.853,2.731736842
3543,2.084210526,2.026315789,2.205263157,2.068421052,2.152631578,2.016157894,2.052999999,2.02668421,2.052999999,2.021421052,2.000157894
3544,1.263157895,1.294736843,1.236842106,1.284210527,1.263157895,1.189842106,1.216157895,1.200368422,1.226684211,1.200368422,1.16331579
3545,2.152631579,2.284210526,2.215789474,2.22631579,2.221052632,2.110894737,2.137210526,2.126684211,2.147736842,2.105631579,2.142263158
3546,1.636842105,1.699999999,1.668421052,1.694736842,1.652631578,1.537210526,1.579315789,1.547736842,1.568789473,1.531947368,1.526473684
3547,1.284210526,1.284210526,1.178947368,1.278947368,1.121052631,1.179315789,1.221421052,1.20036842,1.22668421,1.184578947,1.263315789
3548,2.584210526,2.552631578,2.510526315,2.526315789,2.484210526,2.516157894,2.542473684,2.516157894,2.552999999,2.510894736,2.505421052
3549,1.8,1.936842105,1.715789474,1.873684211,1.742105263,1.753,1.789842105,1.768789474,1.800368421,1.758263158,1.731736842
3550,1.336842105,1.326315789,1.184210526,1.278947368,1.231578947,1.279315789,1.321421052,1.289842105,1.316157894,1.284578947,1.268578947
3551,2.436842105,2.478947368,2.389473684,2.363157894,2.399999999,2.342473684,2.374052631,2.363526315,2.384578947,2.363526315,2.373842105
3552,1.789473684,1.768421052,1.889473684,1.815789473,1.736842105,1.695105263,1.731947368,1.716157894,1.737210526,1.710894736,1.700157894
3553,2.726315789,2.726315789,2.763157894,2.699999999,2.768421052,2.62668421,2.663526315,2.642473683,2.674052631,2.631947367,2.594894736
3554,1.747368421,1.747368421,1.668421053,1.631578947,1.663157895,1.62668421,1.658263158,1.637210526,1.653,1.62668421,1.705421053
3555,1.736842105,1.726315789,1.731578947,1.726315789,1.768421052,1.695105263,1.72668421,1.705631578,1.731947368,1.695105263,1.652789473
3556,2.268421053,2.142105264,2.194736843,2.22631579,2.168421053,2.231947369,2.274052632,2.242473685,2.27931579,2.237210527,2.194894738
3557,1.321052632,1.231578948,1.242105264,1.215789475,1.263157896,1.27931579,1.30563158,1.284578948,1.310894738,1.27931579,1.305421053
3558,1.994736842,2.042105263,1.952631579,2.052631579,2.078947368,1.953,1.984578947,1.963526316,1.995105263,1.963526316,1.952789473
3559,1.405263158,1.463157895,1.373684211,1.452631579,1.452631579,1.337210527,1.37931579,1.347736842,1.363526316,1.337210527,1.331736842
3560,1.415789474,1.484210527,1.42631579,1.378947369,1.400000001,1.316157895,1.353000001,1.331947369,1.347736843,1.316157895,1.337000001
3561,2.252631579,2.157894737,2.242105263,2.247368421,2.236842105,2.205631579,2.253,2.231947369,2.263526316,2.216157895,2.273842105
3562,2.268421053,2.22631579,2.147368422,2.15263158,2.205263159,2.210894738,2.242473685,2.221421053,2.253000001,2.216157895,2.173842106
3563,2.442105263,2.5,2.463157894,2.531578947,2.57368421,2.410894737,2.442473684,2.42668421,2.458263158,2.42668421,2.347526315
3564,2.221052632,2.247368422,2.194736843,2.178947369,2.242105264,2.17931579,2.20563158,2.184578948,2.20563158,2.174052632,2.179105264
3565,2.557894737,2.542105263,2.631578948,2.552631579,2.547368421,2.521421053,2.563526316,2.537210527,2.553,2.526684211,2.489631579
3566,1.468421053,1.368421053,1.357894738,1.273684211,1.389473685,1.40563158,1.426684211,1.426684211,1.447736843,1.410894738,1.415947369
3567,2.631578947,2.54736842,2.494736841,2.663157894,2.584210526,2.589842105,2.62668421,2.595105262,2.637210526,2.60036842,2.531736841
3568,2.047368421,2.036842105,1.936842105,1.97368421,1.947368421,1.984578947,2.010894737,1.989842105,2.021421053,1.979315789,1.947526316
3569,1.415789474,1.373684211,1.42631579,1.447368422,1.331578948,1.363526316,1.384578948,1.37931579,1.410894737,1.374052632,1.310684211
3570,1.968421053,2.031578948,2.005263159,2.047368422,2.068421053,1.916157895,1.937210527,1.926684211,1.947736843,1.926684211,1.868578948
3571,1.889473684,1.921052631,1.836842105,1.857894736,1.836842105,1.816157894,1.858263157,1.831947368,1.858263157,1.82668421,1.847526315
3572,1.378947368,1.199999999,1.242105262,1.299999999,1.321052631,1.310894736,1.352999999,1.32668421,1.352999999,1.32668421,1.315947368
3573,2.173684211,2.221052633,2.184210527,2.078947369,2.142105264,2.095105264,2.137210527,2.110894738,2.137210527,2.10563158,2.110684211
3574,1.710526316,1.615789474,1.615789474,1.678947369,1.610526316,1.653,1.689842106,1.663526316,1.705631579,1.663526316,1.66331579
3575,2.015789474,1.915789474,1.994736843,1.905263159,1.931578948,1.963526316,2.000368422,1.968789474,2.010894737,1.974052632,1.958052632
3576,1.9,1.963157895,1.868421053,1.821052632,1.857894737,1.858263158,1.895105263,1.874052632,1.895105263,1.858263158,1.873842105
3577,0.826315789,0.721052631,0.778947367,0.789473683,0.852631578,0.747736841,0.80036842,0.763526315,0.80036842,0.763526315,0.773842104
3578,2.173684211,2.142105264,2.157894738,2.115789475,2.089473685,2.142473685,2.168789475,2.153000001,2.189842106,2.158263159,2.131736843
3579,2.047368421,1.931578947,2.010526316,1.894736842,1.905263158,2.000368421,2.031947368,2.016157895,2.042473684,2.010894737,1.931736842
3580,1.747368421,1.7,1.705263158,1.8,1.684210526,1.658263158,1.689842105,1.668789474,1.695105263,1.663526316,1.689631579
3581,1.157894737,1.073684211,1.073684211,1.110526316,1.110526316,1.137210527,1.174052632,1.153,1.174052632,1.147736842,1.126473685
3582,1.210526316,1.268421053,1.305263158,1.294736843,1.257894737,1.205631579,1.237210527,1.221421053,1.242473685,1.210894737,1.105421053
3583,2.005263158,2.015789474,2.010526316,2.063157895,2.078947369,1.926684211,1.958263158,1.931947369,1.963526316,1.931947369,1.926473684
3584,1.673684211,1.52631579,1.705263159,1.689473685,1.584210527,1.663526317,1.684578948,1.668789475,1.684578948,1.658263159,1.637000001
3585,1.968421053,1.968421053,1.931578948,1.92631579,2.005263159,1.895105264,1.910894738,1.900368422,1.931947369,1.889842106,1.894894738
3586,1.673684211,1.615789475,1.631578948,1.678947369,1.473684211,1.574052633,1.610894738,1.595105264,1.616157896,1.584578948,1.658052633
3587,0.657894737,0.647368421,0.563157895,0.547368421,0.642105263,0.642473685,0.668789474,0.642473685,0.684578948,0.647736842,0.573842106
3588,1.2,1.189473684,1.042105263,0.994736842,1.036842105,1.142473684,1.168789474,1.153,1.184578947,1.147736842,1.084368421
3589,1.689473684,1.431578947,1.542105263,1.568421052,1.426315789,1.610894736,1.637210526,1.610894736,1.642473684,1.610894736,1.563315789
3590,1.673684211,1.55263158,1.489473685,1.594736843,1.62631579,1.647736843,1.684578948,1.658263159,1.684578948,1.658263159,1.600157896
3591,1.326315789,1.305263157,1.336842104,1.378947367,1.27368421,1.247736841,1.274052631,1.268789473,1.284578946,1.252999999,1.28436842
3592,1.021052632,0.989473685,0.884210527,0.942105264,0.942105264,0.963526317,1.00563158,0.995105264,1.016157896,0.97931579,0.942263159
3593,0.768421053,0.800000001,0.789473685,0.721052632,0.721052632,0.700368422,0.737210527,0.70563158,0.737210527,0.700368422,0.705421053
3594,2.463157895,2.484210527,2.42631579,2.573684211,2.405263158,2.374052632,2.400368422,2.389842106,2.410894737,2.374052632,2.431736843
3595,1.973684211,1.984210527,2.010526317,2.021052633,1.947368422,1.963526317,1.989842106,1.968789475,1.995105264,1.968789475,1.88963158
3596,0.536842105,0.526315789,0.47368421,0.457894736,0.389473684,0.452999999,0.479315789,0.463526315,0.489842105,0.458263157,0.458052631
3597,2.442105263,2.363157894,2.421052631,2.436842105,2.394736842,2.363526315,2.389842105,2.363526315,2.400368421,2.374052631,2.358052631
3598,1.410526316,1.468421053,1.447368421,1.489473685,1.473684211,1.326684211,1.358263158,1.337210527,1.374052632,1.342473685,1.379105264
3599,1.563157895,1.589473685,1.531578948,1.584210527,1.584210527,1.474052632,1.495105264,1.47931579,1.500368422,1.468789474,1.542263158
3600,1.557894737,1.447368421,1.457894737,1.463157895,1.310526316,1.489842106,1.537210527,1.510894737,1.526684211,1.500368421,1.500157895
3601,1.315789474,1.210526316,1.221052632,1.32631579,1.210526316,1.210894737,1.242473685,1.216157895,1.253000001,1.216157895,1.194894737
3602,1.252631579,1.168421053,1.289473684,1.142105263,1.210526316,1.163526316,1.200368421,1.168789474,1.205631579,1.168789474,1.173842105
3603,2.189473684,2.115789473,2.210526315,2.178947368,2.089473684,2.168789473,2.195105263,2.179315789,2.210894736,2.179315789,2.100157894
3604,1.521052632,1.494736843,1.457894738,1.557894738,1.52631579,1.521421053,1.558263159,1.526684211,1.558263159,1.531947369,1.494894738
3605,2,2.136842105,2.026315789,1.963157895,1.994736842,1.942473684,1.979315789,1.953,1.995105263,1.953,1.942263158
3606,1.710526316,1.784210527,1.62631579,1.684210527,1.72631579,1.67931579,1.705631579,1.684578948,1.705631579,1.67931579,1.66331579
3607,0.552631579,0.610526316,0.552631579,0.668421053,0.573684211,0.447736842,0.47931579,0.453,0.484578947,0.463526316,0.479105263
3608,1.168421053,1.210526317,1.231578948,1.142105264,1.157894738,1.116157895,1.147736843,1.142473685,1.163526317,1.126684211,1.147526317
3609,2.526315789,2.510526315,2.37368421,2.442105262,2.410526315,2.495105262,2.52668421,2.505631578,2.531947367,2.495105262,2.494894736
3610,2.315789474,2.321052632,2.173684211,2.315789474,2.300000001,2.216157895,2.247736843,2.237210527,2.258263159,2.237210527,2.242263159
3611,1.952631579,2.057894737,1.921052632,1.968421053,1.936842105,1.889842105,1.916157895,1.900368421,1.921421053,1.895105263,1.884368421
3612,2.015789474,2.12631579,2.094736843,2.142105264,2.094736843,1.958263159,1.97931579,1.953000001,1.984578948,1.953000001,1.973842106
3613,1.468421053,1.442105264,1.457894738,1.421052632,1.436842106,1.447736843,1.474052632,1.453000001,1.47931579,1.442473685,1.321210527
3614,0.847368421,0.778947368,0.742105263,0.763157895,0.7,0.758263158,0.800368421,0.763526316,0.805631579,0.768789474,0.800157895
3615,0.536842105,0.436842105,0.578947368,0.563157894,0.389473684,0.537210526,0.568789473,0.552999999,0.568789473,0.531947368,0.526473684
3616,1.173684211,1.189473685,1.105263159,1.136842106,1.173684211,1.116157896,1.147736843,1.121421054,1.158263159,1.116157896,1.121210527
3617,1.752631579,1.584210526,1.710526316,1.605263158,1.663157895,1.689842105,1.716157895,1.689842105,1.721421053,1.689842105,1.700157895
3618,1.647368421,1.631578947,1.626315789,1.542105263,1.547368421,1.574052631,1.600368421,1.584578947,1.616157895,1.579315789,1.61068421
3619,1.7,1.673684211,1.636842105,1.663157895,1.578947368,1.679315789,1.710894737,1.695105263,1.716157895,1.684578947,1.621210526
3620,1.894736842,1.857894737,1.805263158,1.868421052,1.815789473,1.863526316,1.895105263,1.868789473,1.905631579,1.868789473,1.837
3621,2.642105263,2.542105263,2.663157894,2.594736842,2.526315789,2.489842105,2.537210526,2.510894737,2.537210526,2.505631579,2.584368421
3622,2.078947368,1.931578947,2.068421052,2.089473683,2.07368421,2.02668421,2.042473683,2.02668421,2.058263157,2.016157894,2.036999999
3623,1.505263158,1.484210527,1.457894737,1.373684211,1.42631579,1.447736842,1.495105263,1.453,1.489842105,1.453,1.442263158
3624,1.910526316,1.805263158,1.852631579,1.763157895,1.994736843,1.858263158,1.884578948,1.874052632,1.900368421,1.858263158,1.905421053
3625,1.405263158,1.363157895,1.421052632,1.452631579,1.310526316,1.353,1.400368421,1.37931579,1.395105263,1.368789474,1.358052632
3626,2.447368421,2.394736842,2.431578947,2.531578947,2.468421053,2.368789474,2.410894737,2.384578947,2.416157895,2.389842105,2.379105263
3627,2.036842105,1.978947368,1.905263157,2.015789473,1.963157894,1.958263157,1.984578947,1.974052631,2.000368421,1.974052631,1.984368421
3628,3.178947368,3.289473683,3.242105262,3.14736842,3.115789473,3.121421052,3.147736841,3.12668421,3.158263157,3.12668421,3.136999999
3629,2.284210526,2.321052631,2.184210526,2.257894736,2.17368421,2.247736841,2.279315789,2.252999999,2.279315789,2.252999999,2.215947368
3630,1.773684211,1.836842106,1.789473685,1.805263159,1.82631579,1.695105264,1.721421054,1.700368422,1.731947369,1.695105264,1.78963158
3631,1.852631579,1.789473684,1.857894737,1.815789474,1.789473684,1.758263158,1.800368421,1.77931579,1.805631579,1.768789474,1.800157895
3632,2.1,2.042105263,2.010526316,2.110526316,1.994736842,2.016157895,2.037210526,2.016157895,2.053,2.016157895,2.000157895
3633,0.3,0.321052632,0.410526316,0.463157895,0.273684211,0.247736842,0.274052632,0.268789474,0.284578947,0.258263158,0.210684211
3634,1.636842105,1.578947368,1.615789473,1.589473684,1.699999999,1.568789473,1.616157894,1.584578947,1.616157894,1.589842105,1.605421052
3635,1.936842105,1.947368421,1.836842105,1.763157894,1.842105263,1.868789473,1.905631578,1.879315789,1.905631578,1.879315789,1.873842105
3636,1.142105263,1.131578947,1.015789473,1.094736842,1.052631579,1.131947368,1.158263158,1.147736842,1.163526315,1.131947368,1.068578947
3637,1.189473684,1.047368421,1.110526315,1.031578947,1.189473684,1.116157894,1.137210526,1.121421052,1.153,1.121421052,1.158052631
3638,2.610526316,2.615789474,2.657894737,2.578947369,2.589473685,2.595105264,2.610894737,2.584578948,2.616157895,2.589842106,2.542263158
3639,1.505263158,1.384210527,1.421052632,1.478947369,1.42631579,1.410894737,1.453,1.437210527,1.453,1.431947369,1.421210527
3640,1.826315789,1.84736842,1.768421052,1.794736841,1.826315789,1.789842104,1.816157894,1.795105262,1.821421052,1.784578946,1.78436842
3641,1.857894737,1.963157895,1.915789474,1.936842106,1.905263158,1.789842106,1.831947369,1.810894737,1.837210527,1.800368421,1.758052632
3642,2.789473684,2.826315789,2.736842105,2.77368421,2.705263157,2.731947368,2.753,2.731947368,2.758263157,2.72668421,2.773842105
3643,1.2,1.236842105,1.147368421,1.168421053,1.210526316,1.168789474,1.179315789,1.179315789,1.184578947,1.163526316,1.179105263
3644,1.768421053,1.657894738,1.568421053,1.647368422,1.62631579,1.726684211,1.763526317,1.731947369,1.768789474,1.731947369,1.684368422
3645,2.852631579,2.910526316,2.757894737,2.805263158,2.773684211,2.77931579,2.805631579,2.789842105,2.810894737,2.774052632,2.773842105
3646,2.657894737,2.742105263,2.715789474,2.584210527,2.589473685,2.574052632,2.600368421,2.595105263,2.616157895,2.574052632,2.568578948
3647,1.794736842,1.747368421,1.67368421,1.736842105,1.657894737,1.747736842,1.774052631,1.758263158,1.779315789,1.753,1.831736842
3648,1.931578947,1.836842105,1.915789473,1.868421052,1.921052631,1.816157894,1.858263157,1.831947368,1.847736841,1.821421052,1.858052631
3649,0.863157895,0.668421053,0.784210527,0.757894737,0.794736843,0.821421053,0.853000001,0.842473685,0.858263158,0.821421053,0.768578948
3650,2.252631579,2.152631579,2.289473684,2.336842105,2.236842105,2.195105263,2.231947369,2.216157895,2.242473684,2.210894737,2.221210526
3651,2.057894737,2.078947369,1.868421053,2.031578948,2.057894737,1.968789474,2.000368421,1.97931579,2.000368421,1.968789474,2.010684211
3652,2.036842105,1.852631578,1.97368421,1.87368421,1.842105263,1.984578947,2.010894736,1.995105263,2.021421052,1.995105263,1.968578947
3653,2.252631579,2.042105263,2.084210526,2.194736842,2.094736842,2.168789474,2.200368421,2.17931579,2.205631579,2.168789474,2.194894737
3654,1.715789474,1.821052632,1.747368422,1.815789474,1.778947369,1.637210527,1.67931579,1.647736843,1.684578948,1.663526316,1.668578948
3655,1.557894737,1.62631579,1.531578948,1.468421053,1.584210527,1.495105263,1.542473685,1.516157895,1.542473685,1.505631579,1.426473685
3656,1.163157895,1.063157895,1.200000001,1.189473685,1.105263158,1.068789474,1.095105264,1.07931579,1.100368422,1.068789474,1.037000001
3657,1.8,1.8,1.726315789,1.810526316,1.710526316,1.737210526,1.763526316,1.737210526,1.768789474,1.737210526,1.747526316
3658,1.4,1.347368421,1.3,1.315789474,1.273684211,1.316157895,1.353,1.331947368,1.358263158,1.326684211,1.352789474
3659,2.852631579,2.815789474,2.857894737,2.9,2.9,2.805631579,2.826684211,2.795105263,2.831947369,2.805631579,2.826473684
3660,1.663157895,1.778947369,1.768421053,1.657894737,1.678947369,1.531947369,1.568789474,1.542473685,1.568789474,1.542473685,1.621210527
3661,1.2,1.052631579,0.978947368,1.131578947,1.110526316,1.153,1.195105263,1.163526316,1.195105263,1.158263158,1.142263158
3662,1.905263158,1.889473684,1.82631579,1.831578948,1.82631579,1.837210527,1.868789474,1.847736842,1.863526316,1.837210527,1.826473684
3663,1.710526316,1.668421053,1.668421053,1.642105264,1.605263158,1.642473685,1.684578948,1.663526316,1.689842106,1.653,1.689631579
3664,2.121052632,2.089473685,1.984210527,2.042105264,2.057894738,2.068789475,2.095105264,2.084578948,2.10563158,2.068789475,2.031736843
3665,2.642105263,2.747368421,2.547368421,2.684210526,2.67368421,2.52668421,2.563526315,2.547736842,2.574052631,2.537210526,2.600157894
3666,2.547368421,2.378947368,2.452631579,2.463157895,2.494736842,2.442473684,2.479315789,2.458263158,2.489842105,2.458263158,2.494894737
3667,2.494736842,2.452631579,2.457894737,2.542105263,2.436842105,2.389842105,2.421421052,2.400368421,2.421421052,2.389842105,2.447526316
3668,1.231578947,1.315789473,1.205263157,1.268421052,1.14736842,1.168789473,1.205631578,1.189842105,1.205631578,1.174052631,1.194894736
3669,1.531578947,1.452631578,1.442105262,1.510526315,1.54736842,1.531947368,1.568789473,1.531947368,1.574052631,1.537210526,1.452789473
3670,3.268421053,3.210526317,3.263157895,3.131578948,3.25263158,3.17931579,3.221421053,3.20563158,3.231947369,3.189842106,3.231736843
3671,1.131578947,1.110526315,1.105263157,1.105263157,1.036842105,1.021421052,1.052999999,1.031947368,1.058263157,1.042473683,1.079105262
3672,0.684210526,0.74736842,0.736842105,0.705263157,0.542105263,0.595105263,0.62668421,0.595105263,0.631947368,0.60036842,0.589631578
3673,1.784210526,1.684210526,1.626315789,1.67368421,1.657894736,1.763526315,1.795105263,1.779315789,1.810894736,1.763526315,1.694894736
3674,0.705263158,0.621052632,0.7,0.647368421,0.615789474,0.631947369,0.663526316,0.642473684,0.668789474,0.637210527,0.684368421
3675,2.263157895,2.310526316,2.242105264,2.247368422,2.152631579,2.121421053,2.153000001,2.142473685,2.163526316,2.131947369,2.189631579
3676,2.389473684,2.294736842,2.3,2.278947368,2.315789473,2.295105263,2.321421052,2.305631579,2.32668421,2.295105263,2.247526315
3677,1.536842105,1.494736842,1.352631578,1.410526315,1.347368421,1.468789473,1.505631578,1.489842105,1.505631578,1.474052631,1.458052631
3678,1.715789474,1.684210527,1.62631579,1.694736843,1.594736843,1.684578948,1.716157895,1.695105264,1.721421053,1.689842106,1.694894737
3679,1.668421053,1.52631579,1.610526317,1.62631579,1.631578948,1.553000001,1.595105264,1.568789474,1.595105264,1.558263159,1.594894738
3680,2.031578947,1.905263157,1.926315789,1.968421052,1.978947368,2.021421052,2.052999999,2.037210526,2.074052631,2.02668421,1.98436842
3681,2.010526316,1.868421053,1.968421053,2,1.852631579,1.958263158,2.000368421,1.974052632,2.010894737,1.97931579,1.947526316
3682,1.684210526,1.689473684,1.726315789,1.631578947,1.642105263,1.610894736,1.642473684,1.621421052,1.647736841,1.62668421,1.636999999
3683,0.515789474,0.542105264,0.536842106,0.494736843,0.331578948,0.37931579,0.400368422,0.374052632,0.421421053,0.37931579,0.379105264
3684,2.747368421,2.663157895,2.636842105,2.678947368,2.584210526,2.684578947,2.705631579,2.695105263,2.72668421,2.695105263,2.715947368
3685,2.126315789,2.121052631,2.157894736,2.215789473,2.089473683,2.058263157,2.074052631,2.063526315,2.084578946,2.063526315,2.079105262
3686,1.763157895,1.763157895,1.794736843,1.731578948,1.621052632,1.763526316,1.795105264,1.77931579,1.800368422,1.763526316,1.668578948
3687,2.278947368,2.252631578,2.24736842,2.342105262,2.27368421,2.205631578,2.22668421,2.20036842,2.237210525,2.195105262,2.18436842
3688,1.573684211,1.62631579,1.510526317,1.668421054,1.573684211,1.495105264,1.521421054,1.510894738,1.542473685,1.500368422,1.505421054
3689,1.284210526,1.215789473,1.27368421,1.199999999,1.184210526,1.242473684,1.274052631,1.247736841,1.268789473,1.237210526,1.18436842
3690,1.810526316,1.821052632,1.773684211,1.852631579,1.8,1.774052632,1.805631579,1.77931579,1.800368421,1.774052632,1.726473685
3691,1.494736842,1.484210526,1.484210526,1.426315789,1.468421052,1.468789473,1.500368421,1.474052631,1.505631579,1.474052631,1.41068421
3692,2.2,2.178947368,2.063157895,2.105263158,2.115789474,2.116157895,2.147736842,2.121421053,2.163526316,2.126684211,2.173842105
3693,0.652631579,0.678947369,0.515789474,0.578947369,0.621052632,0.568789474,0.605631579,0.57931579,0.600368421,0.568789474,0.56331579
3694,0.915789474,0.884210527,0.789473685,0.942105264,0.821052632,0.863526316,0.900368422,0.87931579,0.90563158,0.868789474,0.915947369
3695,0.973684211,0.910526317,0.910526317,0.947368422,0.894736843,0.968789475,0.989842106,0.97931579,1.000368422,0.968789475,0.86331579
3696,2.036842105,1.989473684,1.905263157,1.936842105,1.905263157,1.974052631,2.005631578,1.984578947,2.005631578,1.979315789,1.973842105
3697,1.868421053,1.794736843,1.768421053,1.900000001,1.800000001,1.831947369,1.863526317,1.842473685,1.863526317,1.831947369,1.821210527
3698,1.489473684,1.610526315,1.605263157,1.557894736,1.478947368,1.410894736,1.442473684,1.416157894,1.447736842,1.416157894,1.426473684
3699,2.068421053,2.031578948,2.000000001,2.105263159,2.042105264,2.037210527,2.068789474,2.042473685,2.068789474,2.042473685,2.010684211
3700,2.505263158,2.531578948,2.363157895,2.494736842,2.436842105,2.463526316,2.484578948,2.468789474,2.505631579,2.463526316,2.415947369
3701,2.721052632,2.694736843,2.742105264,2.736842106,2.573684211,2.663526317,2.689842106,2.658263159,2.695105264,2.658263159,2.710684211
3702,2.005263158,1.994736842,1.921052632,1.968421053,1.994736842,1.947736842,1.989842105,1.958263158,1.97931579,1.953,1.931736842
3703,1.978947368,1.831578947,1.915789473,1.87368421,1.826315789,1.905631578,1.931947368,1.916157894,1.937210525,1.905631578,1.91068421
3704,1.173684211,1.110526317,1.068421054,1.15263158,1.157894738,1.116157896,1.153000001,1.126684211,1.158263159,1.121421054,1.142263159
3705,1.457894737,1.384210527,1.405263158,1.4,1.452631579,1.416157895,1.431947369,1.416157895,1.453,1.410894737,1.400157895
3706,1.726315789,1.694736841,1.763157894,1.805263157,1.77368421,1.637210525,1.668789473,1.642473683,1.668789473,1.637210525,1.663315789
3707,2.789473684,2.789473684,2.794736842,2.815789473,2.689473684,2.774052631,2.805631579,2.779315789,2.800368421,2.774052631,2.752789473
3708,1.336842105,1.368421052,1.321052631,1.394736842,1.37368421,1.258263157,1.300368421,1.274052631,1.300368421,1.274052631,1.268578947
3709,1.536842105,1.494736842,1.405263157,1.484210526,1.536842105,1.431947368,1.458263157,1.442473684,1.463526315,1.437210526,1.494894736
3710,1.1,1.057894737,1.136842105,1.094736842,1.052631579,1.026684211,1.053,1.042473684,1.063526316,1.042473684,1.073842105
3711,1.757894737,1.815789474,1.721052632,1.794736842,1.857894737,1.689842106,1.726684211,1.695105263,1.731947369,1.695105263,1.700157895
3712,2.342105263,2.436842105,2.378947368,2.384210526,2.342105263,2.258263158,2.289842105,2.279315789,2.310894737,2.268789473,2.247526315
3713,1.531578947,1.421052631,1.399999999,1.499999999,1.478947368,1.479315789,1.510894736,1.489842105,1.505631578,1.489842105,1.421210526
3714,1.994736842,2.084210526,1.978947368,2.168421052,2,1.863526316,1.895105263,1.868789473,1.910894737,1.874052631,1.894894737
3715,2.189473684,2.157894736,2.178947368,2.184210526,2.105263157,2.131947368,2.163526315,2.137210526,2.163526315,2.12668421,2.184368421
3716,2.147368421,2.131578947,2.036842105,2.115789474,2.094736842,2.100368421,2.12668421,2.110894737,2.137210526,2.110894737,2.052789474
3717,2.252631579,2.173684211,2.163157895,2.121052632,2.163157895,2.184578947,2.221421053,2.189842105,2.221421053,2.174052632,2.16331579
3718,1.547368421,1.526315789,1.521052631,1.510526316,1.584210526,1.521421053,1.542473684,1.52668421,1.542473684,1.52668421,1.479105263
3719,1.542105263,1.568421052,1.489473684,1.578947368,1.536842105,1.479315789,1.516157894,1.489842105,1.510894737,1.484578947,1.431736842
3720,2.147368421,2.136842105,2.036842105,2.121052631,2.168421053,2.074052631,2.110894737,2.095105263,2.110894737,2.089842105,2.058052631
3721,1.252631579,1.310526316,1.32631579,1.257894737,1.215789474,1.205631579,1.242473684,1.221421053,1.247736842,1.200368421,1.231736842
3722,2.757894737,2.784210527,2.678947369,2.794736842,2.805263158,2.626684211,2.663526316,2.637210527,2.668789474,2.631947369,2.673842106
3723,1.826315789,1.87368421,1.810526315,1.757894736,1.710526315,1.716157894,1.752999999,1.737210525,1.763526315,1.731947367,1.789631578
3724,1.368421053,1.35263158,1.22631579,1.405263159,1.310526317,1.321421053,1.353000001,1.326684211,1.363526317,1.326684211,1.315947369
3725,1.547368421,1.457894737,1.436842105,1.542105263,1.552631579,1.437210526,1.468789474,1.447736842,1.474052631,1.447736842,1.447526316
3726,2.678947368,2.752631578,2.610526315,2.599999999,2.552631578,2.652999999,2.679315789,2.658263157,2.679315789,2.652999999,2.647526315
3727,1.842105263,1.805263158,1.826315789,1.926315789,1.789473684,1.800368421,1.821421052,1.805631579,1.831947368,1.805631579,1.71068421
3728,2.489473684,2.447368421,2.426315789,2.484210526,2.378947368,2.389842105,2.421421052,2.400368421,2.431947368,2.384578947,2.468578947
3729,2.205263158,2.110526316,2.2,2.22631579,2.189473684,2.184578948,2.216157895,2.200368421,2.226684211,2.200368421,2.189631579
3730,0.878947368,0.94736842,0.868421052,0.894736841,0.878947368,0.82668421,0.868789473,0.831947368,0.874052631,0.837210525,0.805421052
3731,2.426315789,2.494736841,2.305263157,2.294736841,2.331578946,2.374052631,2.40036842,2.384578946,2.416157894,2.379315789,2.38436842
3732,2.005263158,1.9,1.915789474,1.973684211,1.968421053,2.016157895,2.042473684,2.026684211,2.053,2.016157895,1.994894737
3733,2.215789474,2.189473685,2.215789474,2.157894737,2.078947369,2.20563158,2.237210527,2.221421053,2.237210527,2.210894737,2.16331579
3734,1.436842105,1.347368421,1.357894736,1.363157894,1.352631578,1.384578947,1.405631578,1.405631578,1.421421052,1.389842105,1.389631578
3735,0.852631579,0.910526316,0.810526316,0.821052632,0.831578947,0.800368421,0.831947369,0.816157895,0.842473684,0.810894737,0.800157895
3736,2.215789474,2.063157895,2.210526316,2.131578948,2.163157895,2.221421053,2.247736843,2.221421053,2.258263159,2.221421053,2.210684211
3737,1.763157895,1.863157895,1.768421053,1.736842106,1.805263158,1.742473685,1.784578948,1.753000001,1.774052632,1.742473685,1.710684211
3738,1.326315789,1.331578946,1.257894736,1.257894736,1.299999999,1.231947367,1.274052631,1.242473683,1.268789473,1.247736841,1.268578946
3739,2.089473684,2.226315789,2.131578947,2.147368421,2.1,2.010894736,2.042473684,2.016157894,2.047736842,2.005631579,2.015947368
3740,1.978947368,2.015789473,1.926315789,1.852631578,1.905263157,1.895105262,1.92668421,1.916157894,1.937210525,1.905631578,1.942263157
3741,2.442105263,2.452631579,2.436842105,2.421052631,2.410526315,2.389842105,2.421421052,2.400368421,2.42668421,2.395105263,2.415947368
3742,1.857894737,1.894736842,1.889473685,1.894736842,1.910526316,1.821421053,1.853,1.837210527,1.863526316,1.826684211,1.731736842
3743,2.131578947,2.152631578,2.152631578,2.084210526,2.131578947,2.037210526,2.068789473,2.058263157,2.079315789,2.052999999,2.005421052
3744,2.052631579,2.010526316,1.984210526,2.047368421,2.136842105,2.021421053,2.047736842,2.037210526,2.063526316,2.021421053,2.010684211
3745,2.015789474,2.047368422,1.931578948,1.921052632,1.905263159,1.963526316,1.995105264,1.974052632,1.995105264,1.974052632,1.958052632
3746,2.142105263,2.1,1.984210526,2.052631579,2.005263158,2.068789473,2.100368421,2.079315789,2.116157894,2.074052631,2.084368421
3747,2.026315789,1.931578946,1.826315789,1.978947367,1.894736841,1.947736841,1.979315789,1.958263157,1.979315789,1.952999999,1.979105262
3748,1.073684211,1.068421054,0.942105264,1.02631579,0.894736843,0.942473685,0.984578948,0.958263159,0.989842106,0.947736843,0.979105264
3749,1.510526316,1.568421053,1.457894737,1.531578948,1.410526316,1.453,1.484578948,1.463526316,1.495105264,1.458263158,1.410684211
3750,1.594736842,1.626315789,1.584210526,1.568421052,1.531578947,1.52668421,1.563526316,1.542473684,1.568789473,1.52668421,1.526473684
3751,2.757894737,2.678947369,2.673684211,2.62631579,2.631578948,2.721421053,2.747736842,2.726684211,2.758263158,2.721421053,2.679105263
3752,0.942105263,1.015789473,0.952631579,0.852631579,0.952631579,0.895105263,0.92668421,0.900368421,0.937210526,0.900368421,0.884368421
3753,2.273684211,2.236842106,2.284210527,2.100000001,2.100000001,2.237210527,2.268789475,2.253000001,2.284578948,2.253000001,2.194894738
3754,1.873684211,1.889473685,1.684210527,1.747368422,1.647368422,1.810894738,1.837210527,1.810894738,1.847736843,1.810894738,1.847526317
3755,1.768421053,1.810526317,1.747368422,1.757894738,1.863157895,1.726684211,1.753000001,1.737210527,1.763526317,1.731947369,1.731736843
3756,1.489473684,1.563157894,1.47368421,1.494736842,1.484210526,1.421421052,1.442473684,1.421421052,1.453,1.416157894,1.363315789
3757,1.121052632,1.136842106,1.142105264,1.205263159,1.073684211,1.058263159,1.07931579,1.058263159,1.095105264,1.053000001,1.068578948
3758,2.194736842,2.236842105,2.226315789,2.205263158,2.205263158,2.131947368,2.158263158,2.137210526,2.168789473,2.131947368,2.147526316
3759,1.273684211,1.25263158,1.210526317,1.236842106,1.189473685,1.200368422,1.231947369,1.210894738,1.237210527,1.20563158,1.200157896
3760,2.521052632,2.484210527,2.510526317,2.431578948,2.500000001,2.447736843,2.47931579,2.468789475,2.495105264,2.458263159,2.515947369
3761,1.547368421,1.531578947,1.542105263,1.536842105,1.452631579,1.463526316,1.495105263,1.479315789,1.505631579,1.463526316,1.521210526
3762,2.047368421,1.989473684,1.905263158,1.905263158,1.936842105,1.979315789,2.005631579,1.995105263,2.016157895,1.984578947,2.01068421
3763,1.505263158,1.589473684,1.578947369,1.521052632,1.578947369,1.431947369,1.47931579,1.442473684,1.47931579,1.437210527,1.421210527
3764,1.857894737,1.810526316,1.857894737,1.805263158,1.947368421,1.758263158,1.77931579,1.763526316,1.789842106,1.768789474,1.810684211
3765,1.326315789,1.268421052,1.231578946,1.352631578,1.24736842,1.295105262,1.32668421,1.295105262,1.32668421,1.295105262,1.28436842
3766,2.473684211,2.515789475,2.368421054,2.542105264,2.463157896,2.40563158,2.447736843,2.421421054,2.453000001,2.421421054,2.405421054
3767,2.194736842,2.1,2.084210526,2.152631579,2.031578947,2.142473684,2.174052631,2.158263158,2.184578947,2.142473684,2.184368421
3768,1.473684211,1.505263159,1.536842106,1.542105264,1.505263159,1.389842106,1.437210527,1.40563158,1.426684211,1.410894738,1.46331579
3769,1.978947368,1.915789473,1.963157894,1.894736841,1.926315789,1.889842104,1.916157894,1.889842104,1.916157894,1.895105262,1.858052631
3770,1.426315789,1.363157894,1.210526315,1.210526315,1.268421052,1.363526315,1.379315789,1.363526315,1.40036842,1.363526315,1.336999999
3771,0.910526316,0.963157895,0.873684211,0.910526316,0.931578948,0.842473685,0.884578948,0.842473685,0.87931579,0.847736843,0.858052632
3772,2.078947368,2.057894736,1.989473683,2.021052631,2.005263157,2.058263157,2.084578947,2.058263157,2.079315789,2.052999999,2.079105262
3773,2.568421053,2.65263158,2.505263159,2.521052632,2.45263158,2.537210527,2.553000001,2.542473685,2.568789474,2.521421053,2.547526317
3774,1.794736842,1.894736842,1.826315789,1.826315789,1.826315789,1.742473684,1.758263158,1.747736842,1.768789473,1.737210526,1.726473684
3775,2.168421053,2.184210527,2.247368422,2.236842106,2.178947369,2.142473685,2.168789474,2.158263159,2.17931579,2.142473685,2.121210527
3776,1.905263158,1.821052632,1.873684211,1.82631579,1.72631579,1.868789474,1.900368421,1.863526316,1.889842105,1.858263158,1.768578948
3777,0.757894737,0.7,0.673684211,0.673684211,0.589473685,0.67931579,0.700368421,0.689842106,0.710894737,0.689842106,0.726473685
3778,1.942105263,1.97368421,1.968421052,1.97368421,1.942105263,1.953,1.989842105,1.958263158,1.989842105,1.953,1.831736842
3779,1.536842105,1.47368421,1.436842105,1.57368421,1.447368421,1.42668421,1.458263157,1.442473684,1.468789473,1.442473684,1.521210526
3780,1.736842105,1.715789473,1.752631578,1.499999999,1.526315789,1.658263157,1.695105263,1.658263157,1.689842105,1.663526315,1.684368421
3781,2.031578947,2.005263157,1.884210526,1.984210526,1.87368421,1.958263157,1.984578947,1.974052631,2.005631578,1.968789473,2.015947368
3782,2.294736842,2.284210526,2.347368421,2.242105263,2.215789473,2.258263158,2.300368421,2.268789473,2.300368421,2.263526316,2.231736842
3783,2.789473684,2.768421052,2.742105263,2.710526315,2.731578947,2.679315789,2.700368421,2.679315789,2.716157894,2.679315789,2.763315789
3784,1.815789474,1.657894737,1.731578948,1.678947369,1.75263158,1.737210527,1.763526316,1.753000001,1.774052632,1.742473685,1.784368422
3785,1.273684211,1.336842106,1.173684211,1.257894738,1.178947369,1.226684211,1.258263159,1.226684211,1.263526317,1.221421054,1.184368422
3786,2.315789474,2.173684211,2.173684211,2.278947369,2.147368422,2.216157895,2.258263159,2.226684211,2.274052632,2.237210527,2.26331579
3787,1.3,1.273684211,1.310526316,1.378947368,1.326315789,1.153,1.184578947,1.179315789,1.200368421,1.163526316,1.258052632
3788,2.473684211,2.563157896,2.35263158,2.436842106,2.410526317,2.437210527,2.463526317,2.453000001,2.474052633,2.442473685,2.415947369
3789,1.910526316,1.978947369,1.868421053,1.863157895,1.842105264,1.874052632,1.900368421,1.884578948,1.910894737,1.87931579,1.847526316
3790,1.615789474,1.673684211,1.642105264,1.636842106,1.568421053,1.516157895,1.542473685,1.526684211,1.542473685,1.516157895,1.605421053
3791,1.8,1.926315789,1.726315789,1.742105263,1.868421053,1.763526316,1.805631579,1.784578947,1.816157895,1.774052632,1.773842105
3792,2.042105263,2.005263158,2.07368421,2.015789473,2.131578947,1.989842105,2.016157894,2.000368421,2.031947368,1.995105263,1.947526315
3793,1.526315789,1.599999999,1.363157894,1.452631578,1.521052631,1.495105262,1.52668421,1.505631578,1.516157894,1.489842104,1.447526315
3794,2.157894737,2,2,1.968421053,2.105263158,2.147736842,2.174052632,2.147736842,2.17931579,2.147736842,2.110684211
3795,2.694736842,2.8,2.784210526,2.857894737,2.742105263,2.679315789,2.716157895,2.700368421,2.716157895,2.695105263,2.605421052
3796,1.268421053,1.215789474,1.236842106,1.210526317,1.184210527,1.163526317,1.195105264,1.174052632,1.189842106,1.168789474,1.205421053
3797,2.326315789,2.257894736,2.236842104,2.268421052,2.236842104,2.258263157,2.289842104,2.274052631,2.295105262,2.263526315,2.268578946
3798,1.410526316,1.347368421,1.394736843,1.436842106,1.368421053,1.347736843,1.374052632,1.347736843,1.374052632,1.358263158,1.36331579
3799,1.294736842,1.189473684,1.236842105,1.242105263,1.215789473,1.263526316,1.279315789,1.268789473,1.305631579,1.258263158,1.242263158
3800,2.105263158,2.089473684,2.136842105,2.136842105,2.084210527,2.031947369,2.063526316,2.026684211,2.074052632,2.042473684,2.037
3801,2.268421053,2.321052632,2.294736843,2.310526317,2.200000001,2.226684211,2.253000001,2.237210527,2.253000001,2.231947369,2.210684211
3802,1.531578947,1.589473683,1.568421052,1.494736841,1.478947368,1.50036842,1.521421052,1.505631578,1.52668421,1.495105262,1.405421052
3803,1.610526316,1.642105264,1.663157895,1.678947369,1.621052632,1.516157895,1.553,1.516157895,1.558263158,1.510894737,1.584368421
3804,1.768421053,1.694736843,1.72631579,1.710526317,1.721052632,1.737210527,1.753000001,1.731947369,1.763526317,1.737210527,1.710684211
3805,1.226315789,1.205263157,1.226315789,1.252631578,1.231578946,1.174052631,1.20036842,1.184578946,1.216157894,1.184578946,1.152789473
3806,1.357894737,1.378947369,1.352631579,1.3,1.289473685,1.263526316,1.300368421,1.27931579,1.295105263,1.263526316,1.310684211
3807,2.310526316,2.2,2.294736843,2.22631579,2.063157895,2.195105264,2.221421053,2.210894737,2.226684211,2.205631579,2.215947369
3808,1.715789474,1.715789474,1.721052632,1.768421053,1.794736843,1.658263159,1.67931579,1.663526316,1.689842106,1.658263159,1.647526316
3809,2.252631579,2.194736842,2.105263158,2.194736842,2.110526316,2.142473684,2.174052632,2.153,2.189842105,2.153,2.173842105
3810,1.389473684,1.263157894,1.321052631,1.352631579,1.336842105,1.310894736,1.331947368,1.316157894,1.337210526,1.305631579,1.284368421
3811,2.021052632,1.963157896,1.989473685,1.968421053,2.015789475,1.926684211,1.968789475,1.931947369,1.963526317,1.937210527,1.979105264
3812,1.189473684,1.121052631,1.168421052,1.178947368,1.231578947,1.095105263,1.121421052,1.105631579,1.121421052,1.100368421,1.11068421
3813,1.189473684,1.110526315,1.189473684,1.215789473,1.136842105,1.121421052,1.153,1.116157894,1.158263157,1.121421052,1.073842105
3814,2.478947368,2.484210525,2.54736842,2.621052631,2.410526315,2.421421052,2.442473683,2.421421052,2.437210525,2.410894736,2.505421052
3815,2.726315789,2.626315789,2.642105262,2.610526315,2.568421052,2.610894736,2.637210525,2.621421052,2.647736841,2.621421052,2.668578946
3816,2.057894737,1.92631579,1.942105263,1.92631579,1.978947369,1.958263158,1.97931579,1.968789474,1.989842106,1.963526316,1.968578948
3817,2.205263158,2.252631579,2.121052632,2.068421053,2.12631579,2.142473684,2.174052632,2.142473684,2.184578948,2.153,2.115947369
3818,1.868421053,1.836842106,1.82631579,1.894736843,1.873684211,1.800368422,1.831947369,1.816157895,1.837210527,1.810894738,1.747526317
3819,2.226315789,2.105263157,2.057894736,2.031578946,2.136842104,2.121421052,2.152999999,2.137210525,2.158263157,2.131947367,2.152789473
3820,1.878947368,1.815789473,1.84736842,1.821052631,1.836842104,1.805631578,1.842473683,1.82668421,1.847736841,1.810894736,1.779105262
3821,1.989473684,2,1.978947368,2.068421052,1.910526315,1.92668421,1.963526315,1.931947368,1.968789473,1.92668421,1.915947368
3822,2.531578947,2.426315789,2.352631578,2.394736841,2.342105262,2.458263157,2.489842105,2.474052631,2.495105262,2.463526315,2.494894736
3823,2.605263158,2.521052632,2.531578948,2.452631579,2.563157895,2.595105263,2.631947369,2.600368421,2.642473684,2.600368421,2.510684211
3824,1.373684211,1.305263159,1.294736843,1.331578948,1.368421054,1.310894738,1.347736843,1.321421054,1.347736843,1.316157896,1.321210527
3825,1.715789474,1.673684211,1.578947369,1.584210527,1.578947369,1.689842106,1.721421053,1.700368422,1.716157895,1.689842106,1.631736843
3826,1.684210526,1.77368421,1.821052631,1.721052631,1.778947368,1.589842105,1.62668421,1.605631578,1.621421052,1.605631578,1.573842105
3827,2.673684211,2.647368422,2.731578948,2.563157896,2.547368422,2.621421054,2.653000001,2.637210527,2.663526317,2.631947369,2.631736843
3828,1.815789474,1.715789474,1.721052632,1.763157895,1.75263158,1.816157895,1.842473685,1.831947369,1.858263159,1.821421053,1.76331579
3829,1.863157895,1.82631579,1.768421053,1.863157895,1.884210527,1.789842106,1.826684211,1.810894737,1.826684211,1.795105264,1.86331579
3830,2.278947368,2.368421052,2.299999999,2.357894736,2.357894736,2.179315789,2.221421052,2.195105262,2.231947368,2.189842104,2.231736841
3831,2.126315789,2.205263157,2.089473683,2.105263157,2.031578946,2.074052631,2.10036842,2.074052631,2.105631578,2.074052631,2.052789473
3832,1.147368421,1.110526316,1.110526316,1.07368421,1.089473684,1.121421053,1.163526316,1.137210526,1.163526316,1.12668421,1.105421053
3833,1.863157895,1.778947369,1.810526316,1.847368422,1.784210527,1.768789474,1.795105264,1.774052632,1.800368422,1.758263158,1.752789474
3834,1.594736842,1.615789473,1.589473684,1.552631579,1.468421052,1.568789473,1.589842105,1.584578947,1.600368421,1.568789473,1.51068421
3835,1.605263158,1.515789474,1.542105263,1.636842105,1.542105263,1.542473684,1.568789474,1.542473684,1.574052632,1.547736842,1.468578948
3836,1.457894737,1.394736842,1.4,1.389473685,1.352631579,1.410894737,1.442473685,1.431947369,1.447736842,1.416157895,1.426473685
3837,1.8,1.821052632,1.836842105,1.857894737,1.852631579,1.768789474,1.800368421,1.784578947,1.810894737,1.774052632,1.731736842
3838,1.415789474,1.415789474,1.400000001,1.384210527,1.331578948,1.358263159,1.374052632,1.363526316,1.389842106,1.358263159,1.337000001
3839,2.584210526,2.589473684,2.652631578,2.457894736,2.515789473,2.542473684,2.574052631,2.542473684,2.584578947,2.542473684,2.526473684
3840,2.436842105,2.352631578,2.278947368,2.521052631,2.384210526,2.379315789,2.405631578,2.384578947,2.410894736,2.389842105,2.358052631
3841,1.747368421,1.763157895,1.663157895,1.736842105,1.721052631,1.716157895,1.742473684,1.710894737,1.742473684,1.705631579,1.694894737
3842,2.636842105,2.621052631,2.521052631,2.599999999,2.668421052,2.542473684,2.584578947,2.558263157,2.600368421,2.547736842,2.584368421
3843,1.331578947,1.342105262,1.24736842,1.331578947,1.384210526,1.252999999,1.295105262,1.263526315,1.289842105,1.258263157,1.279105262
3844,1.794736842,1.9,1.7,1.805263158,1.694736842,1.700368421,1.747736842,1.716157895,1.753,1.721421052,1.700157895
3845,2.621052632,2.636842106,2.557894738,2.610526317,2.621052632,2.595105264,2.626684211,2.610894738,2.631947369,2.600368422,2.552789475
3846,1.626315789,1.578947367,1.578947367,1.568421052,1.484210525,1.547736841,1.584578946,1.563526315,1.579315789,1.558263157,1.568578946
3847,2.573684211,2.531578948,2.542105264,2.600000001,2.536842106,2.489842106,2.516157896,2.500368422,2.526684211,2.489842106,2.537000001
3848,1.168421053,1.189473685,1.121052632,1.094736843,1.110526317,1.137210527,1.17931579,1.153000001,1.17931579,1.137210527,1.152789474
3849,1.994736842,1.936842105,2.068421052,1.889473684,1.836842105,1.942473684,1.974052631,1.953,1.979315789,1.958263158,1.979105263
3850,2.805263158,2.810526316,2.821052632,2.721052632,2.778947369,2.737210527,2.753,2.742473684,2.768789474,2.737210527,2.747526316
3851,1.715789474,1.763157895,1.873684211,1.82631579,1.857894737,1.574052632,1.616157895,1.584578948,1.610894737,1.584578948,1.605421053
3852,0.942105263,0.694736842,0.842105263,0.810526315,0.715789473,0.916157894,0.942473684,0.931947368,0.947736842,0.921421052,0.905421052
3853,1.536842105,1.494736842,1.394736842,1.484210526,1.415789473,1.463526315,1.500368421,1.479315789,1.495105263,1.468789473,1.473842105
3854,2.689473684,2.710526315,2.731578947,2.694736842,2.710526315,2.616157894,2.653,2.621421052,2.647736842,2.610894736,2.61068421
3855,1.794736842,1.784210526,1.805263158,1.763157895,1.847368421,1.705631579,1.731947368,1.716157895,1.742473684,1.705631579,1.768578947
3856,0.910526316,0.878947369,0.810526316,0.873684211,0.910526316,0.895105264,0.926684211,0.895105264,0.926684211,0.889842106,0.837
3857,2.315789474,2.35263158,2.236842106,2.331578948,2.221052632,2.295105264,2.326684211,2.30563158,2.326684211,2.295105264,2.252789474
3858,0.873684211,0.821052633,0.947368422,0.915789475,0.878947369,0.80563158,0.826684211,0.810894738,0.837210527,0.80563158,0.826473685
3859,1.747368421,1.842105263,1.826315789,1.794736842,1.721052631,1.679315789,1.705631579,1.684578947,1.710894737,1.674052631,1.605421053
3860,1.342105263,1.278947368,1.289473684,1.27368421,1.184210526,1.263526315,1.305631579,1.279315789,1.300368421,1.274052631,1.305421052
3861,1.815789474,1.731578948,1.684210527,1.747368422,1.600000001,1.753000001,1.789842106,1.768789474,1.774052632,1.747736843,1.731736843
3862,1.894736842,1.8,1.931578947,1.857894737,1.994736842,1.858263158,1.895105263,1.868789473,1.895105263,1.863526316,1.81068421
3863,0.831578947,0.821052631,0.763157894,0.752631578,0.836842105,0.789842105,0.816157894,0.795105262,0.82668421,0.795105262,0.768578947
3864,2.173684211,2.194736843,2.157894738,2.178947369,2.215789475,2.10563158,2.142473685,2.110894738,2.147736843,2.121421054,2.131736843
3865,1.968421053,2.131578948,2.005263159,2.047368422,1.95263158,1.87931579,1.900368422,1.889842106,1.90563158,1.874052632,1.884368422
3866,1.810526316,1.789473685,1.731578948,1.8,1.763157895,1.763526316,1.795105264,1.77931579,1.800368421,1.774052632,1.731736843
3867,1.910526316,1.863157895,1.842105264,1.847368421,1.794736843,1.874052632,1.905631579,1.884578948,1.900368421,1.874052632,1.831736843
3868,2.152631579,2.178947369,2.105263158,2.131578947,2.173684211,2.047736842,2.089842105,2.058263158,2.084578947,2.068789474,2.073842105
3869,1.736842105,1.578947368,1.715789473,1.689473684,1.67368421,1.72668421,1.758263157,1.737210526,1.763526315,1.72668421,1.636999999
3870,2.610526316,2.52631579,2.447368421,2.531578948,2.415789474,2.500368421,2.531947369,2.516157895,2.547736843,2.495105264,2.552789474
3871,1.942105263,1.957894737,1.978947368,1.942105263,1.936842105,1.937210526,1.958263158,1.942473684,1.968789473,1.942473684,1.879105263
3872,2.3,2.278947368,2.294736842,2.310526316,2.226315789,2.247736842,2.274052632,2.242473684,2.268789474,2.247736842,2.237
3873,0.784210526,0.778947368,0.736842105,0.689473684,0.710526315,0.695105263,0.716157894,0.70036842,0.721421052,0.70036842,0.747526315
3874,2.415789474,2.410526316,2.284210527,2.436842106,2.331578948,2.374052632,2.416157895,2.389842106,2.421421053,2.384578948,2.331736843
3875,0.821052632,0.815789475,0.815789475,0.915789475,0.794736843,0.77931579,0.800368422,0.77931579,0.80563158,0.77931579,0.710684211
3876,2.394736842,2.3,2.342105263,2.331578947,2.47368421,2.316157895,2.337210526,2.316157895,2.353,2.310894737,2.31068421
3877,0.742105263,0.821052631,0.747368421,0.8,0.831578947,0.695105263,0.721421052,0.695105263,0.731947368,0.705631579,0.679105263
3878,1.631578947,1.505263157,1.410526315,1.421052631,1.394736841,1.542473683,1.563526315,1.547736841,1.568789473,1.542473683,1.489631578
3879,1.947368421,1.915789474,1.889473684,1.863157895,1.931578947,1.931947368,1.963526316,1.937210526,1.963526316,1.931947368,1.852789474
3880,2.447368421,2.421052631,2.484210526,2.47368421,2.368421053,2.374052631,2.400368421,2.374052631,2.395105263,2.368789474,2.379105263
3881,1.421052632,1.373684211,1.321052632,1.357894738,1.331578948,1.363526317,1.400368422,1.374052632,1.395105264,1.368789475,1.337000001
3882,1.678947368,1.742105262,1.57368421,1.715789473,1.731578947,1.62668421,1.637210525,1.631947368,1.658263157,1.631947368,1.626473683
3883,2.3,2.478947368,2.315789474,2.278947368,2.336842105,2.305631579,2.337210526,2.316157895,2.353,2.316157895,2.168578947
3884,1.536842105,1.531578947,1.447368421,1.521052631,1.489473684,1.437210526,1.479315789,1.463526315,1.484578947,1.458263157,1.473842105
3885,1.957894737,1.878947369,1.973684211,1.994736842,1.910526316,1.87931579,1.910894737,1.889842106,1.910894737,1.87931579,1.847526316
3886,1.531578947,1.47368421,1.389473683,1.394736841,1.452631578,1.50036842,1.537210526,1.516157894,1.542473683,1.50036842,1.463315789
3887,0.715789474,0.747368422,0.605263159,0.72631579,0.768421053,0.637210527,0.658263159,0.642473685,0.67931579,0.642473685,0.66331579
3888,2.115789474,2.215789474,2.147368422,2.173684211,2.100000001,2.084578948,2.10563158,2.084578948,2.121421053,2.084578948,2.042263159
3889,2.673684211,2.757894738,2.710526317,2.636842106,2.631578948,2.558263159,2.595105264,2.574052633,2.600368422,2.558263159,2.579105264
3890,1.015789474,1.015789474,0.95263158,1.068421053,0.947368422,1.000368422,1.016157895,0.995105264,1.026684211,0.995105264,1.000157895
3891,2.873684211,2.821052633,2.878947369,2.868421054,2.800000001,2.747736843,2.784578948,2.774052633,2.784578948,2.758263159,2.78963158
3892,1.810526316,1.694736843,1.778947369,1.863157895,1.794736843,1.805631579,1.837210527,1.805631579,1.837210527,1.810894737,1.721210527
3893,1.142105263,1.084210526,1.184210526,1.136842105,1.07368421,1.089842105,1.100368421,1.079315789,1.105631579,1.079315789,1.042263158
3894,2.584210526,2.57368421,2.568421052,2.652631578,2.54736842,2.552999999,2.595105263,2.574052631,2.589842105,2.563526315,2.489631578
3895,1.747368421,1.77368421,1.610526316,1.678947368,1.615789474,1.668789474,1.700368421,1.684578947,1.710894737,1.674052631,1.663315789
3896,1.836842105,1.789473684,1.668421052,1.710526315,1.799999999,1.795105263,1.821421052,1.805631578,1.82668421,1.789842105,1.831736842
3897,1.678947368,1.710526315,1.652631578,1.705263157,1.531578947,1.610894736,1.637210525,1.616157894,1.637210525,1.610894736,1.621210525
3898,2.178947368,2.194736841,2.168421052,2.199999999,2.257894736,2.12668421,2.152999999,2.131947368,2.168789473,2.121421052,2.08436842
3899,1.784210526,1.789473684,1.789473684,1.826315789,1.768421052,1.731947368,1.763526315,1.747736841,1.774052631,1.747736841,1.726473684
3900,1.989473684,1.984210526,2.010526315,2.094736842,2.121052631,1.958263157,1.979315789,1.958263157,1.979315789,1.953,1.915947368
3901,1.205263158,1.242105263,1.173684211,1.178947369,1.136842105,1.158263158,1.17931579,1.163526316,1.189842105,1.158263158,1.173842105
3902,2.815789474,2.784210527,2.778947369,2.915789474,2.757894737,2.695105264,2.731947369,2.70563158,2.742473685,2.70563158,2.747526316
3903,1.968421053,1.947368422,1.847368422,1.868421053,1.82631579,1.953000001,1.97931579,1.958263159,1.984578948,1.953000001,1.879105264
3904,2.931578947,2.852631578,2.84736842,2.794736841,2.826315789,2.895105262,2.92668421,2.910894736,2.937210526,2.90036842,2.921210526
3905,0.868421053,0.815789474,0.747368422,0.747368422,0.836842106,0.810894738,0.858263159,0.821421053,0.853000001,0.826684211,0.837000001
3906,1.778947368,1.731578947,1.77368421,1.794736841,1.610526315,1.668789473,1.705631578,1.679315789,1.710894736,1.663526315,1.715947368
3907,1.884210526,1.784210526,1.863157894,1.826315789,1.736842105,1.810894736,1.847736841,1.831947368,1.852999999,1.821421052,1.789631578
3908,2.078947368,2.04736842,2.042105262,2.021052631,2.094736841,2.063526315,2.10036842,2.068789473,2.105631578,2.063526315,2.021210525
3909,1.526315789,1.478947367,1.531578946,1.515789473,1.442105262,1.510894736,1.542473683,1.521421052,1.542473683,1.516157894,1.489631578
3910,2.557894737,2.568421053,2.631578948,2.431578948,2.484210527,2.526684211,2.558263158,2.531947369,2.553,2.516157895,2.473842106
3911,1.931578947,1.94736842,1.957894736,1.868421052,1.831578947,1.889842105,1.92668421,1.910894736,1.937210526,1.905631578,1.88436842
3912,2.568421053,2.678947369,2.536842106,2.515789474,2.621052632,2.474052632,2.510894738,2.489842106,2.516157895,2.495105264,2.510684211
3913,2.042105263,1.97368421,2.015789473,1.984210526,1.910526315,1.989842105,2.016157894,2.000368421,2.021421052,1.979315789,1.952789473
3914,2.031578947,2.04736842,2.105263157,2.084210526,2.063157894,1.958263157,1.974052631,1.963526315,1.989842105,1.963526315,1.973842105
3915,1.473684211,1.473684211,1.536842106,1.489473685,1.500000001,1.368789475,1.40563158,1.384578948,1.400368422,1.374052633,1.405421054
3916,2.378947368,2.215789473,2.268421052,2.136842104,2.115789473,2.30036842,2.321421052,2.305631578,2.337210525,2.289842104,2.273842104
3917,1.531578947,1.421052631,1.484210526,1.357894736,1.421052631,1.489842105,1.516157894,1.50036842,1.531947368,1.484578947,1.51068421
3918,1.826315789,1.87368421,1.752631578,1.863157894,1.815789473,1.831947367,1.852999999,1.842473683,1.868789473,1.837210525,1.736999999
3919,1.394736842,1.394736842,1.384210526,1.315789473,1.4,1.353,1.384578947,1.368789473,1.384578947,1.353,1.352789473
3920,2.042105263,1.936842105,1.989473684,1.947368421,1.957894737,1.942473684,1.968789473,1.953,1.979315789,1.947736842,1.989631579
3921,2.268421053,2.278947369,2.305263159,2.200000001,2.315789474,2.210894738,2.242473685,2.221421053,2.247736843,2.210894738,2.226473685
3922,2.584210526,2.442105263,2.415789473,2.431578947,2.484210526,2.474052631,2.50036842,2.479315789,2.505631578,2.474052631,2.473842105
3923,2.121052632,2.142105264,1.915789475,2.068421053,2.057894738,2.031947369,2.074052632,2.047736843,2.063526317,2.037210527,2.058052632
3924,2.068421053,2.121052632,2.02631579,2.005263159,2.094736843,2.037210527,2.068789474,2.053000001,2.068789474,2.047736843,2.031736843
3925,1.910526316,1.805263158,1.747368421,1.836842106,1.757894737,1.831947369,1.874052632,1.847736843,1.884578948,1.842473685,1.868578948
3926,2.315789474,2.315789474,2.257894737,2.310526316,2.247368422,2.221421053,2.258263159,2.226684211,2.258263159,2.221421053,2.294894737
3927,1.605263158,1.689473684,1.573684211,1.710526316,1.663157895,1.537210527,1.558263158,1.542473684,1.558263158,1.542473684,1.547526316
3928,2.168421053,2.100000001,2.131578948,2.084210527,2.136842106,2.07931579,2.110894738,2.084578948,2.126684211,2.07931579,2.08963158
3929,1.584210526,1.657894736,1.589473684,1.652631578,1.54736842,1.552999999,1.589842105,1.552999999,1.60036842,1.563526315,1.458052631
3930,2.747368421,2.678947368,2.715789474,2.694736842,2.57368421,2.710894737,2.747736842,2.716157895,2.747736842,2.716157895,2.737
3931,1.721052632,1.72631579,1.894736843,1.810526317,1.805263159,1.700368422,1.716157896,1.700368422,1.716157896,1.695105264,1.679105264
3932,1.894736842,1.805263158,1.810526316,1.889473684,1.889473684,1.853,1.874052631,1.847736842,1.874052631,1.847736842,1.837
3933,1.831578947,1.710526315,1.757894736,1.799999999,1.721052631,1.752999999,1.789842105,1.768789473,1.789842105,1.752999999,1.779105262
3934,1.9,1.863157895,1.910526316,1.863157895,1.926315789,1.910894737,1.937210526,1.905631579,1.947736842,1.916157895,1.842263158
3935,2.094736842,2.031578947,1.989473684,2.105263158,2.015789473,2.079315789,2.110894737,2.095105263,2.12668421,2.089842105,2.058052631
3936,2.089473684,2.078947368,1.936842105,1.994736842,1.978947368,2.095105263,2.121421052,2.095105263,2.137210526,2.089842105,2.037
3937,2.131578947,2.126315789,2.142105262,2.199999999,2.189473683,2.068789473,2.095105262,2.089842105,2.110894736,2.074052631,2.079105262
3938,0.810526316,0.8,0.831578948,0.731578948,0.857894737,0.647736843,0.689842106,0.663526316,0.684578948,0.658263158,0.742263158
3939,1.536842105,1.457894736,1.463157894,1.415789473,1.463157894,1.489842105,1.521421052,1.505631578,1.531947368,1.505631578,1.515947368
3940,2.631578947,2.489473683,2.442105262,2.478947368,2.436842105,2.584578947,2.631947368,2.605631578,2.637210526,2.60036842,2.542263157
3941,2.515789474,2.52631579,2.536842106,2.573684211,2.405263159,2.431947369,2.463526316,2.437210527,2.463526316,2.437210527,2.473842106
3942,1.952631579,1.9,1.784210526,1.92631579,1.821052632,1.821421053,1.853,1.826684211,1.853,1.831947369,1.86331579
3943,1.689473684,1.526315789,1.463157894,1.5,1.5,1.653,1.684578947,1.668789473,1.695105263,1.658263157,1.605421052
3944,1.515789474,1.573684211,1.563157895,1.473684211,1.457894737,1.495105264,1.521421053,1.50563158,1.526684211,1.495105264,1.48963158
3945,1.4,1.368421053,1.431578947,1.373684211,1.331578947,1.326684211,1.368789474,1.347736842,1.368789474,1.342473684,1.310684211
3946,2.257894737,2.221052632,2.210526316,2.136842106,2.178947369,2.163526316,2.189842106,2.174052632,2.189842106,2.163526316,2.189631579
3947,0.810526316,0.736842106,0.794736843,0.757894737,0.72631579,0.737210527,0.768789474,0.753,0.774052632,0.737210527,0.758052632
3948,1.331578947,1.478947368,1.24736842,1.352631578,1.257894736,1.231947368,1.268789473,1.237210526,1.274052631,1.231947368,1.263315789
3949,1.473684211,1.405263159,1.505263159,1.42631579,1.278947369,1.442473685,1.47931579,1.458263159,1.484578948,1.458263159,1.36331579
3950,1.531578947,1.526315789,1.468421052,1.494736841,1.44736842,1.479315789,1.516157894,1.489842105,1.521421052,1.489842105,1.421210526
3951,1.526315789,1.599999999,1.599999999,1.536842104,1.426315789,1.442473683,1.479315789,1.463526315,1.484578946,1.447736841,1.473842104
3952,2.931578947,2.942105262,2.963157894,2.994736841,2.878947368,2.852999999,2.889842105,2.863526315,2.884578947,2.874052631,2.88436842
3953,1.184210526,1.121052631,1.163157894,1.115789473,1.152631578,1.179315789,1.205631578,1.184578947,1.210894736,1.168789473,1.142263157
3954,1.226315789,1.115789473,1.105263157,1.163157894,1.010526315,1.195105262,1.22668421,1.195105262,1.231947367,1.20036842,1.152789473
3955,2.447368421,2.421052631,2.4,2.47368421,2.426315789,2.384578947,2.410894737,2.395105263,2.421421053,2.389842105,2.368578947
3956,1.694736842,1.594736842,1.542105263,1.6,1.642105263,1.589842105,1.631947368,1.600368421,1.621421052,1.589842105,1.652789473
3957,1.557894737,1.594736842,1.521052632,1.531578948,1.647368421,1.474052632,1.505631579,1.474052632,1.505631579,1.474052632,1.484368421
3958,2.357894737,2.263157895,2.273684211,2.210526316,2.236842106,2.274052632,2.295105263,2.274052632,2.305631579,2.263526316,2.247526316
3959,1.8,1.810526316,1.784210526,1.815789474,1.768421053,1.737210526,1.774052632,1.747736842,1.784578947,1.747736842,1.731736842
3960,0.957894737,0.931578948,0.836842106,0.921052632,0.821052632,0.931947369,0.958263158,0.937210527,0.958263158,0.926684211,0.905421053
3961,2.4,2.478947368,2.342105263,2.463157895,2.373684211,2.326684211,2.353,2.331947368,2.368789474,2.331947368,2.342263158
3962,2.268421053,2.168421053,2.121052632,2.157894738,2.089473685,2.189842106,2.221421053,2.200368422,2.231947369,2.184578948,2.194894738
3963,1.815789474,1.747368422,1.800000001,1.847368422,1.868421053,1.70563158,1.747736843,1.726684211,1.758263159,1.721421053,1.773842106
3964,1.668421053,1.778947369,1.694736843,1.721052632,1.657894738,1.631947369,1.668789474,1.647736843,1.67931579,1.647736843,1.621210527
3965,1.663157895,1.642105264,1.700000001,1.584210527,1.684210527,1.610894737,1.647736843,1.616157895,1.637210527,1.610894737,1.626473685
3966,1.989473684,2.021052631,1.968421052,2.063157894,1.952631579,1.900368421,1.92668421,1.900368421,1.937210526,1.895105263,1.894894736
3967,1.726315789,1.599999999,1.699999999,1.463157894,1.526315789,1.705631578,1.737210525,1.716157894,1.747736841,1.710894736,1.679105262
3968,1.947368421,1.894736842,1.768421053,1.8,1.826315789,1.916157895,1.958263158,1.942473684,1.963526316,1.92668421,1.826473684
3969,2.552631579,2.542105263,2.589473684,2.515789474,2.52631579,2.500368421,2.531947369,2.505631579,2.537210526,2.510894737,2.46331579
3970,1.663157895,1.705263158,1.815789474,1.710526316,1.805263158,1.668789474,1.684578948,1.674052632,1.705631579,1.653000001,1.626473685
3971,1.236842105,1.210526315,1.189473684,1.205263157,1.199999999,1.205631578,1.242473684,1.221421052,1.247736842,1.216157894,1.163315789
3972,1.368421053,1.305263159,1.215789474,1.236842106,1.168421053,1.300368422,1.331947369,1.310894738,1.342473685,1.30563158,1.300157895
3973,0.989473684,0.942105263,1.031578947,0.989473684,0.989473684,0.92668421,0.958263157,0.937210526,0.963526315,0.937210526,0.958052631
3974,1.894736842,2.015789473,1.931578947,2.010526316,1.863157895,1.784578947,1.821421052,1.795105263,1.82668421,1.795105263,1.842263158
3975,2.531578947,2.57368421,2.468421052,2.478947368,2.536842105,2.521421052,2.563526315,2.521421052,2.563526315,2.52668421,2.463315789
3976,1.289473684,1.205263157,1.184210526,1.252631579,1.257894736,1.179315789,1.195105263,1.184578947,1.205631579,1.179315789,1.294894736
3977,1.863157895,1.847368422,1.831578948,1.889473685,1.92631579,1.810894737,1.837210527,1.810894737,1.853000001,1.810894737,1.789631579
3978,1.4,1.263157895,1.189473684,1.315789474,1.257894737,1.442473684,1.468789474,1.447736842,1.474052632,1.442473684,1.331736842
3979,2.336842105,2.384210526,2.315789473,2.342105263,2.257894736,2.274052631,2.305631578,2.289842105,2.32668421,2.289842105,2.268578947
3980,1.884210526,1.868421052,1.784210526,1.789473684,1.842105263,1.795105263,1.82668421,1.805631578,1.831947368,1.805631578,1.81068421
3981,1.568421053,1.536842106,1.489473685,1.431578948,1.600000001,1.47931579,1.526684211,1.495105264,1.521421053,1.489842106,1.505421053
3982,1.873684211,1.72631579,1.810526317,1.784210527,1.810526317,1.747736843,1.774052633,1.763526317,1.789842106,1.758263159,1.837000001
3983,1.889473684,1.87368421,1.889473684,1.889473684,1.742105263,1.82668421,1.847736842,1.821421052,1.853,1.82668421,1.81068421
3984,1.484210526,1.421052631,1.505263157,1.463157894,1.515789473,1.452999999,1.495105263,1.463526315,1.505631578,1.463526315,1.41068421
3985,2.484210526,2.47368421,2.552631578,2.426315789,2.421052631,2.389842105,2.421421052,2.405631578,2.42668421,2.405631578,2.405421052
3986,1.789473684,1.8,1.67368421,1.831578947,1.768421052,1.731947368,1.774052631,1.753,1.784578947,1.742473684,1.71068421
3987,1.889473684,1.778947368,1.810526315,1.842105263,1.757894736,1.831947368,1.858263157,1.847736842,1.874052631,1.842473684,1.858052631
3988,1.589473684,1.505263157,1.531578947,1.584210526,1.6,1.547736842,1.574052631,1.553,1.574052631,1.547736842,1.563315789
3989,1.547368421,1.357894737,1.357894737,1.468421053,1.436842105,1.468789474,1.500368421,1.479315789,1.505631579,1.463526316,1.484368421
3990,1.347368421,1.421052631,1.305263158,1.447368421,1.352631579,1.310894737,1.342473684,1.321421053,1.353,1.321421053,1.289631579
3991,1.652631579,1.657894737,1.72631579,1.631578947,1.668421053,1.57931579,1.605631579,1.589842105,1.616157895,1.584578947,1.568578947
3992,1.684210526,1.705263157,1.552631578,1.821052631,1.694736841,1.610894736,1.658263157,1.62668421,1.652999999,1.621421052,1.679105263
3993,1.836842105,1.715789473,1.610526315,1.715789473,1.763157894,1.779315789,1.821421052,1.795105263,1.821421052,1.789842105,1.794894736
3994,2.042105263,2.07368421,2.052631579,2.084210526,2.105263158,1.931947368,1.979315789,1.937210526,1.968789473,1.937210526,2.01068421
3995,1.915789474,2.010526316,1.910526316,1.857894737,1.857894737,1.895105264,1.921421053,1.910894737,1.926684211,1.895105264,1.873842106
3996,2.194736842,2.136842105,2.1,2.126315789,2.015789473,2.131947368,2.179315789,2.147736842,2.174052631,2.137210526,2.121210526
3997,2.684210526,2.499999999,2.521052631,2.605263157,2.64736842,2.62668421,2.652999999,2.642473684,2.658263157,2.616157894,2.631736841
3998,1.615789474,1.594736843,1.563157895,1.600000001,1.72631579,1.484578948,1.510894737,1.495105264,1.526684211,1.489842106,1.56331579
3999,1.752631579,1.747368421,1.757894737,1.768421053,1.868421053,1.695105263,1.721421053,1.700368421,1.731947369,1.695105263,1.673842105
4000,1.957894737,2.105263158,1.984210527,2.031578948,1.968421053,1.900368421,1.942473685,1.910894737,1.937210527,1.910894737,1.879105263
4001,2.242105263,2.315789473,2.247368421,2.184210526,2.305263158,2.216157894,2.247736842,2.221421052,2.247736842,2.210894737,2.189631579
4002,0.910526316,0.942105264,0.757894737,0.836842106,0.784210527,0.910894737,0.947736843,0.910894737,0.953,0.910894737,0.815947369
4003,1.7,1.689473684,1.689473684,1.7,1.752631579,1.568789474,1.605631579,1.579315789,1.610894737,1.579315789,1.626473684
4004,1.810526316,1.763157895,1.763157895,1.831578948,1.768421053,1.731947369,1.753,1.742473685,1.758263158,1.731947369,1.800157895
4005,1.878947368,1.894736841,1.915789473,1.905263157,1.899999999,1.789842104,1.816157894,1.795105262,1.816157894,1.784578947,1.81068421
4006,2.142105263,2.236842105,2.131578947,2.110526315,2.136842105,2.089842105,2.105631579,2.089842105,2.116157894,2.079315789,2.058052631
4007,1.915789474,1.784210527,1.715789474,1.800000001,1.763157895,1.831947369,1.868789474,1.858263159,1.884578948,1.847736843,1.831736843
4008,1.921052632,1.85263158,1.905263159,1.942105264,1.831578948,1.837210527,1.87931579,1.858263159,1.87931579,1.837210527,1.88963158
4009,1.931578947,1.74736842,1.77368421,1.810526315,1.87368421,1.879315789,1.910894736,1.895105262,1.910894736,1.884578947,1.852789473
4010,3.089473684,3.1,3.110526315,3.1,2.989473684,3.058263157,3.084578947,3.074052631,3.100368421,3.063526315,3.015947368
4011,1.594736842,1.57368421,1.37368421,1.526315789,1.436842105,1.479315789,1.500368421,1.479315789,1.516157895,1.479315789,1.573842105
4012,2.005263158,2,2.042105263,2.1,2.021052632,1.947736842,1.984578948,1.958263158,1.984578948,1.953,1.984368421
4013,2.021052632,1.957894738,2.089473685,2.05263158,2.015789475,1.974052632,2.00563158,1.984578948,2.021421053,1.984578948,1.910684211
4014,1.726315789,1.752631578,1.694736841,1.726315789,1.657894736,1.642473683,1.674052631,1.652999999,1.684578946,1.642473683,1.668578946
4015,1.121052632,1.136842106,1.121052632,0.978947369,1.163157896,1.058263159,1.084578948,1.068789475,1.089842106,1.063526317,1.021210527
4016,1.415789474,1.584210527,1.510526316,1.45263158,1.45263158,1.358263159,1.389842106,1.368789474,1.389842106,1.358263159,1.421210527
4017,0.9,0.826315789,0.915789474,0.878947368,0.826315789,0.863526316,0.895105263,0.874052632,0.900368421,0.874052632,0.894894737
4018,2.663157895,2.778947369,2.72631579,2.805263158,2.62631579,2.568789474,2.610894737,2.584578948,2.610894737,2.57931579,2.673842106
4019,1.468421053,1.505263159,1.373684211,1.436842106,1.431578948,1.37931579,1.395105264,1.384578948,1.410894738,1.374052632,1.400157895
4020,1.652631579,1.757894737,1.642105263,1.694736842,1.589473684,1.568789474,1.600368421,1.57931579,1.595105263,1.574052632,1.573842105
4021,2.942105263,2.778947368,2.889473684,2.805263158,2.763157894,2.868789473,2.916157894,2.879315789,2.905631579,2.889842105,2.873842105
4022,2.168421053,2.236842106,2.157894738,2.205263159,2.078947369,2.074052632,2.10563158,2.07931579,2.110894738,2.084578948,2.068578948
4023,1.547368421,1.494736842,1.526315789,1.557894737,1.510526316,1.500368421,1.542473684,1.510894737,1.542473684,1.505631579,1.515947368
4024,1.578947368,1.710526315,1.657894736,1.763157894,1.736842104,1.495105262,1.52668421,1.505631578,1.521421052,1.489842104,1.48436842
4025,1.457894737,1.505263158,1.463157895,1.452631579,1.384210527,1.384578948,1.416157895,1.410894737,1.426684211,1.400368421,1.36331579
4026,2.231578947,2.168421052,2.205263157,2.205263157,2.157894736,2.189842105,2.221421052,2.189842105,2.231947368,2.195105262,2.147526315
4027,2.310526316,2.289473685,2.305263158,2.284210527,2.289473685,2.200368421,2.237210527,2.216157895,2.247736843,2.205631579,2.247526316
4028,2.089473684,2.084210526,2,2.110526315,2.052631579,2.079315789,2.116157894,2.084578947,2.116157894,2.084578947,2.000157894
4029,2.410526316,2.421052632,2.42631579,2.447368421,2.357894737,2.37931579,2.410894737,2.389842106,2.421421053,2.37931579,2.305421053
4030,2.547368421,2.678947368,2.647368421,2.589473684,2.452631579,2.510894737,2.531947368,2.510894737,2.542473684,2.510894737,2.463315789
4031,1.989473684,1.978947368,1.878947368,1.952631579,1.831578947,1.910894736,1.931947368,1.921421052,1.937210526,1.921421052,1.926473684
4032,2.468421053,2.300000001,2.278947369,2.342105264,2.294736843,2.421421053,2.453000001,2.437210527,2.463526317,2.421421053,2.505421053
4033,1.684210526,1.689473684,1.594736841,1.599999999,1.557894736,1.547736841,1.568789473,1.552999999,1.584578947,1.552999999,1.642263157
4034,2.189473684,2.157894736,2.07368421,2.07368421,2.015789473,2.095105263,2.137210526,2.100368421,2.131947368,2.110894736,2.142263157
4035,1.952631579,1.889473684,1.957894737,1.873684211,1.878947369,1.937210526,1.968789474,1.942473684,1.974052632,1.937210526,1.926473684
4036,2.247368421,2.210526316,2.221052631,2.278947368,2.226315789,2.147736842,2.184578947,2.163526316,2.184578947,2.153,2.226473684
4037,2.789473684,2.784210526,2.731578947,2.715789473,2.67368421,2.716157894,2.747736842,2.721421052,2.753,2.72668421,2.752789473
4038,1.752631579,1.721052632,1.763157895,1.763157895,1.689473684,1.737210526,1.774052632,1.753,1.77931579,1.737210526,1.705421053
4039,2.310526316,2.252631579,2.173684211,2.242105264,2.136842106,2.310894737,2.342473685,2.316157895,2.347736843,2.321421053,2.210684211
4040,1.7,1.589473684,1.621052632,1.615789474,1.657894737,1.616157895,1.658263158,1.637210526,1.674052632,1.637210526,1.600157895
4041,1.4,1.442105263,1.315789474,1.394736842,1.4,1.300368421,1.337210526,1.316157895,1.331947368,1.316157895,1.331736842
4042,1.963157895,2.105263158,1.942105264,2.042105264,2.010526316,1.910894737,1.947736843,1.921421053,1.947736843,1.910894737,1.942263158
4043,2.731578947,2.721052631,2.77368421,2.694736841,2.584210526,2.642473683,2.684578947,2.652999999,2.679315789,2.647736841,2.636999999
4044,1.147368421,1.052631579,1.057894737,1.1,0.989473684,1.116157895,1.142473684,1.12668421,1.158263158,1.12668421,1.073842105
4045,1.089473684,1.057894736,1.047368421,1.07368421,1.110526315,1.016157894,1.053,1.021421052,1.053,1.016157894,1.021210526
4046,1.689473684,1.815789473,1.726315789,1.768421052,1.747368421,1.679315789,1.710894736,1.689842105,1.721421052,1.684578947,1.689631579
4047,2.4,2.426315789,2.421052632,2.494736842,2.457894737,2.368789474,2.400368421,2.368789474,2.400368421,2.368789474,2.310684211
4048,1.905263158,1.821052632,1.8,1.910526316,1.773684211,1.884578948,1.916157895,1.905631579,1.926684211,1.895105263,1.868578948
4049,2.210526316,2.173684211,2.247368421,2.263157895,2.273684211,2.137210527,2.163526316,2.153,2.174052632,2.142473685,2.168578948
4050,2.157894737,2.015789474,2.12631579,2.173684211,2.052631579,2.084578948,2.116157895,2.095105263,2.121421053,2.095105263,2.084368421
4051,2.194736842,2.221052631,2.163157895,2.331578947,2.294736842,2.105631579,2.147736842,2.121421052,2.153,2.121421052,2.184368421
4052,1.836842105,1.768421052,1.799999999,1.847368421,1.857894736,1.795105263,1.831947368,1.805631578,1.837210526,1.800368421,1.736999999
4053,2.021052632,2.031578948,2.073684211,2.005263159,2.005263159,1.963526317,2.00563158,1.97931579,2.010894738,1.968789475,1.937000001
4054,2.210526316,2.363157895,2.378947369,2.289473685,2.189473685,2.158263158,2.184578948,2.163526316,2.200368421,2.163526316,2.168578948
4055,1.705263158,1.694736842,1.7,1.636842105,1.7,1.637210527,1.674052632,1.642473684,1.674052632,1.637210527,1.594894737
4056,2.010526316,2.084210527,2.068421053,1.957894737,1.984210527,1.968789474,1.989842106,1.968789474,1.989842106,1.953,1.96331579
4057,1.526315789,1.510526315,1.599999999,1.57368421,1.526315789,1.489842104,1.521421052,1.50036842,1.531947367,1.495105262,1.515947367
4058,1.478947368,1.415789473,1.484210525,1.478947368,1.394736841,1.489842104,1.521421052,1.510894736,1.537210525,1.495105262,1.405421052
4059,2.563157895,2.668421053,2.568421053,2.663157895,2.584210527,2.568789474,2.600368422,2.574052632,2.600368422,2.568789474,2.531736843
4060,2.015789474,1.957894737,1.82631579,1.894736843,1.968421053,1.942473685,1.968789474,1.942473685,1.97931579,1.937210527,1.979105264
4061,2.010526316,2.063157895,2.078947369,2.031578948,2.068421053,1.97931579,1.995105264,1.974052632,2.010894737,1.974052632,1.942263158
4062,2.236842105,2.205263157,2.089473684,2.210526315,2.184210526,2.179315789,2.216157894,2.179315789,2.210894736,2.179315789,2.221210526
4063,1.589473684,1.5,1.5,1.557894736,1.5,1.489842105,1.510894736,1.500368421,1.52668421,1.489842105,1.484368421
4064,1.410526316,1.42631579,1.421052632,1.373684211,1.284210527,1.368789474,1.400368421,1.374052632,1.405631579,1.368789474,1.321210527
4065,1.452631579,1.373684211,1.452631579,1.4,1.263157895,1.389842105,1.431947369,1.395105263,1.426684211,1.395105263,1.410684211
4066,1.173684211,1.294736843,1.289473685,1.215789475,1.242105264,1.121421054,1.158263159,1.126684211,1.174052633,1.142473685,1.110684211
4067,1.152631579,1.263157895,1.168421053,1.121052632,1.110526316,1.095105263,1.121421053,1.105631579,1.131947369,1.105631579,1.089631579
4068,1.226315789,1.27368421,1.289473683,1.194736841,1.226315789,1.179315789,1.205631578,1.174052631,1.210894736,1.179315789,1.136999999
4069,1.726315789,1.831578946,1.789473683,1.836842104,1.784210525,1.668789473,1.70036842,1.674052631,1.705631578,1.658263157,1.658052631
4070,1.194736842,1.189473684,1.126315789,1.157894737,1.189473684,1.12668421,1.158263158,1.142473684,1.168789473,1.137210526,1.100157895
4071,1.194736842,1.063157895,1.184210526,1.094736842,1.121052631,1.105631579,1.142473684,1.12668421,1.158263158,1.110894737,1.105421052
4072,1.442105263,1.257894737,1.321052631,1.368421052,1.263157894,1.410894737,1.442473684,1.42668421,1.437210526,1.421421052,1.326473684
4073,1.547368421,1.468421053,1.47368421,1.4,1.457894737,1.468789474,1.505631579,1.479315789,1.500368421,1.479315789,1.468578947
4074,2.873684211,2.847368422,2.910526317,2.905263159,2.878947369,2.858263159,2.87931579,2.874052633,2.895105264,2.853000001,2.805421054
4075,1.568421053,1.600000001,1.657894738,1.663157895,1.578947369,1.563526317,1.589842106,1.568789474,1.600368422,1.574052632,1.473842106
4076,1.973684211,2.000000001,1.900000001,1.942105264,1.994736843,1.937210527,1.968789475,1.947736843,1.974052633,1.942473685,1.873842106
4077,2.236842105,2.252631578,2.105263157,2.157894736,2.147368421,2.174052631,2.205631578,2.184578947,2.216157894,2.179315789,2.168578947
4078,1.710526316,1.642105264,1.652631579,1.584210527,1.742105264,1.684578948,1.716157895,1.689842106,1.716157895,1.689842106,1.605421053
4079,2.3,2.247368421,2.184210526,2.221052632,2.226315789,2.289842105,2.326684211,2.295105263,2.321421053,2.284578947,2.258052632
4080,1.510526316,1.510526316,1.468421053,1.52631579,1.489473685,1.389842106,1.405631579,1.395105264,1.426684211,1.384578948,1.473842106
4081,0.826315789,0.799999999,0.699999999,0.794736841,0.721052631,0.779315789,0.805631578,0.795105262,0.816157894,0.779315789,0.78436842
4082,2.078947368,2.184210525,2.084210525,2.094736841,2.04736842,2.016157894,2.037210525,2.016157894,2.047736841,2.016157894,2.021210525
4083,3.189473684,3.115789473,3.110526315,3.084210526,3.115789473,3.163526315,3.189842105,3.168789473,3.189842105,3.168789473,3.115947368
4084,1.884210526,2.057894736,1.868421052,2.015789473,1.884210526,1.82668421,1.858263157,1.831947368,1.863526315,1.82668421,1.831736841
4085,1.978947368,1.857894736,1.810526315,1.936842104,1.931578947,1.921421052,1.952999999,1.921421052,1.952999999,1.931947368,1.900157894
4086,1.578947368,1.589473683,1.694736841,1.531578947,1.54736842,1.521421052,1.547736841,1.52668421,1.542473683,1.510894736,1.48436842
4087,1.2,1.226315789,1.221052632,1.173684211,1.173684211,1.153,1.184578947,1.158263158,1.189842105,1.163526316,1.142263158
4088,1.894736842,1.831578947,1.77368421,1.721052631,1.836842105,1.837210526,1.868789473,1.847736842,1.868789473,1.831947368,1.794894737
4089,1.426315789,1.478947367,1.54736842,1.405263157,1.342105262,1.379315789,1.410894736,1.395105262,1.421421052,1.389842104,1.379105262
4090,1.878947368,1.821052631,1.931578947,1.763157894,1.810526315,1.810894736,1.842473683,1.831947368,1.842473683,1.821421052,1.879105262
4091,1.094736842,1.152631579,1.068421052,1.094736842,1.057894737,1.016157895,1.047736842,1.02668421,1.053,1.02668421,1.037
4092,1.605263158,1.410526316,1.484210527,1.447368421,1.352631579,1.595105263,1.621421053,1.605631579,1.631947369,1.600368421,1.521210527
4093,1.478947368,1.442105262,1.294736841,1.405263157,1.363157894,1.421421052,1.458263157,1.437210525,1.458263157,1.421421052,1.458052631
4094,1.726315789,1.678947367,1.594736841,1.605263157,1.599999999,1.642473683,1.674052631,1.652999999,1.668789473,1.642473683,1.615947367
4095,1.489473684,1.326315789,1.505263157,1.4,1.436842105,1.410894736,1.437210526,1.416157894,1.447736842,1.416157894,1.51068421
4096,2.252631579,2.231578947,2.163157895,2.273684211,2.178947369,2.163526316,2.189842105,2.168789474,2.205631579,2.163526316,2.205421053
4097,1.752631579,1.868421053,1.852631579,1.894736842,1.857894737,1.721421053,1.747736842,1.726684211,1.758263158,1.731947369,1.694894737
4098,2.5,2.584210526,2.447368421,2.615789474,2.478947368,2.458263158,2.489842105,2.458263158,2.505631579,2.468789474,2.442263158
4099,1.236842105,1.063157894,1.110526315,1.215789473,1.057894736,1.163526315,1.200368421,1.163526315,1.205631578,1.168789473,1.147526315
4100,1.805263158,1.715789474,1.605263158,1.757894737,1.810526316,1.737210527,1.768789474,1.747736842,1.768789474,1.753,1.679105263
4101,2.042105263,2.057894737,2.068421052,2.026315789,2.042105263,1.953,1.979315789,1.958263158,1.984578947,1.958263158,1.963315789
4102,2.463157895,2.421052632,2.415789474,2.394736843,2.484210527,2.431947369,2.458263158,2.437210527,2.468789474,2.431947369,2.431736843
4103,1.884210526,1.826315789,1.794736841,1.815789473,1.757894736,1.80036842,1.82668421,1.816157894,1.842473684,1.810894736,1.815947368
4104,1.494736842,1.426315789,1.463157895,1.389473684,1.426315789,1.410894737,1.437210526,1.431947368,1.453,1.421421052,1.463315789
4105,0.731578947,0.599999999,0.721052631,0.715789473,0.715789473,0.70036842,0.737210526,0.705631578,0.721421052,0.705631578,0.626473683
4106,1.710526316,1.72631579,1.810526316,1.673684211,1.768421053,1.658263158,1.689842106,1.663526316,1.700368421,1.658263158,1.631736843
4107,1.336842105,1.289473684,1.326315789,1.278947368,1.289473684,1.342473684,1.374052631,1.347736842,1.379315789,1.352999999,1.236999999
4108,2.289473684,2.147368421,2.136842105,2.152631579,2.168421052,2.263526315,2.289842105,2.274052631,2.295105263,2.263526315,2.205421052
4109,1.252631579,1.42631579,1.373684211,1.321052632,1.373684211,1.195105263,1.226684211,1.205631579,1.226684211,1.189842105,1.258052632
4110,1.557894737,1.478947369,1.52631579,1.547368421,1.584210527,1.447736842,1.474052632,1.453,1.47931579,1.437210527,1.479105263
4111,1.642105263,1.494736842,1.436842105,1.489473684,1.405263158,1.605631579,1.647736842,1.62668421,1.658263158,1.621421052,1.594894737
4112,1.705263158,1.684210527,1.684210527,1.642105263,1.705263158,1.668789474,1.695105263,1.668789474,1.710894737,1.668789474,1.705421053
4113,2.426315789,2.352631578,2.431578946,2.478947367,2.457894736,2.30036842,2.342473683,2.32668421,2.352999999,2.321421052,2.331736841
4114,1.736842105,1.768421052,1.663157894,1.799999999,1.794736842,1.679315789,1.700368421,1.679315789,1.721421052,1.679315789,1.721210526
4115,1.589473684,1.647368421,1.621052631,1.589473684,1.615789473,1.558263157,1.589842105,1.568789473,1.584578947,1.558263157,1.463315789
4116,2.736842105,2.715789473,2.684210526,2.652631578,2.736842105,2.674052631,2.695105263,2.674052631,2.705631578,2.674052631,2.668578947
4117,1.710526316,1.584210527,1.610526316,1.752631579,1.657894737,1.584578948,1.616157895,1.595105264,1.621421053,1.595105264,1.652789474
4118,2.257894737,2.331578948,2.22631579,2.321052632,2.284210527,2.216157895,2.247736842,2.226684211,2.253,2.221421053,2.16331579
4119,1.894736842,1.810526316,1.878947368,1.847368421,1.8,1.82668421,1.858263158,1.837210526,1.863526316,1.837210526,1.863315789
4120,2.468421053,2.500000001,2.447368422,2.484210527,2.473684211,2.447736843,2.47931579,2.463526317,2.489842106,2.463526317,2.358052632
4121,1.821052632,1.721052632,1.75263158,1.621052632,1.700000001,1.816157896,1.853000001,1.826684211,1.858263159,1.821421053,1.768578948
4122,1.257894737,1.163157895,1.178947369,1.178947369,1.205263158,1.189842106,1.221421053,1.189842106,1.226684211,1.184578948,1.173842106
4123,2.852631579,2.873684211,2.878947369,2.884210526,2.910526316,2.805631579,2.842473684,2.816157895,2.831947369,2.800368421,2.842263158
4124,2.084210526,2.121052631,2.063157894,2.094736841,2.121052631,2.005631578,2.031947368,2.016157894,2.042473684,2.005631578,2.068578947
4125,1.826315789,1.768421052,1.742105262,1.742105262,1.67368421,1.705631578,1.737210525,1.716157894,1.742473683,1.716157894,1.78436842
4126,2.357894737,2.289473685,2.357894737,2.294736842,2.268421053,2.226684211,2.258263158,2.231947369,2.253,2.226684211,2.326473685
4127,2.573684211,2.500000001,2.45263158,2.489473685,2.568421054,2.474052633,2.510894738,2.474052633,2.510894738,2.47931579,2.510684211
4128,1.305263158,1.263157895,1.268421053,1.278947369,1.263157895,1.310894737,1.337210527,1.321421053,1.342473684,1.316157895,1.252789474
4129,2.031578947,1.994736841,1.836842105,1.97368421,1.994736841,1.989842105,2.016157894,2.00036842,2.02668421,1.984578947,1.958052631
4130,1.457894737,1.447368421,1.489473685,1.484210527,1.452631579,1.37931579,1.421421053,1.400368421,1.426684211,1.395105263,1.421210527
4131,1.905263158,1.894736842,1.857894737,1.868421053,1.810526316,1.853,1.889842105,1.863526316,1.884578948,1.863526316,1.837
4132,1.378947368,1.199999999,1.252631578,1.284210525,1.205263157,1.310894736,1.352999999,1.321421052,1.352999999,1.310894736,1.252789473
4133,2.168421053,2.189473685,2.221052632,2.15263158,2.12631579,2.084578948,2.10563158,2.089842106,2.121421053,2.089842106,2.194894738
4134,1.384210526,1.34736842,1.34736842,1.399999999,1.226315789,1.32668421,1.352999999,1.331947368,1.358263157,1.321421052,1.315947368
4135,2.510526316,2.489473685,2.605263158,2.452631579,2.473684211,2.453,2.474052632,2.458263158,2.484578948,2.453,2.479105264
4136,2.842105263,2.805263158,2.863157894,2.77368421,2.842105263,2.747736842,2.774052631,2.768789473,2.779315789,2.758263158,2.789631579
4137,1.473684211,1.357894738,1.410526317,1.389473685,1.442105264,1.395105264,1.426684211,1.416157896,1.447736843,1.40563158,1.38963158
4138,1.315789474,1.284210527,1.305263159,1.284210527,1.373684211,1.247736843,1.27931579,1.253000001,1.27931579,1.258263159,1.252789474
4139,1.968421053,2.000000001,1.931578948,2.015789474,1.889473685,1.916157895,1.931947369,1.900368422,1.937210527,1.910894738,1.868578948
4140,1.631578947,1.694736841,1.642105262,1.605263157,1.552631578,1.584578947,1.610894736,1.605631578,1.62668421,1.584578947,1.573842105
4141,1.942105263,1.9,1.931578947,1.815789473,1.878947368,1.895105263,1.931947368,1.895105263,1.931947368,1.905631579,1.889631579
4142,2.657894737,2.736842106,2.836842106,2.794736842,2.810526316,2.621421053,2.653,2.637210527,2.658263158,2.626684211,2.584368421
4143,2.289473684,2.378947368,2.226315789,2.268421052,2.27368421,2.200368421,2.216157894,2.200368421,2.231947368,2.189842105,2.205421052
4144,2.615789474,2.55263158,2.65263158,2.600000001,2.563157895,2.574052632,2.595105264,2.57931579,2.60563158,2.574052632,2.600157895
4145,1.515789474,1.442105264,1.289473685,1.368421053,1.394736843,1.47931579,1.500368422,1.484578948,1.521421053,1.474052632,1.426473685
4146,1.626315789,1.478947367,1.526315789,1.578947367,1.652631578,1.495105262,1.52668421,1.516157894,1.531947367,1.510894736,1.58436842
4147,1.905263158,1.968421053,1.784210527,1.894736842,1.815789474,1.789842105,1.816157895,1.795105263,1.821421053,1.789842105,1.852789474
4148,2.257894737,2.189473685,2.242105263,2.252631579,2.147368421,2.221421053,2.263526316,2.231947369,2.258263158,2.221421053,2.184368421
4149,2.478947368,2.526315789,2.452631578,2.499999999,2.521052631,2.395105262,2.42668421,2.40036842,2.431947368,2.395105262,2.473842104
4150,0.757894737,0.789473685,0.694736842,0.715789474,0.642105263,0.716157895,0.737210527,0.721421053,0.742473685,0.710894737,0.76331579
4151,2.178947368,2.236842104,2.221052631,2.17368421,2.242105262,2.116157894,2.147736841,2.121421052,2.158263157,2.121421052,2.089631578
4152,2.326315789,2.215789473,2.236842104,2.278947367,2.34736842,2.268789473,2.295105262,2.274052631,2.305631578,2.268789473,2.242263157
4153,1.773684211,1.647368422,1.800000001,1.594736843,1.778947369,1.731947369,1.784578948,1.758263159,1.77931579,1.747736843,1.747526317
4154,0.963157895,0.873684211,0.947368422,1.047368422,0.931578948,0.874052632,0.900368422,0.874052632,0.900368422,0.87931579,0.884368422
4155,1.663157895,1.542105264,1.542105264,1.547368422,1.463157895,1.589842106,1.621421053,1.595105264,1.637210527,1.595105264,1.621210527
4156,1.821052632,1.789473685,1.631578948,1.847368422,1.668421053,1.742473685,1.774052632,1.763526317,1.789842106,1.758263159,1.700157896
4157,1.447368421,1.489473684,1.463157895,1.457894737,1.468421053,1.337210526,1.374052631,1.353,1.379315789,1.353,1.405421053
4158,1.347368421,1.27368421,1.257894737,1.426315789,1.37368421,1.305631579,1.331947368,1.321421053,1.342473684,1.305631579,1.231736842
4159,1.868421053,1.973684211,1.994736843,1.842105264,1.978947369,1.837210527,1.863526317,1.842473685,1.868789474,1.826684211,1.76331579
4160,2.494736842,2.37368421,2.326315789,2.331578947,2.37368421,2.453,2.479315789,2.458263158,2.500368421,2.468789473,2.463315789
4161,0.984210526,0.868421052,0.831578947,0.915789473,0.884210526,0.947736841,0.974052631,0.942473684,0.979315789,0.942473684,0.879105263
4162,2.347368421,2.27368421,2.305263158,2.257894737,2.205263158,2.258263158,2.284578947,2.274052631,2.305631579,2.274052631,2.331736842
4163,1.736842105,1.768421052,1.789473684,1.852631578,1.842105263,1.674052631,1.705631578,1.684578947,1.710894736,1.674052631,1.684368421
4164,1.947368421,1.947368421,1.963157895,1.957894737,1.921052631,1.863526316,1.884578947,1.874052631,1.895105263,1.853,1.942263158
4165,2.005263158,1.994736842,1.921052632,2.031578948,1.931578948,1.963526316,2.000368421,1.968789474,2.000368421,1.963526316,1.994894737
4166,2.2,2.268421053,2.157894737,2.215789474,2.178947368,2.121421053,2.153,2.131947368,2.153,2.121421053,2.100157895
4167,3.210526316,3.094736843,2.989473685,3.015789474,3.052631579,3.153,3.195105264,3.158263158,3.189842106,3.163526316,3.131736843
4168,1.947368421,1.952631579,1.936842105,1.936842105,1.947368421,1.858263158,1.889842105,1.868789474,1.889842105,1.863526316,1.889631579
4169,1.689473684,1.542105263,1.584210526,1.589473684,1.463157894,1.610894736,1.637210526,1.610894736,1.642473684,1.621421052,1.605421052
4170,0.968421053,0.873684211,0.784210527,0.963157895,0.994736843,0.942473685,0.989842106,0.963526317,0.995105264,0.963526317,0.868578948
4171,2.326315789,2.321052631,2.336842104,2.284210525,2.315789473,2.268789473,2.295105262,2.274052631,2.305631578,2.279315789,2.294894736
4172,1.368421053,1.468421053,1.363157895,1.378947369,1.442105264,1.358263159,1.40563158,1.374052632,1.40563158,1.368789474,1.321210527
4173,1.647368421,1.621052631,1.663157895,1.647368421,1.621052631,1.637210526,1.647736842,1.637210526,1.663526316,1.637210526,1.61068421
4174,2.626315789,2.731578946,2.689473683,2.626315789,2.678947367,2.516157894,2.542473683,2.521421052,2.552999999,2.521421052,2.563315789
4175,1.1,1.157894737,1.010526316,1.078947368,1.1,0.989842105,1.031947368,1.010894737,1.031947368,1.010894737,1.005421053
4176,1.705263158,1.763157895,1.721052632,1.642105263,1.668421053,1.653,1.684578948,1.668789474,1.695105263,1.658263158,1.647526316
4177,2.726315789,2.626315789,2.715789473,2.678947367,2.694736841,2.637210525,2.674052631,2.647736841,2.674052631,2.647736841,2.663315789
4178,1.821052632,1.821052632,1.800000001,1.831578948,1.784210527,1.753000001,1.784578948,1.774052632,1.789842106,1.768789475,1.779105264
4179,2.173684211,2.084210527,2.22631579,2.157894738,2.073684211,2.116157896,2.158263159,2.142473685,2.168789475,2.131947369,2.131736843
4180,2.221052632,2.242105264,2.173684211,2.142105264,2.12631579,2.168789475,2.189842106,2.168789475,2.189842106,2.158263159,2.147526317
4181,1.005263158,0.936842105,0.815789474,0.863157895,0.72631579,0.968789474,1.005631579,0.984578948,1.010894737,0.97931579,0.937
4182,1.931578947,1.978947368,1.963157894,1.957894736,1.905263157,1.842473683,1.874052631,1.847736841,1.863526315,1.847736841,1.900157894
4183,1.736842105,1.826315789,1.763157894,1.815789473,1.736842105,1.674052631,1.700368421,1.674052631,1.705631578,1.674052631,1.71068421
4184,1.610526316,1.494736843,1.589473685,1.552631579,1.52631579,1.584578948,1.610894737,1.589842106,1.610894737,1.584578948,1.573842106
4185,1.957894737,1.894736842,2.005263158,1.9,1.889473685,1.910894737,1.931947369,1.910894737,1.931947369,1.910894737,1.915947369
4186,1.873684211,1.921052633,1.857894738,1.963157896,1.836842106,1.789842106,1.816157896,1.795105264,1.821421054,1.784578948,1.779105264
4187,2.036842105,2.021052631,2.021052631,1.963157894,1.994736842,1.947736842,1.968789473,1.958263157,1.979315789,1.947736842,1.921210526
4188,2.242105263,2.394736842,2.357894737,2.289473684,2.205263158,2.137210526,2.174052631,2.153,2.184578947,2.153,2.184368421
4189,2.221052632,2.294736843,2.231578948,2.242105264,2.278947369,2.158263159,2.20563158,2.168789475,2.210894738,2.174052632,2.152789475
4190,1.747368421,1.663157895,1.726315789,1.647368421,1.684210526,1.653,1.679315789,1.668789474,1.684578947,1.658263158,1.726473684
4191,2,1.926315789,2,1.973684211,1.947368421,1.947736842,1.979315789,1.963526316,1.989842105,1.953,1.968578947
4192,1.526315789,1.468421052,1.505263157,1.489473683,1.478947367,1.437210525,1.479315789,1.458263157,1.484578946,1.458263157,1.48436842
4193,0.505263158,0.447368421,0.478947369,0.442105263,0.436842105,0.416157895,0.447736842,0.421421053,0.447736842,0.426684211,0.410684211
4194,1.047368421,1.068421053,1.121052631,1.047368421,1.036842105,0.974052631,1.010894737,0.984578947,1.010894737,0.974052631,0.952789474
4195,2.389473684,2.342105263,2.294736842,2.4,2.352631579,2.342473684,2.379315789,2.358263157,2.395105263,2.353,2.315947368
4196,0.421052632,0.378947369,0.415789475,0.347368422,0.289473685,0.37931579,0.40563158,0.395105264,0.416157896,0.384578948,0.310684211
4197,1.205263158,1.173684211,1.173684211,1.121052632,1.063157895,1.07931579,1.110894737,1.089842105,1.110894737,1.089842105,1.16331579
4198,2,1.973684211,2.047368421,1.957894737,1.931578947,1.984578947,2.021421053,2.000368421,2.026684211,1.984578947,1.926473684
4199,1.842105263,1.87368421,1.836842105,2.026315789,1.815789473,1.784578947,1.816157894,1.800368421,1.82668421,1.795105263,1.800157894
4200,1.794736842,1.705263158,1.815789473,1.642105263,1.77368421,1.742473684,1.768789473,1.753,1.784578947,1.747736842,1.763315789
4201,2.521052632,2.531578948,2.410526317,2.447368422,2.389473685,2.458263159,2.50563158,2.463526317,2.510894738,2.468789475,2.458052632
4202,1.436842105,1.37368421,1.442105263,1.378947368,1.321052631,1.405631578,1.437210526,1.421421052,1.447736842,1.400368421,1.442263157
4203,2.452631579,2.431578947,2.473684211,2.336842105,2.463157895,2.447736842,2.47931579,2.458263158,2.489842105,2.437210526,2.431736842
4204,2.357894737,2.42631579,2.315789474,2.294736842,2.373684211,2.310894737,2.337210527,2.326684211,2.358263158,2.316157895,2.300157895
4205,2.247368421,2.210526316,2.257894737,2.152631579,2.168421053,2.163526316,2.195105263,2.158263158,2.200368421,2.158263158,2.163315789
4206,1.157894737,1.12631579,1.105263158,1.094736842,1.110526316,1.105631579,1.131947369,1.105631579,1.137210527,1.100368421,1.105421053
4207,1.636842105,1.584210526,1.636842105,1.494736842,1.578947368,1.547736842,1.579315789,1.558263157,1.584578947,1.552999999,1.61068421
4208,2.736842105,2.631578947,2.726315789,2.805263157,2.747368421,2.574052631,2.605631578,2.574052631,2.605631578,2.574052631,2.631736842
4209,2.521052632,2.484210527,2.368421053,2.394736843,2.400000001,2.447736843,2.484578948,2.463526317,2.47931579,2.453000001,2.447526317
4210,1.715789474,1.694736843,1.542105264,1.578947369,1.621052632,1.637210527,1.689842106,1.663526316,1.695105264,1.658263159,1.637000001
4211,2.184210526,2.24736842,2.242105263,2.078947368,2.221052631,2.079315789,2.105631578,2.079315789,2.110894736,2.084578947,2.158052631
4212,1.768421053,1.721052632,1.82631579,1.789473685,1.731578948,1.700368422,1.731947369,1.70563158,1.737210527,1.70563158,1.700157895
4213,2.357894737,2.415789474,2.347368421,2.357894737,2.378947369,2.27931579,2.316157895,2.289842106,2.321421053,2.289842106,2.331736842
4214,1.952631579,1.978947369,1.947368421,2.015789474,1.868421053,1.87931579,1.921421053,1.895105263,1.910894737,1.895105263,1.852789474
4215,2.131578947,2.042105262,2.010526315,1.989473683,2.105263157,2.052999999,2.079315789,2.063526315,2.084578947,2.063526315,2.026473683
4216,1.2,1.242105263,1.215789474,1.205263158,1.284210526,1.089842105,1.116157895,1.100368421,1.137210526,1.095105263,1.147526316
4217,2.721052632,2.700000001,2.689473685,2.721052632,2.678947369,2.647736843,2.684578948,2.668789475,2.695105264,2.658263159,2.68963158
4218,3.131578947,3.010526315,2.905263157,2.915789473,3.015789473,3.079315789,3.10036842,3.074052631,3.110894736,3.068789473,3.08436842
4219,2.536842105,2.578947368,2.452631578,2.521052631,2.568421052,2.505631578,2.547736842,2.516157894,2.547736842,2.510894736,2.542263157
4220,1.936842105,1.921052631,1.894736842,2.042105263,1.894736842,1.905631578,1.937210526,1.931947368,1.942473684,1.910894736,1.921210526
4221,2.242105263,2.184210526,2.189473684,2.189473684,2.17368421,2.131947368,2.179315789,2.153,2.195105263,2.147736842,2.242263158
4222,0.405263158,0.457894737,0.368421053,0.473684211,0.394736842,0.284578948,0.321421053,0.295105263,0.321421053,0.284578948,0.431736842
4223,1.5,1.510526316,1.505263158,1.515789474,1.473684211,1.410894737,1.437210526,1.421421053,1.437210526,1.416157895,1.421210526
4224,1.768421053,1.794736843,1.821052632,1.831578948,1.784210527,1.710894738,1.731947369,1.716157895,1.747736843,1.710894738,1.710684211
4225,0.789473684,0.689473684,0.778947368,0.721052631,0.826315789,0.679315789,0.716157894,0.695105263,0.705631579,0.684578947,0.768578947
4226,1.915789474,1.95263158,1.873684211,1.931578948,1.900000001,1.87931579,1.910894737,1.889842106,1.90563158,1.874052632,1.794894737
4227,2.5,2.473684211,2.452631579,2.557894737,2.457894737,2.442473684,2.479315789,2.463526316,2.489842105,2.447736842,2.426473684
4228,1.847368421,1.715789474,1.584210526,1.757894737,1.605263158,1.742473684,1.774052631,1.747736842,1.779315789,1.747736842,1.768578947
4229,2.173684211,2.121052633,2.084210527,2.194736843,2.100000001,2.042473685,2.074052633,2.058263159,2.074052633,2.047736843,2.142263159
4230,1.910526316,1.868421053,1.894736843,1.921052632,1.942105264,1.816157895,1.842473685,1.821421053,1.847736843,1.816157895,1.794894737
4231,0.505263158,0.473684211,0.457894737,0.415789474,0.473684211,0.395105263,0.426684211,0.395105263,0.431947369,0.405631579,0.442263158
4232,2.715789474,2.72631579,2.705263159,2.689473685,2.657894737,2.731947369,2.753000001,2.737210527,2.758263159,2.731947369,2.694894737
4233,1.836842105,1.905263157,1.863157894,1.87368421,1.821052631,1.774052631,1.805631578,1.779315789,1.810894736,1.784578947,1.821210526
4234,2.078947368,1.968421052,1.984210525,2.04736842,1.94736842,2.010894736,2.047736841,2.010894736,2.042473683,2.00036842,1.979105262
4235,1.968421053,1.968421053,1.968421053,1.884210527,1.821052632,1.87931579,1.90563158,1.884578948,1.90563158,1.884578948,1.937000001
4236,2.242105263,2.284210526,2.331578947,2.221052631,2.305263158,2.216157894,2.242473684,2.221421052,2.258263158,2.22668421,2.163315789
4237,1.215789474,1.115789474,1.05263158,1.036842106,1.094736843,1.158263159,1.200368422,1.174052632,1.200368422,1.174052632,1.131736843
4238,2.121052632,2.142105264,2.084210527,2.042105264,2.094736843,1.968789475,1.995105264,1.989842106,2.000368422,1.97931579,2.058052632
4239,1.378947368,1.27368421,1.268421052,1.305263157,1.231578947,1.331947368,1.379315789,1.347736841,1.379315789,1.342473683,1.326473683
4240,1.573684211,1.515789475,1.568421054,1.568421054,1.55263158,1.547736843,1.584578948,1.568789475,1.584578948,1.553000001,1.510684211
4241,1.636842105,1.626315789,1.594736842,1.636842105,1.526315789,1.621421052,1.642473684,1.62668421,1.652999999,1.616157894,1.568578947
4242,1.831578947,1.810526315,1.784210526,1.715789473,1.705263157,1.763526315,1.789842105,1.763526315,1.795105262,1.763526315,1.742263157
4243,2.542105263,2.47368421,2.37368421,2.336842105,2.426315789,2.489842105,2.521421052,2.495105263,2.510894737,2.495105263,2.468578947
4244,0.957894737,0.831578948,1.052631579,0.978947369,0.947368421,0.905631579,0.942473685,0.905631579,0.942473685,0.905631579,0.873842106
4245,1.373684211,1.400000001,1.394736843,1.42631579,1.336842106,1.337210527,1.374052633,1.342473685,1.37931579,1.337210527,1.384368422
4246,1.373684211,1.436842106,1.484210527,1.384210527,1.394736843,1.231947369,1.258263159,1.247736843,1.263526317,1.231947369,1.321210527
4247,1.063157895,1.12631579,0.994736843,1.115789474,1.084210527,1.026684211,1.053000001,1.031947369,1.063526316,1.031947369,1.010684211
4248,1.768421053,1.678947369,1.631578948,1.684210527,1.668421053,1.67931579,1.710894738,1.689842106,1.721421053,1.695105264,1.705421053
4249,1.421052632,1.521052632,1.542105264,1.457894738,1.405263159,1.321421053,1.353000001,1.337210527,1.353000001,1.326684211,1.36331579
4250,0.563157895,0.600000001,0.457894737,0.615789474,0.473684211,0.558263158,0.57931579,0.558263158,0.595105264,0.558263158,0.494894737
4251,2.226315789,2.126315789,2.210526315,2.163157894,2.210526315,2.179315789,2.205631578,2.184578946,2.216157894,2.184578946,2.142263157
4252,1.605263158,1.594736842,1.673684211,1.542105263,1.6,1.568789474,1.600368421,1.574052632,1.600368421,1.558263158,1.510684211
4253,1.9,1.863157895,1.794736842,1.847368421,1.905263158,1.889842105,1.921421053,1.889842105,1.921421053,1.889842105,1.847526316
4254,1.915789474,1.889473685,2.005263159,1.968421053,2.031578948,1.874052632,1.916157895,1.884578948,1.910894737,1.889842106,1.858052632
4255,1.615789474,1.631578948,1.589473685,1.642105264,1.610526316,1.510894737,1.537210527,1.521421053,1.542473685,1.50563158,1.500157895
4256,1.847368421,1.936842105,1.915789474,1.868421053,1.968421053,1.805631579,1.837210526,1.82668421,1.842473684,1.821421053,1.747526316
4257,1.915789474,1.905263159,1.915789474,1.900000001,1.868421053,1.842473685,1.884578948,1.858263159,1.889842106,1.858263159,1.794894737
4258,1.647368421,1.747368421,1.678947368,1.726315789,1.7,1.537210526,1.574052631,1.553,1.579315789,1.547736842,1.631736842
4259,1.557894737,1.547368421,1.468421053,1.510526316,1.573684211,1.553,1.584578948,1.574052632,1.595105263,1.568789474,1.489631579
4260,1.410526316,1.494736843,1.447368421,1.436842106,1.384210527,1.400368421,1.437210527,1.416157895,1.442473685,1.405631579,1.315947369
4261,1.794736842,1.878947368,1.768421052,1.805263158,1.678947368,1.72668421,1.763526316,1.747736842,1.753,1.737210526,1.721210526
4262,2.778947368,2.768421052,2.726315789,2.742105262,2.77368421,2.684578947,2.710894736,2.695105262,2.721421052,2.70036842,2.715947368
4263,1.784210526,1.663157894,1.757894736,1.710526315,1.715789473,1.768789473,1.805631578,1.779315789,1.810894736,1.763526315,1.752789473
4264,1.273684211,1.336842106,1.142105264,1.273684211,1.163157896,1.231947369,1.263526317,1.242473685,1.263526317,1.237210527,1.205421054
4265,0.652631579,0.763157895,0.652631579,0.710526316,0.621052632,0.574052632,0.616157895,0.589842105,0.616157895,0.584578947,0.589631579
4266,1.289473684,1.315789473,1.236842105,1.431578947,1.215789473,1.189842105,1.22668421,1.200368421,1.216157894,1.184578947,1.200157894
4267,0.810526316,0.647368421,0.568421053,0.605263158,0.689473685,0.705631579,0.737210527,0.716157895,0.753,0.716157895,0.737
4268,1.289473684,1.27368421,1.215789473,1.263157894,1.226315789,1.216157894,1.237210526,1.216157894,1.231947368,1.22668421,1.242263157
4269,2.3,2.205263158,2.078947368,2.152631579,2.215789474,2.237210526,2.284578947,2.247736842,2.279315789,2.247736842,2.200157895
4270,2.121052632,2.131578948,2.173684211,2.063157896,2.210526317,2.053000001,2.084578948,2.053000001,2.07931579,2.053000001,2.000157896
4271,1.573684211,1.55263158,1.621052633,1.584210527,1.600000001,1.500368422,1.547736843,1.521421054,1.547736843,1.516157896,1.515947369
4272,2.084210526,2.036842105,1.94736842,1.984210526,2.015789473,1.974052631,2.010894736,1.989842105,2.021421052,1.984578947,2.047526315
4273,1.278947368,1.299999999,1.231578947,1.194736841,1.215789473,1.237210525,1.279315789,1.252999999,1.268789473,1.247736841,1.236999999
4274,2.315789474,2.268421053,2.189473685,2.363157895,2.242105264,2.268789474,2.321421053,2.289842106,2.310894737,2.27931579,2.231736843
4275,1.478947368,1.442105262,1.415789473,1.363157894,1.505263157,1.40036842,1.431947368,1.410894736,1.437210525,1.410894736,1.426473683
4276,2.678947368,2.67368421,2.542105262,2.615789473,2.626315789,2.595105262,2.62668421,2.605631578,2.631947368,2.60036842,2.594894736
4277,2.773684211,2.847368422,2.842105264,2.863157896,2.863157896,2.710894738,2.737210527,2.726684211,2.742473685,2.710894738,2.752789475
4278,2.489473684,2.47368421,2.457894736,2.484210526,2.47368421,2.437210526,2.474052631,2.442473684,2.468789473,2.442473684,2.421210526
4279,2.668421053,2.636842106,2.510526317,2.578947369,2.668421053,2.558263159,2.600368422,2.57931579,2.610894738,2.574052632,2.631736843
4280,2.252631579,2.373684211,2.189473684,2.215789474,2.194736842,2.237210526,2.263526316,2.242473684,2.268789474,2.237210526,2.200157895
4281,1.505263158,1.52631579,1.463157895,1.531578948,1.431578948,1.510894737,1.526684211,1.516157895,1.542473684,1.495105263,1.447526316
4282,1.973684211,1.921052633,1.942105264,1.978947369,1.731578948,1.90563158,1.926684211,1.90563158,1.937210527,1.90563158,1.879105264
4283,2.431578947,2.37368421,2.321052631,2.326315789,2.352631578,2.410894736,2.437210526,2.405631578,2.447736841,2.405631578,2.347526315
4284,2.342105263,2.363157894,2.321052631,2.384210526,2.442105263,2.289842105,2.310894737,2.310894737,2.321421052,2.300368421,2.258052631
4285,1.305263158,1.305263158,1.342105263,1.3,1.22631579,1.258263158,1.289842105,1.268789474,1.300368421,1.258263158,1.221210527
4286,2.257894737,2.342105263,2.221052632,2.310526316,2.32631579,2.158263158,2.17931579,2.158263158,2.189842106,2.147736842,2.173842106
4287,1.394736842,1.315789473,1.326315789,1.394736842,1.357894737,1.347736842,1.389842105,1.374052631,1.400368421,1.353,1.315947368
4288,1.552631579,1.4,1.557894737,1.447368421,1.673684211,1.489842105,1.526684211,1.489842105,1.526684211,1.484578947,1.473842105
4289,0.957894737,1,0.82631579,0.947368421,0.936842106,0.837210527,0.874052632,0.853,0.884578948,0.837210527,0.868578948
4290,3.194736842,3.184210526,3.189473684,3.152631579,3.168421052,3.121421052,3.153,3.137210526,3.163526316,3.137210526,3.158052631
4291,2.326315789,2.210526315,2.226315789,2.257894736,2.299999999,2.252999999,2.289842104,2.274052631,2.30036842,2.263526315,2.294894736
4292,1.847368421,1.77368421,1.736842105,1.778947368,1.789473684,1.737210526,1.774052631,1.758263158,1.784578947,1.758263158,1.800157895
4293,2.221052632,2.215789475,2.173684211,2.115789475,2.273684211,2.189842106,2.210894738,2.20563158,2.226684211,2.189842106,2.184368422
4294,1.752631579,1.678947369,1.647368421,1.694736842,1.715789474,1.705631579,1.742473684,1.731947369,1.737210526,1.710894737,1.637
4295,1.868421053,1.821052632,1.757894738,1.800000001,1.82631579,1.831947369,1.874052632,1.853000001,1.868789474,1.847736843,1.810684211
4296,2.036842105,2.005263157,1.968421052,2.036842105,2.021052631,2.010894736,2.037210526,2.010894736,2.042473684,2.005631578,1.989631578
4297,2.236842105,2.089473684,2.142105263,2.078947368,2.057894736,2.168789473,2.189842105,2.152999999,2.200368421,2.163526315,2.152789473
4298,1.705263158,1.5,1.568421053,1.552631579,1.552631579,1.658263158,1.684578948,1.663526316,1.689842105,1.658263158,1.610684211
4299,1.484210526,1.431578947,1.357894736,1.54736842,1.494736841,1.495105263,1.52668421,1.505631578,1.531947368,1.505631578,1.442263157
4300,1.110526316,1.063157895,1.015789474,1.12631579,1.073684211,0.974052632,1.005631579,0.97931579,1.005631579,0.974052632,1.047526316
4301,2.205263158,2.105263158,2.168421053,2.147368421,2.184210527,2.216157895,2.231947369,2.221421053,2.242473684,2.216157895,2.115947369
4302,2.710526316,2.584210527,2.536842106,2.657894737,2.642105264,2.600368421,2.621421053,2.610894737,2.626684211,2.595105264,2.705421053
4303,1.994736842,2.021052631,2.063157895,2.052631579,2.031578947,1.910894737,1.942473684,1.921421052,1.947736842,1.910894737,2.000157895
4304,2.284210526,2.221052631,2.157894736,2.231578947,2.299999999,2.158263157,2.184578947,2.174052631,2.20036842,2.163526315,2.221210526
4305,2.452631579,2.410526316,2.363157895,2.484210526,2.468421053,2.395105263,2.431947369,2.405631579,2.431947369,2.395105263,2.352789474
4306,1.863157895,1.936842106,1.863157895,1.947368422,1.789473685,1.784578948,1.826684211,1.795105264,1.831947369,1.795105264,1.758052632
4307,1.189473684,1.131578947,1.194736842,1.263157894,1.221052631,1.110894736,1.137210526,1.110894736,1.147736842,1.105631579,1.126473684
4308,2.426315789,2.499999999,2.489473683,2.47368421,2.463157894,2.368789473,2.40036842,2.374052631,2.395105262,2.363526315,2.379105262
4309,0.857894737,0.936842106,0.852631579,0.905263158,0.910526316,0.810894737,0.847736842,0.826684211,0.847736842,0.821421053,0.805421053
4310,1.015789474,1.157894737,1.042105264,0.978947369,1.021052632,0.947736843,0.984578948,0.974052632,0.989842106,0.958263159,0.958052632
4311,1.247368421,1.284210526,1.315789474,1.37368421,1.257894737,1.195105263,1.221421053,1.195105263,1.231947368,1.200368421,1.173842105
4312,2.463157895,2.452631579,2.273684211,2.400000001,2.452631579,2.395105264,2.421421053,2.405631579,2.421421053,2.395105264,2.442263158
4313,2.305263158,2.336842105,2.363157895,2.4,2.257894737,2.231947369,2.258263158,2.237210527,2.274052632,2.237210527,2.226473684
4314,2.021052632,2.121052632,2.042105264,1.900000001,2.02631579,1.984578948,2.021421053,2.000368422,2.037210527,1.989842106,1.994894738
4315,1.9,1.847368421,1.878947368,1.873684211,1.889473684,1.789842105,1.826684211,1.816157895,1.831947368,1.805631579,1.884368421
4316,2.042105263,2.026315789,2.005263158,2.089473684,2.021052631,2.021421052,2.053,2.031947368,2.074052631,2.016157894,1.91068421
4317,1.705263158,1.605263158,1.584210527,1.631578948,1.584210527,1.653,1.684578948,1.663526316,1.695105263,1.663526316,1.584368421
4318,2.089473684,2.015789473,1.989473684,2.078947368,2.094736842,2.042473684,2.079315789,2.053,2.079315789,2.053,1.989631579
4319,1.752631579,1.742105263,1.815789474,1.768421053,1.773684211,1.721421053,1.753,1.737210526,1.753,1.737210526,1.684368421
4320,1.963157895,1.957894737,1.957894737,2.031578948,1.82631579,1.863526316,1.895105264,1.87931579,1.910894737,1.874052632,1.915947369
4321,1.115789474,1.121052632,1.000000001,0.968421053,1.147368422,1.037210527,1.07931579,1.047736843,1.068789474,1.042473685,1.026473685
4322,1.642105263,1.626315789,1.642105263,1.694736842,1.694736842,1.631947368,1.653,1.647736842,1.668789473,1.637210526,1.605421052
4323,2.026315789,1.984210525,1.915789473,1.984210525,1.905263157,1.947736841,1.984578946,1.958263157,1.979315789,1.958263157,1.973842104
4324,2.105263158,2.205263158,2.178947369,2.2,2.152631579,2.105631579,2.121421053,2.105631579,2.126684211,2.100368421,2.068578948
4325,1.884210526,1.815789473,1.84736842,1.815789473,1.757894736,1.795105263,1.82668421,1.816157894,1.837210526,1.80036842,1.81068421
4326,1.910526316,1.910526316,1.884210527,1.884210527,1.910526316,1.87931579,1.910894737,1.87931579,1.905631579,1.884578948,1.868578948
4327,2.742105263,2.652631579,2.610526315,2.694736842,2.631578947,2.684578947,2.716157894,2.700368421,2.72668421,2.695105263,2.637
4328,2.805263158,3.005263158,2.905263158,2.815789474,2.836842105,2.77931579,2.810894737,2.77931579,2.821421053,2.774052632,2.784368421
4329,1.452631579,1.384210526,1.410526316,1.384210526,1.32631579,1.400368421,1.426684211,1.405631579,1.437210526,1.395105263,1.394894737
4330,1.747368421,1.768421053,1.678947368,1.736842105,1.784210526,1.758263158,1.784578947,1.763526316,1.795105263,1.753,1.705421053
4331,0.989473684,1.115789473,1.005263157,0.989473684,1.078947368,0.942473684,0.979315789,0.958263157,0.979315789,0.947736842,0.937
4332,1.363157895,1.352631579,1.315789474,1.32631579,1.252631579,1.289842106,1.331947369,1.310894737,1.337210527,1.310894737,1.294894737
4333,1.626315789,1.599999999,1.568421052,1.54736842,1.552631578,1.552999999,1.579315789,1.568789473,1.589842104,1.563526315,1.568578946
4334,2.2,2.094736842,2.094736842,2.063157895,2.031578947,2.158263158,2.189842105,2.184578947,2.195105263,2.168789474,2.163315789
4335,1.584210526,1.689473684,1.610526315,1.589473684,1.610526315,1.489842105,1.521421052,1.50036842,1.531947368,1.495105263,1.479105263
4336,0.973684211,0.905263159,0.789473685,0.921052633,0.805263159,0.916157896,0.958263159,0.937210527,0.958263159,0.921421054,0.926473685
4337,2.242105263,2.152631579,2.210526315,2.163157894,2.184210526,2.189842105,2.221421052,2.205631579,2.231947368,2.210894737,2.179105263
4338,2.042105263,1.97368421,1.947368421,1.931578947,1.926315789,1.942473684,1.984578947,1.958263158,1.979315789,1.953,1.963315789
4339,1.894736842,1.894736842,1.763157895,1.868421052,1.815789473,1.831947368,1.879315789,1.847736842,1.863526316,1.837210526,1.847526316
4340,2.626315789,2.678947367,2.657894736,2.605263157,2.631578946,2.547736841,2.584578946,2.574052631,2.589842104,2.563526315,2.526473683
4341,1.652631579,1.557894737,1.468421053,1.52631579,1.489473684,1.57931579,1.605631579,1.595105263,1.626684211,1.584578947,1.600157895
4342,2.752631579,2.763157895,2.684210526,2.784210526,2.742105263,2.700368421,2.716157895,2.705631579,2.737210526,2.695105263,2.652789474
4343,1.957894737,1.910526316,1.810526316,1.878947369,2,1.921421053,1.953,1.931947369,1.958263158,1.926684211,1.847526316
4344,2.452631579,2.521052632,2.484210526,2.473684211,2.473684211,2.342473684,2.37931579,2.342473684,2.37931579,2.353,2.400157895
4345,1.342105263,1.284210526,1.289473684,1.378947368,1.305263158,1.310894737,1.347736842,1.321421052,1.353,1.321421052,1.263315789
4346,1.252631579,1.136842105,1.205263158,1.210526316,1.231578947,1.221421053,1.258263158,1.242473684,1.263526316,1.226684211,1.142263158
4347,1.557894737,1.463157895,1.568421053,1.463157895,1.542105263,1.510894737,1.542473685,1.516157895,1.531947369,1.510894737,1.489631579
4348,2.005263158,2.031578948,2,1.884210527,1.894736842,1.958263158,1.995105263,1.963526316,2.000368421,1.958263158,1.952789474
4349,0.531578947,0.54736842,0.421052631,0.389473683,0.536842105,0.474052631,0.50036842,0.489842105,0.516157894,0.474052631,0.473842105
4350,1.547368421,1.5,1.578947368,1.489473684,1.510526316,1.489842105,1.52668421,1.500368421,1.516157895,1.484578947,1.515947368
4351,2.315789474,2.321052632,2.42631579,2.347368422,2.373684211,2.253000001,2.289842106,2.268789474,2.295105264,2.274052632,2.294894737
4352,1.757894737,1.768421053,1.757894737,1.636842106,1.778947369,1.695105263,1.742473685,1.716157895,1.737210527,1.705631579,1.726473685
4353,1.942105263,1.931578947,2.026315789,1.821052631,1.894736842,1.937210526,1.968789473,1.942473684,1.968789473,1.931947368,1.847526315
4354,2.163157895,2.078947369,1.994736843,2.057894737,2.031578948,2.100368422,2.126684211,2.105631579,2.126684211,2.100368422,2.042263158
4355,2.136842105,2.163157894,2.352631578,2.189473684,2.163157894,2.074052631,2.110894736,2.089842105,2.12668421,2.079315789,2.058052631
4356,1.505263158,1.484210527,1.505263158,1.447368421,1.489473684,1.468789474,1.495105263,1.474052632,1.495105263,1.47931579,1.421210527
4357,0.921052632,0.784210527,0.847368422,0.836842106,0.821052632,0.837210527,0.868789475,0.858263159,0.874052632,0.847736843,0.873842106
4358,1.984210526,2.015789473,2.052631578,2.131578947,2.036842105,1.916157894,1.947736841,1.92668421,1.947736841,1.921421052,1.936999999
4359,2.357894737,2.231578948,2.310526316,2.205263158,2.289473685,2.310894737,2.337210527,2.316157895,2.347736842,2.316157895,2.273842106
4360,1.584210526,1.526315789,1.452631578,1.505263157,1.489473684,1.537210526,1.563526315,1.531947368,1.563526315,1.537210526,1.579105263
4361,1.626315789,1.721052631,1.705263157,1.642105262,1.64736842,1.547736841,1.579315789,1.558263157,1.579315789,1.558263157,1.494894736
4362,2.110526316,2.057894737,2.105263158,2.142105264,2.052631579,2.074052632,2.100368421,2.07931579,2.105631579,2.07931579,1.994894737
4363,2.073684211,2.036842106,2.057894738,2.047368422,2.042105264,2.016157896,2.053000001,2.021421054,2.053000001,2.031947369,2.026473685
4364,1.947368421,1.978947368,1.952631579,1.894736842,1.863157895,1.905631579,1.921421053,1.905631579,1.942473684,1.895105263,1.847526316
4365,1.147368421,1.194736842,1.189473684,1.178947368,1.136842105,1.079315789,1.121421053,1.089842105,1.105631579,1.084578947,1.058052631
4366,2,2.168421053,2.047368421,2.121052632,2.110526316,1.926684211,1.963526316,1.947736842,1.968789474,1.947736842,1.947526316
4367,2.136842105,2.147368421,2.126315789,2.057894736,2.07368421,2.074052631,2.105631578,2.084578947,2.110894736,2.084578947,2.079105263
4368,1.247368421,1.368421053,1.231578947,1.336842105,1.252631579,1.158263158,1.189842105,1.174052631,1.200368421,1.168789474,1.163315789
4369,1.531578947,1.494736841,1.452631578,1.47368421,1.484210526,1.474052631,1.516157894,1.50036842,1.52668421,1.484578947,1.479105262
4370,2.157894737,2.12631579,2.147368421,2.015789474,2.163157895,2.068789474,2.089842106,2.07931579,2.105631579,2.063526316,2.073842106
4371,1.957894737,1.978947369,2.042105263,2.005263158,1.878947369,1.87931579,1.910894737,1.884578948,1.916157895,1.884578948,1.873842106
4372,2.010526316,1.921052632,1.931578948,2.078947369,2.005263158,1.953,1.984578948,1.968789474,1.97931579,1.953,1.937
4373,1.631578947,1.563157894,1.589473683,1.452631578,1.578947368,1.552999999,1.589842105,1.563526315,1.589842105,1.558263157,1.531736841
4374,0.8,0.768421053,0.852631579,0.773684211,0.742105263,0.705631579,0.737210526,0.721421053,0.747736842,0.716157895,0.700157895
4375,2.015789474,2.078947369,2.010526316,2.115789474,2.110526316,1.921421053,1.968789474,1.926684211,1.958263159,1.926684211,1.921210527
4376,1.263157895,1.205263158,1.147368422,1.257894737,1.157894737,1.210894737,1.237210527,1.226684211,1.253000001,1.216157895,1.184368422
4377,1.563157895,1.557894737,1.557894737,1.589473685,1.52631579,1.489842106,1.526684211,1.495105264,1.521421053,1.495105264,1.573842106
4378,1.715789474,1.610526316,1.62631579,1.610526316,1.636842106,1.658263159,1.663526316,1.653000001,1.684578948,1.647736843,1.700157895
4379,2.121052632,2.078947369,2.094736843,2.168421053,2.047368422,2.031947369,2.068789475,2.053000001,2.084578948,2.053000001,2.131736843
4380,1.489473684,1.457894736,1.368421052,1.47368421,1.37368421,1.374052631,1.405631579,1.384578947,1.416157894,1.384578947,1.447526315
4381,2.294736842,2.221052631,2.252631579,2.242105263,2.289473684,2.210894737,2.22668421,2.205631579,2.242473684,2.210894737,2.273842105
4382,1.684210526,1.57368421,1.594736841,1.589473684,1.552631578,1.631947368,1.674052631,1.652999999,1.679315789,1.647736841,1.615947368
4383,1.715789474,1.778947369,1.800000001,1.800000001,1.742105264,1.663526316,1.689842106,1.674052632,1.695105264,1.668789474,1.621210527
4384,2.073684211,1.936842106,2.089473685,1.95263158,2.05263158,2.058263159,2.084578948,2.074052633,2.095105264,2.063526317,2.005421054
4385,2.342105263,2.342105263,2.215789473,2.236842105,2.384210526,2.310894737,2.342473684,2.316157894,2.347736842,2.310894737,2.273842105
4386,1.747368421,1.87368421,1.77368421,1.757894737,1.652631579,1.710894737,1.747736842,1.72668421,1.753,1.716157895,1.673842105
4387,1.263157895,1.294736843,1.342105264,1.184210527,1.284210527,1.226684211,1.258263158,1.242473685,1.263526316,1.231947369,1.268578948
4388,1.447368421,1.426315789,1.37368421,1.468421053,1.384210526,1.395105263,1.42668421,1.400368421,1.437210526,1.400368421,1.421210526
4389,2.421052632,2.521052632,2.35263158,2.536842106,2.42631579,2.410894738,2.437210527,2.416157896,2.447736843,2.410894738,2.373842106
4390,1.647368421,1.705263158,1.652631579,1.689473684,1.694736842,1.579315789,1.610894737,1.589842105,1.616157895,1.579315789,1.584368421
4391,1.921052632,1.847368422,1.847368422,1.889473685,1.857894738,1.868789475,1.90563158,1.889842106,1.900368422,1.874052632,1.879105264
4392,2.131578947,2.094736841,2.105263157,2.04736842,2.084210526,2.063526315,2.095105262,2.074052631,2.10036842,2.068789473,2.08436842
4393,1.626315789,1.657894736,1.510526315,1.584210525,1.594736841,1.52668421,1.558263157,1.531947367,1.574052631,1.531947367,1.558052631
4394,2.068421053,2.142105264,2.189473685,2.147368422,2.078947369,1.984578948,2.010894738,2.000368422,2.021421053,1.989842106,2.031736843
4395,1.821052632,1.836842106,1.75263158,1.789473685,1.721052632,1.747736843,1.784578948,1.768789475,1.784578948,1.742473685,1.76331579
4396,1.926315789,1.84736842,1.805263157,1.857894736,1.899999999,1.842473683,1.874052631,1.858263157,1.874052631,1.842473683,1.815947367
4397,2.021052632,2.115789475,2.078947369,2.089473685,2.068421053,1.884578948,1.916157896,1.895105264,1.910894738,1.884578948,1.952789475
4398,1.626315789,1.468421052,1.552631578,1.626315789,1.531578946,1.558263157,1.595105262,1.579315789,1.595105262,1.563526315,1.552789473
4399,1.226315789,1.17368421,1.057894736,1.189473683,1.036842104,1.189842104,1.221421052,1.20036842,1.22668421,1.20036842,1.142263157
4400,2.436842105,2.452631578,2.415789473,2.452631578,2.336842105,2.331947368,2.358263157,2.337210526,2.363526315,2.337210526,2.336999999
4401,1.147368421,1.189473684,1.126315789,1.031578947,1.136842105,1.053,1.079315789,1.058263158,1.084578947,1.053,1.047526316
4402,1.726315789,1.794736841,1.74736842,1.684210525,1.726315789,1.689842104,1.710894736,1.705631578,1.731947367,1.695105262,1.721210525
4403,2.210526316,2.147368421,2.131578948,2.147368421,2.152631579,2.110894737,2.153,2.126684211,2.158263158,2.116157895,2.121210527
4404,2.231578947,2.126315789,2.184210526,2.178947368,2.163157894,2.137210526,2.179315789,2.152999999,2.174052631,2.147736841,2.163315789
4405,1.978947368,1.952631578,1.884210525,2.042105262,1.926315789,1.931947368,1.963526315,1.947736841,1.963526315,1.931947368,1.868578947
4406,1.536842105,1.415789473,1.526315789,1.536842105,1.478947368,1.437210526,1.474052631,1.458263157,1.474052631,1.442473684,1.494894736
4407,1.710526316,1.694736843,1.689473685,1.7,1.72631579,1.626684211,1.647736843,1.631947369,1.653,1.610894737,1.652789474
4408,1.736842105,1.747368421,1.752631578,1.736842105,1.77368421,1.668789473,1.700368421,1.679315789,1.710894736,1.684578947,1.721210526
4409,1.078947368,1.115789473,1.026315789,0.957894736,1.126315789,1.042473683,1.084578947,1.052999999,1.084578947,1.063526315,0.994894736
4410,2.157894737,2.089473685,2.110526316,2.094736842,2.12631579,2.126684211,2.153,2.137210527,2.174052632,2.126684211,2.068578948
4411,1.952631579,1.942105263,1.968421053,2.021052632,2.073684211,1.926684211,1.953,1.926684211,1.947736842,1.921421053,1.847526316
4412,2.252631579,2.184210526,2.273684211,2.278947369,2.121052632,2.221421053,2.258263158,2.231947369,2.258263158,2.231947369,2.184368421
4413,1.6,1.589473684,1.594736842,1.510526316,1.489473684,1.579315789,1.616157895,1.589842105,1.616157895,1.584578947,1.526473684
4414,1.684210526,1.652631578,1.621052631,1.599999999,1.505263157,1.595105263,1.637210526,1.605631578,1.637210526,1.605631578,1.631736841
4415,0.657894737,0.578947369,0.731578948,0.778947369,0.705263158,0.589842106,0.616157895,0.595105263,0.616157895,0.589842106,0.600157895
4416,0.984210526,0.894736841,0.821052631,0.905263157,0.815789473,0.931947368,0.952999999,0.937210526,0.958263157,0.942473684,0.952789473
4417,1.405263158,1.410526316,1.4,1.289473684,1.247368421,1.316157895,1.337210527,1.331947369,1.353,1.316157895,1.400157895
4418,1.915789474,1.905263159,1.85263158,1.857894737,1.889473685,1.810894737,1.837210527,1.816157895,1.847736843,1.810894737,1.794894737
4419,2.163157895,2.136842106,2.105263158,2.047368422,2.089473685,2.058263158,2.089842106,2.07931579,2.105631579,2.068789474,2.110684211
4420,1.242105263,1.384210526,1.442105263,1.436842105,1.321052631,1.158263158,1.179315789,1.168789473,1.205631579,1.174052631,1.168578947
4421,1.910526316,2.078947369,1.92631579,2.047368421,1.973684211,1.900368421,1.926684211,1.910894737,1.937210527,1.900368421,1.826473685
4422,2.236842105,2.215789473,2.27368421,2.205263157,2.099999999,2.152999999,2.189842105,2.163526315,2.195105263,2.163526315,2.163315789
4423,1.557894737,1.578947369,1.578947369,1.573684211,1.584210527,1.510894737,1.542473685,1.521421053,1.558263158,1.516157895,1.479105263
4424,1.421052632,1.484210527,1.32631579,1.505263159,1.342105264,1.337210527,1.374052632,1.347736843,1.374052632,1.347736843,1.305421053
4425,2.126315789,2.199999999,2.068421052,2.27368421,2.084210525,2.089842104,2.12668421,2.110894736,2.12668421,2.10036842,2.042263157
4426,2.015789474,2.005263159,1.942105264,1.947368422,1.947368422,1.895105264,1.921421053,1.889842106,1.921421053,1.900368422,1.958052632
4427,2.436842105,2.37368421,2.352631578,2.331578947,2.326315789,2.400368421,2.431947368,2.405631578,2.437210526,2.405631578,2.405421052
4428,0.905263158,0.884210527,0.915789474,0.978947369,0.847368421,0.874052632,0.889842105,0.874052632,0.895105263,0.874052632,0.837
4429,2.089473684,2.168421052,2.047368421,1.968421052,2.084210526,2.02668421,2.042473684,2.037210526,2.053,2.037210526,2.031736842
4430,2.105263158,2.163157895,2.057894737,2.073684211,2.036842105,2.063526316,2.07931579,2.063526316,2.07931579,2.047736842,2.058052632
4431,2.721052632,2.62631579,2.600000001,2.631578948,2.521052632,2.674052632,2.700368422,2.684578948,2.710894738,2.67931579,2.684368422
4432,2.815789474,2.815789474,2.857894737,2.836842106,2.894736843,2.737210527,2.77931579,2.753000001,2.77931579,2.753000001,2.747526316
4433,1.4,1.405263158,1.378947368,1.231578947,1.284210526,1.326684211,1.358263158,1.337210526,1.363526316,1.321421053,1.358052632
4434,1.910526316,1.9,1.889473685,1.915789474,1.847368421,1.831947369,1.868789474,1.847736843,1.874052632,1.842473685,1.800157895
4435,0.489473684,0.447368421,0.457894736,0.494736842,0.505263157,0.42668421,0.453,0.442473684,0.468789473,0.431947368,0.447526315
4436,1.915789474,1.873684211,1.868421053,1.836842106,1.85263158,1.921421053,1.958263159,1.937210527,1.958263159,1.931947369,1.842263159
4437,2.084210526,2.005263157,2.057894736,1.984210526,1.999999999,2.084578947,2.121421052,2.095105263,2.121421052,2.10036842,2.058052631
4438,2.963157895,3.000000001,2.942105264,2.936842106,2.82631579,2.87931579,2.905631579,2.895105264,2.921421053,2.889842106,2.847526316
4439,2.610526316,2.563157895,2.589473685,2.473684211,2.578947369,2.574052632,2.600368421,2.584578948,2.605631579,2.584578948,2.589631579
4440,2.294736842,2.452631579,2.215789473,2.247368421,2.410526316,2.195105263,2.22668421,2.200368421,2.231947368,2.210894737,2.258052631
4441,2.436842105,2.331578947,2.436842105,2.431578947,2.368421052,2.384578947,2.410894736,2.389842105,2.416157894,2.384578947,2.363315789
4442,1.931578947,1.889473683,1.931578947,1.963157894,1.878947368,1.82668421,1.863526315,1.837210526,1.852999999,1.82668421,1.858052631
4443,1.968421053,2.057894738,1.994736843,1.984210527,2.005263159,1.942473685,1.968789474,1.947736843,1.974052632,1.942473685,1.88963158
4444,1.668421053,1.605263159,1.578947369,1.584210527,1.657894738,1.595105264,1.642473685,1.626684211,1.647736843,1.616157895,1.615947369
4445,1.589473684,1.547368421,1.478947368,1.542105263,1.47368421,1.500368421,1.537210526,1.510894736,1.542473684,1.500368421,1.542263157
4446,2.163157895,2.12631579,2.100000001,2.110526316,2.047368422,2.042473685,2.074052632,2.063526316,2.07931579,2.053000001,2.147526316
4447,1.236842105,1.115789473,1.063157894,1.163157894,1.126315789,1.158263157,1.184578947,1.158263157,1.184578947,1.152999999,1.168578947
4448,0.957894737,0.92631579,0.815789474,0.878947369,0.863157895,0.921421053,0.958263158,0.931947369,0.958263158,0.926684211,0.905421053
4449,2.473684211,2.336842106,2.389473685,2.415789475,2.442105264,2.40563158,2.426684211,2.416157896,2.437210527,2.40563158,2.400157896
4450,2.089473684,2.110526315,2.147368421,2.152631579,2.131578947,1.995105263,2.021421052,2.005631579,2.042473684,2.005631579,2.037
4451,1.163157895,1.12631579,1.036842106,1.136842106,1.089473685,1.084578948,1.121421053,1.095105264,1.116157895,1.089842106,1.079105264
4452,2.547368421,2.431578947,2.405263158,2.457894737,2.357894737,2.495105263,2.531947368,2.510894737,2.537210526,2.505631579,2.484368421
4453,0.742105263,0.7,0.652631579,0.721052631,0.752631579,0.710894737,0.742473684,0.721421052,0.747736842,0.721421052,0.668578947
4454,2.489473684,2.536842105,2.536842105,2.442105263,2.452631579,2.405631579,2.437210526,2.416157894,2.447736842,2.400368421,2.426473684
4455,1.794736842,1.789473684,1.731578947,1.794736842,1.821052631,1.72668421,1.768789473,1.753,1.774052631,1.742473684,1.731736842
4456,2.005263158,2.052631579,2.094736842,2.031578948,1.921052632,1.910894737,1.942473684,1.921421053,1.953,1.916157895,1.968578948
4457,2.363157895,2.500000001,2.405263158,2.500000001,2.405263158,2.321421053,2.368789474,2.342473685,2.368789474,2.331947369,2.305421053
4458,2.331578947,2.321052631,2.336842105,2.284210526,2.284210526,2.32668421,2.358263157,2.337210526,2.368789473,2.331947368,2.326473683
4459,1.078947368,1.099999999,1.157894736,1.057894736,1.07368421,1.042473683,1.084578947,1.063526315,1.089842104,1.068789473,0.942263157
4460,1.4,1.389473684,1.394736842,1.363157895,1.442105263,1.347736842,1.379315789,1.358263158,1.395105263,1.363526316,1.263315789
4461,1.421052632,1.494736843,1.400000001,1.463157896,1.421052632,1.37931579,1.421421053,1.395105264,1.421421053,1.389842106,1.352789475
4462,0.763157895,0.736842106,0.784210527,0.605263158,0.621052632,0.67931579,0.710894737,0.684578948,0.721421053,0.67931579,0.684368422
4463,2.142105263,2,2.068421052,1.994736842,2.031578947,2.074052631,2.105631579,2.074052631,2.105631579,2.068789473,2.073842105
4464,2.305263158,2.284210527,2.294736842,2.321052632,2.263157895,2.274052632,2.305631579,2.268789474,2.310894737,2.263526316,2.231736842
4465,1.536842105,1.489473684,1.510526315,1.510526315,1.484210526,1.447736842,1.484578947,1.463526315,1.489842105,1.458263157,1.521210526
4466,1.421052632,1.347368422,1.35263158,1.363157896,1.357894738,1.342473685,1.37931579,1.353000001,1.384578948,1.358263159,1.337000001
4467,1.278947368,1.236842104,1.268421052,1.294736841,1.242105262,1.258263157,1.284578947,1.263526315,1.289842104,1.252999999,1.252789473
4468,1.778947368,1.821052631,1.831578947,1.889473683,1.726315789,1.62668421,1.663526315,1.637210525,1.674052631,1.637210525,1.742263157
4469,2.594736842,2.626315789,2.563157895,2.610526316,2.505263158,2.505631579,2.531947368,2.516157895,2.542473684,2.521421052,2.542263158
4470,1.931578947,1.87368421,1.836842105,1.884210526,1.852631578,1.874052631,1.910894736,1.889842105,1.916157894,1.884578947,1.879105262
4471,2.005263158,1.868421053,1.952631579,1.884210527,1.915789474,1.895105263,1.921421053,1.900368421,1.937210527,1.900368421,1.931736842
4472,1.8,1.757894737,1.857894737,1.705263158,1.784210526,1.768789474,1.805631579,1.784578947,1.800368421,1.774052632,1.752789474
4473,1.878947368,1.915789473,1.84736842,1.910526315,1.889473683,1.768789473,1.795105262,1.779315789,1.810894736,1.774052631,1.789631578
4474,2.547368421,2.410526316,2.447368421,2.468421053,2.336842105,2.568789474,2.595105263,2.589842105,2.610894737,2.579315789,2.494894737
4475,2.278947368,2.34736842,2.231578947,2.305263157,2.294736841,2.205631578,2.247736841,2.216157894,2.247736841,2.205631578,2.200157894
4476,1.736842105,1.663157894,1.626315789,1.526315789,1.684210526,1.616157894,1.637210526,1.621421052,1.658263157,1.621421052,1.752789473
4477,1.163157895,1.215789474,1.089473685,1.194736843,1.084210527,1.121421053,1.163526316,1.131947369,1.158263158,1.126684211,1.037000001
4478,2.310526316,2.257894737,2.184210527,2.278947369,2.221052632,2.247736843,2.284578948,2.253,2.284578948,2.263526316,2.252789474
4479,1.594736842,1.494736842,1.552631579,1.563157895,1.436842105,1.484578947,1.521421052,1.495105263,1.52668421,1.500368421,1.537
4480,1.9,1.942105263,1.926315789,1.968421053,1.905263158,1.821421053,1.847736842,1.831947368,1.853,1.826684211,1.800157895
4481,2.263157895,2.32631579,2.289473685,2.384210527,2.268421053,2.163526316,2.189842106,2.174052632,2.200368422,2.17931579,2.173842106
4482,2.178947368,2.199999999,2.168421052,2.194736841,2.17368421,2.079315789,2.110894736,2.10036842,2.121421052,2.095105262,2.026473683
4483,1.236842105,1.27368421,1.278947368,1.221052631,1.210526315,1.221421052,1.263526315,1.237210526,1.263526315,1.231947368,1.184368421
4484,1.142105263,1.1,1.047368421,1.047368421,1.052631579,1.047736842,1.079315789,1.063526315,1.084578947,1.058263158,1.047526315
4485,2.494736842,2.526315789,2.484210526,2.463157895,2.452631579,2.458263158,2.489842105,2.468789473,2.495105263,2.463526316,2.421210526
4486,2.278947368,2.278947368,2.168421052,2.284210525,2.178947368,2.216157894,2.252999999,2.231947368,2.258263157,2.22668421,2.163315789
4487,1.873684211,1.805263159,1.863157896,1.836842106,1.82631579,1.810894738,1.837210527,1.821421054,1.847736843,1.810894738,1.831736843
4488,1.094736842,1.084210526,0.957894737,0.97368421,1.021052631,1.02668421,1.053,1.037210526,1.058263158,1.021421052,1.047526316
4489,1.531578947,1.578947368,1.563157894,1.510526315,1.568421052,1.484578947,1.516157894,1.50036842,1.521421052,1.484578947,1.489631578
4490,2.126315789,2.126315789,2.031578946,2.14736842,2.131578946,2.068789473,2.084578946,2.063526315,2.084578946,2.058263157,2.100157894
4491,1.826315789,1.789473683,1.784210525,1.815789473,1.87368421,1.768789473,1.80036842,1.779315789,1.805631578,1.768789473,1.742263157
4492,2.157894737,2.068421053,2.073684211,2.015789474,2,2.142473685,2.174052632,2.153,2.17931579,2.153,2.094894737
4493,0.368421053,0.205263159,0.205263159,0.300000001,0.242105264,0.310894738,0.342473685,0.321421053,0.347736843,0.316157895,0.36331579
4494,2.231578947,2.105263157,2.199999999,2.163157894,2.168421052,2.142473683,2.174052631,2.158263157,2.168789473,2.142473683,2.158052631
4495,1.957894737,1.942105263,1.857894737,1.82631579,1.863157895,1.889842106,1.926684211,1.900368421,1.926684211,1.900368421,1.868578948
4496,1.321052632,1.415789475,1.310526317,1.394736843,1.347368422,1.221421053,1.247736843,1.231947369,1.247736843,1.216157896,1.242263159
4497,2.052631579,1.92631579,1.963157895,1.952631579,1.984210526,1.995105263,2.021421053,2.000368421,2.031947369,2.000368421,1.96331579
4498,2.531578947,2.510526315,2.589473683,2.526315789,2.589473683,2.468789473,2.489842105,2.463526315,2.495105262,2.452999999,2.468578947
4499,0.931578947,0.989473683,0.97368421,0.915789473,0.921052631,0.795105262,0.842473683,0.810894736,0.847736841,0.80036842,0.905421052
4500,1.015789474,0.984210527,0.973684211,0.95263158,0.92631579,0.958263159,0.989842106,0.968789474,0.984578948,0.963526316,0.915947369
4501,1.663157895,1.715789474,1.710526316,1.631578948,1.605263158,1.521421053,1.563526316,1.537210527,1.563526316,1.542473685,1.594894737
4502,2.573684211,2.631578948,2.505263159,2.642105264,2.563157896,2.495105264,2.521421054,2.495105264,2.521421054,2.500368422,2.468578948
4503,2.584210526,2.621052631,2.605263157,2.594736841,2.615789473,2.547736841,2.568789473,2.547736841,2.589842105,2.542473684,2.515947368
4504,2.084210526,2.105263157,2.121052631,2.068421052,2.126315789,2.058263157,2.095105263,2.074052631,2.089842105,2.052999999,2.047526315
4505,2.036842105,2.094736842,2.021052631,2.084210526,2.136842105,1.974052631,2.000368421,1.984578947,2.016157894,1.979315789,1.979105263
4506,1.989473684,1.9,1.868421052,1.968421052,1.836842105,1.905631579,1.942473684,1.921421052,1.947736842,1.916157894,1.963315789
4507,2.631578947,2.542105262,2.552631578,2.631578947,2.578947368,2.521421052,2.552999999,2.537210526,2.552999999,2.52668421,2.61068421
4508,2.121052632,2.173684211,2.131578948,2.168421053,2.136842106,2.10563158,2.142473685,2.126684211,2.153000001,2.121421053,2.047526317
4509,3.221052632,3.210526317,3.189473685,3.221052632,3.131578948,3.174052632,3.210894738,3.189842106,3.20563158,3.189842106,3.179105264
4510,1.673684211,1.568421054,1.573684211,1.473684211,1.563157896,1.653000001,1.684578948,1.668789475,1.700368422,1.663526317,1.615947369
4511,1.405263158,1.405263158,1.336842105,1.289473684,1.210526316,1.295105263,1.326684211,1.300368421,1.326684211,1.295105263,1.347526316
4512,1.852631579,1.794736842,1.794736842,1.8,1.705263158,1.810894737,1.831947369,1.821421053,1.847736842,1.816157895,1.747526316
4513,2.2,2.131578947,2.189473684,2.157894737,2.136842105,2.110894737,2.153,2.121421053,2.147736842,2.121421053,2.142263158
4514,1.794736842,1.889473684,1.710526316,1.8,1.9,1.731947368,1.758263158,1.747736842,1.768789473,1.737210526,1.71068421
4515,2.331578947,2.436842105,2.305263157,2.415789473,2.436842105,2.252999999,2.274052631,2.263526315,2.279315789,2.242473683,2.273842105
4516,1.036842105,1.015789473,1.031578947,0.994736842,0.947368421,0.916157894,0.942473684,0.916157894,0.947736842,0.916157894,1.01068421
4517,1.484210526,1.363157894,1.37368421,1.431578947,1.415789473,1.40036842,1.431947368,1.410894736,1.437210526,1.410894736,1.41068421
4518,1.326315789,1.221052631,1.268421052,1.305263157,1.236842104,1.247736841,1.274052631,1.252999999,1.284578946,1.242473683,1.247526315
4519,2.615789474,2.573684211,2.494736843,2.52631579,2.578947369,2.568789474,2.60563158,2.574052632,2.60563158,2.568789474,2.515947369
4520,2.805263158,2.768421053,2.815789474,2.842105263,2.747368421,2.731947369,2.763526316,2.731947369,2.758263158,2.742473684,2.789631579
4521,1.615789474,1.510526316,1.478947369,1.589473685,1.489473685,1.553000001,1.589842106,1.558263159,1.589842106,1.558263159,1.515947369
4522,2.4,2.210526316,2.321052632,2.373684211,2.226315789,2.342473684,2.374052632,2.358263158,2.379315789,2.347736842,2.315947368
4523,1.110526316,1,1.052631579,1.005263158,1.031578948,1.084578948,1.116157895,1.105631579,1.137210527,1.100368421,1.010684211
4524,1.636842105,1.57368421,1.505263157,1.526315789,1.563157894,1.505631578,1.531947368,1.500368421,1.537210526,1.510894736,1.579105263
4525,1.694736842,1.657894737,1.731578947,1.742105263,1.621052631,1.674052631,1.716157895,1.684578947,1.710894737,1.684578947,1.615947368
4526,2.010526316,1.963157895,1.984210527,2.047368421,1.952631579,1.926684211,1.942473685,1.926684211,1.963526316,1.926684211,1.984368421
4527,1.594736842,1.678947368,1.747368421,1.594736842,1.542105263,1.505631579,1.521421052,1.516157895,1.542473684,1.505631579,1.484368421
4528,2.547368421,2.463157895,2.494736842,2.505263158,2.463157895,2.505631579,2.547736842,2.52668421,2.542473684,2.521421053,2.473842105
4529,0.547368421,0.478947368,0.426315789,0.515789474,0.37368421,0.516157895,0.542473684,0.521421053,0.547736842,0.52668421,0.505421053
4530,1.557894737,1.657894737,1.621052632,1.542105263,1.542105263,1.474052632,1.516157895,1.489842106,1.521421053,1.47931579,1.584368421
4531,1.547368421,1.384210526,1.526315789,1.510526316,1.510526316,1.484578947,1.521421053,1.505631579,1.537210526,1.500368421,1.468578947
4532,1.842105263,1.884210526,1.936842105,1.768421052,1.789473684,1.763526315,1.800368421,1.779315789,1.800368421,1.768789473,1.726473684
4533,1.631578947,1.689473683,1.636842105,1.64736842,1.736842105,1.558263157,1.574052631,1.552999999,1.589842105,1.547736841,1.542263157
4534,2.042105263,2.07368421,2.036842105,2.042105263,2.126315789,1.942473684,1.968789473,1.947736842,1.968789473,1.942473684,2.000157894
4535,1.673684211,1.763157896,1.710526317,1.715789475,1.573684211,1.568789475,1.610894738,1.584578948,1.60563158,1.57931579,1.642263159
4536,2.021052632,1.984210527,1.884210527,1.915789475,2.021052632,1.900368422,1.937210527,1.921421053,1.947736843,1.910894738,1.98963158
4537,2.910526316,2.936842106,2.857894737,2.9,2.884210527,2.863526316,2.900368421,2.874052632,2.895105264,2.868789474,2.86331579
4538,2.984210526,2.931578947,2.889473684,2.952631578,2.931578947,2.852999999,2.895105263,2.874052631,2.905631578,2.874052631,2.947526315
4539,2.057894737,2.052631579,1.968421053,1.989473685,2.031578948,2.000368421,2.037210527,2.010894737,2.031947369,1.995105263,2.021210527
4540,1.173684211,1.094736843,1.157894738,1.084210527,1.142105264,1.100368422,1.142473685,1.126684211,1.137210527,1.110894738,1.179105264
4541,1.294736842,1.326315789,1.226315789,1.357894737,1.210526316,1.174052631,1.210894737,1.184578947,1.210894737,1.179315789,1.163315789
4542,1.557894737,1.52631579,1.415789474,1.521052632,1.515789474,1.495105263,1.526684211,1.505631579,1.526684211,1.505631579,1.489631579
4543,2.031578947,1.952631578,1.931578947,1.936842105,1.910526315,1.984578947,2.016157894,2.00036842,2.016157894,1.989842105,2.042263157
4544,1.326315789,1.189473683,1.17368421,1.121052631,1.215789473,1.279315789,1.316157894,1.295105262,1.321421052,1.289842104,1.263315789
4545,1.394736842,1.342105263,1.178947368,1.210526316,1.252631579,1.32668421,1.358263158,1.342473684,1.358263158,1.342473684,1.342263158
4546,1.694736842,1.678947368,1.705263158,1.721052631,1.663157895,1.653,1.684578947,1.653,1.695105263,1.663526316,1.61068421
4547,1.121052632,1.089473685,1.147368422,1.05263158,1.121052632,1.031947369,1.074052632,1.047736843,1.074052632,1.047736843,1.105421053
4548,2.136842105,2.115789473,2.015789473,2.131578947,2.184210526,2.095105263,2.12668421,2.105631578,2.12668421,2.084578947,2.052789473
4549,2.6,2.515789474,2.5,2.578947368,2.578947368,2.574052632,2.589842105,2.584578947,2.600368421,2.574052632,2.600157895
4550,2.568421053,2.484210527,2.42631579,2.421052632,2.510526317,2.547736843,2.568789474,2.558263159,2.584578948,2.558263159,2.56331579
4551,2.689473684,2.794736842,2.736842105,2.736842105,2.736842105,2.668789473,2.705631579,2.679315789,2.695105263,2.668789473,2.61068421
4552,2.026315789,1.794736841,1.826315789,1.884210525,1.936842104,1.889842104,1.916157894,1.905631578,1.92668421,1.895105262,1.947526315
4553,1.405263158,1.315789474,1.363157895,1.32631579,1.431578948,1.358263158,1.389842105,1.358263158,1.395105263,1.363526316,1.300157895
4554,1.152631579,1.047368421,1.157894737,1.173684211,1.068421053,1.063526316,1.095105263,1.07931579,1.105631579,1.074052632,1.052789474
4555,1.842105263,1.815789473,1.778947368,1.852631579,1.826315789,1.831947368,1.863526315,1.837210526,1.863526315,1.842473684,1.789631579
4556,1.463157895,1.389473685,1.389473685,1.305263158,1.405263158,1.463526316,1.495105264,1.468789474,1.500368422,1.463526316,1.405421053
4557,3.457894737,3.42631579,3.357894737,3.421052632,3.315789474,3.389842106,3.431947369,3.400368421,3.431947369,3.395105263,3.410684211
4558,2.910526316,2.994736843,2.942105264,2.952631579,2.857894737,2.826684211,2.858263158,2.831947369,2.858263158,2.831947369,2.847526316
4559,1.510526316,1.505263158,1.494736843,1.447368421,1.384210527,1.416157895,1.453,1.431947369,1.453,1.421421053,1.484368421
4560,1.573684211,1.578947369,1.568421054,1.65263158,1.421052633,1.47931579,1.521421054,1.495105264,1.526684211,1.489842106,1.56331579
4561,2.394736842,2.457894737,2.436842105,2.431578947,2.415789473,2.395105263,2.431947368,2.400368421,2.42668421,2.395105263,2.315947368
4562,1.773684211,1.715789475,1.673684211,1.694736843,1.673684211,1.626684211,1.658263159,1.642473685,1.658263159,1.631947369,1.705421054
4563,2.115789474,2.12631579,2.05263158,2.094736843,2.12631579,2.07931579,2.116157895,2.089842106,2.116157895,2.084578948,2.047526316
4564,1.478947368,1.526315789,1.54736842,1.484210525,1.484210525,1.452999999,1.479315789,1.468789473,1.484578947,1.458263157,1.405421052
4565,1.973684211,1.894736843,1.931578948,1.889473685,1.900000001,1.947736843,1.974052633,1.958263159,1.984578948,1.947736843,1.905421054
4566,1.052631579,1.115789474,1.036842105,1.073684211,1.052631579,0.942473684,0.989842105,0.953,0.974052632,0.953,0.989631579
4567,1.910526316,1.794736843,1.715789474,1.72631579,1.694736843,1.889842106,1.916157895,1.900368421,1.916157895,1.884578948,1.847526316
4568,2.073684211,2.100000001,2.073684211,2.168421054,2.100000001,2.031947369,2.07931579,2.053000001,2.068789475,2.042473685,2.026473685
4569,2.078947368,1.926315789,1.915789473,1.842105262,1.931578947,1.979315789,2.010894736,2.00036842,2.021421052,1.984578947,2.042263157
4570,1.610526316,1.531578948,1.510526316,1.52631579,1.5,1.542473685,1.574052632,1.547736843,1.57931579,1.547736843,1.537
4571,1.178947368,1.110526315,0.978947368,1.105263157,1.068421052,1.079315789,1.116157894,1.095105262,1.105631578,1.089842104,1.115947368
4572,2.215789474,2.157894737,2.05263158,2.115789474,2.142105264,2.10563158,2.131947369,2.110894737,2.158263159,2.110894737,2.142263159
4573,1.763157895,1.794736843,1.694736843,1.821052632,1.884210527,1.700368422,1.737210527,1.710894737,1.737210527,1.700368422,1.710684211
4574,1.947368421,1.952631579,1.9,1.947368421,1.957894737,1.847736842,1.874052631,1.847736842,1.879315789,1.858263158,1.879105263
4575,2.184210526,2.142105263,2.336842105,2.205263157,2.178947368,2.110894736,2.137210526,2.116157894,2.142473684,2.110894736,2.105421052
4576,2.042105263,1.931578947,1.910526315,1.926315789,2.052631579,1.963526315,1.989842105,1.968789473,2.000368421,1.958263158,1.973842105
4577,1.205263158,1.052631579,1.073684211,1.073684211,1.094736842,1.126684211,1.168789474,1.137210527,1.174052632,1.142473684,1.147526316
4578,2.842105263,2.936842105,2.805263158,2.757894737,2.657894737,2.789842105,2.82668421,2.805631579,2.837210526,2.810894737,2.768578947
4579,2.531578947,2.621052631,2.684210526,2.67368421,2.657894736,2.495105262,2.521421052,2.505631578,2.52668421,2.495105262,2.415947368
4580,1.363157895,1.394736843,1.284210527,1.389473685,1.315789474,1.310894737,1.347736843,1.326684211,1.358263158,1.321421053,1.305421053
4581,2.036842105,2.026315789,2.068421052,2.099999999,2.052631578,2.037210526,2.068789473,2.042473684,2.074052631,2.031947368,1.973842105
4582,1.673684211,1.668421054,1.521052633,1.689473685,1.510526317,1.616157896,1.647736843,1.626684211,1.653000001,1.626684211,1.579105264
4583,0.773684211,0.836842106,0.721052633,0.75263158,0.810526317,0.747736843,0.774052633,0.758263159,0.774052633,0.742473685,0.700157896
4584,2.563157895,2.410526316,2.557894737,2.573684211,2.500000001,2.521421053,2.553000001,2.521421053,2.558263158,2.526684211,2.489631579
4585,3.215789474,3.215789474,3.189473685,3.142105264,3.047368422,3.153000001,3.184578948,3.153000001,3.189842106,3.147736843,3.194894737
4586,1.163157895,1.22631579,1.22631579,1.289473685,1.263157895,1.105631579,1.147736843,1.131947369,1.142473685,1.116157895,1.105421053
4587,1.621052632,1.457894738,1.647368422,1.505263159,1.673684211,1.57931579,1.616157896,1.589842106,1.621421053,1.600368422,1.584368422
4588,2.152631579,2.163157895,2.157894737,2.147368421,2.152631579,2.116157895,2.137210526,2.110894737,2.147736842,2.110894737,2.068578947
4589,1.915789474,1.82631579,1.805263159,1.72631579,1.757894737,1.831947369,1.858263159,1.837210527,1.868789474,1.842473685,1.815947369
4590,1.078947368,1.131578947,1.157894736,1.105263157,1.057894736,0.984578947,1.010894736,0.989842104,1.02668421,0.979315789,1.026473683
4591,2.273684211,2.189473685,2.236842106,2.242105264,2.25263158,2.237210527,2.263526317,2.242473685,2.263526317,2.247736843,2.252789475
4592,0.431578947,0.421052631,0.336842105,0.484210526,0.378947368,0.40036842,0.431947368,0.405631578,0.431947368,0.405631578,0.373842105
4593,3.252631579,3.131578947,3.189473684,3.142105263,3.184210526,3.221421053,3.247736842,3.221421053,3.258263158,3.221421053,3.242263158
4594,1.878947368,1.910526315,1.899999999,1.778947368,1.87368421,1.774052631,1.810894736,1.795105262,1.810894736,1.779315789,1.826473683
4595,2.557894737,2.536842106,2.557894737,2.689473685,2.568421053,2.489842106,2.521421053,2.495105263,2.521421053,2.495105263,2.484368421
4596,2.510526316,2.410526316,2.4,2.394736843,2.368421053,2.416157895,2.458263158,2.437210527,2.463526316,2.426684211,2.415947369
4597,3.226315789,3.17368421,3.294736841,3.157894736,3.163157894,3.116157894,3.147736841,3.12668421,3.152999999,3.12668421,3.221210525
4598,0.863157895,1.005263158,0.747368422,0.847368422,0.900000001,0.789842106,0.837210527,0.800368422,0.837210527,0.795105264,0.794894737
4599,2.710526316,2.8,2.757894737,2.82631579,2.815789474,2.574052632,2.600368421,2.584578948,2.605631579,2.57931579,2.631736843
4600,2.389473684,2.2,2.210526315,2.294736842,2.184210526,2.395105263,2.42668421,2.400368421,2.431947368,2.384578947,2.347526315
4601,1.1,1.084210526,1.036842105,1.105263158,1.073684211,1.026684211,1.053,1.037210526,1.047736842,1.021421053,0.989631579
4602,2.305263158,2.268421053,2.284210527,2.315789474,2.189473684,2.268789474,2.305631579,2.284578948,2.305631579,2.284578948,2.289631579
4603,2.021052632,2.078947369,2.021052632,2.105263159,2.073684211,1.968789475,2.00563158,1.97931579,2.00563158,1.97931579,1.947526317
4604,2.089473684,2.042105263,2.07368421,2.057894736,2.152631579,2.110894736,2.142473684,2.121421052,2.142473684,2.116157894,2.000157894
4605,2.168421053,2.021052632,2.057894738,2.089473685,2.031578948,2.07931579,2.10563158,2.084578948,2.110894738,2.084578948,2.08963158
4606,2.336842105,2.268421052,2.347368421,2.278947368,2.284210526,2.263526315,2.279315789,2.268789473,2.284578947,2.258263157,2.294894736
4607,0.826315789,0.863157894,0.810526315,0.752631578,0.736842104,0.768789473,0.789842104,0.779315789,0.80036842,0.779315789,0.779105262
4608,1.6,1.636842105,1.705263158,1.510526316,1.610526316,1.553,1.584578947,1.574052632,1.600368421,1.563526316,1.573842105
4609,1.331578947,1.331578947,1.231578947,1.268421052,1.231578947,1.205631578,1.247736841,1.221421052,1.247736841,1.221421052,1.363315789
4610,2.131578947,2.157894736,2.136842105,2.14736842,2.115789473,2.079315789,2.105631578,2.084578947,2.12668421,2.089842105,2.063315789
4611,1.742105263,1.668421052,1.678947368,1.631578947,1.642105263,1.700368421,1.737210526,1.72668421,1.747736842,1.710894737,1.705421052
4612,1.005263158,1.047368421,1.005263158,1.042105263,0.921052632,0.942473684,0.974052632,0.963526316,0.984578948,0.947736842,0.994894737
4613,2.252631579,2.257894737,2.142105263,2.294736842,2.168421053,2.195105263,2.221421053,2.205631579,2.237210526,2.195105263,2.168578947
4614,2.205263158,2.178947369,2.205263158,2.115789474,2.242105263,2.095105263,2.131947369,2.105631579,2.131947369,2.105631579,2.168578948
4615,0.957894737,0.952631579,0.868421053,0.92631579,0.8,0.947736842,0.97931579,0.958263158,0.97931579,0.947736842,0.894894737
4616,1.757894737,1.72631579,1.694736842,1.678947369,1.768421053,1.689842106,1.716157895,1.710894737,1.731947369,1.695105263,1.694894737
4617,2.278947368,2.084210525,2.136842104,2.178947368,2.094736841,2.195105262,2.22668421,2.210894736,2.231947368,2.189842104,2.205421052
4618,1.605263158,1.621052632,1.536842105,1.657894737,1.568421053,1.547736842,1.589842105,1.568789474,1.595105263,1.563526316,1.552789474
4619,2.094736842,2.147368421,2.126315789,2.157894737,1.97368421,2.02668421,2.068789473,2.053,2.074052631,2.031947368,2.01068421
4620,2.626315789,2.615789473,2.526315789,2.578947367,2.589473683,2.568789473,2.616157894,2.595105262,2.621421052,2.589842104,2.58436842
4621,1.336842105,1.27368421,1.221052631,1.268421052,1.221052631,1.300368421,1.331947368,1.310894736,1.342473684,1.300368421,1.215947368
4622,1.5,1.589473684,1.421052632,1.431578947,1.468421053,1.416157895,1.447736842,1.421421053,1.437210526,1.416157895,1.452789474
4623,1.952631579,1.784210526,1.847368421,1.894736842,1.936842105,1.874052632,1.905631579,1.87931579,1.905631579,1.874052632,1.852789474
4624,2.084210526,2.131578947,2.07368421,2.057894736,2.021052631,2.037210526,2.068789473,2.052999999,2.063526315,2.047736841,2.01068421
4625,2.152631579,2.136842105,2.194736842,2.089473684,2.131578947,2.063526316,2.095105263,2.068789474,2.089842105,2.063526316,2.115947369
4626,2.278947368,2.321052631,2.252631578,2.37368421,2.310526315,2.221421052,2.263526315,2.242473683,2.268789473,2.22668421,2.300157894
4627,2.731578947,2.67368421,2.642105262,2.705263157,2.652631578,2.652999999,2.689842105,2.663526315,2.70036842,2.668789473,2.621210526
4628,1.968421053,1.95263158,1.910526317,1.968421053,1.905263159,1.87931579,1.916157895,1.895105264,1.921421053,1.895105264,1.921210527
4629,2.557894737,2.405263158,2.478947369,2.405263158,2.547368421,2.526684211,2.568789474,2.553,2.574052632,2.547736842,2.458052632
4630,1.268421053,1.268421053,1.289473685,1.289473685,1.210526317,1.221421053,1.258263159,1.231947369,1.258263159,1.226684211,1.210684211
4631,0.105263158,0.015789474,0.1,0.042105263,0.021052632,0.026684211,0.047736842,0.026684211,0.058263158,0.026684211,0.031736842
4632,2.489473684,2.468421052,2.426315789,2.478947368,2.457894736,2.421421052,2.442473684,2.421421052,2.442473684,2.421421052,2.468578947
4633,1.794736842,1.8,1.731578947,1.694736842,1.736842105,1.710894737,1.742473684,1.716157895,1.742473684,1.695105263,1.721210526
4634,1.763157895,1.789473685,1.778947369,1.815789474,1.815789474,1.663526316,1.700368422,1.668789474,1.700368422,1.658263158,1.721210527
4635,2.305263158,2.32631579,2.215789474,2.273684211,2.205263158,2.258263158,2.284578948,2.258263158,2.284578948,2.247736842,2.258052632
4636,1.652631579,1.610526316,1.710526316,1.62631579,1.578947369,1.574052632,1.600368421,1.574052632,1.595105263,1.568789474,1.547526316
4637,2.494736842,2.515789473,2.5,2.447368421,2.536842105,2.416157895,2.442473684,2.437210526,2.453,2.42668421,2.389631579
4638,1.336842105,1.310526315,1.357894736,1.426315789,1.268421052,1.237210526,1.274052631,1.258263157,1.274052631,1.242473684,1.226473684
4639,2.310526316,2.210526316,2.310526316,2.089473685,2.252631579,2.247736843,2.284578948,2.247736843,2.284578948,2.242473685,2.305421053
4640,1.063157895,0.952631579,0.921052632,1.052631579,0.984210527,1.016157895,1.047736843,1.021421053,1.063526316,1.026684211,1.015947369
4641,0.552631579,0.52631579,0.494736842,0.621052632,0.610526316,0.468789474,0.495105263,0.484578947,0.500368421,0.463526316,0.473842105
4642,2.268421053,2.231578948,2.168421053,2.289473685,2.242105264,2.216157895,2.253000001,2.221421053,2.247736843,2.216157895,2.210684211
4643,1.221052632,1.194736843,1.15263158,1.147368422,1.163157896,1.163526317,1.195105264,1.174052632,1.195105264,1.174052632,1.147526317
4644,2.610526316,2.652631579,2.521052632,2.594736843,2.584210527,2.568789474,2.605631579,2.57931579,2.600368421,2.568789474,2.500157895
4645,1.710526316,1.673684211,1.731578948,1.663157895,1.552631579,1.653,1.684578948,1.658263158,1.700368421,1.663526316,1.626473685
4646,0.673684211,0.542105264,0.547368422,0.647368422,0.531578948,0.616157896,0.642473685,0.621421054,0.647736843,0.616157896,0.642263159
4647,2.068421053,2.010526317,1.931578948,1.963157895,2.015789474,1.97931579,2.00563158,1.989842106,2.010894738,1.984578948,1.98963158
4648,2.115789474,2.115789474,2.315789474,2.136842106,2.121052632,2.058263159,2.07931579,2.058263159,2.07931579,2.058263159,2.058052632
4649,1.705263158,1.72631579,1.663157895,1.684210527,1.6,1.637210527,1.663526316,1.637210527,1.668789474,1.631947369,1.637
4650,2.321052632,2.405263159,2.32631579,2.394736843,2.331578948,2.300368422,2.331947369,2.295105264,2.326684211,2.300368422,2.221210527
4651,1.757894737,1.873684211,1.82631579,1.763157895,1.805263158,1.737210527,1.774052632,1.753,1.77931579,1.742473685,1.752789474
4652,2.505263158,2.457894737,2.405263158,2.542105263,2.415789474,2.426684211,2.468789474,2.453,2.463526316,2.442473684,2.473842105
4653,3.026315789,2.936842104,2.894736841,2.94736842,2.868421052,2.989842104,3.02668421,3.00036842,3.031947367,2.995105262,2.926473683
4654,1.142105263,1.07368421,1.026315789,1.136842105,1.036842105,1.089842105,1.12668421,1.105631579,1.12668421,1.095105263,1.11068421
4655,2.073684211,2.084210527,2.047368422,2.136842106,2.073684211,2.016157896,2.058263159,2.031947369,2.053000001,2.021421054,2.031736843
4656,2.373684211,2.268421054,2.347368422,2.331578948,2.394736843,2.274052633,2.316157896,2.289842106,2.326684211,2.284578948,2.231736843
4657,1.284210526,1.342105263,1.27368421,1.442105263,1.289473684,1.237210526,1.274052631,1.263526315,1.274052631,1.237210526,1.194894736
4658,2.542105263,2.568421052,2.526315789,2.584210526,2.536842105,2.484578947,2.510894737,2.489842105,2.510894737,2.489842105,2.447526315
4659,2.531578947,2.426315789,2.499999999,2.415789473,2.336842105,2.458263157,2.50036842,2.474052631,2.505631578,2.474052631,2.473842105
4660,1.384210526,1.415789473,1.336842105,1.426315789,1.357894736,1.331947368,1.358263157,1.337210526,1.368789473,1.32668421,1.321210526
4661,1.710526316,1.721052632,1.684210527,1.721052632,1.742105264,1.700368421,1.726684211,1.700368421,1.726684211,1.700368421,1.594894737
4662,2.605263158,2.515789474,2.478947369,2.557894737,2.547368421,2.542473684,2.57931579,2.553,2.589842105,2.558263158,2.542263158
4663,1.547368421,1.536842105,1.457894737,1.484210526,1.494736842,1.463526316,1.500368421,1.479315789,1.510894737,1.463526316,1.447526316
4664,3.126315789,3.136842104,3.136842104,3.110526315,3.236842104,3.058263157,3.089842104,3.074052631,3.10036842,3.068789473,3.068578946
4665,3.247368421,3.263157895,3.163157895,3.289473684,3.231578947,3.179315789,3.216157895,3.195105263,3.216157895,3.195105263,3.173842105
4666,2.505263158,2.452631579,2.494736842,2.557894737,2.478947369,2.463526316,2.484578948,2.474052632,2.505631579,2.484578948,2.447526316
4667,2.415789474,2.389473685,2.394736843,2.342105264,2.35263158,2.263526316,2.300368422,2.274052632,2.30563158,2.268789474,2.337000001
4668,1.273684211,1.278947369,1.22631579,1.289473685,1.336842106,1.20563158,1.247736843,1.221421054,1.242473685,1.216157896,1.184368422
4669,2.315789474,2.400000001,2.373684211,2.305263159,2.357894737,2.253000001,2.284578948,2.258263159,2.289842106,2.263526316,2.26331579
4670,1.005263158,0.863157895,0.915789474,0.92631579,1.015789474,0.963526316,0.984578948,0.963526316,0.995105263,0.968789474,0.947526316
4671,1.731578947,1.621052631,1.626315789,1.64736842,1.615789473,1.679315789,1.710894736,1.684578947,1.710894736,1.684578947,1.636999999
4672,2.442105263,2.278947368,2.426315789,2.436842105,2.284210526,2.347736842,2.379315789,2.363526315,2.389842105,2.353,2.358052631
4673,2.826315789,2.67368421,2.763157894,2.689473683,2.715789473,2.795105262,2.816157894,2.795105262,2.82668421,2.80036842,2.78436842
4674,2.257894737,2.2,2.273684211,2.231578948,2.242105263,2.231947369,2.263526316,2.247736842,2.263526316,2.221421053,2.210684211
4675,1.852631579,1.831578947,1.773684211,1.847368421,1.778947369,1.821421053,1.868789474,1.847736842,1.863526316,1.831947369,1.789631579
4676,1.747368421,1.663157895,1.678947368,1.694736842,1.7,1.637210526,1.668789474,1.653,1.674052631,1.642473684,1.679105263
4677,1.689473684,1.7,1.663157894,1.621052631,1.610526315,1.647736842,1.674052631,1.668789473,1.684578947,1.647736842,1.642263157
4678,2.131578947,2.131578947,2.110526315,2.094736841,1.984210526,2.095105262,2.12668421,2.105631578,2.131947368,2.10036842,2.094894736
4679,1.289473684,1.315789473,1.231578947,1.094736842,1.163157894,1.253,1.274052631,1.258263157,1.284578947,1.253,1.221210526
4680,1.384210526,1.215789473,1.205263157,1.268421052,1.299999999,1.358263157,1.384578947,1.358263157,1.389842105,1.352999999,1.347526315
4681,2.505263158,2.442105263,2.394736842,2.342105263,2.378947369,2.47931579,2.510894737,2.489842105,2.510894737,2.47931579,2.46331579
4682,2.936842105,2.926315789,2.910526315,2.905263157,2.947368421,2.852999999,2.895105263,2.858263157,2.900368421,2.852999999,2.852789473
4683,1.436842105,1.310526315,1.415789473,1.236842105,1.436842105,1.416157894,1.458263157,1.421421052,1.458263157,1.416157894,1.273842105
4684,1.863157895,1.82631579,1.810526316,1.668421053,1.736842106,1.837210527,1.858263158,1.831947369,1.858263158,1.837210527,1.800157895
4685,2.373684211,2.242105264,2.315789475,2.215789475,2.231578948,2.337210527,2.37931579,2.358263159,2.37931579,2.342473685,2.347526317
4686,0.905263158,0.947368421,0.921052632,0.863157895,0.815789474,0.826684211,0.863526316,0.853,0.874052632,0.842473684,0.842263158
4687,1.836842105,1.889473684,1.915789473,1.821052631,1.757894736,1.810894736,1.837210526,1.816157894,1.847736842,1.816157894,1.794894736
4688,1.326315789,1.378947367,1.399999999,1.47368421,1.499999999,1.252999999,1.289842104,1.268789473,1.295105262,1.268789473,1.289631578
4689,2.247368421,2.189473684,2.142105263,2.178947368,2.157894737,2.210894737,2.242473684,2.210894737,2.242473684,2.216157895,2.194894737
4690,1.342105263,1.421052631,1.384210526,1.405263158,1.331578947,1.242473684,1.279315789,1.253,1.284578947,1.253,1.347526315
4691,2.010526316,1.936842106,1.989473685,2.005263158,1.921052632,1.942473685,1.968789474,1.953,1.974052632,1.942473685,1.96331579
4692,2.384210526,2.452631578,2.44736842,2.368421052,2.405263157,2.331947368,2.374052631,2.342473684,2.379315789,2.342473684,2.273842105
4693,2.510526316,2.578947369,2.505263158,2.468421053,2.510526316,2.431947369,2.463526316,2.431947369,2.47931579,2.447736843,2.473842106
4694,1.521052632,1.573684211,1.478947369,1.500000001,1.515789475,1.50563158,1.537210527,1.516157896,1.542473685,1.510894738,1.452789475
4695,2.605263158,2.452631579,2.505263158,2.457894737,2.610526316,2.510894737,2.537210527,2.526684211,2.553,2.516157895,2.584368421
4696,2.131578947,2.099999999,1.978947368,1.978947368,2.04736842,2.010894736,2.031947368,2.02668421,2.042473683,2.016157894,2.068578947
4697,2.584210526,2.415789473,2.321052631,2.442105263,2.421052631,2.542473684,2.574052631,2.542473684,2.568789473,2.547736841,2.558052631
4698,1.531578947,1.510526315,1.499999999,1.521052631,1.410526315,1.42668421,1.463526315,1.452999999,1.479315789,1.437210526,1.489631578
4699,2.652631579,2.568421053,2.631578947,2.505263158,2.531578947,2.531947369,2.558263158,2.531947369,2.558263158,2.537210526,2.542263158
4700,2.126315789,2.094736841,2.063157894,2.163157894,2.126315789,2.010894736,2.047736841,2.016157894,2.042473683,2.016157894,2.042263157
4701,1.789473684,1.910526315,1.847368421,1.8,1.8,1.674052631,1.716157894,1.689842105,1.716157894,1.684578947,1.715947368
4702,1.605263158,1.636842105,1.594736842,1.552631579,1.6,1.484578948,1.521421053,1.495105263,1.526684211,1.500368421,1.526473684
4703,1.857894737,1.847368421,1.763157895,1.894736842,1.773684211,1.805631579,1.842473685,1.821421053,1.847736842,1.816157895,1.789631579
4704,1.626315789,1.557894736,1.594736841,1.631578946,1.563157894,1.558263157,1.60036842,1.574052631,1.605631578,1.563526315,1.521210525
4705,2.610526316,2.478947369,2.510526316,2.536842106,2.421052632,2.558263158,2.584578948,2.563526316,2.589842106,2.558263158,2.500157895
4706,1.052631579,1.131578947,1.094736842,1.057894737,1.068421053,0.916157895,0.942473684,0.921421053,0.958263158,0.921421053,1.042263158
4707,2.110526316,2.173684211,2.152631579,2.168421053,2.089473685,2.07931579,2.105631579,2.095105264,2.116157895,2.07931579,2.073842106
4708,2.226315789,2.194736841,2.215789473,2.252631578,2.199999999,2.158263157,2.189842104,2.163526315,2.195105262,2.158263157,2.189631578
4709,0.810526316,0.852631579,0.768421053,0.889473685,0.7,0.731947369,0.758263158,0.747736843,0.763526316,0.731947369,0.721210527
4710,0.536842105,0.457894736,0.442105263,0.452631578,0.384210526,0.458263157,0.484578947,0.463526315,0.484578947,0.458263157,0.479105263
4711,1.789473684,1.821052631,1.77368421,1.8,1.789473684,1.747736842,1.779315789,1.758263157,1.779315789,1.753,1.673842105
4712,2.105263158,2.242105263,2.189473684,2.042105263,2.031578948,2.095105263,2.131947369,2.100368421,2.126684211,2.095105263,2.052789474
4713,1.821052632,1.794736843,1.747368422,1.636842106,1.742105264,1.800368422,1.837210527,1.810894738,1.842473685,1.816157896,1.758052632
4714,1.594736842,1.621052631,1.605263158,1.67368421,1.678947368,1.516157895,1.542473684,1.531947368,1.553,1.52668421,1.521210526
4715,1.831578947,1.831578947,1.789473683,1.794736841,1.67368421,1.80036842,1.837210526,1.810894736,1.847736841,1.80036842,1.747526315
4716,2.026315789,2.07368421,1.915789473,1.821052631,1.952631578,1.974052631,2.00036842,1.984578946,2.005631578,1.974052631,2.000157894
4717,2.647368421,2.663157895,2.631578947,2.57368421,2.547368421,2.62668421,2.647736842,2.631947368,2.658263158,2.616157895,2.558052631
4718,1.821052632,1.815789475,1.831578948,1.72631579,1.689473685,1.747736843,1.774052632,1.753000001,1.784578948,1.753000001,1.747526317
4719,1.010526316,0.721052632,0.778947369,0.689473685,0.763157895,0.989842106,1.026684211,0.989842106,1.031947369,0.989842106,0.984368421
4720,1.889473684,1.836842105,1.77368421,1.847368421,1.731578947,1.816157894,1.847736842,1.831947368,1.853,1.816157894,1.847526315
4721,1.421052632,1.294736843,1.447368422,1.410526317,1.378947369,1.363526317,1.395105264,1.374052632,1.400368422,1.363526317,1.358052632
4722,3.326315789,3.310526315,3.236842104,3.289473683,3.257894736,3.305631578,3.347736841,3.321421052,3.342473683,3.305631578,3.21068421
4723,1.231578947,1.184210526,1.226315789,1.268421052,1.142105262,1.152999999,1.184578947,1.174052631,1.189842105,1.158263157,1.200157894
4724,2.536842105,2.526315789,2.452631578,2.526315789,2.494736842,2.452999999,2.489842105,2.468789473,2.489842105,2.452999999,2.505421052
4725,2.347368421,2.3,2.342105263,2.331578947,2.27368421,2.242473684,2.279315789,2.258263158,2.289842105,2.247736842,2.342263158
4726,0.889473684,0.752631579,0.652631579,0.868421052,0.731578947,0.879315789,0.910894736,0.884578947,0.905631579,0.884578947,0.847526315
4727,1.863157895,1.810526316,1.815789474,1.836842106,1.863157895,1.789842106,1.816157895,1.795105264,1.821421053,1.800368422,1.821210527
4728,1.426315789,1.442105262,1.299999999,1.289473683,1.342105262,1.421421052,1.452999999,1.437210525,1.447736841,1.42668421,1.331736841
4729,1.363157895,1.352631579,1.410526316,1.273684211,1.310526316,1.295105264,1.321421053,1.300368422,1.326684211,1.295105264,1.331736843
4730,2.136842105,2.147368421,2.010526315,2.136842105,2.178947368,2.074052631,2.110894736,2.084578947,2.105631578,2.074052631,2.058052631
4731,1.347368421,1.3,1.215789474,1.378947368,1.357894737,1.279315789,1.300368421,1.289842105,1.316157895,1.284578947,1.263315789
4732,1.936842105,1.805263157,1.878947368,1.799999999,1.826315789,1.879315789,1.910894736,1.879315789,1.921421052,1.889842105,1.858052631
4733,2.689473684,2.742105263,2.77368421,2.757894736,2.663157894,2.621421052,2.647736842,2.616157894,2.663526315,2.616157894,2.658052631
4734,0.557894737,0.605263158,0.594736842,0.557894737,0.589473685,0.495105263,0.531947369,0.516157895,0.537210527,0.500368421,0.531736842
4735,1.968421053,1.942105264,1.92631579,1.894736843,1.810526317,1.916157895,1.942473685,1.931947369,1.953000001,1.910894738,1.905421053
4736,1.431578947,1.336842105,1.34736842,1.321052631,1.34736842,1.342473683,1.374052631,1.347736841,1.374052631,1.342473683,1.358052631
4737,1.963157895,1.957894737,1.957894737,1.947368422,1.947368422,1.916157895,1.953000001,1.937210527,1.963526316,1.931947369,1.894894737
4738,2.473684211,2.500000001,2.468421054,2.363157896,2.442105264,2.474052633,2.500368422,2.489842106,2.50563158,2.468789475,2.426473685
4739,2.657894737,2.568421053,2.6,2.489473685,2.6,2.684578948,2.705631579,2.695105263,2.721421053,2.67931579,2.56331579
4740,1.542105263,1.67368421,1.6,1.521052631,1.631578947,1.421421052,1.458263158,1.42668421,1.453,1.42668421,1.468578947
4741,1.531578947,1.584210526,1.515789473,1.542105262,1.431578947,1.395105262,1.437210526,1.40036842,1.437210526,1.410894736,1.494894736
4742,1.852631579,1.736842105,1.82631579,1.815789474,1.842105263,1.795105263,1.826684211,1.810894737,1.837210526,1.800368421,1.831736842
4743,2.221052632,2.194736843,2.12631579,2.236842106,2.25263158,2.100368422,2.137210527,2.116157896,2.153000001,2.110894738,2.094894738
4744,1.473684211,1.447368422,1.415789475,1.436842106,1.394736843,1.416157896,1.442473685,1.426684211,1.458263159,1.421421054,1.379105264
4745,1.931578947,1.999999999,1.915789473,1.84736842,1.915789473,1.921421052,1.963526315,1.92668421,1.963526315,1.937210526,1.81068421
4746,1.621052632,1.663157896,1.631578948,1.647368422,1.55263158,1.531947369,1.563526317,1.542473685,1.563526317,1.547736843,1.584368422
4747,1.421052632,1.494736843,1.415789475,1.421052632,1.257894738,1.410894738,1.442473685,1.40563158,1.442473685,1.400368422,1.405421053
4748,1.578947368,1.684210525,1.668421052,1.594736841,1.526315789,1.531947368,1.552999999,1.531947368,1.568789473,1.537210525,1.552789473
4749,1.831578947,1.74736842,1.652631578,1.784210526,1.715789473,1.768789473,1.80036842,1.779315789,1.805631578,1.768789473,1.789631578
4750,2.131578947,2.152631578,2.131578947,2.131578947,2.136842105,2.068789473,2.089842105,2.074052631,2.105631578,2.074052631,2.021210526
4751,0.936842105,0.889473684,0.926315789,0.905263157,0.87368421,0.874052631,0.895105263,0.879315789,0.905631578,0.879315789,0.931736842
4752,2.005263158,1.915789474,1.884210527,1.894736842,1.884210527,1.916157895,1.947736842,1.926684211,1.953,1.916157895,1.958052632
4753,2.236842105,2.27368421,2.142105263,2.126315789,2.242105263,2.168789473,2.210894736,2.189842105,2.216157894,2.174052631,2.184368421
4754,1.836842105,1.884210526,1.799999999,1.87368421,1.847368421,1.752999999,1.784578947,1.758263157,1.795105263,1.752999999,1.842263157
4755,2.873684211,2.868421054,2.82631579,2.789473685,2.905263159,2.774052633,2.80563158,2.77931579,2.821421054,2.774052633,2.76331579
4756,2.542105263,2.642105263,2.605263158,2.663157894,2.6,2.531947368,2.558263158,2.542473684,2.568789473,2.537210526,2.521210526
4757,3.131578947,3.052631578,3.078947368,3.089473683,3.057894736,3.079315789,3.105631578,3.079315789,3.116157894,3.079315789,3.005421052
4758,1.689473684,1.710526315,1.605263157,1.594736842,1.505263157,1.642473684,1.674052631,1.658263157,1.679315789,1.653,1.637
4759,1.952631579,2,1.910526316,2.052631579,1.936842105,1.910894737,1.937210526,1.921421053,1.947736842,1.916157895,1.926473684
4760,1.742105263,1.763157894,1.568421052,1.631578947,1.636842105,1.689842105,1.716157894,1.689842105,1.710894737,1.695105263,1.689631579
4761,1.747368421,1.8,1.763157895,1.5,1.678947368,1.679315789,1.721421053,1.695105263,1.721421053,1.695105263,1.689631579
4762,1.884210526,1.889473684,1.863157894,1.868421052,1.805263157,1.847736841,1.868789473,1.847736841,1.868789473,1.837210526,1.852789473
4763,2.452631579,2.484210526,2.373684211,2.452631579,2.478947369,2.374052632,2.421421053,2.395105263,2.416157895,2.389842105,2.384368421
4764,1.457894737,1.478947369,1.436842106,1.373684211,1.384210527,1.331947369,1.374052632,1.353,1.384578948,1.347736842,1.373842106
4765,2.273684211,2.210526317,2.242105264,2.247368422,2.157894738,2.189842106,2.216157896,2.195105264,2.221421054,2.195105264,2.242263159
4766,1.668421053,1.636842106,1.594736843,1.557894738,1.594736843,1.616157895,1.642473685,1.621421053,1.647736843,1.616157895,1.626473685
4767,1.473684211,1.473684211,1.447368422,1.421052633,1.484210527,1.442473685,1.474052633,1.458263159,1.484578948,1.431947369,1.431736843
4768,2.210526316,2.242105264,2.184210527,2.142105264,2.152631579,2.153,2.184578948,2.158263158,2.184578948,2.153,2.147526316
4769,1.331578947,1.310526315,1.263157894,1.131578947,1.210526315,1.274052631,1.305631578,1.289842105,1.305631578,1.279315789,1.28436842
4770,2.157894737,2.078947369,2.073684211,2.142105263,2.052631579,2.063526316,2.089842106,2.063526316,2.100368421,2.063526316,2.121210527
4771,0.842105263,0.868421052,0.694736842,0.8,0.721052631,0.810894737,0.847736842,0.82668421,0.853,0.821421052,0.689631579
4772,1.921052632,1.768421053,1.815789475,1.884210527,1.789473685,1.884578948,1.926684211,1.90563158,1.931947369,1.895105264,1.847526317
4773,1.584210526,1.568421052,1.442105263,1.542105263,1.526315789,1.505631578,1.542473684,1.52668421,1.552999999,1.516157894,1.489631578
4774,1.763157895,1.800000001,1.784210527,1.794736843,1.72631579,1.726684211,1.747736843,1.737210527,1.763526316,1.731947369,1.684368422
4775,1.852631579,1.684210526,1.778947369,1.610526316,1.694736842,1.784578947,1.816157895,1.800368421,1.816157895,1.789842105,1.826473684
4776,1.578947368,1.563157894,1.521052631,1.531578947,1.510526315,1.558263157,1.579315789,1.558263157,1.584578947,1.552999999,1.51068421
4777,2.347368421,2.294736842,2.378947368,2.294736842,2.336842105,2.310894737,2.342473684,2.316157895,2.342473684,2.305631579,2.326473684
4778,1.889473684,1.757894736,1.757894736,1.778947368,1.742105263,1.842473684,1.879315789,1.853,1.879315789,1.853,1.826473684
4779,2.289473684,2.210526315,2.063157894,2.189473684,2.215789473,2.163526315,2.189842105,2.163526315,2.189842105,2.168789473,2.247526315
4780,2.131578947,2.110526315,2.110526315,2.136842105,2.178947368,2.095105262,2.131947368,2.110894736,2.12668421,2.10036842,2.121210526
4781,2.389473684,2.336842105,2.331578947,2.289473684,2.27368421,2.347736842,2.379315789,2.368789473,2.389842105,2.368789473,2.358052631
4782,2.357894737,2.231578948,2.273684211,2.263157895,2.231578948,2.268789474,2.305631579,2.289842106,2.310894737,2.274052632,2.284368421
4783,1.878947368,1.821052631,1.794736841,1.794736841,1.815789473,1.842473683,1.874052631,1.852999999,1.879315789,1.842473683,1.779105262
4784,1.5,1.642105263,1.557894737,1.642105263,1.573684211,1.389842105,1.426684211,1.410894737,1.442473684,1.395105263,1.426473684
4785,1.363157895,1.273684211,1.215789474,1.215789474,1.321052632,1.274052632,1.305631579,1.27931579,1.316157895,1.284578948,1.368578948
4786,0.889473684,0.826315789,0.77368421,0.731578947,0.668421052,0.821421052,0.858263157,0.842473684,0.858263157,0.831947368,0.852789473
4787,1.047368421,0.978947368,0.97368421,0.978947368,0.936842105,0.984578947,1.02668421,0.995105263,1.016157895,0.995105263,1.047526316
4788,2.368421053,2.231578948,2.310526317,2.315789474,2.25263158,2.27931579,2.316157895,2.295105264,2.321421053,2.284578948,2.310684211
4789,1.752631579,1.842105263,1.789473684,1.747368421,1.736842105,1.663526316,1.705631579,1.684578947,1.705631579,1.67931579,1.658052632
4790,0.789473684,0.836842105,0.747368421,0.747368421,0.794736842,0.774052631,0.800368421,0.784578947,0.805631579,0.784578947,0.721210526
4791,1.447368421,1.457894737,1.57368421,1.484210526,1.463157895,1.395105263,1.42668421,1.400368421,1.431947368,1.400368421,1.389631579
4792,0.589473684,0.442105263,0.421052631,0.5,0.563157894,0.500368421,0.537210526,0.516157894,0.542473684,0.505631579,0.573842105
4793,1.152631579,1.210526316,1.215789474,1.331578947,1.142105263,1.084578947,1.110894737,1.095105263,1.116157895,1.084578947,1.179105263
4794,2.236842105,2.089473684,2.089473684,2.089473684,2.168421052,2.210894736,2.242473684,2.216157894,2.242473684,2.216157894,2.163315789
4795,2.268421053,2.200000001,2.231578948,2.215789474,2.221052632,2.226684211,2.258263159,2.237210527,2.263526317,2.231947369,2.179105264
4796,2.394736842,2.426315789,2.426315789,2.436842105,2.452631579,2.289842105,2.32668421,2.295105263,2.337210526,2.300368421,2.331736842
4797,2.136842105,2.157894736,2.110526315,2.084210526,2.094736842,2.058263157,2.100368421,2.063526315,2.095105263,2.058263157,2.094894736
4798,1.494736842,1.363157895,1.363157895,1.410526316,1.352631579,1.384578947,1.416157895,1.395105263,1.416157895,1.379315789,1.400157895
4799,2.047368421,2.057894737,2.026315789,2.126315789,2.052631579,1.937210526,1.968789474,1.953,1.974052631,1.953,1.973842105
4800,2.452631579,2.510526316,2.431578947,2.421052632,2.463157895,2.374052632,2.410894737,2.37931579,2.410894737,2.37931579,2.415947369
4801,2.626315789,2.605263157,2.615789473,2.557894736,2.536842104,2.595105262,2.62668421,2.616157894,2.631947367,2.610894736,2.531736841
4802,2.794736842,2.752631579,2.810526316,2.778947368,2.715789473,2.689842105,2.72668421,2.695105263,2.737210526,2.700368421,2.747526316
4803,1.7,1.710526316,1.721052632,1.605263158,1.673684211,1.653,1.679315789,1.663526316,1.684578947,1.647736842,1.637
4804,1.636842105,1.642105263,1.594736842,1.568421052,1.615789473,1.574052631,1.605631578,1.584578947,1.605631578,1.579315789,1.547526315
4805,1.015789474,1.105263159,1.163157895,1.073684211,1.094736843,0.926684211,0.963526316,0.947736843,0.97931579,0.926684211,0.931736843
4806,2.231578947,2.168421052,2.221052631,2.163157894,2.078947368,2.095105262,2.131947368,2.116157894,2.137210526,2.105631578,2.168578947
4807,2.057894737,2.057894737,2.089473685,2.063157895,2.1,1.97931579,2.016157895,2.000368421,2.031947369,1.995105263,2.005421053
4808,2.136842105,2.057894736,2.099999999,2.015789473,2.010526315,2.068789473,2.110894736,2.084578947,2.121421052,2.089842105,2.01068421
4809,1.710526316,1.62631579,1.642105264,1.668421053,1.568421053,1.674052632,1.710894737,1.695105264,1.716157895,1.684578948,1.647526316
4810,1.142105263,1.1,1.2,1.084210526,1.168421052,1.100368421,1.131947368,1.105631579,1.137210526,1.105631579,1.115947368
4811,1.073684211,1.05263158,0.921052633,1.073684211,0.957894738,1.000368422,1.031947369,1.016157896,1.026684211,1.000368422,1.047526317
4812,0.863157895,0.810526316,0.747368422,0.763157895,0.752631579,0.842473685,0.868789474,0.853000001,0.868789474,0.842473685,0.752789474
4813,1.647368421,1.721052631,1.715789474,1.605263158,1.678947368,1.563526316,1.610894737,1.574052631,1.605631579,1.584578947,1.600157895
4814,1.615789474,1.600000001,1.531578948,1.521052632,1.484210527,1.537210527,1.563526316,1.547736843,1.574052632,1.537210527,1.579105264
4815,2.115789474,1.973684211,2.094736843,2.063157895,2.068421053,2.116157895,2.147736843,2.131947369,2.158263159,2.126684211,2.058052632
4816,0.9,0.921052632,0.857894737,1.026315789,0.831578947,0.847736842,0.889842105,0.863526316,0.895105263,0.863526316,0.879105263
4817,1.410526316,1.384210527,1.315789474,1.394736843,1.357894737,1.347736843,1.374052632,1.353,1.37931579,1.342473685,1.373842106
4818,1.894736842,1.957894737,1.87368421,1.87368421,1.805263158,1.795105263,1.821421052,1.810894737,1.837210526,1.805631579,1.805421052
4819,2.252631579,2.242105263,2.263157895,2.331578947,2.215789474,2.221421053,2.258263158,2.226684211,2.253,2.216157895,2.258052632
4820,1.768421053,1.689473685,1.65263158,1.721052632,1.794736843,1.67931579,1.710894738,1.689842106,1.716157895,1.689842106,1.700157895
4821,2.131578947,2.094736841,2.078947368,2.178947368,2.078947368,2.037210526,2.068789473,2.047736841,2.079315789,2.037210526,2.058052631
4822,0.873684211,0.842105264,0.863157896,0.836842106,0.715789475,0.831947369,0.874052633,0.847736843,0.87931579,0.842473685,0.737000001
4823,1.273684211,1.242105264,1.189473685,1.294736843,1.215789475,1.168789475,1.200368422,1.17931579,1.20563158,1.174052633,1.173842106
4824,2.873684211,2.905263159,2.815789475,2.831578948,2.868421054,2.847736843,2.884578948,2.853000001,2.868789475,2.842473685,2.837000001
4825,2.815789474,2.821052632,2.705263159,2.815789474,2.768421053,2.795105264,2.831947369,2.800368422,2.831947369,2.80563158,2.679105264
4826,2.089473684,2.047368421,2.010526315,2.063157894,1.952631579,1.979315789,2.016157894,1.989842105,2.010894736,1.979315789,1.989631579
4827,1.963157895,1.905263158,1.989473685,1.931578948,1.873684211,1.853000001,1.889842106,1.874052632,1.900368422,1.863526316,1.858052632
4828,2.2,2.163157895,2.2,2.210526316,2.236842105,2.158263158,2.189842105,2.179315789,2.189842105,2.168789474,2.163315789
4829,2.305263158,2.284210527,2.173684211,2.315789474,2.22631579,2.274052632,2.300368421,2.284578948,2.305631579,2.27931579,2.200157895
4830,1.405263158,1.52631579,1.42631579,1.32631579,1.336842105,1.368789474,1.389842105,1.358263158,1.395105263,1.363526316,1.337
4831,2.705263158,2.678947369,2.621052632,2.621052632,2.668421053,2.684578948,2.705631579,2.689842105,2.710894737,2.67931579,2.66331579
4832,2.410526316,2.273684211,2.389473685,2.384210527,2.394736843,2.305631579,2.353,2.331947369,2.353,2.326684211,2.342263158
4833,2.736842105,2.805263157,2.836842105,2.615789473,2.705263157,2.721421052,2.742473684,2.72668421,2.747736842,2.716157894,2.700157894
4834,2.389473684,2.363157894,2.252631579,2.3,2.294736842,2.32668421,2.358263157,2.337210526,2.353,2.321421052,2.31068421
4835,1.789473684,1.652631579,1.626315789,1.626315789,1.721052631,1.731947368,1.758263157,1.742473684,1.774052631,1.72668421,1.71068421
4836,2.478947368,2.589473683,2.642105262,2.526315789,2.578947368,2.458263157,2.484578947,2.468789473,2.489842104,2.458263157,2.458052631
4837,2.2,2.2,2.284210526,2.178947368,2.231578947,2.195105263,2.221421053,2.216157895,2.237210526,2.195105263,2.105421053
4838,0.9,0.889473684,0.836842105,0.815789474,0.810526316,0.905631579,0.926684211,0.905631579,0.921421053,0.905631579,0.779105263
4839,2.136842105,2.047368421,1.999999999,2.078947368,1.936842105,2.089842105,2.12668421,2.105631578,2.131947368,2.105631578,2.068578947
4840,1.521052632,1.484210527,1.557894738,1.536842106,1.515789475,1.416157896,1.442473685,1.426684211,1.458263159,1.426684211,1.484368422
4841,2.705263158,2.747368421,2.605263158,2.663157895,2.652631579,2.610894737,2.653,2.637210527,2.642473684,2.616157895,2.573842105
4842,2.110526316,2.084210527,2.163157895,2.068421053,1.968421053,2.089842106,2.105631579,2.089842106,2.110894737,2.084578948,2.000157895
4843,1.373684211,1.400000001,1.363157896,1.342105264,1.431578948,1.258263159,1.300368422,1.268789475,1.295105264,1.263526317,1.310684211
4844,0.936842105,1.005263157,0.931578947,0.978947368,0.994736842,0.816157894,0.847736842,0.82668421,0.847736842,0.821421052,0.921210526
4845,1.268421053,1.094736843,1.110526317,1.189473685,1.05263158,1.253000001,1.295105264,1.268789474,1.295105264,1.258263159,1.247526317
4846,2.068421053,1.942105264,1.95263158,1.863157895,1.957894738,2.047736843,2.084578948,2.058263159,2.084578948,2.053000001,1.98963158
4847,1.878947368,1.905263157,1.852631578,1.857894736,1.84736842,1.842473683,1.868789473,1.852999999,1.879315789,1.847736841,1.863315789
4848,2.094736842,2.105263158,2.157894737,2.063157895,2.047368421,2.010894737,2.031947368,2.010894737,2.037210526,2.000368421,2.026473684
4849,2.078947368,2.042105262,2.115789473,1.931578947,2.063157894,2.063526315,2.089842104,2.068789473,2.095105262,2.063526315,2.031736841
4850,2.484210526,2.421052631,2.27368421,2.37368421,2.294736841,2.442473684,2.479315789,2.458263157,2.479315789,2.458263157,2.452789473
4851,2.9,2.821052632,2.857894737,2.805263158,2.889473684,2.842473684,2.858263158,2.842473684,2.874052632,2.842473684,2.794894737
4852,2.031578947,1.978947368,1.926315789,1.999999999,2.052631578,1.963526315,1.995105262,1.984578947,1.995105262,1.963526315,1.968578947
4853,2.768421053,2.784210527,2.794736843,2.747368422,2.768421053,2.621421053,2.658263159,2.631947369,2.653000001,2.626684211,2.658052632
4854,2.310526316,2.242105264,2.215789474,2.268421053,2.142105264,2.205631579,2.231947369,2.210894737,2.242473685,2.200368421,2.237
4855,1.673684211,1.673684211,1.589473685,1.578947369,1.710526317,1.616157896,1.647736843,1.626684211,1.653000001,1.637210527,1.615947369
4856,1.884210526,1.810526315,1.87368421,1.84736842,1.684210526,1.82668421,1.852999999,1.821421052,1.858263157,1.821421052,1.826473684
4857,1.942105263,1.957894737,1.9,2.005263158,1.926315789,1.884578947,1.916157894,1.900368421,1.92668421,1.889842105,1.884368421
4858,2.3,2.278947368,2.157894737,2.257894737,2.247368421,2.242473684,2.268789474,2.247736842,2.284578947,2.247736842,2.163315789
4859,2.752631579,2.668421053,2.689473684,2.710526316,2.768421053,2.674052632,2.710894737,2.695105263,2.726684211,2.689842105,2.700157895
4860,1.173684211,1.121052633,1.042105264,1.036842106,1.084210527,1.100368422,1.131947369,1.10563158,1.137210527,1.10563158,1.121210527
4861,2.068421053,2.173684211,2.168421053,2.178947369,2.063157895,1.97931579,2.016157895,1.995105264,2.021421053,1.989842106,1.96331579
4862,1.421052632,1.347368422,1.305263159,1.415789475,1.300000001,1.342473685,1.384578948,1.358263159,1.389842106,1.347736843,1.326473685
4863,1.378947368,1.294736841,1.310526315,1.442105262,1.315789473,1.368789473,1.389842104,1.374052631,1.40036842,1.358263157,1.252789473
4864,2.668421053,2.75263158,2.784210527,2.689473685,2.778947369,2.621421053,2.653000001,2.637210527,2.658263159,2.626684211,2.626473685
4865,2.705263158,2.721052632,2.705263158,2.7,2.647368421,2.689842105,2.716157895,2.695105263,2.721421053,2.684578948,2.579105263
4866,1.857894737,1.636842106,1.721052632,1.710526316,1.710526316,1.837210527,1.858263158,1.847736842,1.884578948,1.847736842,1.789631579
4867,1.184210526,1.178947368,1.157894736,1.094736841,1.184210526,1.095105263,1.116157894,1.105631578,1.131947368,1.095105263,1.147526315
4868,1.805263158,1.763157895,1.863157895,1.842105263,1.763157895,1.737210527,1.768789474,1.742473684,1.774052632,1.747736842,1.710684211
4869,1.694736842,1.636842105,1.757894737,1.736842105,1.657894737,1.689842105,1.721421052,1.700368421,1.710894737,1.684578947,1.615947368
4870,1.426315789,1.452631578,1.436842104,1.457894736,1.457894736,1.405631578,1.447736841,1.416157894,1.442473683,1.416157894,1.368578946
4871,3.036842105,3.052631578,2.999999999,2.952631578,2.968421052,2.979315789,3.016157894,3.005631578,3.02668421,2.989842105,3.047526315
4872,2.157894737,2.194736842,2.121052632,2.184210527,2.168421053,2.053,2.084578948,2.068789474,2.089842106,2.063526316,2.068578948
4873,1.547368421,1.478947368,1.426315789,1.578947368,1.531578947,1.453,1.468789474,1.463526316,1.495105263,1.458263158,1.526473684
4874,2.557894737,2.584210527,2.6,2.452631579,2.5,2.531947369,2.563526316,2.537210527,2.558263158,2.537210527,2.468578948
4875,1.936842105,2.015789473,1.989473684,1.968421052,1.894736842,1.874052631,1.910894736,1.895105263,1.916157894,1.884578947,1.858052631
4876,2.278947368,2.236842104,2.210526315,2.284210525,2.168421052,2.216157894,2.258263157,2.231947368,2.263526315,2.22668421,2.215947368
4877,1.731578947,1.736842105,1.805263157,1.689473683,1.621052631,1.642473683,1.674052631,1.642473683,1.668789473,1.642473683,1.658052631
4878,1.457894737,1.473684211,1.436842106,1.4,1.447368421,1.395105263,1.431947369,1.416157895,1.442473685,1.416157895,1.358052632
4879,2.415789474,2.531578948,2.378947369,2.35263158,2.400000001,2.337210527,2.368789474,2.353000001,2.374052632,2.337210527,2.337000001
4880,0.905263158,0.973684211,0.968421053,0.936842105,0.947368421,0.826684211,0.863526316,0.842473684,0.858263158,0.831947369,0.852789474
4881,2.094736842,2.063157895,2.084210526,2.063157895,1.968421052,1.989842105,2.031947368,2.021421052,2.047736842,2.010894737,2.063315789
4882,1.578947368,1.521052631,1.436842104,1.478947368,1.357894736,1.542473683,1.574052631,1.558263157,1.584578947,1.552999999,1.531736841
4883,1.710526316,1.631578948,1.621052632,1.557894737,1.694736843,1.626684211,1.668789474,1.642473685,1.663526316,1.631947369,1.66331579
4884,2.331578947,2.336842105,2.157894736,2.199999999,2.189473683,2.284578947,2.316157894,2.284578947,2.321421052,2.30036842,2.263315789
4885,2.531578947,2.557894736,2.515789473,2.563157894,2.568421052,2.479315789,2.505631578,2.495105262,2.516157894,2.489842105,2.468578947
4886,2.515789474,2.468421053,2.515789474,2.547368422,2.447368422,2.421421053,2.453000001,2.421421053,2.447736843,2.421421053,2.452789474
4887,1.973684211,1.947368422,1.847368422,1.878947369,1.857894738,1.926684211,1.963526317,1.937210527,1.968789475,1.937210527,1.931736843
4888,1.9,1.968421053,1.973684211,1.968421053,2.015789474,1.795105263,1.831947368,1.821421053,1.842473684,1.805631579,1.837
4889,1.668421053,1.55263158,1.557894738,1.615789474,1.600000001,1.600368422,1.637210527,1.610894738,1.642473685,1.610894738,1.579105264
4890,1.289473684,1.484210526,1.457894736,1.410526315,1.410526315,1.195105263,1.221421052,1.195105263,1.216157894,1.195105263,1.200157894
4891,1.894736842,1.642105263,1.778947368,1.747368421,1.794736842,1.821421052,1.853,1.837210526,1.853,1.821421052,1.821210526
4892,2.257894737,2.152631579,2.2,2.252631579,2.294736842,2.189842106,2.216157895,2.200368421,2.216157895,2.205631579,2.158052632
4893,1.494736842,1.5,1.468421052,1.305263158,1.494736842,1.389842105,1.421421052,1.400368421,1.42668421,1.400368421,1.463315789
4894,1.831578947,1.715789473,1.752631578,1.715789473,1.689473683,1.72668421,1.768789473,1.747736841,1.768789473,1.742473683,1.773842105
4895,2.036842105,1.936842105,2.021052631,1.952631578,1.921052631,1.968789473,1.989842105,1.979315789,2.005631578,1.979315789,2.026473684
4896,2.068421053,2.178947369,2.000000001,2.02631579,2.094736843,2.068789474,2.095105264,2.074052632,2.10563158,2.07931579,2.058052632
4897,1.715789474,1.610526316,1.62631579,1.65263158,1.747368422,1.663526316,1.689842106,1.663526316,1.684578948,1.663526316,1.647526316
4898,2.263157895,2.347368422,2.289473685,2.384210527,2.168421053,2.226684211,2.263526316,2.242473685,2.274052632,2.231947369,2.205421053
4899,1.742105263,1.710526315,1.594736842,1.615789473,1.626315789,1.742473684,1.774052631,1.753,1.779315789,1.747736842,1.647526315
4900,1.247368421,1.310526316,1.37368421,1.163157895,1.2,1.174052631,1.210894737,1.179315789,1.210894737,1.184578947,1.189631579
4901,1.447368421,1.289473684,1.315789474,1.226315789,1.305263158,1.416157895,1.458263158,1.442473684,1.468789474,1.437210526,1.315947368
4902,0.926315789,0.889473683,0.821052631,0.87368421,0.936842104,0.931947367,0.958263157,0.942473683,0.974052631,0.937210525,0.88436842
4903,2.568421053,2.45263158,2.557894738,2.510526317,2.531578948,2.495105264,2.531947369,2.510894738,2.542473685,2.500368422,2.510684211
4904,2.010526316,1.878947369,1.984210527,1.994736843,2.021052632,1.931947369,1.968789474,1.947736843,1.968789474,1.942473685,1.947526316
4905,1.715789474,1.842105264,1.731578948,1.75263158,1.694736843,1.700368422,1.726684211,1.70563158,1.731947369,1.70563158,1.626473685
4906,1.947368421,2,2.047368421,1.963157895,2.026315789,1.868789474,1.900368421,1.884578947,1.905631579,1.863526316,1.91068421
4907,2.131578947,2.210526315,2.142105262,2.152631578,2.121052631,2.095105262,2.12668421,2.105631578,2.121421052,2.089842105,2.058052631
4908,1.910526316,1.72631579,1.794736843,1.715789474,1.742105264,1.837210527,1.858263158,1.847736843,1.889842106,1.842473685,1.842263158
4909,1.294736842,1.242105263,1.268421052,1.163157895,1.194736842,1.221421052,1.258263158,1.22668421,1.263526316,1.231947368,1.242263158
4910,1.289473684,1.321052631,1.257894736,1.226315789,1.236842105,1.268789473,1.300368421,1.284578947,1.305631579,1.279315789,1.221210526
4911,1.689473684,1.563157894,1.605263157,1.605263157,1.531578947,1.600368421,1.631947368,1.621421052,1.637210526,1.605631579,1.637
4912,2.226315789,2.189473683,2.121052631,2.136842104,2.17368421,2.22668421,2.252999999,2.231947367,2.252999999,2.221421052,2.158052631
4913,1.663157895,1.763157895,1.773684211,1.768421053,1.678947369,1.610894737,1.637210527,1.621421053,1.647736843,1.610894737,1.610684211
4914,1.868421053,1.810526317,1.92631579,1.921052632,1.863157895,1.774052632,1.816157895,1.789842106,1.821421053,1.795105264,1.779105264
4915,2.326315789,2.494736841,2.284210525,2.310526315,2.157894736,2.268789473,2.30036842,2.279315789,2.289842104,2.263526315,2.273842104
4916,1.384210526,1.289473684,1.305263157,1.47368421,1.44736842,1.352999999,1.374052631,1.358263157,1.389842105,1.352999999,1.294894736
4917,1.368421053,1.278947369,1.294736843,1.315789474,1.263157895,1.274052632,1.300368422,1.284578948,1.30563158,1.284578948,1.326473685
4918,2.326315789,2.27368421,2.226315789,2.278947367,2.178947367,2.237210525,2.263526315,2.242473683,2.279315789,2.247736841,2.231736841
4919,2.163157895,2.294736843,2.294736843,2.221052632,2.242105264,2.163526316,2.200368422,2.17931579,2.205631579,2.17931579,2.037000001
4920,1.742105263,1.705263158,1.615789473,1.763157894,1.731578947,1.705631579,1.747736842,1.721421052,1.737210526,1.710894737,1.684368421
4921,1.647368421,1.652631579,1.663157895,1.610526316,1.605263158,1.605631579,1.653,1.621421053,1.642473684,1.616157895,1.573842105
4922,2.210526316,2.115789474,2.2,2.178947369,2.263157895,2.189842106,2.216157895,2.195105264,2.231947369,2.189842106,2.121210527
4923,2.463157895,2.352631579,2.421052632,2.373684211,2.405263158,2.474052632,2.495105264,2.47931579,2.500368422,2.463526316,2.294894737
4924,1.126315789,1.094736841,1.07368421,1.057894736,1.068421052,1.047736841,1.079315789,1.047736841,1.079315789,1.052999999,1.036999999
4925,2.257894737,2.02631579,2.089473685,2.052631579,2.173684211,2.174052632,2.184578948,2.174052632,2.205631579,2.174052632,2.16331579
4926,1.357894737,1.368421053,1.321052632,1.284210527,1.247368421,1.263526316,1.289842106,1.268789474,1.27931579,1.258263158,1.337
4927,2.105263158,2.147368421,2.205263158,2.184210527,2.042105263,2.084578948,2.116157895,2.105631579,2.121421053,2.100368421,2.015947369
4928,1.626315789,1.594736841,1.557894736,1.452631578,1.54736842,1.610894736,1.637210525,1.616157894,1.637210525,1.610894736,1.573842104
4929,1.352631579,1.442105263,1.22631579,1.336842105,1.331578947,1.347736842,1.37931579,1.353,1.384578947,1.358263158,1.289631579
4930,2.784210526,2.731578947,2.694736841,2.74736842,2.663157894,2.689842105,2.721421052,2.710894736,2.72668421,2.705631578,2.726473684
4931,1.642105263,1.610526315,1.57368421,1.626315789,1.652631579,1.553,1.589842105,1.568789473,1.600368421,1.568789473,1.552789473
4932,2.336842105,2.27368421,2.263157894,2.263157894,2.336842105,2.268789473,2.305631578,2.279315789,2.295105263,2.274052631,2.268578947
4933,2.721052632,2.731578948,2.657894738,2.700000001,2.663157896,2.668789475,2.695105264,2.67931579,2.70563158,2.668789475,2.668578948
4934,2.263157895,2.100000001,2.210526316,2.073684211,2.205263158,2.221421053,2.258263158,2.231947369,2.268789474,2.226684211,2.173842106
4935,1.642105263,1.563157894,1.589473684,1.652631579,1.621052631,1.568789473,1.595105263,1.584578947,1.600368421,1.579315789,1.552789473
4936,1.352631579,1.4,1.284210526,1.336842105,1.221052632,1.284578947,1.316157895,1.295105263,1.321421053,1.295105263,1.305421053
4937,1.110526316,0.957894737,1.052631579,0.947368421,0.957894737,1.089842106,1.110894737,1.095105264,1.121421053,1.07931579,1.052789474
4938,1.610526316,1.505263158,1.415789474,1.536842106,1.505263158,1.500368421,1.537210527,1.516157895,1.542473685,1.521421053,1.531736843
4939,1.021052632,1.210526317,1.205263159,1.247368422,1.168421053,0.953000001,0.984578948,0.953000001,0.984578948,0.958263159,0.994894738
4940,2.026315789,2.084210525,1.994736841,2.105263157,1.97368421,1.937210525,1.974052631,1.958263157,1.989842104,1.958263157,2.005421052
4941,1.347368421,1.305263158,1.289473684,1.231578947,1.284210526,1.321421053,1.353,1.337210526,1.358263158,1.316157895,1.247526316
4942,1.257894737,1.131578948,1.22631579,1.173684211,1.142105263,1.216157895,1.242473685,1.231947369,1.258263158,1.231947369,1.215947369
4943,1.821052632,1.915789475,1.85263158,1.889473685,1.794736843,1.789842106,1.821421053,1.80563158,1.821421053,1.795105264,1.76331579
4944,2.726315789,2.636842104,2.589473683,2.657894736,2.67368421,2.679315789,2.721421052,2.695105262,2.72668421,2.70036842,2.673842104
4945,3.357894737,3.210526316,3.321052632,3.294736842,3.289473685,3.305631579,3.331947369,3.305631579,3.342473685,3.316157895,3.347526316
4946,2.505263158,2.468421053,2.436842105,2.431578948,2.468421053,2.47931579,2.505631579,2.484578948,2.510894737,2.47931579,2.421210527
4947,1.794736842,1.836842105,1.663157895,1.736842105,1.852631579,1.700368421,1.731947368,1.705631579,1.737210526,1.700368421,1.726473684
4948,1.536842105,1.615789473,1.547368421,1.436842105,1.521052631,1.489842105,1.516157894,1.495105263,1.516157894,1.489842105,1.436999999
4949,1.526315789,1.536842104,1.44736842,1.542105262,1.515789473,1.458263157,1.489842104,1.474052631,1.495105262,1.468789473,1.436999999
4950,1.431578947,1.321052631,1.37368421,1.352631578,1.331578947,1.374052631,1.40036842,1.389842105,1.410894736,1.374052631,1.358052631
4951,2.578947368,2.510526315,2.552631578,2.578947368,2.615789473,2.452999999,2.489842104,2.468789473,2.50036842,2.463526315,2.552789473
4952,1.689473684,1.584210526,1.552631579,1.505263157,1.610526315,1.589842105,1.621421052,1.600368421,1.631947368,1.589842105,1.605421052
4953,0.942105263,0.905263158,0.768421052,0.884210526,0.921052631,0.868789473,0.900368421,0.868789473,0.905631579,0.874052631,0.852789473
4954,1.184210526,1.005263157,0.984210526,1.084210526,0.989473684,1.105631578,1.147736841,1.12668421,1.142473684,1.121421052,1.115947368
4955,1.384210526,1.457894736,1.442105263,1.431578947,1.421052631,1.279315789,1.305631578,1.289842105,1.321421052,1.30036842,1.279105263
4956,1.3,1.194736842,1.142105263,1.310526316,1.2,1.226684211,1.258263158,1.242473684,1.274052632,1.237210526,1.268578947
4957,2.142105263,2.221052631,2.078947368,2.226315789,2.026315789,2.068789473,2.105631579,2.074052631,2.095105263,2.068789473,2.073842105
4958,1.942105263,2.078947368,1.97368421,2.084210526,1.942105263,1.874052631,1.895105263,1.868789473,1.905631579,1.863526315,1.921210526
4959,2.752631579,2.742105263,2.82631579,2.784210526,2.831578947,2.721421053,2.747736842,2.726684211,2.753,2.721421053,2.66331579
4960,1.873684211,1.805263159,1.721052633,1.82631579,1.805263159,1.847736843,1.874052633,1.858263159,1.884578948,1.837210527,1.847526317
4961,2.094736842,2.068421052,1.952631579,2.078947368,2.068421052,2.021421052,2.058263158,2.037210526,2.058263158,2.02668421,2.073842105
4962,0.463157895,0.505263158,0.478947369,0.521052632,0.484210527,0.400368422,0.437210527,0.416157895,0.431947369,0.405631579,0.426473685
4963,2.078947368,2.121052631,2.17368421,2.142105262,2.078947368,2.042473683,2.063526315,2.037210525,2.068789473,2.037210525,2.042263157
4964,2.668421053,2.668421053,2.721052632,2.673684211,2.642105264,2.57931579,2.60563158,2.595105264,2.616157895,2.584578948,2.594894738
4965,1.552631579,1.510526316,1.510526316,1.494736842,1.452631579,1.474052632,1.516157895,1.484578947,1.510894737,1.495105263,1.526473684
4966,2.068421053,2.031578948,2.057894738,2.105263159,2.073684211,1.947736843,1.984578948,1.963526317,1.97931579,1.953000001,2.021210527
4967,1.973684211,1.910526317,1.931578948,1.821052633,2.010526317,1.889842106,1.90563158,1.900368422,1.926684211,1.889842106,1.894894738
4968,2.036842105,1.952631578,2.005263157,2.105263157,2.031578947,2.005631578,2.02668421,2.010894736,2.02668421,2.000368421,1.994894736
4969,1.684210526,1.736842105,1.610526315,1.726315789,1.652631578,1.658263157,1.679315789,1.663526315,1.684578947,1.658263157,1.605421052
4970,1.873684211,1.931578948,1.805263159,1.847368422,1.72631579,1.831947369,1.868789475,1.847736843,1.868789475,1.831947369,1.831736843
4971,1.736842105,1.647368421,1.621052631,1.657894736,1.547368421,1.700368421,1.731947368,1.700368421,1.742473684,1.705631578,1.673842105
4972,1.042105263,1.057894737,1.078947368,1.084210526,1.07368421,0.958263158,0.995105263,0.968789473,1.000368421,0.974052631,0.952789473
4973,1.942105263,1.915789473,1.984210526,1.957894737,2.026315789,1.921421052,1.937210526,1.92668421,1.958263158,1.921421052,1.858052631
4974,2.357894737,2.210526316,2.231578948,2.310526316,2.257894737,2.305631579,2.331947369,2.300368421,2.337210527,2.305631579,2.26331579
4975,0.8,0.805263158,0.7,0.726315789,0.8,0.763526316,0.795105263,0.768789474,0.795105263,0.758263158,0.752789474
4976,1.915789474,1.85263158,1.900000001,1.810526316,1.821052632,1.847736843,1.87931579,1.858263159,1.87931579,1.847736843,1.810684211
4977,0.915789474,0.836842106,0.789473685,0.831578948,0.736842106,0.842473685,0.874052632,0.853000001,0.87931579,0.842473685,0.842263159
4978,1.194736842,1.194736842,1.221052631,1.17368421,1.184210526,1.163526316,1.200368421,1.179315789,1.205631579,1.174052631,1.115947368
4979,1.584210526,1.510526315,1.494736841,1.610526315,1.494736841,1.50036842,1.521421052,1.50036842,1.537210526,1.489842105,1.547526315
4980,1.921052632,1.868421053,1.85263158,1.936842106,1.789473685,1.868789475,1.895105264,1.884578948,1.900368422,1.858263159,1.926473685
4981,2.642105263,2.694736842,2.542105263,2.542105263,2.589473684,2.584578947,2.621421052,2.610894737,2.631947368,2.600368421,2.589631579
4982,2.289473684,2.363157894,2.368421052,2.231578947,2.236842105,2.237210526,2.274052631,2.242473684,2.274052631,2.253,2.247526315
4983,2.884210526,2.778947368,2.736842105,2.931578947,2.842105263,2.816157894,2.863526315,2.837210526,2.863526315,2.842473684,2.831736841
4984,2.347368421,2.331578947,2.3,2.405263158,2.442105263,2.342473684,2.379315789,2.353,2.374052631,2.347736842,2.300157895
4985,1.242105263,1.242105263,1.215789473,1.178947368,1.142105263,1.174052631,1.195105263,1.179315789,1.205631579,1.174052631,1.189631579
4986,2.389473684,2.363157894,2.405263157,2.342105263,2.552631579,2.310894736,2.347736842,2.32668421,2.347736842,2.316157894,2.315947368
4987,2.310526316,2.252631579,2.357894737,2.368421053,2.221052632,2.27931579,2.305631579,2.27931579,2.305631579,2.284578948,2.215947369
4988,1.721052632,1.673684211,1.642105264,1.673684211,1.684210527,1.689842106,1.721421053,1.710894738,1.731947369,1.689842106,1.673842106
4989,2.421052632,2.489473685,2.510526317,2.536842106,2.42631579,2.326684211,2.358263159,2.331947369,2.363526317,2.342473685,2.379105264
4990,3.642105263,3.589473684,3.57368421,3.557894737,3.552631579,3.589842105,3.616157894,3.584578947,3.621421052,3.584578947,3.542263158
4991,1.463157895,1.463157895,1.42631579,1.363157895,1.468421053,1.400368422,1.426684211,1.410894737,1.447736843,1.405631579,1.400157895
4992,1.542105263,1.37368421,1.478947368,1.347368421,1.294736842,1.442473684,1.484578947,1.468789473,1.479315789,1.453,1.452789473
4993,1.263157895,1.210526316,1.142105264,1.294736843,1.278947369,1.17931579,1.231947369,1.210894737,1.226684211,1.200368422,1.184368422
4994,1.768421053,1.605263159,1.689473685,1.673684211,1.636842106,1.758263159,1.784578948,1.758263159,1.789842106,1.758263159,1.779105264
4995,1.652631579,1.642105263,1.647368421,1.552631579,1.594736842,1.621421053,1.653,1.626684211,1.653,1.626684211,1.537
4996,1.515789474,1.584210527,1.542105264,1.52631579,1.484210527,1.50563158,1.531947369,1.500368422,1.537210527,1.50563158,1.468578948
4997,1.973684211,2.073684211,2.031578948,1.973684211,1.963157896,1.916157896,1.953000001,1.931947369,1.963526317,1.926684211,1.915947369
4998,1.789473684,1.805263157,1.889473684,1.87368421,1.868421052,1.679315789,1.710894736,1.695105263,1.705631579,1.679315789,1.742263157
4999,2.152631579,2.2,2.205263158,2.163157895,2.1,2.121421053,2.158263158,2.131947369,2.168789474,2.121421053,2.06331579
5000,1.505263158,1.489473684,1.447368421,1.510526316,1.436842105,1.431947369,1.468789474,1.447736842,1.474052632,1.437210527,1.415947369
5001,1.352631579,1.384210526,1.273684211,1.278947369,1.373684211,1.37931579,1.400368421,1.37931579,1.405631579,1.37931579,1.268578947
5002,1.594736842,1.663157895,1.6,1.536842105,1.589473684,1.52668421,1.558263158,1.531947368,1.568789473,1.531947368,1.51068421
5003,2.036842105,1.768421052,1.821052631,1.821052631,1.878947368,1.968789473,2.000368421,1.984578947,2.005631578,1.968789473,1.979105263
5004,1.605263158,1.52631579,1.568421053,1.52631579,1.610526316,1.547736842,1.584578948,1.563526316,1.589842105,1.563526316,1.510684211
5005,1.368421053,1.410526317,1.342105264,1.421052632,1.35263158,1.242473685,1.27931579,1.253000001,1.274052632,1.247736843,1.28963158
5006,1.894736842,1.810526316,1.852631579,1.8,1.826315789,1.910894737,1.92668421,1.916157895,1.947736842,1.916157895,1.789631579
5007,2.447368421,2.447368421,2.352631579,2.542105263,2.389473684,2.400368421,2.416157895,2.405631579,2.437210526,2.395105263,2.347526316
5008,1.1,1.068421053,1.042105263,0.978947368,1.052631579,1.005631579,1.042473684,1.010894737,1.037210526,1.005631579,1.068578947
5009,0.794736842,0.815789473,0.821052631,0.821052631,0.742105263,0.800368421,0.821421052,0.810894737,0.821421052,0.805631579,0.663315789
5010,1.752631579,1.784210526,1.857894737,1.763157895,1.878947369,1.674052632,1.705631579,1.674052632,1.710894737,1.674052632,1.66331579
5011,1.421052632,1.273684211,1.294736843,1.310526317,1.310526317,1.410894738,1.453000001,1.421421053,1.458263159,1.431947369,1.405421053
5012,2.147368421,2.205263158,2.005263158,2.1,2.142105263,2.131947368,2.163526316,2.142473684,2.174052631,2.147736842,2.068578947
5013,1.289473684,1.231578947,1.236842105,1.268421052,1.263157894,1.205631579,1.22668421,1.200368421,1.231947368,1.200368421,1.179105263
5014,0.657894737,0.615789474,0.605263158,0.663157895,0.673684211,0.610894737,0.637210527,0.621421053,0.653,0.610894737,0.547526316
5015,2.889473684,2.868421052,2.884210526,2.847368421,2.936842105,2.853,2.879315789,2.863526315,2.889842105,2.853,2.863315789
5016,1.863157895,1.773684211,1.742105264,1.821052632,1.852631579,1.816157895,1.837210527,1.826684211,1.847736843,1.816157895,1.821210527
5017,2.094736842,2.021052631,1.989473684,2.068421052,2.105263158,2.016157895,2.053,2.031947368,2.058263158,2.02668421,2.031736842
5018,1.147368421,1.17368421,1.026315789,1.052631579,1.157894737,1.137210526,1.168789474,1.147736842,1.174052631,1.147736842,1.084368421
5019,1.089473684,1.026315789,1.047368421,1.094736842,1.026315789,1.010894736,1.02668421,1.016157894,1.042473684,1.016157894,1.084368421
5020,2.036842105,1.931578947,1.87368421,1.978947368,2.005263157,1.979315789,2.016157894,1.979315789,2.021421052,1.984578947,1.984368421
5021,0.394736842,0.378947368,0.37368421,0.363157895,0.463157895,0.305631579,0.342473684,0.305631579,0.347736842,0.316157895,0.347526316
5022,1.921052632,1.857894738,1.863157896,1.989473685,1.900000001,1.884578948,1.916157896,1.889842106,1.926684211,1.895105264,1.842263159
5023,1.210526316,1.273684211,1.115789474,1.194736843,1.178947369,1.184578948,1.221421053,1.195105264,1.231947369,1.17931579,1.173842106
5024,2.042105263,1.947368421,2,1.957894737,1.989473684,2.000368421,2.021421052,2.005631579,2.037210526,2.000368421,1.931736842
5025,2.2,2.105263158,2.152631579,1.963157895,2.068421053,2.084578947,2.131947368,2.110894737,2.126684211,2.110894737,2.126473684
5026,2.115789474,2.100000001,1.968421053,2.015789474,2.078947369,2.063526316,2.095105264,2.07931579,2.10563158,2.068789474,2.06331579
5027,2.426315789,2.405263157,2.357894736,2.399999999,2.394736841,2.368789473,2.410894736,2.389842104,2.405631578,2.374052631,2.358052631
5028,1.394736842,1.236842105,1.278947368,1.336842105,1.336842105,1.337210526,1.368789473,1.347736842,1.368789473,1.342473684,1.337
5029,1.821052632,1.842105264,1.800000001,1.773684211,1.763157896,1.737210527,1.763526317,1.758263159,1.77931579,1.742473685,1.747526317
5030,1.742105263,1.615789473,1.621052631,1.726315789,1.726315789,1.742473684,1.763526315,1.747736842,1.774052631,1.742473684,1.594894737
5031,1.873684211,1.900000001,1.831578948,1.810526317,1.773684211,1.80563158,1.842473685,1.826684211,1.847736843,1.810894738,1.821210527
5032,1.684210526,1.621052631,1.568421052,1.610526315,1.589473684,1.62668421,1.674052631,1.642473684,1.668789473,1.642473684,1.563315789
5033,1.842105263,1.889473684,1.842105263,1.805263158,1.8,1.768789473,1.789842105,1.784578947,1.810894737,1.774052631,1.752789473
5034,1.852631579,1.910526316,1.842105263,1.878947369,1.889473684,1.821421053,1.863526316,1.831947369,1.863526316,1.831947369,1.789631579
5035,2.357894737,2.210526316,2.3,2.194736842,2.231578948,2.263526316,2.295105263,2.274052632,2.284578948,2.263526316,2.258052632
5036,1.568421053,1.531578948,1.347368422,1.45263158,1.431578948,1.516157895,1.547736843,1.526684211,1.553000001,1.516157895,1.48963158
5037,1.384210526,1.363157894,1.289473684,1.352631578,1.263157894,1.289842105,1.321421052,1.295105263,1.32668421,1.289842105,1.352789473
5038,1.673684211,1.678947369,1.615789475,1.631578948,1.568421054,1.542473685,1.568789475,1.547736843,1.558263159,1.547736843,1.558052633
5039,1.231578947,1.184210526,1.168421052,1.17368421,1.121052631,1.137210526,1.163526315,1.142473683,1.179315789,1.152999999,1.115947368
5040,1.5,1.568421053,1.626315789,1.515789474,1.578947368,1.426684211,1.463526316,1.431947368,1.474052632,1.431947368,1.452789474
5041,1.031578947,0.942105262,1.021052631,0.97368421,0.942105262,0.963526315,1.00036842,0.989842105,1.005631578,0.968789473,1.005421052
5042,2.015789474,1.92631579,1.889473685,1.910526316,1.878947369,1.974052632,2.016157895,1.984578948,2.00563158,1.984578948,1.900157895
5043,1.447368421,1.542105263,1.463157895,1.489473684,1.368421053,1.384578947,1.410894737,1.389842105,1.421421053,1.379315789,1.421210526
5044,2.431578947,2.505263157,2.415789473,2.37368421,2.363157894,2.347736841,2.379315789,2.352999999,2.384578947,2.352999999,2.394894736
5045,1.457894737,1.389473685,1.378947369,1.5,1.457894737,1.331947369,1.347736842,1.337210527,1.368789474,1.331947369,1.368578948
5046,0.868421053,0.815789474,0.82631579,0.789473685,0.85263158,0.795105264,0.831947369,0.810894738,0.842473685,0.80563158,0.758052632
5047,1.305263158,1.284210527,1.331578948,1.284210527,1.257894737,1.253,1.284578948,1.258263158,1.27931579,1.247736842,1.189631579
5048,1.957894737,1.921052632,1.868421053,1.794736842,1.878947369,1.874052632,1.910894737,1.889842106,1.916157895,1.87931579,1.900157895
5049,1.431578947,1.542105262,1.494736841,1.431578947,1.484210526,1.305631578,1.331947368,1.316157894,1.342473683,1.316157894,1.368578947
5050,1.384210526,1.410526315,1.357894736,1.352631578,1.215789473,1.295105263,1.321421052,1.305631578,1.337210526,1.30036842,1.331736841
5051,1.378947368,1.331578947,1.363157894,1.289473683,1.368421052,1.331947368,1.363526315,1.342473683,1.374052631,1.32668421,1.305421052
5052,2.673684211,2.610526317,2.589473685,2.563157896,2.536842106,2.637210527,2.663526317,2.631947369,2.668789475,2.631947369,2.626473685
5053,2.168421053,2.12631579,2.047368422,2.047368422,2.147368422,2.10563158,2.142473685,2.110894738,2.142473685,2.110894738,2.121210527
5054,2.494736842,2.47368421,2.452631579,2.426315789,2.442105263,2.389842105,2.405631579,2.395105263,2.42668421,2.389842105,2.505421052
5055,1.721052632,1.784210527,1.657894738,1.673684211,1.573684211,1.684578948,1.721421053,1.695105264,1.710894738,1.684578948,1.647526317
5056,1.289473684,1.284210526,1.284210526,1.305263157,1.247368421,1.200368421,1.221421052,1.216157894,1.231947368,1.205631579,1.163315789
5057,2.384210526,2.289473684,2.368421052,2.321052631,2.336842105,2.321421052,2.352999999,2.32668421,2.358263157,2.32668421,2.294894736
5058,1.947368421,1.8,1.842105263,1.847368421,1.836842105,1.842473684,1.879315789,1.858263158,1.879315789,1.847736842,1.921210526
5059,1.178947368,1.17368421,1.136842104,1.121052631,1.136842104,1.084578947,1.10036842,1.089842104,1.105631578,1.079315789,1.063315789
5060,2.368421053,2.378947369,2.305263159,2.368421053,2.378947369,2.310894738,2.347736843,2.321421053,2.353000001,2.310894738,2.258052632
5061,1.636842105,1.621052631,1.636842105,1.605263157,1.610526315,1.616157894,1.652999999,1.631947368,1.642473684,1.621421052,1.584368421
5062,1.315789474,1.231578948,1.342105264,1.178947369,1.242105264,1.242473685,1.263526316,1.242473685,1.274052632,1.242473685,1.273842106
5063,3.189473684,3.126315789,3.089473684,3.136842105,3.163157894,3.142473684,3.184578947,3.158263157,3.184578947,3.153,3.11068421
5064,1.705263158,1.705263158,1.668421053,1.773684211,1.694736842,1.600368421,1.637210527,1.610894737,1.642473684,1.605631579,1.579105263
5065,1.889473684,1.784210526,1.721052631,1.831578947,1.810526315,1.82668421,1.863526315,1.842473684,1.868789473,1.837210526,1.852789473
5066,0.936842105,0.826315789,1.010526315,0.821052631,0.999999999,0.842473684,0.863526315,0.842473684,0.868789473,0.837210526,0.879105263
5067,2.247368421,2.263157895,2.057894737,2.131578947,2.115789474,2.210894737,2.231947368,2.216157895,2.237210526,2.205631579,2.205421053
5068,2.042105263,2.047368421,2.07368421,1.968421052,2.036842105,1.974052631,2.000368421,1.979315789,2.010894737,1.984578947,2.000157894
5069,2.452631579,2.4,2.378947369,2.421052632,2.342105263,2.37931579,2.431947369,2.389842105,2.431947369,2.389842105,2.437
5070,1.215789474,1.15263158,1.084210527,1.131578948,1.157894737,1.195105264,1.226684211,1.20563158,1.237210527,1.189842106,1.18963158
5071,1.373684211,1.278947369,1.257894738,1.289473685,1.200000001,1.274052633,1.30563158,1.289842106,1.30563158,1.274052633,1.284368422
5072,2.126315789,2.115789473,2.215789473,2.205263157,2.110526315,2.105631578,2.142473683,2.10036842,2.131947367,2.105631578,2.042263157
5073,1.373684211,1.42631579,1.389473685,1.35263158,1.284210527,1.274052633,1.321421054,1.300368422,1.326684211,1.30563158,1.28963158
5074,1.863157895,1.747368422,1.794736843,1.836842106,1.815789474,1.826684211,1.853000001,1.831947369,1.853000001,1.826684211,1.779105264
5075,2.010526316,1.957894737,1.963157895,1.968421053,1.92631579,2.063526316,2.095105264,2.068789474,2.089842106,2.063526316,1.973842106
5076,0.952631579,0.905263158,0.794736842,0.794736842,0.847368421,0.816157895,0.853,0.826684211,0.858263158,0.810894737,0.952789474
5077,1.910526316,1.936842106,1.936842106,1.957894737,1.952631579,1.874052632,1.910894737,1.884578948,1.916157895,1.889842106,1.831736843
5078,1.631578947,1.689473683,1.652631578,1.757894736,1.64736842,1.574052631,1.60036842,1.589842105,1.621421052,1.574052631,1.573842105
5079,2,1.921052632,1.852631579,1.978947368,1.863157895,1.921421053,1.974052632,1.942473684,1.963526316,1.937210526,1.937
5080,1.073684211,1.057894738,1.115789475,1.100000001,1.084210527,0.974052633,1.010894738,0.995105264,1.00563158,0.984578948,1.042263159
5081,2.347368421,2.147368421,2.194736842,2.236842105,2.215789474,2.268789474,2.295105263,2.274052631,2.310894737,2.279315789,2.221210526
5082,2.363157895,2.431578948,2.405263158,2.421052632,2.431578948,2.268789474,2.300368422,2.284578948,2.300368422,2.268789474,2.347526316
5083,1.942105263,2.026315789,1.994736842,1.857894737,2.015789473,1.947736842,1.968789473,1.942473684,1.974052631,1.942473684,1.815947368
5084,1.5,1.557894737,1.505263158,1.563157895,1.542105263,1.500368421,1.526684211,1.516157895,1.531947368,1.505631579,1.447526316
5085,1.131578947,1.036842105,0.994736841,0.915789473,1.026315789,1.068789473,1.105631578,1.084578947,1.110894736,1.079315789,1.058052631
5086,1.442105263,1.510526315,1.478947368,1.431578947,1.394736842,1.405631579,1.431947368,1.421421052,1.442473684,1.410894737,1.415947368
5087,1.047368421,1.010526316,1.010526316,1.021052631,1.105263158,1.042473684,1.079315789,1.058263158,1.079315789,1.053,0.973842105
5088,1.778947368,1.826315789,1.810526315,1.77368421,1.631578947,1.689842104,1.716157894,1.705631578,1.731947368,1.684578947,1.794894736
5089,1.042105263,1.057894737,1.089473684,1.1,1.084210526,0.92668421,0.963526315,0.947736842,0.974052631,0.942473684,0.958052631
5090,1.310526316,1.373684211,1.294736843,1.257894737,1.294736843,1.221421053,1.263526316,1.231947369,1.258263158,1.231947369,1.215947369
5091,1.026315789,1.031578946,0.899999999,1.078947367,1.026315789,0.92668421,0.942473683,0.931947367,0.958263157,0.92668421,0.942263157
5092,2.605263158,2.484210527,2.557894737,2.463157895,2.473684211,2.563526316,2.589842105,2.568789474,2.595105263,2.563526316,2.505421053
5093,0.573684211,0.621052633,0.557894738,0.62631579,0.55263158,0.474052633,0.50563158,0.489842106,0.516157896,0.484578948,0.537000001
5094,0.926315789,0.963157894,0.884210525,0.87368421,0.863157894,0.858263157,0.874052631,0.863526315,0.884578946,0.847736841,0.836999999
5095,2.052631579,2.084210526,2.036842105,2.1,1.931578947,1.947736842,1.974052632,1.953,1.97931579,1.947736842,1.979105263
5096,1.778947368,1.668421052,1.54736842,1.689473683,1.799999999,1.710894736,1.747736841,1.731947368,1.758263157,1.716157894,1.668578947
5097,1.321052632,1.300000001,1.35263158,1.310526317,1.300000001,1.310894738,1.326684211,1.321421053,1.342473685,1.310894738,1.242263159
5098,0.631578947,0.705263157,0.642105262,0.605263157,0.563157894,0.537210526,0.574052631,0.547736841,0.579315789,0.552999999,0.542263157
5099,1.1,1.063157895,1.115789474,1.063157895,1.052631579,1.042473684,1.074052632,1.047736842,1.074052632,1.037210526,1.031736842
5100,2.347368421,2.357894737,2.342105263,2.326315789,2.415789474,2.305631579,2.342473684,2.316157895,2.347736842,2.310894737,2.268578947
5101,1.789473684,1.747368421,1.668421052,1.684210526,1.594736842,1.700368421,1.737210526,1.705631579,1.737210526,1.705631579,1.700157894
5102,0.784210526,0.742105263,0.831578947,0.768421052,0.852631578,0.663526315,0.695105263,0.679315789,0.70036842,0.684578947,0.742263157
5103,2.410526316,2.378947369,2.363157895,2.521052632,2.342105264,2.331947369,2.358263158,2.326684211,2.368789474,2.337210527,2.331736843
5104,2.036842105,1.999999999,2.015789473,1.947368421,2.057894736,1.995105263,2.016157894,2.005631578,2.02668421,2.005631578,1.973842105
5105,1.778947368,1.731578947,1.694736841,1.626315789,1.789473683,1.789842104,1.810894736,1.789842104,1.816157894,1.789842104,1.731736841
5106,2.363157895,2.321052632,2.257894737,2.347368422,2.257894737,2.337210527,2.374052632,2.342473685,2.37931579,2.342473685,2.315947369
5107,1.678947368,1.663157894,1.652631578,1.621052631,1.626315789,1.605631578,1.647736841,1.610894736,1.647736841,1.610894736,1.68436842
5108,2.278947368,2.336842104,2.331578947,2.299999999,2.278947368,2.210894736,2.242473683,2.210894736,2.22668421,2.205631578,2.221210525
5109,2.310526316,2.184210527,2.3,2.210526316,2.278947369,2.284578948,2.316157895,2.289842106,2.310894737,2.274052632,2.237
5110,1.815789474,1.721052632,1.700000001,1.689473685,1.642105264,1.789842106,1.810894737,1.800368422,1.831947369,1.795105264,1.737000001
5111,1.421052632,1.42631579,1.389473685,1.347368422,1.378947369,1.310894738,1.342473685,1.326684211,1.353000001,1.331947369,1.331736843
5112,2.184210526,2.078947368,2.04736842,2.031578947,2.031578947,2.147736841,2.168789473,2.152999999,2.179315789,2.147736841,2.11068421
5113,2.126315789,2.042105262,2.099999999,2.121052631,2.07368421,2.068789473,2.105631578,2.084578946,2.116157894,2.084578946,1.989631578
5114,1.110526316,1.1,1,1.042105264,1.121052632,1.047736843,1.07931579,1.058263158,1.07931579,1.053,0.968578948
5115,1.915789474,1.805263159,1.794736843,1.85263158,1.863157895,1.816157895,1.853000001,1.837210527,1.858263159,1.831947369,1.879105264
5116,2.573684211,2.736842106,2.52631579,2.700000001,2.442105264,2.447736843,2.489842106,2.463526317,2.495105264,2.463526317,2.531736843
5117,2.2,2.2,2.052631579,2.210526316,2.231578947,2.110894737,2.142473684,2.126684211,2.147736842,2.121421053,2.205421053
5118,2.868421053,2.863157895,2.836842106,2.863157895,2.82631579,2.821421053,2.842473685,2.842473685,2.858263159,2.831947369,2.826473685
5119,1.878947368,1.852631578,1.884210525,1.926315789,1.831578947,1.816157894,1.858263157,1.831947368,1.858263157,1.837210525,1.815947368
5120,1.642105263,1.6,1.557894737,1.605263158,1.526315789,1.584578947,1.616157894,1.600368421,1.631947368,1.595105263,1.579105263
5121,1.463157895,1.52631579,1.373684211,1.521052632,1.515789474,1.453000001,1.484578948,1.458263158,1.484578948,1.458263158,1.405421053
5122,2.515789474,2.615789474,2.636842106,2.568421053,2.510526316,2.431947369,2.453000001,2.442473685,2.463526316,2.431947369,2.521210527
5123,2,2.036842105,2.026315789,1.973684211,1.989473684,1.974052632,2.000368421,1.968789474,2.005631579,1.968789474,1.952789474
5124,1.484210526,1.515789473,1.331578947,1.394736841,1.27368421,1.437210526,1.468789473,1.447736841,1.468789473,1.442473684,1.394894736
5125,1.336842105,1.257894736,1.278947368,1.342105263,1.378947368,1.263526315,1.295105263,1.268789473,1.300368421,1.258263157,1.247526315
5126,0.994736842,0.942105263,0.963157895,0.915789473,0.905263158,0.916157895,0.947736842,0.92668421,0.947736842,0.921421052,0.91068421
5127,1.678947368,1.726315789,1.589473683,1.605263157,1.578947368,1.579315789,1.616157894,1.60036842,1.616157894,1.589842104,1.631736841
5128,0.810526316,0.815789474,0.736842106,0.742105264,0.694736843,0.731947369,0.763526316,0.737210527,0.763526316,0.737210527,0.752789474
5129,1.942105263,1.915789473,2.015789473,1.847368421,1.868421052,1.879315789,1.910894737,1.895105263,1.910894737,1.884578947,1.894894737
5130,1.626315789,1.521052631,1.510526315,1.584210525,1.615789473,1.516157894,1.552999999,1.52668421,1.552999999,1.516157894,1.573842104
5131,2.068421053,1.994736843,2.110526317,2.02631579,1.989473685,2.084578948,2.116157895,2.100368422,2.121421053,2.095105264,2.015947369
5132,2.194736842,2.2,2.163157895,2.205263158,2.252631579,2.110894737,2.137210526,2.116157895,2.153,2.110894737,2.147526316
5133,2.678947368,2.615789473,2.584210525,2.678947368,2.552631578,2.621421052,2.658263157,2.637210525,2.658263157,2.631947368,2.652789473
5134,1.315789474,1.263157895,1.25263158,1.205263159,1.305263159,1.274052632,1.300368422,1.27931579,1.310894737,1.284578948,1.26331579
5135,2.352631579,2.289473684,2.352631579,2.368421053,2.357894737,2.342473684,2.374052632,2.353,2.384578947,2.342473684,2.237
5136,2.063157895,2.005263158,2.031578948,1.942105264,1.978947369,2.084578948,2.116157895,2.089842106,2.121421053,2.095105264,1.989631579
5137,1.936842105,1.842105263,1.999999999,1.905263157,1.894736842,1.842473684,1.879315789,1.847736842,1.884578947,1.847736842,1.836999999
5138,1.763157895,1.652631579,1.710526316,1.621052632,1.615789474,1.700368422,1.726684211,1.716157895,1.747736843,1.710894737,1.710684211
5139,2,1.957894737,1.921052632,1.936842105,1.942105263,1.931947368,1.974052632,1.947736842,1.979315789,1.947736842,1.926473684
5140,2.268421053,2.263157895,2.273684211,2.210526317,2.284210527,2.17931579,2.210894738,2.200368422,2.216157895,2.189842106,2.205421053
5141,2.073684211,2.084210527,2.094736843,1.978947369,2.105263159,2.026684211,2.053000001,2.031947369,2.053000001,2.026684211,1.98963158
5142,2.552631579,2.557894737,2.536842105,2.484210526,2.536842105,2.453,2.474052632,2.447736842,2.47931579,2.447736842,2.505421053
5143,2.010526316,1.889473685,1.963157895,1.952631579,1.857894737,1.916157895,1.937210527,1.921421053,1.958263158,1.926684211,1.989631579
5144,2.678947368,2.636842104,2.584210525,2.631578947,2.652631578,2.595105262,2.62668421,2.605631578,2.631947368,2.60036842,2.621210525
5145,2.2,2.168421053,2.052631579,2.042105263,2.105263158,2.163526316,2.205631579,2.184578947,2.210894737,2.184578947,2.152789474
5146,2.157894737,2.073684211,2.078947369,2.047368421,1.973684211,2.07931579,2.110894737,2.089842106,2.116157895,2.084578948,2.094894737
5147,2.263157895,2.321052632,2.136842106,2.263157895,2.178947369,2.231947369,2.268789474,2.253000001,2.27931579,2.237210527,2.226473685
5148,1.605263158,1.563157895,1.563157895,1.568421053,1.657894737,1.595105263,1.621421053,1.589842105,1.621421053,1.600368421,1.510684211
5149,1.063157895,0.963157895,1.031578948,1.010526316,0.915789474,1.000368422,1.037210527,1.016157895,1.026684211,1.016157895,0.947526316
5150,2.294736842,2.157894737,2.168421052,2.178947368,2.121052631,2.263526316,2.279315789,2.263526316,2.289842105,2.263526316,2.237
5151,1.168421053,1.163157895,1.157894738,1.047368422,1.057894738,1.053000001,1.084578948,1.063526317,1.07931579,1.063526317,1.105421053
5152,1.815789474,1.642105264,1.742105264,1.731578948,1.673684211,1.753000001,1.774052632,1.753000001,1.789842106,1.753000001,1.742263159
5153,1.926315789,1.878947367,1.84736842,1.810526315,1.87368421,1.942473683,1.974052631,1.942473683,1.968789473,1.947736841,1.800157894
5154,2.310526316,2.42631579,2.263157895,2.3,2.421052632,2.305631579,2.342473685,2.326684211,2.337210527,2.321421053,2.247526316
5155,2.189473684,2.152631579,2.078947368,2.089473684,2.068421052,2.089842105,2.131947368,2.100368421,2.121421052,2.100368421,2.105421052
5156,1.510526316,1.557894737,1.521052632,1.594736843,1.510526316,1.442473685,1.474052632,1.447736843,1.474052632,1.458263158,1.473842106
5157,2.010526316,1.852631579,1.92631579,1.815789474,1.831578948,1.900368421,1.926684211,1.921421053,1.931947369,1.910894737,1.952789474
5158,1.705263158,1.642105263,1.631578948,1.610526316,1.689473684,1.626684211,1.668789474,1.642473684,1.674052632,1.637210527,1.615947369
5159,1.268421053,1.247368422,1.189473685,1.236842106,1.300000001,1.142473685,1.168789474,1.147736843,1.168789474,1.131947369,1.210684211
5160,0.826315789,0.794736841,0.715789473,0.794736841,0.768421052,0.663526315,0.70036842,0.668789473,0.70036842,0.663526315,0.768578946
5161,1.342105263,1.326315789,1.252631579,1.247368421,1.215789473,1.321421052,1.342473684,1.316157894,1.347736842,1.321421052,1.221210526
5162,2.736842105,2.863157894,2.784210526,2.831578947,2.710526315,2.658263157,2.679315789,2.663526315,2.684578947,2.658263157,2.673842105
5163,2.431578947,2.415789473,2.442105262,2.368421052,2.368421052,2.458263157,2.489842105,2.458263157,2.495105262,2.452999999,2.38436842
5164,2.663157895,2.610526316,2.594736843,2.700000001,2.578947369,2.637210527,2.658263158,2.642473685,2.674052632,2.642473685,2.637000001
5165,1.721052632,1.736842106,1.794736843,1.715789475,1.663157896,1.663526317,1.689842106,1.668789475,1.700368422,1.658263159,1.647526317
5166,2.515789474,2.542105264,2.500000001,2.505263159,2.600000001,2.484578948,2.510894737,2.484578948,2.516157895,2.489842106,2.473842106
5167,1.910526316,1.963157895,2.031578948,1.989473685,1.847368421,1.858263158,1.889842106,1.863526316,1.87931579,1.853,1.905421053
5168,2.168421053,2.05263158,2.015789474,2.073684211,2.163157895,2.089842106,2.116157895,2.095105264,2.126684211,2.084578948,2.084368422
5169,1.647368421,1.7,1.484210526,1.526315789,1.463157895,1.637210526,1.658263158,1.647736842,1.679315789,1.637210526,1.594894737
5170,1.163157895,1.268421053,1.168421053,1.236842106,1.115789474,1.131947369,1.147736843,1.126684211,1.147736843,1.116157895,1.06331579
5171,2.921052632,2.836842106,2.868421053,2.873684211,2.878947369,2.842473685,2.868789475,2.863526317,2.87931579,2.847736843,2.921210527
5172,1.947368421,1.863157895,1.831578947,1.821052631,1.815789474,1.916157895,1.942473684,1.921421053,1.947736842,1.921421053,1.894894737
5173,1.884210526,1.74736842,1.894736841,1.831578947,1.768421052,1.810894736,1.837210526,1.816157894,1.837210526,1.821421052,1.836999999
5174,1.689473684,1.636842105,1.752631579,1.77368421,1.668421052,1.647736842,1.689842105,1.658263157,1.695105263,1.668789473,1.594894736
5175,1.615789474,1.673684211,1.62631579,1.542105264,1.563157895,1.521421053,1.547736843,1.526684211,1.563526316,1.521421053,1.584368422
5176,1.9,1.942105263,1.915789474,1.957894737,1.878947368,1.863526316,1.879315789,1.858263158,1.889842105,1.853,1.805421053
5177,1.384210526,1.357894736,1.352631578,1.426315789,1.336842105,1.347736841,1.374052631,1.352999999,1.374052631,1.347736841,1.326473684
5178,1.547368421,1.452631579,1.442105263,1.410526316,1.431578947,1.537210526,1.568789474,1.558263158,1.584578947,1.558263158,1.468578947
5179,1.942105263,1.926315789,2.031578947,1.921052631,1.87368421,1.879315789,1.905631579,1.884578947,1.905631579,1.874052631,1.894894737
5180,1.721052632,1.673684211,1.736842106,1.689473685,1.700000001,1.600368422,1.621421053,1.600368422,1.626684211,1.60563158,1.705421053
5181,1.026315789,0.994736841,0.931578946,0.999999999,1.026315789,1.021421052,1.047736841,1.042473683,1.058263157,1.037210525,0.936999999
5182,1.647368421,1.652631579,1.631578947,1.642105263,1.589473684,1.547736842,1.584578947,1.558263158,1.584578947,1.547736842,1.579105263
5183,1.684210526,1.731578947,1.64736842,1.742105263,1.710526315,1.70036842,1.737210526,1.705631578,1.747736841,1.705631578,1.636999999
5184,1.984210526,2.052631578,2.031578947,2.057894736,1.905263157,1.90036842,1.931947368,1.910894736,1.942473684,1.905631578,1.915947368
5185,2.163157895,2.121052632,2.252631579,2.22631579,2.210526316,2.100368422,2.126684211,2.100368422,2.131947369,2.095105264,2.100157895
5186,1.842105263,1.726315789,1.726315789,1.784210526,1.857894737,1.810894737,1.842473684,1.821421052,1.853,1.810894737,1.779105263
5187,1.826315789,1.805263157,1.821052631,1.784210525,1.74736842,1.837210525,1.858263157,1.842473683,1.868789473,1.847736841,1.752789473
5188,0.968421053,1.05263158,0.989473685,0.936842106,0.994736843,0.910894738,0.937210527,0.916157895,0.942473685,0.900368422,0.905421053
5189,1.547368421,1.478947368,1.478947368,1.47368421,1.468421053,1.447736842,1.468789474,1.447736842,1.495105263,1.453,1.505421053
5190,1.568421053,1.610526317,1.621052632,1.589473685,1.547368422,1.510894738,1.542473685,1.516157895,1.558263159,1.521421053,1.500157895
5191,1.426315789,1.478947367,1.410526315,1.47368421,1.426315789,1.358263157,1.384578946,1.368789473,1.40036842,1.352999999,1.394894736
5192,1.547368421,1.689473684,1.594736842,1.578947368,1.521052631,1.400368421,1.447736842,1.410894737,1.442473684,1.405631579,1.494894737
5193,1.963157895,1.873684211,1.873684211,1.789473685,1.831578948,1.931947369,1.947736843,1.931947369,1.963526316,1.931947369,1.873842106
5194,2.921052632,2.784210527,2.831578948,2.900000001,2.873684211,2.826684211,2.858263159,2.847736843,2.87931579,2.826684211,2.837000001
5195,1.615789474,1.621052632,1.584210527,1.663157895,1.62631579,1.616157895,1.658263159,1.647736843,1.658263159,1.637210527,1.542263159
5196,1.857894737,1.789473685,1.836842106,1.757894737,1.852631579,1.821421053,1.853,1.831947369,1.858263158,1.821421053,1.794894737
5197,2.352631579,2.294736842,2.315789474,2.221052632,2.242105263,2.295105263,2.321421053,2.300368421,2.321421053,2.300368421,2.258052632
5198,1.963157895,1.842105264,1.994736843,1.868421053,1.836842106,1.863526316,1.895105264,1.87931579,1.895105264,1.863526316,1.921210527
5199,1.784210526,1.631578947,1.710526315,1.689473684,1.64736842,1.679315789,1.705631578,1.689842105,1.710894736,1.668789473,1.726473684
5200,2.557894737,2.573684211,2.589473685,2.552631579,2.552631579,2.526684211,2.558263158,2.537210527,2.568789474,2.531947369,2.458052632
5201,1.947368421,1.968421053,1.952631579,1.921052631,1.921052631,1.884578947,1.905631579,1.900368421,1.916157895,1.879315789,1.889631579
5202,2.273684211,2.263157896,2.178947369,2.236842106,2.321052633,2.200368422,2.226684211,2.20563158,2.226684211,2.200368422,2.194894738
5203,2.2,2.136842105,2.089473684,2.136842105,2.094736842,2.131947368,2.158263158,2.137210526,2.158263158,2.137210526,2.084368421
5204,1.852631579,1.736842105,1.905263158,1.752631579,1.784210526,1.795105263,1.826684211,1.800368421,1.831947369,1.805631579,1.800157895
5205,1.015789474,1.089473685,1.042105264,0.884210527,0.942105264,0.953000001,0.968789474,0.953000001,0.974052632,0.942473685,0.926473685
5206,2.031578947,2.07368421,2.052631578,2.14736842,1.889473683,2.042473683,2.068789473,2.047736841,2.079315789,2.047736841,1.921210526
5207,1.273684211,1.284210527,1.273684211,1.247368422,1.25263158,1.200368422,1.237210527,1.221421054,1.242473685,1.200368422,1.231736843
5208,1.173684211,1.194736843,1.115789475,1.263157896,1.110526317,1.058263159,1.095105264,1.074052633,1.095105264,1.068789475,1.105421054
5209,2.163157895,2.273684211,2.200000001,2.157894737,2.131578948,2.037210527,2.074052632,2.053000001,2.074052632,2.047736843,2.158052632
5210,1.631578947,1.657894736,1.67368421,1.715789473,1.694736841,1.542473683,1.579315789,1.552999999,1.579315789,1.552999999,1.58436842
5211,2.147368421,2.015789474,2.063157895,2.047368421,2.07368421,2.12668421,2.147736842,2.121421053,2.147736842,2.116157895,2.052789474
5212,1.5,1.542105263,1.510526316,1.478947368,1.484210526,1.437210526,1.468789474,1.442473684,1.479315789,1.447736842,1.405421053
5213,2.073684211,1.957894738,1.978947369,1.942105264,1.900000001,2.026684211,2.058263159,2.021421054,2.058263159,2.031947369,2.031736843
5214,1.736842105,1.842105263,1.789473684,1.826315789,1.784210526,1.737210526,1.774052631,1.747736842,1.768789473,1.742473684,1.626473684
5215,1.821052632,1.689473685,1.678947369,1.694736843,1.815789475,1.774052632,1.800368422,1.77931579,1.80563158,1.774052632,1.78963158
5216,2.052631579,2.168421053,2,2.015789474,2.021052632,2.037210526,2.058263158,2.047736842,2.07931579,2.031947369,1.968578947
5217,1.631578947,1.594736841,1.663157894,1.67368421,1.468421052,1.605631578,1.62668421,1.610894736,1.637210526,1.605631578,1.568578947
5218,3.057894737,3.094736842,3.078947369,3.1,3.036842106,3.053,3.089842106,3.068789474,3.089842106,3.068789474,2.994894737
5219,2.410526316,2.4,2.431578948,2.331578948,2.4,2.326684211,2.358263158,2.342473685,2.363526316,2.331947369,2.315947369
5220,2.763157895,2.736842106,2.636842106,2.742105264,2.621052632,2.67931579,2.716157895,2.689842106,2.705631579,2.684578948,2.721210527
5221,2.215789474,2.210526316,2.184210527,2.147368422,2.263157895,2.121421053,2.147736843,2.131947369,2.153000001,2.126684211,2.179105264
5222,2.178947368,2.110526315,2.099999999,2.184210525,2.063157894,2.121421052,2.142473683,2.12668421,2.147736841,2.12668421,2.126473683
5223,2.063157895,2.031578948,2.000000001,1.942105264,1.910526316,1.953000001,1.984578948,1.968789474,2.000368422,1.958263158,1.958052632
5224,2.036842105,1.989473684,1.999999999,2.084210526,1.936842105,2.010894736,2.052999999,2.02668421,2.047736842,2.02668421,1.947526315
5225,1.194736842,1.27368421,1.331578947,1.336842105,1.289473684,1.137210526,1.163526316,1.153,1.179315789,1.137210526,1.142263158
5226,1.189473684,1.189473684,1.168421052,1.136842105,1.094736842,1.110894736,1.147736842,1.121421052,1.147736842,1.110894736,1.126473684
5227,1.621052632,1.705263159,1.605263159,1.557894738,1.600000001,1.563526317,1.595105264,1.574052632,1.60563158,1.574052632,1.568578948
5228,1.457894737,1.378947369,1.336842106,1.384210527,1.452631579,1.347736842,1.374052632,1.353,1.384578948,1.342473685,1.410684211
5229,1.242105263,1.194736842,1.27368421,1.221052631,1.2,1.163526315,1.179315789,1.163526315,1.184578947,1.158263158,1.226473684
5230,2.063157895,2.02631579,2.052631579,2.105263158,1.994736843,2.026684211,2.058263158,2.047736843,2.063526316,2.031947369,2.021210527
5231,2.305263158,2.331578948,2.347368421,2.263157895,2.2,2.253,2.289842105,2.263526316,2.27931579,2.263526316,2.189631579
5232,1.694736842,1.536842105,1.610526316,1.657894737,1.557894737,1.616157895,1.663526316,1.637210526,1.663526316,1.631947368,1.615947368
5233,1.631578947,1.705263157,1.636842105,1.615789473,1.636842105,1.531947368,1.558263157,1.531947368,1.568789473,1.52668421,1.558052631
5234,1.652631579,1.678947369,1.673684211,1.636842105,1.657894737,1.647736842,1.674052632,1.663526316,1.684578947,1.653,1.600157895
5235,1.715789474,1.72631579,1.700000001,1.689473685,1.742105264,1.621421053,1.663526316,1.642473685,1.647736843,1.631947369,1.610684211
5236,2.121052632,2.063157896,2.089473685,2.021052632,2.047368422,2.047736843,2.084578948,2.063526317,2.084578948,2.047736843,2.073842106
5237,2.8,2.710526316,2.763157895,2.763157895,2.784210526,2.758263158,2.774052632,2.763526316,2.784578947,2.747736842,2.731736842
5238,2.026315789,1.957894736,2.010526315,2.010526315,1.878947367,2.00036842,2.031947367,2.016157894,2.031947367,2.005631578,1.958052631
5239,1.963157895,1.989473685,1.957894737,1.847368422,1.82631579,1.889842106,1.931947369,1.905631579,1.931947369,1.900368422,1.910684211
5240,2.489473684,2.347368421,2.47368421,2.436842105,2.547368421,2.42668421,2.453,2.442473684,2.468789473,2.442473684,2.431736842
5241,2.226315789,2.157894736,2.205263157,2.152631578,2.07368421,2.152999999,2.195105262,2.168789473,2.20036842,2.163526315,2.142263157
5242,1.763157895,1.610526316,1.578947369,1.642105264,1.652631579,1.689842106,1.721421053,1.700368422,1.726684211,1.695105264,1.731736843
5243,1.963157895,2.052631579,1.773684211,1.894736843,1.82631579,1.926684211,1.947736843,1.931947369,1.963526316,1.931947369,1.937000001
5244,1.189473684,1.105263157,1.178947368,1.084210526,1.210526315,1.147736842,1.179315789,1.158263157,1.189842105,1.142473684,1.179105263
5245,2.478947368,2.457894736,2.326315789,2.352631578,2.431578947,2.463526315,2.489842104,2.474052631,2.50036842,2.474052631,2.38436842
5246,0.631578947,0.752631578,0.721052631,0.642105262,0.557894736,0.579315789,0.610894736,0.584578947,0.621421052,0.584578947,0.600157894
5247,1.989473684,1.884210526,1.794736842,2.047368421,1.921052631,1.947736842,1.979315789,1.947736842,1.974052631,1.953,1.968578947
5248,2.268421053,2.200000001,2.205263159,2.15263158,2.173684211,2.247736843,2.27931579,2.263526317,2.274052632,2.253000001,2.226473685
5249,1.421052632,1.42631579,1.336842106,1.510526317,1.436842106,1.331947369,1.368789475,1.342473685,1.37931579,1.342473685,1.352789475
5250,1.873684211,1.773684211,1.731578948,1.763157896,1.836842106,1.842473685,1.874052633,1.853000001,1.884578948,1.842473685,1.805421054
5251,0.621052632,0.542105264,0.578947369,0.500000001,0.45263158,0.526684211,0.563526317,0.542473685,0.574052632,0.542473685,0.56331579
5252,1.289473684,1.347368421,1.378947368,1.315789473,1.363157894,1.179315789,1.216157894,1.200368421,1.221421052,1.189842105,1.173842105
5253,2.368421053,2.342105264,2.321052632,2.378947369,2.310526317,2.268789474,2.295105264,2.27931579,2.30563158,2.274052632,2.310684211
5254,0.905263158,0.905263158,0.82631579,0.810526316,0.863157895,0.805631579,0.837210527,0.816157895,0.831947369,0.805631579,0.879105263
5255,2.542105263,2.526315789,2.47368421,2.431578947,2.389473684,2.453,2.463526315,2.463526315,2.484578947,2.453,2.484368421
5256,1.226315789,1.099999999,1.063157894,1.157894736,1.178947367,1.168789473,1.210894736,1.189842104,1.210894736,1.189842104,1.173842104
5257,2.210526316,2.163157895,2.073684211,2.131578948,2.173684211,2.174052632,2.221421053,2.184578948,2.210894737,2.184578948,2.137
5258,1.573684211,1.621052633,1.678947369,1.663157896,1.563157896,1.484578948,1.510894738,1.495105264,1.521421054,1.489842106,1.510684211
5259,2.110526316,2.142105264,2.157894737,2.22631579,2.152631579,2.037210527,2.053,2.037210527,2.074052632,2.031947369,2.094894737
5260,1.410526316,1.294736843,1.236842106,1.173684211,1.3,1.353,1.384578948,1.374052632,1.37931579,1.358263158,1.352789474
5261,1.673684211,1.678947369,1.568421054,1.668421054,1.636842106,1.610894738,1.631947369,1.616157896,1.647736843,1.610894738,1.584368422
5262,1.157894737,1.068421053,0.973684211,1.036842106,1.02631579,1.095105263,1.121421053,1.110894737,1.126684211,1.095105263,1.126473685
5263,1.594736842,1.594736842,1.631578947,1.67368421,1.594736842,1.447736842,1.484578947,1.458263158,1.484578947,1.453,1.515947368
5264,2.131578947,2.07368421,2.089473683,2.089473683,1.999999999,2.042473683,2.068789473,2.052999999,2.079315789,2.047736841,2.100157894
5265,2.1,2.015789474,2.021052632,2.073684211,2.015789474,2.053,2.095105263,2.074052632,2.100368421,2.063526316,2.026473684
5266,1.878947368,1.894736841,1.852631578,1.821052631,1.852631578,1.795105262,1.821421052,1.795105262,1.82668421,1.795105262,1.81068421
5267,1.868421053,1.884210527,1.873684211,1.85263158,1.957894738,1.80563158,1.837210527,1.816157895,1.842473685,1.80563158,1.737000001
5268,2.826315789,2.842105262,2.936842104,2.889473683,2.84736842,2.689842104,2.721421052,2.695105262,2.721421052,2.70036842,2.700157894
5269,2.505263158,2.573684211,2.52631579,2.42631579,2.557894737,2.484578948,2.510894737,2.489842105,2.521421053,2.484578948,2.442263158
5270,2.121052632,2.02631579,2.047368422,2.078947369,2.047368422,2.063526317,2.095105264,2.084578948,2.100368422,2.074052632,2.052789475
5271,2.626315789,2.563157894,2.494736841,2.578947367,2.54736842,2.60036842,2.621421052,2.60036842,2.642473683,2.60036842,2.536999999
5272,1.726315789,1.77368421,1.589473683,1.715789473,1.599999999,1.668789473,1.695105262,1.684578946,1.70036842,1.674052631,1.61068421
5273,1.863157895,1.978947369,1.836842106,1.847368422,1.715789474,1.900368422,1.931947369,1.926684211,1.942473685,1.910894737,1.810684211
5274,2.157894737,2.163157895,2.242105263,2.221052632,2.184210527,2.084578948,2.121421053,2.095105263,2.110894737,2.100368421,2.142263158
5275,1.089473684,0.97368421,1.036842105,0.878947368,0.989473684,1.047736842,1.079315789,1.053,1.079315789,1.042473684,1.047526315
5276,1.136842105,1.078947368,1.110526315,1.152631578,1.115789473,1.095105263,1.121421052,1.095105263,1.12668421,1.089842105,1.115947368
5277,1.947368421,2.005263158,1.852631579,1.926315789,1.936842105,1.863526316,1.900368421,1.884578947,1.900368421,1.868789474,1.868578947
5278,2.252631579,2.257894737,2.178947369,2.321052632,2.257894737,2.147736842,2.184578947,2.163526316,2.189842105,2.163526316,2.168578947
5279,1.7,1.726315789,1.710526316,1.515789474,1.731578947,1.637210526,1.663526316,1.642473684,1.674052632,1.647736842,1.615947368
5280,1.721052632,1.600000001,1.536842106,1.694736843,1.65263158,1.710894738,1.737210527,1.721421053,1.753000001,1.721421053,1.679105264
5281,1.810526316,1.905263158,1.842105264,1.921052632,1.821052632,1.795105264,1.831947369,1.800368421,1.831947369,1.800368421,1.784368421
5282,1.747368421,1.77368421,1.763157895,1.721052631,1.710526316,1.631947368,1.658263158,1.642473684,1.663526316,1.631947368,1.668578947
5283,1.2,1.236842105,1.147368421,1.131578947,1.136842105,1.147736842,1.174052632,1.147736842,1.179315789,1.153,1.105421053
5284,1.205263158,1.2,1.168421053,1.189473684,1.12631579,1.105631579,1.142473684,1.121421053,1.147736842,1.126684211,1.137
5285,1.831578947,1.84736842,1.789473683,1.915789473,1.899999999,1.831947368,1.879315789,1.852999999,1.884578947,1.842473683,1.763315789
5286,1.984210526,1.810526315,1.742105263,1.815789473,1.84736842,1.921421052,1.963526315,1.942473684,1.968789473,1.937210526,1.879105263
5287,0.989473684,0.778947368,0.805263157,0.831578947,0.821052631,0.942473684,0.968789473,0.953,0.979315789,0.947736842,0.921210526
5288,1.7,1.7,1.6,1.642105263,1.657894737,1.674052632,1.700368421,1.674052632,1.710894737,1.679315789,1.663315789
5289,2.363157895,2.347368422,2.352631579,2.231578948,2.473684211,2.326684211,2.363526316,2.337210527,2.363526316,2.326684211,2.342263158
5290,1.557894737,1.447368421,1.515789474,1.510526316,1.384210527,1.521421053,1.547736842,1.531947369,1.553,1.521421053,1.56331579
5291,1.310526316,1.147368421,1.2,1.22631579,1.115789474,1.226684211,1.263526316,1.242473685,1.263526316,1.237210527,1.300157895
5292,2.4,2.405263158,2.352631579,2.405263158,2.378947368,2.358263158,2.389842105,2.363526316,2.389842105,2.368789474,2.310684211
5293,1.463157895,1.463157895,1.400000001,1.384210527,1.442105264,1.410894737,1.437210527,1.426684211,1.447736843,1.421421053,1.373842106
5294,1.047368421,1,0.984210526,1.063157895,0.989473684,0.958263158,0.995105263,0.979315789,1.000368421,0.968789474,0.979105263
5295,0.742105263,0.536842105,0.647368421,0.515789473,0.531578947,0.684578947,0.716157894,0.689842105,0.721421052,0.689842105,0.742263158
5296,1.626315789,1.636842104,1.610526315,1.689473683,1.578947367,1.542473683,1.574052631,1.552999999,1.574052631,1.537210525,1.526473683
5297,2.210526316,2.131578948,2.210526316,2.1,2.131578948,2.100368421,2.131947369,2.116157895,2.147736843,2.110894737,2.147526316
5298,2.268421053,2.242105264,2.236842106,2.310526317,2.268421053,2.189842106,2.216157895,2.200368422,2.237210527,2.195105264,2.158052632
5299,2.221052632,2.205263159,2.210526317,2.15263158,2.168421053,2.17931579,2.216157896,2.184578948,2.216157896,2.17931579,2.126473685
5300,2.005263158,2.015789474,1.963157895,2.042105263,1.894736842,1.963526316,2.005631579,1.968789474,2.010894737,1.968789474,1.942263158
5301,1.621052632,1.536842106,1.468421053,1.631578948,1.489473685,1.547736843,1.589842106,1.558263159,1.595105264,1.553000001,1.56331579
5302,2.089473684,2.089473684,2.2,2.021052631,2.021052631,2.000368421,2.031947368,2.005631579,2.02668421,1.995105263,2.026473684
5303,1.8,1.726315789,1.810526316,1.821052632,1.715789474,1.742473684,1.768789474,1.747736842,1.774052632,1.742473684,1.705421053
5304,1.610526316,1.542105264,1.584210527,1.557894737,1.642105264,1.521421053,1.558263158,1.531947369,1.563526316,1.526684211,1.542263158
5305,1.889473684,1.931578947,1.957894736,1.884210526,1.9,1.837210526,1.874052631,1.847736842,1.884578947,1.842473684,1.837
5306,2.010526316,2,1.968421053,2.089473685,1.9,1.963526316,1.989842106,1.984578948,2.010894737,1.97931579,1.96331579
5307,2.578947368,2.578947368,2.584210525,2.57368421,2.489473683,2.574052631,2.610894736,2.584578947,2.62668421,2.579315789,2.531736841
5308,1.384210526,1.231578947,1.289473684,1.189473684,1.199999999,1.352999999,1.374052631,1.358263157,1.389842105,1.352999999,1.300157894
5309,1.805263158,1.889473684,1.884210527,1.789473684,1.815789474,1.721421053,1.753,1.737210527,1.758263158,1.726684211,1.726473684
5310,1.021052632,0.989473685,1.010526317,1.031578948,1.131578948,0.989842106,1.016157896,0.995105264,1.026684211,0.989842106,1.026473685
5311,1.468421053,1.473684211,1.421052632,1.521052632,1.45263158,1.416157895,1.453000001,1.437210527,1.458263159,1.431947369,1.358052632
5312,2.305263158,2.152631579,2.131578948,2.184210527,2.205263158,2.284578948,2.310894737,2.284578948,2.310894737,2.284578948,2.26331579
5313,2.905263158,2.878947369,2.757894737,2.889473684,2.857894737,2.805631579,2.831947369,2.805631579,2.831947369,2.805631579,2.810684211
5314,1.494736842,1.347368421,1.384210526,1.510526316,1.305263158,1.42668421,1.453,1.42668421,1.458263158,1.421421052,1.379105263
5315,1.257894737,1.336842106,1.342105263,1.263157895,1.242105263,1.200368421,1.221421053,1.216157895,1.226684211,1.210894737,1.205421053
5316,1.215789474,1.273684211,1.036842106,1.263157895,1.147368422,1.174052632,1.210894737,1.195105264,1.226684211,1.184578948,1.173842106
5317,1.531578947,1.668421052,1.615789473,1.642105262,1.694736841,1.489842105,1.531947368,1.50036842,1.531947368,1.50036842,1.521210526
5318,2.221052632,2.300000001,2.200000001,2.310526317,2.221052632,2.131947369,2.158263159,2.142473685,2.168789475,2.137210527,2.158052632
5319,2.552631579,2.457894737,2.368421053,2.410526316,2.284210526,2.505631579,2.537210526,2.510894737,2.547736842,2.516157895,2.468578947
5320,2.184210526,2.089473684,2.099999999,2.121052631,2.189473684,2.110894736,2.147736841,2.12668421,2.152999999,2.121421052,2.089631578
5321,1.342105263,1.394736842,1.326315789,1.221052631,1.263157894,1.321421052,1.347736842,1.32668421,1.347736842,1.321421052,1.273842105
5322,1.984210526,1.821052631,1.836842105,1.87368421,1.794736841,1.931947368,1.963526315,1.942473684,1.968789473,1.947736841,1.826473684
5323,2.431578947,2.284210526,2.215789473,2.305263157,2.27368421,2.416157894,2.447736841,2.416157894,2.447736841,2.416157894,2.352789473
5324,2.431578947,2.452631578,2.342105262,2.578947368,2.468421052,2.363526315,2.40036842,2.374052631,2.40036842,2.368789473,2.342263157
5325,1.110526316,1.021052632,1.057894737,1.031578948,1.021052632,1.126684211,1.174052632,1.153,1.163526316,1.137210527,1.031736843
5326,3.068421053,3.094736843,3.089473685,3.136842106,3.031578948,3.000368422,3.031947369,3.010894738,3.042473685,3.00563158,2.98963158
5327,1.742105263,1.721052631,1.689473684,1.694736842,1.668421052,1.668789473,1.705631579,1.684578947,1.716157894,1.684578947,1.658052631
5328,2.078947368,2.121052631,2.084210525,2.052631578,2.105263157,1.974052631,1.984578947,1.984578947,1.995105262,1.968789473,2.042263157
5329,2.021052632,1.942105264,1.95263158,1.894736843,1.889473685,1.916157896,1.958263159,1.921421053,1.958263159,1.921421053,1.973842106
5330,1.047368421,0.984210526,0.921052631,1.026315789,0.963157895,0.968789474,1.021421053,0.995105263,1.016157895,0.984578947,0.958052631
5331,3.131578947,3.052631578,3.010526315,3.126315789,3.036842105,3.058263157,3.095105262,3.074052631,3.095105262,3.063526315,3.11068421
5332,2.284210526,2.257894736,2.205263157,2.231578947,2.184210526,2.284578947,2.316157894,2.30036842,2.316157894,2.295105263,2.263315789
5333,1.047368421,1.084210526,1.026315789,1.094736842,0.978947368,0.989842105,1.031947368,1.010894737,1.016157895,1.000368421,0.994894737
5334,2.105263158,2.305263158,2.157894737,2.268421053,2.257894737,2.042473684,2.07931579,2.047736842,2.07931579,2.042473684,2.037
5335,2.931578947,2.942105262,2.831578947,2.868421052,2.899999999,2.905631578,2.921421052,2.905631578,2.942473683,2.90036842,2.915947368
5336,1,1.042105263,0.889473684,0.821052632,0.905263158,0.895105263,0.921421053,0.889842105,0.926684211,0.900368421,0.989631579
5337,1.863157895,1.847368422,1.873684211,1.800000001,1.863157895,1.831947369,1.858263158,1.837210527,1.858263158,1.831947369,1.831736843
5338,1.784210526,1.610526315,1.768421052,1.67368421,1.67368421,1.731947368,1.752999999,1.731947368,1.752999999,1.731947368,1.715947368
5339,2.015789474,2.115789474,2.078947369,2.115789474,2.078947369,1.942473685,1.97931579,1.953000001,1.974052632,1.958263159,2.000157895
5340,1.263157895,1.357894737,1.257894737,1.221052632,1.331578948,1.231947369,1.253000001,1.247736843,1.263526316,1.226684211,1.147526316
5341,1.536842105,1.415789473,1.447368421,1.452631578,1.526315789,1.500368421,1.537210526,1.516157894,1.52668421,1.500368421,1.468578947
5342,1.178947368,1.189473683,1.189473683,1.199999999,1.199999999,1.105631578,1.137210525,1.105631578,1.131947368,1.10036842,1.031736841
5343,2.121052632,2.121052632,2.078947369,2.015789475,2.02631579,2.042473685,2.063526317,2.042473685,2.063526317,2.037210527,2.100157896
5344,2.389473684,2.278947368,2.294736842,2.405263157,2.321052631,2.331947368,2.368789473,2.353,2.368789473,2.337210526,2.289631579
5345,1.147368421,1.157894737,1.089473684,1.205263158,1.142105263,1.095105263,1.137210526,1.110894737,1.147736842,1.110894737,1.068578947
5346,1.578947368,1.57368421,1.705263157,1.621052631,1.542105262,1.516157894,1.547736841,1.531947368,1.547736841,1.537210525,1.452789473
5347,2.326315789,2.205263157,2.331578946,2.310526315,2.236842104,2.242473683,2.284578946,2.263526315,2.284578946,2.252999999,2.305421052
5348,1.052631579,1.078947369,0.894736842,0.921052632,0.9,1.016157895,1.042473684,1.026684211,1.047736842,1.016157895,0.989631579
5349,1.621052632,1.568421053,1.657894738,1.621052632,1.573684211,1.526684211,1.568789475,1.542473685,1.563526317,1.531947369,1.584368422
5350,2.289473684,2.357894736,2.305263157,2.252631579,2.357894736,2.210894736,2.242473684,2.221421052,2.242473684,2.205631579,2.221210526
5351,2.694736842,2.831578947,2.689473684,2.752631579,2.657894737,2.663526316,2.689842105,2.663526316,2.684578947,2.668789473,2.626473684
5352,1.536842105,1.521052631,1.347368421,1.531578947,1.478947368,1.500368421,1.52668421,1.510894736,1.52668421,1.505631578,1.484368421
5353,1.584210526,1.57368421,1.499999999,1.426315789,1.605263157,1.510894736,1.542473684,1.516157894,1.558263157,1.516157894,1.521210526
5354,1.921052632,1.936842106,1.936842106,1.947368422,1.794736843,1.863526317,1.895105264,1.874052632,1.900368422,1.868789475,1.826473685
5355,1.378947368,1.294736841,1.242105262,1.278947368,1.257894736,1.342473683,1.368789473,1.352999999,1.384578947,1.337210525,1.294894736
5356,2.063157895,2.12631579,2.031578948,1.989473685,1.963157895,2.016157895,2.042473685,2.026684211,2.058263158,2.021421053,1.989631579
5357,1.847368421,1.710526316,1.847368421,1.878947368,1.868421053,1.72668421,1.763526316,1.737210526,1.763526316,1.731947368,1.742263158
5358,2.505263158,2.494736842,2.52631579,2.536842105,2.457894737,2.463526316,2.495105263,2.474052632,2.500368421,2.474052632,2.410684211
5359,1.715789474,1.763157895,1.800000001,1.768421053,1.742105264,1.584578948,1.610894737,1.589842106,1.616157895,1.57931579,1.631736843
5360,2.105263158,2.178947369,2.094736842,2.094736842,2.1,2.07931579,2.121421053,2.110894737,2.126684211,2.089842105,2.031736842
5361,1.842105263,1.810526315,1.810526315,1.778947368,1.836842105,1.789842105,1.816157894,1.795105263,1.82668421,1.800368421,1.768578947
5362,2.057894737,1.989473685,2.063157895,2.021052632,2.015789474,1.989842106,2.026684211,2.010894737,2.042473685,2.005631579,2.037
5363,2.347368421,2.368421053,2.278947368,2.178947368,2.210526316,2.274052631,2.300368421,2.295105263,2.305631579,2.284578947,2.242263158
5364,1.689473684,1.57368421,1.568421052,1.615789473,1.547368421,1.62668421,1.653,1.631947368,1.658263157,1.631947368,1.658052631
5365,2.315789474,2.315789474,2.289473685,2.305263159,2.384210527,2.337210527,2.358263159,2.337210527,2.363526316,2.331947369,2.26331579
5366,1.184210526,1.14736842,1.110526315,1.131578947,1.178947368,1.074052631,1.105631578,1.095105263,1.110894736,1.074052631,1.136999999
5367,2.526315789,2.57368421,2.563157894,2.694736841,2.636842104,2.489842104,2.505631578,2.484578946,2.516157894,2.495105262,2.421210525
5368,2.636842105,2.615789473,2.699999999,2.699999999,2.657894736,2.537210526,2.568789473,2.531947368,2.574052631,2.537210526,2.568578947
5369,2.163157895,2.015789474,1.915789474,1.957894737,2.000000001,2.142473685,2.17931579,2.153000001,2.184578948,2.142473685,2.126473685
5370,1.110526316,0.968421053,1.02631579,0.989473685,0.894736843,1.005631579,1.042473685,1.016157895,1.047736843,1.021421053,1.084368421
5371,2.473684211,2.510526317,2.55263158,2.521052633,2.500000001,2.453000001,2.484578948,2.463526317,2.495105264,2.447736843,2.426473685
5372,2.7,2.678947368,2.621052632,2.673684211,2.636842105,2.595105263,2.631947368,2.600368421,2.626684211,2.600368421,2.605421053
5373,1.347368421,1.331578947,1.457894737,1.410526316,1.378947368,1.268789474,1.300368421,1.284578947,1.300368421,1.279315789,1.305421053
5374,1.105263158,1.168421053,1.052631579,0.973684211,1.105263158,1.016157895,1.058263158,1.037210527,1.047736842,1.031947369,1.094894737
5375,1.673684211,1.710526317,1.694736843,1.689473685,1.75263158,1.642473685,1.67931579,1.647736843,1.684578948,1.653000001,1.621210527
5376,0.752631579,0.789473684,0.689473684,0.815789474,0.710526316,0.695105263,0.726684211,0.710894737,0.742473684,0.705631579,0.684368421
5377,1.857894737,1.747368421,1.968421053,1.789473685,1.810526316,1.805631579,1.847736842,1.816157895,1.847736842,1.810894737,1.831736842
5378,1.636842105,1.721052631,1.689473684,1.710526315,1.652631578,1.547736842,1.574052631,1.558263157,1.589842105,1.558263157,1.600157894
5379,1.694736842,1.721052631,1.710526316,1.721052631,1.815789473,1.674052631,1.705631579,1.684578947,1.716157895,1.674052631,1.679105263
5380,1.547368421,1.47368421,1.589473684,1.505263158,1.578947368,1.447736842,1.468789474,1.453,1.484578947,1.447736842,1.479105263
5381,2.284210526,2.263157894,2.321052631,2.342105263,2.378947368,2.247736841,2.274052631,2.263526315,2.279315789,2.252999999,2.221210526
5382,2.578947368,2.557894736,2.694736841,2.668421052,2.47368421,2.505631578,2.542473683,2.521421052,2.547736841,2.510894736,2.531736841
5383,2.315789474,2.321052632,2.215789474,2.173684211,2.284210527,2.210894737,2.242473685,2.221421053,2.242473685,2.20563158,2.337000001
5384,2.536842105,2.568421052,2.489473684,2.578947368,2.636842105,2.495105263,2.531947368,2.516157894,2.531947368,2.505631578,2.547526315
5385,2.384210526,2.394736841,2.321052631,2.363157894,2.34736842,2.321421052,2.358263157,2.321421052,2.352999999,2.316157894,2.31068421
5386,2.510526316,2.489473685,2.42631579,2.415789474,2.531578948,2.421421053,2.447736843,2.442473685,2.463526316,2.426684211,2.442263158
5387,1.568421053,1.431578948,1.600000001,1.468421053,1.515789474,1.516157895,1.558263159,1.526684211,1.553000001,1.526684211,1.452789474
5388,1.647368421,1.557894737,1.557894737,1.552631579,1.531578947,1.600368421,1.631947368,1.621421053,1.647736842,1.610894737,1.600157895
5389,1.4,1.268421053,1.273684211,1.336842105,1.294736842,1.289842105,1.310894737,1.300368421,1.326684211,1.289842105,1.337
5390,2.115789474,1.947368422,2.005263159,2.073684211,2.02631579,2.037210527,2.074052632,2.047736843,2.07931579,2.053000001,2.042263159
5391,2.026315789,2.152631578,2.121052631,2.057894736,2.242105262,1.984578946,2.021421052,2.010894736,2.021421052,2.00036842,1.88436842
5392,2.489473684,2.468421052,2.5,2.463157894,2.47368421,2.400368421,2.437210526,2.410894736,2.437210526,2.405631579,2.437
5393,2.257894737,2.210526316,2.131578948,2.157894737,2.131578948,2.163526316,2.189842106,2.168789474,2.205631579,2.168789474,2.237
5394,1.310526316,1.163157895,1.194736843,1.163157895,1.073684211,1.184578948,1.226684211,1.200368421,1.231947369,1.205631579,1.279105264
5395,1.531578947,1.499999999,1.431578947,1.394736841,1.394736841,1.447736841,1.484578947,1.452999999,1.479315789,1.452999999,1.431736841
5396,1.984210526,1.984210526,1.931578947,1.968421052,1.905263157,1.937210526,1.974052631,1.952999999,1.989842105,1.947736841,1.889631578
5397,1.421052632,1.457894738,1.410526317,1.45263158,1.431578948,1.368789475,1.389842106,1.37931579,1.395105264,1.363526317,1.342263159
5398,1.289473684,1.189473684,1.284210526,1.27368421,1.210526315,1.231947368,1.258263157,1.247736842,1.274052631,1.231947368,1.279105263
5399,0.636842105,0.689473684,0.594736842,0.621052631,0.578947368,0.574052631,0.605631578,0.574052631,0.605631578,0.579315789,0.615947368
5400,1.805263158,1.82631579,1.784210527,1.752631579,1.72631579,1.763526316,1.789842105,1.774052632,1.784578948,1.774052632,1.731736842
5401,2.410526316,2.342105264,2.252631579,2.315789474,2.242105264,2.437210527,2.474052632,2.442473685,2.468789474,2.442473685,2.384368421
5402,2.484210526,2.526315789,2.468421052,2.536842105,2.468421052,2.374052631,2.405631578,2.389842105,2.410894736,2.379315789,2.458052631
5403,1.326315789,1.221052631,1.284210525,1.268421052,1.231578946,1.289842104,1.32668421,1.295105262,1.337210525,1.284578946,1.263315789
5404,1.068421053,1.063157895,1.036842106,1.000000001,1.036842106,1.037210527,1.068789474,1.042473685,1.063526317,1.037210527,1.000157895
5405,2.321052632,2.242105264,2.136842106,2.378947369,2.236842106,2.237210527,2.268789475,2.253000001,2.268789475,2.237210527,2.284368422
5406,2.368421053,2.242105264,2.184210527,2.210526317,2.131578948,2.274052632,2.310894738,2.274052632,2.310894738,2.274052632,2.273842106
5407,2.368421053,2.347368422,2.384210527,2.363157895,2.35263158,2.289842106,2.310894738,2.295105264,2.331947369,2.289842106,2.315947369
5408,2.873684211,2.894736843,2.847368422,2.821052633,2.85263158,2.821421054,2.837210527,2.821421054,2.853000001,2.810894738,2.837000001
5409,0.773684211,0.773684211,0.800000001,0.742105264,0.705263159,0.737210527,0.768789475,0.737210527,0.774052633,0.742473685,0.68963158
5410,1.652631579,1.673684211,1.678947369,1.72631579,1.684210526,1.595105263,1.616157895,1.600368421,1.621421053,1.605631579,1.605421053
5411,2.257894737,2.236842106,2.131578948,2.110526316,2.236842106,2.210894737,2.247736842,2.237210527,2.247736842,2.216157895,2.189631579
5412,2.210526316,2.147368421,2.263157895,2.189473685,2.152631579,2.110894737,2.137210527,2.116157895,2.147736843,2.110894737,2.142263158
5413,2.452631579,2.368421053,2.331578947,2.268421053,2.305263158,2.400368421,2.431947369,2.405631579,2.437210526,2.405631579,2.352789474
5414,2.752631579,2.673684211,2.684210526,2.62631579,2.657894737,2.653,2.695105263,2.674052632,2.695105263,2.668789474,2.726473684
5415,2.210526316,2.289473685,2.189473685,2.289473685,2.173684211,2.153,2.189842106,2.158263158,2.200368421,2.153,2.06331579
5416,1.252631579,1.02631579,1.036842105,1.042105263,1.015789474,1.237210526,1.268789474,1.253,1.274052632,1.237210526,1.194894737
5417,2.205263158,2.152631579,2.005263158,2.163157895,2.089473684,2.105631579,2.147736842,2.116157895,2.147736842,2.121421053,2.110684211
5418,2.815789474,2.878947369,2.784210527,2.800000001,2.778947369,2.742473685,2.768789474,2.747736843,2.77931579,2.747736843,2.758052632
5419,1.689473684,1.610526315,1.6,1.626315789,1.563157894,1.616157894,1.653,1.642473684,1.653,1.621421052,1.621210526
5420,1.426315789,1.363157894,1.521052631,1.44736842,1.34736842,1.284578946,1.321421052,1.305631578,1.32668421,1.295105262,1.41068421
5421,1.736842105,1.657894736,1.689473684,1.621052631,1.77368421,1.616157894,1.647736842,1.62668421,1.652999999,1.610894736,1.663315789
5422,2.326315789,2.378947367,2.305263157,2.315789473,2.342105262,2.316157894,2.337210525,2.316157894,2.337210525,2.321421052,2.28436842
5423,2.342105263,2.289473684,2.268421052,2.27368421,2.342105263,2.253,2.289842105,2.268789473,2.284578947,2.258263158,2.279105263
5424,1.468421053,1.478947369,1.484210527,1.489473685,1.431578948,1.442473685,1.474052632,1.458263159,1.474052632,1.437210527,1.410684211
5425,1.9,1.826315789,1.878947368,1.815789474,1.863157895,1.858263158,1.889842105,1.879315789,1.900368421,1.868789474,1.894894737
5426,1.442105263,1.394736842,1.405263158,1.363157894,1.457894737,1.368789473,1.405631579,1.374052631,1.410894737,1.374052631,1.405421052
5427,2.215789474,2.215789474,2.173684211,2.189473685,2.068421053,2.147736843,2.184578948,2.163526316,2.195105264,2.153000001,2.142263159
5428,1.989473684,2.068421052,1.97368421,2.042105263,1.936842105,1.921421052,1.953,1.92668421,1.963526315,1.921421052,1.91068421
5429,2.568421053,2.55263158,2.568421053,2.55263158,2.442105264,2.553000001,2.589842106,2.574052632,2.610894738,2.574052632,2.473842106
5430,2.1,2.052631579,2.026315789,2.068421053,1.921052632,2.063526316,2.084578947,2.074052632,2.100368421,2.074052632,2.058052632
5431,2.347368421,2.384210526,2.357894737,2.342105263,2.331578947,2.310894737,2.331947368,2.321421053,2.347736842,2.310894737,2.300157895
5432,0.615789474,0.684210527,0.515789474,0.615789474,0.55263158,0.568789474,0.600368422,0.584578948,0.616157895,0.57931579,0.484368422
5433,1.268421053,1.289473685,1.231578948,1.236842106,1.242105264,1.195105264,1.242473685,1.20563158,1.231947369,1.20563158,1.210684211
5434,1.478947368,1.410526315,1.499999999,1.615789473,1.526315789,1.363526315,1.389842104,1.374052631,1.395105262,1.358263157,1.394894736
5435,2.121052632,2.189473685,2.05263158,2.089473685,2.147368422,2.053000001,2.084578948,2.058263159,2.084578948,2.047736843,2.031736843
5436,1.994736842,2.136842105,1.947368421,1.952631579,2.063157895,1.905631579,1.947736842,1.92668421,1.947736842,1.916157895,1.942263158
5437,1.9,1.947368421,1.957894737,1.857894737,1.831578947,1.837210526,1.858263158,1.837210526,1.863526316,1.831947368,1.773842105
5438,1.463157895,1.447368422,1.489473685,1.447368422,1.331578948,1.353000001,1.384578948,1.363526316,1.395105264,1.358263158,1.410684211
5439,0.268421053,0.321052632,0.168421053,0.231578948,0.205263159,0.195105264,0.226684211,0.20563158,0.231947369,0.200368422,0.18963158
5440,2.221052632,2.115789475,2.215789475,2.131578948,2.210526317,2.168789475,2.200368422,2.184578948,2.200368422,2.184578948,2.126473685
5441,1.947368421,1.889473684,1.87368421,1.826315789,1.942105263,1.895105263,1.921421053,1.910894737,1.931947368,1.900368421,1.926473684
5442,1.347368421,1.389473684,1.347368421,1.3,1.27368421,1.289842105,1.321421053,1.305631579,1.331947368,1.300368421,1.273842105
5443,2.263157895,2.289473685,2.278947369,2.231578948,2.268421053,2.174052632,2.205631579,2.17931579,2.210894737,2.184578948,2.142263158
5444,0.994736842,0.984210526,1.021052631,1.063157895,1.015789473,0.968789473,1.010894737,0.984578947,1.016157895,0.974052631,0.915947368
5445,2.089473684,2.205263157,2.17368421,2.142105263,2.094736842,2.042473684,2.068789473,2.042473684,2.079315789,2.042473684,2.021210526
5446,1.426315789,1.331578946,1.315789473,1.342105262,1.305263157,1.352999999,1.374052631,1.347736841,1.384578946,1.352999999,1.368578946
5447,3.515789474,3.542105264,3.505263159,3.468421053,3.284210527,3.489842106,3.516157895,3.500368422,3.521421053,3.495105264,3.494894737
5448,1.542105263,1.526315789,1.510526315,1.557894737,1.463157894,1.442473684,1.484578947,1.453,1.484578947,1.458263158,1.463315789
5449,0.826315789,0.799999999,0.821052631,0.794736841,0.821052631,0.763526315,0.80036842,0.779315789,0.795105262,0.758263157,0.752789473
5450,1.857894737,1.694736842,1.784210527,1.7,1.72631579,1.795105263,1.821421053,1.805631579,1.831947369,1.795105263,1.873842106
5451,1.284210526,1.268421052,1.236842105,1.221052631,1.221052631,1.179315789,1.216157894,1.205631578,1.221421052,1.195105263,1.247526315
5452,1.294736842,1.405263158,1.394736842,1.363157895,1.321052631,1.237210526,1.284578947,1.253,1.274052631,1.253,1.184368421
5453,1.242105263,1.315789473,1.215789473,1.226315789,1.242105263,1.195105263,1.242473684,1.216157894,1.242473684,1.205631579,1.231736842
5454,1.268421053,1.173684211,1.22631579,1.189473685,1.200000001,1.20563158,1.226684211,1.20563158,1.237210527,1.20563158,1.168578948
5455,1.615789474,1.600000001,1.547368422,1.605263159,1.573684211,1.553000001,1.574052632,1.553000001,1.589842106,1.547736843,1.600157895
5456,1.989473684,2.015789473,1.878947368,1.915789473,1.994736842,1.916157894,1.953,1.931947368,1.958263157,1.921421052,1.926473684
5457,2.068421053,2.105263159,2.105263159,2.157894738,2.021052632,2.068789474,2.10563158,2.084578948,2.095105264,2.074052632,1.968578948
5458,2.731578947,2.657894736,2.584210526,2.668421052,2.636842105,2.721421052,2.747736841,2.716157894,2.752999999,2.731947368,2.668578947
5459,3.031578947,2.984210526,3.021052631,2.963157894,2.915789473,2.989842105,3.021421052,2.989842105,3.021421052,2.984578947,2.947526315
5460,1.826315789,1.831578946,1.67368421,1.826315789,1.863157894,1.779315789,1.805631578,1.795105262,1.821421052,1.784578946,1.852789473
5461,1.989473684,2.005263157,2.131578947,2.021052631,1.978947368,1.921421052,1.958263157,1.942473684,1.958263157,1.931947368,1.947526315
5462,1.9,1.926315789,1.9,1.926315789,1.9,1.805631579,1.847736842,1.816157895,1.842473684,1.810894737,1.847526316
5463,2.168421053,2.12631579,2.021052632,2.12631579,2.089473685,2.147736843,2.163526317,2.147736843,2.168789474,2.137210527,2.094894738
5464,2.626315789,2.568421052,2.494736841,2.594736841,2.642105262,2.510894736,2.542473683,2.521421052,2.542473683,2.521421052,2.573842104
5465,1.615789474,1.710526316,1.636842106,1.584210527,1.610526316,1.516157895,1.553000001,1.542473685,1.563526316,1.531947369,1.500157895
5466,2.363157895,2.405263158,2.342105264,2.357894737,2.473684211,2.258263158,2.300368422,2.284578948,2.316157895,2.268789474,2.294894737
5467,1.994736842,2.052631579,1.926315789,1.936842105,1.989473684,1.942473684,1.968789473,1.942473684,1.974052631,1.947736842,1.937
5468,1.515789474,1.42631579,1.331578948,1.42631579,1.331578948,1.484578948,1.526684211,1.489842106,1.521421053,1.484578948,1.542263159
5469,2.184210526,2.126315789,2.121052631,2.084210526,2.021052631,2.158263157,2.179315789,2.174052631,2.20036842,2.158263157,2.142263157
5470,1.736842105,1.794736842,1.752631578,1.668421052,1.663157894,1.674052631,1.716157894,1.695105263,1.710894736,1.684578947,1.679105263
5471,2.715789474,2.684210527,2.594736843,2.694736843,2.647368422,2.631947369,2.658263159,2.647736843,2.67931579,2.642473685,2.615947369
5472,1.805263158,1.705263158,1.7,1.678947369,1.62631579,1.77931579,1.816157895,1.795105263,1.831947369,1.805631579,1.747526316
5473,2.631578947,2.589473683,2.599999999,2.67368421,2.64736842,2.621421052,2.663526315,2.637210526,2.663526315,2.631947368,2.558052631
5474,1.457894737,1.410526316,1.415789474,1.415789474,1.436842106,1.410894737,1.437210527,1.421421053,1.458263158,1.421421053,1.410684211
5475,1.857894737,1.684210527,1.678947369,1.705263158,1.615789474,1.805631579,1.831947369,1.810894737,1.842473685,1.810894737,1.794894737
5476,2.031578947,1.899999999,1.978947368,1.821052631,1.836842105,2.010894736,2.02668421,2.010894736,2.02668421,2.005631578,1.942263157
5477,2.415789474,2.300000001,2.300000001,2.35263158,2.284210527,2.400368422,2.431947369,2.410894737,2.442473685,2.40563158,2.38963158
5478,1.578947368,1.468421052,1.421052631,1.468421052,1.352631578,1.52668421,1.547736841,1.542473683,1.568789473,1.537210525,1.558052631
5479,1.642105263,1.7,1.626315789,1.67368421,1.678947368,1.589842105,1.610894737,1.579315789,1.610894737,1.579315789,1.584368421
5480,2.178947368,2.152631578,2.031578947,2.24736842,2.07368421,2.152999999,2.174052631,2.152999999,2.189842104,2.147736841,2.168578947
5481,1.642105263,1.578947368,1.468421052,1.526315789,1.584210526,1.568789473,1.595105263,1.579315789,1.605631579,1.579315789,1.573842105
5482,1.994736842,1.947368421,1.87368421,1.810526316,1.87368421,1.868789473,1.900368421,1.884578947,1.900368421,1.863526316,1.958052631
5483,2.5,2.373684211,2.384210526,2.331578947,2.347368421,2.453,2.484578947,2.453,2.489842105,2.447736842,2.452789474
5484,1.736842105,1.652631578,1.594736842,1.647368421,1.626315789,1.584578947,1.621421052,1.600368421,1.616157894,1.595105263,1.636999999
5485,2.352631579,2.463157895,2.278947369,2.278947369,2.321052632,2.310894737,2.347736842,2.316157895,2.337210526,2.305631579,2.300157895
5486,1.605263158,1.557894737,1.52631579,1.457894737,1.484210527,1.526684211,1.553,1.526684211,1.563526316,1.526684211,1.542263158
5487,1.873684211,1.768421054,1.736842106,1.805263159,1.742105264,1.800368422,1.842473685,1.816157896,1.842473685,1.810894738,1.805421054
5488,2.221052632,2.200000001,2.257894738,2.200000001,2.242105264,2.184578948,2.221421053,2.195105264,2.221421053,2.184578948,2.16331579
5489,0.778947368,0.67368421,0.726315789,0.752631578,0.652631578,0.721421052,0.747736841,0.716157894,0.752999999,0.716157894,0.71068421
5490,1.389473684,1.310526315,1.294736842,1.289473684,1.389473684,1.300368421,1.32668421,1.305631579,1.32668421,1.305631579,1.31068421
5491,2.652631579,2.547368421,2.6,2.542105263,2.615789474,2.574052632,2.589842105,2.574052632,2.610894737,2.574052632,2.605421053
5492,2.031578947,1.97368421,1.97368421,1.931578947,1.905263157,1.905631578,1.931947368,1.916157894,1.937210526,1.90036842,1.989631578
5493,2.463157895,2.300000001,2.315789474,2.289473685,2.263157895,2.342473685,2.374052632,2.353000001,2.374052632,2.337210527,2.421210527
5494,1.521052632,1.484210527,1.447368422,1.521052632,1.500000001,1.453000001,1.484578948,1.463526317,1.484578948,1.463526317,1.447526317
5495,2.005263158,1.9,1.952631579,1.978947369,1.984210527,1.926684211,1.958263158,1.942473684,1.968789474,1.937210527,1.96331579
5496,2.547368421,2.584210526,2.726315789,2.67368421,2.610526316,2.500368421,2.547736842,2.516157895,2.547736842,2.521421053,2.531736842
5497,1.852631579,1.994736842,1.910526316,1.852631579,1.794736842,1.831947369,1.874052632,1.847736842,1.884578947,1.837210526,1.821210526
5498,1.689473684,1.784210526,1.763157894,1.615789473,1.726315789,1.637210526,1.668789473,1.647736842,1.679315789,1.631947368,1.605421052
5499,2.005263158,1.968421053,2.084210527,1.968421053,2.063157895,1.931947369,1.958263158,1.937210527,1.963526316,1.942473684,1.937
5500,2.168421053,2.242105264,2.142105264,2.215789474,2.200000001,2.089842106,2.110894738,2.10563158,2.121421053,2.100368422,2.094894738
5501,1.821052632,1.710526317,1.684210527,1.794736843,1.784210527,1.80563158,1.847736843,1.826684211,1.847736843,1.816157896,1.831736843
5502,0.784210526,0.810526315,0.657894736,0.84736842,0.794736841,0.721421052,0.747736841,0.72668421,0.752999999,0.737210526,0.679105263
5503,1.710526316,1.542105264,1.568421053,1.647368421,1.621052632,1.642473685,1.674052632,1.653,1.684578948,1.658263158,1.637
5504,1.926315789,1.915789473,1.915789473,1.968421052,1.963157894,1.847736841,1.884578946,1.863526315,1.884578946,1.852999999,1.889631578
5505,1.821052632,1.784210527,1.910526317,1.805263159,1.85263158,1.747736843,1.784578948,1.763526317,1.784578948,1.763526317,1.710684211
5506,2.673684211,2.621052633,2.668421054,2.615789475,2.615789475,2.60563158,2.631947369,2.621421054,2.637210527,2.610894738,2.637000001
5507,2.384210526,2.478947368,2.352631578,2.405263157,2.426315789,2.368789473,2.405631578,2.374052631,2.405631578,2.374052631,2.363315789
5508,2.457894737,2.447368421,2.342105263,2.347368421,2.378947369,2.37931579,2.416157895,2.389842106,2.426684211,2.389842106,2.394894737
5509,1.905263158,1.810526316,1.9,1.931578948,1.815789474,1.842473684,1.863526316,1.837210527,1.87931579,1.842473684,1.805421053
5510,1.489473684,1.494736842,1.405263157,1.494736842,1.47368421,1.374052631,1.416157894,1.374052631,1.42668421,1.379315789,1.394894736
5511,2.278947368,2.363157894,2.168421052,2.315789473,2.210526315,2.247736841,2.274052631,2.252999999,2.284578947,2.242473683,2.21068421
5512,1.663157895,1.552631579,1.515789474,1.563157895,1.505263158,1.600368422,1.637210527,1.610894737,1.642473685,1.610894737,1.526473685
5513,2.236842105,2.257894736,2.294736842,2.247368421,2.210526315,2.12668421,2.174052631,2.142473684,2.168789473,2.137210526,2.226473684
5514,1.226315789,1.221052631,1.210526315,1.299999999,1.168421052,1.137210525,1.158263157,1.147736841,1.179315789,1.142473683,1.200157894
5515,1.921052632,1.800000001,1.778947369,1.789473685,1.778947369,1.916157896,1.942473685,1.916157896,1.942473685,1.921421053,1.900157896
5516,1.373684211,1.447368422,1.342105264,1.315789475,1.400000001,1.268789475,1.289842106,1.274052633,1.300368422,1.274052633,1.310684211
5517,1.605263158,1.578947369,1.489473684,1.647368421,1.589473684,1.563526316,1.584578948,1.568789474,1.595105263,1.558263158,1.526473684
5518,2.031578947,1.999999999,1.87368421,1.957894736,2.021052631,1.989842105,2.031947368,2.016157894,2.021421052,2.005631578,1.994894736
5519,2.326315789,2.284210525,2.257894736,2.368421052,2.252631578,2.263526315,2.289842104,2.268789473,2.284578946,2.263526315,2.289631578
5520,2.047368421,2.057894737,2.052631579,2.147368421,1.978947368,2.000368421,2.042473684,2.016157895,2.053,2.010894737,1.963315789
5521,2.073684211,2.105263159,2.115789475,2.25263158,2.105263159,2.031947369,2.063526317,2.042473685,2.074052633,2.031947369,2.015947369
5522,1.252631579,1.157894737,1.068421053,1.094736842,1.073684211,1.153,1.184578947,1.168789474,1.200368421,1.153,1.147526316
5523,0.742105263,0.77368421,0.768421052,0.768421052,0.726315789,0.663526315,0.689842105,0.674052631,0.705631579,0.668789473,0.668578947
5524,1.847368421,1.847368421,1.794736842,1.742105263,1.77368421,1.821421053,1.847736842,1.831947368,1.847736842,1.816157895,1.794894737
5525,2.157894737,2.036842106,2.073684211,2.142105263,2.178947369,2.021421053,2.042473685,2.031947369,2.042473685,2.031947369,2.100157895
5526,1.821052632,1.773684211,1.857894738,1.85263158,1.805263159,1.758263159,1.77931579,1.768789475,1.795105264,1.758263159,1.800157896
5527,0.621052632,0.684210527,0.668421053,0.55263158,0.573684211,0.526684211,0.563526317,0.526684211,0.563526317,0.537210527,0.552789475
5528,1.631578947,1.468421052,1.526315789,1.410526315,1.415789473,1.605631578,1.631947368,1.616157894,1.631947368,1.595105262,1.521210526
5529,3.115789474,3.115789474,3.131578948,3.115789474,3.031578948,3.026684211,3.047736843,3.031947369,3.058263159,3.037210527,2.994894737
5530,2.463157895,2.352631579,2.431578948,2.42631579,2.394736843,2.374052632,2.400368422,2.400368422,2.405631579,2.384578948,2.368578948
5531,2.157894737,2.168421053,2.094736842,2.147368421,2.121052632,2.084578948,2.121421053,2.095105263,2.126684211,2.089842106,2.073842106
5532,2.247368421,2.17368421,2.242105263,2.231578947,2.168421053,2.163526316,2.216157895,2.179315789,2.205631579,2.179315789,2.21068421
5533,1.873684211,1.847368422,1.65263158,1.721052633,1.663157896,1.831947369,1.858263159,1.837210527,1.858263159,1.826684211,1.86331579
5534,2.605263158,2.594736842,2.615789474,2.642105263,2.710526316,2.584578948,2.626684211,2.610894737,2.642473684,2.600368421,2.510684211
5535,2.673684211,2.573684211,2.694736843,2.615789475,2.647368422,2.616157896,2.663526317,2.637210527,2.658263159,2.631947369,2.568578948
5536,2.342105263,2.352631579,2.284210526,2.326315789,2.221052631,2.263526315,2.289842105,2.279315789,2.295105263,2.258263158,2.258052631
5537,1.284210526,1.336842105,1.189473684,1.268421052,1.210526315,1.252999999,1.279315789,1.263526315,1.289842105,1.252999999,1.215947368
5538,1.615789474,1.621052632,1.721052632,1.700000001,1.615789474,1.542473685,1.568789474,1.547736843,1.584578948,1.537210527,1.610684211
5539,2.515789474,2.389473685,2.363157895,2.321052632,2.378947369,2.447736843,2.47931579,2.468789474,2.47931579,2.447736843,2.405421053
5540,1.810526316,1.815789474,1.821052632,1.747368421,1.8,1.768789474,1.795105264,1.77931579,1.805631579,1.774052632,1.742263158
5541,2.242105263,2.352631579,2.236842105,2.142105263,2.215789473,2.195105263,2.22668421,2.200368421,2.231947368,2.200368421,2.163315789
5542,0.005263158,0.084210527,0,-0.031578947,-0.015789473,-0.057526316,-0.025947368,-0.052263158,-0.036473684,-0.052263158,-0.041947368
5543,2.131578947,2.110526315,2.094736841,2.168421052,2.136842105,2.121421052,2.147736841,2.131947368,2.158263157,2.131947368,2.094894736
5544,1.968421053,2.089473685,1.936842106,1.900000001,1.873684211,1.968789474,2.000368422,1.97931579,2.010894738,1.968789474,1.921210527
5545,2.121052632,2.157894738,2.05263158,2.22631579,2.168421053,2.026684211,2.063526317,2.047736843,2.063526317,2.037210527,2.058052632
5546,1.952631579,1.931578947,1.947368421,2.068421053,1.984210526,1.889842105,1.921421053,1.905631579,1.926684211,1.900368421,1.889631579
5547,1.168421053,1.210526317,1.205263159,1.247368422,1.168421053,1.121421053,1.153000001,1.131947369,1.163526317,1.126684211,1.137000001
5548,1.005263158,1.057894737,1.02631579,0.936842105,0.968421053,0.895105263,0.926684211,0.889842105,0.926684211,0.895105263,0.905421053
5549,1.678947368,1.589473683,1.668421052,1.668421052,1.568421052,1.60036842,1.647736841,1.605631578,1.647736841,1.605631578,1.652789473
5550,2.236842105,2.178947368,2.089473684,2.152631578,2.199999999,2.174052631,2.205631578,2.184578947,2.205631578,2.174052631,2.221210526
5551,2.063157895,1.905263158,1.947368422,1.915789474,1.957894737,2.016157895,2.047736843,2.026684211,2.047736843,2.016157895,2.010684211
5552,2.047368421,2.184210526,2.078947368,2.07368421,2.105263158,1.916157895,1.942473684,1.931947368,1.968789474,1.916157895,1.973842105
5553,1.178947368,1.042105262,1.021052631,1.052631578,1.07368421,1.084578947,1.121421052,1.10036842,1.131947368,1.089842104,1.147526315
5554,2.615789474,2.65263158,2.589473685,2.594736843,2.568421053,2.510894737,2.547736843,2.516157895,2.547736843,2.516157895,2.515947369
5555,2.652631579,2.689473684,2.7,2.578947369,2.6,2.553,2.595105263,2.574052632,2.600368421,2.558263158,2.600157895
5556,1.863157895,1.852631579,1.815789474,1.842105264,1.800000001,1.737210527,1.774052632,1.737210527,1.763526316,1.731947369,1.805421053
5557,1.526315789,1.494736841,1.510526315,1.615789473,1.515789473,1.458263157,1.495105262,1.458263157,1.50036842,1.463526315,1.468578946
5558,2.321052632,2.331578948,2.289473685,2.194736843,2.178947369,2.316157896,2.326684211,2.30563158,2.337210527,2.300368422,2.273842106
5559,1.221052632,1.168421053,1.231578948,1.205263159,1.22631579,1.195105264,1.226684211,1.200368422,1.237210527,1.195105264,1.194894738
5560,2.157894737,2.168421053,2.142105263,2.2,2.105263158,2.116157895,2.142473685,2.121421053,2.147736842,2.110894737,2.100157895
5561,1.910526316,1.905263158,1.821052632,1.868421053,1.873684211,1.795105264,1.831947369,1.816157895,1.842473685,1.800368421,1.86331579
5562,2.226315789,2.110526315,2.14736842,2.178947367,2.110526315,2.158263157,2.195105262,2.158263157,2.195105262,2.158263157,2.18436842
5563,1.473684211,1.463157896,1.421052633,1.468421054,1.473684211,1.40563158,1.426684211,1.410894738,1.442473685,1.40563158,1.415947369
5564,0.889473684,0.805263157,0.921052631,0.942105263,0.778947368,0.816157894,0.842473684,0.821421052,0.853,0.810894736,0.821210526
5565,2.031578947,1.889473683,1.968421052,2.099999999,1.97368421,1.910894736,1.937210526,1.910894736,1.947736841,1.90036842,2.015947368
5566,1.436842105,1.294736842,1.352631578,1.331578947,1.357894736,1.431947368,1.458263157,1.447736842,1.463526315,1.421421052,1.415947368
5567,2.436842105,2.526315789,2.394736842,2.494736842,2.442105263,2.400368421,2.421421052,2.410894736,2.442473684,2.405631578,2.326473684
5568,1.710526316,1.631578948,1.589473685,1.505263158,1.636842106,1.726684211,1.758263158,1.747736843,1.763526316,1.726684211,1.626473685
5569,2.047368421,1.978947368,2.031578947,2.042105263,1.968421053,1.963526316,2.000368421,1.963526316,1.989842105,1.958263158,2.005421053
5570,0.842105263,0.731578947,0.721052631,0.857894737,0.668421052,0.731947368,0.753,0.742473684,0.763526315,0.731947368,0.831736842
5571,1.778947368,1.752631578,1.742105262,1.699999999,1.689473683,1.721421052,1.747736841,1.721421052,1.747736841,1.721421052,1.721210525
5572,1.978947368,1.905263157,1.894736841,1.878947368,1.831578947,1.910894736,1.937210525,1.921421052,1.942473683,1.910894736,1.973842104
5573,1.905263158,1.852631579,1.857894737,1.789473684,1.942105263,1.842473684,1.87931579,1.847736842,1.884578948,1.842473684,1.831736842
5574,2.036842105,1.989473684,2.063157894,2.026315789,1.994736842,1.963526315,1.995105263,1.979315789,2.005631578,1.968789473,1.994894736
5575,2.863157895,2.963157895,2.82631579,2.857894737,2.900000001,2.784578948,2.810894737,2.795105264,2.816157895,2.784578948,2.752789474
5576,2.078947368,2.126315789,2.136842104,2.131578947,2.157894736,1.989842104,2.02668421,1.989842104,2.021421052,1.995105262,1.98436842
5577,1.773684211,1.768421054,1.810526317,1.836842106,1.831578948,1.695105264,1.721421054,1.695105264,1.731947369,1.700368422,1.694894738
5578,2.094736842,2.1,2.047368421,2.07368421,2.068421052,1.963526316,1.995105263,1.968789473,1.995105263,1.963526316,1.979105263
5579,1.873684211,1.905263159,1.889473685,1.863157896,1.85263158,1.863526317,1.889842106,1.858263159,1.900368422,1.858263159,1.805421054
5580,2.205263158,2.194736842,2.105263158,2.236842105,2.310526316,2.137210527,2.174052632,2.147736842,2.184578948,2.131947369,2.073842105
5581,2.389473684,2.268421052,2.284210526,2.242105263,2.210526315,2.347736842,2.379315789,2.353,2.389842105,2.358263157,2.31068421
5582,1.184210526,1.27368421,1.189473684,1.136842105,1.199999999,1.137210526,1.168789473,1.137210526,1.179315789,1.142473684,1.126473684
5583,2.363157895,2.300000001,2.352631579,2.415789474,2.347368422,2.337210527,2.37931579,2.363526316,2.384578948,2.353000001,2.289631579
5584,1.447368421,1.457894737,1.5,1.431578947,1.452631579,1.400368421,1.421421053,1.405631579,1.437210526,1.405631579,1.442263158
5585,2.1,2.278947368,2.189473684,2.157894737,2.189473684,2.089842105,2.121421053,2.100368421,2.131947368,2.100368421,2.015947368
5586,1.305263158,1.231578948,1.178947369,1.194736842,1.131578948,1.210894737,1.247736842,1.226684211,1.247736842,1.216157895,1.200157895
5587,1.594736842,1.431578947,1.631578947,1.510526316,1.494736842,1.510894737,1.537210526,1.505631579,1.542473684,1.505631579,1.489631579
5588,1.705263158,1.568421053,1.6,1.594736842,1.731578948,1.616157895,1.647736842,1.621421053,1.647736842,1.610894737,1.626473684
5589,1.584210526,1.510526315,1.463157894,1.521052631,1.494736841,1.521421052,1.558263157,1.531947368,1.558263157,1.537210526,1.536999999
5590,1.263157895,1.194736843,1.094736843,1.168421053,1.178947369,1.147736843,1.174052632,1.147736843,1.17931579,1.142473685,1.215947369
5591,1.673684211,1.589473685,1.547368422,1.573684211,1.594736843,1.568789475,1.600368422,1.574052633,1.60563158,1.568789475,1.615947369
5592,1.684210526,1.721052631,1.694736841,1.694736841,1.64736842,1.674052631,1.70036842,1.695105263,1.710894736,1.679315789,1.647526315
5593,1.563157895,1.521052632,1.463157895,1.494736843,1.431578948,1.484578948,1.521421053,1.500368422,1.531947369,1.500368422,1.500157895
5594,2.2,2.147368421,2.105263158,2.173684211,2.184210526,2.168789474,2.189842105,2.163526316,2.195105263,2.158263158,2.094894737
5595,1.426315789,1.389473683,1.410526315,1.368421052,1.357894736,1.363526315,1.395105262,1.379315789,1.416157894,1.368789473,1.368578946
5596,1.052631579,1.094736842,1.084210526,0.989473684,1.073684211,0.995105263,1.021421053,0.995105263,1.026684211,0.989842105,1.015947369
5597,2.778947368,2.631578947,2.67368421,2.757894736,2.64736842,2.679315789,2.705631578,2.684578947,2.710894736,2.668789473,2.705421052
5598,1.373684211,1.394736843,1.410526317,1.373684211,1.300000001,1.30563158,1.353000001,1.326684211,1.347736843,1.321421054,1.315947369
5599,1.526315789,1.489473683,1.584210525,1.452631578,1.505263157,1.463526315,1.505631578,1.484578946,1.505631578,1.479315789,1.48436842
5600,1.815789474,1.789473685,1.789473685,1.742105264,1.805263159,1.753000001,1.77931579,1.758263159,1.77931579,1.758263159,1.784368422
5601,2.157894737,2,2.115789474,2.021052632,2.142105263,2.084578948,2.105631579,2.100368421,2.121421053,2.095105263,2.168578948
5602,2.163157895,2.047368422,2.089473685,2.105263158,2.136842106,2.095105264,2.110894737,2.089842106,2.116157895,2.084578948,2.115947369
5603,0.794736842,0.77368421,0.657894737,0.663157895,0.615789473,0.731947368,0.763526316,0.737210526,0.758263158,0.731947368,0.694894737
5604,2.905263158,2.910526316,2.857894737,2.910526316,2.82631579,2.847736842,2.889842105,2.868789474,2.889842105,2.868789474,2.900157895
5605,2.289473684,2.363157894,2.2,2.263157894,2.3,2.231947368,2.263526315,2.237210526,2.268789473,2.22668421,2.294894736
5606,1.373684211,1.331578948,1.42631579,1.368421054,1.32631579,1.284578948,1.316157896,1.289842106,1.310894738,1.289842106,1.315947369
5607,0.326315789,0.310526315,0.294736841,0.378947367,0.321052631,0.205631578,0.247736841,0.22668421,0.242473683,0.22668421,0.247526315
5608,1.305263158,1.215789474,1.231578948,1.252631579,1.147368421,1.274052632,1.300368421,1.274052632,1.310894737,1.268789474,1.268578948
5609,2.963157895,2.842105264,2.82631579,2.842105264,2.873684211,2.889842106,2.916157895,2.895105264,2.916157895,2.889842106,2.86331579
5610,0.794736842,0.710526316,0.910526316,0.715789473,0.805263158,0.72668421,0.747736842,0.742473684,0.763526316,0.731947368,0.752789473
5611,1.463157895,1.468421053,1.415789474,1.410526316,1.431578948,1.363526316,1.405631579,1.37931579,1.416157895,1.368789474,1.421210527
5612,2.026315789,1.936842104,1.784210525,1.984210525,1.831578946,1.910894736,1.942473683,1.905631578,1.942473683,1.921421052,1.973842104
5613,1.021052632,1.078947369,1.036842106,1.068421053,1.005263159,1.016157896,1.053000001,1.026684211,1.063526317,1.026684211,0.973842106
5614,1.836842105,1.884210526,1.87368421,1.752631578,1.836842105,1.747736842,1.779315789,1.758263157,1.789842105,1.747736842,1.731736842
5615,1.126315789,1.099999999,1.005263157,0.963157894,1.105263157,1.058263157,1.10036842,1.068789473,1.089842104,1.063526315,1.031736841
5616,1.878947368,1.831578947,1.77368421,1.799999999,1.799999999,1.837210525,1.868789473,1.842473683,1.858263157,1.831947368,1.826473683
5617,1.321052632,1.257894738,1.247368422,1.305263159,1.221052632,1.316157896,1.342473685,1.331947369,1.353000001,1.321421053,1.247526317
5618,1.852631579,1.894736842,1.9,1.905263158,1.947368421,1.784578947,1.821421053,1.810894737,1.821421053,1.795105263,1.821210526
5619,2.331578947,2.305263157,2.294736841,2.44736842,2.34736842,2.237210526,2.274052631,2.247736841,2.279315789,2.252999999,2.268578947
5620,1.4,1.305263158,1.336842105,1.263157895,1.252631579,1.321421053,1.363526316,1.342473684,1.368789474,1.347736842,1.342263158
5621,2.026315789,1.994736841,2.015789473,1.910526315,1.894736841,1.963526315,1.984578946,1.963526315,1.984578946,1.958263157,1.936999999
5622,0.826315789,0.784210525,0.863157894,0.857894736,0.784210525,0.710894736,0.721421052,0.710894736,0.737210525,0.70036842,0.758052631
5623,1.936842105,1.836842105,1.857894736,1.847368421,1.931578947,1.884578947,1.916157894,1.884578947,1.916157894,1.884578947,1.826473684
5624,2.289473684,2.184210526,2.1,2.17368421,2.194736842,2.268789473,2.300368421,2.263526315,2.289842105,2.263526315,2.215947368
5625,2.026315789,1.999999999,1.926315789,2.036842104,1.942105262,1.974052631,2.010894736,2.005631578,2.016157894,1.995105262,1.91068421
5626,2.226315789,2.221052631,2.168421052,2.084210525,2.236842104,2.131947367,2.158263157,2.147736841,2.174052631,2.131947367,2.126473683
5627,2.473684211,2.394736843,2.357894738,2.342105264,2.442105264,2.437210527,2.458263159,2.442473685,2.474052633,2.431947369,2.394894738
5628,1.431578947,1.399999999,1.494736841,1.442105262,1.389473683,1.384578947,1.410894736,1.40036842,1.421421052,1.395105262,1.331736841
5629,1.773684211,1.910526317,1.85263158,1.778947369,1.836842106,1.674052633,1.70563158,1.67931579,1.710894738,1.67931579,1.747526317
5630,2.052631579,1.921052632,1.863157895,1.921052632,1.9,2.010894737,2.042473684,2.021421053,2.053,2.016157895,1.931736842
5631,1.363157895,1.389473685,1.347368422,1.305263158,1.263157895,1.27931579,1.310894737,1.284578948,1.305631579,1.284578948,1.258052632
5632,1.989473684,2.026315789,1.952631579,1.905263157,2.068421052,1.931947368,1.958263157,1.942473684,1.974052631,1.947736842,1.931736842
5633,2.168421053,2.242105264,2.178947369,2.178947369,2.189473685,2.126684211,2.168789474,2.131947369,2.163526317,2.131947369,2.100157895
5634,1.126315789,1.168421052,1.105263157,1.236842104,1.242105262,1.089842104,1.121421052,1.10036842,1.121421052,1.10036842,1.100157894
5635,2.147368421,2.031578947,2.031578947,1.994736842,2.105263158,2.000368421,2.02668421,2.005631579,2.037210526,2.000368421,2.100157895
5636,2.3,2.210526316,2.205263158,2.221052632,2.247368421,2.221421053,2.263526316,2.242473684,2.279315789,2.242473684,2.221210526
5637,2.105263158,2.1,1.952631579,2.084210527,2.068421053,2.000368421,2.042473684,2.010894737,2.042473684,2.005631579,2.073842105
5638,1.473684211,1.489473685,1.415789475,1.447368422,1.478947369,1.416157896,1.447736843,1.426684211,1.453000001,1.426684211,1.400157896
5639,1.284210526,1.284210526,1.257894736,1.142105263,1.189473684,1.210894736,1.242473684,1.216157894,1.242473684,1.210894736,1.231736841
5640,1.526315789,1.352631578,1.34736842,1.436842104,1.315789473,1.510894736,1.537210525,1.521421052,1.542473683,1.516157894,1.421210525
5641,1.989473684,1.963157894,1.921052631,1.989473684,1.97368421,1.942473684,1.979315789,1.953,1.984578947,1.947736842,1.958052631
5642,1.815789474,1.873684211,1.831578948,1.821052632,1.831578948,1.737210527,1.768789474,1.737210527,1.77931579,1.747736843,1.726473685
5643,2.115789474,2.042105264,2.063157895,2.084210527,1.984210527,2.000368422,2.042473685,2.010894737,2.031947369,2.00563158,2.06331579
5644,1.721052632,1.815789475,1.768421053,1.715789475,1.85263158,1.67931579,1.710894738,1.695105264,1.710894738,1.695105264,1.68963158
5645,2.463157895,2.394736843,2.494736843,2.421052632,2.473684211,2.416157895,2.453000001,2.431947369,2.442473685,2.421421053,2.410684211
5646,1.878947368,1.694736841,1.784210525,1.77368421,1.799999999,1.763526315,1.789842104,1.774052631,1.789842104,1.758263157,1.836999999
5647,1.452631579,1.615789474,1.463157895,1.484210526,1.457894737,1.368789474,1.405631579,1.37931579,1.405631579,1.368789474,1.373842105
5648,1.536842105,1.557894736,1.515789473,1.521052631,1.421052631,1.510894736,1.531947368,1.510894736,1.542473684,1.500368421,1.421210526
5649,1.984210526,1.868421052,1.878947368,1.799999999,1.936842105,1.942473684,1.974052631,1.947736841,1.984578947,1.947736841,1.936999999
5650,1.736842105,1.726315789,1.784210526,1.67368421,1.842105263,1.689842105,1.72668421,1.695105263,1.731947368,1.695105263,1.658052631
5651,2.294736842,2.363157895,2.263157895,2.226315789,2.352631579,2.274052631,2.310894737,2.284578947,2.310894737,2.274052631,2.173842105
5652,1.8,1.852631579,1.836842105,1.836842105,1.747368421,1.705631579,1.731947368,1.710894737,1.731947368,1.710894737,1.737
5653,2.242105263,2.236842105,2.236842105,2.305263158,2.331578947,2.195105263,2.231947368,2.205631579,2.242473684,2.205631579,2.163315789
5654,1.221052632,1.363157896,1.205263159,1.257894738,1.289473685,1.158263159,1.200368422,1.174052632,1.200368422,1.168789475,1.173842106
5655,2.552631579,2.42631579,2.473684211,2.552631579,2.542105263,2.495105263,2.531947369,2.510894737,2.542473684,2.500368421,2.484368421
5656,1.257894737,1.273684211,1.268421053,1.357894737,1.294736842,1.205631579,1.226684211,1.216157895,1.242473685,1.200368421,1.189631579
5657,2.247368421,2.131578947,2.047368421,2,2.110526316,2.163526316,2.184578947,2.174052631,2.195105263,2.168789474,2.142263158
5658,1.678947368,1.610526315,1.599999999,1.563157894,1.552631578,1.595105262,1.616157894,1.605631578,1.62668421,1.595105262,1.594894736
5659,1.852631579,1.8,1.815789474,1.847368421,1.868421053,1.810894737,1.816157895,1.810894737,1.837210526,1.800368421,1.831736842
5660,2.478947368,2.552631578,2.463157894,2.426315789,2.415789473,2.389842104,2.410894736,2.40036842,2.421421052,2.389842104,2.41068421
5661,2.031578947,1.984210526,1.963157894,1.97368421,2.005263157,1.968789473,2.010894736,1.979315789,2.016157894,1.984578947,1.942263157
5662,1.552631579,1.447368421,1.410526316,1.463157895,1.442105263,1.463526316,1.489842105,1.463526316,1.500368421,1.468789474,1.515947369
5663,1.552631579,1.615789474,1.536842105,1.5,1.489473684,1.510894737,1.531947369,1.510894737,1.553,1.510894737,1.447526316
5664,1.668421053,1.747368422,1.710526317,1.542105264,1.747368422,1.658263159,1.684578948,1.668789474,1.689842106,1.658263159,1.605421053
5665,2.147368421,2.047368421,2.057894737,1.947368421,2.031578947,2.147736842,2.189842105,2.168789474,2.195105263,2.153,2.131736842
5666,2.594736842,2.457894737,2.457894737,2.657894737,2.578947368,2.495105263,2.537210526,2.521421052,2.542473684,2.505631579,2.552789473
5667,2.405263158,2.494736842,2.384210527,2.478947369,2.431578948,2.326684211,2.347736842,2.326684211,2.363526316,2.326684211,2.373842105
5668,1.421052632,1.473684211,1.52631579,1.510526317,1.542105264,1.40563158,1.426684211,1.40563158,1.416157896,1.410894738,1.326473685
5669,1.794736842,1.805263158,1.715789473,1.726315789,1.768421052,1.758263158,1.784578947,1.753,1.789842105,1.763526316,1.731736842
5670,2.063157895,2.036842106,2.052631579,2.152631579,2.200000001,1.968789474,1.995105264,1.984578948,2.000368422,1.968789474,1.973842106
5671,1.721052632,1.736842106,1.673684211,1.731578948,1.589473685,1.642473685,1.668789475,1.647736843,1.674052632,1.653000001,1.615947369
5672,1.621052632,1.510526317,1.584210527,1.484210527,1.636842106,1.547736843,1.589842106,1.568789475,1.595105264,1.558263159,1.542263159
5673,2.110526316,2.121052632,1.994736843,2.02631579,1.984210527,2.047736843,2.07931579,2.063526316,2.084578948,2.058263158,2.084368421
5674,1.663157895,1.605263158,1.568421053,1.652631579,1.631578948,1.526684211,1.563526316,1.547736843,1.574052632,1.531947369,1.631736843
5675,1.821052632,1.757894738,1.778947369,1.747368422,1.768421053,1.768789475,1.795105264,1.784578948,1.80563158,1.774052632,1.742263159
5676,2.542105263,2.594736842,2.521052631,2.589473684,2.657894737,2.468789473,2.505631579,2.484578947,2.505631579,2.479315789,2.442263158
5677,1.389473684,1.468421052,1.426315789,1.384210526,1.336842105,1.442473684,1.474052631,1.453,1.474052631,1.453,1.373842105
5678,1.6,1.573684211,1.547368421,1.494736842,1.531578947,1.584578947,1.610894737,1.600368421,1.616157895,1.589842105,1.547526316
5679,1.563157895,1.594736843,1.515789474,1.531578948,1.500000001,1.489842106,1.516157895,1.484578948,1.521421053,1.489842106,1.537000001
5680,1.421052632,1.557894738,1.45263158,1.510526317,1.494736843,1.353000001,1.389842106,1.363526317,1.395105264,1.363526317,1.331736843
5681,1.852631579,1.810526316,1.794736842,1.784210526,1.794736842,1.742473684,1.774052632,1.753,1.789842105,1.758263158,1.826473684
5682,1.889473684,1.947368421,1.868421052,1.8,1.831578947,1.784578947,1.82668421,1.805631579,1.831947368,1.795105263,1.831736842
5683,1.563157895,1.447368422,1.573684211,1.515789474,1.473684211,1.547736843,1.57931579,1.568789474,1.589842106,1.558263158,1.537000001
5684,1.084210526,0.994736841,0.957894736,1.057894736,1.010526315,1.063526315,1.095105263,1.074052631,1.095105263,1.063526315,0.968578947
5685,2.057894737,2.057894737,1.931578948,1.973684211,2.057894737,2.005631579,2.037210527,2.026684211,2.053,2.016157895,2.015947369
5686,2.157894737,2.173684211,2.121052632,2.089473685,2.12631579,2.053,2.074052632,2.063526316,2.07931579,2.053,2.126473685
5687,1.068421053,1.084210527,1.078947369,1.021052632,1.05263158,1.058263159,1.089842106,1.068789474,1.100368422,1.063526317,1.031736843
5688,2.4,2.563157895,2.484210526,2.468421053,2.552631579,2.358263158,2.384578947,2.368789474,2.400368421,2.363526316,2.326473684
5689,1.752631579,1.884210526,1.857894737,1.852631579,1.942105263,1.663526316,1.684578947,1.663526316,1.684578947,1.668789474,1.689631579
5690,2.626315789,2.615789473,2.557894736,2.599999999,2.57368421,2.568789473,2.595105262,2.584578946,2.610894736,2.579315789,2.573842104
5691,2.005263158,1.878947369,1.973684211,1.889473684,1.978947369,1.926684211,1.947736842,1.931947369,1.958263158,1.926684211,1.989631579
5692,0.942105263,0.905263158,0.831578947,0.942105263,0.852631579,0.889842105,0.916157894,0.900368421,0.931947368,0.910894737,0.931736842
5693,1.342105263,1.342105263,1.342105263,1.37368421,1.27368421,1.289842105,1.331947368,1.300368421,1.337210526,1.295105263,1.215947368
5694,2.742105263,2.742105263,2.715789473,2.726315789,2.642105263,2.742473684,2.784578947,2.753,2.784578947,2.758263158,2.658052631
5695,1.331578947,1.410526315,1.421052631,1.463157894,1.399999999,1.32668421,1.358263157,1.347736841,1.374052631,1.337210526,1.321210526
5696,2.973684211,2.978947369,2.963157896,2.884210527,2.831578948,2.942473685,2.974052633,2.947736843,2.974052633,2.942473685,2.873842106
5697,2.036842105,2.057894736,2.042105263,1.978947368,2.063157894,2.000368421,2.037210526,2.016157894,2.042473684,2.016157894,1.936999999
5698,1.742105263,1.821052631,1.689473684,1.694736842,1.736842105,1.658263158,1.684578947,1.668789473,1.689842105,1.647736842,1.637
5699,2.073684211,2.036842106,2.163157896,1.984210527,2.094736843,2.010894738,2.042473685,2.026684211,2.047736843,2.010894738,2.010684211
5700,2.221052632,2.321052632,2.363157896,2.347368422,2.384210527,2.137210527,2.168789475,2.158263159,2.174052632,2.142473685,2.105421053
5701,2.468421053,2.473684211,2.442105264,2.463157895,2.431578948,2.358263159,2.400368422,2.368789474,2.400368422,2.374052632,2.38963158
5702,1.642105263,1.615789473,1.610526315,1.678947368,1.505263158,1.589842105,1.610894737,1.595105263,1.631947368,1.589842105,1.615947368
5703,1.189473684,1.157894736,1.157894736,1.147368421,1.157894736,1.12668421,1.168789473,1.137210526,1.163526315,1.131947368,1.11068421
5704,1.547368421,1.7,1.589473684,1.710526316,1.621052631,1.453,1.489842105,1.458263158,1.489842105,1.453,1.447526316
5705,1.931578947,1.931578947,1.84736842,1.899999999,1.989473683,1.842473683,1.884578947,1.858263157,1.884578947,1.863526315,1.826473683
5706,0.452631579,0.410526316,0.442105263,0.384210526,0.452631579,0.374052632,0.426684211,0.395105263,0.410894737,0.389842105,0.389631579
5707,1.784210526,1.615789473,1.578947368,1.721052631,1.626315789,1.816157894,1.858263157,1.831947368,1.863526315,1.837210526,1.689631578
5708,1.652631579,1.62631579,1.621052632,1.594736842,1.663157895,1.57931579,1.616157895,1.589842105,1.616157895,1.589842105,1.610684211
5709,1.763157895,1.673684211,1.636842106,1.668421053,1.794736843,1.642473685,1.668789474,1.637210527,1.674052632,1.647736843,1.694894737
5710,1.531578947,1.563157894,1.389473683,1.478947368,1.515789473,1.489842105,1.521421052,1.505631578,1.52668421,1.489842105,1.458052631
5711,1.615789474,1.573684211,1.473684211,1.55263158,1.415789474,1.563526316,1.60563158,1.568789474,1.600368422,1.574052632,1.56331579
5712,2.368421053,2.300000001,2.231578948,2.310526317,2.278947369,2.274052632,2.30563158,2.284578948,2.316157895,2.284578948,2.294894738
5713,2.105263158,2.121052632,1.963157895,1.9,1.957894737,2.084578948,2.116157895,2.095105263,2.121421053,2.084578948,2.000157895
5714,2.336842105,2.284210526,2.226315789,2.27368421,2.37368421,2.274052631,2.300368421,2.284578947,2.300368421,2.268789473,2.289631578
5715,2.805263158,2.884210527,2.831578948,2.842105263,2.778947369,2.716157895,2.737210527,2.710894737,2.747736842,2.705631579,2.773842105
5716,1.731578947,1.605263157,1.589473683,1.621052631,1.736842105,1.684578947,1.710894736,1.684578947,1.721421052,1.679315789,1.763315789
5717,2.115789474,2.010526316,2.015789474,2.05263158,2.036842106,2.116157895,2.153000001,2.131947369,2.153000001,2.121421053,2.037000001
5718,2.3,2.315789474,2.205263158,2.3,2.257894737,2.279315789,2.295105263,2.284578947,2.310894737,2.263526316,2.268578947
5719,2.036842105,2.057894736,1.957894736,2.078947368,1.852631578,1.979315789,2.010894736,1.995105263,2.010894736,1.974052631,1.968578947
5720,2.926315789,2.87368421,2.878947367,2.915789473,2.905263157,2.863526315,2.895105262,2.868789473,2.889842104,2.868789473,2.905421052
5721,2.694736842,2.742105263,2.642105263,2.721052631,2.663157895,2.653,2.684578947,2.668789473,2.684578947,2.653,2.547526316
5722,2.505263158,2.521052632,2.515789474,2.463157895,2.494736842,2.474052632,2.505631579,2.47931579,2.505631579,2.474052632,2.468578948
5723,1.978947368,2.057894736,2.010526315,2.010526315,1.921052631,1.974052631,2.00036842,1.979315789,1.995105262,1.979315789,1.858052631
5724,1.536842105,1.505263157,1.526315789,1.442105263,1.499999999,1.437210526,1.474052631,1.442473684,1.474052631,1.447736842,1.442263157
5725,1.936842105,1.815789473,1.805263157,1.736842105,1.836842105,1.884578947,1.921421052,1.905631578,1.921421052,1.905631578,1.879105263
5726,2.521052632,2.557894738,2.505263159,2.436842106,2.484210527,2.40563158,2.442473685,2.410894738,2.437210527,2.40563158,2.447526317
5727,1.784210526,1.705263157,1.689473684,1.731578947,1.64736842,1.721421052,1.747736841,1.72668421,1.752999999,1.716157894,1.736999999
5728,1.473684211,1.363157896,1.400000001,1.315789475,1.210526317,1.426684211,1.468789475,1.431947369,1.458263159,1.426684211,1.442263159
5729,2.742105263,2.747368421,2.689473684,2.7,2.642105263,2.674052631,2.710894737,2.695105263,2.705631579,2.679315789,2.700157894
5730,2.131578947,2.068421052,1.989473683,2.036842105,2.07368421,2.052999999,2.084578947,2.068789473,2.089842105,2.063526315,2.131736841
5731,2.036842105,1.984210526,1.863157894,2.021052631,1.984210526,2.016157894,2.042473684,2.031947368,2.063526315,2.021421052,1.931736842
5732,1.131578947,1.199999999,1.14736842,1.189473683,1.089473683,1.121421052,1.147736841,1.131947368,1.158263157,1.121421052,1.08436842
5733,2.152631579,2.031578947,2.084210526,2.168421053,2.178947369,2.110894737,2.142473684,2.126684211,2.142473684,2.121421053,2.142263158
5734,2.847368421,2.857894737,2.852631579,2.889473684,2.77368421,2.758263158,2.795105263,2.774052631,2.800368421,2.763526316,2.773842105
5735,1.915789474,1.947368422,1.778947369,1.921052632,1.82631579,1.90563158,1.942473685,1.926684211,1.947736843,1.910894737,1.831736843
5736,1.684210526,1.757894736,1.726315789,1.757894736,1.768421052,1.60036842,1.62668421,1.60036842,1.62668421,1.610894736,1.58436842
5737,2.452631579,2.331578947,2.310526316,2.336842105,2.252631579,2.316157895,2.358263158,2.331947369,2.363526316,2.342473684,2.400157895
5738,1.626315789,1.578947367,1.610526315,1.642105262,1.657894736,1.574052631,1.60036842,1.579315789,1.610894736,1.579315789,1.552789473
5739,2.221052632,2.173684211,2.22631579,2.25263158,2.115789475,2.126684211,2.142473685,2.126684211,2.163526317,2.121421053,2.168578948
5740,1.731578947,1.636842105,1.705263157,1.736842105,1.557894736,1.652999999,1.684578947,1.668789473,1.695105262,1.652999999,1.694894736
5741,1.215789474,1.289473685,1.221052632,1.22631579,1.194736843,1.195105264,1.231947369,1.200368422,1.231947369,1.195105264,1.152789474
5742,2.557894737,2.584210527,2.542105263,2.521052632,2.568421053,2.447736842,2.489842106,2.468789474,2.489842106,2.463526316,2.473842106
5743,2.336842105,2.37368421,2.457894736,2.410526315,2.289473684,2.305631578,2.331947368,2.310894736,2.337210526,2.305631578,2.252789473
5744,2.247368421,2.336842105,2.284210526,2.236842105,2.315789474,2.163526316,2.195105263,2.168789474,2.205631579,2.168789474,2.094894737
5745,1.584210526,1.521052631,1.468421052,1.478947368,1.442105263,1.495105263,1.516157894,1.510894736,1.537210526,1.505631578,1.48436842
5746,2.131578947,2.052631578,2.015789473,2.063157894,2.157894736,2.110894736,2.147736841,2.121421052,2.152999999,2.110894736,2.073842105
5747,1.894736842,1.87368421,1.810526316,1.810526316,1.905263158,1.842473684,1.874052631,1.842473684,1.874052631,1.837210526,1.800157895
5748,1.215789474,1.305263159,1.310526316,1.305263159,1.25263158,1.147736843,1.163526316,1.153000001,1.17931579,1.158263159,1.126473685
5749,2.210526316,2.221052632,2.173684211,2.189473685,2.173684211,2.163526316,2.189842106,2.174052632,2.200368421,2.168789474,2.147526316
5750,1.310526316,1.4,1.368421053,1.263157895,1.252631579,1.216157895,1.237210527,1.226684211,1.242473685,1.205631579,1.221210527
5751,1.573684211,1.547368422,1.515789475,1.463157896,1.578947369,1.50563158,1.521421054,1.510894738,1.521421054,1.489842106,1.494894738
5752,1.2,1.331578947,1.378947368,1.326315789,1.273684211,1.105631579,1.142473684,1.116157895,1.142473684,1.105631579,1.137
5753,1.705263158,1.615789474,1.7,1.652631579,1.773684211,1.637210527,1.674052632,1.653,1.684578948,1.653,1.658052632
5754,1.421052632,1.473684211,1.400000001,1.357894738,1.384210527,1.347736843,1.37931579,1.342473685,1.374052632,1.353000001,1.368578948
5755,2.094736842,2.078947368,2.194736842,2.084210526,2.063157895,2.037210526,2.074052631,2.058263158,2.084578947,2.053,1.994894737
5756,2.184210526,2.289473684,2.205263157,2.336842105,2.17368421,2.152999999,2.189842105,2.168789473,2.195105263,2.158263157,2.08436842
5757,1.805263158,1.715789474,1.673684211,1.736842105,1.805263158,1.737210527,1.763526316,1.742473684,1.774052632,1.737210527,1.747526316
5758,1.247368421,1.063157895,1.042105263,1.057894737,1.042105263,1.147736842,1.174052631,1.153,1.174052631,1.153,1.184368421
5759,2.342105263,2.247368421,2.231578947,2.236842105,2.210526315,2.305631579,2.342473684,2.316157894,2.342473684,2.310894737,2.358052631
5760,1.015789474,1.047368422,0.968421053,0.868421053,0.915789474,0.953000001,0.989842106,0.968789474,0.995105264,0.963526316,0.947526316
5761,1.521052632,1.52631579,1.447368422,1.55263158,1.494736843,1.442473685,1.474052632,1.458263159,1.47931579,1.442473685,1.521210527
5762,2.036842105,1.931578947,1.926315789,1.947368421,1.863157894,1.947736842,1.958263157,1.942473684,1.974052631,1.937210526,1.952789473
5763,2.678947368,2.599999999,2.621052631,2.54736842,2.615789473,2.610894736,2.647736841,2.610894736,2.647736841,2.616157894,2.626473683
5764,1.815789474,1.768421053,1.721052632,1.663157895,1.75263158,1.810894737,1.858263159,1.821421053,1.858263159,1.826684211,1.737000001
5765,1.6,1.515789474,1.552631579,1.636842105,1.478947368,1.563526316,1.595105263,1.579315789,1.616157895,1.589842105,1.558052632
5766,1.878947368,1.678947368,1.810526315,1.768421052,1.815789473,1.816157894,1.852999999,1.831947368,1.858263157,1.831947368,1.88436842
5767,1.868421053,1.889473685,1.794736843,1.747368422,1.673684211,1.789842106,1.831947369,1.810894738,1.831947369,1.80563158,1.815947369
5768,0.573684211,0.547368422,0.536842106,0.478947369,0.389473685,0.521421054,0.537210527,0.516157896,0.553000001,0.510894738,0.46331579
5769,1.784210526,1.663157894,1.631578947,1.689473684,1.689473684,1.684578947,1.721421052,1.695105263,1.72668421,1.695105263,1.694894736
