Gene_ID,unfiltered,cloak,divvier,taper,divvierpf,gene_cloak,gene_divvier,gene_taper,gene_divvierpf,propogate_error,gtrpmix
1,382,377,376,376,371,362,368,364,368,364,336.9
2,299,289,288,279,281,278,283,279,283,279,258.9
3,215,195,179,194,191,192,197,194,198,193,176.9
4,176,176,294,284,136,139,145,141,145,141,126.9
5,0,13,26,4,26,140,144,151,156,141,145.9
6,148,156,155,161,116,121,128,124,129,123,110.9
7,253,240,228,234,230,229,234,230,234,230,211.9
8,204,186,184,188,174,176,181,177,181,177,161.9
9,268,254,255,252,250,248,254,250,254,250,230.9
10,134,136,134,144,249,255,263,259,264,258,246.9
11,284,272,264,268,265,262,268,264,268,264,243.9
12,436,427,429,433,429,409,419,414,420,414,378.9
13,329,314,320,315,315,310,315,312,315,311,287.9
14,507,495,505,457,474,380,392,384,404,396,321.9
15,292,280,273,277,276,273,278,274,278,274,253.9
16,354,350,348,353,342,335,341,337,341,337,311.9
17,217,210,186,193,182,183,188,185,188,184,167.9
18,350,338,337,346,335,329,334,330,334,330,305.9
19,319,308,303,313,304,299,305,301,305,301,277.9
20,296,286,284,281,281,278,283,279,283,279,258.9
21,357,346,346,348,341,334,340,336,340,336,310.9
22,311,304,296,302,297,293,298,295,298,294,272.9
23,455,441,452,445,428,399,410,403,411,405,365.9
24,274,269,254,258,254,252,257,253,257,253,233.9
25,285,271,272,268,263,260,266,262,266,262,241.9
26,247,233,221,225,230,229,235,231,235,231,212.9
27,162,174,193,184,110,114,120,116,121,115,102.9
28,330,323,317,318,316,311,316,313,316,312,288.9
29,240,221,208,221,213,213,218,214,218,214,196.9
30,178,186,161,146,144,147,153,149,153,148,134.9
31,376,373,367,372,363,355,361,357,361,357,329.9
32,352,349,343,346,345,338,344,340,344,340,314.9
33,288,278,274,269,272,269,274,271,275,271,249.9
34,307,302,292,296,297,293,298,295,299,295,272.9
35,189,206,162,171,155,157,163,159,163,159,143.9
36,260,239,240,235,237,236,241,237,241,237,218.9
37,208,191,169,188,183,184,190,186,190,186,169.9
38,284,271,266,271,265,262,268,264,268,264,243.9
39,324,319,309,312,304,299,305,301,305,301,277.9
40,200,222,163,168,179,181,186,183,187,182,166.9
41,305,295,293,293,291,287,293,289,293,289,266.9
42,302,292,290,285,285,281,287,283,287,283,260.9
43,411,408,402,407,393,380,388,384,388,383,352.9
44,140,143,157,145,243,249,256,252,257,251,239.9
45,357,356,342,346,344,337,343,339,343,339,313.9
46,261,248,241,244,240,239,244,240,244,240,221.9
47,348,343,339,346,330,324,329,325,329,325,300.9
48,318,310,303,308,308,303,309,305,309,305,281.9
49,364,355,356,351,352,345,350,346,350,346,320.9
50,203,130,171,182,171,173,178,174,178,174,158.9
51,328,318,315,316,318,313,318,315,318,314,290.9
52,276,266,258,264,256,254,259,255,259,255,235.9
53,201,183,166,178,175,177,182,179,182,178,162.9
54,300,291,288,288,286,283,288,284,288,284,262.9
55,234,218,206,213,210,210,215,212,215,211,193.9
56,218,191,195,206,186,187,192,188,192,188,171.9
57,310,300,300,302,293,289,294,291,294,290,268.9
58,102,103,106,106,111,124,134,129,136,127,124.9
59,323,314,310,316,311,306,312,308,312,308,284.9
60,112,113,117,114,114,125,134,128,136,128,122.9
61,212,183,181,185,179,180,186,182,186,182,165.9
62,405,399,399,401,392,381,388,384,388,383,353.9
63,310,298,295,300,289,285,290,287,290,286,264.9
64,395,382,380,386,382,372,378,375,378,374,345.9
65,286,278,269,268,264,261,267,263,267,263,241.9
66,351,350,340,342,336,330,335,331,335,331,306.9
67,289,281,271,275,272,269,274,271,274,271,249.9
68,210,195,182,195,181,182,188,184,188,184,167.9
69,210,173,182,189,176,177,183,179,183,179,162.9
70,280,267,259,266,262,260,265,261,265,261,241.9
71,221,203,190,206,190,191,196,192,196,192,175.9
72,324,314,304,313,315,310,316,312,316,312,288.9
73,330,323,323,322,317,312,317,314,317,313,289.9
74,273,255,263,253,256,254,259,255,259,255,235.9
75,97,100,97,97,98,111,123,118,125,116,113.9
76,184,212,105,165,150,153,158,155,159,154,139.9
77,141,144,156,155,86,92,99,95,99,93,82.9
78,223,215,192,195,194,195,200,196,200,196,179.9
79,239,223,214,227,216,216,221,217,221,217,199.9
80,285,274,271,271,266,263,269,265,269,265,244.9
81,355,351,339,348,344,337,343,339,343,339,313.9
82,351,342,346,343,338,331,337,333,337,333,307.9
83,240,221,214,226,222,222,227,223,227,223,205.9
84,344,335,330,340,335,329,335,331,335,331,305.9
85,381,379,374,372,365,356,362,358,362,358,330.9
86,142,150,146,142,105,111,117,114,118,112,101.9
87,378,376,369,370,365,356,362,359,362,358,330.9
88,383,380,372,373,379,370,376,372,376,372,344.9
89,353,343,341,347,344,337,343,339,343,339,313.9
90,315,307,297,305,305,301,306,302,306,302,279.9
91,146,148,153,156,89,94,101,97,102,96,83.9
92,255,236,232,242,232,231,236,232,236,232,213.9
93,160,163,167,166,111,115,121,118,122,116,103.9
94,354,353,340,347,348,341,347,343,347,343,317.9
95,354,347,339,345,340,333,339,335,339,335,309.9
96,85,86,91,88,95,111,125,119,127,117,118.9
97,252,233,232,231,231,230,235,232,235,231,212.9
98,443,440,442,438,421,399,409,403,410,404,368.9
99,398,396,391,396,386,376,382,378,382,378,349.9
100,266,259,247,243,245,243,249,245,249,245,225.9
101,243,234,219,222,215,214,220,216,220,216,197.9
102,301,289,284,289,286,282,288,284,288,284,261.9
103,276,269,261,259,261,259,264,260,264,260,240.9
104,279,269,267,265,266,264,269,265,269,265,245.9
105,189,199,90,171,157,159,165,161,165,161,145.9
106,426,422,418,422,415,398,408,403,408,403,368.9
107,127,128,136,130,127,134,142,138,143,137,126.9
108,415,409,414,409,412,398,406,402,406,402,369.9
109,253,243,229,238,235,234,239,235,239,235,216.9
110,199,267,138,167,164,166,172,168,172,167,151.9
111,216,196,182,200,188,189,194,191,195,190,173.9
112,271,260,253,247,247,245,250,247,250,246,226.9
113,293,286,277,283,278,275,280,276,280,276,255.9
114,335,325,320,324,324,318,324,320,324,320,295.9
115,390,384,375,383,387,377,384,380,384,379,351.9
116,270,261,248,250,249,247,252,249,252,249,228.9
117,324,320,307,312,314,309,315,311,315,311,287.9
118,339,332,331,332,328,322,328,324,328,324,299.9
119,248,232,221,233,227,226,231,228,232,228,209.9
120,558,549,498,475,492,360,363,356,369,365,279.9
121,425,424,414,418,422,406,415,410,415,410,377.9
122,319,308,310,307,299,294,300,296,300,296,272.9
123,267,257,245,248,249,247,253,249,253,249,229.9
124,366,361,357,353,359,351,357,353,357,353,326.9
125,407,398,398,400,402,390,397,394,397,393,362.9
126,281,270,265,264,263,261,266,262,266,262,242.9
127,202,188,192,182,168,170,175,171,175,171,155.9
128,191,211,142,172,151,153,159,155,159,155,139.9
129,269,255,255,252,253,251,256,253,257,253,233.9
130,322,312,308,317,307,302,308,304,308,304,280.9
131,353,347,342,345,342,335,341,337,341,337,311.9
132,298,284,283,285,281,278,283,279,283,279,258.9
133,152,157,162,163,91,96,102,98,103,97,85.9
134,288,281,273,275,268,265,270,267,271,267,245.9
135,297,289,281,276,282,279,284,280,284,280,259.9
136,231,215,196,215,208,208,213,210,214,210,191.9
137,228,203,208,208,211,211,217,213,217,213,195.9
138,223,203,196,213,190,191,196,192,196,192,175.9
139,298,292,278,289,281,278,283,279,283,279,258.9
140,204,194,165,191,177,179,184,180,184,180,164.9
141,227,204,196,207,199,199,205,201,205,201,183.9
142,281,270,267,265,264,262,267,263,267,263,243.9
143,429,426,428,427,422,405,414,409,414,409,375.9
144,298,285,282,284,277,274,279,275,279,275,254.9
145,465,463,460,357,462,425,436,433,440,432,390.9
146,356,352,347,352,348,341,347,343,347,343,317.9
147,345,332,336,338,337,331,336,333,336,332,307.9
148,208,201,185,188,178,179,185,181,185,181,164.9
149,257,251,239,244,235,234,239,235,239,235,216.9
150,257,235,233,245,230,229,234,230,234,230,211.9
151,320,310,303,310,311,306,312,308,312,308,284.9
152,277,266,254,260,261,259,264,260,264,260,240.9
153,211,173,177,187,185,186,192,188,192,188,171.9
154,384,381,376,378,377,368,374,370,374,370,342.9
155,309,301,296,297,294,290,295,292,295,292,269.9
156,259,240,238,236,238,237,242,238,242,238,219.9
157,430,426,424,421,419,401,411,406,411,406,371.9
158,131,132,136,135,193,200,207,203,208,202,191.9
159,217,193,175,194,180,181,186,182,186,182,165.9
160,303,292,289,297,292,288,294,290,294,290,267.9
161,254,237,234,239,232,231,236,232,236,232,213.9
162,191,195,176,163,165,167,173,169,173,169,153.9
163,169,169,180,183,132,136,142,138,142,137,123.9
164,174,180,207,187,141,144,150,146,151,146,131.9
165,287,277,274,273,266,263,268,265,269,265,243.9
166,319,307,308,308,307,302,308,304,308,304,280.9
167,203,201,157,190,170,172,177,173,177,173,157.9
168,270,255,258,250,250,248,253,250,253,250,230.9
169,71,72,73,71,74,100,114,107,113,104,134.9
170,261,252,242,241,239,238,243,239,243,239,220.9
171,220,195,200,212,196,197,202,198,202,198,181.9
172,174,176,174,181,132,135,141,137,142,137,122.9
173,386,380,379,385,380,371,377,373,377,373,345.9
174,447,439,436,446,430,407,417,410,417,412,375.9
175,250,227,228,231,226,225,230,227,230,226,208.9
176,329,321,316,319,317,312,317,314,317,313,289.9
177,12,14,12,12,12,69,78,83,92,73,79.9
178,121,121,125,131,122,130,138,134,140,134,124.9
179,455,439,452,448,449,421,431,425,432,426,388.9
180,303,295,289,290,288,284,290,286,290,286,263.9
181,126,128,131,132,200,207,215,211,216,210,199.9
182,468,455,458,363,448,406,419,416,422,413,369.9
183,290,279,273,276,272,269,274,271,274,270,249.9
184,187,201,125,182,150,153,158,154,158,154,139.9
185,281,268,263,260,266,264,269,265,269,265,245.9
186,636,582,539,630,586,450,453,428,458,455,359.9
187,204,202,170,189,169,171,176,172,176,172,156.9
188,241,221,216,223,215,215,220,216,220,216,198.9
189,345,339,332,341,331,325,331,327,330,327,301.9
190,339,331,329,325,325,319,325,321,325,321,296.9
191,290,274,269,280,269,266,271,268,271,267,246.9
192,366,362,355,365,362,354,360,356,360,356,329.9
193,368,364,353,363,356,348,354,350,354,350,323.9
194,356,348,344,346,345,338,344,340,344,340,314.9
195,383,373,382,373,372,363,369,365,369,365,337.9
196,283,276,260,272,263,260,266,262,266,262,241.9
197,226,197,204,202,204,204,210,206,210,206,188.9
198,276,265,253,261,254,252,257,253,257,253,233.9
199,204,96,158,178,183,185,190,186,190,186,170.9
200,359,354,346,351,341,334,340,336,340,336,309.9
201,330,317,315,317,321,316,321,317,321,317,293.9
202,272,264,256,251,253,251,256,253,256,252,232.9
203,296,287,284,283,282,279,284,280,284,280,259.9
204,179,181,144,153,146,149,155,151,155,150,136.9
205,185,186,135,155,150,153,158,155,159,154,139.9
206,466,448,456,355,429,390,402,399,406,398,354.9
207,194,199,175,184,152,154,160,156,160,156,140.9
208,256,241,240,243,233,232,237,233,237,233,214.9
209,256,240,232,245,232,231,236,232,236,232,213.9
210,392,382,380,388,389,379,386,382,386,381,352.9
211,409,407,407,398,393,381,388,384,388,384,353.9
212,376,370,368,367,369,361,367,363,367,363,335.9
213,229,213,207,213,210,210,216,212,216,212,194.9
214,185,191,143,154,147,150,155,152,156,151,136.9
215,263,254,250,247,246,244,250,246,250,246,226.9
216,239,220,213,224,217,217,222,218,222,218,200.9
217,271,259,252,257,252,250,255,252,255,251,231.9
218,341,335,332,337,335,329,335,331,335,331,306.9
219,442,435,439,436,438,416,426,421,427,421,385.9
220,310,294,302,304,298,294,299,296,299,295,273.9
221,350,349,335,342,334,328,333,329,333,329,304.9
222,265,248,246,249,244,242,248,244,248,244,224.9
223,199,292,164,181,175,177,183,179,183,178,162.9
224,334,326,323,327,323,318,323,319,323,319,295.9
225,280,263,262,263,258,256,261,257,261,257,237.9
226,174,178,273,178,145,148,154,150,155,150,135.9
227,214,193,164,189,190,191,197,193,197,192,175.9
228,296,290,278,279,280,277,282,278,282,278,257.9
229,299,293,285,285,281,278,283,279,283,279,258.9
230,277,267,260,259,255,253,258,254,258,254,234.9
231,224,221,187,195,192,192,198,194,198,194,176.9
232,344,340,330,337,329,323,329,325,328,325,299.9
233,402,399,396,391,386,375,382,378,382,378,348.9
234,361,357,350,347,353,346,351,348,352,348,321.9
235,315,307,304,309,305,301,306,302,306,302,279.9
236,223,212,192,208,198,198,204,200,204,200,182.9
237,311,299,299,298,296,292,297,294,297,293,271.9
238,291,280,269,275,274,271,276,273,276,272,251.9
239,123,124,134,124,133,141,149,144,150,144,134.9
240,285,282,268,272,266,263,269,265,269,265,243.9
241,390,385,384,389,386,376,383,379,383,378,350.9
242,375,367,365,368,364,356,362,358,362,358,330.9
243,195,247,165,188,161,163,169,165,169,165,149.9
244,341,333,329,340,332,326,332,328,332,328,303.9
245,308,300,295,297,292,288,293,290,294,290,267.9
246,401,396,395,397,398,387,394,390,394,390,360.9
247,263,249,240,245,246,245,250,246,250,246,227.9
248,281,268,260,263,258,256,261,257,261,257,237.9
249,304,296,286,293,289,285,291,287,291,287,264.9
250,424,421,422,412,415,399,408,403,408,403,370.9
251,308,297,290,295,288,284,289,286,290,286,263.9
252,239,221,212,219,223,223,228,224,228,224,206.9
253,337,331,326,331,332,326,332,328,332,328,303.9
254,273,259,250,252,254,252,257,253,257,253,233.9
255,66,67,71,66,66,96,109,106,112,103,112.9
256,125,126,131,128,129,136,144,140,146,139,129.9
257,259,243,241,241,237,236,241,237,241,237,218.9
258,227,209,198,211,204,204,210,206,210,206,188.9
259,317,306,305,304,304,300,305,301,305,301,278.9
260,211,189,181,179,193,194,200,196,200,196,179.9
261,480,453,478,362,473,421,429,429,435,428,380.9
262,180,191,87,105,150,153,159,155,159,154,139.9
263,257,237,235,237,236,235,240,236,240,236,217.9
264,136,139,138,139,195,201,208,204,210,203,192.9
265,317,310,306,303,309,304,310,306,310,306,282.9
266,257,241,231,237,234,233,238,234,238,234,215.9
267,418,409,416,414,413,399,407,403,407,402,370.9
268,302,290,290,289,285,281,287,283,287,283,260.9
269,270,262,253,255,249,247,252,249,252,249,228.9
270,320,309,311,308,302,297,303,299,303,299,275.9
271,284,269,265,271,264,261,267,263,267,263,242.9
272,297,288,283,280,285,282,287,283,287,283,262.9
273,245,235,221,223,217,216,222,218,222,218,199.9
274,290,278,278,278,277,274,279,276,279,276,254.9
275,390,386,384,389,379,369,376,372,376,371,343.9
276,171,175,182,229,137,141,147,143,147,142,128.9
277,409,401,406,402,405,393,400,396,400,396,365.9
278,414,408,407,409,404,390,398,395,399,394,361.9
279,331,326,317,318,317,312,317,313,317,313,289.9
280,165,171,202,167,130,134,140,136,140,135,121.9
281,370,362,357,364,358,350,356,352,356,352,325.9
282,305,292,293,295,287,283,289,285,289,285,262.9
283,237,216,212,227,215,215,220,216,220,216,198.9
284,277,268,257,260,255,253,258,254,258,254,234.9
285,340,336,327,338,329,323,329,325,329,325,300.9
286,275,259,255,257,260,258,263,259,263,259,239.9
287,334,323,317,321,316,311,316,312,316,312,288.9
288,144,150,149,152,117,122,129,125,130,124,111.9
289,253,237,237,236,231,230,235,231,235,231,212.9
290,218,196,176,193,180,181,186,182,186,182,165.9
291,345,341,336,335,330,324,329,326,329,326,300.9
292,259,249,240,246,239,238,243,239,243,239,220.9
293,212,189,181,184,189,190,196,192,196,192,175.9
294,184,199,127,145,161,164,169,166,170,165,150.9
295,485,475,366,484,475,416,423,426,429,423,371.9
296,403,394,400,397,396,385,392,388,392,387,358.9
297,280,272,262,262,261,259,264,260,264,260,240.9
298,233,223,200,213,210,210,215,212,215,211,193.9
299,213,196,182,201,182,183,189,185,189,185,168.9
300,257,237,231,236,238,237,242,238,242,238,219.9
301,61,64,64,63,62,94,108,105,113,100,168.9
302,424,421,419,422,410,394,403,398,403,398,365.9
303,295,284,281,282,280,277,282,278,282,278,257.9
304,111,111,111,119,115,126,136,130,138,130,124.9
305,215,199,189,190,182,183,188,185,189,184,167.9
306,415,411,411,409,412,398,406,403,406,402,369.9
307,293,284,274,277,277,274,279,275,279,275,254.9
308,245,229,222,231,224,223,229,225,229,225,206.9
309,393,390,392,390,382,372,379,375,379,374,345.9
310,365,364,352,359,353,345,351,347,351,347,320.9
311,304,297,292,292,290,286,292,288,292,288,265.9
312,346,341,334,345,336,330,335,332,335,331,306.9
313,309,294,298,296,296,292,297,294,297,294,271.9
314,189,203,172,105,170,172,178,174,178,174,158.9
315,115,115,121,123,123,133,142,136,144,136,130.9
316,373,366,366,359,359,351,357,353,357,353,326.9
317,397,390,394,392,388,378,384,380,384,380,351.9
318,340,330,326,330,330,324,330,326,330,326,301.9
319,438,435,433,437,433,412,423,417,423,418,381.9
320,341,335,329,332,323,317,323,319,323,319,294.9
321,513,435,450,499,402,299,309,307,323,315,239.9
322,317,306,299,306,299,295,300,296,300,296,273.9
323,360,352,352,355,350,343,349,345,349,345,318.9
324,201,185,180,184,171,173,178,175,179,174,158.9
325,205,185,179,187,175,177,182,178,182,178,162.9
326,255,232,229,244,234,233,238,234,238,234,215.9
327,157,161,160,176,129,133,140,136,140,135,121.9
328,317,303,306,304,304,299,305,301,305,301,277.9
329,303,295,292,293,282,278,284,280,284,280,257.9
330,312,302,298,298,298,294,299,296,299,295,273.9
331,227,203,200,199,196,196,202,198,202,198,180.9
332,379,372,368,375,371,362,368,365,368,364,336.9
333,278,273,257,265,255,253,258,254,258,254,234.9
334,214,197,176,195,188,189,194,191,195,190,173.9
335,143,147,146,155,120,126,132,128,133,127,116.9
336,250,230,229,233,228,227,232,229,233,228,210.9
337,234,227,207,223,207,207,212,208,212,208,190.9
338,268,259,245,251,251,249,255,251,255,251,231.9
339,111,112,111,118,131,142,152,146,154,146,140.9
340,315,309,298,305,298,294,299,295,299,295,272.9
341,230,220,201,203,209,209,214,211,215,211,192.9
342,119,120,122,126,128,137,145,140,147,140,132.9
343,219,197,188,192,191,192,197,193,197,193,176.9
344,391,386,390,385,385,375,382,378,382,377,349.9
345,396,388,392,386,387,377,383,380,383,379,350.9
346,175,192,229,176,136,139,145,141,145,141,126.9
347,154,156,160,180,108,113,119,115,120,114,101.9
348,163,174,168,177,124,128,134,130,135,129,115.9
349,345,331,332,339,337,331,337,333,336,333,307.9
350,330,324,319,318,321,316,321,317,321,317,293.9
351,387,382,384,376,371,362,368,364,368,364,336.9
352,365,357,357,358,359,351,357,353,357,353,326.9
353,198,219,169,169,174,176,182,178,182,177,161.9
354,323,313,311,315,310,305,311,307,311,307,283.9
355,319,311,307,309,305,300,306,302,306,302,278.9
356,245,226,227,222,223,222,228,224,228,224,205.9
357,221,216,187,194,189,190,195,191,195,191,174.9
358,316,310,305,309,300,296,301,297,301,297,274.9
359,277,266,265,261,254,252,257,253,257,253,233.9
360,227,203,196,204,203,203,209,205,209,205,187.9
361,164,164,189,180,126,130,136,132,136,131,117.9
362,351,343,340,347,340,333,339,335,339,335,309.9
363,358,355,353,350,345,338,344,340,344,340,314.9
364,244,220,218,227,225,224,230,226,230,226,207.9
365,217,195,189,194,190,191,196,193,196,192,175.9
366,158,160,177,165,115,119,126,122,126,121,107.9
367,233,216,208,217,207,207,212,209,212,208,190.9
368,230,202,203,215,205,205,210,207,211,207,188.9
369,243,219,221,227,216,215,221,217,221,217,198.9
370,314,304,305,301,301,297,302,298,302,298,275.9
371,221,198,196,210,204,205,210,206,210,206,189.9
372,316,308,302,303,303,299,304,300,304,300,277.9
373,400,397,395,397,398,387,394,390,394,390,360.9
374,144,148,149,148,80,85,92,88,93,87,74.9
375,298,282,281,280,277,274,279,275,279,275,254.9
376,193,207,158,190,151,153,159,155,159,155,139.9
377,476,429,468,415,468,419,428,429,436,425,379.9
378,276,265,258,266,252,250,255,251,255,251,231.9
379,356,351,341,353,350,343,349,345,349,345,319.9
380,322,309,304,313,305,300,306,302,306,302,278.9
381,384,374,372,379,369,360,366,362,366,362,334.9
382,152,152,169,157,120,125,131,127,132,126,114.9
383,398,395,396,396,383,373,379,375,379,375,346.9
384,228,213,201,208,203,203,209,205,209,205,187.9
385,169,175,180,264,134,138,144,140,144,139,125.9
386,365,364,358,360,357,349,355,351,355,351,324.9
387,358,353,352,352,346,339,345,341,345,341,315.9
388,357,350,346,351,342,335,341,337,341,337,311.9
389,255,247,239,240,238,237,242,238,242,238,219.9
390,260,239,243,243,242,241,246,242,246,242,223.9
391,191,210,162,173,152,154,160,156,160,156,140.9
392,283,273,267,273,262,259,265,261,265,261,240.9
393,0,99,0,5,0,70,82,95,101,76,78.9
394,455,450,444,442,443,415,425,418,426,420,381.9
395,356,351,350,346,346,339,345,341,345,341,315.9
396,239,231,208,230,217,217,222,218,222,218,200.9
397,416,406,410,415,403,389,397,393,397,392,360.9
398,217,198,188,207,194,195,200,197,200,196,179.9
399,288,274,266,268,272,269,274,271,275,271,249.9
400,356,355,348,351,345,338,344,340,344,340,314.9
401,253,242,233,239,229,228,233,229,233,229,210.9
402,291,280,274,283,275,272,277,274,277,273,252.9
403,200,193,141,182,167,169,174,171,175,170,154.9
404,243,233,219,217,218,217,223,219,223,219,200.9
405,308,300,295,299,292,288,293,290,293,290,267.9
406,396,393,392,392,386,376,382,379,382,378,349.9
407,248,239,230,230,223,222,227,224,228,224,205.9
408,411,408,410,407,405,392,400,396,400,396,364.9
409,286,275,274,272,271,268,274,270,274,270,248.9
410,298,286,284,284,279,276,281,277,281,277,256.9
411,295,285,275,278,277,274,279,275,279,275,254.9
412,213,192,195,188,187,188,194,190,194,190,173.9
413,302,288,287,289,285,281,287,283,287,283,260.9
414,357,354,345,353,346,339,345,341,345,341,315.9
415,83,83,86,84,92,110,124,117,126,116,114.9
416,288,280,273,275,272,269,274,271,275,271,249.9
417,150,160,182,162,125,130,136,133,137,131,119.9
418,312,304,298,299,300,296,301,298,301,297,275.9
419,456,451,444,432,454,424,436,429,436,430,390.9
420,248,237,224,228,227,226,231,228,232,228,209.9
421,272,266,257,256,252,250,255,252,255,251,231.9
422,300,293,288,287,281,278,283,279,283,279,257.9
423,498,480,448,462,370,297,304,298,313,306,245.9
424,337,330,325,332,318,312,318,314,318,314,289.9
425,242,230,215,215,220,219,225,221,225,221,202.9
426,268,260,247,256,249,247,253,249,253,249,229.9
427,254,245,236,237,237,236,241,237,241,237,218.9
428,366,357,358,355,356,348,354,350,354,350,323.9
429,334,330,320,323,323,318,323,319,323,319,295.9
430,246,226,228,229,226,225,231,227,231,227,208.9
431,202,187,150,176,173,175,180,176,180,176,160.9
432,219,196,192,207,191,192,197,193,197,193,176.9
433,317,305,306,303,302,298,303,299,303,299,276.9
434,382,374,380,380,368,359,365,361,365,361,333.9
435,352,345,343,341,348,341,347,343,347,343,317.9
436,324,314,309,316,310,305,311,307,311,307,283.9
437,119,122,122,125,124,133,141,137,143,136,128.9
438,306,300,290,293,295,291,297,293,297,293,270.9
439,263,251,244,246,245,244,249,245,249,245,226.9
440,299,284,282,285,280,277,282,278,282,278,257.9
441,487,476,370,472,360,300,304,310,313,306,254.9
442,216,192,192,187,189,190,195,192,196,191,174.9
443,193,222,179,180,151,153,159,155,159,155,139.9
444,211,207,178,188,179,180,186,182,186,182,165.9
445,347,341,336,338,337,331,336,332,336,332,307.9
446,281,275,261,263,264,262,267,263,267,263,243.9
447,293,284,271,275,276,273,278,274,278,274,253.9
448,287,270,269,271,269,266,272,268,272,268,246.9
449,362,359,347,359,356,349,354,351,354,351,324.9
450,219,207,193,205,195,196,201,197,201,197,180.9
451,184,211,139,149,150,153,159,155,159,154,139.9
452,162,173,181,170,140,144,150,146,151,145,132.9
453,158,166,177,171,128,132,139,135,139,134,120.9
454,408,407,402,404,404,392,399,396,399,395,364.9
455,215,177,187,189,197,198,203,200,204,199,182.9
456,303,288,285,293,285,281,287,283,287,283,260.9
457,357,355,351,351,346,339,345,341,345,341,315.9
458,311,303,302,303,297,293,298,295,298,294,272.9
459,334,327,318,322,318,313,318,314,318,314,290.9
460,304,289,294,297,285,281,287,283,287,283,260.9
461,492,433,431,400,389,320,327,329,334,329,270.9
462,257,236,233,242,240,239,244,240,244,240,221.9
463,311,297,297,302,296,292,297,294,297,293,271.9
464,283,270,260,261,264,261,267,263,267,263,242.9
465,371,361,368,358,361,353,359,355,359,355,328.9
466,389,381,384,384,377,367,374,370,374,369,341.9
467,411,409,408,406,392,379,387,383,387,382,351.9
468,336,323,321,323,321,315,321,317,321,317,292.9
469,316,306,304,302,307,303,308,304,308,304,281.9
470,317,310,308,303,306,302,307,303,307,303,280.9
471,293,278,281,278,276,273,278,274,278,274,253.9
472,347,337,337,343,340,334,339,335,339,335,310.9
473,252,237,229,233,233,232,237,234,237,233,214.9
474,318,305,307,311,301,296,302,298,302,298,274.9
475,339,332,327,326,329,323,329,325,329,325,300.9
476,287,275,265,277,266,263,268,265,269,265,243.9
477,226,209,198,209,202,202,208,204,208,204,186.9
478,439,434,437,429,438,417,427,422,428,422,386.9
479,325,314,311,317,309,304,310,306,310,306,282.9
480,238,224,211,220,209,209,214,210,214,210,192.9
481,307,297,290,295,295,291,296,293,297,293,270.9
482,364,359,352,359,357,349,355,351,355,351,324.9
483,340,332,330,339,334,328,334,330,334,330,305.9
484,300,287,290,292,281,278,283,279,283,279,257.9
485,207,199,165,174,174,175,181,177,181,177,160.9
486,343,330,336,336,333,327,333,329,333,329,303.9
487,266,249,246,250,245,243,249,245,249,245,225.9
488,203,175,156,170,178,180,185,181,185,181,165.9
489,303,292,286,292,289,285,291,287,291,287,264.9
490,243,237,215,230,222,221,227,223,227,223,204.9
491,276,260,258,261,253,251,256,252,256,252,232.9
492,323,320,311,315,308,303,309,305,309,305,281.9
493,369,362,358,367,363,355,361,357,361,357,330.9
494,329,319,314,314,312,307,312,309,312,308,284.9
495,162,171,172,185,138,142,148,144,149,143,130.9
496,259,241,239,239,236,235,240,236,240,236,217.9
497,322,309,311,313,308,303,309,305,309,305,281.9
498,228,206,194,207,205,205,211,207,211,207,189.9
499,314,305,300,302,299,295,300,296,300,296,273.9
500,336,326,321,328,326,320,326,322,326,322,297.9
501,246,228,223,227,231,230,236,232,236,232,213.9
502,322,314,302,309,314,309,315,311,315,311,287.9
503,163,170,164,167,117,121,127,123,128,122,108.9
504,334,327,318,328,320,315,320,316,320,316,292.9
505,118,118,125,118,123,132,141,136,143,136,128.9
506,254,237,230,234,232,231,236,232,236,232,213.9
507,347,346,330,342,339,333,338,334,338,334,309.9
508,303,293,286,294,287,283,289,285,289,285,262.9
509,383,380,369,375,375,366,372,368,372,368,340.9
510,296,285,278,291,283,280,285,281,285,281,260.9
511,343,335,327,333,332,326,332,328,332,328,303.9
512,240,228,216,223,219,219,224,220,224,220,202.9
513,113,115,116,114,118,128,137,132,139,131,125.9
514,277,263,255,267,264,262,267,263,267,263,243.9
515,391,390,381,389,374,364,371,367,371,366,338.9
516,156,163,186,157,90,95,101,97,101,96,83.9
517,264,252,246,251,245,243,249,245,249,245,225.9
518,172,178,197,221,150,153,159,156,160,155,140.9
519,360,349,352,354,353,346,352,348,352,348,321.9
520,276,265,261,257,261,259,264,260,264,260,240.9
521,175,185,188,185,113,116,122,118,122,118,103.9
522,331,329,320,322,313,308,313,309,313,309,285.9
523,404,403,397,403,386,375,382,378,382,377,348.9
524,247,226,217,228,223,222,228,224,228,224,205.9
525,285,270,266,275,272,269,275,271,275,271,250.9
526,283,269,265,270,262,259,265,261,265,261,240.9
527,153,154,156,170,114,119,125,121,126,120,107.9
528,307,297,292,300,288,284,289,286,290,286,263.9
529,137,145,137,151,191,197,204,200,205,199,187.9
530,338,326,319,333,324,318,324,320,324,320,295.9
531,265,255,247,245,247,245,251,247,251,247,227.9
532,290,283,272,277,277,274,279,276,279,275,254.9
533,189,192,149,185,164,166,172,168,172,168,152.9
534,201,136,177,183,166,168,173,170,173,169,153.9
535,232,221,209,206,207,207,212,209,212,208,190.9
536,338,332,331,325,326,320,326,322,326,322,297.9
537,157,163,167,178,114,118,125,121,125,120,106.9
538,216,196,183,203,191,192,197,194,198,193,176.9
539,198,283,151,163,168,170,176,172,176,171,155.9
540,219,209,187,200,188,189,194,190,194,190,173.9
541,316,309,307,305,304,300,305,301,305,301,278.9
542,257,244,241,236,238,237,242,238,242,238,219.9
543,251,238,231,238,227,226,231,228,231,227,209.9
544,220,199,187,196,201,202,207,203,207,203,186.9
545,189,196,137,175,151,153,159,155,159,155,139.9
546,270,259,250,256,251,249,254,251,254,251,230.9
547,233,211,200,216,203,203,208,205,208,204,186.9
548,378,376,367,376,367,358,364,361,364,360,332.9
549,270,261,253,256,250,248,253,250,253,250,230.9
550,236,214,208,216,208,208,213,209,213,209,191.9
551,335,329,323,323,320,314,320,316,320,316,291.9
552,282,266,266,268,265,262,268,264,268,264,243.9
553,363,356,354,356,352,345,350,346,350,346,320.9
554,297,286,281,285,287,284,289,285,289,285,264.9
555,332,327,320,323,317,312,317,313,317,313,289.9
556,481,375,473,468,354,300,308,310,313,307,258.9
557,383,381,373,378,367,358,364,360,364,360,332.9
558,170,170,205,176,146,150,156,152,156,151,137.9
559,0,23,4,6,2,61,72,81,94,65,77.9
560,209,176,186,199,190,191,197,193,197,193,176.9
561,341,337,332,331,337,331,337,333,337,333,308.9
562,153,154,161,158,39,44,50,46,51,45,32.9
563,269,263,253,256,247,245,250,247,251,247,227.9
564,312,301,299,302,294,290,295,291,295,291,269.9
565,201,183,164,195,170,172,177,174,177,173,157.9
566,286,272,271,274,271,268,274,270,274,270,248.9
567,277,265,261,263,262,260,265,261,265,261,241.9
568,363,356,353,357,353,346,351,347,351,347,321.9
569,239,219,219,213,222,222,227,223,227,223,205.9
570,349,348,333,345,339,333,338,334,338,334,309.9
571,0,2,4,15,12,121,127,135,137,126,126.9
572,276,267,260,262,258,256,261,257,261,257,237.9
573,289,279,270,278,270,267,272,269,272,269,247.9
574,175,187,221,178,152,155,161,157,161,157,142.9
575,329,317,312,318,313,308,313,310,313,309,285.9
576,291,286,276,278,272,269,274,271,274,270,249.9
577,103,105,110,108,124,136,147,141,148,140,136.9
578,343,335,330,330,332,326,332,328,332,328,302.9
579,304,294,292,295,283,279,285,281,285,281,258.9
580,284,274,261,269,267,264,270,266,270,266,245.9
581,235,218,213,210,212,212,217,213,217,213,195.9
582,339,334,326,328,328,322,328,324,328,324,299.9
583,395,386,385,388,385,375,381,378,381,377,348.9
584,466,460,463,456,464,425,436,434,440,433,389.9
585,428,421,421,425,427,410,419,415,419,414,380.9
586,357,349,349,345,354,347,353,349,353,349,323.9
587,238,225,214,221,221,221,226,222,226,222,204.9
588,379,370,370,377,375,366,372,369,372,368,340.9
589,285,279,264,268,265,262,268,264,268,264,243.9
590,243,237,224,225,216,215,221,217,221,217,198.9
591,347,340,342,340,335,329,334,330,334,330,305.9
592,454,444,439,440,446,419,429,423,430,425,386.9
593,230,223,204,215,212,212,217,214,218,214,196.9
594,423,422,411,416,417,401,410,406,410,405,372.9
595,307,296,297,302,289,285,290,287,291,287,264.9
596,231,217,207,211,207,207,212,209,212,208,190.9
597,235,215,211,212,213,213,218,214,218,214,196.9
598,175,183,183,203,135,138,144,140,144,140,125.9
599,239,227,218,219,212,212,217,213,217,213,195.9
600,344,340,336,337,326,320,326,322,326,322,296.9
601,368,363,354,362,351,343,349,345,349,345,318.9
602,457,455,446,454,448,417,429,422,430,424,383.9
603,372,366,362,364,360,352,358,354,358,354,327.9
604,303,292,285,289,284,280,286,282,286,282,259.9
605,206,171,185,187,173,175,180,176,180,176,160.9
606,306,292,291,298,289,285,291,287,291,287,264.9
607,246,231,224,227,223,222,228,224,228,224,205.9
608,367,362,350,361,362,354,360,356,360,356,329.9
609,340,338,330,336,334,328,334,330,334,330,305.9
610,191,206,175,175,168,170,176,172,176,172,156.9
611,396,393,387,391,391,381,387,384,387,383,354.9
612,0,19,42,3,3,125,133,137,176,126,168.9
613,286,276,268,276,264,261,267,263,267,263,241.9
614,315,305,301,304,297,293,298,294,298,294,271.9
615,146,150,150,166,90,95,102,98,103,97,84.9
616,379,372,367,372,363,354,360,357,360,356,328.9
617,430,427,428,426,428,410,420,415,420,415,380.9
618,307,297,296,300,293,289,295,291,295,291,268.9
619,511,492,483,486,491,392,406,399,416,412,333.9
620,567,558,491,473,464,331,335,326,340,335,248.9
621,219,203,179,197,188,189,194,190,194,190,173.9
622,362,356,354,359,355,348,353,349,353,350,323.9
623,236,217,211,222,210,210,215,211,215,211,193.9
624,146,149,146,162,86,91,98,94,99,93,80.9
625,410,408,406,405,391,379,386,382,386,382,351.9
626,150,158,165,151,97,102,108,105,109,103,91.9
627,121,122,122,123,130,138,146,142,148,141,131.9
628,165,180,172,170,133,137,143,139,143,138,124.9
629,409,406,396,404,401,389,396,392,396,392,361.9
630,210,189,185,183,178,179,185,181,185,181,164.9
631,310,303,298,300,299,295,300,297,300,296,274.9
632,241,221,221,217,223,223,228,224,228,224,206.9
633,268,257,253,248,254,252,258,254,258,254,234.9
634,358,349,351,351,348,341,347,343,347,343,317.9
635,148,151,153,153,69,74,81,77,81,76,63.9
636,406,404,403,392,402,391,398,394,398,393,363.9
637,266,252,248,251,249,247,253,249,253,249,229.9
638,308,299,294,296,293,289,294,291,295,291,268.9
639,421,420,413,414,408,393,401,397,402,397,364.9
640,325,320,310,316,309,304,310,306,310,306,282.9
641,371,364,357,357,362,354,360,356,360,356,329.9
642,479,446,398,453,460,410,419,420,426,416,370.9
643,334,324,320,325,323,318,323,319,323,319,295.9
644,345,344,333,340,329,323,328,325,328,324,299.9
645,249,238,224,231,229,228,233,230,234,229,211.9
646,249,230,228,229,226,225,230,227,231,226,208.9
647,188,204,141,178,149,151,157,153,157,153,137.9
648,205,192,172,184,175,177,182,178,182,178,162.9
649,141,146,141,144,89,95,102,98,102,96,85.9
650,292,283,277,285,279,276,281,277,281,277,256.9
651,370,365,357,369,358,350,356,352,356,352,325.9
652,262,253,241,250,241,240,245,241,245,241,222.9
653,24,30,26,28,27,77,91,91,101,82,81.9
654,326,320,310,314,309,304,310,306,309,306,282.9
655,456,455,454,454,452,422,433,427,434,428,388.9
656,46,59,46,46,47,86,103,99,106,91,110.9
657,329,318,317,317,315,310,315,312,315,311,287.9
658,219,205,184,192,191,192,197,193,197,193,176.9
659,302,290,284,287,286,282,288,284,288,284,261.9
660,299,288,286,285,282,279,284,280,284,280,259.9
661,134,135,144,134,245,251,259,255,260,254,242.9
662,396,387,391,393,385,375,381,378,381,377,348.9
663,403,397,388,402,400,389,396,392,396,391,362.9
664,246,229,215,227,229,228,234,230,234,230,211.9
665,259,236,242,235,241,240,245,241,245,241,222.9
666,357,353,340,349,351,344,350,346,350,346,320.9
667,275,259,254,258,253,251,256,252,256,252,232.9
668,429,426,423,423,428,411,420,415,420,415,381.9
669,351,347,340,338,340,334,339,335,339,335,310.9
670,278,263,262,262,256,254,259,255,259,255,235.9
671,193,277,167,179,160,162,168,164,168,164,148.9
672,317,305,309,306,300,296,301,297,301,297,274.9
673,223,201,191,205,195,196,201,197,201,197,180.9
674,265,251,243,249,239,237,243,239,243,239,219.9
675,290,278,278,274,277,274,279,276,279,275,254.9
676,390,385,386,385,383,373,380,376,380,375,347.9
677,270,254,258,247,255,253,258,255,258,255,234.9
678,358,353,348,347,351,344,350,346,350,346,320.9
679,316,309,300,302,306,302,307,303,307,303,280.9
680,273,264,255,255,252,250,255,251,255,251,231.9
681,279,271,261,264,258,256,261,257,261,257,237.9
682,355,351,342,343,344,337,343,339,343,339,313.9
683,172,181,221,259,136,139,145,142,146,141,126.9
684,240,225,205,221,221,221,226,222,226,222,204.9
685,456,454,447,445,454,424,436,429,437,431,390.9
686,327,318,314,317,316,311,316,313,316,313,289.9
687,226,206,210,209,197,197,203,199,203,199,181.9
688,178,189,141,126,163,166,172,168,172,167,153.9
689,391,388,382,382,382,372,379,375,379,374,346.9
690,275,263,264,260,258,256,261,257,261,257,237.9
691,363,360,351,358,352,345,350,346,350,346,320.9
692,316,309,300,309,300,296,301,297,301,297,274.9
693,275,264,255,255,255,253,258,254,258,254,234.9
694,448,443,447,447,438,414,424,417,424,420,382.9
695,270,256,257,253,250,248,253,250,253,250,229.9
696,274,266,259,254,255,253,258,254,258,254,234.9
697,179,187,123,116,150,153,159,155,159,154,140.9
698,366,357,350,363,362,354,360,356,360,356,329.9
699,468,456,467,367,426,383,395,393,399,391,346.9
700,329,326,318,322,314,309,314,311,314,310,286.9
701,193,324,146,157,150,152,158,154,158,154,138.9
702,261,244,237,244,233,232,237,233,237,233,214.9
703,220,195,178,199,195,196,201,197,201,197,180.9
704,145,151,151,160,53,58,65,61,66,60,47.9
705,336,328,325,323,321,315,321,317,321,317,292.9
706,239,217,220,212,219,219,224,220,224,220,202.9
707,216,197,179,201,188,189,194,191,195,190,173.9
708,446,445,438,443,432,409,419,413,419,414,377.9
709,343,340,330,334,333,327,333,329,333,329,304.9
710,380,373,366,377,369,360,366,363,366,362,334.9
711,233,210,205,218,209,209,214,211,214,210,192.9
712,126,130,136,132,170,177,185,181,186,180,169.9
713,308,298,292,294,291,287,292,289,293,289,266.9
714,191,204,148,172,151,153,159,155,159,155,139.9
715,291,284,274,273,278,275,280,277,280,276,255.9
716,266,257,245,248,248,246,252,248,252,248,228.9
717,285,271,271,275,268,265,271,267,271,267,246.9
718,189,195,111,173,156,158,164,160,164,160,144.9
719,277,268,258,260,260,258,263,259,263,259,239.9
720,419,411,411,407,405,390,399,395,399,394,361.9
721,434,431,427,428,424,405,415,410,415,410,375.9
722,370,366,358,360,361,353,359,355,359,355,328.9
723,226,223,204,213,202,202,208,204,208,204,186.9
724,340,331,328,329,329,323,329,325,329,325,300.9
725,255,246,236,238,234,233,238,234,238,234,215.9
726,219,196,181,195,188,189,194,190,194,190,173.9
727,290,286,268,281,274,271,276,273,276,273,251.9
728,232,225,206,207,207,207,212,209,212,208,190.9
729,356,355,345,348,343,336,342,338,342,338,312.9
730,279,273,262,263,266,264,269,265,269,265,245.9
731,306,294,289,291,290,286,292,288,292,288,265.9
732,361,357,351,352,352,345,351,347,351,347,320.9
733,293,280,279,274,283,280,285,281,285,281,260.9
734,281,267,263,269,264,262,267,263,267,263,243.9
735,248,238,224,232,221,220,225,222,226,222,203.9
736,317,311,299,304,303,298,304,300,304,300,276.9
737,337,333,319,324,321,315,321,317,321,317,292.9
738,240,228,217,220,212,212,217,213,217,213,195.9
739,219,197,193,208,196,197,202,198,202,198,181.9
740,235,219,203,218,212,212,217,213,217,213,195.9
741,329,318,316,321,313,308,313,310,313,309,285.9
742,252,239,226,227,232,231,236,233,236,232,213.9
743,318,310,304,305,301,296,302,298,302,298,274.9
744,146,156,149,154,120,125,132,128,133,127,114.9
745,212,176,187,200,188,189,195,191,195,191,174.9
746,342,335,325,335,334,328,334,330,334,330,305.9
747,245,227,223,218,219,218,224,220,224,220,201.9
748,443,434,441,440,439,417,427,422,428,422,386.9
749,183,198,154,143,150,153,159,155,159,154,139.9
750,388,383,376,381,380,371,377,373,377,373,345.9
751,243,216,216,226,226,225,231,227,231,227,208.9
752,304,297,287,295,289,285,291,287,291,287,264.9
753,334,330,317,325,325,320,325,321,325,321,297.9
754,207,206,171,182,168,169,175,171,175,171,154.9
755,241,229,224,224,224,224,229,225,229,225,207.9
756,326,318,312,316,311,306,312,308,311,308,284.9
757,254,240,238,237,235,234,239,235,239,235,216.9
758,471,465,438,451,462,415,429,427,434,423,377.9
759,276,271,261,262,255,253,258,254,258,254,234.9
760,243,229,220,222,216,215,221,217,221,217,198.9
761,120,122,130,120,127,136,143,139,146,139,131.9
762,231,224,208,208,208,208,213,210,213,209,191.9
763,280,271,261,264,259,257,262,258,262,258,238.9
764,412,410,404,410,408,395,403,399,403,398,367.9
765,366,364,359,360,354,346,352,348,352,348,321.9
766,183,209,94,140,154,157,163,159,163,158,143.9
767,337,332,321,333,322,316,322,318,322,318,293.9
768,328,319,320,319,314,309,314,311,314,310,286.9
769,163,167,181,165,131,135,141,137,142,136,122.9
770,396,390,388,392,387,377,383,380,383,379,350.9
771,266,253,246,241,243,241,247,243,247,243,223.9
772,148,150,156,148,77,82,89,85,89,84,71.9
773,89,89,90,92,89,104,117,111,119,110,107.9
774,166,179,251,174,127,131,137,133,137,132,118.9
775,191,197,138,171,159,161,167,163,167,163,147.9
776,0,26,42,33,16,146,147,159,224,139,196.9
777,251,228,228,240,224,223,228,225,228,224,206.9
778,223,196,183,213,197,197,203,199,203,199,181.9
779,263,253,239,243,243,241,247,243,247,243,223.9
780,206,151,171,176,170,172,177,173,177,173,157.9
781,335,329,324,328,327,321,327,323,327,323,298.9
782,321,307,309,312,307,302,308,304,308,304,280.9
783,227,215,199,210,199,199,205,201,205,201,183.9
784,210,201,188,178,188,189,195,191,195,191,174.9
785,274,267,254,254,252,250,255,251,255,251,231.9
786,414,412,413,411,402,388,396,393,397,392,360.9
787,133,136,141,134,155,161,169,165,170,164,152.9
788,252,231,233,234,226,225,230,227,230,226,207.9
789,213,194,180,189,189,190,196,192,196,192,175.9
790,331,325,312,315,321,316,321,317,321,317,293.9
791,303,294,288,295,284,280,286,282,286,282,259.9
792,310,297,296,299,293,289,294,291,294,290,268.9
793,266,253,249,252,245,243,249,245,249,245,225.9
794,237,225,213,219,211,211,216,212,216,212,194.9
795,315,309,301,304,302,298,303,299,303,299,276.9
796,337,328,318,332,323,317,323,319,323,319,294.9
797,392,384,390,389,390,380,387,383,387,382,353.9
798,266,249,243,250,245,243,249,245,249,245,225.9
799,381,377,372,379,364,355,361,357,361,357,329.9
800,427,425,420,420,420,403,412,408,413,408,373.9
801,316,303,300,304,299,295,300,296,300,296,273.9
802,348,342,337,340,334,328,333,329,333,329,304.9
803,449,437,442,437,442,418,428,421,428,423,386.9
804,434,430,429,421,415,396,406,401,406,401,366.9
805,334,321,328,322,318,313,318,314,318,314,290.9
806,256,244,229,239,235,234,239,235,239,235,216.9
807,334,325,315,323,320,315,320,316,320,316,292.9
808,272,257,249,254,258,256,261,258,261,257,237.9
809,277,267,259,255,262,260,265,261,265,261,241.9
810,314,310,304,310,294,290,295,291,295,291,268.9
811,271,260,246,253,257,255,260,257,260,256,236.9
812,297,287,283,287,277,274,279,275,279,275,254.9
813,272,260,247,254,257,255,260,256,260,256,236.9
814,264,257,243,245,247,245,251,247,251,247,227.9
815,436,431,425,433,421,401,411,406,412,406,370.9
816,232,217,200,216,213,213,218,215,218,214,196.9
817,320,311,306,310,309,304,310,306,310,306,282.9
818,436,435,433,435,430,410,420,415,421,415,379.9
819,312,297,299,305,296,292,297,294,297,293,271.9
820,417,413,413,415,415,401,409,405,409,404,372.9
821,348,345,334,343,334,328,333,329,333,329,304.9
822,290,281,273,273,274,271,276,273,276,272,251.9
823,66,67,68,67,73,102,115,113,118,105,118.9
824,274,259,259,254,255,253,258,254,258,254,234.9
825,228,200,203,211,204,204,210,206,210,206,188.9
826,259,245,240,243,240,239,244,240,244,240,221.9
827,313,302,299,309,296,292,297,293,297,293,270.9
828,287,275,272,279,270,267,273,269,273,269,247.9
829,381,377,377,371,373,364,370,366,370,366,338.9
830,129,130,133,135,142,149,157,152,158,152,141.9
831,425,420,424,412,415,399,408,403,408,403,370.9
832,186,199,157,153,153,156,161,157,162,157,142.9
833,377,374,365,369,363,354,360,357,360,356,328.9
834,323,315,310,317,310,305,311,307,311,307,283.9
835,320,313,301,311,303,298,304,300,304,300,276.9
836,348,344,337,343,339,333,338,334,338,334,309.9
837,157,168,160,164,83,87,94,90,94,89,75.9
838,330,320,321,323,311,306,311,307,311,307,283.9
839,310,299,294,297,297,293,298,295,298,294,272.9
840,229,215,205,206,199,199,205,201,205,201,183.9
841,172,175,214,194,123,126,132,129,133,128,113.9
842,359,353,349,353,349,342,348,344,348,344,317.9
843,188,188,92,140,140,143,148,144,148,144,129.9
844,264,251,250,247,246,244,250,246,250,246,226.9
845,416,413,408,407,405,391,399,395,399,394,362.9
846,99,101,101,99,100,113,124,119,126,117,114.9
847,287,281,264,273,270,267,272,269,273,269,247.9
848,248,236,221,226,227,226,231,228,232,228,209.9
849,75,76,85,75,77,99,115,107,114,106,121.9
850,361,352,351,356,346,339,344,341,345,341,314.9
851,374,367,372,370,364,356,362,358,362,358,331.9
852,250,233,225,234,226,225,230,227,230,226,208.9
853,111,114,111,112,117,128,137,131,139,131,125.9
854,253,232,224,236,229,228,233,229,233,229,210.9
855,240,231,207,223,221,221,226,222,226,222,204.9
856,249,232,228,230,225,224,229,226,230,226,207.9
857,303,297,291,291,288,284,290,286,290,286,263.9
858,153,154,165,156,116,121,127,123,128,122,109.9
859,282,276,267,270,266,263,269,265,269,265,244.9
860,81,81,82,85,82,101,115,108,118,109,145.9
861,269,253,253,246,251,249,254,251,255,251,231.9
862,347,340,342,337,341,335,340,336,340,336,311.9
863,347,339,336,336,337,331,336,332,336,332,307.9
864,313,302,299,302,298,294,299,295,299,295,273.9
865,154,157,168,170,78,83,89,85,90,84,71.9
866,253,236,236,239,231,230,235,231,235,231,212.9
867,309,302,292,300,294,290,295,292,295,292,269.9
868,254,239,232,231,237,236,241,237,241,237,218.9
869,447,441,440,445,440,417,427,420,427,422,385.9
870,255,236,237,235,238,237,242,238,242,238,219.9
871,336,331,324,327,324,318,324,320,324,320,295.9
872,272,261,257,253,256,254,259,256,259,255,235.9
873,294,280,277,276,275,272,277,273,277,273,252.9
874,50,107,54,50,55,92,108,105,110,97,105.9
875,399,398,395,392,397,386,393,389,393,389,359.9
876,268,254,253,247,244,242,248,244,248,244,224.9
877,194,203,184,184,175,177,183,179,183,179,163.9
878,285,281,262,267,266,263,269,265,269,265,244.9
879,312,301,300,295,293,289,294,290,294,290,268.9
880,288,278,268,278,268,265,270,267,271,267,245.9
881,198,220,180,181,164,166,172,168,172,167,151.9
882,422,416,416,418,411,396,404,400,404,399,367.9
883,365,363,359,362,354,346,352,348,352,348,321.9
884,244,222,221,229,221,220,226,222,226,222,203.9
885,338,328,324,331,325,319,325,321,325,321,296.9
886,267,254,243,244,246,244,250,246,250,246,226.9
887,314,306,299,307,298,294,299,295,299,295,272.9
888,326,318,318,316,315,310,316,312,315,312,288.9
889,215,200,188,199,191,192,197,194,198,193,176.9
890,198,209,159,167,171,173,179,175,179,174,158.9
891,288,278,272,276,268,265,270,267,270,267,245.9
892,239,227,220,221,215,215,220,216,220,216,198.9
893,421,418,417,409,416,401,409,405,410,405,372.9
894,305,292,296,294,289,285,291,287,291,287,264.9
895,392,383,386,386,384,374,381,377,381,376,347.9
896,349,339,345,340,337,331,336,332,336,332,307.9
897,512,510,438,497,452,352,364,358,375,372,292.9
898,0,5,1,16,2,68,77,87,97,74,86.9
899,191,243,149,146,157,159,165,161,165,161,145.9
900,499,446,472,459,451,369,379,373,387,379,315.9
901,182,186,161,102,163,166,172,168,172,167,152.9
902,232,211,209,211,208,208,213,210,213,209,191.9
903,259,243,239,239,241,240,245,241,245,241,222.9
904,185,185,118,168,160,163,168,165,169,164,149.9
905,216,185,187,188,185,186,191,188,192,187,170.9
906,279,267,263,270,257,255,260,256,260,256,236.9
907,328,320,317,325,313,308,313,310,313,309,285.9
908,244,225,215,227,217,216,222,218,222,218,199.9
909,212,187,177,181,188,189,195,191,195,191,174.9
910,276,267,263,258,255,253,258,254,258,254,234.9
911,243,230,224,219,220,219,225,221,225,221,202.9
912,237,221,215,219,211,211,216,212,216,212,194.9
913,383,376,382,379,369,360,366,362,366,362,334.9
914,110,110,115,117,110,121,131,125,133,125,119.9
915,336,323,320,330,322,316,322,318,322,318,293.9
916,386,381,381,374,380,371,377,373,377,373,345.9
917,160,171,165,163,123,127,133,130,134,128,115.9
918,318,308,305,307,301,296,302,298,302,298,274.9
919,423,417,421,417,411,395,404,400,404,399,366.9
920,302,290,282,294,288,284,290,286,290,286,263.9
921,348,338,336,340,332,326,331,327,331,327,302.9
922,261,245,244,245,239,238,243,239,243,239,220.9
923,208,182,178,187,179,180,186,182,186,182,165.9
924,277,266,258,255,262,260,265,261,265,261,241.9
925,144,144,150,155,83,88,95,91,96,90,77.9
926,168,172,240,170,125,129,135,131,135,130,116.9
927,222,212,204,196,193,194,199,195,199,195,178.9
928,338,332,324,332,324,318,324,320,324,320,295.9
929,201,156,173,166,178,180,185,182,185,181,165.9
930,240,223,212,215,213,213,218,214,218,214,196.9
931,295,284,274,274,280,277,282,278,282,278,257.9
932,260,243,243,244,237,236,241,237,241,237,218.9
933,252,240,224,233,224,223,228,224,228,224,205.9
934,299,291,284,288,285,282,287,283,287,283,262.9
935,248,227,222,229,232,231,236,233,237,233,214.9
936,203,172,164,173,166,168,173,169,173,169,153.9
937,262,247,242,247,240,239,244,240,244,240,221.9
938,314,303,304,303,302,298,303,299,303,299,276.9
939,253,231,225,236,223,222,227,223,227,223,204.9
940,291,274,277,270,270,267,272,269,272,268,247.9
941,299,290,288,294,278,275,280,276,280,276,255.9
942,464,463,462,452,444,408,422,417,423,416,373.9
943,215,209,182,196,180,181,186,183,187,182,165.9
944,314,302,298,307,295,291,296,292,296,292,269.9
945,272,257,257,254,258,256,261,258,261,257,237.9
946,375,372,367,363,364,356,362,358,362,358,331.9
947,256,245,235,237,242,241,246,242,246,242,223.9
948,294,285,280,278,277,274,279,275,279,275,254.9
949,309,298,290,295,298,294,299,296,299,296,273.9
950,235,219,207,213,211,211,216,212,216,212,194.9
951,276,268,264,260,252,250,255,251,255,251,231.9
952,253,233,229,240,225,224,229,225,229,225,206.9
953,224,212,189,204,193,193,199,195,199,195,177.9
954,228,206,199,221,211,211,217,213,217,213,195.9
955,424,421,416,423,417,401,410,405,410,405,372.9
956,188,202,136,130,155,158,163,159,163,159,144.9
957,266,253,249,245,247,245,251,247,251,247,227.9
958,354,351,345,351,346,339,345,341,345,341,315.9
959,333,321,317,331,320,315,320,316,320,316,292.9
960,162,166,181,172,131,135,141,137,142,136,123.9
961,249,241,222,224,227,226,231,228,232,228,209.9
962,508,407,469,480,442,344,358,351,368,363,285.9
963,245,231,221,225,222,221,227,223,227,223,204.9
964,339,331,325,329,327,321,327,323,327,323,298.9
965,264,254,247,243,243,241,247,243,247,243,223.9
966,309,299,290,296,295,291,296,293,296,293,270.9
967,269,260,256,254,249,247,252,249,253,249,229.9
968,220,199,184,195,193,194,199,195,199,195,178.9
969,272,261,253,256,255,253,258,255,258,254,234.9
970,244,224,216,228,216,215,221,217,221,217,198.9
971,204,179,169,185,174,176,181,177,181,177,161.9
972,341,333,332,336,331,325,331,327,331,327,302.9
973,300,290,282,286,282,279,284,280,284,280,258.9
974,449,448,442,443,437,413,423,416,423,419,381.9
975,263,252,240,247,245,243,249,245,249,245,225.9
976,241,221,215,215,212,212,217,213,217,213,195.9
977,237,230,212,222,215,215,220,216,220,216,198.9
978,336,328,326,332,325,319,325,321,325,321,296.9
979,167,167,201,239,126,130,136,132,136,131,117.9
980,198,224,145,166,174,176,182,178,182,177,161.9
981,415,405,404,411,405,391,399,395,399,395,362.9
982,240,231,213,223,222,222,227,223,227,223,205.9
983,176,185,187,183,138,141,147,143,147,143,128.9
984,203,174,176,181,175,177,182,178,182,178,162.9
985,239,224,218,215,210,210,215,211,215,211,193.9
986,163,168,174,176,111,115,121,117,122,116,102.9
987,351,348,339,341,339,333,338,334,338,334,309.9
988,256,242,234,239,239,238,243,239,243,239,220.9
989,253,236,235,238,237,236,241,237,241,237,218.9
990,319,310,303,310,299,294,300,296,300,296,272.9
991,320,312,308,308,299,294,300,296,300,296,272.9
992,278,264,262,258,262,260,265,261,265,261,241.9
993,198,275,147,189,159,161,167,163,167,162,146.9
994,70,72,76,72,70,97,110,103,110,100,192.9
995,211,165,182,185,184,185,191,187,191,187,170.9
996,177,184,152,285,156,159,165,161,165,160,146.9
997,356,352,343,353,353,346,352,348,352,348,322.9
998,210,175,195,182,182,183,189,185,189,185,168.9
999,484,470,474,458,475,418,424,426,430,424,374.9
1000,371,363,363,366,360,352,358,354,358,354,327.9
1001,291,281,274,278,277,274,279,276,279,275,254.9
1002,253,229,237,239,229,228,233,229,233,229,210.9
1003,209,194,191,200,176,177,183,179,183,179,162.9
1004,227,211,202,204,200,200,206,202,206,202,184.9
1005,339,330,326,330,325,319,325,321,325,321,296.9
1006,334,324,323,328,321,316,321,317,321,317,293.9
1007,398,388,383,392,391,381,387,383,387,383,354.9
1008,323,315,311,317,309,304,310,306,310,306,282.9
1009,309,296,297,299,291,287,292,289,292,289,266.9
1010,129,131,135,130,144,151,159,154,160,154,143.9
1011,192,199,137,164,173,175,181,177,181,177,161.9
1012,267,261,248,245,243,241,247,243,247,243,223.9
1013,142,142,142,156,65,71,78,74,78,72,61.9
1014,347,340,336,342,339,333,338,334,338,334,309.9
1015,321,314,308,315,311,306,312,308,312,308,284.9
1016,414,413,413,404,407,393,401,398,402,397,364.9
1017,425,423,420,419,416,400,409,404,409,404,371.9
1018,347,337,335,340,336,330,335,331,335,331,306.9
1019,359,356,356,350,353,346,352,348,352,348,322.9
1020,308,297,294,298,289,285,290,287,291,287,264.9
1021,389,384,379,385,381,371,378,374,378,374,345.9
1022,302,291,290,293,285,281,287,283,287,283,260.9
1023,280,269,259,268,262,260,265,261,265,261,241.9
1024,240,218,207,219,211,211,216,212,216,212,194.9
1025,374,364,372,371,363,355,361,357,361,357,330.9
1026,117,118,119,118,122,132,140,135,142,135,128.9
1027,347,344,334,339,337,331,336,332,336,332,307.9
1028,248,233,223,224,229,228,233,230,234,230,211.9
1029,338,336,327,332,331,325,331,327,331,327,302.9
1030,294,281,277,285,279,276,281,277,281,277,256.9
1031,408,406,400,400,393,381,388,385,388,384,353.9
1032,262,257,243,251,238,237,242,238,242,238,219.9
1033,331,321,318,322,316,311,316,312,316,312,288.9
1034,240,228,214,225,215,215,220,216,220,216,198.9
1035,314,309,296,306,301,297,302,298,302,298,275.9
1036,239,221,220,213,217,217,222,218,222,218,200.9
1037,0,18,1,1,1,73,86,97,103,78,89.9
1038,107,108,114,113,124,136,146,140,148,139,135.9
1039,379,373,370,367,365,356,362,359,362,358,330.9
1040,189,190,107,167,153,155,161,157,161,157,141.9
1041,330,316,319,323,313,308,313,309,313,309,285.9
1042,316,300,304,306,297,293,298,294,298,294,271.9
1043,188,196,141,175,150,153,158,154,158,154,139.9
1044,243,235,216,219,221,220,226,222,226,222,203.9
1045,314,303,306,301,302,298,303,299,303,299,276.9
1046,86,89,89,91,90,106,119,113,122,111,201.9
1047,364,358,350,357,362,354,360,356,360,356,329.9
1048,319,305,303,309,305,300,306,302,306,302,278.9
1049,305,298,288,289,284,280,286,282,286,282,259.9
1050,291,285,274,277,272,269,274,271,274,270,249.9
1051,252,238,227,232,226,225,230,227,230,226,207.9
1052,121,121,124,127,138,146,154,150,156,149,139.9
1053,372,371,363,360,364,356,362,358,362,358,331.9
1054,320,309,306,315,301,296,302,298,302,298,274.9
1055,378,374,372,372,377,368,374,371,374,370,342.9
1056,282,271,259,265,263,260,266,262,266,262,241.9
1057,139,143,155,142,217,223,230,226,231,225,213.9
1058,349,343,335,341,337,331,336,332,336,332,307.9
1059,332,324,319,316,320,315,320,316,320,316,292.9
1060,152,162,152,153,146,151,157,153,158,152,140.9
1061,353,349,336,346,340,333,339,335,339,335,309.9
1062,195,231,149,188,163,165,171,167,171,167,151.9
1063,161,170,169,162,123,127,133,129,134,128,115.9
1064,327,320,314,320,310,305,310,307,310,307,283.9
1065,318,312,305,308,301,296,302,298,302,298,274.9
1066,291,279,277,278,276,273,278,275,278,274,253.9
1067,397,389,390,386,390,380,386,383,386,382,353.9
1068,270,256,252,255,247,245,250,247,250,247,227.9
1069,379,376,372,366,373,364,370,367,370,366,338.9
1070,440,439,439,425,438,417,427,421,427,422,386.9
1071,229,214,202,210,208,208,214,210,214,210,192.9
1072,288,280,267,271,275,272,277,274,278,274,252.9
1073,280,263,268,260,263,261,266,262,266,262,242.9
1074,355,352,344,347,344,337,343,339,343,339,313.9
1075,196,201,139,188,170,172,178,174,178,174,158.9
1076,432,423,431,426,426,408,417,413,418,412,378.9
1077,361,358,355,353,355,348,354,350,354,350,323.9
1078,237,226,213,224,215,215,220,216,220,216,198.9
1079,216,193,178,204,200,201,206,203,207,202,185.9
1080,276,262,259,263,255,253,258,254,258,254,234.9
1081,227,209,200,211,203,203,209,205,209,205,187.9
1082,448,444,444,439,443,419,430,423,429,425,387.9
1083,412,405,407,408,409,396,404,400,404,399,368.9
1084,330,317,315,321,314,309,314,310,314,310,286.9
1085,166,168,279,171,105,109,115,111,115,110,96.9
1086,258,237,235,245,238,237,242,238,242,238,219.9
1087,369,367,356,362,364,356,362,358,362,358,331.9
1088,222,205,183,201,197,198,203,199,203,199,182.9
1089,125,131,133,126,135,142,150,146,152,145,135.9
1090,336,334,319,328,324,318,324,320,324,320,295.9
1091,295,282,279,280,276,273,278,274,278,274,253.9
1092,68,74,76,70,75,103,116,112,116,106,116.9
1093,373,371,365,371,369,361,367,363,367,363,336.9
1094,207,162,171,196,177,178,184,180,184,180,163.9
1095,241,235,216,215,217,217,222,218,222,218,200.9
1096,185,194,137,173,160,163,168,164,169,164,149.9
1097,239,223,215,222,214,214,219,215,219,215,197.9
1098,345,337,333,330,333,327,333,329,332,329,303.9
1099,259,248,232,246,236,235,240,236,240,236,217.9
1100,283,269,265,262,266,263,269,265,269,265,244.9
1101,360,350,353,356,356,349,355,351,355,351,324.9
1102,304,296,289,289,288,284,290,286,290,286,263.9
1103,0,3,0,4,0,84,102,120,108,100,88.9
1104,419,417,410,415,409,394,403,399,403,398,365.9
1105,261,247,241,249,237,236,241,237,241,237,218.9
1106,229,215,200,215,204,204,210,206,210,206,188.9
1107,467,460,463,451,344,305,316,313,320,312,269.9
1108,325,322,309,318,307,302,308,304,307,304,280.9
1109,537,513,452,455,520,393,399,392,405,400,319.9
1110,242,226,219,221,218,217,223,219,223,219,200.9
1111,399,396,392,391,397,386,393,389,393,389,359.9
1112,206,179,171,187,176,178,183,179,183,179,163.9
1113,161,161,166,189,109,113,119,115,120,114,101.9
1114,344,340,330,331,335,329,335,331,335,331,305.9
1115,290,280,276,274,276,273,278,275,278,274,253.9
1116,182,187,128,118,149,152,158,154,158,153,138.9
1117,253,242,231,239,227,226,231,227,231,227,208.9
1118,131,132,133,131,216,223,230,226,231,225,214.9
1119,281,272,262,261,264,262,267,263,267,263,243.9
1120,291,278,274,274,275,272,277,274,277,273,252.9
1121,267,256,250,251,253,251,257,253,257,253,233.9
1122,174,174,187,195,155,158,164,160,165,160,145.9
1123,246,231,223,227,231,230,236,232,236,232,213.9
1124,322,312,313,312,310,305,311,307,311,307,283.9
1125,239,224,216,221,217,217,222,218,222,218,200.9
1126,181,184,178,155,142,145,151,147,151,146,131.9
1127,285,272,270,270,270,267,273,269,273,269,248.9
1128,313,307,297,304,302,298,303,299,303,299,277.9
1129,266,259,238,255,247,245,251,247,251,247,227.9
1130,274,268,252,260,254,252,257,253,257,253,233.9
1131,189,200,98,82,145,147,153,149,153,149,133.9
1132,351,339,344,337,338,332,337,333,337,333,308.9
1133,271,262,245,251,250,248,253,250,253,250,229.9
1134,285,281,267,276,266,263,269,265,269,265,244.9
1135,479,462,394,463,470,418,427,428,435,426,378.9
1136,292,280,273,278,273,270,275,272,275,271,250.9
1137,292,282,279,281,279,276,281,278,281,277,256.9
1138,202,185,179,169,172,174,179,175,179,175,159.9
1139,466,453,450,457,457,418,430,427,434,426,382.9
1140,232,217,202,214,207,207,212,209,212,208,190.9
1141,268,258,249,250,250,248,254,250,254,250,230.9
1142,269,255,246,253,248,246,251,248,252,248,228.9
1143,256,236,238,233,237,236,241,237,241,237,218.9
1144,349,344,340,339,339,333,338,334,338,334,309.9
1145,286,271,262,273,270,267,273,269,273,269,247.9
1146,451,449,449,434,436,410,421,414,421,416,377.9
1147,288,280,269,274,274,271,276,273,277,273,251.9
1148,253,236,228,239,231,230,235,231,235,231,212.9
1149,249,242,221,231,229,228,233,230,234,230,211.9
1150,152,153,163,156,117,122,128,124,129,123,111.9
1151,290,275,275,277,274,271,276,273,276,272,251.9
1152,323,311,315,315,310,305,311,307,311,307,283.9
1153,298,285,285,288,284,281,286,282,286,282,261.9
1154,405,399,394,394,398,387,394,390,394,389,359.9
1155,204,177,169,183,173,175,180,176,180,176,160.9
1156,170,176,188,186,142,146,152,148,152,147,133.9
1157,204,109,178,173,175,177,182,178,182,178,162.9
1158,223,197,192,205,204,205,210,206,210,206,189.9
1159,291,283,278,282,280,277,282,279,282,278,257.9
1160,172,186,229,269,124,127,133,130,134,129,114.9
1161,425,423,420,416,409,393,402,397,402,397,364.9
1162,207,186,169,198,179,181,186,182,186,182,166.9
1163,171,178,211,174,149,153,159,155,159,154,140.9
1164,174,178,178,191,128,131,137,133,137,133,118.9
1165,93,95,93,95,96,110,123,117,125,116,113.9
1166,169,178,292,218,132,136,142,138,142,137,123.9
1167,345,340,329,340,329,323,329,325,328,325,299.9
1168,271,258,248,256,255,253,258,255,258,254,234.9
1169,245,236,219,228,221,220,226,222,226,222,203.9
1170,308,298,292,300,294,290,295,292,296,292,269.9
1171,267,253,252,253,249,247,253,249,253,249,229.9
1172,240,215,206,221,217,217,222,218,222,218,200.9
1173,233,215,214,214,210,210,215,212,215,211,193.9
1174,287,276,271,275,270,267,272,269,273,269,247.9
1175,343,329,331,332,338,332,338,334,338,334,309.9
1176,284,278,265,267,267,264,270,266,270,266,245.9
1177,322,314,305,315,312,307,313,309,313,309,285.9
1178,232,226,202,212,201,201,206,203,206,202,184.9
1179,272,260,250,254,251,249,254,250,254,250,230.9
1180,180,192,131,155,162,165,171,167,171,166,151.9
1181,128,131,137,130,156,163,171,167,172,166,155.9
1182,370,369,356,354,354,346,352,348,352,348,321.9
1183,258,246,242,239,242,241,246,242,246,242,223.9
1184,219,197,180,198,199,200,205,201,205,201,184.9
1185,243,225,220,223,226,225,231,227,231,227,208.9
1186,248,231,226,226,231,230,235,232,236,232,213.9
1187,304,297,284,289,289,285,291,287,291,287,264.9
1188,193,196,171,166,150,152,158,154,158,154,138.9
1189,360,358,354,353,350,343,349,345,349,345,318.9
1190,169,178,189,236,115,119,125,121,125,120,106.9
1191,420,413,416,416,416,401,410,406,410,405,372.9
1192,356,346,343,345,341,334,340,336,340,336,310.9
1193,275,266,255,263,256,254,259,255,259,255,235.9
1194,351,350,338,346,336,330,335,331,335,331,306.9
1195,180,193,139,178,136,139,145,141,145,140,126.9
1196,434,433,432,433,422,403,413,408,413,408,373.9
1197,372,366,363,366,363,355,361,357,361,357,330.9
1198,308,299,292,296,292,288,293,290,294,290,267.9
1199,455,443,446,435,450,422,432,426,433,427,389.9
1200,255,247,237,235,232,231,236,232,236,232,213.9
1201,412,409,406,405,406,393,401,397,401,396,365.9
1202,259,251,231,236,241,240,245,241,245,241,222.9
1203,292,281,269,279,279,276,281,277,281,277,256.9
1204,181,181,153,167,142,145,151,147,151,146,131.9
1205,312,305,295,300,295,291,296,292,296,292,270.9
1206,433,429,430,432,428,409,419,414,419,414,379.9
1207,376,367,372,371,367,359,365,361,365,361,333.9
1208,309,298,291,302,296,292,297,294,297,294,271.9
1209,367,363,356,363,353,345,351,347,351,347,320.9
1210,243,223,219,230,219,218,224,220,224,220,201.9
1211,303,287,294,291,287,283,289,285,289,285,262.9
1212,309,298,295,301,297,293,298,295,298,295,272.9
1213,256,239,234,241,240,239,244,240,244,240,221.9
1214,305,300,286,292,286,282,288,284,288,284,261.9
1215,238,214,209,219,218,218,223,219,223,219,201.9
1216,261,250,247,245,242,241,246,242,246,242,223.9
1217,390,389,386,388,384,374,381,377,381,376,348.9
1218,317,307,307,308,295,290,296,292,296,292,268.9
1219,288,286,273,271,271,268,273,270,274,270,248.9
1220,352,348,339,348,343,336,342,338,342,338,312.9
1221,121,121,121,125,124,132,140,136,142,136,126.9
1222,218,196,183,194,195,196,201,197,201,197,180.9
1223,205,199,183,196,183,185,190,186,190,186,170.9
1224,429,427,424,425,419,401,411,406,411,406,371.9
1225,290,279,275,270,278,275,280,277,280,277,255.9
1226,277,267,261,259,260,258,263,259,263,259,239.9
1227,370,365,362,360,355,347,353,349,353,349,322.9
1228,217,194,190,207,193,194,199,196,199,195,178.9
1229,370,362,366,366,352,344,350,346,350,346,319.9
1230,227,199,202,212,200,200,206,202,206,202,184.9
1231,272,260,250,261,247,245,250,247,250,246,226.9
1232,213,179,181,192,189,190,196,192,196,191,174.9
1233,284,273,266,275,267,264,270,266,270,266,245.9
1234,316,304,306,304,299,295,300,296,300,296,273.9
1235,252,235,229,239,225,224,229,225,229,225,206.9
1236,182,197,144,34,137,140,146,142,146,141,126.9
1237,289,279,275,274,270,267,272,269,272,269,247.9
1238,227,201,199,204,209,209,215,211,215,211,193.9
1239,285,276,263,269,271,268,274,270,274,270,249.9
1240,356,355,343,344,349,342,348,344,348,344,318.9
1241,347,345,336,336,335,329,334,330,334,330,305.9
1242,390,388,379,388,386,376,383,379,383,378,350.9
1243,417,406,414,412,407,393,401,397,401,396,364.9
1244,336,326,323,325,320,314,320,316,320,316,291.9
1245,610,544,566,560,581,448,451,443,457,451,361.9
1246,182,195,73,106,148,151,157,153,157,152,137.9
1247,368,360,361,366,357,349,355,351,355,351,324.9
1248,272,265,259,256,255,253,258,255,258,254,234.9
1249,315,306,303,307,302,298,303,299,303,299,276.9
1250,377,374,366,375,368,359,365,362,365,361,333.9
1251,157,158,164,171,126,130,137,133,137,132,118.9
1252,256,238,240,237,237,236,241,237,241,237,218.9
1253,346,341,334,335,334,328,333,330,333,329,304.9
1254,225,213,203,209,199,199,205,201,205,201,183.9
1255,251,234,237,233,230,229,234,231,234,230,212.9
1256,305,293,294,289,292,288,294,290,294,290,267.9
1257,190,199,175,173,154,156,162,158,162,158,142.9
1258,174,174,195,177,131,134,140,136,141,136,121.9
1259,196,212,144,158,163,165,171,167,171,166,150.9
1260,436,428,430,435,417,397,407,402,408,402,366.9
1261,289,280,272,279,271,268,273,270,273,270,248.9
1262,468,466,464,376,462,420,433,430,436,428,383.9
1263,361,356,349,354,349,342,348,344,348,344,317.9
1264,337,329,324,327,323,317,323,319,323,319,294.9
1265,239,231,206,218,211,211,216,212,216,212,194.9
1266,322,307,313,311,307,302,308,304,308,304,280.9
1267,317,310,303,312,301,296,302,298,302,298,274.9
1268,432,430,429,425,418,399,409,404,409,404,369.9
1269,271,259,258,251,248,246,251,248,251,247,227.9
1270,348,346,344,343,337,331,336,332,336,332,307.9
1271,134,134,149,135,174,180,188,184,189,183,171.9
1272,399,390,392,395,396,386,392,388,392,388,359.9
1273,308,297,296,296,291,287,292,289,293,289,266.9
1274,246,234,217,231,217,216,222,218,222,218,199.9
1275,434,430,429,429,432,413,423,418,423,418,383.9
1276,338,327,329,325,331,325,331,327,331,327,302.9
1277,332,326,321,327,316,311,316,312,316,312,288.9
1278,424,421,415,410,413,397,406,401,406,401,368.9
1279,452,445,437,440,433,406,417,410,417,413,373.9
1280,438,428,433,432,432,411,421,416,422,416,380.9
1281,402,400,395,397,399,388,395,391,395,391,361.9
1282,262,246,237,242,242,241,246,242,246,242,223.9
1283,193,325,152,158,156,158,164,160,164,160,144.9
1284,325,314,309,315,308,303,309,305,308,305,281.9
1285,315,308,301,308,301,297,302,298,302,298,275.9
1286,197,287,154,158,168,170,176,172,176,171,155.9
1287,351,347,343,346,340,334,339,335,339,335,310.9
1288,270,264,259,253,245,243,248,245,248,245,224.9
1289,406,402,399,403,399,388,395,391,395,390,360.9
1290,192,207,171,147,156,158,164,160,164,160,144.9
1291,356,354,343,345,347,340,346,342,346,342,316.9
1292,260,244,238,236,245,244,249,245,249,245,226.9
1293,180,187,139,157,141,144,150,146,150,145,130.9
1294,312,299,293,303,295,291,296,293,296,292,270.9
1295,260,240,241,249,242,241,246,242,246,242,223.9
1296,264,249,246,249,249,247,253,249,253,249,229.9
1297,317,311,307,305,303,299,304,300,304,300,277.9
1298,222,206,187,209,202,203,208,204,208,204,187.9
1299,237,222,221,221,208,208,213,209,213,209,191.9
1300,305,294,292,293,288,284,290,286,290,286,263.9
1301,87,87,89,93,92,108,120,115,124,113,112.9
1302,322,307,311,311,311,306,312,308,312,308,284.9
1303,215,185,190,197,181,182,187,184,188,183,166.9
1304,357,351,353,350,345,338,344,340,344,340,314.9
1305,257,247,234,242,237,236,241,237,241,237,218.9
1306,126,128,138,133,210,217,225,221,226,220,209.9
1307,323,309,311,309,311,306,312,308,312,308,284.9
1308,247,231,217,223,228,227,233,229,233,229,210.9
1309,226,213,201,210,196,196,202,198,202,198,180.9
1310,386,382,376,383,373,364,370,366,370,366,338.9
1311,245,230,225,224,227,226,232,228,232,228,209.9
1312,245,233,215,232,218,217,223,219,223,219,200.9
1313,305,293,291,288,290,286,292,288,292,288,265.9
1314,283,274,268,273,267,264,270,266,270,266,245.9
1315,345,333,335,339,333,327,333,329,332,329,303.9
1316,346,339,338,342,328,322,327,324,327,323,298.9
1317,305,296,289,297,290,286,292,288,292,288,265.9
1318,316,302,304,307,296,292,297,293,297,293,270.9
1319,264,245,239,245,240,238,244,240,244,240,220.9
1320,262,248,248,246,244,243,248,244,248,244,225.9
1321,426,424,418,420,425,408,418,413,418,413,379.9
1322,265,255,240,241,243,241,247,243,247,243,223.9
1323,367,365,352,360,362,354,360,356,360,356,329.9
1324,342,336,331,336,336,330,336,332,336,332,307.9
1325,195,210,153,192,173,175,181,177,181,177,161.9
1326,225,222,199,207,200,200,206,202,206,202,184.9
1327,324,314,313,316,304,299,305,301,305,301,277.9
1328,178,190,117,166,142,145,151,147,151,146,132.9
1329,237,217,208,213,214,214,219,215,219,215,197.9
1330,347,342,342,343,336,330,335,331,335,331,306.9
1331,296,286,279,283,278,275,280,276,280,276,255.9
1332,225,208,195,206,196,196,202,198,202,198,180.9
1333,250,244,226,231,223,222,227,224,227,223,205.9
1334,358,351,342,354,341,334,340,336,340,336,310.9
1335,264,251,244,242,241,239,245,241,245,241,221.9
1336,233,212,214,214,206,206,211,208,211,207,189.9
1337,370,361,361,364,360,352,358,354,358,354,327.9
1338,280,266,264,264,263,261,266,262,266,262,242.9
1339,236,213,214,221,213,213,218,214,218,214,196.9
1340,321,316,311,311,308,303,309,305,309,305,281.9
1341,333,328,315,328,324,319,324,320,324,320,296.9
1342,257,241,237,233,243,242,247,243,247,243,224.9
1343,160,166,168,173,144,148,154,151,155,149,136.9
1344,422,420,415,411,412,397,405,401,405,400,368.9
1345,226,210,199,202,202,202,208,204,208,204,186.9
1346,220,209,193,204,200,201,206,202,206,202,185.9
1347,368,357,362,359,364,356,362,358,362,358,331.9
1348,255,242,232,238,237,236,241,237,241,237,218.9
1349,177,189,156,255,144,147,153,149,153,148,134.9
1350,287,276,270,273,274,271,276,273,277,273,251.9
1351,299,289,289,281,284,281,286,282,286,282,261.9
1352,338,336,325,326,322,316,322,318,322,318,293.9
1353,207,185,181,181,175,177,182,178,182,178,162.9
1354,104,105,106,105,116,128,138,132,140,132,128.9
1355,305,298,292,292,288,284,290,286,290,286,263.9
1356,240,232,214,224,215,215,220,216,220,216,198.9
1357,98,98,105,103,110,123,135,129,136,128,124.9
1358,436,433,427,435,424,404,414,409,415,409,373.9
1359,156,161,182,173,108,113,119,115,120,114,101.9
1360,422,419,409,414,418,403,411,407,411,406,374.9
1361,218,210,202,198,187,188,193,189,193,189,172.9
1362,335,329,322,328,321,316,321,317,321,317,293.9
1363,302,296,290,291,289,285,291,287,291,287,264.9
1364,274,260,255,257,255,253,258,254,258,254,234.9
1365,349,343,337,346,338,332,337,333,337,333,308.9
1366,236,224,210,221,210,210,215,211,215,211,193.9
1367,338,330,325,326,327,321,327,323,327,323,298.9
1368,221,216,192,192,197,198,203,199,203,199,182.9
1369,217,183,188,194,188,189,194,191,194,190,173.9
1370,216,186,192,198,187,188,193,190,194,189,172.9
1371,281,271,260,267,262,260,265,261,265,261,241.9
1372,281,268,262,265,259,257,262,258,262,258,238.9
1373,294,284,282,275,275,272,277,273,277,273,252.9
1374,284,276,261,271,266,263,269,265,269,265,244.9
1375,195,207,164,158,159,161,167,163,167,163,147.9
1376,354,348,343,350,340,333,339,335,339,335,309.9
1377,279,264,258,260,262,260,265,261,265,261,241.9
1378,446,442,445,438,442,419,429,423,429,424,387.9
1379,263,250,240,249,249,247,253,249,253,249,229.9
1380,433,432,432,425,429,410,420,415,420,415,380.9
1381,0,19,21,2,49,169,175,180,180,166,198.9
1382,230,216,206,213,211,211,216,213,217,213,194.9
1383,363,357,349,357,357,350,355,351,355,351,325.9
1384,357,353,354,353,347,340,346,342,346,342,316.9
1385,202,139,154,178,168,170,175,171,175,171,155.9
1386,365,361,353,352,351,343,349,345,349,345,318.9
1387,285,274,270,267,265,262,268,264,268,264,243.9
1388,120,121,120,123,130,138,146,142,148,142,132.9
1389,218,201,191,197,198,199,204,200,204,200,183.9
1390,182,186,103,159,132,135,141,137,141,136,121.9
1391,242,224,219,222,219,219,224,220,224,220,202.9
1392,222,212,187,206,197,198,203,199,203,199,182.9
1393,234,225,202,225,204,204,209,205,209,205,187.9
1394,125,126,127,132,144,151,159,155,161,154,143.9
1395,268,250,243,251,246,244,250,246,250,246,226.9
1396,383,374,378,380,379,370,376,372,376,372,344.9
1397,405,399,404,395,403,392,399,395,399,394,365.9
1398,190,197,155,147,162,164,170,166,170,166,150.9
1399,263,252,244,245,248,246,252,248,252,248,228.9
1400,468,466,457,373,460,418,431,428,434,427,381.9
1401,203,183,158,173,174,176,181,177,181,177,161.9
1402,255,240,234,236,231,230,235,231,235,231,212.9
1403,232,212,198,208,212,212,217,214,217,213,195.9
1404,149,151,163,155,101,106,113,109,113,107,95.9
1405,177,185,118,206,144,147,153,149,153,149,134.9
1406,276,263,257,262,257,255,260,256,260,256,236.9
1407,320,309,306,310,306,301,307,303,307,303,279.9
1408,237,219,205,222,218,218,223,219,223,219,201.9
1409,268,257,251,255,248,246,252,248,252,248,228.9
1410,311,304,295,299,295,291,296,293,296,292,270.9
1411,169,170,227,180,157,161,167,163,167,162,148.9
1412,253,238,231,241,234,233,238,234,238,234,215.9
1413,293,279,278,279,282,279,284,280,284,280,259.9
1414,317,304,307,304,303,299,304,300,304,300,277.9
1415,298,286,289,284,284,281,286,282,286,282,261.9
1416,178,180,160,145,140,143,149,145,149,144,130.9
1417,405,396,403,400,386,375,382,378,382,377,347.9
1418,164,168,169,168,123,127,133,129,133,128,114.9
1419,334,326,324,325,326,321,326,322,326,322,298.9
1420,265,244,243,244,247,245,251,247,251,247,227.9
1421,243,225,228,228,215,214,220,216,220,216,197.9
1422,320,316,309,312,309,304,310,306,310,306,282.9
1423,180,192,162,170,136,139,145,141,145,140,126.9
1424,168,170,189,279,121,125,131,127,131,126,112.9
1425,347,340,334,340,343,337,342,338,342,338,313.9
1426,299,289,286,289,280,277,282,278,282,278,257.9
1427,491,431,480,430,462,398,402,406,410,404,350.9
1428,445,442,444,437,435,413,423,417,423,418,381.9
1429,420,418,410,412,418,403,412,408,412,407,374.9
1430,243,222,221,226,219,218,224,220,224,220,201.9
1431,260,243,236,244,247,246,251,247,251,247,228.9
1432,324,315,317,314,314,309,315,311,315,311,287.9
1433,341,335,333,338,326,320,326,322,326,322,297.9
1434,439,435,437,437,428,407,417,412,417,412,376.9
1435,378,371,375,370,368,359,365,362,365,361,333.9
1436,380,376,372,378,370,361,367,363,367,363,335.9
1437,300,287,283,282,284,281,286,282,286,282,260.9
1438,97,98,97,100,97,110,122,116,123,115,111.9
1439,244,222,221,234,224,223,229,225,229,225,206.9
1440,175,189,195,190,118,121,127,123,127,123,108.9
1441,113,114,114,118,114,124,133,128,135,128,121.9
1442,526,509,431,419,508,388,401,399,409,399,317.9
1443,386,383,376,373,371,362,368,364,368,364,336.9
1444,210,179,185,200,178,179,185,181,185,181,164.9
1445,227,212,198,204,195,195,201,197,201,197,179.9
1446,125,129,125,126,246,253,261,257,263,256,245.9
1447,144,148,149,159,64,69,76,72,77,71,58.9
1448,235,226,207,225,213,213,218,214,218,214,196.9
1449,213,183,180,184,192,193,199,195,199,194,178.9
1450,192,207,142,143,150,152,158,154,158,154,138.9
1451,324,312,315,315,307,302,308,304,308,304,280.9
1452,246,236,224,226,229,228,234,230,234,230,211.9
1453,294,285,278,283,280,277,282,278,282,278,257.9
1454,388,378,384,381,375,366,372,368,372,368,340.9
1455,369,362,365,357,363,355,361,357,361,357,330.9
1456,452,437,451,431,436,410,420,413,420,416,377.9
1457,301,293,283,293,286,283,288,284,288,284,262.9
1458,99,99,108,102,116,129,140,135,142,133,130.9
1459,340,328,328,327,330,324,330,326,330,326,301.9
1460,154,154,154,158,105,110,116,112,117,111,98.9
1461,214,200,185,192,181,182,188,184,188,183,166.9
1462,260,246,241,251,243,242,247,243,247,243,224.9
1463,340,333,326,328,329,323,329,325,329,325,300.9
1464,0,10,5,55,6,127,135,140,138,126,176.9
1465,270,253,253,251,255,253,258,255,258,255,234.9
1466,273,265,258,253,256,254,259,255,259,255,235.9
1467,233,224,212,216,206,206,211,208,211,207,189.9
1468,358,351,342,349,348,341,347,343,347,343,317.9
1469,192,274,159,166,153,155,161,157,161,157,141.9
1470,171,172,283,174,128,132,138,134,138,133,119.9
1471,221,218,181,192,188,189,194,190,194,190,173.9
1472,307,292,297,295,288,284,290,286,290,286,263.9
1473,412,409,402,406,395,382,390,386,390,385,354.9
1474,448,444,442,437,427,403,413,407,413,409,371.9
1475,221,202,190,210,196,197,202,198,202,198,181.9
1476,419,415,406,410,407,392,401,397,401,396,363.9
1477,299,289,288,284,288,285,290,286,290,286,265.9
1478,245,228,228,226,217,216,222,218,222,218,199.9
1479,379,371,365,370,370,361,367,364,367,363,335.9
1480,243,222,224,227,221,220,226,222,226,222,203.9
1481,207,204,185,199,175,176,182,178,182,178,161.9
1482,361,351,348,357,347,340,346,342,346,342,315.9
1483,260,246,236,250,233,232,237,233,237,233,214.9
1484,295,284,273,281,277,274,279,275,279,275,254.9
1485,228,220,200,208,200,200,206,202,206,202,184.9
1486,257,246,240,235,240,239,244,240,244,240,221.9
1487,204,185,170,173,171,173,178,174,178,174,158.9
1488,409,405,405,399,403,391,398,394,398,394,363.9
1489,235,219,211,213,211,211,216,212,216,212,194.9
1490,119,119,120,119,137,146,154,149,156,149,141.9
1491,278,264,256,262,257,255,260,256,260,256,236.9
1492,238,213,218,217,209,209,214,210,214,210,192.9
1493,361,354,347,355,357,350,355,352,356,352,325.9
1494,246,226,227,226,227,226,232,228,232,228,209.9
1495,69,69,73,69,78,105,119,114,119,108,116.9
1496,304,290,286,289,293,289,295,291,295,291,268.9
1497,371,368,356,365,361,353,359,355,359,355,328.9
1498,134,136,135,136,142,148,156,152,157,151,139.9
1499,496,486,495,461,493,424,428,422,436,431,373.9
1500,270,258,250,258,249,247,252,249,252,249,228.9
1501,212,194,185,191,190,191,197,193,197,193,176.9
1502,308,303,295,298,292,288,293,290,294,290,267.9
1503,326,322,314,321,312,307,313,309,312,309,285.9
1504,383,380,380,376,378,369,375,371,375,371,343.9
1505,383,376,368,381,374,365,371,367,371,367,339.9
1506,181,181,76,134,159,162,168,164,168,163,148.9
1507,274,265,257,252,258,256,261,257,261,257,237.9
1508,395,394,381,388,385,375,381,378,381,377,348.9
1509,301,291,285,285,285,281,287,283,287,283,260.9
1510,194,305,162,181,149,151,157,153,157,153,137.9
1511,262,250,246,245,242,241,246,242,246,242,223.9
1512,286,274,268,276,268,265,271,267,271,267,245.9
1513,454,435,433,451,439,411,422,415,422,417,378.9
1514,296,282,285,283,279,276,281,277,281,277,256.9
1515,342,337,331,333,323,317,323,319,323,319,294.9
1516,307,297,298,300,295,291,296,293,297,293,270.9
1517,19,38,19,25,19,72,83,86,95,74,83.9
1518,281,266,265,272,264,262,267,263,267,263,243.9
1519,207,170,168,180,183,184,190,186,190,186,169.9
1520,274,261,254,258,261,259,264,260,264,260,240.9
1521,356,351,352,351,344,337,343,339,343,339,313.9
1522,223,214,186,199,198,199,204,200,204,200,183.9
1523,372,361,365,364,363,355,361,357,361,357,330.9
1524,286,273,272,277,275,272,278,274,278,274,252.9
1525,335,325,315,327,322,316,322,318,322,318,293.9
1526,280,273,266,258,268,266,271,267,271,267,247.9
1527,192,202,175,152,161,163,169,165,169,165,149.9
1528,216,185,184,193,180,181,186,183,187,182,165.9
1529,228,209,201,201,201,201,207,203,207,203,185.9
1530,124,127,130,135,185,192,200,196,202,196,185.9
1531,352,346,338,343,340,333,339,335,339,335,309.9
1532,209,188,179,200,177,178,184,180,184,180,163.9
1533,164,165,167,174,108,112,118,114,118,113,99.9
1534,248,233,222,235,225,224,229,226,230,226,207.9
1535,315,310,302,304,297,293,298,294,298,294,271.9
1536,206,158,190,181,171,173,178,174,178,174,158.9
1537,365,356,356,358,362,354,360,356,360,356,329.9
1538,309,301,294,302,294,290,295,292,295,292,269.9
1539,280,271,263,262,264,262,267,263,267,263,243.9
1540,317,302,305,309,304,300,305,301,305,301,278.9
1541,407,403,405,401,397,385,392,389,392,388,357.9
1542,116,117,116,116,123,133,142,136,143,136,129.9
1543,284,278,260,268,270,267,273,269,273,269,248.9
1544,285,274,264,263,266,263,269,265,269,265,243.9
1545,129,133,129,132,164,171,178,174,180,174,163.9
1546,309,301,292,300,291,287,292,289,292,289,266.9
1547,342,338,330,334,334,328,334,330,334,330,305.9
1548,464,460,460,350,446,409,422,418,424,416,374.9
1549,191,206,154,177,165,167,173,169,173,169,153.9
1550,376,373,370,372,374,366,372,368,372,368,340.9
1551,300,287,287,286,284,281,286,282,286,282,260.9
1552,354,351,341,344,346,339,345,341,345,341,315.9
1553,175,188,184,183,143,146,152,148,152,148,133.9
1554,58,66,60,58,63,98,110,111,118,105,126.9
1555,284,277,265,273,261,258,264,260,264,260,239.9
1556,251,231,232,231,227,226,231,228,231,227,209.9
1557,194,323,171,182,171,173,179,175,179,175,159.9
1558,221,209,188,201,203,204,209,205,209,205,188.9
1559,226,218,207,203,202,202,208,204,208,204,186.9
1560,290,280,269,274,274,271,276,273,276,272,251.9
1561,222,214,188,196,197,198,203,199,203,199,182.9
1562,164,178,167,169,122,126,132,128,132,127,113.9
1563,212,197,167,178,176,177,183,179,183,179,162.9
1564,258,247,238,245,240,239,244,240,244,240,221.9
1565,335,324,327,325,317,311,317,313,317,313,288.9
1566,261,250,246,245,240,239,244,240,244,240,221.9
1567,261,254,244,246,245,244,249,245,249,245,226.9
1568,266,254,243,246,249,247,253,249,253,249,229.9
1569,168,170,189,168,129,133,139,135,139,134,120.9
1570,334,320,320,323,324,319,324,320,324,320,296.9
1571,264,248,243,247,248,246,252,248,252,248,228.9
1572,367,361,364,354,354,346,352,348,352,348,321.9
1573,181,184,103,149,141,144,150,146,150,145,130.9
1574,268,256,253,250,246,244,250,246,250,246,226.9
1575,306,298,292,295,290,286,292,288,292,288,265.9
1576,176,182,267,191,134,137,143,139,143,139,124.9
1577,407,405,404,405,397,385,392,389,392,388,357.9
1578,307,292,291,292,292,288,294,290,294,290,267.9
1579,327,321,311,323,310,305,310,307,310,307,283.9
1580,227,207,199,204,194,194,200,196,200,196,178.9
1581,152,155,164,161,109,114,120,116,121,115,102.9
1582,326,319,314,318,314,309,315,311,314,311,287.9
1583,298,289,279,286,280,277,282,278,282,278,257.9
1584,270,263,251,247,247,245,250,247,250,247,226.9
1585,121,121,133,132,132,140,148,144,150,144,134.9
1586,383,377,373,373,366,357,363,359,363,359,331.9
1587,320,313,301,308,303,298,304,300,304,300,276.9
1588,247,227,222,232,230,229,235,231,235,231,212.9
1589,205,199,181,187,175,177,182,178,182,178,162.9
1590,288,277,267,275,273,270,275,272,276,272,250.9
1591,255,237,234,238,238,237,242,238,242,238,219.9
1592,396,389,381,388,393,383,389,386,389,385,356.9
1593,194,216,156,187,151,153,159,155,159,155,139.9
1594,227,205,204,214,200,200,206,202,206,202,184.9
1595,311,301,294,300,296,292,297,294,297,293,271.9
1596,357,352,340,354,349,342,348,344,348,344,318.9
1597,427,426,426,420,413,396,405,401,405,400,366.9
1598,228,215,202,206,207,207,213,209,213,209,191.9
1599,49,82,52,51,49,86,102,99,105,92,94.9
1600,263,245,238,242,246,245,250,246,250,246,227.9
1601,364,362,349,352,347,339,345,341,345,341,314.9
1602,222,197,199,210,194,195,200,196,200,196,179.9
1603,226,213,196,208,199,199,205,201,205,201,183.9
1604,157,163,159,161,156,160,167,163,167,162,148.9
1605,320,308,309,313,305,300,306,302,306,302,278.9
1606,120,124,124,120,124,132,140,136,142,136,126.9
1607,387,382,381,380,377,368,374,370,374,370,342.9
1608,140,141,144,152,145,151,158,154,159,153,141.9
1609,279,269,261,264,263,261,266,262,266,262,242.9
1610,290,282,281,279,277,274,279,276,279,275,254.9
1611,176,181,185,185,124,127,133,129,133,129,114.9
1612,445,431,435,441,439,417,427,421,427,422,385.9
1613,355,346,350,350,339,332,338,334,338,334,308.9
1614,276,269,253,261,261,259,264,260,264,260,240.9
1615,214,188,181,195,187,188,193,190,194,189,172.9
1616,196,223,171,179,173,175,181,177,181,176,160.9
1617,321,312,305,311,301,296,302,298,302,298,274.9
1618,219,198,186,201,190,191,196,192,196,192,175.9
1619,228,206,200,212,202,202,208,204,208,204,186.9
1620,405,403,401,404,390,379,386,382,386,381,352.9
1621,220,218,204,201,185,186,191,187,191,187,170.9
1622,203,152,180,181,178,180,185,181,185,181,165.9
1623,305,293,287,295,291,287,293,289,293,289,266.9
1624,248,238,227,237,225,224,229,226,230,226,207.9
1625,368,361,361,357,362,354,360,356,360,356,329.9
1626,295,281,279,276,275,272,277,273,277,273,252.9
1627,407,401,404,402,402,390,397,394,397,393,362.9
1628,328,322,315,318,312,307,312,309,312,308,284.9
1629,274,267,261,252,259,257,262,258,262,258,238.9
1630,243,230,216,229,221,220,226,222,226,222,203.9
1631,270,259,254,249,251,249,254,251,254,251,230.9
1632,317,303,300,301,299,294,300,296,300,296,272.9
1633,387,383,382,384,375,366,372,368,372,368,340.9
1634,220,207,190,196,190,191,196,192,196,192,175.9
1635,200,183,165,182,175,177,182,179,183,178,162.9
1636,335,323,322,327,323,318,323,319,323,319,295.9
1637,217,198,201,193,193,194,199,196,199,195,178.9
1638,356,348,347,355,348,341,347,343,347,343,317.9
1639,268,260,250,253,246,244,250,246,250,246,226.9
1640,390,384,382,379,383,373,380,376,380,375,347.9
1641,323,315,310,312,313,308,314,310,314,310,286.9
1642,331,322,321,316,321,316,321,317,321,317,293.9
1643,363,358,354,359,357,350,355,351,355,351,325.9
1644,220,190,191,195,197,198,203,199,203,199,182.9
1645,413,401,404,411,410,397,404,401,405,400,369.9
1646,237,222,215,216,215,215,220,216,220,216,198.9
1647,291,279,274,281,273,270,275,272,275,271,250.9
1648,175,178,197,265,140,143,149,145,149,145,130.9
1649,258,248,242,239,243,242,247,243,247,243,224.9
1650,331,322,318,317,321,316,321,317,321,317,293.9
1651,406,404,399,400,389,378,385,381,385,380,350.9
1652,117,117,118,121,139,149,157,152,159,152,145.9
1653,148,149,154,170,78,83,90,86,90,85,72.9
1654,236,222,204,219,210,210,215,211,215,211,193.9
1655,251,241,231,227,230,229,234,231,234,230,212.9
1656,325,321,311,320,316,311,317,313,316,313,289.9
1657,238,223,211,227,223,223,228,224,228,224,206.9
1658,343,333,330,340,330,324,330,326,330,326,300.9
1659,351,348,337,342,336,329,335,331,335,331,305.9
1660,349,339,338,344,345,339,344,340,344,340,315.9
1661,309,296,293,298,293,289,294,291,294,291,268.9
1662,375,373,373,366,365,357,363,359,363,359,331.9
1663,325,314,309,317,312,307,313,309,312,309,285.9
1664,278,270,258,267,263,261,266,262,266,262,242.9
1665,385,382,375,378,380,371,377,373,377,373,345.9
1666,396,395,388,392,385,375,381,378,381,377,348.9
1667,352,348,340,347,336,329,335,331,335,331,305.9
1668,256,247,227,234,236,235,240,236,240,236,217.9
1669,282,270,265,265,258,255,261,257,261,257,236.9
1670,241,224,212,223,215,215,220,216,220,216,198.9
1671,252,235,230,231,226,225,230,227,230,226,207.9
1672,317,300,301,305,296,291,297,293,297,293,269.9
1673,201,156,167,162,171,173,178,175,178,174,158.9
1674,286,274,268,276,267,264,270,266,270,266,244.9
1675,234,220,209,214,207,207,212,209,212,208,190.9
1676,322,311,311,312,312,307,313,309,313,309,285.9
1677,204,199,169,173,163,165,170,166,170,166,150.9
1678,247,229,231,224,229,228,234,230,234,230,211.9
1679,204,107,170,166,178,180,185,181,185,181,165.9
1680,428,427,424,426,416,399,408,404,408,403,369.9
1681,201,181,159,182,163,165,170,167,171,166,150.9
1682,277,265,256,261,260,258,263,259,263,259,239.9
1683,252,240,232,234,229,228,233,230,233,229,210.9
1684,294,281,276,282,277,274,279,275,279,275,254.9
1685,146,148,158,150,117,122,129,125,130,124,111.9
1686,326,316,315,316,315,310,316,312,315,312,288.9
1687,403,401,397,398,389,378,385,381,385,380,351.9
1688,201,59,168,176,163,165,170,167,170,166,150.9
1689,514,391,416,508,395,290,297,293,312,305,228.9
1690,351,348,340,343,338,332,337,333,337,333,308.9
1691,246,229,227,228,221,220,226,222,226,222,203.9
1692,130,131,130,131,140,147,154,150,156,149,138.9
1693,357,351,347,344,343,336,342,338,342,338,312.9
1694,151,155,163,156,73,78,84,80,85,79,67.9
1695,154,158,154,179,150,155,161,157,162,156,143.9
1696,266,252,243,253,245,243,249,245,249,245,225.9
1697,389,382,384,387,372,362,369,365,369,364,336.9
1698,294,283,282,281,274,271,276,272,276,272,251.9
1699,375,369,367,368,360,352,358,354,358,354,326.9
1700,308,302,294,295,294,290,295,292,296,292,269.9
1701,212,182,185,202,185,186,192,188,192,188,171.9
1702,418,417,410,407,411,397,405,401,405,400,368.9
1703,292,281,275,272,282,279,284,280,284,280,259.9
1704,413,411,401,411,397,384,391,388,392,387,356.9
1705,167,176,287,183,115,119,125,121,125,120,106.9
1706,400,392,393,395,388,377,384,380,384,380,350.9
1707,440,434,431,433,430,409,419,413,419,414,378.9
1708,363,358,351,362,349,342,347,343,347,343,317.9
1709,120,120,121,121,140,149,156,152,159,152,144.9
1710,354,344,339,344,339,332,338,334,338,334,308.9
1711,377,370,369,372,371,362,369,365,369,365,336.9
1712,317,306,303,312,299,294,300,296,300,296,272.9
1713,245,226,225,229,225,224,230,226,230,226,207.9
1714,541,418,533,521,538,409,415,408,421,417,333.9
1715,220,209,182,208,186,187,192,188,192,188,171.9
1716,299,290,280,282,286,283,288,284,288,284,263.9
1717,336,329,324,330,327,321,327,323,327,323,298.9
1718,355,349,343,352,338,331,337,333,337,333,307.9
1719,189,202,137,186,150,152,158,154,158,154,138.9
1720,271,264,245,251,249,247,252,249,252,249,228.9
1721,175,185,175,247,136,139,145,141,145,141,126.9
1722,311,296,299,302,297,293,298,295,298,294,272.9
1723,350,348,338,340,338,332,337,333,337,333,308.9
1724,490,475,484,482,459,395,401,404,409,403,348.9
1725,342,337,334,332,334,328,334,330,334,330,305.9
1726,362,356,351,351,349,342,347,344,348,344,317.9
1727,360,357,344,350,346,339,345,341,345,341,314.9
1728,250,239,227,237,229,228,233,230,233,229,211.9
1729,281,275,263,270,265,263,268,264,268,264,244.9
1730,185,195,109,145,151,154,159,156,160,155,140.9
1731,0,18,2,1,0,65,74,83,93,70,70.9
1732,355,349,342,345,341,334,340,336,340,336,310.9
1733,263,250,240,239,244,243,248,244,248,244,225.9
1734,204,82,173,173,168,170,175,171,175,171,155.9
1735,59,60,63,59,61,95,108,109,115,103,173.9
1736,226,213,196,205,201,201,207,203,207,203,185.9
1737,413,410,411,409,396,383,390,387,391,386,355.9
1738,288,280,267,271,272,269,274,271,275,271,249.9
1739,331,327,321,324,314,309,314,310,314,310,286.9
1740,417,416,416,406,406,392,400,396,400,395,363.9
1741,44,69,46,44,49,90,106,102,108,94,98.9
1742,250,236,226,236,229,228,233,230,234,229,211.9
1743,343,340,331,340,333,327,333,329,333,329,304.9
1744,141,144,151,155,86,92,99,95,99,93,82.9
1745,274,261,255,255,253,251,256,252,256,252,232.9
1746,447,443,437,446,442,419,429,422,429,424,387.9
1747,69,69,74,70,69,96,110,105,109,99,115.9
1748,217,206,194,197,192,193,198,195,198,194,177.9
1749,301,290,287,285,287,284,289,285,289,285,263.9
1750,321,310,308,314,308,303,309,305,309,305,281.9
1751,166,167,234,183,119,123,129,125,129,124,110.9
1752,287,277,269,270,271,268,273,270,274,270,248.9
1753,227,223,205,206,198,198,204,200,204,200,182.9
1754,316,302,303,302,304,300,305,301,305,301,278.9
1755,283,272,267,270,265,262,268,264,268,264,243.9
1756,184,202,171,91,138,141,146,143,147,142,127.9
1757,377,366,369,373,360,351,357,354,357,353,325.9
1758,199,288,179,176,159,161,166,163,167,162,146.9
1759,100,101,103,100,103,116,127,121,129,120,117.9
1760,364,354,357,355,355,348,353,349,353,349,323.9
1761,265,253,247,248,241,239,245,241,245,241,221.9
1762,377,373,360,366,361,352,358,355,358,354,326.9
1763,204,195,177,164,175,177,182,178,182,178,162.9
1764,260,250,241,242,234,233,238,234,238,234,215.9
1765,232,216,197,215,211,211,216,213,216,212,194.9
1766,265,245,242,246,246,244,250,246,250,246,226.9
1767,429,422,422,428,424,407,416,411,416,411,377.9
1768,329,318,318,315,318,313,318,315,318,314,290.9
1769,232,213,209,212,200,200,205,202,205,201,183.9
1770,315,303,302,300,298,294,299,295,299,295,272.9
1771,294,286,280,279,279,276,281,277,281,277,256.9
1772,222,195,197,199,195,196,201,197,201,197,180.9
1773,282,269,265,268,260,257,263,259,263,259,238.9
1774,305,296,291,298,289,285,291,287,291,287,264.9
1775,371,361,361,368,368,360,366,362,366,362,335.9
1776,284,272,262,273,265,262,268,264,268,264,243.9
1777,358,352,349,352,347,340,346,342,346,342,316.9
1778,493,453,453,385,452,383,388,390,397,391,333.9
1779,182,183,147,168,143,146,152,148,152,147,132.9
1780,324,312,310,316,308,303,309,305,309,305,281.9
1781,165,173,183,175,113,117,123,119,123,118,104.9
1782,217,194,187,209,190,191,196,193,196,192,175.9
1783,130,137,137,134,165,172,179,175,181,174,163.9
1784,271,260,250,254,249,247,252,249,252,248,228.9
1785,412,407,406,410,395,382,390,386,390,385,354.9
1786,341,334,326,333,323,317,323,319,323,319,294.9
1787,379,369,365,370,367,358,364,361,364,360,332.9
1788,302,296,285,286,285,281,287,283,287,283,260.9
1789,129,129,133,132,144,151,158,154,160,153,142.9
1790,302,293,287,284,286,282,288,284,288,284,261.9
1791,252,241,227,231,228,227,232,228,232,228,209.9
1792,295,284,275,285,282,279,284,280,284,280,259.9
1793,466,454,444,430,462,424,435,433,439,431,388.9
1794,198,205,171,177,159,161,167,163,167,162,146.9
1795,308,301,295,301,293,289,294,291,295,291,268.9
1796,304,293,287,290,290,286,292,288,292,288,265.9
1797,336,332,319,327,325,319,325,321,325,321,296.9
1798,336,322,325,334,325,319,325,321,325,321,296.9
1799,194,225,138,169,159,161,167,163,167,163,147.9
1800,375,372,363,369,368,360,366,362,366,362,335.9
1801,334,326,325,322,322,317,322,318,322,318,294.9
1802,335,332,321,327,329,324,329,325,329,325,301.9
1803,139,139,140,140,264,270,277,273,278,272,260.9
1804,163,170,183,164,139,143,149,145,150,144,130.9
1805,259,250,237,238,241,240,245,241,245,241,222.9
1806,205,197,182,187,165,167,172,168,172,168,152.9
1807,240,225,218,225,210,210,215,211,215,211,193.9
1808,319,311,310,308,304,299,305,301,305,301,277.9
1809,329,318,319,319,316,311,316,313,316,312,288.9
1810,239,232,212,226,223,223,228,224,228,224,206.9
1811,171,173,212,197,139,143,149,145,149,144,130.9
1812,344,338,329,331,340,334,340,336,340,336,310.9
1813,104,104,110,104,106,118,129,123,130,122,118.9
1814,193,227,167,174,163,165,171,167,171,167,151.9
1815,333,319,314,324,320,315,320,316,320,316,292.9
1816,176,178,271,231,144,147,153,149,153,149,134.9
1817,313,300,298,308,301,297,302,298,302,298,275.9
1818,378,376,367,365,360,351,357,354,357,353,325.9
1819,188,188,109,165,156,158,164,160,164,160,144.9
1820,276,268,258,262,256,254,259,255,259,255,235.9
1821,290,278,272,275,274,271,276,273,276,273,251.9
1822,371,366,362,363,360,352,358,354,358,354,327.9
1823,351,349,344,347,346,340,345,341,345,341,316.9
1824,292,287,280,277,274,271,276,272,276,272,251.9
1825,255,242,234,243,231,230,235,231,235,231,212.9
1826,324,319,313,315,308,303,309,305,309,305,281.9
1827,222,207,193,201,197,198,203,199,203,199,182.9
1828,344,339,333,334,331,325,331,327,331,327,301.9
1829,295,288,280,279,273,270,275,271,275,271,250.9
1830,400,398,392,395,391,380,387,383,387,383,353.9
1831,237,224,212,219,211,211,216,212,216,212,194.9
1832,325,314,312,316,307,302,308,304,307,304,280.9
1833,209,198,169,190,177,178,184,180,184,180,163.9
1834,340,328,325,328,327,321,327,323,327,323,298.9
1835,346,337,333,339,337,331,336,333,336,332,307.9
1836,347,346,343,340,331,325,330,326,330,326,301.9
1837,252,234,233,236,231,230,235,231,235,231,212.9
1838,79,80,79,81,82,103,118,110,118,110,107.9
1839,273,257,252,255,253,251,256,252,256,252,232.9
1840,255,237,234,241,238,237,242,238,242,238,219.9
1841,372,370,363,361,362,354,360,356,360,356,329.9
1842,285,278,270,274,274,271,277,273,277,273,251.9
1843,231,223,210,218,205,205,210,207,210,206,188.9
1844,200,138,157,181,160,162,167,164,168,163,147.9
1845,207,201,164,197,175,177,182,178,182,178,162.9
1846,266,255,249,249,243,241,247,243,247,243,223.9
1847,276,262,255,256,255,253,258,254,258,254,234.9
1848,340,335,332,329,327,321,327,323,327,323,298.9
1849,255,245,235,237,237,236,241,237,241,237,218.9
1850,322,315,310,308,305,300,306,302,306,302,278.9
1851,339,335,332,327,326,320,326,322,326,322,297.9
1852,125,126,125,127,242,249,257,253,259,252,241.9
1853,315,299,302,306,301,297,302,298,302,298,275.9
1854,132,133,132,132,184,191,198,194,199,193,182.9
1855,167,174,171,176,131,135,141,137,141,136,122.9
1856,374,371,361,367,369,361,367,363,367,363,336.9
1857,197,245,161,152,164,166,172,168,172,167,151.9
1858,338,335,331,333,323,317,323,319,323,319,294.9
1859,302,293,287,291,286,282,288,284,288,284,261.9
1860,398,393,384,396,391,381,387,383,387,383,354.9
1861,187,217,-6,159,149,152,157,153,157,153,138.9
1862,359,348,345,350,353,346,352,348,352,348,322.9
1863,259,244,242,236,240,239,244,240,244,240,221.9
1864,131,139,149,142,133,140,147,143,148,142,131.9
1865,192,213,173,186,152,154,160,156,160,156,140.9
1866,213,208,173,195,184,185,191,187,191,187,170.9
1867,216,191,194,189,189,190,195,192,195,191,174.9
1868,344,341,339,335,328,322,328,324,327,324,298.9
1869,401,394,388,393,399,388,395,391,395,391,361.9
1870,389,386,382,380,388,379,385,381,385,381,353.9
1871,288,275,271,275,266,263,268,265,269,265,243.9
1872,335,325,318,331,320,315,320,316,320,316,292.9
1873,326,314,313,315,313,308,313,310,313,310,286.9
1874,191,214,151,189,167,169,175,171,175,171,155.9
1875,313,301,296,303,302,298,303,299,303,299,276.9
1876,433,429,427,419,432,413,423,418,423,418,383.9
1877,290,279,277,277,269,266,271,268,271,267,246.9
1878,171,180,188,227,123,126,133,129,133,128,113.9
1879,332,321,317,322,323,318,323,319,323,319,295.9
1880,364,354,361,355,353,345,351,347,351,347,320.9
1881,273,263,249,257,257,255,260,256,260,256,236.9
1882,280,263,261,264,265,263,268,264,268,264,244.9
1883,270,255,250,254,251,249,254,251,254,251,230.9
1884,175,183,227,193,136,139,145,141,145,141,126.9
1885,340,332,333,335,336,330,336,332,336,332,307.9
1886,304,290,287,293,285,281,287,283,287,283,260.9
1887,412,404,411,408,408,395,403,399,403,398,367.9
1888,290,282,270,273,274,271,276,273,276,273,251.9
1889,343,340,329,336,336,330,336,332,336,332,307.9
1890,380,375,376,377,374,365,371,368,371,367,339.9
1891,313,305,296,301,293,289,294,290,294,290,267.9
1892,313,305,299,304,299,295,300,296,300,296,274.9
1893,349,342,341,341,341,335,340,336,340,336,311.9
1894,230,220,208,212,206,206,211,208,212,208,189.9
1895,318,307,304,307,303,298,304,300,304,300,276.9
1896,371,365,365,358,363,355,361,357,361,357,330.9
1897,199,226,146,184,156,158,163,160,164,159,143.9
1898,309,293,291,301,292,288,293,290,293,290,267.9
1899,293,280,276,284,275,272,277,273,277,273,252.9
1900,330,326,311,320,313,308,313,309,313,309,285.9
1901,236,228,211,212,219,219,224,220,224,220,202.9
1902,285,268,269,267,270,267,273,269,273,269,248.9
1903,137,137,142,138,174,180,187,183,188,182,170.9
1904,364,355,354,355,351,343,349,345,349,345,318.9
1905,273,257,248,253,251,249,254,250,254,250,230.9
1906,348,344,341,339,334,328,333,329,333,329,304.9
1907,199,303,191,157,168,170,176,172,176,171,155.9
1908,283,272,264,271,259,256,262,258,262,258,237.9
1909,380,374,376,370,372,363,369,365,369,365,337.9
1910,284,272,265,271,261,258,264,260,264,260,239.9
1911,262,246,246,248,244,243,248,244,248,244,225.9
1912,388,385,376,383,378,369,375,371,375,371,343.9
1913,227,211,201,207,208,208,214,210,214,210,192.9
1914,286,276,267,271,273,270,276,272,276,272,250.9
1915,148,150,153,155,86,91,98,94,98,93,80.9
1916,256,239,233,238,233,232,237,233,237,233,214.9
1917,257,235,239,237,235,234,239,235,239,235,216.9
1918,310,298,295,293,291,287,292,289,292,288,266.9
1919,158,159,167,160,83,87,94,90,94,89,75.9
1920,329,316,319,321,313,308,313,310,313,309,285.9
1921,473,466,394,448,385,337,348,348,355,343,298.9
1922,218,195,192,201,201,202,207,203,207,203,186.9
1923,346,339,334,332,332,326,331,328,331,327,302.9
1924,145,149,146,158,18,23,30,26,31,25,12.9
1925,444,440,440,443,421,399,409,403,410,404,368.9
1926,321,308,306,314,306,301,307,303,307,303,279.9
1927,361,359,354,354,348,341,346,343,347,343,316.9
1928,272,256,253,260,257,255,260,257,260,256,236.9
1929,438,436,433,435,420,399,410,404,410,405,368.9
1930,227,216,204,217,206,206,212,208,212,208,190.9
1931,259,244,245,241,238,237,242,238,242,238,219.9
1932,247,231,225,230,228,227,233,229,233,229,210.9
1933,244,230,217,225,228,227,233,229,233,229,210.9
1934,207,196,163,184,176,177,183,179,183,179,162.9
1935,230,213,212,219,209,209,214,211,215,211,193.9
1936,371,368,364,367,363,355,361,357,361,357,330.9
1937,319,308,308,309,302,297,303,299,303,299,275.9
1938,250,231,228,235,227,226,231,228,231,227,209.9
1939,222,190,194,204,203,204,209,205,209,205,188.9
1940,368,367,358,364,351,343,349,345,349,345,318.9
1941,475,466,392,468,372,324,333,335,341,330,285.9
1942,162,165,185,162,120,124,130,126,131,125,112.9
1943,182,186,73,162,131,134,140,136,140,135,120.9
1944,382,373,370,376,372,363,369,365,369,365,337.9
1945,397,390,386,393,387,377,383,379,383,379,350.9
1946,324,318,309,309,310,305,311,307,311,307,283.9
1947,296,287,285,280,279,276,281,277,281,277,256.9
1948,260,248,241,244,240,239,244,240,244,240,221.9
1949,406,404,398,405,403,392,399,395,399,394,364.9
1950,198,322,168,173,173,175,181,177,181,176,160.9
1951,363,360,359,357,359,352,357,353,357,353,327.9
1952,342,336,331,331,331,325,331,327,331,327,302.9
1953,177,187,120,160,154,157,163,159,163,158,144.9
1954,502,466,433,496,459,374,386,380,394,384,319.9
1955,257,246,231,242,239,238,243,239,243,239,220.9
1956,39,149,42,39,41,83,99,96,103,87,88.9
1957,257,245,235,245,238,237,242,238,242,238,219.9
1958,185,186,110,138,149,152,157,153,158,153,138.9
1959,156,157,167,172,108,113,119,115,119,114,101.9
1960,265,259,248,251,244,242,248,244,248,244,224.9
1961,315,304,296,302,296,292,297,293,297,293,270.9
1962,168,174,224,170,142,146,152,148,152,147,133.9
1963,290,277,277,280,271,268,273,270,273,270,248.9
1964,418,413,413,417,408,394,402,398,402,397,365.9
1965,331,325,323,323,318,313,318,314,318,314,290.9
1966,183,188,175,174,141,144,150,146,150,145,130.9
1967,272,258,254,253,248,246,251,248,251,247,227.9
1968,364,363,360,352,352,345,350,346,350,346,320.9
1969,283,278,264,272,269,266,272,268,272,268,247.9
1970,278,267,258,265,261,259,264,260,264,260,240.9
1971,210,171,163,203,174,175,181,177,181,177,160.9
1972,60,69,60,63,70,104,116,114,124,110,150.9
1973,383,377,374,376,376,367,373,369,373,369,341.9
1974,316,301,302,309,298,294,299,295,299,295,272.9
1975,302,289,285,290,289,285,291,287,291,287,264.9
1976,404,402,395,399,387,376,383,379,383,378,349.9
1977,227,208,199,214,197,197,203,199,203,199,181.9
1978,352,349,343,347,338,331,337,333,337,333,307.9
1979,229,217,200,208,209,209,215,211,215,211,193.9
1980,133,136,139,142,209,215,223,219,224,218,206.9
1981,348,344,337,338,344,338,343,339,343,339,314.9
1982,407,405,402,400,393,381,388,385,388,384,353.9
1983,319,309,305,310,301,296,302,298,302,298,274.9
1984,196,256,167,155,163,165,171,167,171,167,151.9
1985,286,279,269,275,267,264,270,266,270,266,244.9
1986,274,267,256,258,255,253,258,254,258,254,234.9
1987,211,199,167,196,184,185,191,187,191,187,170.9
1988,266,257,251,246,245,243,249,245,249,245,225.9
1989,138,140,145,149,148,154,161,157,162,156,144.9
1990,193,242,153,170,170,172,178,174,178,174,158.9
1991,181,186,103,130,130,133,139,135,139,134,119.9
1992,315,310,301,304,295,291,296,292,296,292,269.9
1993,301,292,282,281,284,280,286,282,286,282,259.9
1994,171,172,198,173,139,142,149,145,149,144,129.9
1995,123,125,126,124,125,133,141,136,142,136,126.9
1996,248,225,216,225,228,227,232,229,233,229,210.9
1997,118,119,120,118,141,150,158,154,161,154,146.9
1998,352,342,341,348,347,340,346,342,346,342,316.9
1999,371,367,362,369,363,355,361,357,361,357,330.9
2000,215,196,173,196,181,182,187,184,188,183,166.9
2001,203,187,157,196,177,179,184,180,184,180,164.9
2002,258,244,234,238,231,230,235,231,235,231,212.9
2003,339,326,328,332,333,327,333,329,333,329,304.9
2004,249,234,227,239,222,221,226,223,227,223,204.9
2005,418,408,414,406,409,395,403,399,403,398,366.9
2006,310,297,294,299,294,290,295,292,295,292,269.9
2007,228,220,199,211,209,209,215,211,215,211,193.9
2008,247,231,232,227,228,227,233,229,233,229,210.9
2009,340,328,325,330,331,325,331,327,331,327,302.9
2010,269,259,248,256,252,250,255,252,256,252,232.9
2011,226,213,206,211,198,198,204,200,204,200,182.9
2012,297,287,278,280,285,282,287,283,287,283,262.9
2013,211,204,169,172,180,181,187,183,187,183,166.9
2014,153,157,185,163,96,101,107,103,108,102,89.9
2015,328,321,315,314,314,309,314,311,314,310,286.9
2016,164,171,170,167,126,130,136,132,136,131,117.9
2017,321,313,303,312,310,305,311,307,311,307,283.9
2018,290,282,269,273,276,273,278,275,278,275,253.9
2019,305,294,288,296,290,286,292,288,292,288,265.9
2020,270,259,247,256,251,249,254,251,254,251,230.9
2021,221,213,195,206,198,199,204,200,204,200,183.9
2022,410,402,409,408,402,389,397,393,397,393,361.9
2023,296,288,282,281,281,278,283,279,283,279,258.9
2024,357,356,344,349,346,339,345,341,345,341,315.9
2025,326,322,315,315,314,309,315,311,314,311,287.9
2026,188,191,158,131,137,140,145,141,145,141,126.9
2027,312,301,301,295,295,291,296,293,296,292,270.9
2028,307,291,298,290,292,288,294,290,294,290,267.9
2029,219,203,188,207,191,192,197,193,197,193,176.9
2030,104,106,108,104,129,141,152,145,153,145,141.9
2031,244,230,225,224,229,228,234,230,234,230,211.9
2032,302,287,289,287,290,286,292,288,292,288,265.9
2033,361,352,352,351,350,343,348,345,349,345,318.9
2034,360,354,355,359,348,341,347,343,347,343,316.9
2035,316,305,303,306,303,299,304,300,304,300,277.9
2036,480,475,441,424,461,409,417,417,424,417,368.9
2037,314,307,299,307,298,294,299,295,299,295,272.9
2038,274,264,261,256,254,252,257,253,257,253,233.9
2039,210,196,184,194,186,187,193,189,193,189,172.9
2040,374,372,366,372,364,356,362,358,362,358,331.9
2041,304,294,290,293,291,287,293,289,293,289,266.9
2042,89,90,94,91,92,107,120,114,123,113,189.9
2043,143,144,152,150,125,131,137,133,138,132,121.9
2044,359,356,351,352,347,340,346,342,346,342,316.9
2045,385,376,376,380,370,361,367,363,367,363,335.9
2046,396,386,391,393,392,382,388,385,388,384,355.9
2047,312,302,294,299,295,291,296,292,296,292,270.9
2048,342,338,333,326,326,320,326,322,326,322,297.9
2049,203,144,184,184,173,175,180,176,180,176,160.9
2050,143,153,155,143,114,120,126,122,127,121,110.9
2051,354,351,343,348,340,333,339,335,339,335,309.9
2052,167,180,228,170,117,121,127,123,127,122,108.9
2053,292,285,270,275,276,273,278,275,278,274,253.9
2054,366,356,356,352,355,347,353,349,353,349,322.9
2055,243,227,226,233,224,223,229,225,229,225,206.9
2056,182,188,129,169,159,162,168,164,168,163,148.9
2057,324,319,308,312,310,305,311,307,311,307,283.9
2058,147,152,154,156,104,109,116,112,117,111,98.9
2059,386,382,374,379,374,365,371,367,371,367,339.9
2060,382,379,366,379,370,361,367,363,367,363,335.9
2061,242,219,215,225,217,216,222,218,222,218,199.9
2062,181,186,107,151,141,144,150,146,150,145,130.9
2063,361,359,350,349,355,348,354,350,354,350,323.9
2064,219,217,186,198,193,194,199,195,199,195,178.9
2065,409,403,407,400,405,393,400,396,400,396,365.9
2066,223,209,201,198,190,191,196,192,196,192,175.9
2067,304,287,291,293,285,281,287,283,287,283,260.9
2068,428,425,422,427,417,400,409,405,409,404,370.9
2069,312,296,296,300,295,291,296,293,296,292,270.9
2070,292,285,277,276,280,277,282,278,282,278,257.9
2071,262,254,242,243,237,236,241,237,241,237,218.9
2072,284,277,264,267,261,258,264,260,264,260,239.9
2073,257,242,234,239,240,239,244,240,244,240,221.9
2074,297,288,287,278,285,282,287,283,287,283,262.9
2075,339,333,328,336,331,325,331,327,331,327,302.9
2076,368,356,365,360,355,347,353,349,353,349,322.9
2077,366,362,352,364,353,345,351,347,351,347,320.9
2078,290,276,272,281,275,272,277,274,277,273,252.9
2079,279,263,265,269,262,260,265,261,265,261,241.9
2080,330,322,317,319,315,310,315,311,315,311,287.9
2081,272,265,255,259,251,249,254,251,254,250,230.9
2082,154,160,169,171,91,96,102,98,103,97,84.9
2083,337,325,327,328,327,321,327,323,327,323,298.9
2084,156,158,157,186,108,113,119,115,119,114,101.9
2085,381,380,370,380,372,363,369,365,369,365,337.9
2086,434,427,425,430,418,399,409,404,409,404,369.9
2087,303,292,285,294,291,287,293,289,293,289,266.9
2088,240,233,223,227,214,214,219,215,219,215,197.9
2089,239,227,209,218,216,216,221,217,221,217,199.9
2090,276,268,264,260,253,251,256,252,256,252,232.9
2091,403,398,400,398,393,382,389,385,389,384,355.9
2092,228,205,192,214,199,199,205,201,205,201,183.9
2093,253,238,233,237,224,223,228,224,228,224,205.9
2094,322,316,307,310,310,305,311,307,311,307,283.9
2095,357,354,352,344,345,338,344,340,344,340,314.9
2096,210,196,180,190,183,184,190,186,190,186,169.9
2097,148,153,149,156,98,103,110,106,110,105,92.9
2098,202,122,174,182,171,173,178,174,178,174,158.9
2099,360,353,344,352,347,340,346,342,346,342,315.9
2100,352,345,342,343,344,337,343,339,343,339,313.9
2101,360,355,350,354,347,340,346,342,346,342,315.9
2102,186,189,163,119,156,159,164,160,165,160,145.9
2103,251,226,229,231,222,221,226,223,226,222,204.9
2104,167,172,196,176,119,123,129,125,129,124,110.9
2105,403,397,394,390,391,380,387,383,387,382,353.9
2106,342,336,333,334,332,326,332,328,332,328,303.9
2107,141,150,144,149,127,133,140,136,140,134,123.9
2108,260,245,242,244,238,237,242,238,242,238,219.9
2109,160,171,187,166,107,111,117,113,118,112,99.9
2110,331,323,318,322,322,317,322,318,322,318,294.9
2111,358,347,348,349,351,344,350,346,350,346,320.9
2112,263,253,247,251,239,238,243,239,243,239,220.9
2113,219,199,192,204,201,202,207,203,207,203,186.9
2114,251,238,227,232,230,229,234,231,234,230,212.9
2115,244,225,227,227,228,227,233,229,233,229,210.9
2116,245,235,216,235,220,219,225,221,225,221,202.9
2117,335,324,319,329,324,318,324,320,324,320,295.9
2118,379,371,372,371,366,357,363,360,363,359,331.9
2119,140,145,148,152,227,233,240,236,241,235,223.9
2120,75,78,78,75,78,101,117,109,116,107,108.9
2121,393,388,386,386,378,368,375,371,375,370,341.9
2122,419,417,415,417,407,392,401,397,401,396,363.9
2123,358,354,346,344,352,345,351,347,351,347,321.9
2124,378,376,369,372,367,358,364,361,364,360,332.9
2125,311,302,299,298,295,291,296,293,296,292,270.9
2126,198,240,185,194,169,171,177,173,177,172,156.9
2127,285,269,264,268,267,264,270,266,270,266,245.9
2128,350,347,341,342,338,332,337,333,337,333,308.9
2129,299,288,284,288,282,279,284,280,284,280,259.9
2130,283,277,261,266,264,261,267,263,267,263,242.9
2131,223,194,195,192,194,195,200,196,200,196,179.9
2132,300,293,285,286,288,285,290,286,290,286,264.9
2133,301,295,290,287,285,281,287,283,287,283,260.9
2134,146,154,148,148,122,127,134,130,135,129,116.9
2135,301,290,287,288,280,276,282,278,282,278,255.9
2136,202,185,170,178,177,179,184,180,184,180,164.9
2137,408,406,398,396,402,390,397,394,397,393,362.9
2138,340,337,333,336,331,325,331,327,331,327,302.9
2139,330,321,314,325,320,315,320,316,320,316,292.9
2140,301,292,292,286,283,280,285,281,285,281,259.9
2141,279,264,259,265,258,256,261,257,261,257,237.9
2142,322,314,305,314,309,304,310,306,310,306,282.9
2143,289,278,269,274,271,268,273,270,273,270,248.9
2144,386,384,383,382,371,362,368,364,368,364,336.9
2145,462,456,454,442,450,415,428,423,429,422,380.9
2146,315,305,303,311,306,302,307,303,307,303,280.9
2147,299,292,287,291,283,280,285,281,285,281,260.9
2148,255,237,229,231,236,235,240,236,240,236,217.9
2149,165,166,196,190,124,128,134,130,134,129,115.9
2150,425,421,418,419,420,404,413,408,413,408,375.9
2151,388,387,379,386,379,370,376,372,376,372,344.9
2152,150,152,178,157,90,95,101,98,102,96,84.9
2153,376,374,371,370,369,360,367,363,367,363,334.9
2154,312,303,298,303,301,297,302,299,302,298,276.9
2155,227,204,193,211,209,209,215,211,215,211,193.9
2156,220,210,186,195,199,200,205,201,205,201,184.9
2157,199,282,181,167,167,169,175,171,175,170,154.9
2158,357,352,348,350,344,337,343,339,343,339,313.9
2159,220,202,190,202,190,191,196,192,196,192,175.9
2160,376,374,368,368,371,362,369,365,369,365,336.9
2161,232,211,205,221,208,208,213,210,213,209,191.9
2162,332,322,320,317,324,319,324,320,324,320,296.9
2163,255,239,235,238,232,231,236,232,236,232,213.9
2164,191,198,164,187,152,154,160,156,160,156,140.9
2165,136,144,138,142,159,165,172,169,174,167,156.9
2166,215,208,187,196,188,189,194,191,195,190,173.9
2167,382,376,378,376,366,357,363,359,363,359,331.9
2168,218,201,191,202,192,193,198,194,198,194,177.9
2169,137,142,151,147,235,241,248,244,249,243,231.9
2170,466,464,464,451,436,398,409,407,413,405,362.9
2171,356,348,345,344,347,340,346,342,346,342,316.9
2172,238,219,204,214,221,221,226,222,226,222,204.9
2173,332,324,324,325,320,315,320,316,320,316,292.9
2174,95,97,95,95,97,110,123,118,125,116,112.9
2175,275,264,261,256,258,256,261,257,261,257,237.9
2176,399,392,395,391,390,380,386,382,386,382,353.9
2177,202,141,169,181,173,175,180,176,180,176,160.9
2178,381,379,374,376,366,357,363,359,363,359,331.9
2179,313,303,299,307,294,290,295,291,295,291,268.9
2180,151,152,171,166,110,115,121,118,122,116,104.9
2181,338,335,325,329,328,322,328,324,328,324,299.9
2182,248,230,224,228,224,223,228,225,229,225,206.9
2183,367,365,361,363,361,353,359,355,359,355,328.9
2184,452,448,438,448,426,400,410,403,411,406,367.9
2185,330,321,319,324,319,314,319,316,319,315,291.9
2186,302,288,289,292,285,281,287,283,287,283,260.9
2187,314,303,299,298,299,295,300,296,300,296,273.9
2188,290,283,275,273,273,270,275,272,275,271,250.9
2189,208,180,173,180,180,181,187,183,187,183,166.9
2190,416,406,406,411,415,401,409,405,409,405,372.9
2191,354,347,346,347,348,341,347,343,347,343,317.9
2192,367,361,357,355,351,343,349,345,349,345,318.9
2193,223,205,190,201,193,194,199,195,199,195,178.9
2194,282,271,265,264,266,263,269,265,269,265,244.9
2195,346,342,328,338,342,336,341,338,341,337,312.9
2196,152,153,175,155,95,100,106,102,107,101,89.9
2197,411,405,404,404,403,390,398,394,398,393,362.9
2198,158,161,189,170,135,139,146,142,146,141,127.9
2199,308,303,296,294,297,293,298,295,299,295,272.9
2200,249,231,220,238,225,224,229,226,230,225,207.9
2201,374,365,367,358,367,359,365,361,365,361,334.9
2202,283,272,268,267,266,263,269,265,269,265,244.9
2203,429,427,428,415,425,407,417,412,417,412,377.9
2204,193,203,157,172,153,155,161,157,161,157,141.9
2205,246,229,223,224,223,222,228,224,228,224,205.9
2206,252,239,227,232,231,230,235,232,235,231,212.9
2207,323,309,313,313,307,302,308,304,308,304,280.9
2208,353,341,341,346,337,330,336,332,336,332,306.9
2209,275,269,256,255,251,249,254,250,254,250,230.9
2210,241,224,217,222,213,213,218,214,218,214,196.9
2211,324,319,309,317,309,304,310,306,310,306,282.9
2212,344,334,333,336,330,324,330,326,330,326,300.9
2213,418,417,407,416,403,389,397,393,397,392,360.9
2214,135,140,137,140,135,141,149,145,150,144,132.9
2215,339,335,320,329,323,317,323,319,323,319,294.9
2216,268,253,244,255,247,245,251,247,251,247,227.9
2217,451,442,444,433,450,424,434,428,435,430,391.9
2218,377,369,374,372,373,364,371,367,371,367,338.9
2219,231,206,201,209,207,207,212,209,212,209,190.9
2220,37,45,40,38,40,83,100,96,106,90,93.9
2221,170,184,179,288,145,149,155,151,155,150,136.9
2222,289,274,270,275,271,268,273,270,273,270,248.9
2223,200,303,138,162,171,173,178,175,179,174,158.9
2224,332,325,316,323,325,320,325,321,325,321,297.9
2225,516,390,406,484,503,386,402,399,419,405,319.9
2226,174,174,272,192,127,130,136,132,136,132,117.9
2227,330,327,312,326,317,312,317,313,317,313,289.9
2228,295,282,280,282,278,275,280,276,280,276,255.9
2229,223,220,201,201,201,202,207,203,207,203,186.9
2230,262,246,246,247,244,243,248,244,248,244,225.9
2231,359,354,349,354,349,342,348,344,348,344,317.9
2232,241,230,219,218,216,216,221,217,221,217,199.9
2233,354,348,344,347,339,332,338,334,338,334,308.9
2234,125,125,128,127,138,145,153,149,155,148,138.9
2235,406,400,402,396,398,387,394,390,394,389,359.9
2236,90,93,99,90,94,109,121,116,124,114,112.9
2237,366,363,361,359,359,351,357,353,357,353,326.9
2238,285,274,264,274,266,263,269,265,269,265,244.9
2239,272,259,249,254,259,257,262,259,262,258,238.9
2240,317,305,301,308,302,298,303,299,303,299,276.9
2241,316,303,303,304,307,303,308,304,308,304,281.9
2242,295,291,274,283,274,271,276,272,276,272,251.9
2243,241,236,214,222,218,218,223,219,223,219,201.9
2244,231,207,201,215,203,203,208,205,208,205,186.9
2245,314,303,299,301,298,294,299,295,299,295,272.9
2246,473,346,392,462,360,313,324,323,330,319,275.9
2247,224,215,190,207,198,198,204,200,204,200,182.9
2248,368,366,356,360,356,348,354,350,354,350,323.9
2249,235,210,207,215,210,210,215,211,215,211,193.9
2250,290,275,269,272,271,268,273,270,273,269,248.9
2251,220,214,185,201,195,196,201,197,201,197,180.9
2252,157,166,166,180,46,50,57,53,57,52,38.9
2253,246,239,226,229,220,219,225,221,225,221,202.9
2254,205,132,172,188,176,178,183,179,183,179,163.9
2255,195,195,141,168,175,177,183,179,183,179,163.9
2256,307,300,291,298,292,288,293,290,294,290,267.9
2257,338,331,321,327,328,322,328,324,328,324,299.9
2258,0,5,0,26,0,72,85,98,103,78,77.9
2259,251,229,232,233,230,229,234,231,234,230,211.9
2260,158,169,160,173,86,90,97,93,97,92,78.9
2261,299,292,282,289,281,278,283,279,283,279,258.9
2262,250,236,229,224,231,230,235,232,235,231,213.9
2263,309,301,293,300,293,289,294,291,294,291,268.9
2264,303,294,289,289,284,280,286,282,286,282,259.9
2265,304,293,288,297,288,284,290,286,290,286,263.9
2266,249,232,226,237,222,221,226,223,227,223,204.9
2267,197,228,161,176,166,168,174,170,174,169,153.9
2268,240,224,206,223,224,224,229,225,229,225,207.9
2269,396,391,385,386,388,378,384,381,384,380,351.9
2270,136,136,142,140,240,246,253,249,254,248,237.9
2271,247,233,226,220,225,224,230,226,230,226,207.9
2272,260,243,241,246,233,232,237,233,237,233,214.9
2273,270,257,250,250,249,247,252,249,252,249,228.9
2274,335,326,323,330,326,321,326,322,326,322,298.9
2275,147,156,151,156,104,109,116,112,117,111,98.9
2276,211,200,184,184,187,188,194,190,194,190,173.9
2277,167,172,205,221,151,155,161,157,161,156,142.9
2278,377,375,374,371,367,358,364,361,364,360,332.9
2279,245,229,215,231,226,225,231,227,231,227,208.9
2280,250,234,222,240,225,224,229,226,229,225,207.9
2281,362,358,350,357,355,348,353,350,353,350,323.9
2282,310,299,299,295,291,287,292,289,292,289,266.9
2283,315,301,301,304,302,298,303,299,303,299,276.9
2284,253,240,227,234,232,231,236,232,236,232,213.9
2285,275,260,258,261,252,250,255,251,255,251,231.9
2286,113,114,115,117,118,128,137,132,140,132,125.9
2287,335,321,326,328,327,321,327,323,327,323,298.9
2288,376,369,369,365,365,357,363,359,363,359,331.9
2289,199,200,163,182,177,179,184,181,185,180,164.9
2290,504,457,474,417,378,291,302,299,311,302,236.9
2291,209,173,178,191,181,182,188,184,188,184,167.9
2292,307,294,293,293,293,289,294,291,295,291,268.9
2293,229,208,197,211,205,205,211,207,211,207,189.9
2294,111,112,114,113,113,124,134,128,136,128,122.9
2295,323,317,310,312,304,299,305,301,305,301,277.9
2296,240,228,206,217,221,221,226,222,226,222,204.9
2297,242,217,211,227,217,216,222,218,222,218,199.9
2298,269,261,246,248,242,240,245,242,246,242,222.9
2299,285,279,267,275,268,265,271,267,271,267,246.9
2300,293,283,278,278,278,275,280,276,280,276,255.9
2301,354,351,337,351,340,333,339,335,339,335,309.9
2302,203,122,170,166,165,167,172,168,172,168,152.9
2303,309,304,292,304,298,294,299,296,299,296,273.9
2304,378,375,365,368,367,358,364,361,364,360,332.9
2305,436,433,428,425,423,403,413,408,414,408,372.9
2306,230,218,207,215,199,199,204,201,205,201,183.9
2307,274,261,257,258,254,252,257,253,257,253,233.9
2308,180,185,136,153,150,153,159,155,159,154,140.9
2309,390,382,386,386,379,369,376,372,376,371,343.9
2310,252,237,233,229,231,230,235,232,235,231,212.9
2311,225,212,197,205,201,201,207,203,207,203,185.9
2312,327,313,309,311,314,309,314,311,314,311,287.9
2313,311,297,297,297,295,291,296,293,296,292,270.9
2314,320,314,303,307,306,301,307,303,307,303,279.9
2315,288,279,266,272,273,270,275,272,276,272,250.9
2316,199,266,153,183,167,169,174,171,175,170,154.9
2317,217,200,186,195,183,184,189,186,189,185,168.9
2318,256,233,236,237,241,240,245,241,245,241,222.9
2319,348,342,341,343,338,332,337,333,337,333,308.9
2320,250,224,226,232,227,226,231,228,231,227,209.9
2321,359,351,343,353,344,337,343,339,343,339,312.9
2322,362,356,347,354,349,342,347,344,347,344,317.9
2323,318,311,303,305,304,299,305,301,305,301,277.9
2324,214,191,193,203,184,185,191,187,191,186,169.9
2325,305,295,292,295,290,286,292,288,292,288,265.9
2326,230,216,204,214,207,207,212,209,213,209,190.9
2327,184,192,113,146,162,165,171,167,171,166,151.9
2328,251,235,226,235,229,228,233,230,233,229,210.9
2329,335,327,321,319,322,317,322,318,322,318,294.9
2330,211,177,177,183,187,188,194,190,194,190,173.9
2331,116,116,117,116,122,132,141,135,143,135,128.9
2332,182,190,159,148,131,134,140,136,140,135,120.9
2333,83,83,86,83,85,103,117,110,119,109,182.9
2334,366,360,363,361,359,351,357,353,357,353,326.9
2335,320,315,306,309,301,296,302,298,302,298,274.9
2336,184,207,150,166,132,135,140,137,141,136,121.9
2337,411,408,401,408,403,390,398,394,398,393,362.9
2338,276,264,261,263,254,252,257,253,257,253,233.9
2339,355,350,347,353,346,339,345,341,345,341,315.9
2340,138,142,150,141,250,256,263,259,264,258,246.9
2341,182,196,105,149,149,152,158,154,158,153,138.9
2342,214,193,179,198,178,179,185,181,185,180,163.9
2343,368,365,357,363,365,357,363,359,363,359,332.9
2344,109,110,112,109,127,138,148,142,150,142,136.9
2345,313,302,301,299,299,295,300,296,300,296,273.9
2346,252,231,225,239,233,232,237,234,237,233,214.9
2347,119,121,125,124,119,128,136,132,138,132,123.9
2348,200,210,143,167,166,168,173,170,174,169,153.9
2349,375,365,367,367,370,362,368,364,368,364,337.9
2350,255,241,232,240,230,229,234,230,234,230,211.9
2351,286,273,267,275,267,264,270,266,270,266,244.9
2352,435,433,434,422,422,402,413,407,413,408,372.9
2353,355,347,343,346,343,336,342,338,342,338,312.9
2354,408,400,399,403,400,388,395,392,395,391,360.9
2355,434,432,422,429,428,409,419,414,419,414,379.9
2356,324,315,309,313,310,305,311,307,311,307,283.9
2357,336,325,326,323,323,317,323,319,323,319,294.9
2358,386,383,370,383,373,364,370,366,370,366,338.9
2359,437,435,435,434,432,412,422,416,422,417,381.9
2360,284,274,269,268,268,265,271,267,271,267,246.9
2361,347,339,338,338,338,332,337,333,337,333,308.9
2362,270,260,254,249,249,247,252,249,252,249,228.9
2363,128,128,128,128,157,164,172,168,173,167,156.9
2364,416,408,410,414,404,390,398,394,398,394,361.9
2365,249,226,222,232,228,227,232,229,233,228,210.9
2366,234,208,211,209,205,205,210,206,210,206,188.9
2367,355,351,342,346,346,339,345,341,345,341,315.9
2368,353,349,342,346,344,337,343,339,343,339,313.9
2369,326,317,309,315,312,307,313,309,312,309,285.9
2370,212,186,169,183,176,177,183,179,183,179,162.9
2371,306,298,295,290,295,291,297,293,297,293,270.9
2372,346,342,330,333,332,326,331,328,331,327,302.9
2373,276,263,258,262,254,252,257,253,257,253,233.9
2374,106,107,110,108,132,144,154,148,156,148,143.9
2375,460,458,443,458,459,425,439,432,439,433,391.9
2376,299,288,287,288,286,283,288,284,288,284,263.9
2377,255,237,228,238,230,229,234,230,234,230,211.9
2378,290,282,275,277,270,267,272,269,272,268,247.9
2379,375,370,363,369,374,366,372,368,372,368,341.9
2380,427,423,426,423,418,401,410,406,410,405,371.9
2381,346,342,336,339,339,333,338,335,338,334,309.9
2382,295,283,272,281,278,275,280,276,280,276,255.9
2383,365,355,353,360,347,339,345,341,345,341,314.9
2384,167,167,172,172,116,120,126,122,126,121,107.9
2385,284,276,268,266,263,260,266,262,266,262,241.9
2386,314,305,303,305,304,300,305,301,305,301,278.9
2387,251,228,232,239,225,224,229,226,229,225,206.9
2388,119,121,122,119,120,129,137,133,139,133,124.9
2389,220,198,197,197,193,194,199,195,199,195,178.9
2390,268,254,252,251,245,243,249,245,249,245,225.9
2391,208,193,178,187,178,179,185,181,185,181,164.9
2392,288,277,268,272,269,266,271,268,272,268,246.9
2393,289,277,271,273,267,264,269,266,269,266,244.9
2394,253,234,230,238,235,234,239,235,239,235,216.9
2395,407,403,394,403,396,385,392,388,392,387,357.9
2396,301,293,283,284,286,282,288,284,288,284,261.9
2397,160,169,174,163,83,87,94,90,94,89,75.9
2398,364,353,353,357,346,338,344,340,344,340,313.9
2399,123,125,134,123,129,137,145,140,146,140,130.9
2400,193,204,129,147,161,163,169,165,169,165,149.9
2401,228,214,200,215,208,208,214,210,214,210,192.9
2402,239,222,211,215,215,215,220,216,220,216,198.9
2403,325,316,318,318,310,305,311,307,310,307,283.9
2404,335,326,321,324,327,322,327,323,327,323,299.9
2405,431,429,429,427,427,409,419,414,419,414,379.9
2406,207,171,163,187,181,182,188,184,188,184,167.9
2407,238,224,212,222,218,218,223,219,223,219,201.9
2408,313,302,298,308,300,296,301,297,301,297,275.9
2409,289,280,276,278,269,266,271,268,271,268,246.9
2410,378,371,369,377,361,352,358,355,358,354,326.9
2411,250,233,228,234,235,234,239,236,239,235,217.9
2412,485,373,372,473,384,325,331,335,337,331,279.9
2413,237,216,215,208,212,212,217,213,217,213,195.9
2414,301,288,283,280,288,284,290,286,290,286,263.9
2415,203,175,163,180,170,172,177,173,177,173,157.9
2416,25,58,25,25,25,75,89,89,97,79,80.9
2417,357,348,344,345,353,346,352,348,352,348,322.9
2418,133,133,141,138,246,252,260,256,261,255,243.9
2419,300,292,286,286,283,280,285,281,285,281,259.9
2420,233,226,204,209,217,217,222,219,222,218,200.9
2421,244,226,220,232,220,219,225,221,225,221,202.9
2422,120,125,123,124,121,129,137,133,139,133,123.9
2423,325,316,308,314,311,306,312,308,312,308,284.9
2424,372,364,366,366,354,346,352,348,352,348,321.9
2425,435,431,432,426,418,399,409,404,409,404,369.9
2426,281,270,265,262,267,265,270,266,270,266,246.9
2427,336,325,323,333,326,320,326,322,326,322,297.9
2428,293,279,272,280,275,272,277,273,277,273,252.9
2429,272,256,260,259,251,249,254,251,254,250,230.9
2430,343,340,325,336,333,327,333,329,333,329,303.9
2431,376,373,367,370,367,359,365,361,365,361,333.9
2432,330,321,322,320,316,311,316,313,316,312,288.9
2433,295,286,274,278,282,279,284,280,284,280,259.9
2434,140,144,149,150,144,150,157,153,158,152,140.9
2435,277,263,256,263,259,257,262,258,262,258,238.9
2436,207,193,169,200,179,181,186,182,186,182,166.9
2437,205,199,166,188,184,186,191,187,191,187,171.9
2438,294,284,283,284,273,270,275,271,275,271,250.9
2439,380,377,372,377,367,358,364,361,364,360,332.9
2440,115,120,124,115,131,141,150,145,152,144,138.9
2441,142,142,148,151,110,116,123,119,123,117,106.9
2442,304,298,292,288,290,286,292,288,292,288,265.9
2443,431,430,430,429,429,411,420,416,421,415,381.9
2444,392,390,384,384,391,381,388,384,388,383,354.9
2445,438,436,436,427,431,410,420,415,421,415,379.9
2446,235,215,211,223,211,211,216,212,216,212,194.9
2447,397,394,386,386,378,368,374,371,374,370,341.9
2448,303,290,283,289,286,282,288,284,288,284,261.9
2449,422,416,410,414,421,406,414,410,414,410,377.9
2450,191,200,157,170,143,145,151,147,151,147,131.9
2451,171,190,270,282,139,142,148,145,149,144,129.9
2452,240,229,213,213,219,219,224,220,224,220,202.9
2453,281,265,265,270,259,257,262,258,262,258,238.9
2454,185,187,109,159,135,138,143,139,144,139,124.9
2455,296,289,283,278,274,271,276,272,276,272,251.9
2456,356,345,339,350,342,335,341,337,341,337,311.9
2457,267,252,242,256,249,247,253,249,253,249,229.9
2458,349,341,334,343,344,338,343,339,343,339,314.9
2459,218,207,184,191,184,185,190,186,190,186,169.9
2460,310,300,298,295,296,292,297,294,297,294,271.9
2461,321,307,312,316,307,302,308,304,308,304,280.9
2462,492,401,463,459,487,421,426,431,434,427,371.9
2463,250,230,224,234,228,227,232,229,232,228,210.9
2464,222,209,192,202,191,192,197,193,197,193,176.9
2465,401,398,399,390,387,376,383,379,383,379,349.9
2466,256,233,237,240,242,241,246,242,246,242,223.9
2467,170,174,177,186,122,126,132,128,132,127,113.9
2468,339,334,323,333,328,322,328,324,328,324,299.9
2469,158,168,172,169,116,120,127,123,127,122,108.9
2470,364,356,356,357,359,351,357,353,357,353,326.9
2471,213,189,178,179,195,196,202,198,202,198,181.9
2472,170,172,294,184,151,155,161,157,161,156,142.9
2473,409,405,405,401,400,388,395,391,395,391,360.9
2474,270,261,255,253,247,245,250,247,250,247,226.9
2475,321,315,303,307,305,300,306,302,306,302,278.9
2476,384,379,375,382,379,370,376,372,376,372,344.9
2477,382,375,376,370,373,364,370,366,370,366,338.9
2478,339,331,325,327,330,324,330,326,330,326,301.9
2479,194,201,162,145,167,169,175,171,175,171,155.9
2480,259,244,243,236,236,235,240,236,240,236,217.9
2481,412,410,398,406,411,398,406,402,406,401,370.9
2482,440,437,434,437,431,410,420,414,420,415,379.9
2483,209,188,176,184,180,181,187,183,187,183,166.9
2484,415,413,405,406,400,386,394,390,394,390,357.9
2485,437,433,436,436,434,414,424,418,424,419,383.9
2486,275,266,256,253,257,255,260,256,260,256,236.9
2487,272,266,256,254,259,257,262,259,262,258,238.9
2488,196,304,157,168,175,177,183,179,183,178,162.9
2489,246,227,221,228,228,227,233,229,233,229,210.9
2490,264,248,244,248,242,240,246,242,246,242,222.9
2491,269,253,253,250,244,242,247,244,248,244,224.9
2492,193,208,175,159,154,156,162,158,162,158,142.9
2493,300,288,283,286,282,279,284,280,284,280,259.9
2494,412,409,409,402,397,384,392,388,392,387,356.9
2495,234,215,215,211,206,206,211,208,211,207,189.9
2496,166,173,233,191,144,148,154,150,154,149,135.9
2497,152,157,187,156,105,110,116,112,117,111,99.9
2498,300,286,286,289,288,285,290,286,290,286,264.9
2499,224,211,196,207,196,196,202,198,202,198,180.9
2500,203,158,164,175,178,180,185,181,185,181,165.9
2501,309,299,296,297,292,288,293,290,293,290,267.9
2502,311,297,292,303,300,296,301,298,301,297,275.9
2503,450,449,444,432,442,416,427,420,427,423,383.9
2504,256,237,237,243,232,231,236,232,236,232,213.9
2505,343,342,333,336,325,319,325,321,325,321,295.9
2506,388,377,380,381,381,372,378,374,378,374,346.9
2507,274,264,256,260,259,257,262,258,262,258,238.9
2508,331,324,314,321,317,312,317,313,317,313,289.9
2509,315,307,304,303,302,298,303,299,303,299,276.9
2510,231,210,195,209,202,202,207,204,207,204,185.9
2511,294,284,275,284,277,274,279,275,279,275,254.9
2512,337,330,324,332,329,323,329,325,329,325,300.9
2513,266,254,246,245,246,244,250,246,250,246,226.9
2514,315,300,300,304,301,297,302,298,302,298,275.9
2515,201,76,142,191,182,184,189,186,189,185,169.9
2516,213,192,180,177,182,183,189,185,189,185,168.9
2517,304,297,289,288,290,286,292,288,292,288,265.9
2518,387,384,378,377,377,368,374,370,374,370,342.9
2519,226,202,205,205,201,201,207,203,207,203,185.9
2520,240,233,217,212,212,212,217,213,217,213,195.9
2521,292,280,281,280,277,274,279,276,279,275,254.9
2522,255,233,237,236,234,233,238,234,238,234,215.9
2523,307,297,294,293,291,287,293,289,293,289,266.9
2524,290,278,269,277,274,271,276,273,276,272,251.9
2525,178,187,97,140,131,134,140,136,140,135,121.9
2526,454,452,430,448,447,420,430,423,430,425,387.9
2527,279,265,263,261,256,254,259,255,259,255,235.9
2528,216,207,178,201,185,186,191,188,192,187,170.9
2529,315,308,296,305,298,294,299,295,299,295,272.9
2530,261,248,238,246,241,240,245,241,245,241,222.9
2531,277,269,256,261,255,253,258,254,258,254,234.9
2532,178,187,97,130,122,125,131,127,131,126,112.9
2533,199,220,168,189,165,167,173,169,173,168,152.9
2534,91,92,97,95,96,110,123,118,125,116,113.9
2535,308,295,296,297,290,286,291,288,292,288,265.9
2536,182,189,89,35,161,164,170,166,170,165,150.9
2537,359,356,350,354,347,340,346,342,346,342,315.9
2538,294,282,278,283,272,269,274,270,274,270,249.9
2539,268,252,242,248,253,251,257,253,257,253,233.9
2540,392,386,383,390,383,373,380,376,380,375,346.9
2541,328,317,315,318,320,315,320,317,320,316,292.9
2542,150,151,164,152,122,127,133,130,134,128,116.9
2543,286,273,265,271,269,266,272,268,272,268,246.9
2544,385,381,372,384,377,368,374,370,374,370,342.9
2545,280,272,263,269,265,263,268,264,268,264,244.9
2546,278,267,256,259,262,260,265,261,265,261,241.9
2547,304,295,292,291,287,283,289,285,289,285,262.9
2548,407,405,406,404,394,382,389,386,389,385,354.9
2549,320,307,303,315,305,300,306,302,306,302,278.9
2550,283,270,263,265,267,264,270,266,270,266,245.9
2551,316,305,300,304,302,298,303,299,303,299,276.9
2552,204,146,176,189,169,171,176,172,176,172,156.9
2553,0,1,39,42,28,125,141,148,149,135,130.9
2554,312,296,298,301,293,289,294,290,294,290,268.9
2555,251,233,233,229,225,224,229,226,229,225,207.9
2556,242,227,211,226,223,222,228,224,228,224,205.9
2557,180,195,30,143,144,147,153,149,153,148,133.9
2558,166,171,173,179,140,144,150,146,150,145,131.9
2559,157,161,182,168,116,120,127,123,127,122,108.9
2560,271,255,259,256,249,247,252,249,252,248,228.9
2561,383,375,372,381,372,363,369,365,369,365,337.9
2562,187,197,140,104,155,158,163,159,163,159,144.9
2563,226,196,200,209,204,204,210,206,210,206,188.9
2564,249,239,225,226,220,219,224,221,225,220,202.9
2565,273,257,251,256,256,254,259,255,259,255,235.9
2566,284,275,268,268,269,266,272,268,272,268,247.9
2567,362,354,350,359,357,350,355,352,356,352,325.9
2568,242,230,221,226,214,213,219,215,219,215,196.9
2569,314,302,298,302,304,300,305,301,305,301,278.9
2570,172,184,186,196,143,146,152,149,153,148,133.9
2571,274,263,256,260,250,248,253,249,253,249,229.9
2572,209,207,174,205,177,178,184,180,184,180,163.9
2573,290,274,273,273,276,273,278,275,278,275,253.9
2574,337,331,324,335,326,320,326,322,326,322,297.9
2575,328,314,313,321,317,312,317,314,317,313,289.9
2576,217,206,184,202,181,182,187,184,187,183,166.9
2577,273,267,251,255,255,253,258,254,258,254,234.9
2578,180,183,113,135,154,157,163,159,163,158,143.9
2579,428,426,426,414,421,404,413,408,413,408,374.9
2580,422,420,410,409,419,404,412,408,413,408,375.9
2581,456,453,453,434,446,415,427,421,428,422,381.9
2582,248,237,232,228,227,226,231,228,232,228,209.9
2583,345,343,335,339,334,328,333,330,333,330,304.9
2584,390,387,385,384,372,362,369,365,369,364,336.9
2585,378,373,374,371,367,358,364,361,364,360,332.9
2586,149,156,149,168,69,74,81,77,81,75,63.9
2587,319,305,302,313,306,301,307,303,307,303,279.9
2588,334,325,322,319,324,319,324,320,324,320,296.9
2589,157,160,177,163,127,131,138,134,138,133,119.9
2590,267,253,243,252,248,246,252,248,252,248,228.9
2591,84,85,92,87,90,108,121,114,122,113,173.9
2592,398,396,395,391,383,373,379,375,379,375,346.9
2593,291,280,279,280,277,274,279,276,279,275,254.9
2594,342,338,325,337,331,325,331,327,331,327,302.9
2595,437,432,428,435,429,409,419,414,420,414,378.9
2596,282,271,260,267,263,260,266,262,266,262,241.9
2597,226,214,202,208,197,197,203,199,203,199,181.9
2598,385,380,379,380,368,359,365,361,365,361,333.9
2599,395,388,387,387,385,375,381,378,381,377,348.9
2600,387,377,379,376,378,369,375,371,375,371,343.9
2601,498,442,470,492,484,410,416,412,427,415,358.9
2602,283,273,267,268,266,263,269,265,269,265,244.9
2603,242,223,217,217,220,219,225,221,225,221,202.9
2604,106,106,107,108,114,126,136,130,138,130,125.9
2605,436,433,432,427,432,412,422,417,423,417,381.9
2606,325,318,310,311,311,306,312,308,311,308,284.9
2607,310,297,299,303,291,287,292,289,292,288,266.9
2608,421,415,416,419,411,396,405,401,405,400,367.9
2609,353,348,348,350,346,339,345,341,345,341,315.9
2610,288,279,267,269,267,264,269,266,270,266,244.9
2611,315,300,300,307,306,302,307,303,307,303,280.9
2612,358,353,352,348,340,333,339,335,339,335,309.9
2613,238,223,218,223,215,215,220,216,220,216,198.9
2614,437,433,434,432,428,408,418,412,418,413,377.9
2615,139,140,142,157,234,240,247,243,248,242,230.9
2616,208,189,164,190,184,185,191,187,191,187,170.9
2617,397,390,396,393,381,371,377,373,377,373,344.9
2618,359,352,343,350,343,336,342,338,342,338,311.9
2619,293,279,278,277,271,268,273,269,273,269,248.9
2620,374,366,362,367,366,358,364,360,364,360,333.9
2621,132,133,150,134,181,188,195,191,196,190,179.9
2622,346,343,328,344,331,325,330,327,330,326,301.9
2623,362,352,357,349,349,342,347,344,347,344,317.9
2624,156,156,177,176,141,146,152,148,153,147,134.9
2625,196,259,163,190,161,163,169,165,169,164,148.9
2626,252,236,233,237,237,236,241,237,241,237,218.9
2627,346,335,340,343,339,333,338,335,338,334,309.9
2628,242,214,219,225,220,219,225,221,225,221,202.9
2629,169,172,202,226,152,156,162,158,162,157,143.9
2630,225,208,196,207,209,209,215,211,215,211,193.9
2631,413,411,408,408,409,396,403,400,404,399,368.9
2632,257,248,234,237,236,235,240,236,240,236,217.9
2633,199,243,162,170,171,173,178,175,179,174,158.9
2634,299,292,282,289,286,283,288,284,288,284,263.9
2635,337,328,320,327,322,316,322,318,322,318,293.9
2636,328,318,314,322,319,314,319,316,319,315,291.9
2637,231,210,197,206,205,205,210,207,210,206,188.9
2638,280,269,262,264,262,260,265,261,265,261,241.9
2639,212,199,179,182,187,188,194,190,194,190,173.9
2640,315,309,302,300,300,296,301,297,301,297,274.9
2641,305,296,290,291,288,284,290,286,290,286,263.9
2642,328,318,315,323,313,308,313,310,313,309,285.9
2643,261,251,246,242,237,236,241,237,241,237,218.9
2644,107,108,114,110,120,132,142,136,144,135,131.9
2645,318,307,308,306,304,299,305,301,305,301,277.9
2646,378,373,369,370,364,355,361,358,361,357,329.9
2647,288,280,266,272,268,265,270,267,271,267,245.9
2648,170,180,193,260,118,122,128,124,128,123,109.9
2649,274,267,253,259,254,252,257,253,257,253,233.9
2650,252,236,233,238,229,228,233,230,233,229,210.9
2651,280,269,260,262,264,262,267,263,267,263,243.9
2652,311,296,299,303,290,286,291,288,291,287,265.9
2653,218,207,200,190,187,188,193,189,193,189,172.9
2654,293,283,278,274,274,271,276,272,276,272,251.9
2655,331,320,317,323,319,314,319,315,319,315,291.9
2656,397,392,396,395,392,382,388,384,388,384,355.9
2657,397,390,386,389,387,377,383,379,383,379,350.9
2658,435,431,432,434,424,404,415,409,415,409,373.9
2659,483,448,392,369,385,330,336,337,342,335,286.9
2660,48,95,52,48,50,88,104,101,108,93,102.9
2661,377,373,367,375,368,359,366,362,366,362,333.9
2662,331,328,325,320,313,308,313,309,313,309,285.9
2663,267,251,249,252,243,241,247,243,247,243,223.9
2664,469,381,439,398,437,391,405,404,409,399,353.9
2665,272,256,261,255,254,252,257,254,257,253,233.9
2666,229,217,204,208,205,205,211,207,211,207,189.9
2667,287,270,270,271,269,266,271,268,272,268,246.9
2668,323,317,305,319,309,304,310,306,310,306,282.9
2669,185,198,164,112,157,160,165,162,166,161,146.9
2670,318,307,302,306,305,300,306,302,306,302,278.9
2671,281,273,267,267,264,262,267,263,267,263,243.9
2672,297,284,281,287,281,278,283,279,283,279,258.9
2673,365,363,356,354,355,347,353,349,353,349,322.9
2674,262,253,240,247,238,237,242,238,242,238,219.9
2675,359,351,349,350,349,342,348,344,348,344,318.9
2676,249,238,217,231,235,234,239,236,240,235,217.9
2677,329,320,319,314,311,306,311,308,311,307,283.9
2678,293,279,279,282,276,273,278,274,278,274,253.9
2679,167,168,259,188,142,146,152,148,152,147,133.9
2680,200,225,184,187,159,161,166,163,167,162,146.9
2681,354,345,343,344,340,333,339,335,339,335,309.9
2682,392,382,379,388,375,365,372,368,372,367,338.9
2683,420,414,419,406,413,398,407,403,407,402,369.9
2684,290,280,273,275,268,265,270,267,270,266,245.9
2685,190,196,178,175,157,159,165,161,165,161,145.9
2686,244,229,215,222,220,219,225,221,225,221,202.9
2687,321,310,311,312,310,305,311,307,311,307,283.9
2688,279,270,264,268,256,254,259,255,259,255,235.9
2689,272,264,258,255,258,256,261,257,261,257,237.9
2690,320,306,306,312,307,302,308,304,308,304,280.9
2691,351,346,341,338,340,334,339,335,339,335,310.9
2692,317,310,299,309,298,293,299,295,299,295,271.9
2693,121,124,125,134,126,134,142,138,144,138,127.9
2694,0,45,28,24,0,89,105,120,111,101,100.9
2695,191,205,167,163,157,159,165,161,165,161,145.9
2696,254,231,228,234,233,232,237,233,237,233,214.9
2697,256,241,240,235,234,233,238,234,238,234,215.9
2698,381,378,378,371,377,368,374,370,374,370,342.9
2699,286,282,265,265,267,264,270,266,270,266,244.9
2700,374,373,367,367,369,361,367,363,367,363,336.9
2701,237,227,208,216,215,215,220,216,220,216,198.9
2702,282,268,267,267,264,261,267,263,267,263,242.9
2703,396,384,392,392,376,366,372,369,372,368,339.9
2704,363,353,354,355,350,343,348,344,348,345,318.9
2705,341,330,335,328,336,330,336,332,336,332,307.9
2706,375,374,367,368,366,358,364,360,364,360,332.9
2707,401,394,397,394,393,382,389,385,389,385,355.9
2708,278,266,260,268,258,256,261,257,261,257,237.9
2709,310,297,297,294,300,296,301,298,301,297,275.9
2710,413,410,409,411,408,395,403,399,403,398,367.9
2711,437,433,428,425,420,400,410,405,411,405,369.9
2712,344,341,334,336,332,326,332,328,332,328,302.9
2713,280,267,259,267,261,259,264,260,264,260,240.9
2714,363,362,345,358,344,337,342,338,342,338,312.9
2715,178,192,135,98,146,149,155,151,155,150,136.9
2716,231,215,205,209,199,199,204,201,204,201,182.9
2717,316,311,304,305,303,299,304,300,304,300,277.9
2718,333,323,321,318,328,323,328,324,328,324,300.9
2719,229,217,196,204,204,204,210,206,210,206,188.9
2720,365,357,361,362,361,353,359,355,359,355,328.9
2721,369,364,356,365,364,356,362,358,362,358,331.9
2722,247,233,222,223,231,230,236,232,236,232,213.9
2723,307,297,293,291,293,289,294,291,295,291,268.9
2724,231,222,205,207,209,209,214,211,214,210,192.9
2725,213,197,164,195,181,182,188,184,188,184,167.9
2726,243,232,222,217,221,220,226,222,226,222,203.9
2727,408,405,402,404,399,387,394,391,394,390,359.9
2728,265,249,247,243,246,244,250,246,250,246,226.9
2729,425,424,414,415,419,403,412,407,412,407,374.9
2730,280,271,263,268,264,262,267,263,267,263,243.9
2731,230,215,204,203,209,209,214,211,215,211,193.9
2732,272,260,252,257,249,247,252,249,252,248,228.9
2733,301,290,286,293,286,282,288,284,288,284,261.9
2734,290,284,274,275,278,275,280,277,280,276,255.9
2735,339,331,328,323,329,323,329,325,329,325,300.9
2736,383,376,372,379,381,372,378,374,378,374,346.9
2737,276,264,262,258,257,255,260,256,260,256,236.9
2738,466,462,459,353,460,421,433,430,437,429,385.9
2739,275,264,258,256,257,255,260,256,260,256,236.9
2740,232,212,200,216,207,207,212,209,212,208,190.9
2741,317,310,298,310,297,293,298,294,298,294,271.9
2742,137,139,150,138,173,179,186,182,187,181,169.9
2743,246,223,218,225,226,225,231,227,231,227,208.9
2744,376,372,366,370,363,355,361,357,361,357,329.9
2745,347,337,333,336,336,330,335,331,335,331,306.9
2746,369,365,364,367,354,346,352,348,352,348,321.9
2747,242,226,217,226,222,221,227,223,227,223,204.9
2748,284,269,272,267,267,264,270,266,270,266,245.9
2749,354,352,343,344,339,332,338,334,338,334,308.9
2750,281,274,263,273,260,258,263,259,263,259,239.9
2751,304,297,288,297,285,281,287,283,287,283,260.9
2752,230,214,205,209,205,205,210,207,211,207,189.9
2753,169,174,202,287,120,124,130,126,130,125,111.9
2754,423,419,419,422,403,387,396,392,396,391,358.9
2755,207,192,175,181,187,188,194,190,194,190,173.9
2756,294,285,278,286,277,274,279,275,279,275,254.9
2757,369,366,356,354,353,345,351,347,351,347,320.9
2758,281,269,264,262,264,262,267,263,267,263,243.9
2759,342,336,326,336,333,327,333,329,333,329,304.9
2760,304,296,291,294,288,284,290,286,290,286,263.9
2761,308,296,293,299,294,290,295,292,296,292,269.9
2762,253,239,233,230,224,223,228,224,228,224,205.9
2763,224,193,198,202,205,205,211,207,211,207,189.9
2764,318,313,302,309,307,302,308,304,308,304,280.9
2765,490,484,483,382,411,347,352,355,359,354,299.9
2766,184,201,150,138,141,144,150,146,150,145,130.9
2767,290,279,276,276,272,269,274,271,274,271,249.9
2768,83,83,86,83,88,106,119,112,121,112,189.9
2769,248,233,230,231,225,224,229,226,230,226,207.9
2770,257,245,234,234,229,228,233,229,233,229,210.9
2771,139,139,139,140,250,256,263,259,264,258,246.9
2772,360,357,349,354,353,346,352,348,352,348,321.9
2773,308,295,296,297,291,287,292,289,293,289,266.9
2774,258,245,235,244,239,238,243,239,243,239,220.9
2775,216,202,191,203,194,195,200,197,201,196,179.9
2776,149,150,159,152,130,135,142,138,142,136,124.9
2777,265,254,249,246,245,243,249,245,249,245,225.9
2778,202,139,171,172,181,183,188,184,188,184,168.9
2779,408,400,398,404,399,387,394,391,394,390,359.9
2780,414,409,412,403,398,384,392,389,393,388,355.9
2781,351,345,337,343,332,325,331,327,331,327,301.9
2782,430,425,425,423,429,411,421,416,421,416,381.9
2783,283,271,261,268,264,261,267,263,267,263,242.9
2784,354,352,343,348,343,336,342,338,342,338,312.9
2785,390,380,374,385,379,369,376,372,376,371,343.9
2786,316,304,303,306,301,297,302,298,302,298,275.9
2787,276,264,260,256,255,253,258,254,258,254,234.9
2788,172,176,183,172,145,148,154,151,155,150,135.9
2789,475,362,371,441,474,425,435,437,443,432,386.9
2790,350,345,342,343,343,337,342,338,342,338,313.9
2791,377,368,371,372,367,358,364,361,364,360,332.9
2792,381,380,376,376,369,360,366,362,366,362,334.9
2793,282,271,265,262,265,262,268,264,268,264,243.9
2794,191,222,175,171,167,169,175,171,175,171,155.9
2795,258,241,239,233,233,232,237,233,237,233,214.9
2796,164,171,170,170,130,134,140,136,140,135,121.9
2797,336,323,318,324,319,313,319,315,319,315,290.9
2798,252,230,232,232,230,229,234,231,234,230,211.9
2799,164,170,250,172,109,113,119,115,119,114,100.9
2800,363,355,353,360,346,339,344,340,344,340,314.9
2801,405,401,398,396,395,384,391,387,391,386,357.9
2802,293,284,278,278,276,273,278,274,278,274,253.9
2803,468,462,458,442,442,399,412,410,416,407,362.9
2804,402,401,393,400,395,384,391,387,391,387,357.9
2805,166,181,173,184,134,138,144,140,144,139,125.9
2806,232,212,202,212,207,207,212,209,212,208,190.9
2807,324,313,308,313,310,305,311,307,311,307,283.9
2808,357,350,347,355,345,338,344,340,344,340,314.9
2809,217,182,195,189,189,190,195,192,195,191,174.9
2810,297,288,278,281,278,275,280,276,280,276,255.9
2811,212,204,168,181,194,195,201,197,201,197,180.9
2812,243,220,215,223,218,217,223,219,223,219,200.9
2813,367,357,358,361,362,354,360,356,360,356,329.9
2814,223,190,192,215,197,198,203,199,203,199,182.9
2815,331,324,317,315,316,311,316,312,316,312,288.9
2816,374,371,369,370,372,364,370,366,370,366,339.9
2817,322,316,308,312,302,297,303,299,303,299,275.9
2818,363,358,348,352,352,345,350,346,350,346,320.9
2819,342,334,333,336,329,323,329,325,329,325,300.9
2820,200,207,149,195,167,169,174,171,175,170,154.9
2821,300,287,283,284,285,282,287,283,287,283,261.9
2822,401,392,393,400,385,374,381,377,381,377,347.9
2823,212,181,188,177,181,182,188,184,188,184,167.9
2824,301,297,283,286,282,278,284,280,284,280,257.9
2825,185,207,158,145,152,155,160,156,161,156,141.9
2826,282,272,265,264,262,259,265,261,265,261,240.9
2827,244,230,227,226,228,227,233,229,233,229,210.9
2828,308,301,294,297,289,285,290,287,291,287,264.9
2829,228,211,199,212,202,202,208,204,208,204,186.9
2830,236,228,200,224,208,208,213,209,213,209,191.9
2831,318,309,302,304,299,294,300,296,300,296,272.9
2832,288,277,273,275,276,273,278,275,279,275,253.9
2833,408,406,398,405,403,391,398,395,398,394,363.9
2834,303,295,284,292,288,284,290,286,290,286,263.9
2835,359,358,342,357,351,344,350,346,350,346,320.9
2836,266,251,245,252,243,241,247,243,247,243,223.9
2837,137,145,156,148,143,149,156,152,157,151,139.9
2838,439,429,436,436,431,410,420,415,420,415,379.9
2839,197,201,179,159,162,164,170,166,170,165,149.9
2840,279,272,262,263,264,262,267,263,267,263,243.9
2841,228,208,198,208,204,204,210,206,210,206,188.9
2842,204,142,170,189,181,183,188,184,188,184,168.9
2843,344,338,328,339,335,329,335,331,335,331,305.9
2844,366,357,351,356,358,350,356,352,356,352,325.9
2845,462,461,450,454,448,413,426,421,428,421,378.9
2846,327,317,312,322,315,310,315,312,315,312,288.9
2847,399,393,394,395,395,384,391,387,391,387,357.9
2848,341,330,326,332,325,319,325,321,325,321,296.9
2849,322,315,308,312,307,302,308,304,308,304,280.9
2850,130,134,135,131,138,145,152,148,154,147,136.9
2851,293,278,278,279,273,270,275,271,275,271,250.9
2852,227,202,201,209,202,202,208,204,208,204,186.9
2853,312,303,298,305,292,288,293,289,293,289,267.9
2854,284,273,265,267,266,263,269,265,269,265,244.9
2855,457,440,452,453,452,421,433,426,434,428,387.9
2856,336,329,324,332,323,317,323,319,323,319,294.9
2857,296,287,276,288,286,283,288,284,288,284,263.9
2858,233,226,203,212,210,210,215,212,215,211,193.9
2859,267,253,247,246,242,240,246,242,246,242,222.9
2860,281,269,270,264,266,264,269,265,269,265,245.9
2861,270,259,256,250,254,252,257,254,257,254,233.9
2862,222,215,181,198,196,197,202,198,202,198,181.9
2863,334,329,323,324,322,317,322,318,322,318,294.9
2864,204,165,176,197,175,177,182,178,182,178,162.9
2865,407,401,399,398,400,388,395,392,395,391,360.9
2866,345,339,334,335,328,322,327,324,327,324,298.9
2867,262,250,250,244,242,241,246,242,246,242,223.9
2868,323,317,308,313,305,300,306,302,306,302,278.9
2869,421,418,416,419,414,399,407,403,408,403,370.9
2870,329,316,314,321,313,308,313,310,313,309,285.9
2871,236,221,209,209,208,208,213,209,213,209,191.9
2872,313,303,294,300,292,288,293,289,293,289,266.9
2873,398,394,394,394,387,377,383,379,383,379,350.9
2874,303,294,291,297,291,287,293,289,293,289,266.9
2875,367,362,360,356,361,353,359,355,359,355,328.9
2876,383,370,372,375,376,367,373,369,373,369,341.9
2877,347,337,339,343,332,326,331,327,331,327,302.9
2878,218,213,187,195,199,200,205,201,205,201,184.9
2879,223,211,203,201,198,199,204,200,204,200,183.9
2880,325,316,309,319,310,305,311,307,310,307,283.9
2881,152,157,160,155,129,134,140,136,141,135,123.9
2882,338,337,329,332,326,320,326,322,326,322,297.9
2883,316,307,303,306,305,301,306,302,306,302,279.9
2884,362,353,351,359,353,346,351,348,352,348,321.9
2885,183,190,112,175,166,169,175,171,175,170,155.9
2886,255,235,238,236,234,233,238,234,238,234,215.9
2887,332,327,316,320,315,310,315,311,315,311,287.9
2888,266,250,246,256,246,244,250,246,250,246,226.9
2889,223,207,195,202,196,197,202,198,202,198,181.9
2890,383,374,376,377,373,364,370,366,370,366,338.9
2891,300,290,285,282,280,277,282,278,282,278,256.9
2892,189,201,154,151,156,158,164,160,164,160,144.9
2893,145,147,152,149,78,83,90,86,91,85,72.9
2894,343,339,337,336,334,328,334,330,334,330,305.9
2895,128,133,132,129,246,253,261,257,262,256,245.9
2896,270,254,256,253,245,243,248,245,248,245,224.9
2897,392,385,384,389,385,375,382,378,382,377,348.9
2898,201,158,189,187,162,164,169,166,170,165,149.9
2899,241,225,209,225,216,216,221,217,221,217,199.9
2900,261,252,241,240,240,239,244,240,244,240,221.9
2901,296,287,279,283,277,274,279,275,279,275,254.9
2902,0,62,51,10,11,120,126,134,136,124,131.9
2903,262,250,245,240,243,242,247,243,247,243,224.9
2904,185,199,134,170,166,169,174,171,175,170,155.9
2905,226,203,201,205,200,200,206,202,206,202,184.9
2906,404,400,398,399,398,387,394,390,394,389,360.9
2907,245,233,217,226,223,222,228,224,228,224,205.9
2908,340,327,331,330,324,318,324,320,324,320,295.9
2909,295,286,272,282,278,275,280,276,280,276,255.9
2910,369,362,357,362,361,353,359,355,359,355,328.9
2911,334,323,318,325,320,315,320,316,320,316,292.9
2912,268,260,255,249,250,248,254,250,254,250,230.9
2913,353,348,341,343,344,337,343,339,343,339,313.9
2914,427,426,425,421,414,397,406,402,407,401,367.9
2915,241,231,211,223,217,217,222,218,222,218,200.9
2916,160,165,162,176,130,134,140,137,141,135,122.9
2917,280,270,256,268,261,259,264,260,264,260,240.9
2918,316,308,302,303,300,296,301,297,301,297,274.9
2919,227,214,206,204,203,203,209,205,209,205,187.9
2920,246,228,231,227,229,228,234,230,234,230,211.9
2921,197,259,158,155,159,161,167,163,167,162,146.9
2922,345,340,335,337,333,327,332,329,332,329,303.9
2923,180,184,114,125,155,158,164,160,164,159,144.9
2924,226,197,197,208,193,193,199,195,199,195,177.9
2925,335,326,316,328,322,317,322,318,322,318,294.9
2926,286,274,268,269,274,271,277,273,277,273,251.9
2927,308,298,292,300,293,289,294,291,295,291,268.9
2928,248,224,226,233,234,233,238,235,239,235,216.9
2929,170,174,170,202,124,128,134,130,134,129,115.9
2930,370,362,359,364,354,346,352,348,352,348,321.9
2931,282,275,269,266,267,264,270,266,270,266,245.9
2932,345,341,337,341,334,328,334,330,333,330,304.9
2933,537,441,437,481,449,324,329,322,340,329,250.9
2934,304,292,287,290,287,283,289,285,289,285,262.9
2935,342,338,332,334,328,322,328,324,328,324,299.9
2936,152,157,166,154,139,144,150,146,151,145,133.9
2937,83,83,83,83,86,104,118,111,119,110,119.9
2938,106,106,108,106,113,125,135,129,137,129,124.9
2939,265,252,251,249,249,247,253,249,253,249,229.9
2940,334,322,322,326,320,315,320,316,320,316,292.9
2941,95,95,100,99,95,108,121,116,123,114,110.9
2942,326,318,308,315,311,306,312,308,311,308,284.9
2943,178,180,162,159,160,163,169,165,169,164,150.9
2944,377,368,365,374,368,359,365,362,365,361,333.9
2945,154,159,173,159,21,26,32,28,33,27,14.9
2946,215,207,179,198,191,192,197,194,198,193,176.9
2947,385,376,377,382,377,368,374,370,374,370,342.9
2948,204,172,174,181,171,173,178,174,178,174,158.9
2949,368,357,360,362,354,346,352,348,352,348,321.9
2950,388,379,381,387,381,372,378,374,378,374,346.9
2951,407,402,404,404,399,387,394,391,394,390,359.9
2952,255,247,236,240,234,233,238,234,238,234,215.9
2953,272,264,254,253,254,252,257,254,257,253,233.9
2954,377,369,364,369,361,352,358,355,358,354,326.9
2955,270,259,247,250,251,249,254,251,254,251,230.9
2956,242,222,221,222,223,222,228,224,228,224,205.9
2957,273,263,250,255,256,254,259,255,259,255,235.9
2958,233,224,197,221,214,214,219,216,219,215,197.9
2959,311,300,293,297,295,291,296,293,296,292,270.9
2960,392,387,378,388,384,374,381,377,381,376,347.9
2961,273,258,256,262,249,247,252,248,252,248,228.9
2962,285,274,264,273,262,259,265,261,265,261,240.9
2963,315,306,301,306,297,293,298,294,298,294,271.9
2964,157,161,157,163,88,92,99,95,99,94,80.9
2965,134,134,135,138,202,208,216,212,217,211,199.9
2966,225,206,203,204,203,203,209,205,209,205,187.9
2967,370,369,365,361,354,346,352,348,352,348,321.9
2968,247,232,219,228,225,224,230,226,230,226,207.9
2969,190,201,179,171,140,142,148,144,148,144,128.9
2970,441,440,440,430,435,413,424,418,424,419,382.9
2971,237,215,207,215,221,221,226,222,226,222,204.9
2972,297,286,286,286,274,271,276,272,276,272,251.9
2973,365,362,351,358,353,345,351,347,351,347,320.9
2974,355,354,344,348,346,339,345,341,345,341,315.9
2975,349,344,338,340,342,336,341,337,341,337,312.9
2976,260,244,237,242,243,242,247,243,247,243,224.9
2977,333,325,315,325,319,314,319,315,319,315,291.9
2978,339,329,323,331,324,318,324,320,324,320,295.9
2979,255,244,232,236,227,226,231,227,231,227,208.9
2980,364,359,354,358,359,352,357,353,357,353,327.9
2981,0,2,4,16,3,69,81,94,99,77,76.9
2982,341,333,333,337,337,331,337,333,337,333,308.9
2983,254,236,235,235,237,236,241,237,241,237,218.9
2984,268,257,247,253,246,244,250,246,250,246,226.9
2985,397,393,396,393,390,380,386,382,386,382,353.9
2986,288,277,272,268,266,263,268,265,269,265,243.9
2987,218,211,187,197,193,194,199,195,199,195,178.9
2988,295,285,275,284,276,273,278,274,278,274,253.9
2989,159,161,182,174,104,108,115,111,115,110,96.9
2990,321,318,306,310,301,296,302,298,302,298,274.9
2991,261,247,243,240,240,239,244,240,244,240,221.9
2992,213,189,183,195,185,186,192,188,192,188,171.9
2993,176,177,182,183,147,150,156,152,156,152,137.9
2994,211,198,176,183,181,182,188,184,188,184,167.9
2995,289,283,272,272,274,271,276,273,276,273,251.9
2996,102,104,103,102,109,122,132,127,134,125,122.9
2997,301,293,287,290,289,286,291,287,291,287,265.9
2998,409,407,400,401,401,389,396,392,396,392,361.9
2999,401,396,400,390,396,385,392,388,392,388,358.9
3000,284,271,265,268,262,259,265,261,265,261,240.9
3001,201,187,178,190,181,183,188,185,188,184,168.9
3002,354,347,345,345,344,337,343,339,343,339,313.9
3003,429,420,428,417,423,406,415,410,415,410,376.9
3004,311,301,301,298,291,287,292,289,292,288,266.9
3005,191,214,152,169,160,162,168,164,168,164,148.9
3006,431,430,424,421,420,402,412,407,412,407,372.9
3007,356,350,339,345,345,338,344,340,344,340,314.9
3008,316,306,301,300,306,302,307,303,307,303,280.9
3009,220,198,190,205,198,199,204,200,204,200,183.9
3010,329,326,315,324,315,310,315,312,315,311,287.9
3011,185,189,158,113,155,158,163,160,164,159,144.9
3012,391,386,383,387,376,366,373,369,373,368,340.9
3013,303,288,288,291,283,279,285,281,285,281,258.9
3014,301,291,290,284,283,279,285,281,285,281,258.9
3015,209,170,186,199,184,185,191,187,191,187,170.9
3016,234,216,215,216,215,215,220,216,220,216,198.9
3017,335,328,323,319,325,319,325,321,325,321,296.9
3018,371,363,357,364,361,353,359,355,359,355,328.9
3019,198,324,163,185,164,166,172,168,172,167,151.9
3020,329,319,310,317,316,311,316,313,316,312,288.9
3021,360,354,346,349,352,345,351,347,351,347,320.9
3022,127,128,130,132,240,247,255,251,256,250,239.9
3023,226,210,198,211,202,202,208,204,208,204,186.9
3024,198,207,183,169,167,169,175,171,175,170,154.9
3025,363,357,356,355,353,346,351,347,351,347,321.9
3026,358,354,347,354,347,340,346,342,346,342,316.9
3027,268,258,256,249,249,247,253,249,253,249,229.9
3028,229,214,199,203,205,205,210,207,211,207,189.9
3029,367,358,362,360,358,350,356,352,356,352,325.9
3030,94,94,94,97,96,110,122,117,125,115,112.9
3031,381,377,379,375,370,361,367,363,367,363,335.9
3032,279,267,262,263,258,256,261,257,261,257,237.9
3033,366,357,361,362,358,350,356,352,356,352,325.9
3034,291,281,274,282,274,271,276,273,276,272,251.9
3035,208,174,174,193,187,188,194,190,194,190,173.9
3036,229,215,203,207,200,200,206,202,206,202,184.9
3037,301,289,287,288,287,284,289,285,289,285,263.9
3038,272,265,254,252,258,256,261,258,261,257,237.9
3039,275,263,254,257,258,256,261,257,261,257,237.9
3040,324,313,310,321,312,307,313,309,313,309,285.9
3041,321,311,305,312,302,297,303,299,303,299,275.9
3042,373,362,368,367,359,351,357,353,357,353,326.9
3043,261,248,241,246,236,235,240,236,240,236,217.9
3044,325,317,315,317,308,303,309,305,309,305,281.9
3045,226,212,196,205,202,202,208,204,208,204,186.9
3046,364,361,352,354,347,340,345,341,345,341,315.9
3047,265,250,244,250,248,246,252,248,252,248,228.9
3048,402,395,394,397,386,375,382,378,382,377,348.9
3049,307,298,293,296,289,285,291,287,291,287,264.9
3050,250,230,228,235,224,223,228,225,228,224,206.9
3051,307,300,291,293,295,291,296,293,297,293,270.9
3052,121,121,134,121,123,131,139,135,141,135,125.9
3053,355,346,341,349,347,340,346,342,346,342,316.9
3054,1,24,1,7,4,62,72,79,92,67,68.9
3055,174,182,179,288,125,128,134,130,135,130,115.9
3056,326,321,312,313,318,313,319,315,318,315,291.9
3057,229,212,204,208,203,203,208,205,209,205,187.9
3058,273,256,254,255,252,250,255,251,255,251,231.9
3059,224,209,190,205,205,205,211,207,211,207,189.9
3060,241,219,212,224,215,215,220,216,220,216,198.9
3061,351,343,344,342,341,335,340,336,340,336,311.9
3062,297,289,286,286,276,273,278,274,278,274,253.9
3063,97,97,99,97,99,112,124,118,126,117,114.9
3064,347,335,342,343,336,330,335,331,335,331,306.9
3065,360,352,350,356,345,338,344,340,344,340,313.9
3066,202,191,166,170,172,174,179,175,179,175,159.9
3067,147,150,163,154,90,95,102,98,103,97,84.9
3068,415,412,405,411,411,397,405,401,405,401,368.9
3069,123,126,132,123,168,176,183,179,185,179,169.9
3070,226,208,205,214,199,199,205,201,205,201,183.9
3071,274,258,251,260,257,255,260,256,260,256,236.9
3072,352,345,340,345,341,334,340,336,340,336,310.9
3073,230,221,200,213,209,209,214,211,215,211,192.9
3074,244,234,221,226,222,221,227,223,227,223,204.9
3075,269,259,248,248,246,244,249,246,250,246,226.9
3076,472,358,457,428,460,413,425,425,430,421,375.9
3077,336,330,318,327,330,324,330,326,330,326,301.9
3078,326,320,312,319,309,304,310,306,309,306,282.9
3079,229,215,194,212,209,209,215,211,215,211,193.9
3080,344,334,334,333,329,323,329,325,329,325,299.9
3081,348,337,337,339,342,336,341,337,341,337,312.9
3082,433,426,431,427,430,411,421,416,421,416,381.9
3083,412,410,406,407,405,392,400,396,400,395,364.9
3084,228,217,194,210,207,207,213,209,213,209,191.9
3085,259,243,234,238,235,234,239,235,239,235,216.9
3086,298,287,283,279,286,283,288,284,288,284,263.9
3087,407,400,394,403,388,376,383,380,383,379,348.9
3088,163,171,186,183,128,132,138,134,139,133,119.9
3089,61,63,61,63,61,95,107,104,115,100,135.9
3090,293,284,279,282,276,273,278,274,278,274,253.9
3091,293,287,277,280,279,276,281,277,281,277,256.9
3092,427,423,423,426,420,403,412,408,412,407,373.9
3093,283,269,265,267,264,261,267,263,267,263,242.9
3094,306,300,290,293,291,287,293,289,293,289,266.9
3095,218,202,197,200,192,193,198,194,198,194,177.9
3096,313,303,296,300,297,293,298,294,298,294,271.9
3097,224,221,200,197,202,202,208,204,208,204,186.9
3098,342,333,337,329,325,319,325,321,325,321,296.9
3099,240,216,213,223,216,216,221,217,221,217,199.9
3100,129,130,140,141,236,243,251,246,252,246,235.9
3101,245,234,228,230,226,225,231,227,231,227,208.9
3102,271,261,255,254,256,254,259,256,259,255,235.9
3103,256,237,239,237,236,235,240,236,240,236,217.9
3104,288,271,269,272,273,270,275,272,276,272,250.9
3105,324,316,314,312,310,305,311,307,311,307,283.9
3106,79,80,79,85,80,100,115,108,116,108,110.9
3107,299,284,279,286,277,274,279,275,279,275,254.9
3108,194,257,126,178,163,165,171,167,171,167,151.9
3109,364,358,348,357,351,344,349,345,349,345,319.9
3110,235,222,207,217,205,205,210,206,210,206,188.9
3111,243,231,214,225,226,225,231,227,231,227,208.9
3112,367,357,357,358,358,350,356,352,356,352,325.9
3113,268,252,246,246,245,243,249,245,249,245,225.9
3114,205,197,156,181,168,170,175,171,175,171,155.9
3115,377,373,372,371,363,354,360,357,360,356,328.9
3116,344,335,336,336,331,325,331,327,331,327,301.9
3117,39,68,39,40,39,82,99,94,102,86,90.9
3118,297,288,284,282,284,281,286,282,286,282,261.9
3119,319,310,301,312,302,297,303,299,303,299,275.9
3120,330,322,316,319,318,313,318,314,318,314,290.9
3121,337,328,323,327,326,320,326,322,326,322,297.9
3122,283,272,266,270,266,263,269,265,269,265,244.9
3123,229,202,202,205,198,198,204,200,204,200,182.9
3124,227,212,197,207,204,204,210,206,210,206,188.9
3125,374,371,364,364,372,364,370,366,370,366,339.9
3126,305,298,290,293,292,288,294,290,294,290,267.9
3127,298,287,284,286,279,276,281,277,281,277,256.9
3128,231,206,203,215,204,204,209,206,209,205,187.9
3129,361,360,355,350,349,342,348,344,348,344,317.9
3130,170,171,191,285,142,146,152,148,152,147,133.9
3131,364,362,347,355,355,348,353,349,353,349,323.9
3132,292,280,280,280,281,278,283,280,283,279,258.9
3133,378,367,364,372,370,361,367,364,367,363,335.9
3134,330,325,315,325,312,307,312,308,312,308,284.9
3135,165,172,292,181,119,123,129,125,129,124,110.9
3136,263,250,238,247,237,236,241,237,241,237,218.9
3137,158,169,164,179,139,143,150,146,150,145,131.9
3138,284,268,270,268,271,268,274,270,274,270,249.9
3139,321,308,309,313,313,308,314,310,314,310,286.9
3140,380,369,369,379,373,364,370,367,370,366,338.9
3141,444,438,440,443,423,401,411,405,411,406,370.9
3142,89,90,94,90,91,106,119,114,122,112,168.9
3143,244,226,215,224,215,214,220,216,220,216,197.9
3144,268,256,250,254,249,247,253,249,253,249,229.9
3145,295,290,279,282,279,276,281,277,281,277,256.9
3146,289,276,269,272,271,268,273,270,273,270,248.9
3147,277,262,257,257,258,256,261,257,261,257,237.9
3148,397,391,395,392,387,377,383,379,383,379,350.9
3149,320,315,307,308,307,302,308,304,308,304,280.9
3150,201,164,148,181,178,180,185,182,185,181,165.9
3151,302,290,290,296,285,281,287,283,287,283,260.9
3152,275,263,260,262,255,253,258,254,258,254,234.9
3153,162,172,175,185,108,112,118,114,119,113,100.9
3154,247,240,224,228,224,223,229,225,229,225,206.9
3155,296,286,283,289,281,278,283,279,283,279,258.9
3156,450,437,440,440,445,420,431,424,431,426,388.9
3157,204,174,173,176,162,164,169,165,169,165,149.9
3158,193,320,148,181,153,155,161,157,161,157,141.9
3159,245,229,222,230,223,222,228,224,228,224,205.9
3160,224,206,194,206,199,199,205,201,205,201,183.9
3161,286,269,262,271,265,262,268,264,268,264,242.9
3162,316,308,298,309,304,300,305,301,305,301,278.9
3163,310,298,299,303,297,293,298,295,298,294,272.9
3164,339,331,333,330,324,318,324,320,324,320,295.9
3165,286,278,265,274,270,267,273,269,273,269,247.9
3166,221,202,194,208,197,198,203,199,203,199,182.9
3167,325,316,306,314,307,302,308,304,308,304,280.9
3168,437,430,431,427,423,403,413,407,413,408,372.9
3169,419,414,411,415,418,403,412,408,412,407,374.9
3170,140,145,145,152,259,265,272,268,273,267,255.9
3171,181,186,130,75,142,145,151,147,151,146,131.9
3172,264,247,248,247,240,238,244,240,244,240,220.9
3173,111,113,124,117,132,143,153,147,155,146,141.9
3174,411,406,403,405,409,396,404,400,404,399,368.9
3175,411,404,402,410,406,393,401,397,401,396,365.9
3176,391,388,376,388,385,375,382,378,382,377,349.9
3177,36,52,36,36,37,81,99,94,106,90,97.9
3178,190,208,147,175,156,158,164,160,164,160,144.9
3179,348,342,342,337,340,334,339,335,339,335,310.9
3180,226,205,204,210,199,199,205,201,205,201,183.9
3181,226,214,195,212,196,196,202,198,202,198,180.9
3182,208,189,185,177,175,176,182,178,182,178,161.9
3183,427,422,423,416,419,402,411,407,411,406,372.9
3184,297,291,282,278,279,276,281,277,281,277,256.9
3185,247,232,225,224,222,221,227,223,227,223,204.9
3186,248,240,226,224,226,225,230,227,231,227,208.9
3187,349,344,339,340,343,337,342,338,342,338,313.9
3188,274,264,257,261,257,255,260,256,260,256,236.9
3189,365,358,357,354,354,346,352,348,352,348,321.9
3190,308,295,297,290,293,289,294,291,295,291,268.9
3191,231,214,208,215,198,198,203,200,204,200,181.9
3192,223,209,186,192,201,202,207,203,207,203,186.9
3193,234,216,207,218,207,207,212,209,212,208,190.9
3194,261,250,245,238,245,244,249,245,249,245,226.9
3195,266,259,246,256,249,247,253,249,253,249,229.9
3196,313,309,301,303,297,293,298,294,298,294,272.9
3197,0,2,4,2,2,70,82,96,99,76,75.9
3198,279,267,258,269,259,257,262,258,262,258,238.9
3199,228,206,196,207,201,201,207,203,207,203,185.9
3200,304,292,288,296,286,282,288,284,288,284,261.9
3201,320,311,306,315,309,304,310,306,310,306,282.9
3202,133,140,145,135,224,230,238,234,239,233,221.9
3203,181,183,136,108,136,139,145,141,145,140,125.9
3204,239,214,220,214,218,218,223,219,223,219,201.9
3205,454,451,449,449,452,424,435,428,435,430,391.9
3206,374,362,359,369,366,358,364,360,364,360,333.9
3207,412,407,407,404,404,391,399,395,399,394,363.9
3208,166,180,166,174,124,128,134,130,134,129,115.9
3209,369,363,356,367,360,352,358,354,358,354,327.9
3210,341,335,330,331,330,324,330,326,330,326,301.9
3211,405,400,400,391,399,388,395,391,395,390,361.9
3212,283,270,261,263,264,261,267,263,267,263,242.9
3213,355,342,342,345,337,330,336,332,336,332,306.9
3214,269,261,246,251,253,251,257,253,257,253,233.9
3215,384,374,374,376,375,366,372,368,372,368,340.9
3216,304,294,292,295,288,284,290,286,290,286,263.9
3217,243,223,226,229,216,215,221,217,221,217,198.9
3218,303,292,288,290,289,285,291,287,291,287,264.9
3219,309,299,294,300,296,292,297,294,297,294,271.9
3220,281,268,259,264,264,262,267,263,267,263,243.9
3221,434,433,433,424,431,412,422,417,422,417,382.9
3222,355,353,339,351,343,336,342,338,342,338,312.9
3223,342,333,330,335,330,324,330,326,330,326,301.9
3224,251,233,230,234,225,224,229,226,229,225,206.9
3225,305,289,290,290,288,284,290,286,290,286,263.9
3226,311,295,300,302,297,293,298,295,298,294,272.9
3227,232,227,205,219,213,213,218,215,218,214,196.9
3228,237,229,206,218,214,214,219,215,219,215,197.9
3229,388,383,380,387,379,370,376,372,376,372,344.9
3230,204,118,174,182,174,176,181,177,181,177,161.9
3231,277,270,263,260,258,256,261,257,261,257,237.9
3232,268,259,250,250,248,246,252,248,252,248,228.9
3233,307,293,297,294,291,287,292,289,293,289,266.9
3234,222,201,187,196,190,191,196,192,196,192,175.9
3235,354,348,342,344,341,334,340,336,340,336,310.9
3236,387,386,381,382,380,371,377,373,377,373,345.9
3237,278,272,260,260,259,257,262,258,262,258,238.9
3238,267,251,247,245,244,242,248,244,248,244,224.9
3239,231,220,196,210,212,212,217,214,217,213,195.9
3240,338,328,327,331,325,319,325,321,325,321,296.9
3241,256,244,237,234,235,234,239,235,239,235,216.9
3242,374,373,366,367,362,354,360,356,360,356,329.9
3243,358,348,350,353,348,341,347,343,347,343,317.9
3244,237,221,214,224,218,218,223,219,223,219,201.9
3245,403,396,400,401,398,387,394,390,394,389,360.9
3246,218,199,188,193,186,187,192,188,192,188,171.9
3247,464,461,449,463,459,424,437,432,438,431,389.9
3248,181,190,139,19,149,152,158,154,158,153,138.9
3249,298,287,283,288,284,281,286,282,286,282,261.9
3250,313,303,301,297,300,296,301,297,301,297,275.9
3251,330,325,318,319,315,310,315,311,315,311,287.9
3252,236,221,207,224,213,213,218,214,218,214,196.9
3253,202,158,149,178,168,170,175,171,175,171,155.9
3254,240,218,217,226,222,222,227,223,227,223,205.9
3255,253,235,225,236,234,233,238,234,238,234,215.9
3256,343,337,332,335,340,334,340,336,340,336,311.9
3257,160,163,163,169,114,118,124,121,125,119,106.9
3258,294,289,275,285,275,272,277,273,277,273,252.9
3259,312,296,298,305,299,295,300,296,300,296,274.9
3260,160,161,174,161,155,159,166,162,166,161,147.9
3261,361,358,346,352,347,340,345,342,346,342,315.9
3262,283,269,262,265,266,263,269,265,269,265,244.9
3263,322,313,309,307,308,303,309,305,309,305,281.9
3264,162,176,170,169,113,117,123,119,124,118,105.9
3265,375,370,364,364,370,362,368,364,368,364,336.9
3266,184,214,166,145,146,149,154,151,155,150,135.9
3267,302,290,291,290,291,287,293,289,293,289,266.9
3268,314,304,303,306,304,300,305,301,305,301,278.9
3269,293,283,281,278,276,273,278,274,278,274,253.9
3270,330,322,320,320,314,309,314,311,314,310,286.9
3271,264,246,245,249,242,240,246,242,246,242,222.9
3272,285,277,268,265,271,268,274,270,274,270,248.9
3273,411,404,408,401,397,384,392,388,392,387,356.9
3274,231,215,205,214,210,210,215,212,216,212,193.9
3275,145,146,150,146,108,113,120,116,121,115,102.9
3276,225,221,204,207,205,205,211,207,211,207,189.9
3277,291,276,273,280,277,274,279,276,279,275,254.9
3278,180,189,133,144,143,146,152,148,152,147,132.9
3279,339,332,326,331,323,317,323,319,323,319,294.9
3280,359,356,346,353,346,339,345,341,345,341,315.9
3281,286,277,268,270,268,265,271,267,271,267,245.9
3282,279,267,256,259,257,255,260,256,260,256,236.9
3283,224,208,196,204,199,199,205,201,205,201,183.9
3284,303,293,291,292,289,285,291,287,291,287,264.9
3285,213,178,175,190,182,183,189,185,189,184,168.9
3286,360,357,351,349,353,346,352,348,352,348,321.9
3287,274,260,253,258,259,257,262,258,262,258,238.9
3288,290,280,275,277,275,272,277,274,277,273,252.9
3289,153,156,169,157,97,102,108,104,109,103,90.9
3290,267,251,241,246,246,244,250,246,250,246,226.9
3291,286,275,267,269,272,269,275,271,275,271,249.9
3292,411,410,403,398,407,394,402,398,402,397,366.9
3293,309,297,295,303,292,288,293,290,293,290,267.9
3294,282,271,265,269,258,255,261,257,261,257,236.9
3295,412,406,409,411,401,388,396,392,396,391,360.9
3296,365,361,347,359,357,349,355,351,355,351,324.9
3297,359,350,347,346,352,345,351,347,351,347,321.9
3298,73,77,79,77,73,97,112,104,111,102,167.9
3299,301,290,280,287,283,280,285,281,285,281,259.9
3300,274,261,254,265,255,253,258,254,258,254,234.9
3301,266,257,249,245,242,240,246,242,246,242,222.9
3302,283,276,268,270,265,262,268,264,268,264,243.9
3303,284,271,268,264,268,265,271,267,271,267,246.9
3304,320,313,307,314,303,298,304,300,304,300,276.9
3305,287,272,272,275,271,268,273,270,274,270,248.9
3306,235,222,199,222,215,215,220,216,220,216,198.9
3307,250,231,223,240,227,226,231,228,232,227,209.9
3308,288,277,269,271,269,266,271,268,272,268,246.9
3309,289,275,276,278,266,263,268,265,268,265,243.9
3310,181,181,162,174,150,153,159,155,159,154,139.9
3311,334,325,325,320,324,319,324,320,324,320,296.9
3312,289,283,271,279,270,267,272,269,272,269,247.9
3313,297,284,278,290,283,280,285,281,285,281,260.9
3314,356,343,344,346,341,334,340,336,340,336,310.9
3315,403,391,398,399,386,375,382,378,382,377,348.9
3316,331,323,322,318,316,311,316,312,316,312,288.9
3317,310,296,301,298,297,293,298,295,298,294,272.9
3318,248,232,229,229,232,231,236,233,237,233,214.9
3319,243,227,222,225,221,220,226,222,226,222,203.9
3320,368,364,359,365,361,353,359,355,359,355,328.9
3321,255,237,230,241,231,230,235,231,235,231,212.9
3322,333,328,317,327,323,318,323,319,323,319,295.9
3323,220,196,185,206,200,201,206,202,206,202,185.9
3324,136,141,155,139,181,187,195,191,196,189,178.9
3325,212,185,177,194,189,190,196,192,196,192,175.9
3326,228,212,203,200,204,204,210,206,210,206,188.9
3327,308,299,293,298,294,290,295,292,296,292,269.9
3328,221,207,193,200,192,193,198,194,198,194,177.9
3329,347,336,340,340,333,327,332,328,332,328,303.9
3330,377,372,365,372,361,352,358,355,358,354,326.9
3331,204,115,174,179,171,173,178,174,178,174,158.9
3332,292,281,271,279,275,272,277,273,277,273,252.9
3333,176,183,214,194,150,153,159,155,159,155,140.9
3334,240,219,219,218,223,223,228,224,228,224,206.9
3335,130,130,142,134,176,183,190,186,192,185,174.9
3336,240,226,215,219,218,218,223,219,223,219,201.9
3337,305,300,293,292,288,284,290,286,290,286,263.9
3338,289,281,268,272,274,271,276,273,276,273,251.9
3339,291,282,272,277,271,268,273,270,273,269,248.9
3340,184,196,104,108,159,162,167,164,168,163,148.9
3341,407,403,403,402,396,384,391,388,391,387,356.9
3342,260,239,233,242,238,237,242,238,242,238,219.9
3343,261,243,246,246,244,243,248,244,248,244,225.9
3344,290,280,276,275,272,269,274,271,274,270,249.9
3345,332,319,315,327,327,322,327,323,327,323,299.9
3346,253,242,232,239,227,226,231,227,231,227,208.9
3347,210,189,193,187,188,189,195,191,195,191,174.9
3348,338,332,322,333,328,322,328,324,328,324,299.9
3349,254,238,231,234,238,237,242,238,242,238,219.9
3350,364,358,354,349,352,345,350,346,350,346,320.9
3351,119,121,128,123,122,131,139,135,141,134,126.9
3352,270,257,247,251,248,246,251,248,251,248,228.9
3353,82,83,90,85,85,104,117,110,120,110,189.9
3354,354,346,342,348,342,335,341,337,341,337,311.9
3355,402,398,395,396,394,383,390,386,390,386,356.9
3356,222,197,198,194,197,198,203,199,203,199,182.9
3357,450,435,440,434,445,420,431,424,431,426,388.9
3358,352,349,340,342,333,326,332,328,332,328,302.9
3359,242,232,213,220,221,220,226,222,226,222,203.9
3360,413,412,404,405,403,390,397,394,398,393,362.9
3361,270,252,253,253,250,248,253,250,253,250,229.9
3362,263,247,249,248,239,238,243,239,243,239,220.9
3363,375,374,364,370,361,353,359,355,359,355,328.9
3364,202,154,149,169,167,169,174,170,174,170,154.9
3365,264,251,244,252,240,238,244,240,244,240,220.9
3366,396,389,387,394,389,379,385,382,385,381,352.9
3367,196,212,176,158,168,170,176,172,176,172,156.9
3368,281,267,268,268,265,263,268,264,268,264,244.9
3369,355,351,344,342,348,341,347,343,347,343,317.9
3370,391,389,387,389,382,372,379,375,379,374,346.9
3371,150,152,174,163,48,53,59,56,60,54,42.9
3372,407,406,399,402,403,391,398,395,398,394,363.9
3373,218,208,191,195,190,191,196,192,196,192,175.9
3374,295,287,285,281,279,276,281,277,281,277,256.9
3375,308,297,295,294,287,283,288,285,289,285,262.9
3376,302,290,288,285,284,280,286,282,286,282,259.9
3377,199,305,152,170,178,180,186,182,186,181,165.9
3378,333,320,322,330,322,317,322,318,322,318,294.9
3379,326,314,313,313,312,307,312,309,312,309,285.9
3380,464,452,460,449,453,416,429,425,432,423,381.9
3381,314,301,299,304,305,301,306,302,306,302,279.9
3382,314,302,302,305,302,298,303,299,303,299,276.9
3383,406,401,392,399,396,385,392,388,392,387,357.9
3384,240,232,208,213,216,216,221,217,221,217,199.9
3385,388,382,378,385,385,376,382,378,382,378,350.9
3386,316,311,308,303,301,297,302,298,302,298,275.9
3387,22,91,22,23,25,77,89,92,100,80,82.9
3388,166,170,292,181,154,158,164,160,164,159,145.9
3389,291,284,277,281,275,272,277,274,277,273,252.9
3390,316,305,300,300,302,298,303,299,303,299,276.9
3391,161,168,173,168,125,129,135,131,136,130,117.9
3392,226,204,191,207,201,201,207,203,207,203,185.9
3393,0,48,0,29,0,69,81,94,101,74,76.9
3394,262,248,240,241,240,239,244,240,244,240,221.9
3395,297,286,276,281,276,273,278,274,278,274,253.9
3396,323,319,308,311,312,307,313,309,313,309,285.9
3397,239,227,221,222,212,212,217,213,217,213,195.9
3398,313,297,304,302,294,290,295,291,295,291,268.9
3399,324,319,313,316,309,304,310,306,310,306,282.9
3400,240,224,207,226,222,222,227,223,227,223,205.9
3401,244,235,216,225,224,223,229,225,229,225,206.9
3402,400,395,391,391,388,377,384,380,384,380,350.9
3403,242,224,222,226,226,226,231,227,231,227,209.9
3404,213,191,188,182,183,184,190,186,190,186,169.9
3405,360,348,349,352,350,343,349,345,349,345,318.9
3406,369,367,363,361,356,348,354,350,354,350,323.9
3407,260,247,245,244,236,235,240,236,240,236,217.9
3408,338,331,327,325,327,321,327,323,327,323,298.9
3409,298,286,284,282,281,278,283,279,283,279,258.9
3410,385,379,373,380,374,365,371,367,371,367,339.9
3411,273,267,260,253,250,248,253,249,253,249,229.9
3412,305,293,289,289,286,282,288,284,288,284,261.9
3413,392,380,384,380,383,373,380,376,380,375,346.9
3414,295,286,274,275,282,279,284,280,284,280,259.9
3415,227,219,210,213,205,205,211,207,211,207,189.9
3416,385,382,383,375,373,364,370,366,370,366,338.9
3417,275,264,257,258,253,251,256,252,256,252,232.9
3418,294,286,281,282,281,278,283,279,283,279,258.9
3419,181,188,157,157,163,166,172,168,172,167,152.9
3420,475,437,363,461,398,349,359,359,366,355,310.9
3421,141,151,146,141,131,137,144,140,145,139,127.9
3422,267,255,255,246,249,247,253,249,253,249,229.9
3423,418,412,408,415,401,387,395,391,395,390,358.9
3424,476,434,433,429,474,425,434,435,441,431,385.9
3425,140,145,151,140,101,107,114,110,115,109,97.9
3426,275,260,259,262,260,258,263,259,263,259,239.9
3427,347,338,337,336,339,333,338,334,338,334,309.9
3428,199,229,170,164,171,173,178,175,179,174,158.9
3429,249,241,223,234,229,228,233,230,234,229,211.9
3430,264,246,239,244,239,237,243,239,243,239,219.9
3431,309,300,296,292,289,285,290,287,290,287,264.9
3432,266,248,243,252,244,242,248,244,248,244,224.9
3433,320,309,305,312,301,296,302,298,302,298,274.9
3434,243,226,213,228,218,217,223,219,223,219,200.9
3435,239,220,209,221,216,216,221,217,221,217,199.9
3436,174,178,292,218,131,134,140,136,141,136,121.9
3437,400,394,391,389,398,387,394,390,394,390,360.9
3438,311,305,300,305,299,295,300,297,300,296,274.9
3439,396,392,390,391,395,385,391,388,391,387,358.9
3440,311,301,296,297,294,290,295,292,295,291,269.9
3441,271,260,256,259,252,250,255,252,255,252,231.9
3442,265,257,243,246,246,244,250,246,250,246,226.9
3443,332,325,316,327,320,315,320,316,320,316,292.9
3444,413,408,408,405,411,398,405,402,406,401,370.9
3445,294,283,272,284,274,271,276,272,276,272,251.9
3446,281,266,264,266,264,262,267,263,267,263,243.9
3447,189,210,116,159,161,163,169,165,169,165,149.9
3448,308,299,288,301,298,294,299,296,299,296,273.9
3449,151,157,169,167,139,144,150,146,151,145,133.9
3450,259,243,234,244,240,239,244,240,244,240,221.9
3451,232,221,203,215,208,208,213,210,213,209,191.9
3452,265,252,244,251,244,242,248,244,248,244,224.9
3453,245,227,216,224,227,226,232,228,232,228,209.9
3454,266,247,247,241,244,242,248,244,248,244,224.9
3455,159,163,159,160,107,111,118,114,118,113,99.9
3456,328,314,319,315,315,310,315,312,315,311,287.9
3457,220,204,191,201,190,191,196,192,196,192,175.9
3458,160,163,187,167,120,124,130,127,131,125,112.9
3459,163,166,172,170,102,106,112,108,112,107,93.9
3460,375,368,366,366,367,359,365,361,365,361,334.9
3461,282,267,260,271,269,266,272,268,272,268,247.9
3462,217,213,186,189,186,187,192,188,192,188,171.9
3463,210,184,180,187,174,175,181,177,181,177,160.9
3464,316,304,306,306,303,299,304,300,304,300,277.9
3465,328,323,315,317,315,310,315,312,315,311,287.9
3466,228,213,192,206,200,200,206,202,206,202,184.9
3467,360,353,355,349,352,345,351,347,351,347,320.9
3468,270,260,249,254,248,246,251,248,251,248,227.9
3469,448,446,444,429,426,402,413,406,413,408,370.9
3470,141,144,153,144,137,143,150,146,151,144,133.9
3471,255,235,234,236,233,232,237,233,237,233,214.9
3472,427,426,423,426,411,394,403,399,404,399,364.9
3473,239,212,210,223,215,215,220,216,220,216,198.9
3474,228,201,201,212,202,202,208,204,208,204,186.9
3475,188,204,122,162,164,167,172,168,172,168,153.9
3476,404,398,398,400,400,389,396,392,396,391,362.9
3477,464,458,446,453,450,414,427,423,429,422,379.9
3478,191,198,139,177,154,156,162,158,162,158,142.9
3479,310,302,295,297,300,296,301,298,301,297,275.9
3480,348,344,335,336,339,333,338,334,338,334,309.9
3481,302,292,283,291,286,282,288,284,288,284,261.9
3482,335,329,321,329,325,320,325,321,325,321,297.9
3483,350,341,340,342,339,333,338,334,338,334,309.9
3484,288,283,273,274,270,267,272,269,273,269,247.9
3485,206,193,177,193,178,180,185,181,185,181,165.9
3486,197,254,176,165,162,164,170,166,170,165,149.9
3487,250,231,233,226,230,229,234,231,234,230,212.9
3488,335,325,320,326,327,322,327,323,327,323,299.9
3489,254,239,232,234,238,237,242,238,242,238,219.9
3490,306,293,292,297,290,286,292,288,292,288,265.9
3491,261,255,242,247,239,238,243,239,243,239,220.9
3492,206,180,174,195,174,176,181,177,181,177,161.9
3493,162,173,170,187,134,138,144,140,145,139,126.9
3494,310,301,300,297,299,295,300,297,300,296,274.9
3495,346,339,339,339,334,328,333,330,333,329,304.9
3496,388,383,383,378,381,372,378,374,378,374,346.9
3497,225,209,201,208,199,199,205,201,205,201,183.9
3498,214,192,185,203,177,178,184,180,184,179,162.9
3499,244,226,223,230,225,224,230,226,230,226,207.9
3500,57,57,59,57,57,94,105,106,112,99,111.9
3501,203,181,184,188,177,179,184,180,184,180,164.9
3502,429,426,421,424,420,402,412,407,412,407,372.9
3503,274,264,263,260,259,257,262,258,262,258,238.9
3504,249,227,222,231,228,227,232,229,233,228,210.9
3505,387,382,380,384,378,369,375,371,375,371,343.9
3506,356,349,346,349,349,342,348,344,348,344,318.9
3507,355,347,340,343,344,337,343,339,343,339,313.9
3508,248,237,224,235,224,223,228,225,229,225,206.9
3509,291,285,271,279,277,274,279,276,279,275,254.9
3510,255,242,235,238,237,236,241,237,241,237,218.9
3511,137,142,137,145,137,143,150,146,151,145,134.9
3512,359,358,350,351,345,338,344,340,344,340,314.9
3513,180,180,116,172,149,152,158,154,158,153,138.9
3514,320,308,313,314,307,302,308,304,308,304,280.9
3515,123,125,128,133,125,133,140,136,142,136,126.9
3516,166,170,221,184,117,121,127,123,127,122,108.9
3517,416,412,412,413,410,396,404,400,404,399,367.9
3518,221,204,199,199,192,193,198,194,198,194,177.9
3519,225,202,194,210,199,199,205,201,205,201,183.9
3520,339,327,333,335,327,321,327,323,327,323,298.9
3521,358,353,351,355,349,342,348,344,348,344,318.9
3522,312,304,300,301,294,290,295,291,295,291,269.9
3523,389,388,386,383,383,373,380,376,380,375,347.9
3524,113,114,124,114,129,139,149,143,151,143,136.9
3525,313,304,300,300,303,299,304,300,304,300,277.9
3526,356,354,346,350,349,342,348,344,348,344,318.9
3527,229,215,198,205,206,206,212,208,212,208,190.9
3528,291,278,277,275,269,266,271,268,271,267,246.9
3529,149,153,152,152,124,129,136,132,136,130,118.9
3530,328,322,314,321,312,307,312,309,312,308,284.9
3531,116,117,120,116,119,129,138,132,140,132,125.9
3532,238,218,214,217,222,222,227,223,227,223,205.9
3533,314,303,303,302,300,296,301,297,301,297,274.9
3534,214,194,184,205,186,187,193,189,193,188,171.9
3535,236,213,201,217,210,210,215,211,215,211,193.9
3536,292,280,274,274,276,273,278,275,278,274,253.9
3537,138,138,144,152,182,188,195,191,196,190,178.9
3538,293,288,281,280,272,269,274,270,274,270,249.9
3539,215,212,184,196,187,188,193,190,194,189,172.9
3540,356,349,344,346,343,336,342,338,342,338,312.9
3541,371,364,362,363,359,351,357,353,357,353,326.9
3542,302,288,287,282,290,286,292,288,292,288,265.9
3543,353,345,340,351,336,329,335,331,335,331,305.9
3544,226,206,201,200,200,200,206,202,206,202,184.9
3545,421,416,420,420,409,394,402,398,403,398,365.9
3546,305,294,291,290,293,289,295,291,295,291,268.9
3547,327,315,317,312,317,312,317,314,317,314,290.9
3548,220,197,183,213,194,195,200,196,200,196,179.9
3549,364,353,357,355,357,350,355,351,355,351,325.9
3550,304,296,290,287,288,284,290,286,290,286,263.9
3551,390,386,381,380,379,369,376,372,376,371,343.9
3552,258,247,239,239,242,241,246,242,246,242,223.9
3553,120,121,126,120,143,151,159,155,161,155,145.9
3554,369,366,359,363,360,352,358,354,358,354,327.9
3555,189,202,147,188,159,161,167,163,167,163,147.9
3556,296,288,285,283,279,276,281,277,281,277,256.9
3557,284,280,269,269,269,266,272,268,272,268,247.9
3558,390,380,376,387,382,372,379,375,379,374,346.9
3559,194,217,160,173,165,167,173,169,173,169,153.9
3560,230,212,211,210,203,203,208,205,209,205,186.9
3561,450,442,436,447,423,398,409,402,409,404,366.9
3562,268,252,253,251,249,247,253,249,253,249,229.9
3563,286,274,271,271,264,261,267,263,267,263,241.9
3564,255,239,233,240,236,235,240,236,240,236,217.9
3565,307,297,288,293,289,285,291,287,291,287,264.9
3566,458,446,441,440,442,409,422,416,423,416,375.9
3567,137,138,141,138,262,268,275,271,276,270,259.9
3568,184,207,140,101,152,155,160,157,161,156,141.9
3569,351,342,336,339,343,336,342,338,342,338,312.9
3570,376,365,368,366,369,361,367,363,367,363,335.9
3571,422,415,421,410,404,389,397,393,398,393,360.9
3572,328,316,309,315,316,311,316,313,316,312,288.9
3573,277,262,265,262,264,262,267,263,267,263,243.9
3574,338,330,323,328,327,321,327,323,327,323,298.9
3575,415,414,413,412,402,388,396,393,396,392,359.9
3576,246,239,218,227,223,222,228,224,228,224,205.9
3577,189,207,132,154,150,152,158,154,158,154,138.9
3578,360,354,348,354,354,347,353,349,353,349,322.9
3579,244,227,219,218,215,214,220,216,220,216,197.9
3580,413,410,409,404,408,395,402,399,403,398,367.9
3581,372,367,364,364,362,354,360,356,360,356,329.9
3582,285,274,267,272,266,263,269,265,269,265,243.9
3583,247,228,218,233,227,226,232,228,232,228,209.9
3584,276,263,257,255,254,252,257,253,257,253,233.9
3585,262,255,244,245,246,245,250,246,250,246,227.9
3586,348,336,334,342,336,330,335,331,335,331,306.9
3587,222,218,187,206,192,193,198,194,198,194,177.9
3588,351,343,340,336,337,330,336,332,336,332,306.9
3589,355,346,342,349,344,337,343,339,343,339,313.9
3590,289,280,274,276,270,267,272,269,272,269,247.9
3591,275,262,260,263,254,252,257,253,257,253,233.9
3592,250,232,225,233,231,230,235,232,235,231,213.9
3593,380,375,366,377,372,363,369,366,369,365,337.9
3594,405,398,402,400,388,377,384,380,384,379,350.9
3595,183,213,157,107,145,148,154,150,154,149,134.9
3596,387,378,386,382,380,371,377,373,377,373,345.9
3597,379,376,370,372,374,365,371,368,371,367,339.9
3598,150,155,152,154,89,94,100,97,101,95,83.9
3599,330,325,323,318,315,310,315,311,315,311,287.9
3600,256,238,234,241,233,232,237,233,237,233,214.9
3601,268,247,251,253,251,249,255,251,255,251,231.9
3602,228,211,200,201,200,200,206,202,206,202,184.9
3603,370,361,358,364,359,351,357,353,357,353,326.9
3604,283,273,270,266,265,262,268,264,268,264,243.9
3605,284,277,267,270,265,262,268,264,268,264,243.9
3606,273,266,250,256,254,252,257,253,257,253,233.9
3607,194,282,158,158,163,165,171,167,171,167,151.9
3608,320,309,310,315,306,301,307,303,307,303,279.9
3609,238,222,222,214,212,212,217,213,217,213,195.9
3610,363,361,358,359,354,347,352,348,352,348,322.9
3611,304,293,289,293,291,287,293,289,293,289,266.9
3612,352,349,334,348,343,336,342,338,342,338,312.9
3613,405,400,400,401,396,385,392,388,392,387,358.9
3614,295,282,279,282,285,282,287,283,287,283,262.9
3615,314,300,301,307,299,295,300,296,300,296,273.9
3616,336,327,323,327,325,319,325,321,325,321,296.9
3617,483,407,466,403,416,361,369,370,373,366,318.9
3618,389,387,377,380,379,369,376,372,376,371,343.9
3619,218,209,191,202,193,194,199,195,199,195,178.9
3620,389,385,387,382,382,372,379,375,379,375,346.9
3621,130,132,133,130,153,160,167,163,169,162,151.9
3622,311,301,301,303,297,293,298,295,298,294,272.9
3623,255,235,231,240,236,235,240,236,240,236,217.9
3624,129,130,132,129,207,214,222,217,223,217,206.9
3625,134,135,135,138,176,182,190,186,191,185,173.9
3626,269,262,253,247,244,242,247,244,248,244,224.9
3627,299,293,287,281,278,275,280,276,280,276,255.9
3628,323,313,310,316,313,308,314,310,314,310,286.9
3629,264,255,248,246,247,245,251,247,251,247,227.9
3630,273,261,253,257,247,245,250,246,250,246,226.9
3631,295,287,279,280,281,278,283,279,283,279,258.9
3632,360,353,352,352,348,341,347,343,347,343,316.9
3633,545,529,529,512,511,380,386,380,391,388,302.9
3634,444,437,433,443,443,421,431,425,431,426,389.9
3635,409,405,404,403,394,382,389,385,389,385,354.9
3636,216,199,186,196,187,188,193,190,194,189,172.9
3637,376,368,365,364,374,366,372,368,372,368,340.9
3638,420,418,418,417,409,394,403,399,403,398,365.9
3639,139,147,142,146,264,270,277,273,278,272,260.9
3640,173,183,181,294,146,149,155,152,156,151,136.9
3641,308,293,298,302,295,291,296,293,296,293,270.9
3642,358,355,348,349,350,343,349,345,349,345,319.9
3643,311,304,300,301,297,293,298,295,298,294,272.9
3644,191,298,147,178,163,165,171,167,171,167,151.9
3645,425,419,416,418,420,404,413,408,413,408,375.9
3646,333,325,315,321,319,314,319,315,319,315,291.9
3647,179,185,79,145,150,153,159,155,159,154,140.9
3648,320,305,303,305,312,307,313,309,313,309,285.9
3649,392,386,390,387,378,368,375,371,375,370,341.9
3650,460,450,439,457,446,412,425,419,426,420,378.9
3651,302,291,290,289,292,288,294,290,294,290,267.9
3652,241,232,209,216,223,223,228,224,228,224,206.9
3653,327,315,318,322,315,310,315,312,315,312,288.9
3654,240,226,219,228,210,210,215,211,215,211,193.9
3655,265,254,252,248,248,246,252,248,252,248,228.9
3656,382,375,372,374,380,371,377,373,377,373,345.9
3657,292,279,278,283,276,273,278,275,278,274,253.9
3658,310,305,295,301,297,293,298,295,298,295,272.9
3659,170,173,170,181,127,131,137,133,137,132,118.9
3660,330,321,320,323,316,311,316,313,316,312,288.9
3661,146,151,155,152,125,130,137,133,138,132,119.9
3662,245,223,219,224,231,230,236,232,236,232,213.9
3663,225,206,197,206,196,196,202,198,202,198,180.9
3664,372,368,370,361,367,359,365,361,365,361,334.9
3665,256,248,240,244,236,235,240,236,240,236,217.9
3666,232,209,201,210,201,201,206,203,206,202,184.9
3667,313,302,299,306,298,294,299,295,299,295,273.9
3668,314,300,306,303,293,289,294,290,294,290,267.9
3669,209,174,187,178,176,177,183,179,183,179,162.9
3670,272,262,253,248,255,253,258,255,258,254,234.9
3671,320,305,304,309,306,301,307,303,307,303,279.9
3672,451,443,431,445,444,418,428,422,429,424,385.9
3673,318,307,302,308,304,299,305,301,305,301,277.9
3674,228,211,193,209,207,207,213,209,213,209,191.9
3675,296,286,282,284,283,280,285,281,285,281,260.9
3676,394,384,389,386,381,371,377,374,378,373,344.9
3677,383,377,367,376,375,366,372,368,372,368,340.9
3678,229,209,200,207,204,204,210,206,210,206,188.9
3679,207,185,175,188,183,184,190,186,190,186,169.9
3680,257,245,236,243,239,238,243,239,243,239,220.9
3681,351,345,338,343,341,335,340,336,340,336,311.9
3682,245,235,217,218,221,220,226,222,226,222,203.9
3683,356,352,343,349,343,336,342,338,342,338,312.9
3684,198,216,170,176,169,171,177,173,177,172,156.9
3685,322,313,311,311,313,308,314,310,314,310,286.9
3686,324,317,314,314,314,309,315,311,315,311,287.9
3687,189,191,144,140,164,166,172,168,172,168,152.9
3688,356,351,345,349,347,340,346,342,346,342,316.9
3689,332,329,313,323,323,318,323,319,323,319,295.9
3690,326,318,310,318,313,308,314,310,313,310,286.9
3691,249,227,229,229,230,229,234,231,235,230,212.9
3692,382,379,366,372,372,363,369,365,369,365,337.9
3693,330,320,311,319,315,310,315,311,315,311,287.9
3694,295,286,285,284,277,274,279,275,279,275,254.9
3695,343,341,328,335,332,326,332,328,332,328,303.9
3696,342,340,332,332,329,323,329,325,329,325,300.9
3697,413,407,403,411,401,388,395,392,396,391,360.9
3698,228,202,202,206,197,197,203,199,203,199,181.9
3699,390,384,384,379,384,374,381,377,381,376,348.9
3700,186,198,66,174,146,149,154,150,155,150,135.9
3701,294,282,282,282,278,275,280,276,280,276,255.9
3702,304,296,290,295,287,283,289,285,289,285,262.9
3703,281,268,267,272,263,261,266,262,266,262,242.9
3704,204,168,173,199,166,168,173,169,173,169,153.9
3705,221,202,197,203,192,193,198,194,198,194,177.9
3706,287,275,273,271,270,267,273,269,273,269,247.9
3707,302,291,289,286,284,280,286,282,286,282,259.9
3708,428,427,426,421,419,402,411,407,411,406,372.9
3709,230,213,197,206,206,206,211,208,212,208,189.9
3710,363,358,353,362,347,340,345,341,345,341,315.9
3711,266,256,245,241,248,246,252,248,252,248,228.9
3712,264,246,242,247,244,242,248,244,248,244,224.9
3713,328,323,315,320,313,308,313,310,313,309,285.9
3714,241,225,214,215,217,217,222,218,222,218,200.9
3715,268,258,247,254,241,239,245,241,245,241,221.9
3716,315,306,298,302,299,295,300,296,300,296,273.9
3717,289,280,269,271,273,270,275,272,275,272,250.9
3718,296,292,285,278,282,279,284,280,284,280,259.9
3719,301,295,289,288,284,280,286,282,286,282,259.9
3720,318,309,301,305,301,296,302,298,302,298,274.9
3721,261,242,237,244,242,241,246,242,246,242,223.9
3722,393,385,386,387,382,372,379,375,379,374,345.9
3723,260,247,239,244,240,239,244,240,244,240,221.9
3724,421,419,412,417,411,396,404,401,405,400,367.9
3725,388,378,381,384,381,372,378,374,378,374,346.9
3726,273,262,255,260,258,256,261,257,261,257,237.9
3727,239,226,211,218,216,216,221,217,221,217,199.9
3728,423,421,418,411,411,395,404,400,404,399,366.9
3729,215,196,176,189,185,186,191,188,192,187,170.9
3730,250,234,225,233,228,227,232,229,232,228,210.9
3731,177,184,118,211,143,146,152,148,152,147,133.9
3732,546,454,436,545,479,348,352,347,358,354,269.9
3733,435,427,425,431,430,410,421,415,421,415,379.9
3734,328,323,311,315,317,312,317,314,317,313,289.9
3735,316,305,301,307,294,290,295,291,295,291,268.9
3736,374,370,360,361,365,357,363,359,363,359,332.9
3737,385,377,380,376,372,363,369,365,369,365,337.9
3738,407,404,399,406,393,381,388,385,388,384,353.9
3739,611,519,531,604,594,458,462,438,467,464,368.9
3740,181,184,140,93,143,146,152,148,152,147,132.9
3741,202,163,166,184,169,171,176,172,176,172,156.9
3742,199,246,178,172,169,171,176,173,177,172,156.9
3743,240,223,215,222,214,214,219,215,219,215,197.9
3744,445,444,444,444,419,396,406,400,407,402,364.9
3745,358,352,356,345,349,342,348,344,348,344,318.9
3746,247,225,225,228,224,223,229,225,229,225,206.9
3747,325,317,315,311,312,307,313,309,313,309,285.9
3748,340,339,335,327,326,320,326,322,326,322,297.9
3749,331,317,318,324,314,309,314,310,314,310,286.9
3750,312,301,299,299,298,294,299,295,299,295,273.9
3751,272,264,245,250,250,248,253,249,253,249,229.9
3752,404,396,396,401,396,385,392,388,392,387,358.9
3753,420,415,413,410,418,403,412,408,412,407,374.9
3754,297,286,282,291,276,273,278,274,278,274,253.9
3755,286,270,268,267,270,267,273,269,273,269,247.9
3756,307,296,289,293,291,287,292,289,293,289,266.9
3757,258,246,232,242,234,233,238,234,238,234,215.9
3758,354,352,343,345,344,337,343,339,343,339,313.9
3759,286,276,271,270,272,269,275,271,275,271,249.9
3760,223,207,195,202,205,206,211,207,211,207,190.9
3761,384,378,379,378,370,361,367,363,367,363,335.9
3762,271,265,254,252,250,248,253,250,253,249,229.9
3763,269,259,242,248,248,246,251,248,252,248,228.9
3764,330,321,320,321,317,312,317,313,317,313,289.9
3765,97,99,104,97,107,120,132,126,134,125,122.9
3766,382,372,375,374,370,361,367,363,367,363,335.9
3767,358,355,351,351,349,342,348,344,348,344,318.9
3768,353,346,344,341,348,341,347,343,347,343,317.9
3769,306,298,288,296,293,289,295,291,295,291,268.9
3770,337,328,325,326,324,318,324,320,324,320,295.9
3771,226,204,200,207,203,203,209,205,209,205,187.9
3772,431,425,422,426,427,409,419,414,419,414,379.9
3773,289,280,276,278,270,267,272,269,272,269,247.9
3774,428,425,422,420,418,401,410,406,410,405,371.9
3775,282,270,264,261,262,259,265,261,265,261,240.9
3776,409,399,407,407,391,379,386,382,386,382,351.9
3777,189,196,126,186,151,153,159,155,159,155,139.9
3778,160,162,160,180,134,138,144,140,145,139,126.9
3779,265,250,246,244,242,240,246,242,246,242,222.9
3780,334,325,321,321,322,317,322,318,322,318,294.9
3781,264,246,242,246,244,242,248,244,248,244,224.9
3782,281,269,266,262,262,260,265,261,265,261,241.9
3783,275,266,256,255,254,252,257,253,257,253,233.9
3784,249,229,229,234,232,231,236,233,237,232,214.9
3785,203,185,169,185,176,178,183,179,183,179,163.9
3786,412,410,407,411,397,384,392,388,392,387,356.9
3787,273,261,253,253,253,251,256,252,256,252,232.9
3788,313,303,300,302,301,297,302,298,302,298,276.9
3789,228,206,206,200,204,204,210,206,210,206,188.9
3790,293,278,277,286,272,269,274,270,274,270,249.9
3791,433,430,424,426,425,406,416,411,416,411,376.9
3792,171,175,225,174,130,134,140,136,140,135,121.9
3793,136,136,139,138,191,197,204,201,206,199,188.9
3794,298,287,281,284,284,281,286,282,286,282,261.9
3795,294,278,282,278,275,272,277,273,277,273,252.9
3796,311,299,298,297,297,293,298,295,298,294,272.9
3797,3,37,3,5,3,61,70,77,87,65,68.9
3798,477,469,464,423,455,406,415,415,422,412,366.9
3799,330,318,311,319,320,315,320,316,320,316,292.9
3800,489,379,461,481,442,380,385,387,392,386,334.9
3801,348,344,333,340,339,333,338,334,338,334,309.9
3802,288,276,271,267,270,267,272,269,273,269,247.9
3803,404,397,401,393,388,377,384,380,384,379,350.9
3804,182,208,99,153,132,135,141,137,141,136,121.9
3805,359,353,344,353,345,338,344,340,344,340,314.9
3806,107,107,116,111,110,122,132,125,134,125,121.9
3807,229,214,204,216,207,207,213,209,213,209,191.9
3808,291,281,273,276,273,270,275,272,275,271,250.9
3809,263,255,245,250,246,245,250,246,250,246,227.9
3810,238,223,211,222,221,221,226,222,226,222,204.9
3811,271,263,257,255,251,249,254,251,254,251,230.9
3812,265,249,242,243,242,240,246,242,246,242,222.9
3813,266,256,241,248,246,244,250,246,250,246,226.9
3814,265,246,244,243,243,241,247,243,247,243,223.9
3815,377,370,368,375,363,354,360,357,360,356,328.9
3816,235,214,212,219,211,211,216,212,216,212,194.9
3817,198,201,172,179,166,168,174,170,174,169,153.9
3818,0,32,3,17,10,114,123,132,131,119,120.9
3819,226,202,199,205,197,197,203,199,203,199,181.9
3820,331,322,321,317,317,312,317,313,317,313,289.9
3821,227,201,197,214,207,207,213,209,213,209,191.9
3822,314,302,299,309,303,299,304,300,304,300,277.9
3823,227,203,194,216,197,197,203,199,203,199,181.9
3824,281,272,261,267,263,261,266,262,266,262,242.9
3825,334,326,321,323,321,316,321,317,321,317,293.9
3826,347,343,333,341,335,329,334,330,334,330,305.9
3827,250,239,226,232,226,225,230,227,231,226,208.9
3828,371,364,366,366,363,355,361,357,361,357,330.9
3829,352,351,342,346,337,330,336,332,336,332,306.9
3830,264,254,249,249,243,241,247,243,247,243,223.9
3831,235,222,210,208,214,214,219,215,219,215,197.9
3832,117,118,118,119,119,129,137,132,139,132,125.9
3833,209,171,157,185,181,182,188,184,188,184,167.9
3834,384,375,378,382,366,357,363,359,363,359,331.9
3835,260,242,246,246,234,233,238,234,238,234,215.9
3836,270,261,252,254,252,250,255,252,255,252,231.9
3837,346,342,338,340,333,327,332,329,332,328,303.9
3838,308,299,296,294,296,292,297,294,298,294,271.9
3839,291,283,275,274,271,268,273,270,273,269,248.9
3840,64,68,64,65,70,102,115,112,120,108,111.9
3841,358,350,352,351,350,343,349,345,349,345,319.9
3842,312,305,298,305,294,290,295,291,295,291,269.9
3843,377,374,371,367,363,354,360,357,360,356,328.9
3844,284,270,267,264,268,265,271,267,271,267,246.9
3845,224,210,202,209,202,202,208,204,208,204,186.9
3846,293,282,273,284,274,271,276,272,276,272,251.9
3847,143,143,147,154,-5,1,7,3,8,2,-8.1
3848,155,164,161,171,112,117,123,119,124,118,105.9
3849,184,185,114,139,146,149,155,151,155,150,135.9
3850,198,218,171,180,174,176,182,178,182,177,161.9
3851,327,316,312,320,310,305,310,307,310,307,283.9
3852,268,253,250,253,251,249,255,251,255,251,231.9
3853,538,506,424,535,524,396,402,396,408,403,320.9
3854,235,220,205,213,205,205,210,206,210,206,188.9
3855,301,293,288,288,288,285,290,286,290,286,264.9
3856,198,290,183,190,165,167,173,169,173,168,152.9
3857,166,173,181,173,140,144,150,146,150,145,131.9
3858,336,334,324,323,322,316,322,318,322,318,293.9
3859,237,219,209,213,223,223,228,224,228,224,206.9
3860,143,149,148,152,74,80,86,82,87,81,70.9
3861,158,171,173,166,116,120,127,123,127,122,108.9
3862,269,259,257,257,246,244,250,246,250,246,226.9
3863,317,312,305,306,306,302,307,303,307,303,280.9
3864,190,208,162,168,150,152,158,154,158,154,138.9
3865,206,185,159,176,171,173,178,174,178,174,158.9
3866,223,200,193,198,199,199,205,201,205,201,183.9
3867,305,300,290,297,289,285,291,287,291,287,264.9
3868,210,200,176,183,190,191,197,193,197,193,176.9
3869,280,266,266,262,266,264,269,265,269,265,245.9
3870,342,339,330,331,330,324,330,326,330,326,301.9
3871,362,355,353,351,346,339,344,341,345,341,314.9
3872,271,260,258,256,249,247,252,249,252,249,228.9
3873,399,393,398,394,390,379,386,382,386,382,352.9
3874,412,407,407,403,408,395,403,399,403,398,367.9
3875,175,183,232,293,142,145,151,147,151,147,132.9
3876,229,219,199,212,201,201,206,203,207,203,185.9
3877,362,357,350,356,359,352,357,353,357,354,327.9
3878,274,264,259,254,256,254,259,255,259,255,235.9
3879,363,361,357,359,350,343,348,344,348,344,318.9
3880,254,242,235,241,233,232,237,233,237,233,214.9
3881,276,267,256,253,258,256,261,257,261,257,237.9
3882,311,306,300,302,294,290,295,292,295,291,269.9
3883,367,366,358,361,353,345,351,347,351,347,320.9
3884,420,417,407,408,416,401,410,406,410,405,372.9
3885,209,183,171,193,174,175,181,177,181,177,160.9
3886,393,386,386,383,390,380,387,383,387,382,353.9
3887,239,226,209,219,216,216,221,217,221,217,199.9
3888,399,391,396,389,389,378,385,381,385,381,351.9
3889,424,423,414,420,421,405,414,409,414,409,376.9
3890,307,295,295,296,292,288,294,290,294,290,267.9
3891,362,350,351,359,353,346,351,348,351,348,321.9
3892,305,291,286,295,287,283,289,285,289,285,262.9
3893,270,258,248,250,253,251,256,253,256,253,232.9
3894,273,257,251,256,253,251,256,252,256,252,232.9
3895,381,374,376,378,362,353,359,355,359,355,327.9
3896,245,238,216,231,227,226,232,228,232,228,209.9
3897,431,420,426,425,422,404,413,409,414,409,374.9
3898,212,193,180,202,179,180,186,182,186,182,165.9
3899,287,283,269,271,268,265,270,267,271,267,245.9
3900,334,328,320,322,324,319,324,320,324,320,296.9
3901,292,282,274,281,279,276,281,278,281,277,256.9
3902,148,153,162,158,134,139,146,142,146,141,128.9
3903,449,447,448,436,431,407,417,410,417,413,375.9
3904,295,289,276,281,283,280,285,281,285,281,260.9
3905,81,81,83,84,86,105,119,112,122,113,142.9
3906,385,381,383,383,376,367,373,369,373,369,341.9
3907,354,344,338,346,347,340,346,342,346,342,316.9
3908,99,101,101,106,112,125,136,131,138,129,126.9
3909,152,153,160,152,137,142,148,144,149,143,131.9
3910,316,304,299,306,305,301,306,302,306,302,279.9
3911,273,263,256,251,250,248,253,249,253,249,229.9
3912,276,266,261,259,258,256,261,257,261,257,237.9
3913,213,205,173,186,191,192,198,194,198,194,177.9
3914,214,208,184,201,192,193,199,195,199,194,177.9
3915,239,216,216,225,212,212,217,213,217,213,195.9
3916,361,356,350,350,350,343,348,345,349,345,318.9
3917,206,200,177,195,180,182,187,183,187,183,167.9
3918,195,213,161,172,171,173,179,175,179,175,159.9
3919,234,220,210,215,207,207,212,208,212,208,190.9
3920,229,218,205,213,205,205,210,207,211,207,189.9
3921,296,287,285,285,283,280,285,281,285,281,260.9
3922,198,239,173,160,166,168,174,170,174,169,153.9
3923,312,302,294,302,299,295,300,297,300,296,274.9
3924,0,19,8,8,38,152,160,164,169,155,157.9
3925,227,206,202,198,201,201,207,203,207,203,185.9
3926,241,222,213,212,213,213,218,214,218,214,196.9
3927,131,132,138,132,181,188,195,191,196,190,179.9
3928,119,120,121,121,143,152,160,156,163,156,148.9
3929,299,292,286,285,286,283,288,284,288,284,263.9
3930,321,306,305,311,302,297,303,299,303,299,275.9
3931,291,281,277,278,274,271,276,273,276,272,251.9
3932,335,325,323,334,319,314,319,315,319,315,291.9
3933,336,328,317,331,321,315,321,317,321,317,292.9
3934,220,204,188,204,188,189,194,190,194,190,173.9
3935,372,365,368,363,364,356,362,358,362,358,331.9
3936,310,295,297,297,296,292,297,294,297,293,271.9
3937,382,375,369,379,374,365,371,367,371,367,339.9
3938,231,207,205,220,215,215,220,217,221,217,198.9
3939,377,372,370,369,370,361,367,364,367,363,335.9
3940,306,295,291,294,287,283,289,285,289,285,262.9
3941,221,198,180,211,193,194,199,195,199,195,178.9
3942,282,267,262,269,263,260,266,262,266,262,241.9
3943,258,243,237,238,242,241,246,242,246,242,223.9
3944,270,257,250,248,253,251,256,253,256,253,232.9
3945,153,154,153,184,112,117,123,119,124,118,105.9
3946,330,321,318,324,322,317,322,318,322,318,294.9
3947,284,275,269,265,266,263,269,265,269,265,244.9
3948,155,156,163,163,128,133,139,135,140,134,121.9
3949,255,242,238,236,231,230,235,231,235,231,212.9
3950,190,193,149,162,149,151,157,153,157,153,137.9
3951,262,248,241,247,248,247,252,248,252,248,229.9
3952,221,219,188,197,194,195,200,196,200,196,179.9
3953,269,254,255,254,247,245,250,247,251,247,227.9
3954,181,183,170,170,155,158,164,160,164,159,144.9
3955,249,236,227,231,232,231,236,233,237,232,214.9
3956,167,173,262,187,111,115,121,117,121,116,102.9
3957,281,272,268,270,262,260,265,261,265,261,241.9
3958,445,444,443,440,422,399,409,403,410,405,367.9
3959,275,263,257,258,256,254,259,255,259,255,235.9
3960,330,325,314,321,318,313,318,314,318,314,290.9
3961,218,217,187,202,180,181,186,182,186,182,165.9
3962,230,218,205,215,209,209,214,211,215,211,193.9
3963,375,372,360,367,361,353,359,355,359,355,327.9
3964,220,197,186,200,187,188,193,189,193,189,172.9
3965,334,326,326,328,327,322,327,323,327,323,299.9
3966,364,357,349,361,360,352,358,354,358,354,327.9
3967,174,178,195,204,143,146,152,148,152,148,133.9
3968,265,252,246,250,242,240,246,242,246,242,222.9
3969,378,375,361,373,364,355,361,358,361,357,329.9
3970,192,205,163,191,173,175,181,177,181,177,161.9
3971,425,423,419,421,420,404,413,408,413,408,375.9
3972,323,314,306,314,312,307,313,309,313,309,285.9
3973,381,375,370,374,378,369,375,371,375,371,343.9
3974,296,290,280,282,276,273,278,274,278,274,253.9
3975,307,291,291,299,290,286,291,288,292,288,265.9
3976,84,84,87,84,84,100,114,108,116,106,180.9
3977,228,219,206,207,205,205,211,207,211,207,189.9
3978,260,252,238,245,242,241,246,242,246,242,223.9
3979,390,386,380,388,384,374,381,377,381,376,348.9
3980,173,179,186,232,146,149,155,152,156,151,136.9
3981,331,325,315,318,318,313,318,314,318,314,290.9
3982,307,300,294,296,287,283,288,285,289,285,262.9
3983,324,318,315,312,307,302,308,304,308,304,280.9
3984,295,285,282,282,279,276,281,277,281,277,256.9
3985,264,248,245,246,241,239,245,241,245,241,221.9
3986,375,372,367,361,373,365,371,367,371,367,339.9
3987,300,287,284,284,279,276,281,277,281,277,255.9
3988,336,332,316,321,325,319,325,321,325,321,296.9
3989,316,306,305,302,301,297,302,298,302,298,275.9
3990,175,186,299,212,137,140,146,142,146,142,127.9
3991,390,381,385,384,381,371,378,374,378,373,345.9
3992,218,214,192,207,189,190,195,191,195,191,174.9
3993,517,516,453,510,497,379,395,392,411,394,310.9
3994,303,299,289,293,287,283,289,285,289,285,262.9
3995,318,307,305,309,304,299,305,301,305,301,277.9
3996,224,198,188,203,198,198,204,200,204,200,182.9
3997,287,272,267,275,273,270,275,272,276,272,250.9
3998,186,208,171,156,153,156,161,157,162,157,142.9
3999,122,126,123,135,145,153,161,157,163,156,146.9
4000,197,237,169,165,175,177,183,179,183,178,162.9
4001,226,208,193,198,202,202,208,204,208,204,186.9
4002,425,420,419,421,410,394,403,398,403,398,365.9
4003,167,169,189,271,110,114,120,116,120,115,101.9
4004,281,268,266,263,264,262,267,263,267,263,243.9
4005,446,442,445,444,436,413,423,417,423,419,381.9
4006,216,202,196,194,186,187,192,189,193,188,171.9
4007,460,450,453,458,454,419,432,427,434,427,384.9
4008,238,222,206,220,213,213,218,214,218,214,196.9
4009,342,336,328,339,324,318,324,320,324,320,295.9
4010,364,357,358,359,350,343,348,344,348,344,318.9
4011,187,192,154,114,172,175,180,176,181,176,161.9
4012,271,261,244,258,251,249,254,251,254,251,230.9
4013,220,213,203,203,200,201,206,202,206,202,185.9
4014,223,207,189,196,199,200,205,201,205,201,184.9
4015,376,375,368,371,364,356,362,358,362,358,330.9
4016,355,352,347,347,341,334,340,336,340,336,310.9
4017,323,312,309,314,314,309,315,311,315,311,287.9
4018,363,354,350,352,353,346,351,347,351,347,321.9
4019,334,326,327,327,324,319,324,320,324,320,296.9
4020,119,119,119,122,124,133,141,137,143,136,128.9
4021,358,355,350,346,344,337,343,339,343,339,313.9
4022,281,273,265,259,264,262,267,263,267,263,243.9
4023,343,334,333,334,333,327,333,329,333,329,303.9
4024,293,283,274,279,280,277,282,278,282,278,257.9
4025,458,453,446,445,455,421,435,428,436,429,387.9
4026,196,260,155,157,172,174,180,176,180,175,159.9
4027,160,171,174,174,139,143,149,146,150,144,131.9
4028,299,284,281,286,281,278,283,279,283,279,258.9
4029,269,256,250,254,248,246,251,248,252,248,228.9
4030,199,319,158,183,169,171,176,173,177,172,156.9
4031,318,313,302,308,305,300,306,302,306,302,278.9
4032,179,182,14,156,155,158,164,160,164,159,145.9
4033,270,255,256,255,253,251,256,253,256,253,232.9
4034,222,216,194,195,192,193,198,194,198,194,177.9
4035,351,342,345,342,340,333,339,335,339,335,309.9
4036,205,140,183,191,174,176,181,177,181,177,161.9
4037,216,188,187,204,187,188,193,190,194,189,172.9
4038,358,354,346,351,347,340,346,342,346,342,316.9
4039,323,310,311,311,311,306,312,308,312,308,284.9
4040,323,313,309,312,308,303,309,305,309,305,281.9
4041,369,361,357,362,359,351,357,353,357,353,326.9
4042,217,206,195,200,186,187,192,188,192,188,171.9
4043,244,227,211,228,221,220,226,222,226,222,203.9
4044,405,396,396,400,389,378,385,381,385,380,351.9
4045,274,262,253,260,253,251,256,252,256,252,232.9
4046,246,231,217,230,225,224,230,226,230,226,207.9
4047,357,351,348,342,339,332,338,334,338,334,308.9
4048,96,96,97,100,102,115,128,122,129,120,117.9
4049,366,365,358,363,350,342,348,344,348,344,317.9
4050,233,221,207,216,212,212,217,214,217,213,195.9
4051,19,37,19,24,22,75,88,92,99,78,79.9
4052,197,319,173,154,172,174,180,176,180,175,159.9
4053,342,336,327,339,332,326,332,328,332,328,303.9
4054,344,341,333,336,335,329,335,331,335,331,305.9
4055,304,291,286,294,288,284,290,286,290,286,263.9
4056,200,92,166,190,167,169,174,171,175,170,154.9
4057,323,320,311,310,307,302,308,304,308,304,280.9
4058,306,297,290,299,291,287,293,289,293,289,266.9
4059,248,233,222,229,222,221,226,223,227,223,204.9
4060,208,169,186,188,185,186,192,188,192,188,171.9
4061,179,183,145,128,150,153,159,155,159,154,140.9
4062,394,385,381,392,384,374,380,377,381,376,347.9
4063,266,249,247,245,246,244,250,246,250,246,226.9
4064,147,147,147,148,64,69,76,72,77,71,58.9
4065,186,199,136,175,144,147,152,148,153,148,133.9
4066,202,168,165,178,183,185,190,186,190,186,170.9
4067,321,309,307,306,311,306,312,308,312,308,284.9
4068,367,364,364,366,355,347,353,349,353,349,322.9
4069,349,338,334,339,338,332,337,333,337,333,308.9
4070,325,317,315,317,310,305,311,307,310,307,283.9
4071,148,148,154,150,117,122,129,125,129,124,111.9
4072,192,254,182,164,161,163,169,165,169,165,149.9
4073,441,439,438,440,429,407,418,412,418,413,376.9
4074,296,289,278,284,279,276,281,277,281,277,256.9
4075,392,390,386,383,380,370,377,373,377,372,344.9
4076,257,239,235,238,232,231,236,232,236,232,213.9
4077,237,210,203,210,217,217,222,218,222,218,200.9
4078,254,239,235,234,236,235,240,236,240,236,217.9
4079,252,241,235,236,236,235,240,237,240,236,217.9
4080,77,77,81,80,83,104,120,113,120,112,156.9
4081,256,240,235,241,237,236,241,237,241,237,218.9
4082,416,415,405,413,405,391,399,395,399,395,362.9
4083,259,248,240,234,235,234,239,235,239,235,216.9
4084,81,81,82,88,82,101,115,109,118,109,190.9
4085,363,352,354,361,357,350,355,351,355,351,325.9
4086,183,204,58,179,149,152,158,154,158,153,138.9
4087,337,327,328,327,322,316,322,318,322,318,293.9
4088,190,191,146,167,153,155,161,157,161,157,141.9
4089,170,184,213,206,122,126,132,128,132,127,113.9
4090,132,135,134,134,188,195,202,198,203,197,186.9
4091,150,158,150,152,121,126,133,129,133,127,115.9
4092,334,324,323,320,325,320,325,321,325,321,297.9
4093,266,255,242,247,248,246,252,248,252,248,228.9
4094,358,352,347,351,347,340,346,342,346,342,316.9
4095,329,315,319,317,318,313,318,315,318,314,290.9
4096,78,81,80,79,85,106,121,113,122,113,147.9
4097,426,418,423,416,423,406,416,411,416,411,377.9
4098,0,26,51,47,20,120,133,142,141,129,125.9
4099,305,295,289,295,290,286,292,288,292,288,265.9
4100,187,190,118,128,141,144,149,145,150,145,130.9
4101,257,240,232,238,237,236,241,237,241,237,218.9
4102,319,306,305,312,306,301,307,303,307,303,279.9
4103,194,243,169,157,177,179,185,181,185,181,165.9
4104,133,133,143,134,146,152,160,156,161,155,143.9
4105,158,162,181,182,83,87,94,90,94,89,75.9
4106,140,140,145,152,187,193,200,196,201,195,183.9
4107,409,408,407,402,407,395,402,398,402,398,367.9
4108,481,398,445,369,374,320,328,329,332,325,277.9
4109,191,222,137,172,168,170,176,172,176,172,156.9
4110,276,268,260,265,259,257,262,258,262,258,238.9
4111,440,432,435,426,430,409,419,413,419,414,378.9
4112,430,427,423,429,411,393,403,398,403,398,363.9
4113,332,322,322,325,318,313,318,314,318,314,290.9
4114,314,303,304,310,297,293,298,294,298,294,271.9
4115,176,178,213,181,141,144,150,146,150,146,131.9
4116,296,283,275,280,274,271,276,272,276,272,251.9
4117,169,175,172,237,154,158,164,160,164,159,145.9
4118,272,262,253,254,250,248,253,250,253,249,229.9
4119,255,240,226,241,228,227,232,228,232,228,209.9
4120,184,188,141,146,146,149,154,151,155,150,135.9
4121,180,182,148,128,146,149,155,151,155,150,135.9
4122,204,148,165,178,172,174,179,175,179,175,159.9
4123,285,281,268,275,269,266,272,268,272,268,247.9
4124,284,274,269,268,268,265,271,267,271,267,246.9
4125,204,191,170,182,182,184,189,185,189,185,169.9
4126,127,128,135,133,173,180,188,184,189,183,172.9
4127,122,122,134,123,122,130,138,134,140,133,123.9
4128,299,287,290,284,288,285,290,286,290,286,265.9
4129,337,327,327,326,321,315,321,317,321,317,292.9
4130,335,332,326,331,323,318,323,319,323,319,295.9
4131,364,360,349,360,356,348,354,350,354,350,323.9
4132,407,400,400,400,400,388,395,392,395,391,360.9
4133,271,261,254,255,250,248,253,250,253,249,229.9
4134,187,217,149,149,161,164,169,165,169,165,150.9
4135,383,376,375,375,369,360,366,362,366,362,334.9
4136,215,196,181,196,186,187,192,189,193,188,171.9
4137,174,178,186,212,131,134,140,136,140,136,121.9
4138,207,192,167,172,178,179,185,181,185,181,164.9
4139,215,202,193,196,182,183,188,185,189,184,167.9
4140,148,151,156,159,115,120,127,123,127,122,109.9
4141,206,188,166,189,166,168,173,169,173,169,153.9
4142,283,275,260,264,264,261,267,263,267,263,242.9
4143,109,110,116,114,109,120,130,124,132,124,118.9
4144,317,307,307,306,306,302,307,303,307,303,280.9
4145,288,275,266,278,268,265,270,267,271,267,245.9
4146,207,194,176,175,177,179,184,180,184,180,164.9
4147,174,175,176,222,127,130,136,132,137,132,117.9
4148,315,308,308,306,296,292,297,293,297,293,270.9
4149,361,355,355,348,349,342,347,344,348,344,317.9
4150,215,205,181,187,190,191,196,193,197,192,175.9
4151,360,359,348,346,347,340,346,342,346,342,315.9
4152,284,272,261,273,269,266,272,268,272,268,247.9
4153,158,168,168,182,85,89,96,92,96,91,77.9
4154,402,391,396,401,394,383,390,386,390,386,356.9
4155,113,117,115,113,135,145,154,149,156,149,142.9
4156,231,211,206,214,206,206,211,208,211,207,189.9
4157,213,211,189,202,185,186,192,188,192,188,171.9
4158,283,272,265,266,266,263,269,265,269,265,244.9
4159,394,392,383,390,382,372,378,375,379,374,345.9
4160,211,207,178,202,172,173,179,175,179,175,158.9
4161,202,173,169,179,162,164,169,165,169,165,149.9
4162,313,299,296,304,298,294,299,295,299,295,273.9
4163,232,212,208,219,210,210,215,212,215,211,193.9
4164,329,321,315,320,317,312,317,314,317,313,289.9
4165,325,315,316,320,313,308,314,310,314,310,286.9
4166,451,446,446,443,443,417,428,421,428,423,384.9
4167,325,320,317,320,316,311,317,313,316,313,289.9
4168,290,278,274,276,274,271,276,273,276,272,251.9
4169,290,282,270,279,273,270,275,272,275,271,250.9
4170,413,401,407,408,407,394,401,398,402,397,366.9
4171,109,110,115,111,109,120,130,124,132,124,118.9
4172,309,304,298,295,291,287,292,289,292,289,266.9
4173,218,194,195,202,194,195,200,196,200,196,179.9
4174,203,192,180,182,177,179,184,180,184,180,164.9
4175,263,245,246,250,242,240,246,242,246,242,222.9
4176,341,333,325,339,331,325,331,327,331,327,302.9
4177,306,290,293,294,285,281,287,283,287,283,260.9
4178,0,3,12,23,0,90,109,120,114,105,105.9
4179,345,339,335,337,324,318,324,320,323,320,294.9
4180,247,234,225,230,229,228,234,230,234,230,211.9
4181,329,320,314,316,316,311,316,313,316,312,288.9
4182,286,274,268,272,269,266,272,268,272,268,246.9
4183,264,247,244,246,240,238,244,240,244,240,220.9
4184,498,384,493,403,445,370,374,369,382,375,317.9
4185,149,149,149,154,114,119,126,122,126,121,108.9
4186,293,281,272,283,273,270,275,271,275,271,250.9
4187,426,418,413,420,413,397,406,401,406,401,368.9
4188,320,306,310,311,312,307,313,309,313,309,285.9
4189,464,449,449,462,456,419,432,428,435,427,384.9
4190,469,442,468,468,382,338,351,349,355,346,301.9
4191,268,258,250,250,253,251,257,253,257,253,233.9
4192,406,404,395,405,405,394,401,397,401,396,366.9
4193,397,394,390,392,383,373,379,375,379,375,346.9
4194,373,365,366,366,366,358,364,360,364,360,333.9
4195,397,389,393,395,392,382,388,385,388,384,355.9
4196,396,395,386,395,391,381,387,384,387,383,354.9
4197,279,267,267,265,258,256,261,257,261,257,237.9
4198,288,276,269,274,268,265,270,267,271,267,245.9
4199,325,313,306,315,310,305,311,307,311,307,283.9
4200,380,373,371,372,371,362,368,365,368,364,336.9
4201,375,370,363,368,364,356,362,358,362,358,331.9
4202,367,362,356,364,363,355,361,357,361,357,330.9
4203,312,303,300,305,296,292,297,293,297,293,271.9
4204,371,369,364,366,367,359,365,361,365,361,334.9
4205,279,266,261,262,261,259,264,260,264,260,240.9
4206,185,205,165,124,167,170,175,172,176,171,156.9
4207,269,254,252,255,246,244,249,246,250,246,226.9
4208,223,206,192,209,199,200,205,201,205,201,184.9
4209,356,349,349,348,345,338,344,340,344,340,314.9
4210,210,204,180,191,189,190,196,192,196,192,175.9
4211,305,293,291,291,286,282,288,284,288,284,261.9
4212,285,277,267,265,266,263,269,265,269,265,244.9
4213,255,233,238,241,230,229,234,230,234,230,211.9
4214,227,215,206,206,200,200,206,202,206,202,184.9
4215,294,283,281,278,272,269,274,270,274,270,249.9
4216,285,272,273,269,271,268,274,270,274,270,249.9
4217,286,276,267,276,271,268,274,270,274,270,248.9
4218,229,211,202,212,201,201,207,203,207,203,185.9
4219,166,170,282,168,117,121,127,123,127,122,108.9
4220,395,392,383,388,386,376,382,379,382,378,349.9
4221,243,222,220,224,217,216,222,218,222,218,199.9
4222,328,320,315,322,313,308,313,310,313,309,285.9
4223,367,359,359,357,354,346,352,348,352,348,321.9
4224,157,161,174,170,141,146,152,148,152,147,134.9
4225,228,211,199,216,201,201,207,203,207,203,185.9
4226,166,169,282,181,137,141,147,143,147,142,128.9
4227,204,182,172,188,171,173,178,174,178,174,158.9
4228,219,193,191,190,195,196,201,197,201,197,180.9
4229,225,208,207,200,197,197,203,199,203,199,181.9
4230,346,336,336,337,329,323,328,325,328,324,299.9
4231,369,368,353,361,364,356,362,358,362,358,331.9
4232,410,403,407,399,400,388,395,391,395,391,360.9
4233,306,293,293,294,286,282,288,284,288,284,261.9
4234,152,160,170,162,148,153,159,155,160,154,142.9
4235,264,251,240,249,246,244,250,246,250,246,226.9
4236,253,245,231,229,230,229,234,230,234,230,211.9
4237,443,436,439,441,428,406,416,411,417,411,375.9
4238,273,260,262,254,253,251,256,252,256,252,232.9
4239,159,164,165,177,106,110,117,113,117,112,98.9
4240,205,195,172,182,181,183,188,184,188,184,168.9
4241,309,299,298,298,289,285,290,287,290,287,264.9
4242,236,225,207,223,219,219,224,220,224,220,202.9
4243,374,373,364,370,363,355,361,357,361,357,330.9
4244,402,398,394,398,395,384,391,387,391,387,357.9
4245,450,446,437,435,444,420,430,423,430,425,388.9
4246,248,231,222,229,233,232,237,234,238,234,215.9
4247,298,288,281,288,278,275,280,276,280,276,255.9
4248,248,231,232,232,226,225,230,227,231,227,208.9
4249,385,374,372,380,382,373,379,375,379,375,347.9
4250,291,284,277,275,278,275,280,277,280,276,255.9
4251,121,121,127,134,135,143,151,147,153,147,137.9
4252,353,346,351,341,343,336,342,338,342,338,312.9
4253,249,236,219,235,227,226,231,228,232,227,209.9
4254,171,183,179,296,129,132,139,135,139,134,119.9
4255,340,333,331,328,331,325,331,327,331,327,302.9
4256,252,230,230,233,231,230,235,232,235,231,212.9
4257,335,330,321,325,323,318,323,319,323,319,295.9
4258,228,205,203,213,202,202,208,204,208,204,186.9
4259,421,415,414,420,405,390,398,394,399,394,361.9
4260,437,435,428,426,434,414,424,419,424,419,383.9
4261,101,102,102,101,122,135,146,140,147,139,135.9
4262,181,190,130,136,146,149,155,151,155,150,135.9
4263,197,209,168,148,164,166,172,168,172,167,151.9
4264,303,295,291,295,284,280,286,282,286,282,259.9
4265,314,308,296,305,300,296,301,297,301,297,274.9
4266,403,396,400,393,395,384,391,387,391,386,357.9
4267,118,119,119,121,136,145,153,149,156,149,141.9
4268,297,291,280,279,283,280,285,281,285,281,260.9
4269,304,291,291,295,292,288,294,290,294,290,267.9
4270,292,275,275,281,273,270,275,272,275,271,250.9
4271,246,220,218,228,224,223,229,225,229,225,206.9
4272,350,341,339,347,339,333,338,334,338,334,309.9
4273,263,249,240,240,243,242,247,243,247,243,224.9
4274,323,310,310,315,311,306,312,308,312,308,284.9
4275,259,247,239,244,239,238,243,239,243,239,220.9
4276,248,231,224,225,225,224,229,226,230,226,207.9
4277,288,279,274,273,267,264,269,266,270,266,244.9
4278,368,358,357,363,364,356,362,358,362,358,331.9
4279,342,331,326,328,337,331,337,333,337,333,308.9
4280,268,259,250,257,250,248,254,250,254,250,230.9
4281,445,444,438,439,437,414,424,418,425,420,382.9
4282,386,384,374,374,378,369,375,371,375,371,343.9
4283,308,297,296,299,298,294,299,296,299,296,273.9
4284,331,324,324,325,322,317,322,318,322,318,294.9
4285,323,313,311,314,307,302,308,304,308,304,280.9
4286,246,237,229,222,224,223,229,225,229,225,206.9
4287,302,294,288,292,280,276,282,278,282,278,255.9
4288,355,350,348,346,344,337,343,339,343,339,313.9
4289,349,339,337,343,343,337,342,338,342,338,313.9
4290,376,370,370,375,361,353,359,355,359,355,327.9
4291,368,361,362,357,353,345,351,347,351,347,320.9
4292,366,365,349,357,359,351,357,353,357,353,326.9
4293,325,318,310,314,313,308,314,310,313,310,286.9
4294,289,276,276,273,276,273,278,275,278,275,253.9
4295,384,381,383,379,380,371,377,373,377,373,345.9
4296,159,161,185,165,120,124,131,127,131,126,112.9
4297,283,271,267,272,268,265,271,267,271,267,246.9
4298,414,408,411,409,399,386,393,390,394,389,358.9
4299,221,208,187,205,200,201,206,202,206,202,185.9
4300,413,405,407,411,409,396,403,400,404,399,368.9
4301,355,349,346,346,341,334,340,336,340,336,310.9
4302,197,211,154,160,173,175,181,177,181,176,160.9
4303,437,433,433,431,428,408,418,413,419,413,377.9
4304,359,349,346,353,348,341,347,343,347,343,317.9
4305,232,213,205,213,207,207,212,209,212,208,190.9
4306,280,267,262,265,263,261,266,262,266,262,242.9
4307,351,343,333,340,336,330,335,331,335,331,306.9
4308,239,218,205,227,218,218,223,219,223,219,201.9
4309,363,354,356,354,359,352,357,353,357,353,327.9
4310,0,40,1,30,1,85,97,113,105,89,98.9
4311,0,11,2,8,2,80,97,113,106,86,89.9
4312,68,75,68,68,70,98,111,107,112,101,123.9
4313,411,409,397,408,410,397,405,401,405,400,369.9
4314,386,380,376,385,385,376,382,378,382,378,350.9
4315,229,215,210,212,202,202,207,204,208,204,186.9
4316,267,251,246,254,251,249,255,251,255,251,231.9
4317,239,220,208,221,220,220,225,221,225,221,203.9
4318,288,277,267,275,276,273,278,275,279,275,253.9
4319,295,286,273,281,274,271,276,272,276,272,251.9
4320,223,208,208,199,194,195,200,196,200,196,179.9
4321,359,354,347,347,344,337,343,339,343,339,313.9
4322,290,272,278,271,276,273,278,275,278,275,253.9
4323,407,405,405,405,404,392,399,396,399,395,364.9
4324,319,305,305,306,302,297,303,299,303,299,275.9
4325,259,249,240,246,240,239,244,240,244,240,221.9
4326,274,263,250,256,255,253,258,254,258,254,234.9
4327,349,336,344,344,337,331,336,332,336,332,307.9
4328,338,324,334,337,324,318,324,320,324,320,295.9
4329,221,203,193,190,196,197,202,198,202,198,181.9
4330,345,336,338,332,332,326,332,328,331,328,302.9
4331,296,284,281,284,283,280,285,281,285,281,260.9
4332,252,233,232,231,229,228,233,230,233,229,210.9
4333,127,127,129,135,131,138,146,142,147,141,130.9
4334,393,392,384,387,383,373,380,376,380,375,346.9
4335,164,173,189,167,117,121,127,123,127,122,108.9
4336,458,457,450,443,453,420,433,427,434,427,386.9
4337,347,342,344,339,339,333,338,334,338,334,309.9
4338,154,158,164,164,104,109,115,111,116,110,97.9
4339,214,198,197,197,187,188,194,190,194,189,172.9
4340,224,208,199,211,198,198,204,200,204,200,182.9
4341,333,325,315,326,323,318,323,319,323,319,295.9
4342,313,304,301,299,301,297,302,298,302,298,275.9
4343,259,246,239,239,244,243,248,244,248,244,225.9
4344,72,76,76,74,75,99,115,107,113,104,146.9
4345,318,314,304,308,304,299,305,301,305,301,277.9
4346,302,288,282,292,287,283,289,285,289,285,262.9
4347,333,322,319,320,324,319,324,320,324,320,296.9
4348,308,294,290,295,293,289,294,291,295,291,268.9
4349,393,384,391,391,374,364,371,367,371,366,337.9
4350,308,301,289,300,294,290,295,292,296,292,269.9
4351,407,405,400,405,397,386,392,389,392,388,358.9
4352,238,214,206,216,219,219,224,220,224,220,202.9
4353,300,287,286,286,283,280,285,281,285,281,259.9
4354,245,224,221,222,229,228,234,230,234,230,211.9
4355,296,285,278,283,285,282,287,283,287,283,262.9
4356,262,250,242,238,237,236,241,237,241,237,218.9
4357,384,383,373,379,373,364,370,366,370,366,338.9
4358,299,285,282,289,283,280,285,281,285,281,260.9
4359,246,235,227,221,223,222,228,224,228,224,205.9
4360,407,402,400,403,401,389,396,393,396,392,361.9
4361,265,244,245,249,242,240,246,242,246,242,222.9
4362,335,334,318,329,323,318,323,319,323,319,295.9
4363,343,334,334,330,332,326,332,328,332,328,303.9
4364,268,255,252,249,253,251,257,253,257,253,233.9
4365,168,174,294,280,119,123,129,125,129,124,110.9
4366,292,287,277,282,275,272,277,273,277,273,252.9
4367,274,265,254,255,255,253,258,254,258,254,234.9
4368,284,267,270,268,267,264,270,266,270,266,245.9
4369,89,89,90,92,93,108,121,115,124,114,116.9
4370,297,292,283,282,278,275,280,276,280,276,255.9
4371,131,131,132,137,138,145,152,148,153,147,136.9
4372,155,158,157,177,143,148,154,150,155,149,136.9
4373,227,211,204,203,205,205,211,207,211,207,189.9
4374,271,255,251,252,250,248,253,250,253,249,229.9
4375,279,269,267,258,261,259,264,260,264,260,240.9
4376,345,338,336,336,336,330,335,332,335,332,306.9
4377,286,275,272,275,269,266,272,268,272,268,246.9
4378,316,308,302,308,296,292,297,293,297,293,270.9
4379,0,1,14,11,38,158,165,171,169,155,183.9
4380,232,210,213,217,205,205,210,207,210,206,188.9
4381,358,356,354,349,352,345,351,347,351,347,321.9
4382,211,202,175,192,192,193,199,195,199,195,178.9
4383,359,357,346,348,350,343,349,345,349,345,319.9
4384,242,226,215,217,218,217,223,219,223,219,200.9
4385,212,201,165,197,182,183,189,185,189,185,168.9
4386,162,164,170,178,129,133,139,135,140,134,121.9
4387,360,355,354,350,352,345,351,347,351,347,320.9
4388,344,335,332,337,328,322,328,324,328,324,298.9
4389,136,138,150,138,136,142,150,146,151,145,133.9
4390,437,435,433,433,435,414,425,419,425,420,383.9
4391,193,193,128,184,163,165,171,167,171,167,151.9
4392,210,182,173,181,183,184,190,186,190,186,169.9
4393,252,231,227,239,227,226,231,228,231,227,208.9
4394,160,163,163,169,130,134,141,137,141,136,122.9
4395,164,167,164,173,131,135,141,137,141,136,122.9
4396,289,280,274,278,268,265,270,267,270,267,245.9
4397,341,332,336,335,331,325,331,327,331,327,302.9
4398,290,280,281,276,274,271,276,273,276,273,251.9
4399,139,141,150,149,143,149,156,152,157,151,139.9
4400,353,349,344,340,339,332,338,334,338,334,308.9
4401,426,421,418,423,416,399,409,404,409,404,370.9
4402,234,222,203,219,206,206,211,207,211,207,189.9
4403,420,414,414,416,410,395,404,400,404,399,366.9
4404,257,236,232,240,238,237,242,238,242,238,219.9
4405,242,233,218,232,219,218,224,220,224,220,201.9
4406,376,366,369,366,370,362,368,364,368,364,336.9
4407,221,195,183,210,198,199,204,200,204,200,183.9
4408,347,346,337,336,339,333,338,334,338,334,309.9
4409,284,275,268,268,266,263,269,265,269,265,244.9
4410,323,315,307,311,311,306,312,308,312,308,284.9
4411,359,351,355,355,350,343,349,345,349,345,318.9
4412,342,337,336,337,331,325,331,327,331,327,302.9
4413,234,218,211,218,210,210,215,212,215,211,193.9
4414,307,293,291,296,290,286,291,288,292,288,265.9
4415,389,388,379,385,383,373,380,376,380,375,347.9
4416,355,351,345,344,345,338,344,340,344,340,314.9
4417,246,233,215,228,225,224,230,226,230,226,207.9
4418,298,289,283,283,279,276,281,277,281,277,256.9
4419,312,298,302,300,298,294,299,295,299,295,273.9
4420,380,373,374,373,370,361,367,364,367,363,335.9
4421,245,231,223,227,227,226,232,228,232,228,209.9
4422,465,461,450,348,448,411,422,419,426,418,376.9
4423,202,172,150,192,169,171,176,172,176,172,156.9
4424,305,291,291,298,291,287,293,289,293,289,266.9
4425,182,198,127,144,156,159,165,161,165,160,145.9
4426,257,236,236,245,240,239,244,240,244,240,221.9
4427,286,275,273,271,270,267,273,269,273,269,247.9
4428,339,333,324,333,326,320,326,322,326,322,297.9
4429,293,285,279,277,283,280,285,281,285,281,260.9
4430,382,372,375,373,373,364,370,366,370,366,338.9
4431,315,304,300,302,297,293,298,294,298,294,271.9
4432,307,302,296,298,294,290,296,292,296,292,269.9
4433,395,394,391,392,383,373,379,376,379,375,346.9
4434,169,181,295,214,150,154,160,156,160,155,141.9
4435,331,326,318,325,319,314,319,315,319,315,291.9
4436,266,252,252,255,240,238,244,240,244,240,220.9
4437,417,412,411,413,408,394,402,398,402,397,365.9
4438,216,199,179,184,184,185,190,187,191,186,169.9
4439,429,428,423,427,421,404,413,408,413,408,374.9
4440,234,211,203,223,208,208,213,210,213,209,191.9
4441,233,223,205,219,206,206,211,208,211,207,189.9
4442,253,240,230,229,237,236,241,237,241,237,218.9
4443,250,241,229,236,230,229,234,231,234,230,212.9
4444,137,138,142,141,155,161,168,164,169,163,152.9
4445,458,448,436,457,450,418,431,424,432,425,384.9
4446,250,230,234,240,225,224,229,226,229,225,207.9
4447,288,275,267,276,272,269,274,271,275,271,249.9
4448,279,273,265,264,266,264,269,265,269,265,245.9
4449,188,191,161,135,152,155,160,156,160,156,141.9
4450,228,213,204,205,210,210,216,212,216,212,194.9
4451,286,278,267,273,270,267,273,269,273,269,247.9
4452,290,276,274,283,275,272,277,274,277,273,252.9
4453,324,314,310,316,314,309,315,311,315,311,287.9
4454,324,318,315,315,308,303,309,305,309,305,281.9
4455,366,362,361,359,358,350,356,352,356,352,325.9
4456,203,180,176,187,164,166,171,167,171,167,151.9
4457,481,418,443,446,445,391,399,401,403,397,349.9
4458,259,241,241,237,239,238,243,239,243,239,220.9
4459,513,412,429,493,467,363,372,372,387,379,302.9
4460,375,372,363,369,358,350,356,352,356,352,325.9
4461,252,229,236,232,230,229,234,231,234,230,211.9
4462,372,368,363,370,360,352,358,354,358,354,327.9
4463,290,280,274,272,275,272,277,274,277,273,252.9
4464,186,191,154,121,136,139,144,140,145,140,125.9
4465,201,140,150,177,182,184,189,186,189,185,169.9
4466,313,305,296,307,300,296,301,297,301,297,274.9
4467,301,290,284,292,283,280,285,281,285,281,259.9
4468,439,436,428,426,431,410,420,415,420,415,379.9
4469,154,159,154,170,119,124,130,126,131,125,112.9
4470,227,212,197,214,199,199,205,201,205,201,183.9
4471,119,122,121,121,126,135,143,139,145,138,130.9
4472,274,260,256,253,257,255,260,256,260,256,236.9
4473,392,382,387,386,377,367,374,370,374,369,340.9
4474,300,289,286,292,281,278,283,279,283,279,257.9
4475,310,293,298,296,300,296,301,298,301,297,275.9
4476,150,150,168,157,89,94,101,97,101,95,83.9
4477,246,237,225,233,230,229,235,231,235,231,212.9
4478,437,430,430,429,435,415,425,420,425,420,384.9
4479,369,363,363,355,362,354,360,356,360,356,329.9
4480,232,220,205,212,206,206,211,208,211,207,189.9
4481,408,403,403,405,401,389,396,393,396,392,361.9
4482,163,178,173,190,127,131,137,133,138,132,118.9
4483,412,409,406,404,405,392,400,396,400,395,364.9
4484,243,233,223,222,224,223,229,225,229,225,206.9
4485,200,186,158,175,159,161,166,163,167,162,146.9
4486,393,392,378,392,382,372,379,375,379,374,345.9
4487,316,304,297,307,297,293,298,294,298,294,271.9
4488,342,333,325,331,330,324,330,326,330,326,301.9
4489,300,291,286,293,283,280,285,281,285,281,259.9
4490,441,432,437,437,432,410,421,415,421,416,379.9
4491,204,182,170,180,174,176,181,177,181,177,161.9
4492,450,436,446,429,436,410,421,414,421,416,377.9
4493,207,181,180,204,180,182,187,183,187,183,167.9
4494,386,381,382,373,378,369,375,371,375,371,343.9
4495,282,274,259,265,267,264,270,266,270,266,245.9
4496,305,290,291,292,294,290,296,292,296,292,269.9
4497,215,179,187,196,178,179,184,181,185,180,163.9
4498,416,415,404,412,413,399,407,403,407,402,370.9
4499,301,287,280,285,283,279,285,281,285,281,258.9
4500,362,361,354,356,346,339,344,341,344,341,314.9
4501,303,286,289,293,285,281,287,283,287,283,260.9
4502,320,314,303,313,307,302,308,304,308,304,280.9
4503,293,282,274,285,275,272,277,273,277,273,252.9
4504,218,215,192,193,198,199,204,200,204,200,183.9
4505,320,310,301,312,307,302,308,304,308,304,280.9
4506,413,411,405,404,408,395,402,399,403,398,367.9
4507,234,221,214,223,204,204,209,205,209,205,187.9
4508,328,315,314,320,312,307,312,309,312,308,284.9
4509,348,340,341,340,333,327,332,328,332,328,303.9
4510,384,383,372,380,372,363,369,365,369,365,337.9
4511,283,274,271,266,267,264,270,266,270,266,245.9
4512,267,255,251,246,245,243,249,245,249,245,225.9
4513,385,380,374,380,380,371,377,373,377,373,345.9
4514,241,225,214,221,218,218,223,219,223,219,201.9
4515,303,291,289,290,289,285,291,287,291,287,264.9
4516,331,326,314,326,320,315,320,316,320,316,292.9
4517,327,317,316,312,317,312,317,314,317,314,290.9
4518,221,204,191,202,197,198,203,199,203,199,182.9
4519,219,203,193,200,197,198,203,199,203,199,182.9
4520,279,268,260,264,259,257,262,258,262,258,238.9
4521,459,449,458,455,438,404,418,411,419,412,370.9
4522,219,206,196,192,194,195,200,196,200,196,179.9
4523,392,384,390,386,386,376,383,379,383,378,349.9
4524,313,306,298,301,299,295,300,296,300,296,273.9
4525,278,264,259,259,259,257,262,258,262,258,238.9
4526,306,299,296,291,295,291,297,293,297,293,270.9
4527,115,115,115,118,120,130,139,134,141,133,127.9
4528,309,301,299,300,295,291,296,293,296,293,270.9
4529,229,210,208,216,212,212,218,214,218,214,196.9
4530,276,265,255,260,256,254,259,255,259,255,235.9
4531,421,413,418,414,416,401,409,405,410,405,372.9
4532,316,305,299,307,295,291,296,292,296,292,269.9
4533,344,339,331,338,338,332,338,334,338,334,308.9
4534,182,186,165,149,145,148,154,150,154,149,134.9
4535,231,206,203,210,214,214,219,216,220,216,197.9
4536,391,388,378,389,382,372,379,375,379,374,346.9
4537,262,251,239,246,248,247,252,248,252,248,229.9
4538,254,243,232,233,229,228,233,229,233,229,210.9
4539,404,396,401,395,398,387,394,390,394,389,360.9
4540,241,230,215,218,217,217,222,218,222,218,200.9
4541,266,249,250,249,247,245,251,247,251,247,227.9
4542,350,341,342,348,342,336,341,337,341,337,312.9
4543,307,300,293,299,292,288,293,290,294,290,267.9
4544,362,356,350,357,352,345,350,347,351,347,320.9
4545,241,232,218,225,215,215,220,216,220,216,198.9
4546,214,200,170,206,193,194,200,196,200,195,178.9
4547,181,184,163,114,156,159,165,161,165,160,145.9
4548,238,226,212,217,221,221,226,222,226,222,204.9
4549,369,365,359,357,358,350,356,352,356,352,325.9
4550,397,392,387,389,391,381,387,383,387,383,354.9
4551,196,204,161,159,158,160,166,162,166,161,145.9
4552,294,284,272,275,275,272,277,273,277,273,252.9
4553,265,255,248,245,247,245,251,247,251,247,227.9
4554,515,490,464,497,414,306,315,311,331,318,242.9
4555,325,314,318,314,311,306,312,308,311,308,284.9
4556,212,192,193,191,189,190,196,192,196,192,175.9
4557,207,175,184,179,170,172,177,173,177,173,157.9
4558,208,185,169,182,180,181,187,183,187,183,166.9
4559,207,189,184,177,182,183,189,185,189,185,168.9
4560,266,257,244,248,241,239,245,241,245,241,221.9
4561,430,428,425,427,415,397,407,402,407,402,367.9
4562,160,163,177,188,114,118,124,121,125,120,106.9
4563,143,154,149,149,126,132,138,134,139,133,122.9
4564,243,233,220,227,218,217,223,219,223,219,200.9
4565,300,292,286,289,280,277,282,278,282,278,256.9
4566,124,125,130,124,171,178,186,182,188,182,171.9
4567,312,299,295,300,298,294,299,296,299,295,273.9
4568,187,198,135,175,165,168,173,169,173,169,154.9
4569,313,301,299,299,300,296,301,297,301,297,275.9
4570,177,180,135,220,138,141,147,143,147,143,128.9
4571,313,308,298,301,295,291,296,292,296,292,269.9
4572,369,368,353,367,357,349,355,351,355,351,324.9
4573,341,331,328,337,329,323,329,325,329,325,300.9
4574,330,323,315,317,314,309,314,310,314,310,286.9
4575,262,251,242,241,244,243,248,244,248,244,225.9
4576,301,290,281,292,282,279,284,280,284,280,258.9
4577,237,221,203,226,217,217,222,218,222,218,200.9
4578,181,195,134,147,134,137,143,139,143,138,123.9
4579,210,202,193,195,175,176,182,178,182,178,161.9
4580,342,333,337,331,331,325,331,327,331,327,302.9
4581,249,237,226,231,223,222,227,224,228,224,205.9
4582,252,230,227,235,232,231,236,233,236,232,213.9
4583,330,322,315,315,317,312,317,313,317,313,289.9
4584,447,437,444,440,438,415,425,418,425,420,383.9
4585,319,303,306,309,311,306,312,308,312,308,284.9
4586,275,267,259,258,258,256,261,257,261,257,237.9
4587,238,225,211,211,216,216,221,217,221,217,199.9
4588,336,330,330,328,325,319,325,321,325,321,296.9
4589,260,244,239,242,248,247,252,248,252,248,229.9
4590,423,415,422,419,412,396,405,401,405,400,367.9
4591,338,327,325,330,324,318,324,320,324,320,295.9
4592,411,405,408,403,394,381,389,385,389,384,353.9
4593,293,281,274,281,279,276,281,277,281,277,256.9
4594,292,282,278,274,275,272,277,273,277,273,252.9
4595,274,265,254,258,259,257,262,258,262,258,238.9
4596,244,222,224,219,230,229,235,231,235,231,212.9
4597,402,389,395,399,394,383,390,386,390,386,356.9
4598,362,356,350,349,354,347,352,349,352,349,322.9
4599,246,235,225,235,220,219,225,221,225,221,202.9
4600,329,317,318,322,314,309,314,311,314,310,286.9
4601,360,359,350,353,342,335,341,337,341,337,310.9
4602,290,283,274,271,274,271,276,273,276,272,251.9
4603,326,313,312,315,307,302,308,304,307,304,280.9
4604,286,275,265,279,267,264,270,266,270,266,244.9
4605,396,392,385,391,389,379,385,382,385,381,352.9
4606,314,303,303,309,303,299,304,300,304,300,277.9
4607,278,266,262,263,262,260,265,261,265,261,241.9
4608,400,396,393,395,399,388,395,391,395,391,361.9
4609,330,320,310,321,316,311,316,312,316,312,288.9
4610,339,338,327,325,333,327,333,329,333,329,304.9
4611,130,131,137,131,166,173,180,176,182,175,164.9
4612,293,287,279,287,281,278,283,279,283,279,258.9
4613,126,126,137,129,246,253,261,257,262,256,245.9
4614,367,363,356,358,359,351,357,353,357,353,326.9
4615,334,324,321,331,325,320,325,321,325,321,297.9
4616,363,359,357,350,354,347,352,348,352,348,322.9
4617,433,428,431,431,415,396,406,401,406,401,366.9
4618,272,258,255,259,256,254,259,256,259,255,235.9
4619,149,149,162,158,80,85,92,88,92,86,74.9
4620,416,412,413,413,407,393,401,397,401,396,364.9
4621,277,266,255,261,258,256,261,257,261,257,237.9
4622,250,243,235,232,226,225,230,227,230,226,208.9
4623,276,264,258,258,255,253,258,254,258,254,234.9
4624,286,272,268,277,268,265,271,267,271,267,245.9
4625,269,257,251,249,246,244,249,246,250,246,226.9
4626,293,280,274,277,275,272,277,273,277,273,252.9
4627,381,380,377,378,375,366,372,368,372,368,340.9
4628,317,300,305,309,299,294,300,296,300,296,272.9
4629,226,206,194,209,196,196,202,198,202,198,180.9
4630,127,133,128,132,148,155,163,159,164,158,147.9
4631,473,449,419,472,381,334,344,344,351,339,296.9
4632,359,354,350,350,341,334,340,336,340,336,310.9
4633,275,264,259,259,255,253,258,254,258,254,234.9
4634,259,248,237,242,242,241,246,242,246,242,223.9
4635,230,210,196,211,206,206,211,208,212,208,189.9
4636,283,272,263,269,262,259,265,261,265,261,240.9
4637,287,276,268,272,270,267,272,269,273,269,247.9
4638,320,313,309,314,304,299,305,301,305,301,277.9
4639,336,327,324,330,319,313,319,315,319,315,290.9
4640,365,359,357,355,362,354,360,356,360,356,329.9
4641,451,439,446,445,448,422,433,426,433,428,389.9
4642,129,135,137,131,161,168,176,171,177,171,160.9
4643,234,223,199,221,208,208,213,209,213,209,191.9
4644,213,190,188,181,185,186,192,188,192,188,171.9
4645,296,282,275,283,275,272,277,273,277,273,252.9
4646,422,417,412,421,409,394,402,398,403,398,365.9
4647,374,365,370,370,362,354,360,356,360,356,329.9
4648,366,363,356,358,352,344,350,346,350,346,319.9
4649,85,85,91,91,93,109,123,117,125,115,183.9
4650,312,297,299,303,298,294,299,295,299,295,273.9
4651,241,220,215,229,221,221,226,222,226,222,204.9
4652,366,360,356,352,355,347,353,349,353,349,322.9
4653,284,270,265,274,263,260,266,262,266,262,241.9
4654,343,332,330,336,329,323,329,325,329,325,299.9
4655,308,299,294,295,297,293,298,295,299,295,272.9
4656,301,290,284,292,288,284,290,286,290,286,263.9
4657,194,259,148,175,168,170,176,172,176,172,156.9
4658,215,213,192,195,184,185,190,187,191,186,169.9
4659,244,224,221,218,221,220,226,222,226,222,203.9
4660,156,161,171,175,96,101,107,103,108,102,89.9
4661,140,150,142,146,32,38,45,41,46,40,28.9
4662,168,181,184,174,113,117,123,119,123,118,104.9
4663,455,448,452,438,433,405,415,408,416,410,371.9
4664,226,203,203,196,199,199,205,201,205,201,183.9
4665,224,223,195,214,195,195,201,197,201,197,179.9
4666,412,409,403,411,402,389,397,393,397,392,361.9
4667,259,246,240,245,243,242,247,243,247,243,224.9
4668,211,195,171,173,182,183,189,185,189,185,168.9
4669,278,268,260,265,261,259,264,260,264,260,240.9
4670,453,445,451,434,452,425,435,429,436,431,392.9
4671,228,214,194,208,201,201,207,203,207,203,185.9
4672,245,225,218,223,224,223,229,225,229,225,206.9
4673,427,421,426,420,424,407,416,412,417,412,377.9
4674,155,162,159,159,84,89,95,91,96,90,77.9
4675,398,392,390,392,390,380,386,382,386,382,353.9
4676,185,204,116,145,140,143,148,144,149,144,129.9
4677,143,146,147,149,4,10,16,12,17,11,0.9
4678,188,195,147,180,158,160,166,162,166,162,146.9
4679,270,256,251,253,248,246,251,248,251,248,227.9
4680,179,195,135,164,124,127,133,129,133,128,114.9
4681,303,290,292,293,289,285,291,287,291,287,264.9
4682,235,214,211,219,209,209,214,210,214,210,192.9
4683,239,231,212,225,216,216,221,217,221,217,199.9
4684,269,256,257,253,250,248,253,250,254,250,230.9
4685,143,145,145,152,123,129,135,132,136,130,119.9
4686,266,250,242,247,248,246,252,248,252,248,228.9
4687,209,182,165,191,190,191,197,193,197,193,176.9
4688,175,188,250,193,138,141,147,143,147,143,128.9
4689,289,278,267,271,275,272,277,274,277,274,252.9
4690,245,229,226,233,222,221,227,223,227,223,204.9
4691,139,143,141,149,175,181,188,184,189,183,171.9
4692,479,446,465,434,380,329,339,339,345,336,289.9
4693,347,340,333,338,330,324,329,325,329,325,300.9
4694,232,218,205,215,205,205,210,207,210,206,188.9
4695,364,361,346,357,356,349,354,350,354,350,324.9
4696,191,217,159,160,152,154,160,156,160,156,140.9
4697,176,177,212,176,154,157,163,159,163,159,144.9
4698,151,161,167,156,123,128,134,130,135,129,117.9
4699,27,60,28,27,27,73,90,88,98,80,89.9
4700,247,234,221,229,228,227,233,229,233,229,210.9
4701,119,119,121,121,124,133,141,137,143,137,128.9
4702,222,208,197,190,198,199,204,200,204,200,183.9
4703,223,209,190,199,193,194,199,195,199,195,178.9
4704,302,297,285,285,288,284,290,286,290,286,263.9
4705,280,268,259,260,261,259,264,260,264,260,240.9
4706,274,259,259,252,255,253,258,254,258,254,234.9
4707,372,363,364,370,353,345,351,347,351,347,320.9
4708,124,128,136,131,170,177,185,181,187,180,170.9
4709,305,290,294,291,285,281,287,283,287,283,260.9
4710,347,339,341,335,332,326,331,327,331,327,302.9
4711,106,109,108,106,121,133,143,137,145,137,132.9
4712,349,340,336,341,337,331,336,332,336,332,307.9
4713,225,197,194,203,195,195,201,197,201,197,179.9
4714,283,275,261,266,268,265,271,267,271,267,246.9
4715,389,387,378,386,384,374,381,377,381,377,348.9
4716,200,228,155,160,169,171,176,173,177,172,156.9
4717,259,244,234,236,241,240,245,241,245,241,222.9
4718,223,202,180,200,199,200,205,201,205,201,184.9
4719,257,244,237,242,237,236,241,237,241,237,218.9
4720,17,31,18,18,17,71,83,87,95,77,85.9
4721,284,275,268,271,267,264,270,266,270,266,245.9
4722,338,327,325,331,325,319,325,321,325,321,296.9
4723,0,81,0,83,0,84,98,114,105,100,92.9
4724,322,312,307,312,309,304,310,306,310,306,282.9
4725,225,209,198,210,199,199,205,201,205,201,183.9
4726,289,285,271,275,272,269,274,271,274,271,249.9
4727,316,308,300,306,303,299,304,300,304,300,277.9
4728,251,238,227,231,231,230,235,232,235,231,213.9
4729,346,339,340,336,334,328,333,330,333,329,304.9
4730,207,196,180,197,180,182,187,183,187,183,167.9
4731,289,281,277,280,272,269,274,271,274,271,249.9
4732,261,248,243,242,241,240,245,241,245,241,222.9
4733,195,195,162,167,169,171,177,173,177,173,157.9
4734,372,371,366,364,363,355,361,357,361,357,330.9
4735,84,84,84,85,95,112,125,119,127,118,200.9
4736,332,325,318,325,316,311,316,312,316,312,288.9
4737,360,355,349,356,348,341,347,343,347,343,316.9
4738,285,277,267,263,266,263,269,265,269,265,244.9
4739,418,412,405,413,412,398,406,402,406,401,369.9
4740,359,358,349,354,349,342,348,344,348,344,317.9
4741,326,312,314,316,310,305,310,307,310,307,283.9
4742,293,283,269,282,276,273,278,274,278,274,253.9
4743,304,296,288,292,292,288,294,290,294,290,267.9
4744,259,246,242,241,245,244,249,245,249,245,226.9
4745,293,280,281,279,276,273,278,274,278,274,253.9
4746,467,463,454,372,435,395,406,403,410,402,358.9
4747,358,355,347,350,347,340,346,342,346,342,316.9
4748,197,240,162,148,167,169,175,171,175,170,154.9
4749,183,187,108,139,146,149,155,151,155,150,135.9
4750,330,321,319,320,321,316,321,317,321,317,293.9
4751,274,266,261,255,254,252,257,253,257,253,233.9
4752,263,246,248,250,243,242,247,243,247,243,224.9
4753,342,335,327,336,329,323,329,325,329,325,300.9
4754,480,461,448,387,471,418,425,427,430,424,377.9
4755,187,200,143,155,164,167,172,168,172,168,153.9
4756,233,217,212,217,208,208,213,210,213,209,191.9
4757,259,244,240,242,241,240,245,241,245,241,222.9
4758,289,285,275,272,271,268,273,270,273,270,248.9
4759,216,198,190,200,184,185,190,187,191,186,169.9
4760,329,324,316,316,320,315,320,317,320,316,292.9
4761,435,432,433,430,433,414,424,418,424,419,384.9
4762,278,263,259,259,258,256,261,257,261,257,237.9
4763,282,273,265,270,264,261,267,263,267,263,242.9
4764,279,261,263,261,263,261,266,262,266,262,242.9
4765,387,378,375,385,380,371,377,373,377,373,345.9
4766,547,469,449,432,455,324,327,321,333,329,243.9
4767,266,258,244,250,242,240,246,242,246,242,222.9
4768,263,250,243,241,245,243,249,245,249,245,225.9
4769,357,350,342,345,339,332,338,334,338,334,308.9
4770,394,390,385,392,383,373,379,376,380,375,346.9
4771,400,398,390,397,392,381,388,384,388,384,354.9
4772,259,245,236,242,237,236,241,237,241,237,218.9
4773,214,198,177,192,193,194,200,196,200,195,178.9
4774,385,376,376,382,377,368,374,370,374,370,342.9
4775,364,362,355,350,355,348,353,349,353,349,323.9
4776,310,301,299,299,291,287,292,289,292,288,266.9
4777,312,303,296,298,295,291,296,293,296,292,270.9
4778,244,223,214,222,222,221,227,223,227,223,204.9
4779,315,306,302,304,299,295,300,296,300,296,273.9
4780,169,172,194,188,149,153,159,155,159,154,140.9
4781,314,309,295,307,297,293,298,294,298,294,271.9
4782,458,456,450,436,451,417,431,425,432,425,383.9
4783,424,423,423,413,414,398,407,402,407,402,369.9
4784,183,188,101,166,142,145,151,147,151,146,131.9
4785,167,169,245,178,138,142,148,144,148,143,129.9
4786,257,240,237,241,231,230,235,231,235,231,212.9
4787,441,432,437,436,436,414,425,419,425,420,383.9
4788,142,149,146,153,85,91,98,94,98,92,81.9
4789,198,260,160,173,155,157,163,159,163,158,142.9
4790,314,306,297,301,296,292,297,293,297,293,270.9
4791,437,430,435,436,426,405,416,410,416,411,374.9
4792,193,242,151,138,152,154,160,156,160,156,140.9
4793,282,272,268,266,264,261,267,263,267,263,242.9
4794,364,357,361,353,354,347,352,348,352,348,322.9
4795,121,126,129,133,136,144,152,148,154,147,137.9
4796,299,286,289,286,279,276,281,277,281,277,256.9
4797,212,193,183,196,178,179,185,181,185,181,164.9
4798,208,191,168,185,179,180,186,182,186,182,165.9
4799,267,258,246,249,251,249,255,251,255,251,231.9
4800,345,341,337,335,327,321,326,323,326,323,297.9
4801,277,264,265,262,258,256,261,257,261,257,237.9
4802,242,230,222,221,223,222,228,224,228,224,205.9
4803,209,173,167,196,184,185,191,187,191,187,170.9
4804,160,161,189,176,151,155,161,157,162,156,143.9
4805,162,165,168,162,123,127,133,129,134,128,115.9
4806,330,321,311,320,316,311,316,312,316,312,288.9
4807,233,213,208,211,206,206,211,208,211,207,189.9
4808,274,264,251,254,256,254,259,255,259,255,235.9
4809,398,392,393,397,380,370,376,372,376,372,343.9
4810,191,192,143,189,170,172,178,174,178,174,158.9
4811,180,191,144,155,148,151,157,153,157,152,137.9
4812,250,232,225,232,223,222,227,224,227,223,205.9
4813,235,219,212,213,216,216,221,217,221,217,199.9
4814,213,183,189,190,186,187,193,189,193,189,172.9
4815,281,271,263,263,262,260,265,261,265,261,241.9
4816,333,328,319,319,319,314,319,315,319,315,291.9
4817,261,242,236,242,238,237,242,238,242,238,219.9
4818,392,383,390,390,377,367,374,370,374,369,340.9
4819,333,319,316,325,325,320,325,321,325,321,297.9
4820,397,394,388,387,395,385,391,387,391,387,358.9
4821,297,287,282,290,277,274,279,275,279,275,254.9
4822,296,287,282,290,273,270,275,271,275,271,250.9
4823,363,360,355,362,354,347,352,348,352,348,322.9
4824,307,290,290,296,296,292,298,294,298,294,271.9
4825,43,43,47,44,44,85,102,98,105,89,93.9
4826,350,345,335,340,339,333,338,334,338,334,309.9
4827,220,199,190,188,195,196,201,197,201,197,180.9
4828,270,258,256,250,245,243,248,245,248,245,224.9
4829,389,379,378,382,387,377,384,380,384,380,351.9
4830,351,347,338,343,337,331,336,332,336,332,307.9
4831,312,302,295,296,301,297,302,299,302,298,276.9
4832,282,275,261,266,265,262,268,264,268,264,243.9
4833,302,288,289,293,282,278,284,280,284,280,257.9
4834,194,303,148,166,164,166,172,168,172,168,152.9
4835,167,167,194,187,145,149,155,151,155,150,136.9
4836,227,215,194,202,200,200,206,202,206,202,184.9
4837,285,271,263,266,266,263,269,265,269,265,244.9
4838,323,314,309,315,312,307,313,309,313,309,285.9
4839,259,244,236,238,240,239,244,240,244,240,221.9
4840,239,228,212,218,222,222,227,223,227,223,205.9
4841,447,444,436,445,446,423,433,426,433,428,391.9
4842,222,221,197,211,191,192,197,193,197,193,176.9
4843,201,177,154,176,158,160,165,162,165,161,145.9
4844,158,161,175,162,132,136,143,139,143,138,124.9
4845,221,206,192,202,196,197,202,198,202,198,181.9
4846,396,390,391,394,394,384,390,387,390,386,357.9
4847,193,199,149,167,156,158,164,160,164,160,144.9
4848,285,269,268,271,264,261,267,263,267,263,242.9
4849,314,306,304,303,300,296,301,297,301,297,274.9
4850,251,230,230,225,229,228,233,230,233,229,210.9
4851,336,324,327,323,327,321,327,323,327,323,298.9
4852,498,477,377,475,477,398,405,400,413,407,345.9
4853,389,385,383,385,383,373,380,376,380,376,347.9
4854,397,390,393,386,392,382,388,384,388,384,355.9
4855,238,223,207,215,220,220,225,221,225,221,203.9
4856,196,213,147,161,157,159,165,161,165,161,145.9
4857,216,193,196,200,189,190,195,192,196,191,174.9
4858,155,158,165,174,150,155,161,157,162,156,143.9
4859,198,258,139,191,168,170,176,172,176,171,155.9
4860,251,241,225,236,230,229,234,231,234,230,212.9
4861,200,122,185,154,158,160,165,162,166,161,145.9
4862,376,375,367,369,368,360,366,362,366,362,334.9
4863,284,275,267,272,267,264,270,266,270,266,245.9
4864,245,224,213,229,224,223,229,225,229,225,206.9
4865,302,290,288,283,289,285,291,287,291,287,264.9
4866,297,286,283,286,284,281,286,282,286,282,261.9
4867,268,256,251,249,246,244,250,246,250,246,226.9
4868,191,214,157,178,150,152,158,154,158,154,138.9
4869,307,294,296,299,288,284,289,286,290,286,263.9
4870,445,443,442,441,440,418,428,422,428,423,386.9
4871,239,230,214,228,213,213,218,214,218,214,196.9
4872,283,269,268,271,263,260,266,262,266,262,241.9
4873,304,295,293,294,292,288,294,290,294,290,267.9
4874,336,329,318,325,324,318,324,320,324,320,295.9
4875,281,273,266,260,260,258,263,259,263,259,239.9
4876,123,126,132,131,137,145,153,148,154,148,138.9
4877,186,199,149,181,152,155,160,156,161,156,141.9
4878,128,131,128,131,172,179,187,183,188,182,171.9
4879,318,309,302,304,302,297,303,299,303,299,275.9
4880,156,158,162,159,97,102,108,104,109,103,90.9
4881,200,199,185,163,176,178,183,180,184,179,163.9
4882,277,270,261,260,254,252,257,253,257,253,233.9
4883,344,339,332,337,333,327,333,329,333,329,303.9
4884,381,377,368,374,368,359,365,361,365,361,333.9
4885,242,231,219,222,217,216,222,218,222,218,199.9
4886,276,263,256,258,262,260,265,261,265,261,241.9
4887,466,463,456,457,461,422,434,431,438,430,386.9
4888,296,285,279,287,279,276,281,277,281,277,256.9
4889,330,321,315,326,315,310,315,311,315,311,287.9
4890,262,246,242,245,246,245,250,246,250,246,227.9
4891,267,252,245,252,243,241,247,243,247,243,223.9
4892,301,290,282,291,284,280,286,282,286,282,259.9
4893,190,192,163,171,146,148,154,150,154,150,134.9
4894,175,187,193,288,143,146,152,148,152,148,133.9
4895,317,303,305,310,302,298,303,299,303,299,276.9
4896,213,207,182,190,184,185,191,187,191,187,170.9
4897,325,321,315,316,312,307,313,309,313,309,285.9
4898,289,280,270,270,272,269,274,271,274,271,249.9
4899,369,360,363,362,361,353,359,355,359,355,328.9
4900,244,229,222,222,218,217,223,219,223,219,200.9
4901,357,351,345,350,342,335,341,337,341,337,311.9
4902,262,247,242,246,245,244,249,245,249,245,226.9
4903,221,206,192,195,200,201,206,202,206,202,185.9
4904,285,276,262,269,270,267,273,269,273,269,248.9
4905,268,255,248,253,243,241,247,243,247,243,223.9
4906,351,348,339,342,338,332,337,333,337,333,308.9
4907,246,231,225,223,226,225,231,227,231,227,208.9
4908,343,335,334,330,335,329,335,331,335,331,305.9
4909,358,352,348,346,348,341,347,343,347,343,317.9
4910,383,379,377,381,381,372,378,374,378,374,346.9
4911,421,417,420,416,412,397,405,401,406,401,368.9
4912,214,187,191,201,193,194,200,196,200,195,178.9
4913,0,71,0,7,1,65,74,81,94,71,73.9
4914,316,310,298,309,301,297,302,298,302,298,275.9
4915,364,356,357,354,361,353,359,355,359,355,328.9
4916,197,197,165,175,154,156,162,158,162,157,141.9
4917,167,172,196,193,137,141,147,143,147,142,128.9
4918,394,390,386,393,386,376,382,379,383,378,349.9
4919,284,268,267,266,264,261,267,263,267,263,242.9
4920,261,249,243,246,244,243,248,244,248,244,225.9
4921,331,321,318,317,321,316,321,317,321,317,293.9
4922,348,344,337,336,339,333,338,334,338,334,309.9
4923,262,253,240,248,243,242,247,243,247,243,224.9
4924,340,335,327,333,327,321,327,323,327,323,298.9
4925,119,119,122,120,122,131,139,135,141,135,126.9
4926,284,273,263,274,263,260,266,262,266,262,241.9
4927,329,319,318,322,315,310,315,312,315,311,287.9
4928,237,226,212,225,211,211,216,212,216,212,194.9
4929,209,197,175,189,186,187,193,189,193,189,172.9
4930,259,244,238,242,238,237,242,238,242,238,219.9
4931,232,211,206,206,205,205,210,207,210,206,188.9
4932,243,222,211,226,213,212,218,214,218,214,195.9
4933,248,233,231,230,219,218,223,220,224,220,201.9
4934,337,331,326,329,328,322,328,324,328,324,299.9
4935,287,278,267,270,272,269,274,271,275,271,249.9
4936,0,109,0,69,2,78,94,110,106,81,84.9
4937,365,359,353,363,359,351,357,353,357,353,326.9
4938,237,218,212,215,217,217,222,218,222,218,200.9
4939,327,321,311,312,314,309,314,311,314,311,287.9
4940,378,368,367,369,367,358,364,361,364,360,332.9
4941,268,258,248,254,254,252,258,254,258,254,234.9
4942,248,224,226,237,221,220,225,222,226,222,203.9
4943,407,405,400,405,404,392,399,396,399,395,364.9
4944,363,358,358,355,349,342,347,343,347,343,317.9
4945,328,320,320,322,313,308,313,310,313,309,285.9
4946,284,275,266,270,265,262,268,264,268,264,243.9
4947,260,245,246,243,246,245,250,246,250,246,227.9
4948,209,179,172,178,183,184,190,186,190,186,169.9
4949,209,186,177,195,186,187,193,189,193,189,172.9
4950,286,277,266,273,265,262,268,264,268,264,242.9
4951,406,399,400,398,401,390,397,393,397,392,362.9
4952,340,333,334,332,330,324,330,326,330,326,301.9
4953,330,321,318,326,312,307,312,308,312,308,284.9
4954,330,325,318,318,318,313,318,314,318,314,290.9
4955,339,335,325,327,324,318,324,320,324,320,295.9
4956,436,435,429,427,431,411,421,416,422,416,380.9
4957,169,170,177,213,158,162,168,164,168,163,149.9
4958,279,268,262,264,263,261,266,262,266,262,242.9
4959,303,290,287,291,288,284,290,286,290,286,263.9
4960,289,276,266,274,269,266,271,268,271,268,246.9
4961,205,168,154,163,179,181,186,182,186,182,166.9
4962,299,292,285,291,285,282,287,283,287,283,262.9
4963,185,198,101,160,156,159,164,161,165,160,145.9
4964,96,96,98,97,100,113,126,120,128,119,115.9
4965,384,377,375,382,379,370,376,372,376,372,344.9
4966,276,267,257,263,258,256,261,257,261,257,237.9
4967,324,315,310,316,312,307,313,309,313,309,285.9
4968,354,351,343,345,344,337,343,339,343,339,313.9
4969,371,364,360,364,356,348,354,350,354,350,323.9
4970,400,394,399,398,389,378,385,381,385,381,351.9
4971,286,276,272,267,268,265,271,267,271,267,245.9
4972,261,249,246,238,238,237,242,238,242,238,219.9
4973,257,241,235,244,233,232,237,233,237,233,214.9
4974,192,231,141,167,157,159,165,161,165,161,145.9
4975,374,367,365,370,364,356,362,358,362,358,331.9
4976,364,356,359,354,352,344,350,346,350,346,319.9
4977,248,227,220,230,220,219,224,221,225,221,202.9
4978,313,302,302,307,302,298,303,299,303,299,277.9
4979,277,266,259,257,256,254,259,255,259,255,235.9
4980,304,294,293,291,291,287,293,289,293,289,266.9
4981,237,216,219,227,210,210,215,211,215,211,193.9
4982,136,136,139,140,162,168,176,172,177,171,159.9
4983,160,163,176,167,76,80,86,83,87,82,68.9
4984,307,296,292,294,292,288,294,290,294,290,267.9
4985,216,207,190,198,185,186,191,188,192,187,170.9
4986,174,181,184,239,161,164,170,166,171,166,151.9
4987,320,314,309,308,308,303,309,305,309,305,281.9
4988,320,312,305,308,303,298,304,300,304,300,276.9
4989,407,406,399,393,404,392,399,396,399,395,364.9
4990,228,210,205,201,208,208,214,210,214,210,192.9
4991,319,314,307,308,304,299,305,301,305,301,277.9
4992,243,222,222,228,221,220,226,222,226,222,203.9
4993,176,181,176,301,141,144,150,146,150,146,131.9
4994,310,298,297,297,294,290,295,292,295,291,269.9
4995,294,287,280,280,273,270,275,271,275,271,250.9
4996,195,225,183,155,173,175,181,177,181,177,161.9
4997,421,420,412,420,403,388,396,392,397,392,359.9
4998,223,195,188,201,195,196,201,197,201,197,180.9
4999,242,223,225,226,222,221,227,223,227,223,204.9
5000,111,111,119,114,114,125,134,128,137,128,123.9
5001,212,189,182,197,192,193,199,195,199,195,178.9
5002,467,449,463,402,365,324,336,333,340,332,287.9
5003,138,139,153,138,158,164,171,167,172,166,154.9
5004,303,298,292,292,285,281,287,283,287,283,260.9
5005,291,275,271,283,272,269,274,271,274,270,249.9
5006,231,218,207,212,205,205,210,207,210,206,188.9
5007,346,337,331,337,332,326,331,328,331,327,302.9
5008,214,177,185,193,181,182,188,184,188,183,166.9
5009,150,157,172,158,69,74,81,77,81,75,63.9
5010,286,279,266,269,269,266,272,268,272,268,246.9
5011,203,193,171,186,173,175,180,176,180,176,160.9
5012,269,261,253,260,248,246,252,248,252,248,228.9
5013,300,284,286,287,280,277,282,278,282,278,257.9
5014,241,219,225,218,224,224,229,225,229,225,207.9
5015,318,312,303,312,305,300,306,302,306,302,278.9
5016,408,399,402,400,402,390,397,394,397,393,362.9
5017,340,336,330,336,324,318,324,320,324,320,295.9
5018,296,287,278,281,283,280,285,281,285,281,260.9
5019,400,399,393,389,394,383,390,386,390,386,356.9
5020,410,408,403,405,402,390,397,393,397,393,362.9
5021,239,215,217,213,220,220,225,221,225,221,203.9
5022,409,398,406,404,395,383,390,386,390,386,355.9
5023,208,176,161,195,181,182,188,184,188,184,167.9
5024,465,459,453,450,461,424,434,432,439,431,389.9
5025,135,140,136,141,195,201,209,205,210,204,192.9
5026,249,230,223,226,228,227,232,229,233,229,210.9
5027,226,222,203,213,198,198,204,200,204,200,182.9
5028,362,359,352,352,349,342,347,343,347,344,317.9
5029,355,344,343,350,337,330,336,332,336,332,306.9
5030,161,170,187,164,121,125,131,127,132,126,113.9
5031,229,214,202,210,208,208,214,210,214,210,192.9
5032,302,289,289,296,287,283,289,285,289,285,262.9
5033,368,362,360,365,363,355,361,357,361,357,330.9
5034,269,259,246,249,247,245,250,247,251,247,227.9
5035,148,149,157,148,129,134,141,137,142,136,123.9
5036,190,213,140,176,153,155,161,157,161,157,141.9
5037,313,304,298,300,299,295,300,296,300,296,273.9
5038,205,146,185,202,175,177,182,178,182,178,162.9
5039,219,191,200,207,185,186,191,187,191,187,170.9
5040,312,303,297,306,297,293,298,295,298,294,272.9
5041,151,161,166,171,103,108,114,111,115,109,97.9
5042,231,216,201,210,203,203,208,205,208,204,186.9
5043,326,314,309,316,312,307,313,309,312,309,285.9
5044,290,277,269,274,272,269,274,271,274,270,249.9
5045,92,94,98,95,98,112,125,119,127,118,115.9
5046,219,212,200,200,193,194,199,195,199,195,178.9
5047,368,367,367,364,360,352,358,354,358,354,327.9
5048,352,342,342,342,339,332,338,334,338,334,308.9
5049,220,213,201,203,197,198,203,199,203,199,182.9
5050,365,356,352,353,360,352,358,354,358,354,327.9
5051,405,404,399,398,396,385,392,388,392,387,358.9
5052,193,223,181,182,156,158,164,160,164,160,144.9
5053,344,337,335,337,330,324,330,326,330,326,300.9
5054,244,231,212,227,221,220,226,222,226,222,203.9
5055,185,190,125,175,168,171,176,173,177,172,157.9
5056,407,405,401,402,396,384,391,388,391,387,356.9
5057,383,382,378,376,381,372,378,374,378,374,346.9
5058,137,142,143,137,232,238,245,241,246,240,229.9
5059,315,307,304,306,299,295,300,296,300,296,273.9
5060,271,256,245,256,252,250,255,252,255,251,231.9
5061,303,298,294,292,286,282,288,284,288,284,261.9
5062,137,140,138,146,142,148,155,151,156,150,139.9
5063,130,133,134,131,250,257,264,260,266,259,248.9
5064,334,329,326,323,319,314,319,315,319,315,291.9
5065,300,286,289,283,284,281,286,282,286,282,260.9
5066,304,289,285,292,290,286,292,288,292,288,265.9
5067,306,292,291,294,289,285,291,287,291,287,264.9
5068,255,243,238,232,230,229,234,230,234,230,211.9
5069,142,152,149,144,113,119,126,122,126,120,109.9
5070,287,271,264,273,274,271,276,273,277,273,251.9
5071,246,227,223,234,223,222,228,224,228,224,205.9
5072,284,271,260,273,266,263,269,265,269,265,244.9
5073,283,271,260,272,262,259,265,261,265,261,240.9
5074,349,340,334,334,339,333,338,334,338,334,309.9
5075,262,245,244,245,239,238,243,239,243,239,220.9
5076,257,244,229,239,238,237,242,238,242,238,219.9
5077,173,175,186,250,148,151,157,153,158,153,138.9
5078,245,226,227,231,224,223,229,225,229,225,206.9
5079,315,301,298,300,299,295,300,296,300,296,273.9
5080,368,362,357,365,355,347,353,349,353,349,322.9
5081,371,365,363,366,356,348,354,350,354,350,323.9
5082,381,379,375,374,375,366,372,368,372,368,340.9
5083,200,325,180,181,178,180,185,182,186,181,165.9
5084,243,220,225,231,225,224,230,226,230,226,207.9
5085,244,227,219,231,224,223,229,225,229,225,206.9
5086,451,438,437,445,426,400,410,404,411,406,367.9
5087,369,358,357,366,357,349,355,351,355,351,324.9
5088,327,319,307,320,312,307,312,309,312,309,285.9
5089,492,446,416,411,468,402,408,412,416,410,353.9
5090,252,233,230,226,236,235,240,237,240,236,217.9
5091,424,421,423,413,404,388,397,392,397,392,359.9
5092,147,147,152,148,107,112,119,115,120,114,101.9
5093,313,306,303,307,295,291,296,292,296,292,269.9
5094,193,226,164,150,144,146,152,148,152,148,132.9
5095,315,303,299,304,304,300,305,301,305,301,278.9
5096,350,345,342,343,338,332,337,333,337,333,308.9
5097,177,188,92,119,118,121,127,123,127,122,108.9
5098,326,312,311,314,310,305,310,307,310,307,283.9
5099,274,258,259,261,255,253,258,254,258,254,234.9
5100,382,376,375,373,370,361,367,363,367,363,335.9
5101,449,441,446,438,432,408,418,411,418,413,376.9
5102,371,366,354,356,368,360,366,362,366,362,335.9
5103,270,262,255,254,253,251,256,253,256,253,232.9
5104,349,340,337,344,340,334,339,335,339,335,310.9
5105,249,236,224,225,228,227,232,229,233,229,210.9
5106,234,226,213,221,210,210,215,211,215,211,193.9
5107,252,238,228,237,230,229,234,231,234,230,211.9
5108,232,223,206,223,211,211,216,213,216,212,194.9
5109,263,254,241,250,245,244,249,245,249,245,226.9
5110,437,435,434,435,428,408,418,413,419,413,377.9
5111,195,222,156,159,170,172,178,174,178,174,158.9
5112,450,441,440,444,443,417,428,421,428,424,384.9
5113,389,386,382,383,376,366,373,369,373,368,340.9
5114,430,428,423,427,421,403,413,408,413,408,373.9
5115,258,239,234,242,239,238,243,239,243,239,220.9
5116,408,401,398,395,397,385,392,389,392,388,357.9
5117,303,291,285,293,287,283,289,285,289,285,262.9
5118,328,321,315,323,320,315,320,317,320,317,293.9
5119,229,213,210,210,202,202,208,204,208,204,186.9
5120,300,291,285,286,287,284,289,285,289,285,263.9
5121,153,163,175,155,74,79,85,81,86,80,67.9
5122,324,312,309,317,317,312,318,314,318,314,290.9
5123,317,310,302,308,306,302,307,303,307,303,280.9
5124,203,197,171,180,165,167,172,168,172,168,152.9
5125,214,183,172,192,185,186,192,188,192,187,170.9
5126,275,263,255,262,252,250,255,251,255,251,231.9
5127,200,175,166,184,161,163,168,165,169,164,148.9
5128,333,322,320,328,318,313,318,314,318,314,290.9
5129,286,279,267,265,273,270,276,272,276,272,250.9
5130,235,219,211,214,218,218,223,219,223,219,201.9
5131,182,191,87,159,153,156,162,158,162,157,142.9
5132,241,224,212,219,221,221,226,222,226,222,204.9
5133,190,192,147,161,142,144,150,146,150,146,130.9
5134,104,104,104,106,121,133,143,137,145,137,133.9
5135,171,182,274,171,131,134,140,137,141,136,121.9
5136,330,319,314,317,317,312,317,314,317,313,289.9
5137,304,296,289,290,287,283,289,285,289,285,262.9
5138,359,351,345,346,348,341,347,343,347,343,317.9
5139,360,355,353,356,359,352,358,354,358,354,327.9
5140,357,352,346,350,347,340,346,342,346,342,316.9
5141,337,330,322,330,330,324,330,326,330,326,301.9
5142,339,330,326,331,328,322,328,324,328,324,299.9
5143,387,375,379,386,371,362,368,364,368,364,336.9
5144,200,157,174,178,170,172,177,174,178,173,157.9
5145,207,192,177,182,180,181,187,183,187,183,166.9
5146,335,323,318,325,328,322,328,324,328,324,299.9
5147,261,251,247,242,238,237,242,238,242,238,219.9
5148,291,276,274,277,273,270,275,272,275,271,250.9
5149,313,304,302,304,295,291,296,292,296,292,269.9
5150,524,402,496,522,512,393,406,406,422,408,322.9
5151,286,281,265,267,267,264,270,266,270,266,244.9
5152,0,31,30,17,0,90,106,120,112,103,94.9
5153,323,311,308,313,315,310,316,312,316,312,288.9
5154,419,418,414,417,413,398,407,403,407,402,369.9
5155,221,208,192,199,188,189,194,190,194,190,173.9
5156,338,332,332,327,324,318,324,320,324,320,295.9
5157,129,134,132,132,143,150,157,153,159,152,142.9
5158,347,338,337,339,336,330,335,331,335,331,306.9
5159,230,213,206,209,208,208,213,210,214,210,192.9
5160,336,331,320,322,326,320,326,322,326,322,297.9
5161,347,335,338,334,336,330,335,331,335,331,306.9
5162,280,262,259,266,259,257,262,258,262,258,238.9
5163,399,397,393,393,397,386,393,389,393,389,359.9
5164,305,295,289,297,291,287,293,289,293,289,266.9
5165,323,314,311,312,315,310,316,312,316,312,288.9
5166,151,155,172,162,61,66,72,69,73,67,55.9
5167,124,124,137,127,245,252,260,256,262,256,245.9
5168,251,231,222,234,225,224,229,226,229,225,207.9
5169,275,261,256,254,258,256,261,257,261,257,237.9
5170,184,197,168,173,139,142,147,144,148,143,128.9
5171,350,340,338,341,341,335,340,336,340,336,311.9
5172,342,333,331,332,324,318,324,320,324,320,295.9
5173,528,497,490,431,517,392,399,392,413,400,320.9
5174,313,301,299,305,302,298,303,299,303,299,277.9
5175,173,174,239,215,127,130,136,133,137,132,117.9
5176,146,155,148,156,94,99,106,102,107,101,88.9
5177,293,284,271,277,278,275,280,276,280,276,255.9
5178,400,391,393,390,389,378,385,381,385,381,351.9
5179,308,295,293,297,296,292,297,294,298,294,271.9
5180,221,196,199,208,199,200,205,201,205,201,184.9
5181,241,233,214,226,218,218,223,219,223,219,201.9
5182,120,120,127,120,136,145,152,148,154,148,139.9
5183,366,363,358,355,364,356,362,358,362,358,331.9
5184,390,378,381,382,385,375,382,378,382,377,349.9
5185,227,215,198,214,203,203,209,205,209,205,187.9
5186,267,261,251,255,244,242,248,244,248,244,224.9
5187,279,267,262,261,260,258,263,259,263,259,239.9
5188,291,285,276,274,278,275,280,277,280,276,255.9
5189,292,281,275,274,275,272,277,274,277,273,252.9
5190,217,200,189,199,191,192,197,193,197,193,176.9
5191,252,242,228,235,230,229,234,231,234,230,211.9
5192,351,344,342,344,346,340,345,341,345,341,316.9
5193,217,202,186,200,186,187,192,189,192,188,171.9
5194,217,200,187,197,186,187,192,188,192,188,171.9
5195,297,290,287,285,280,277,282,278,282,278,257.9
5196,252,241,228,232,228,227,232,229,232,228,209.9
5197,426,423,425,419,405,388,398,393,398,393,358.9
5198,189,214,89,156,154,156,162,158,162,158,142.9
5199,273,264,261,260,253,251,256,252,256,252,232.9
5200,187,214,155,170,154,157,162,158,162,158,143.9
5201,186,203,158,153,147,150,155,151,156,151,136.9
5202,322,315,310,310,303,298,304,300,304,300,276.9
5203,273,262,253,258,249,247,252,248,252,248,228.9
5204,242,223,213,226,224,223,229,225,229,225,206.9
5205,236,228,213,217,210,210,215,211,215,211,193.9
5206,436,430,427,421,434,414,424,419,425,419,383.9
5207,336,332,323,323,325,319,325,321,325,321,296.9
5208,448,447,441,447,446,422,432,425,432,428,390.9
5209,332,325,325,327,319,314,319,315,319,315,291.9
5210,270,260,252,259,253,251,256,253,256,253,233.9
5211,252,243,231,238,224,223,228,225,228,224,205.9
5212,265,248,242,253,242,240,246,242,246,242,222.9
5213,362,355,348,360,357,350,355,352,355,352,325.9
5214,423,417,410,411,420,404,413,408,413,408,375.9
5215,260,243,242,247,242,241,246,242,246,242,223.9
5216,287,278,269,276,270,267,272,269,273,269,247.9
5217,336,333,329,327,322,316,322,318,322,318,293.9
5218,306,296,296,295,285,281,287,283,287,283,260.9
5219,233,212,202,224,203,203,208,205,208,204,186.9
5220,326,318,312,313,315,310,316,312,315,312,288.9
5221,221,190,188,201,196,197,202,198,202,198,181.9
5222,122,122,127,125,133,141,149,145,151,144,134.9
5223,397,393,393,392,383,373,379,375,379,375,346.9
5224,273,258,256,254,252,250,255,251,255,251,231.9
5225,312,300,301,304,297,293,298,295,298,294,272.9
5226,398,393,391,392,388,378,384,380,384,380,351.9
5227,293,285,279,278,273,270,275,271,275,271,250.9
5228,355,344,344,349,343,336,342,338,342,338,312.9
5229,344,330,333,338,332,326,332,328,332,328,302.9
5230,327,314,315,318,312,307,312,309,312,309,285.9
5231,250,231,226,235,231,230,235,232,235,231,213.9
5232,454,453,448,450,447,420,430,423,430,425,387.9
5233,146,153,151,159,115,120,127,123,128,122,109.9
5234,288,274,270,277,272,269,274,271,275,271,249.9
5235,137,141,141,143,210,216,223,219,224,218,207.9
5236,187,200,117,157,163,166,171,167,171,167,152.9
5237,66,70,75,67,69,100,113,111,117,106,125.9
5238,371,365,364,364,354,346,352,348,352,348,321.9
5239,227,213,196,210,203,203,209,205,209,205,187.9
5240,155,159,159,180,122,127,133,129,134,128,115.9
5241,271,263,255,258,254,252,257,254,257,253,233.9
5242,203,196,169,191,180,182,187,183,187,183,167.9
5243,196,233,162,154,167,169,175,171,175,171,155.9
5244,281,273,262,263,258,256,261,257,261,257,237.9
5245,299,289,284,280,281,278,283,279,283,279,258.9
5246,299,291,286,287,285,282,287,283,287,283,262.9
5247,146,148,161,158,92,97,104,100,105,99,86.9
5248,243,234,216,226,220,219,225,221,225,221,202.9
5249,167,174,278,218,139,143,149,145,149,144,130.9
5250,206,169,162,194,185,187,192,188,192,188,172.9
5251,187,191,127,127,149,152,157,153,157,153,138.9
5252,255,243,232,236,239,238,243,239,243,239,220.9
5253,362,353,353,359,352,345,350,347,351,347,320.9
5254,134,139,138,139,252,258,266,262,267,261,249.9
5255,247,227,231,223,226,225,231,227,231,227,208.9
5256,421,418,415,419,413,398,406,402,407,402,369.9
5257,337,331,325,331,323,317,323,319,323,319,294.9
5258,81,82,88,82,88,107,120,113,123,114,130.9
5259,145,148,154,147,89,94,101,97,102,96,83.9
5260,274,259,255,257,259,257,262,258,262,258,238.9
5261,251,227,230,232,232,231,236,233,236,232,214.9
5262,372,363,365,361,358,350,356,352,356,352,325.9
5263,415,408,410,411,412,398,406,403,406,402,369.9
5264,204,135,161,181,165,167,172,168,172,168,152.9
5265,271,264,257,261,247,245,250,247,250,246,226.9
5266,162,163,176,172,120,124,130,126,131,125,112.9
5267,278,266,260,265,256,254,259,255,259,255,235.9
5268,275,266,256,255,257,255,260,256,260,256,236.9
5269,353,350,348,342,345,338,344,340,344,340,314.9
5270,412,410,409,411,401,388,396,392,396,391,360.9
5271,336,331,325,329,327,321,327,323,327,323,298.9
5272,204,193,174,190,170,172,177,173,177,173,157.9
5273,274,260,255,262,254,252,257,253,257,253,233.9
5274,271,268,248,255,247,245,250,247,250,247,226.9
5275,124,128,124,137,213,221,228,224,230,224,214.9
5276,282,271,262,265,265,262,268,264,268,264,243.9
5277,262,249,246,248,247,246,251,247,251,247,228.9
5278,364,355,353,363,356,348,354,350,354,350,323.9
5279,467,462,456,406,384,345,356,353,360,352,309.9
5280,149,150,156,157,86,91,98,94,98,92,80.9
5281,202,185,189,184,165,167,172,168,172,168,152.9
5282,291,285,271,271,273,270,275,272,275,271,250.9
5283,364,358,352,356,348,341,346,342,346,342,316.9
5284,203,201,163,186,168,170,175,171,175,171,155.9
5285,349,342,337,339,336,330,335,331,335,331,306.9
5286,215,189,195,197,187,188,193,190,194,189,172.9
5287,363,358,357,359,357,350,355,351,355,351,325.9
5288,268,250,246,250,242,240,246,242,246,242,222.9
5289,235,219,214,208,209,209,214,210,214,210,192.9
5290,341,328,334,338,329,323,329,325,329,325,300.9
5291,469,462,455,380,394,348,362,361,366,358,310.9
5292,197,203,152,160,157,159,165,161,165,160,144.9
5293,280,266,267,260,262,260,265,261,265,261,241.9
5294,293,283,272,279,277,274,279,275,279,275,254.9
5295,334,323,321,322,324,319,324,320,324,320,296.9
5296,341,334,330,336,325,319,325,321,325,321,296.9
5297,303,297,292,290,288,284,290,286,290,286,263.9
5298,280,271,265,267,259,257,262,258,262,258,238.9
5299,454,446,450,452,451,423,434,427,434,429,390.9
5300,312,302,296,306,296,292,297,294,297,293,271.9
5301,319,312,305,313,307,302,308,304,308,304,280.9
5302,340,335,322,336,322,316,322,318,322,318,293.9
5303,359,355,341,351,348,341,347,343,347,343,317.9
5304,129,131,139,130,207,214,221,217,223,216,206.9
5305,432,422,430,428,423,405,414,409,415,409,375.9
5306,359,354,351,358,348,341,347,343,347,343,317.9
5307,260,241,239,244,234,233,238,234,238,234,215.9
5308,415,411,413,412,406,392,400,396,400,396,363.9
5309,268,258,249,246,247,245,251,247,251,247,227.9
5310,400,394,389,393,390,379,386,382,386,382,352.9
5311,289,276,273,274,272,269,274,271,274,271,249.9
5312,209,197,181,185,179,180,186,182,186,182,165.9
5313,294,283,280,283,274,271,276,272,276,272,251.9
5314,416,413,408,414,408,394,402,398,402,397,365.9
5315,305,290,291,289,287,283,289,285,289,285,262.9
5316,314,307,294,304,303,299,304,300,304,300,277.9
5317,382,375,369,380,374,365,371,367,371,367,339.9
5318,215,182,187,199,188,189,194,191,195,190,173.9
5319,266,252,248,247,247,245,251,247,251,247,227.9
5320,238,231,210,221,221,221,226,222,226,222,204.9
5321,84,84,87,90,86,103,116,110,118,109,145.9
5322,159,160,159,167,130,134,141,137,141,136,122.9
5323,325,318,311,317,311,306,312,308,311,308,284.9
5324,276,265,256,263,257,255,260,256,260,256,236.9
5325,115,115,117,119,130,140,149,144,151,143,137.9
5326,166,167,218,173,130,134,140,136,140,135,121.9
5327,363,360,358,355,348,341,346,342,346,342,316.9
5328,296,289,283,279,278,275,280,276,280,276,255.9
5329,228,220,206,209,202,202,208,204,208,204,186.9
5330,394,391,386,391,383,373,379,376,380,375,346.9
5331,307,298,293,299,295,291,296,293,297,293,270.9
5332,423,419,412,416,414,398,407,403,407,402,369.9
5333,277,264,257,260,262,260,265,261,265,261,241.9
5334,120,123,124,124,144,152,160,156,162,156,146.9
5335,324,311,310,320,312,307,313,309,313,309,285.9
5336,306,296,291,295,293,289,295,291,295,291,268.9
5337,282,268,266,270,265,262,268,264,268,264,243.9
5338,454,443,449,428,453,425,436,429,436,430,392.9
5339,236,222,211,216,205,205,210,206,210,206,188.9
5340,206,189,180,188,175,177,182,178,182,178,162.9
5341,309,297,292,303,297,293,298,295,298,295,272.9
5342,436,432,431,434,435,415,425,420,426,420,384.9
5343,251,231,228,238,222,221,226,223,226,222,204.9
5344,354,346,337,350,344,337,343,339,343,339,313.9
5345,398,397,386,393,395,385,391,387,391,387,358.9
5346,218,203,189,201,191,192,197,193,197,193,176.9
5347,241,228,219,225,224,224,229,225,229,225,207.9
5348,228,211,202,210,202,202,208,204,208,204,186.9
5349,257,246,235,242,238,237,242,238,242,238,219.9
5350,286,277,267,272,269,266,272,268,272,268,246.9
5351,315,307,301,306,303,299,304,300,304,300,277.9
5352,254,237,230,235,235,234,239,235,239,235,216.9
5353,403,400,390,393,398,387,394,390,394,389,360.9
5354,310,301,298,300,293,289,294,291,294,290,268.9
5355,261,250,239,243,240,239,244,240,244,240,221.9
5356,417,416,414,414,410,396,404,400,404,399,367.9
5357,324,316,309,312,307,302,308,304,308,304,280.9
5358,323,319,311,315,312,307,313,309,313,309,285.9
5359,309,293,298,303,296,292,297,294,297,294,271.9
5360,233,215,199,213,210,210,215,212,215,211,193.9
5361,290,277,275,277,272,269,274,271,274,271,249.9
5362,376,370,373,373,365,356,363,359,363,359,330.9
5363,248,230,227,230,231,230,235,232,236,232,213.9
5364,217,197,188,195,188,189,194,191,194,190,173.9
5365,279,269,258,268,260,258,263,259,263,259,239.9
5366,320,313,303,313,308,303,309,305,309,305,281.9
5367,344,343,330,336,330,324,330,326,329,326,300.9
5368,340,339,326,331,328,322,328,324,328,324,299.9
5369,366,359,357,358,356,348,354,350,354,350,323.9
5370,168,173,266,177,133,137,143,139,143,138,124.9
5371,227,201,204,214,203,203,209,205,209,205,187.9
5372,366,365,358,365,350,342,348,344,348,344,317.9
5373,321,309,305,317,307,302,308,304,308,304,280.9
5374,265,253,248,249,248,246,252,248,252,248,228.9
5375,360,354,357,349,350,343,349,345,349,345,318.9
5376,227,214,202,202,202,202,208,204,208,204,186.9
5377,348,337,336,341,335,329,334,330,334,330,305.9
5378,167,181,288,188,126,130,136,132,136,131,117.9
5379,397,391,391,385,381,371,377,374,377,373,344.9
5380,333,319,322,325,318,313,318,314,318,314,290.9
5381,352,349,339,342,343,336,342,338,342,338,312.9
5382,177,190,125,76,151,154,160,156,160,155,141.9
5383,289,279,274,272,272,269,274,271,274,271,249.9
5384,242,234,218,223,218,217,223,219,223,219,200.9
5385,440,437,433,426,427,405,416,410,416,411,374.9
5386,162,164,184,174,127,131,137,133,138,132,119.9
5387,404,398,400,403,395,384,391,387,391,386,357.9
5388,274,262,250,258,258,256,261,257,261,257,237.9
5389,274,266,260,256,254,252,257,253,257,253,233.9
5390,238,222,218,212,216,216,221,217,221,217,199.9
5391,159,161,162,177,109,113,120,116,120,115,101.9
5392,226,209,197,201,200,200,206,202,206,202,184.9
5393,261,248,238,243,238,237,242,238,242,238,219.9
5394,343,342,332,334,333,327,333,329,333,329,304.9
5395,244,237,219,226,215,214,220,216,220,216,197.9
5396,324,315,312,316,315,310,316,312,316,312,288.9
5397,338,328,331,327,326,320,326,322,326,322,297.9
5398,300,291,288,291,285,282,287,283,287,283,261.9
5399,278,263,260,261,264,262,267,263,267,263,243.9
5400,269,258,256,251,255,253,258,255,259,255,235.9
5401,159,161,164,164,123,127,134,130,134,129,115.9
5402,199,204,161,175,170,172,178,174,178,173,157.9
5403,213,193,187,190,188,189,195,191,195,191,174.9
5404,300,294,289,295,290,287,292,288,292,288,266.9
5405,266,253,244,248,246,244,250,246,250,246,226.9
5406,174,175,179,222,141,144,150,146,150,146,131.9
5407,266,249,249,248,247,245,251,247,251,247,227.9
5408,309,302,295,299,295,291,296,293,296,293,270.9
5409,303,289,287,291,286,282,288,284,288,284,261.9
5410,326,313,312,320,315,310,316,312,315,312,288.9
5411,236,225,202,214,214,214,219,215,219,215,197.9
5412,330,326,315,317,318,313,318,314,318,314,290.9
5413,194,300,149,150,160,162,168,164,168,164,148.9
5414,288,285,271,276,274,271,276,273,277,273,251.9
5415,330,324,313,322,312,307,312,308,312,308,284.9
5416,278,270,258,266,259,257,262,258,262,258,238.9
5417,344,334,328,335,335,329,335,331,335,331,305.9
5418,187,188,119,176,137,140,145,141,145,141,126.9
5419,305,298,286,290,286,282,288,284,288,284,261.9
5420,230,223,207,214,201,201,206,203,207,203,185.9
5421,279,271,266,261,256,254,259,255,259,255,235.9
5422,375,370,368,369,361,353,359,355,359,355,327.9
5423,260,246,240,239,242,241,246,242,246,242,223.9
5424,173,192,177,287,126,129,135,131,136,131,116.9
5425,343,336,330,331,332,326,332,328,332,328,303.9
5426,248,233,217,231,231,230,235,232,236,232,213.9
5427,215,201,182,195,192,193,198,195,199,194,177.9
5428,314,310,294,304,303,299,304,300,304,300,277.9
5429,452,442,442,443,428,401,411,405,412,407,368.9
5430,277,265,259,260,262,260,265,261,265,261,241.9
5431,280,269,265,262,264,262,267,263,267,263,243.9
5432,343,340,335,339,332,326,332,328,332,328,302.9
5433,259,238,235,237,243,242,247,243,247,243,224.9
5434,411,403,396,408,401,388,396,392,396,391,360.9
5435,250,229,233,238,234,233,238,235,238,234,216.9
5436,179,181,175,111,144,147,153,149,153,148,134.9
5437,190,197,161,159,167,169,175,171,175,171,155.9
5438,187,193,182,166,150,153,158,154,159,154,139.9
5439,279,264,262,263,258,256,261,257,261,257,237.9
5440,404,397,399,401,385,374,381,377,381,376,347.9
5441,340,333,327,334,326,320,326,322,326,322,297.9
5442,364,360,349,356,354,347,352,348,352,348,322.9
5443,376,372,364,366,368,360,366,362,366,362,334.9
5444,277,259,263,260,259,257,262,258,262,258,238.9
5445,110,110,115,112,110,121,131,125,133,125,119.9
5446,232,212,202,215,206,206,211,208,211,207,189.9
5447,147,150,151,150,141,146,153,149,154,148,135.9
5448,145,145,146,152,115,120,127,123,128,122,109.9
5449,335,327,318,324,323,318,323,319,323,319,295.9
5450,532,506,462,522,525,400,406,400,419,406,327.9
5451,311,296,298,299,296,292,297,294,297,293,271.9
5452,403,394,391,400,391,380,387,383,387,382,353.9
5453,107,108,113,110,116,128,138,132,140,131,127.9
5454,278,273,260,262,256,254,259,255,259,255,235.9
5455,299,286,284,288,286,283,288,284,288,284,263.9
5456,217,210,184,188,186,187,192,189,192,188,171.9
5457,316,307,302,303,302,298,303,299,303,299,276.9
5458,204,153,175,163,184,186,191,187,191,187,171.9
5459,527,516,494,509,489,368,374,374,386,377,296.9
5460,273,255,255,253,252,250,255,251,255,251,231.9
5461,272,260,253,256,254,252,257,254,257,253,233.9
5462,239,222,214,221,219,219,224,220,224,220,202.9
5463,388,380,387,381,379,370,376,372,376,372,344.9
5464,272,258,253,255,257,255,260,257,260,256,236.9
5465,225,215,194,213,201,201,207,203,207,203,185.9
5466,249,233,224,237,228,227,232,229,233,228,210.9
5467,293,287,274,274,277,274,279,275,279,275,254.9
5468,296,283,282,279,285,282,287,283,287,283,262.9
5469,206,113,158,188,174,176,181,177,181,177,161.9
5470,316,303,301,310,303,299,304,300,304,300,277.9
5471,215,181,188,191,189,190,195,192,196,191,174.9
5472,300,286,287,287,283,280,285,281,285,281,259.9
5473,356,350,347,348,341,334,340,336,340,336,310.9
5474,272,256,257,261,251,249,254,251,254,250,230.9
5475,348,344,338,344,343,337,342,338,342,338,313.9
5476,252,241,230,233,231,230,235,232,235,231,212.9
5477,125,129,131,134,157,164,172,168,174,167,156.9
5478,204,154,180,184,175,177,182,178,182,178,162.9
5479,342,335,327,340,328,322,328,324,328,324,299.9
5480,145,146,148,147,42,47,54,50,55,49,36.9
5481,234,207,213,216,207,207,212,208,212,208,190.9
5482,313,306,304,305,296,292,297,293,297,293,270.9
5483,138,138,138,144,203,209,216,212,217,211,199.9
5484,221,206,186,197,195,196,201,197,201,197,180.9
5485,332,324,315,325,324,319,324,320,324,320,296.9
5486,336,328,325,324,323,317,323,319,323,319,294.9
5487,231,223,206,223,206,206,211,208,211,207,189.9
5488,455,448,440,443,441,411,423,416,424,418,377.9
5489,319,306,310,309,303,298,304,300,304,300,276.9
5490,255,247,234,232,231,230,235,231,235,231,212.9
5491,275,261,264,263,254,252,257,253,257,253,233.9
5492,231,208,207,214,205,205,210,207,210,206,188.9
5493,303,289,289,297,289,285,291,287,291,287,264.9
5494,430,422,417,416,424,406,416,411,416,411,376.9
5495,264,250,243,249,243,241,247,243,247,243,223.9
5496,279,266,261,269,260,258,263,259,263,259,239.9
5497,317,304,300,303,310,305,311,307,311,307,283.9
5498,219,208,198,195,189,190,195,191,195,191,174.9
5499,361,349,349,351,351,344,349,346,350,346,319.9
5500,311,295,301,296,291,287,292,289,292,288,266.9
5501,199,260,174,183,163,165,171,167,171,166,150.9
5502,160,166,162,170,135,139,145,141,146,140,127.9
5503,187,197,102,181,162,165,170,166,170,166,151.9
5504,280,265,265,265,263,261,266,262,266,262,242.9
5505,227,208,197,209,205,205,211,207,211,207,189.9
5506,256,244,233,245,237,236,241,237,241,237,218.9
5507,201,193,131,167,170,172,177,174,178,173,157.9
5508,161,177,175,185,131,135,141,137,142,136,123.9
5509,300,290,286,286,287,284,289,285,289,285,263.9
5510,264,253,240,245,244,242,248,244,248,244,224.9
5511,375,372,361,373,362,354,360,356,360,356,329.9
5512,184,184,29,146,143,146,151,148,152,147,132.9
5513,351,348,338,340,338,332,337,333,337,333,308.9
5514,377,375,363,369,369,360,366,363,366,362,334.9
5515,411,407,397,404,406,393,401,397,401,396,365.9
5516,285,274,270,268,271,268,274,270,274,270,249.9
5517,115,116,117,118,125,135,144,139,146,138,132.9
5518,288,281,275,272,268,265,270,267,271,267,245.9
5519,338,330,331,327,325,319,325,321,325,321,296.9
5520,312,301,300,301,298,294,299,296,299,295,273.9
5521,322,311,306,311,303,298,304,300,304,300,276.9
5522,404,403,392,397,385,374,381,377,381,376,347.9
5523,257,244,238,242,233,232,237,233,237,233,214.9
5524,377,371,369,369,369,360,366,363,366,362,334.9
5525,429,425,428,420,425,407,417,412,417,412,377.9
5526,424,423,421,423,411,395,404,399,404,399,366.9
5527,412,405,410,403,408,395,403,399,403,398,367.9
5528,153,160,178,162,133,138,144,140,145,139,126.9
5529,242,224,214,227,220,219,225,221,225,221,202.9
5530,205,195,169,181,164,166,171,167,171,167,151.9
5531,282,275,265,263,266,263,269,265,269,265,244.9
5532,226,209,206,207,200,200,206,202,206,202,184.9
5533,432,428,422,429,427,409,418,414,419,413,379.9
5534,321,316,305,309,308,303,309,305,309,305,281.9
5535,191,203,165,159,162,164,170,166,170,166,150.9
5536,305,296,290,292,293,289,295,291,295,291,268.9
5537,213,181,175,182,188,189,195,191,195,191,174.9
5538,340,334,324,336,327,321,327,323,327,323,298.9
5539,301,290,285,285,280,276,282,278,282,278,255.9
5540,326,320,314,316,318,313,319,315,318,315,291.9
5541,214,187,194,205,196,197,203,199,203,198,181.9
5542,196,218,166,156,161,163,169,165,169,164,148.9
5543,112,112,120,114,133,143,153,147,155,147,140.9
5544,370,358,364,363,366,358,364,360,364,360,333.9
5545,333,328,323,328,324,319,324,320,324,320,296.9
5546,322,315,314,314,309,304,310,306,310,306,282.9
5547,213,172,183,201,182,183,189,185,189,185,168.9
5548,176,189,244,256,139,142,148,144,148,144,129.9
5549,321,311,302,312,309,304,310,306,310,306,282.9
5550,286,276,266,278,266,263,269,265,269,265,243.9
5551,344,331,335,340,325,319,325,321,325,321,295.9
5552,316,305,305,304,301,297,302,298,302,298,275.9
5553,319,308,306,313,306,301,307,303,307,303,279.9
5554,312,303,297,301,297,293,298,294,298,294,272.9
5555,355,345,349,346,348,341,347,343,347,343,317.9
5556,284,272,262,266,266,263,269,265,269,265,244.9
5557,406,403,398,403,393,382,389,385,389,384,354.9
5558,271,256,251,255,252,250,255,252,255,251,231.9
5559,334,327,315,330,325,320,325,321,325,321,297.9
5560,383,371,375,372,378,369,375,371,375,371,343.9
5561,314,303,299,306,296,292,297,293,297,293,270.9
5562,255,246,238,239,230,229,234,230,234,230,211.9
5563,311,303,301,298,298,294,299,296,299,295,273.9
5564,430,427,423,419,415,397,407,402,407,402,367.9
5565,234,219,210,224,206,206,211,207,211,207,189.9
5566,277,267,260,259,257,255,260,256,260,256,236.9
5567,445,437,440,439,444,421,432,426,432,427,389.9
5568,340,330,323,334,332,326,332,328,332,328,303.9
5569,371,367,355,366,367,359,365,361,365,361,334.9
5570,403,395,402,398,402,391,398,394,398,393,364.9
5571,371,367,363,358,369,361,367,363,367,363,336.9
5572,224,220,188,207,195,195,201,197,201,197,179.9
5573,300,290,286,285,284,281,286,282,286,282,260.9
5574,380,375,373,369,371,362,368,364,368,364,336.9
5575,415,414,413,405,403,389,397,393,397,393,360.9
5576,382,377,373,376,365,356,362,358,362,358,330.9
5577,135,137,146,138,263,269,277,273,278,272,260.9
5578,279,267,259,260,263,261,266,262,266,262,242.9
5579,223,195,192,202,195,196,201,197,201,197,180.9
5580,326,319,312,316,313,308,314,310,313,310,286.9
5581,334,327,320,321,327,322,327,323,327,323,299.9
5582,110,112,112,113,124,135,145,139,147,139,133.9
5583,304,289,290,289,288,284,290,286,290,286,263.9
5584,283,267,266,266,263,260,266,262,266,262,241.9
5585,334,328,322,331,317,312,317,313,317,313,289.9
5586,408,406,405,397,401,389,396,392,396,392,361.9
5587,229,210,205,213,200,200,206,202,206,202,184.9
5588,296,285,279,283,277,274,279,275,279,275,254.9
5589,381,376,370,375,365,356,362,358,362,358,330.9
5590,340,331,329,336,324,318,324,320,324,320,295.9
5591,295,289,275,281,281,278,283,279,283,279,258.9
5592,296,285,279,285,281,278,283,279,283,279,258.9
5593,333,324,321,325,320,315,320,316,320,316,292.9
5594,274,263,253,257,251,249,254,250,254,250,230.9
5595,424,420,421,411,416,400,409,404,409,404,371.9
5596,259,243,241,241,239,238,243,239,243,239,220.9
5597,290,284,276,277,276,273,278,275,278,275,253.9
5598,85,86,87,86,93,109,122,116,125,115,150.9
5599,266,259,249,249,241,239,245,241,245,241,221.9
5600,438,436,437,434,426,405,416,410,416,410,374.9
5601,0,11,41,22,46,155,163,170,175,160,159.9
5602,241,231,216,220,219,219,224,220,224,220,202.9
5603,220,195,198,195,194,195,200,196,200,196,179.9
5604,341,335,327,335,337,331,337,333,337,333,308.9
5605,216,192,190,192,190,191,196,193,197,192,175.9
5606,342,336,334,334,330,324,330,326,330,326,301.9
5607,303,291,289,290,293,289,295,291,295,291,268.9
5608,299,290,279,288,285,282,287,283,287,283,262.9
5609,250,231,231,230,230,229,234,231,234,230,212.9
5610,257,244,232,238,240,239,244,240,244,240,221.9
5611,461,438,458,454,459,424,437,432,439,432,389.9
5612,393,388,385,385,379,369,376,372,376,371,342.9
5613,346,340,331,336,338,332,337,334,337,333,308.9
5614,283,274,268,270,265,262,268,264,268,264,243.9
5615,469,373,432,465,416,369,383,382,388,378,331.9
5616,307,296,294,293,296,292,297,294,298,294,271.9
5617,305,296,295,295,291,287,293,289,293,289,266.9
5618,218,207,201,190,192,193,198,194,198,194,177.9
5619,235,223,208,222,209,209,214,210,214,210,192.9
5620,352,348,344,343,338,331,337,333,337,333,307.9
5621,139,146,142,151,176,182,189,185,190,184,172.9
5622,259,244,233,236,232,231,236,232,236,232,213.9
5623,241,233,216,226,222,222,227,223,227,223,205.9
5624,304,293,289,296,290,286,292,288,292,288,265.9
5625,467,466,464,459,442,403,414,411,418,410,367.9
5626,182,191,175,172,149,152,158,154,158,153,138.9
5627,247,231,222,228,224,223,229,225,229,225,206.9
5628,179,194,146,108,137,140,146,142,146,141,127.9
5629,348,341,331,339,334,328,333,329,333,329,304.9
5630,293,281,272,280,277,274,279,275,279,275,254.9
5631,226,203,201,204,201,201,207,203,207,203,185.9
5632,322,311,303,317,302,297,303,299,303,299,275.9
5633,346,344,336,340,341,335,340,337,340,336,311.9
5634,371,370,359,367,359,351,357,353,357,353,326.9
5635,103,103,107,106,128,141,151,145,153,144,141.9
5636,183,184,151,146,150,153,159,155,159,154,139.9
5637,291,280,275,277,275,272,277,274,277,273,252.9
5638,349,340,342,345,338,332,337,333,337,333,308.9
5639,268,260,244,249,252,250,256,252,256,252,232.9
5640,321,308,312,312,307,302,308,304,308,304,280.9
5641,414,409,404,407,397,383,391,388,392,387,354.9
5642,265,253,249,245,248,246,252,248,252,248,228.9
5643,305,299,297,293,289,285,291,287,291,287,264.9
5644,298,287,286,286,280,277,282,278,282,278,257.9
5645,136,136,141,137,217,223,230,227,232,225,214.9
5646,140,140,142,148,259,265,272,268,273,267,255.9
5647,202,90,180,183,176,178,183,179,183,179,163.9
5648,273,260,248,260,248,246,251,247,251,247,227.9
5649,341,331,327,334,326,320,326,322,326,322,297.9
5650,281,270,262,266,267,265,270,266,270,266,246.9
5651,392,389,387,386,383,373,380,376,380,375,347.9
5652,231,209,208,214,204,204,209,206,209,205,187.9
5653,339,338,322,331,329,323,329,325,329,325,300.9
5654,284,278,267,273,262,259,265,261,265,261,240.9
5655,312,304,301,302,301,297,302,299,302,298,276.9
5656,256,242,239,233,237,236,241,237,241,237,218.9
5657,327,316,314,316,312,307,312,309,312,309,285.9
5658,257,246,236,237,234,233,238,234,238,234,215.9
5659,237,229,213,218,210,210,215,211,215,211,193.9
5660,281,269,265,262,258,256,261,257,261,257,237.9
5661,191,195,177,156,155,157,163,159,163,159,143.9
5662,151,154,170,161,62,67,73,69,74,68,56.9
5663,366,362,363,356,353,345,351,347,351,347,320.9
5664,308,300,296,294,292,288,293,290,294,290,267.9
5665,229,209,200,207,206,206,212,208,212,208,190.9
5666,341,330,328,333,335,329,335,331,335,331,306.9
5667,326,318,313,321,315,310,316,312,315,312,288.9
5668,111,111,119,117,134,145,154,148,157,148,142.9
5669,324,321,309,309,311,306,312,308,312,308,284.9
5670,269,261,251,252,249,247,252,249,253,249,229.9
5671,162,168,164,163,143,147,153,149,154,148,135.9
5672,254,239,231,230,234,233,238,234,238,234,215.9
5673,450,430,443,425,431,406,416,409,416,412,374.9
5674,254,239,229,237,235,234,239,235,239,235,216.9
5675,207,200,173,178,179,180,186,182,186,182,165.9
5676,139,139,145,144,181,187,194,190,195,189,177.9
5677,287,280,271,267,272,269,275,271,275,271,249.9
5678,289,276,270,268,272,269,274,271,274,271,249.9
5679,140,146,151,150,156,162,169,165,170,164,152.9
5680,284,273,266,273,268,265,271,267,271,267,246.9
5681,257,241,240,240,241,240,245,241,245,241,222.9
5682,389,384,383,385,384,374,381,377,381,377,348.9
5683,271,259,252,251,253,251,256,253,256,253,232.9
5684,177,180,130,295,137,140,146,142,146,142,127.9
5685,160,164,180,182,115,119,125,122,126,120,107.9
5686,362,359,351,355,355,348,353,350,353,350,323.9
5687,283,272,267,270,266,263,269,265,269,265,244.9
5688,211,188,179,207,178,179,185,181,185,181,164.9
5689,259,237,241,243,242,241,246,242,246,242,223.9
5690,212,171,181,192,186,187,193,189,193,189,172.9
5691,302,294,288,283,286,282,288,284,288,284,261.9
5692,273,261,257,255,255,253,258,254,258,254,234.9
5693,378,372,367,372,371,362,368,365,368,364,336.9
5694,238,218,219,217,214,214,219,215,219,215,197.9
5695,141,141,154,143,59,65,72,68,73,67,55.9
5696,363,352,356,353,352,345,350,346,350,346,320.9
5697,383,381,382,375,375,366,372,368,372,368,340.9
5698,285,274,270,270,268,265,271,267,271,267,246.9
5699,267,252,246,248,248,246,252,248,252,248,228.9
5700,350,345,345,345,337,331,336,332,336,332,307.9
5701,263,250,243,245,243,242,247,243,247,243,224.9
5702,270,252,248,256,254,252,257,254,257,254,233.9
5703,248,227,224,229,229,228,233,230,234,230,211.9
5704,355,350,348,347,342,335,341,337,341,337,311.9
5705,354,347,349,342,339,332,338,334,338,334,308.9
5706,160,166,164,178,135,139,145,141,146,140,127.9
5707,417,412,408,410,411,397,405,401,405,400,368.9
5708,200,240,176,186,160,162,167,164,168,163,147.9
5709,265,256,251,250,241,239,245,241,245,241,221.9
5710,212,195,176,183,181,182,188,184,188,184,167.9
5711,237,227,221,222,218,218,223,219,223,219,201.9
5712,94,96,101,95,95,109,121,116,124,115,111.9
5713,129,130,140,129,252,259,266,262,268,261,251.9
5714,249,235,219,232,230,229,234,231,235,231,212.9
5715,167,168,167,186,119,123,129,125,129,124,110.9
5716,306,295,291,292,288,284,290,286,290,286,263.9
5717,301,293,285,284,284,281,286,282,286,282,260.9
5718,293,279,277,282,279,276,281,277,281,277,256.9
5719,299,291,279,284,288,285,290,286,290,286,265.9
5720,173,189,173,266,137,140,146,143,147,142,127.9
5721,235,221,216,216,212,212,217,213,217,213,195.9
5722,411,406,399,409,401,388,396,392,396,391,360.9
5723,311,307,296,301,296,292,297,294,297,293,271.9
5724,223,206,200,211,204,204,210,206,210,206,188.9
5725,368,363,360,360,367,359,365,361,365,361,334.9
5726,286,281,267,267,267,264,270,266,270,266,244.9
5727,47,118,49,47,49,87,103,100,107,93,103.9
5728,121,124,123,124,126,134,142,138,144,137,127.9
5729,79,79,80,81,82,102,116,109,118,109,142.9
5730,217,203,186,195,196,197,202,198,202,198,181.9
5731,373,368,362,364,361,353,359,355,359,355,328.9
5732,428,423,427,426,425,408,417,412,417,412,378.9
5733,282,271,267,273,270,267,273,269,273,269,248.9
5734,275,263,262,258,256,254,259,255,259,255,235.9
5735,378,369,372,375,363,354,360,357,360,356,328.9
5736,209,207,174,196,177,178,184,180,184,180,163.9
5737,103,104,105,107,121,133,144,138,146,137,133.9
5738,366,359,355,357,359,351,357,353,357,353,326.9
5739,341,331,330,337,328,322,328,324,328,324,299.9
5740,345,341,337,344,338,332,337,334,337,333,308.9
5741,294,280,277,284,276,273,278,274,278,274,253.9
5742,341,338,326,332,329,323,329,325,329,325,300.9
5743,186,193,125,164,164,167,172,168,173,168,153.9
5744,220,198,196,203,196,197,202,198,202,198,181.9
5745,472,462,403,366,365,318,330,330,335,325,280.9
5746,226,206,195,205,208,208,214,210,214,210,192.9
5747,202,184,183,161,177,179,184,181,184,180,164.9
5748,212,176,183,184,189,190,196,192,196,192,175.9
5749,458,454,442,451,450,419,431,424,432,425,385.9
5750,362,355,349,359,352,345,350,347,350,347,320.9
5751,377,374,365,375,366,357,363,360,363,359,331.9
5752,189,197,188,164,161,163,169,165,169,165,149.9
5753,416,409,412,410,409,395,403,399,403,398,366.9
5754,327,317,318,321,312,307,312,309,312,309,285.9
5755,505,433,448,389,475,387,395,388,406,397,329.9
5756,453,451,446,448,444,417,427,421,428,423,384.9
5757,215,197,175,189,178,179,184,181,185,180,163.9
5758,488,386,478,458,461,399,405,407,411,407,353.9
5759,391,381,378,386,375,365,372,368,372,367,339.9
5760,338,331,324,329,325,319,325,321,325,321,296.9
5761,168,179,262,263,140,144,150,146,150,145,131.9
5762,305,296,293,293,285,281,287,283,287,283,260.9
5763,352,342,343,345,345,338,344,340,344,340,314.9
5764,234,214,213,216,207,207,212,208,212,208,190.9
5765,240,231,215,227,213,213,218,214,218,214,196.9
5766,373,362,365,363,366,358,364,360,364,360,333.9
5767,263,253,241,247,240,239,244,240,244,240,221.9
5768,296,282,285,280,285,282,287,283,287,283,262.9
5769,279,269,260,263,261,259,264,260,264,260,240.9
