"","variable","value"
"1","uncleaned",32
"2","uncleaned",25
"3","uncleaned",30
"4","uncleaned",30
"5","uncleaned",28
"6","uncleaned",23
"7","uncleaned",31
"8","uncleaned",31
"9","uncleaned",31
"10","uncleaned",24
"11","uncleaned",23
"12","uncleaned",29
"13","uncleaned",22
"14","uncleaned",24
"15","uncleaned",30
"16","uncleaned",27
"17","uncleaned",30
"18","uncleaned",32
"19","uncleaned",32
"20","uncleaned",27
"21","uncleaned",31
"22","uncleaned",31
"23","uncleaned",29
"24","uncleaned",32
"25","uncleaned",30
"26","uncleaned",32
"27","uncleaned",24
"28","uncleaned",33
"29","uncleaned",27
"30","uncleaned",31
"31","uncleaned",27
"32","uncleaned",28
"33","uncleaned",27
"34","uncleaned",28
"35","uncleaned",29
"36","uncleaned",23
"37","uncleaned",31
"38","uncleaned",27
"39","uncleaned",28
"40","uncleaned",32
"41","uncleaned",22
"42","uncleaned",32
"43","uncleaned",26
"44","uncleaned",26
"45","uncleaned",26
"46","uncleaned",28
"47","uncleaned",26
"48","uncleaned",24
"49","uncleaned",26
"50","uncleaned",27
"51","uncleaned",20
"52","uncleaned",31
"53","uncleaned",28
"54","uncleaned",25
"55","uncleaned",21
"56","uncleaned",25
"57","uncleaned",23
"58","uncleaned",33
"59","uncleaned",32
"60","uncleaned",27
"61","uncleaned",30
"62","uncleaned",33
"63","uncleaned",25
"64","uncleaned",29
"65","uncleaned",33
"66","uncleaned",28
"67","uncleaned",30
"68","uncleaned",30
"69","uncleaned",26
"70","uncleaned",31
"71","uncleaned",32
"72","uncleaned",22
"73","uncleaned",18
"74","uncleaned",28
"75","uncleaned",32
"76","uncleaned",31
"77","uncleaned",31
"78","uncleaned",31
"79","uncleaned",22
"80","uncleaned",19
"81","uncleaned",29
"82","uncleaned",24
"83","uncleaned",28
"84","uncleaned",28
"85","uncleaned",32
"86","uncleaned",27
"87","uncleaned",31
"88","uncleaned",28
"89","uncleaned",18
"90","uncleaned",31
"91","uncleaned",30
"92","uncleaned",31
"93","uncleaned",29
"94","uncleaned",28
"95","uncleaned",31
"96","uncleaned",32
"97","uncleaned",33
"98","uncleaned",33
"99","uncleaned",26
"100","uncleaned",32
"101","uncleaned",17
"102","uncleaned",25
"103","uncleaned",32
"104","uncleaned",33
"105","uncleaned",18
"106","uncleaned",31
"107","uncleaned",25
"108","uncleaned",30
"109","uncleaned",26
"110","uncleaned",26
"111","uncleaned",30
"112","uncleaned",32
"113","uncleaned",30
"114","uncleaned",31
"115","uncleaned",29
"116","uncleaned",31
"117","uncleaned",27
"118","uncleaned",31
"119","uncleaned",28
"120","uncleaned",30
"121","uncleaned",27
"122","uncleaned",24
"123","uncleaned",27
"124","uncleaned",27
"125","uncleaned",23
"126","uncleaned",32
"127","uncleaned",33
"128","uncleaned",32
"129","uncleaned",28
"130","uncleaned",28
"131","uncleaned",14
"132","uncleaned",32
"133","uncleaned",25
"134","uncleaned",30
"135","uncleaned",32
"136","uncleaned",23
"137","uncleaned",26
"138","uncleaned",32
"139","uncleaned",29
"140","uncleaned",33
"141","uncleaned",21
"142","uncleaned",30
"143","uncleaned",31
"144","uncleaned",21
"145","uncleaned",32
"146","uncleaned",31
"147","uncleaned",32
"148","uncleaned",30
"149","uncleaned",30
"150","uncleaned",29
"151","uncleaned",29
"152","uncleaned",31
"153","uncleaned",26
"154","uncleaned",33
"155","uncleaned",32
"156","uncleaned",24
"157","uncleaned",25
"158","uncleaned",29
"159","uncleaned",32
"160","uncleaned",31
"161","uncleaned",31
"162","uncleaned",31
"163","uncleaned",32
"164","uncleaned",32
"165","uncleaned",27
"166","uncleaned",24
"167","uncleaned",30
"168","uncleaned",26
"169","uncleaned",32
"170","uncleaned",27
"171","uncleaned",31
"172","uncleaned",29
"173","uncleaned",32
"174","uncleaned",32
"175","uncleaned",31
"176","uncleaned",19
"177","uncleaned",32
"178","uncleaned",29
"179","uncleaned",29
"180","uncleaned",24
"181","uncleaned",31
"182","uncleaned",28
"183","uncleaned",30
"184","uncleaned",29
"185","uncleaned",30
"186","uncleaned",32
"187","uncleaned",28
"188","uncleaned",28
"189","uncleaned",29
"190","uncleaned",32
"191","uncleaned",32
"192","uncleaned",26
"193","uncleaned",31
"194","uncleaned",30
"195","uncleaned",26
"196","uncleaned",31
"197","uncleaned",26
"198","uncleaned",31
"199","uncleaned",33
"200","uncleaned",31
"201","uncleaned",36
"202","uncleaned",34
"203","uncleaned",35
"204","uncleaned",35
"205","uncleaned",36
"206","uncleaned",35
"207","uncleaned",36
"208","uncleaned",33
"209","uncleaned",36
"210","uncleaned",36
"211","uncleaned",33
"212","uncleaned",36
"213","uncleaned",35
"214","uncleaned",35
"215","uncleaned",36
"216","uncleaned",36
"217","uncleaned",35
"218","uncleaned",35
"219","uncleaned",35
"220","uncleaned",36
"221","uncleaned",33
"222","uncleaned",36
"223","uncleaned",34
"224","uncleaned",36
"225","uncleaned",34
"226","uncleaned",33
"227","uncleaned",35
"228","uncleaned",35
"229","uncleaned",35
"230","uncleaned",36
"231","uncleaned",34
"232","uncleaned",34
"233","uncleaned",34
"234","uncleaned",37
"235","uncleaned",33
"236","uncleaned",35
"237","uncleaned",34
"238","uncleaned",36
"239","uncleaned",36
"240","uncleaned",36
"241","uncleaned",35
"242","uncleaned",33
"243","uncleaned",33
"244","uncleaned",34
"245","uncleaned",33
"246","uncleaned",33
"247","uncleaned",34
"248","uncleaned",35
"249","uncleaned",34
"250","uncleaned",34
"251","uncleaned",34
"252","uncleaned",36
"253","uncleaned",35
"254","uncleaned",36
"255","uncleaned",33
"256","uncleaned",35
"257","uncleaned",35
"258","uncleaned",34
"259","uncleaned",34
"260","uncleaned",36
"261","uncleaned",36
"262","uncleaned",36
"263","uncleaned",33
"264","uncleaned",34
"265","uncleaned",35
"266","uncleaned",36
"267","uncleaned",36
"268","uncleaned",36
"269","uncleaned",36
"270","uncleaned",34
"271","uncleaned",34
"272","uncleaned",34
"273","uncleaned",36
"274","uncleaned",34
"275","uncleaned",34
"276","uncleaned",34
"277","uncleaned",36
"278","uncleaned",36
"279","uncleaned",33
"280","uncleaned",34
"281","uncleaned",36
"282","uncleaned",34
"283","uncleaned",33
"284","uncleaned",35
"285","uncleaned",36
"286","uncleaned",33
"287","uncleaned",34
"288","uncleaned",33
"289","uncleaned",36
"290","uncleaned",36
"291","uncleaned",34
"292","uncleaned",33
"293","uncleaned",34
"294","uncleaned",36
"295","uncleaned",35
"296","uncleaned",35
"297","uncleaned",35
"298","uncleaned",35
"299","uncleaned",33
"300","uncleaned",35
"301","uncleaned",36
"302","uncleaned",33
"303","uncleaned",36
"304","uncleaned",36
"305","uncleaned",34
"306","uncleaned",35
"307","uncleaned",34
"308","uncleaned",34
"309","uncleaned",35
"310","uncleaned",35
"311","uncleaned",35
"312","uncleaned",35
"313","uncleaned",35
"314","uncleaned",34
"315","uncleaned",35
"316","uncleaned",36
"317","uncleaned",34
"318","uncleaned",33
"319","uncleaned",35
"320","uncleaned",36
"321","uncleaned",36
"322","uncleaned",35
"323","uncleaned",33
"324","uncleaned",35
"325","uncleaned",36
"326","uncleaned",34
"327","uncleaned",35
"328","uncleaned",36
"329","uncleaned",34
"330","uncleaned",35
"331","uncleaned",35
"332","uncleaned",34
"333","uncleaned",36
"334","uncleaned",35
"335","uncleaned",35
"336","uncleaned",34
"337","uncleaned",36
"338","uncleaned",36
"339","uncleaned",35
"340","uncleaned",36
"341","uncleaned",36
"342","uncleaned",34
"343","uncleaned",35
"344","uncleaned",36
"345","uncleaned",34
"346","uncleaned",35
"347","uncleaned",36
"348","uncleaned",34
"349","uncleaned",36
"350","uncleaned",34
"351","uncleaned",34
"352","uncleaned",33
"353","uncleaned",33
"354","uncleaned",36
"355","uncleaned",35
"356","uncleaned",36
"357","uncleaned",33
"358","uncleaned",33
"359","uncleaned",33
"360","uncleaned",35
"361","uncleaned",34
"362","uncleaned",36
"363","uncleaned",36
"364","uncleaned",34
"365","uncleaned",36
"366","uncleaned",35
"367","uncleaned",35
"368","uncleaned",36
"369","uncleaned",34
"370","uncleaned",35
"371","uncleaned",36
"372","uncleaned",36
"373","uncleaned",33
"374","uncleaned",36
"375","uncleaned",34
"376","uncleaned",36
"377","uncleaned",35
"378","uncleaned",37
"379","uncleaned",36
"380","uncleaned",36
"381","uncleaned",36
"382","uncleaned",36
"383","uncleaned",35
"384","uncleaned",35
"385","uncleaned",36
"386","uncleaned",33
"387","uncleaned",36
"388","uncleaned",34
"389","uncleaned",34
"390","uncleaned",35
"391","uncleaned",36
"392","uncleaned",35
"393","uncleaned",34
"394","uncleaned",34
"395","uncleaned",36
"396","uncleaned",36
"397","uncleaned",34
"398","uncleaned",36
"399","uncleaned",33
"400","uncleaned",33
"401","uncleaned",37
"402","uncleaned",38
"403","uncleaned",39
"404","uncleaned",37
"405","uncleaned",38
"406","uncleaned",37
"407","uncleaned",37
"408","uncleaned",38
"409","uncleaned",38
"410","uncleaned",39
"411","uncleaned",37
"412","uncleaned",39
"413","uncleaned",37
"414","uncleaned",39
"415","uncleaned",38
"416","uncleaned",39
"417","uncleaned",38
"418","uncleaned",37
"419","uncleaned",38
"420","uncleaned",38
"421","uncleaned",39
"422","uncleaned",38
"423","uncleaned",38
"424","uncleaned",37
"425","uncleaned",39
"426","uncleaned",37
"427","uncleaned",37
"428","uncleaned",38
"429","uncleaned",38
"430","uncleaned",37
"431","uncleaned",37
"432","uncleaned",39
"433","uncleaned",37
"434","uncleaned",38
"435","uncleaned",39
"436","uncleaned",37
"437","uncleaned",37
"438","uncleaned",39
"439","uncleaned",37
"440","uncleaned",38
"441","uncleaned",39
"442","uncleaned",37
"443","uncleaned",37
"444","uncleaned",37
"445","uncleaned",38
"446","uncleaned",37
"447","uncleaned",38
"448","uncleaned",38
"449","uncleaned",38
"450","uncleaned",37
"451","uncleaned",38
"452","uncleaned",37
"453","uncleaned",37
"454","uncleaned",39
"455","uncleaned",37
"456","uncleaned",39
"457","uncleaned",37
"458","uncleaned",37
"459","uncleaned",39
"460","uncleaned",39
"461","uncleaned",37
"462","uncleaned",37
"463","uncleaned",38
"464","uncleaned",38
"465","uncleaned",39
"466","uncleaned",39
"467","uncleaned",38
"468","uncleaned",38
"469","uncleaned",38
"470","uncleaned",38
"471","uncleaned",37
"472","uncleaned",38
"473","uncleaned",38
"474","uncleaned",37
"475","uncleaned",37
"476","uncleaned",39
"477","uncleaned",38
"478","uncleaned",39
"479","uncleaned",37
"480","uncleaned",37
"481","uncleaned",38
"482","uncleaned",39
"483","uncleaned",39
"484","uncleaned",38
"485","uncleaned",39
"486","uncleaned",37
"487","uncleaned",37
"488","uncleaned",38
"489","uncleaned",37
"490","uncleaned",39
"491","uncleaned",37
"492","uncleaned",39
"493","uncleaned",39
"494","uncleaned",38
"495","uncleaned",37
"496","uncleaned",38
"497","uncleaned",37
"498","uncleaned",38
"499","uncleaned",37
"500","uncleaned",39
"501","uncleaned",39
"502","uncleaned",37
"503","uncleaned",37
"504","uncleaned",39
"505","uncleaned",38
"506","uncleaned",39
"507","uncleaned",39
"508","uncleaned",37
"509","uncleaned",38
"510","uncleaned",38
"511","uncleaned",38
"512","uncleaned",38
"513","uncleaned",38
"514","uncleaned",37
"515","uncleaned",38
"516","uncleaned",38
"517","uncleaned",38
"518","uncleaned",39
"519","uncleaned",39
"520","uncleaned",38
"521","uncleaned",39
"522","uncleaned",38
"523","uncleaned",37
"524","uncleaned",37
"525","uncleaned",37
"526","uncleaned",37
"527","uncleaned",38
"528","uncleaned",38
"529","uncleaned",38
"530","uncleaned",38
"531","uncleaned",39
"532","uncleaned",39
"533","uncleaned",38
"534","uncleaned",37
"535","uncleaned",39
"536","uncleaned",38
"537","uncleaned",37
"538","uncleaned",38
"539","uncleaned",39
"540","uncleaned",38
"541","uncleaned",37
"542","uncleaned",38
"543","uncleaned",38
"544","uncleaned",38
"545","uncleaned",38
"546","uncleaned",39
"547","uncleaned",38
"548","uncleaned",38
"549","uncleaned",38
"550","uncleaned",37
"551","uncleaned",39
"552","uncleaned",39
"553","uncleaned",37
"554","uncleaned",37
"555","uncleaned",37
"556","uncleaned",38
"557","uncleaned",39
"558","uncleaned",39
"559","uncleaned",37
"560","uncleaned",39
"561","uncleaned",37
"562","uncleaned",38
"563","uncleaned",39
"564","uncleaned",38
"565","uncleaned",39
"566","uncleaned",39
"567","uncleaned",39
"568","uncleaned",38
"569","uncleaned",38
"570","uncleaned",38
"571","uncleaned",37
"572","uncleaned",38
"573","uncleaned",38
"574","uncleaned",38
"575","uncleaned",38
"576","uncleaned",38
"577","uncleaned",38
"578","uncleaned",38
"579","uncleaned",38
"580","uncleaned",39
"581","uncleaned",38
"582","uncleaned",37
"583","uncleaned",38
"584","uncleaned",38
"585","uncleaned",38
"586","uncleaned",37
"587","uncleaned",37
"588","uncleaned",39
"589","uncleaned",39
"590","uncleaned",38
"591","uncleaned",39
"592","uncleaned",38
"593","uncleaned",37
"594","uncleaned",38
"595","uncleaned",38
"596","uncleaned",37
"597","uncleaned",37
"598","uncleaned",38
"599","uncleaned",39
"600","uncleaned",37
"601","uncleaned",40
"602","uncleaned",40
"603","uncleaned",40
"604","uncleaned",41
"605","uncleaned",40
"606","uncleaned",40
"607","uncleaned",41
"608","uncleaned",39
"609","uncleaned",41
"610","uncleaned",39
"611","uncleaned",40
"612","uncleaned",41
"613","uncleaned",40
"614","uncleaned",40
"615","uncleaned",40
"616","uncleaned",40
"617","uncleaned",41
"618","uncleaned",40
"619","uncleaned",40
"620","uncleaned",40
"621","uncleaned",40
"622","uncleaned",40
"623","uncleaned",40
"624","uncleaned",41
"625","uncleaned",40
"626","uncleaned",40
"627","uncleaned",40
"628","uncleaned",39
"629","uncleaned",39
"630","uncleaned",40
"631","uncleaned",39
"632","uncleaned",40
"633","uncleaned",40
"634","uncleaned",40
"635","uncleaned",40
"636","uncleaned",39
"637","uncleaned",41
"638","uncleaned",40
"639","uncleaned",39
"640","uncleaned",39
"641","uncleaned",39
"642","uncleaned",41
"643","uncleaned",40
"644","uncleaned",40
"645","uncleaned",40
"646","uncleaned",40
"647","uncleaned",41
"648","uncleaned",39
"649","uncleaned",39
"650","uncleaned",40
"651","uncleaned",40
"652","uncleaned",39
"653","uncleaned",40
"654","uncleaned",40
"655","uncleaned",40
"656","uncleaned",39
"657","uncleaned",40
"658","uncleaned",41
"659","uncleaned",39
"660","uncleaned",39
"661","uncleaned",41
"662","uncleaned",41
"663","uncleaned",41
"664","uncleaned",39
"665","uncleaned",40
"666","uncleaned",41
"667","uncleaned",40
"668","uncleaned",39
"669","uncleaned",39
"670","uncleaned",39
"671","uncleaned",41
"672","uncleaned",40
"673","uncleaned",41
"674","uncleaned",41
"675","uncleaned",41
"676","uncleaned",40
"677","uncleaned",41
"678","uncleaned",39
"679","uncleaned",41
"680","uncleaned",39
"681","uncleaned",40
"682","uncleaned",40
"683","uncleaned",40
"684","uncleaned",40
"685","uncleaned",40
"686","uncleaned",40
"687","uncleaned",40
"688","uncleaned",41
"689","uncleaned",40
"690","uncleaned",39
"691","uncleaned",41
"692","uncleaned",40
"693","uncleaned",41
"694","uncleaned",41
"695","uncleaned",40
"696","uncleaned",40
"697","uncleaned",39
"698","uncleaned",40
"699","uncleaned",40
"700","uncleaned",40
"701","uncleaned",40
"702","uncleaned",41
"703","uncleaned",39
"704","uncleaned",41
"705","uncleaned",39
"706","uncleaned",40
"707","uncleaned",41
"708","uncleaned",39
"709","uncleaned",40
"710","uncleaned",40
"711","uncleaned",39
"712","uncleaned",41
"713","uncleaned",41
"714","uncleaned",40
"715","uncleaned",40
"716","uncleaned",40
"717","uncleaned",40
"718","uncleaned",40
"719","uncleaned",39
"720","uncleaned",41
"721","uncleaned",40
"722","uncleaned",40
"723","uncleaned",40
"724","uncleaned",40
"725","uncleaned",39
"726","uncleaned",39
"727","uncleaned",40
"728","uncleaned",40
"729","uncleaned",40
"730","uncleaned",41
"731","uncleaned",40
"732","uncleaned",40
"733","uncleaned",40
"734","uncleaned",40
"735","uncleaned",41
"736","uncleaned",41
"737","uncleaned",40
"738","uncleaned",39
"739","uncleaned",40
"740","uncleaned",40
"741","uncleaned",41
"742","uncleaned",41
"743","uncleaned",39
"744","uncleaned",40
"745","uncleaned",40
"746","uncleaned",40
"747","uncleaned",41
"748","uncleaned",40
"749","uncleaned",41
"750","uncleaned",40
"751","uncleaned",39
"752","uncleaned",40
"753","uncleaned",40
"754","uncleaned",41
"755","uncleaned",41
"756","uncleaned",40
"757","uncleaned",41
"758","uncleaned",40
"759","uncleaned",40
"760","uncleaned",40
"761","uncleaned",39
"762","uncleaned",39
"763","uncleaned",39
"764","uncleaned",40
"765","uncleaned",40
"766","uncleaned",40
"767","uncleaned",40
"768","uncleaned",40
"769","uncleaned",39
"770","uncleaned",40
"771","uncleaned",39
"772","uncleaned",39
"773","uncleaned",39
"774","uncleaned",40
"775","uncleaned",40
"776","uncleaned",40
"777","uncleaned",39
"778","uncleaned",40
"779","uncleaned",39
"780","uncleaned",40
"781","uncleaned",40
"782","uncleaned",41
"783","uncleaned",40
"784","uncleaned",41
"785","uncleaned",40
"786","uncleaned",39
"787","uncleaned",41
"788","uncleaned",39
"789","uncleaned",40
"790","uncleaned",41
"791","uncleaned",39
"792","uncleaned",40
"793","uncleaned",40
"794","uncleaned",39
"795","uncleaned",40
"796","uncleaned",40
"797","uncleaned",39
"798","uncleaned",41
"799","uncleaned",40
"800","uncleaned",40
"801","uncleaned",42
"802","uncleaned",41
"803","uncleaned",42
"804","uncleaned",42
"805","uncleaned",41
"806","uncleaned",42
"807","uncleaned",42
"808","uncleaned",41
"809","uncleaned",42
"810","uncleaned",42
"811","uncleaned",41
"812","uncleaned",41
"813","uncleaned",42
"814","uncleaned",42
"815","uncleaned",41
"816","uncleaned",42
"817","uncleaned",41
"818","uncleaned",41
"819","uncleaned",42
"820","uncleaned",41
"821","uncleaned",41
"822","uncleaned",41
"823","uncleaned",42
"824","uncleaned",42
"825","uncleaned",42
"826","uncleaned",42
"827","uncleaned",41
"828","uncleaned",41
"829","uncleaned",41
"830","uncleaned",42
"831","uncleaned",42
"832","uncleaned",41
"833","uncleaned",42
"834","uncleaned",42
"835","uncleaned",41
"836","uncleaned",41
"837","uncleaned",42
"838","uncleaned",42
"839","uncleaned",42
"840","uncleaned",42
"841","uncleaned",41
"842","uncleaned",42
"843","uncleaned",42
"844","uncleaned",42
"845","uncleaned",42
"846","uncleaned",42
"847","uncleaned",42
"848","uncleaned",41
"849","uncleaned",42
"850","uncleaned",42
"851","uncleaned",42
"852","uncleaned",41
"853","uncleaned",41
"854","uncleaned",42
"855","uncleaned",42
"856","uncleaned",42
"857","uncleaned",41
"858","uncleaned",42
"859","uncleaned",41
"860","uncleaned",42
"861","uncleaned",42
"862","uncleaned",42
"863","uncleaned",42
"864","uncleaned",41
"865","uncleaned",41
"866","uncleaned",41
"867","uncleaned",41
"868","uncleaned",42
"869","uncleaned",42
"870","uncleaned",41
"871","uncleaned",41
"872","uncleaned",42
"873","uncleaned",42
"874","uncleaned",41
"875","uncleaned",42
"876","uncleaned",41
"877","uncleaned",42
"878","uncleaned",41
"879","uncleaned",42
"880","uncleaned",41
"881","uncleaned",41
"882","uncleaned",42
"883","uncleaned",41
"884","uncleaned",41
"885","uncleaned",42
"886","uncleaned",41
"887","uncleaned",42
"888","uncleaned",42
"889","uncleaned",42
"890","uncleaned",42
"891","uncleaned",41
"892","uncleaned",42
"893","uncleaned",42
"894","uncleaned",41
"895","uncleaned",42
"896","uncleaned",41
"897","uncleaned",42
"898","uncleaned",42
"899","uncleaned",42
"900","uncleaned",42
"901","uncleaned",42
"902","uncleaned",41
"903","uncleaned",42
"904","uncleaned",42
"905","uncleaned",42
"906","uncleaned",42
"907","uncleaned",42
"908","uncleaned",42
"909","uncleaned",41
"910","uncleaned",41
"911","uncleaned",41
"912","uncleaned",41
"913","uncleaned",42
"914","uncleaned",42
"915","uncleaned",42
"916","uncleaned",42
"917","uncleaned",41
"918","uncleaned",41
"919","uncleaned",42
"920","uncleaned",41
"921","uncleaned",42
"922","uncleaned",42
"923","uncleaned",42
"924","uncleaned",42
"925","uncleaned",42
"926","uncleaned",41
"927","uncleaned",41
"928","uncleaned",42
"929","uncleaned",41
"930","uncleaned",41
"931","uncleaned",41
"932","uncleaned",42
"933","uncleaned",42
"934","uncleaned",41
"935","uncleaned",42
"936","uncleaned",41
"937","uncleaned",41
"938","uncleaned",41
"939","uncleaned",42
"940","uncleaned",42
"941","uncleaned",42
"942","uncleaned",42
"943","uncleaned",42
"944","uncleaned",42
"945","uncleaned",42
"946","uncleaned",42
"947","uncleaned",42
"948","uncleaned",42
"949","uncleaned",42
"950","uncleaned",42
"951","uncleaned",42
"952","uncleaned",42
"953","uncleaned",42
"954","uncleaned",42
"955","uncleaned",42
"956","uncleaned",42
"957","uncleaned",42
"958","uncleaned",41
"959","uncleaned",42
"960","uncleaned",42
"961","uncleaned",41
"962","uncleaned",41
"963","uncleaned",42
"964","uncleaned",41
"965","uncleaned",42
"966","uncleaned",41
"967","uncleaned",42
"968","uncleaned",41
"969","uncleaned",42
"970","uncleaned",41
"971","uncleaned",41
"972","uncleaned",42
"973","uncleaned",41
"974","uncleaned",42
"975","uncleaned",42
"976","uncleaned",41
"977","uncleaned",41
"978","uncleaned",41
"979","uncleaned",42
"980","uncleaned",41
"981","uncleaned",42
"982","uncleaned",41
"983","uncleaned",42
"984","uncleaned",41
"985","uncleaned",42
"986","uncleaned",41
"987","uncleaned",41
"988","uncleaned",42
"989","uncleaned",41
"990","uncleaned",42
"991","uncleaned",41
"992","uncleaned",42
"993","uncleaned",41
"994","uncleaned",42
"995","uncleaned",41
"996","uncleaned",41
"997","uncleaned",41
"998","uncleaned",41
"999","uncleaned",42
"1000","uncleaned",42
"1001","uncleaned",43
"1002","uncleaned",43
"1003","uncleaned",44
"1004","uncleaned",44
"1005","uncleaned",44
"1006","uncleaned",43
"1007","uncleaned",43
"1008","uncleaned",43
"1009","uncleaned",43
"1010","uncleaned",43
"1011","uncleaned",44
"1012","uncleaned",43
"1013","uncleaned",43
"1014","uncleaned",43
"1015","uncleaned",43
"1016","uncleaned",44
"1017","uncleaned",43
"1018","uncleaned",44
"1019","uncleaned",43
"1020","uncleaned",43
"1021","uncleaned",43
"1022","uncleaned",43
"1023","uncleaned",43
"1024","uncleaned",43
"1025","uncleaned",43
"1026","uncleaned",43
"1027","uncleaned",43
"1028","uncleaned",43
"1029","uncleaned",43
"1030","uncleaned",43
"1031","uncleaned",44
"1032","uncleaned",44
"1033","uncleaned",43
"1034","uncleaned",43
"1035","uncleaned",44
"1036","uncleaned",43
"1037","uncleaned",44
"1038","uncleaned",42
"1039","uncleaned",43
"1040","uncleaned",43
"1041","uncleaned",43
"1042","uncleaned",43
"1043","uncleaned",44
"1044","uncleaned",43
"1045","uncleaned",44
"1046","uncleaned",44
"1047","uncleaned",43
"1048","uncleaned",44
"1049","uncleaned",43
"1050","uncleaned",43
"1051","uncleaned",44
"1052","uncleaned",44
"1053","uncleaned",43
"1054","uncleaned",44
"1055","uncleaned",43
"1056","uncleaned",43
"1057","uncleaned",44
"1058","uncleaned",44
"1059","uncleaned",43
"1060","uncleaned",44
"1061","uncleaned",42
"1062","uncleaned",43
"1063","uncleaned",44
"1064","uncleaned",44
"1065","uncleaned",43
"1066","uncleaned",44
"1067","uncleaned",43
"1068","uncleaned",44
"1069","uncleaned",42
"1070","uncleaned",43
"1071","uncleaned",44
"1072","uncleaned",43
"1073","uncleaned",43
"1074","uncleaned",44
"1075","uncleaned",43
"1076","uncleaned",43
"1077","uncleaned",43
"1078","uncleaned",44
"1079","uncleaned",44
"1080","uncleaned",43
"1081","uncleaned",44
"1082","uncleaned",43
"1083","uncleaned",44
"1084","uncleaned",43
"1085","uncleaned",43
"1086","uncleaned",44
"1087","uncleaned",44
"1088","uncleaned",43
"1089","uncleaned",43
"1090","uncleaned",44
"1091","uncleaned",43
"1092","uncleaned",43
"1093","uncleaned",44
"1094","uncleaned",43
"1095","uncleaned",43
"1096","uncleaned",44
"1097","uncleaned",44
"1098","uncleaned",43
"1099","uncleaned",43
"1100","uncleaned",43
"1101","uncleaned",43
"1102","uncleaned",43
"1103","uncleaned",43
"1104","uncleaned",44
"1105","uncleaned",43
"1106","uncleaned",43
"1107","uncleaned",43
"1108","uncleaned",44
"1109","uncleaned",43
"1110","uncleaned",43
"1111","uncleaned",43
"1112","uncleaned",44
"1113","uncleaned",44
"1114","uncleaned",43
"1115","uncleaned",43
"1116","uncleaned",44
"1117","uncleaned",43
"1118","uncleaned",43
"1119","uncleaned",43
"1120","uncleaned",43
"1121","uncleaned",43
"1122","uncleaned",43
"1123","uncleaned",43
"1124","uncleaned",43
"1125","uncleaned",44
"1126","uncleaned",43
"1127","uncleaned",43
"1128","uncleaned",44
"1129","uncleaned",43
"1130","uncleaned",43
"1131","uncleaned",44
"1132","uncleaned",43
"1133","uncleaned",44
"1134","uncleaned",44
"1135","uncleaned",43
"1136","uncleaned",43
"1137","uncleaned",44
"1138","uncleaned",44
"1139","uncleaned",42
"1140","uncleaned",44
"1141","uncleaned",43
"1142","uncleaned",43
"1143","uncleaned",43
"1144","uncleaned",43
"1145","uncleaned",43
"1146","uncleaned",43
"1147","uncleaned",43
"1148","uncleaned",43
"1149","uncleaned",43
"1150","uncleaned",43
"1151","uncleaned",43
"1152","uncleaned",44
"1153","uncleaned",44
"1154","uncleaned",43
"1155","uncleaned",43
"1156","uncleaned",43
"1157","uncleaned",43
"1158","uncleaned",43
"1159","uncleaned",43
"1160","uncleaned",43
"1161","uncleaned",44
"1162","uncleaned",44
"1163","uncleaned",44
"1164","uncleaned",44
"1165","uncleaned",43
"1166","uncleaned",43
"1167","uncleaned",43
"1168","uncleaned",44
"1169","uncleaned",43
"1170","uncleaned",44
"1171","uncleaned",44
"1172","uncleaned",43
"1173","uncleaned",43
"1174","uncleaned",44
"1175","uncleaned",43
"1176","uncleaned",43
"1177","uncleaned",43
"1178","uncleaned",44
"1179","uncleaned",43
"1180","uncleaned",44
"1181","uncleaned",43
"1182","uncleaned",43
"1183","uncleaned",43
"1184","uncleaned",43
"1185","uncleaned",44
"1186","uncleaned",44
"1187","uncleaned",43
"1188","uncleaned",44
"1189","uncleaned",44
"1190","uncleaned",43
"1191","uncleaned",44
"1192","uncleaned",44
"1193","uncleaned",43
"1194","uncleaned",43
"1195","uncleaned",43
"1196","uncleaned",43
"1197","uncleaned",43
"1198","uncleaned",44
"1199","uncleaned",44
"1200","uncleaned",43
"1201","uncleaned",45
"1202","uncleaned",44
"1203","uncleaned",45
"1204","uncleaned",44
"1205","uncleaned",45
"1206","uncleaned",45
"1207","uncleaned",45
"1208","uncleaned",45
"1209","uncleaned",45
"1210","uncleaned",44
"1211","uncleaned",44
"1212","uncleaned",45
"1213","uncleaned",44
"1214","uncleaned",45
"1215","uncleaned",45
"1216","uncleaned",45
"1217","uncleaned",44
"1218","uncleaned",45
"1219","uncleaned",44
"1220","uncleaned",45
"1221","uncleaned",45
"1222","uncleaned",44
"1223","uncleaned",45
"1224","uncleaned",45
"1225","uncleaned",45
"1226","uncleaned",45
"1227","uncleaned",44
"1228","uncleaned",45
"1229","uncleaned",44
"1230","uncleaned",44
"1231","uncleaned",44
"1232","uncleaned",45
"1233","uncleaned",45
"1234","uncleaned",45
"1235","uncleaned",45
"1236","uncleaned",45
"1237","uncleaned",44
"1238","uncleaned",45
"1239","uncleaned",45
"1240","uncleaned",45
"1241","uncleaned",45
"1242","uncleaned",45
"1243","uncleaned",44
"1244","uncleaned",45
"1245","uncleaned",45
"1246","uncleaned",45
"1247","uncleaned",44
"1248","uncleaned",45
"1249","uncleaned",45
"1250","uncleaned",44
"1251","uncleaned",44
"1252","uncleaned",45
"1253","uncleaned",44
"1254","uncleaned",45
"1255","uncleaned",45
"1256","uncleaned",44
"1257","uncleaned",44
"1258","uncleaned",45
"1259","uncleaned",45
"1260","uncleaned",45
"1261","uncleaned",44
"1262","uncleaned",44
"1263","uncleaned",44
"1264","uncleaned",44
"1265","uncleaned",44
"1266","uncleaned",45
"1267","uncleaned",45
"1268","uncleaned",45
"1269","uncleaned",44
"1270","uncleaned",44
"1271","uncleaned",44
"1272","uncleaned",44
"1273","uncleaned",44
"1274","uncleaned",45
"1275","uncleaned",44
"1276","uncleaned",44
"1277","uncleaned",45
"1278","uncleaned",44
"1279","uncleaned",44
"1280","uncleaned",44
"1281","uncleaned",44
"1282","uncleaned",44
"1283","uncleaned",44
"1284","uncleaned",44
"1285","uncleaned",44
"1286","uncleaned",45
"1287","uncleaned",44
"1288","uncleaned",45
"1289","uncleaned",45
"1290","uncleaned",45
"1291","uncleaned",44
"1292","uncleaned",45
"1293","uncleaned",45
"1294","uncleaned",45
"1295","uncleaned",45
"1296","uncleaned",45
"1297","uncleaned",45
"1298","uncleaned",44
"1299","uncleaned",44
"1300","uncleaned",44
"1301","uncleaned",45
"1302","uncleaned",45
"1303","uncleaned",45
"1304","uncleaned",45
"1305","uncleaned",45
"1306","uncleaned",45
"1307","uncleaned",44
"1308","uncleaned",45
"1309","uncleaned",44
"1310","uncleaned",44
"1311","uncleaned",45
"1312","uncleaned",44
"1313","uncleaned",45
"1314","uncleaned",44
"1315","uncleaned",45
"1316","uncleaned",45
"1317","uncleaned",44
"1318","uncleaned",44
"1319","uncleaned",45
"1320","uncleaned",44
"1321","uncleaned",45
"1322","uncleaned",45
"1323","uncleaned",44
"1324","uncleaned",45
"1325","uncleaned",45
"1326","uncleaned",45
"1327","uncleaned",45
"1328","uncleaned",45
"1329","uncleaned",44
"1330","uncleaned",45
"1331","uncleaned",45
"1332","uncleaned",45
"1333","uncleaned",44
"1334","uncleaned",45
"1335","uncleaned",45
"1336","uncleaned",45
"1337","uncleaned",44
"1338","uncleaned",45
"1339","uncleaned",44
"1340","uncleaned",44
"1341","uncleaned",45
"1342","uncleaned",45
"1343","uncleaned",45
"1344","uncleaned",45
"1345","uncleaned",45
"1346","uncleaned",45
"1347","uncleaned",45
"1348","uncleaned",45
"1349","uncleaned",44
"1350","uncleaned",44
"1351","uncleaned",45
"1352","uncleaned",45
"1353","uncleaned",45
"1354","uncleaned",45
"1355","uncleaned",44
"1356","uncleaned",45
"1357","uncleaned",44
"1358","uncleaned",45
"1359","uncleaned",45
"1360","uncleaned",44
"1361","uncleaned",45
"1362","uncleaned",45
"1363","uncleaned",44
"1364","uncleaned",44
"1365","uncleaned",44
"1366","uncleaned",45
"1367","uncleaned",44
"1368","uncleaned",45
"1369","uncleaned",44
"1370","uncleaned",44
"1371","uncleaned",45
"1372","uncleaned",44
"1373","uncleaned",44
"1374","uncleaned",44
"1375","uncleaned",44
"1376","uncleaned",44
"1377","uncleaned",44
"1378","uncleaned",44
"1379","uncleaned",44
"1380","uncleaned",44
"1381","uncleaned",45
"1382","uncleaned",45
"1383","uncleaned",44
"1384","uncleaned",44
"1385","uncleaned",45
"1386","uncleaned",45
"1387","uncleaned",44
"1388","uncleaned",45
"1389","uncleaned",45
"1390","uncleaned",44
"1391","uncleaned",45
"1392","uncleaned",44
"1393","uncleaned",45
"1394","uncleaned",44
"1395","uncleaned",44
"1396","uncleaned",44
"1397","uncleaned",45
"1398","uncleaned",45
"1399","uncleaned",44
"1400","uncleaned",45
"1401","uncleaned",46
"1402","uncleaned",45
"1403","uncleaned",46
"1404","uncleaned",45
"1405","uncleaned",46
"1406","uncleaned",46
"1407","uncleaned",46
"1408","uncleaned",46
"1409","uncleaned",45
"1410","uncleaned",45
"1411","uncleaned",45
"1412","uncleaned",46
"1413","uncleaned",45
"1414","uncleaned",46
"1415","uncleaned",46
"1416","uncleaned",45
"1417","uncleaned",46
"1418","uncleaned",46
"1419","uncleaned",46
"1420","uncleaned",45
"1421","uncleaned",46
"1422","uncleaned",46
"1423","uncleaned",46
"1424","uncleaned",46
"1425","uncleaned",46
"1426","uncleaned",46
"1427","uncleaned",46
"1428","uncleaned",45
"1429","uncleaned",46
"1430","uncleaned",46
"1431","uncleaned",46
"1432","uncleaned",46
"1433","uncleaned",45
"1434","uncleaned",45
"1435","uncleaned",46
"1436","uncleaned",46
"1437","uncleaned",46
"1438","uncleaned",46
"1439","uncleaned",46
"1440","uncleaned",45
"1441","uncleaned",45
"1442","uncleaned",46
"1443","uncleaned",46
"1444","uncleaned",46
"1445","uncleaned",46
"1446","uncleaned",45
"1447","uncleaned",46
"1448","uncleaned",46
"1449","uncleaned",46
"1450","uncleaned",46
"1451","uncleaned",45
"1452","uncleaned",46
"1453","uncleaned",46
"1454","uncleaned",46
"1455","uncleaned",46
"1456","uncleaned",46
"1457","uncleaned",46
"1458","uncleaned",46
"1459","uncleaned",46
"1460","uncleaned",46
"1461","uncleaned",45
"1462","uncleaned",46
"1463","uncleaned",45
"1464","uncleaned",46
"1465","uncleaned",46
"1466","uncleaned",46
"1467","uncleaned",46
"1468","uncleaned",46
"1469","uncleaned",46
"1470","uncleaned",46
"1471","uncleaned",46
"1472","uncleaned",45
"1473","uncleaned",45
"1474","uncleaned",46
"1475","uncleaned",46
"1476","uncleaned",46
"1477","uncleaned",46
"1478","uncleaned",46
"1479","uncleaned",46
"1480","uncleaned",46
"1481","uncleaned",45
"1482","uncleaned",46
"1483","uncleaned",46
"1484","uncleaned",46
"1485","uncleaned",46
"1486","uncleaned",46
"1487","uncleaned",46
"1488","uncleaned",45
"1489","uncleaned",46
"1490","uncleaned",46
"1491","uncleaned",46
"1492","uncleaned",45
"1493","uncleaned",46
"1494","uncleaned",46
"1495","uncleaned",45
"1496","uncleaned",46
"1497","uncleaned",46
"1498","uncleaned",46
"1499","uncleaned",46
"1500","uncleaned",46
"1501","uncleaned",45
"1502","uncleaned",46
"1503","uncleaned",46
"1504","uncleaned",45
"1505","uncleaned",46
"1506","uncleaned",46
"1507","uncleaned",45
"1508","uncleaned",46
"1509","uncleaned",46
"1510","uncleaned",46
"1511","uncleaned",46
"1512","uncleaned",46
"1513","uncleaned",45
"1514","uncleaned",46
"1515","uncleaned",46
"1516","uncleaned",45
"1517","uncleaned",46
"1518","uncleaned",45
"1519","uncleaned",46
"1520","uncleaned",46
"1521","uncleaned",45
"1522","uncleaned",46
"1523","uncleaned",45
"1524","uncleaned",46
"1525","uncleaned",45
"1526","uncleaned",45
"1527","uncleaned",46
"1528","uncleaned",46
"1529","uncleaned",46
"1530","uncleaned",46
"1531","uncleaned",46
"1532","uncleaned",46
"1533","uncleaned",46
"1534","uncleaned",45
"1535","uncleaned",46
"1536","uncleaned",46
"1537","uncleaned",46
"1538","uncleaned",46
"1539","uncleaned",46
"1540","uncleaned",46
"1541","uncleaned",45
"1542","uncleaned",46
"1543","uncleaned",46
"1544","uncleaned",45
"1545","uncleaned",45
"1546","uncleaned",45
"1547","uncleaned",46
"1548","uncleaned",46
"1549","uncleaned",46
"1550","uncleaned",46
"1551","uncleaned",46
"1552","uncleaned",46
"1553","uncleaned",46
"1554","uncleaned",45
"1555","uncleaned",46
"1556","uncleaned",46
"1557","uncleaned",46
"1558","uncleaned",46
"1559","uncleaned",46
"1560","uncleaned",46
"1561","uncleaned",46
"1562","uncleaned",45
"1563","uncleaned",46
"1564","uncleaned",46
"1565","uncleaned",45
"1566","uncleaned",45
"1567","uncleaned",46
"1568","uncleaned",46
"1569","uncleaned",46
"1570","uncleaned",46
"1571","uncleaned",46
"1572","uncleaned",46
"1573","uncleaned",46
"1574","uncleaned",45
"1575","uncleaned",46
"1576","uncleaned",46
"1577","uncleaned",45
"1578","uncleaned",45
"1579","uncleaned",46
"1580","uncleaned",46
"1581","uncleaned",46
"1582","uncleaned",45
"1583","uncleaned",46
"1584","uncleaned",46
"1585","uncleaned",46
"1586","uncleaned",45
"1587","uncleaned",46
"1588","uncleaned",46
"1589","uncleaned",46
"1590","uncleaned",46
"1591","uncleaned",46
"1592","uncleaned",46
"1593","uncleaned",46
"1594","uncleaned",45
"1595","uncleaned",46
"1596","uncleaned",46
"1597","uncleaned",46
"1598","uncleaned",46
"1599","uncleaned",46
"1600","uncleaned",46
"1601","uncleaned",47
"1602","uncleaned",47
"1603","uncleaned",47
"1604","uncleaned",46
"1605","uncleaned",47
"1606","uncleaned",47
"1607","uncleaned",47
"1608","uncleaned",47
"1609","uncleaned",46
"1610","uncleaned",47
"1611","uncleaned",47
"1612","uncleaned",47
"1613","uncleaned",47
"1614","uncleaned",47
"1615","uncleaned",47
"1616","uncleaned",47
"1617","uncleaned",47
"1618","uncleaned",47
"1619","uncleaned",47
"1620","uncleaned",46
"1621","uncleaned",47
"1622","uncleaned",47
"1623","uncleaned",47
"1624","uncleaned",47
"1625","uncleaned",47
"1626","uncleaned",47
"1627","uncleaned",47
"1628","uncleaned",47
"1629","uncleaned",47
"1630","uncleaned",47
"1631","uncleaned",47
"1632","uncleaned",47
"1633","uncleaned",46
"1634","uncleaned",47
"1635","uncleaned",47
"1636","uncleaned",47
"1637","uncleaned",47
"1638","uncleaned",47
"1639","uncleaned",47
"1640","uncleaned",47
"1641","uncleaned",47
"1642","uncleaned",47
"1643","uncleaned",46
"1644","uncleaned",47
"1645","uncleaned",47
"1646","uncleaned",47
"1647","uncleaned",47
"1648","uncleaned",47
"1649","uncleaned",46
"1650","uncleaned",47
"1651","uncleaned",47
"1652","uncleaned",47
"1653","uncleaned",47
"1654","uncleaned",47
"1655","uncleaned",46
"1656","uncleaned",47
"1657","uncleaned",46
"1658","uncleaned",47
"1659","uncleaned",47
"1660","uncleaned",47
"1661","uncleaned",46
"1662","uncleaned",47
"1663","uncleaned",47
"1664","uncleaned",47
"1665","uncleaned",47
"1666","uncleaned",46
"1667","uncleaned",46
"1668","uncleaned",47
"1669","uncleaned",47
"1670","uncleaned",47
"1671","uncleaned",47
"1672","uncleaned",46
"1673","uncleaned",47
"1674","uncleaned",47
"1675","uncleaned",47
"1676","uncleaned",47
"1677","uncleaned",47
"1678","uncleaned",47
"1679","uncleaned",47
"1680","uncleaned",47
"1681","uncleaned",47
"1682","uncleaned",47
"1683","uncleaned",47
"1684","uncleaned",47
"1685","uncleaned",47
"1686","uncleaned",47
"1687","uncleaned",46
"1688","uncleaned",47
"1689","uncleaned",47
"1690","uncleaned",47
"1691","uncleaned",47
"1692","uncleaned",47
"1693","uncleaned",47
"1694","uncleaned",47
"1695","uncleaned",47
"1696","uncleaned",47
"1697","uncleaned",47
"1698","uncleaned",47
"1699","uncleaned",47
"1700","uncleaned",47
"1701","uncleaned",47
"1702","uncleaned",47
"1703","uncleaned",47
"1704","uncleaned",47
"1705","uncleaned",47
"1706","uncleaned",47
"1707","uncleaned",47
"1708","uncleaned",47
"1709","uncleaned",47
"1710","uncleaned",47
"1711","uncleaned",47
"1712","uncleaned",47
"1713","uncleaned",47
"1714","uncleaned",47
"1715","uncleaned",47
"1716","uncleaned",46
"1717","uncleaned",47
"1718","uncleaned",47
"1719","uncleaned",47
"1720","uncleaned",47
"1721","uncleaned",47
"1722","uncleaned",47
"1723","uncleaned",47
"1724","uncleaned",46
"1725","uncleaned",47
"1726","uncleaned",47
"1727","uncleaned",47
"1728","uncleaned",47
"1729","uncleaned",47
"1730","uncleaned",47
"1731","uncleaned",47
"1732","uncleaned",46
"1733","uncleaned",47
"1734","uncleaned",47
"1735","uncleaned",47
"1736","uncleaned",47
"1737","uncleaned",47
"1738","uncleaned",47
"1739","uncleaned",47
"1740","uncleaned",47
"1741","uncleaned",47
"1742","uncleaned",47
"1743","uncleaned",46
"1744","uncleaned",47
"1745","uncleaned",47
"1746","uncleaned",47
"1747","uncleaned",47
"1748","uncleaned",47
"1749","uncleaned",47
"1750","uncleaned",46
"1751","uncleaned",46
"1752","uncleaned",47
"1753","uncleaned",47
"1754","uncleaned",47
"1755","uncleaned",47
"1756","uncleaned",47
"1757","uncleaned",47
"1758","uncleaned",47
"1759","uncleaned",47
"1760","uncleaned",47
"1761","uncleaned",47
"1762","uncleaned",47
"1763","uncleaned",46
"1764","uncleaned",47
"1765","uncleaned",46
"1766","uncleaned",47
"1767","uncleaned",46
"1768","uncleaned",47
"1769","uncleaned",47
"1770","uncleaned",46
"1771","uncleaned",47
"1772","uncleaned",47
"1773","uncleaned",47
"1774","uncleaned",47
"1775","uncleaned",47
"1776","uncleaned",46
"1777","uncleaned",47
"1778","uncleaned",47
"1779","uncleaned",47
"1780","uncleaned",47
"1781","uncleaned",47
"1782","uncleaned",47
"1783","uncleaned",47
"1784","uncleaned",47
"1785","uncleaned",47
"1786","uncleaned",47
"1787","uncleaned",47
"1788","uncleaned",47
"1789","uncleaned",46
"1790","uncleaned",47
"1791","uncleaned",47
"1792","uncleaned",47
"1793","uncleaned",47
"1794","uncleaned",47
"1795","uncleaned",47
"1796","uncleaned",47
"1797","uncleaned",47
"1798","uncleaned",47
"1799","uncleaned",47
"1800","uncleaned",47
"1801","uncleaned",48
"1802","uncleaned",48
"1803","uncleaned",48
"1804","uncleaned",48
"1805","uncleaned",48
"1806","uncleaned",48
"1807","uncleaned",47
"1808","uncleaned",48
"1809","uncleaned",48
"1810","uncleaned",48
"1811","uncleaned",48
"1812","uncleaned",48
"1813","uncleaned",48
"1814","uncleaned",48
"1815","uncleaned",48
"1816","uncleaned",48
"1817","uncleaned",48
"1818","uncleaned",48
"1819","uncleaned",48
"1820","uncleaned",48
"1821","uncleaned",48
"1822","uncleaned",48
"1823","uncleaned",48
"1824","uncleaned",47
"1825","uncleaned",47
"1826","uncleaned",48
"1827","uncleaned",48
"1828","uncleaned",48
"1829","uncleaned",48
"1830","uncleaned",48
"1831","uncleaned",48
"1832","uncleaned",48
"1833","uncleaned",48
"1834","uncleaned",47
"1835","uncleaned",48
"1836","uncleaned",48
"1837","uncleaned",48
"1838","uncleaned",48
"1839","uncleaned",48
"1840","uncleaned",48
"1841","uncleaned",48
"1842","uncleaned",48
"1843","uncleaned",48
"1844","uncleaned",48
"1845","uncleaned",48
"1846","uncleaned",48
"1847","uncleaned",48
"1848","uncleaned",47
"1849","uncleaned",48
"1850","uncleaned",48
"1851","uncleaned",48
"1852","uncleaned",47
"1853","uncleaned",48
"1854","uncleaned",48
"1855","uncleaned",48
"1856","uncleaned",48
"1857","uncleaned",47
"1858","uncleaned",48
"1859","uncleaned",48
"1860","uncleaned",48
"1861","uncleaned",48
"1862","uncleaned",48
"1863","uncleaned",48
"1864","uncleaned",48
"1865","uncleaned",48
"1866","uncleaned",48
"1867","uncleaned",48
"1868","uncleaned",48
"1869","uncleaned",48
"1870","uncleaned",48
"1871","uncleaned",47
"1872","uncleaned",48
"1873","uncleaned",48
"1874","uncleaned",48
"1875","uncleaned",48
"1876","uncleaned",48
"1877","uncleaned",48
"1878","uncleaned",47
"1879","uncleaned",48
"1880","uncleaned",48
"1881","uncleaned",48
"1882","uncleaned",48
"1883","uncleaned",48
"1884","uncleaned",48
"1885","uncleaned",47
"1886","uncleaned",48
"1887","uncleaned",47
"1888","uncleaned",48
"1889","uncleaned",48
"1890","uncleaned",48
"1891","uncleaned",48
"1892","uncleaned",47
"1893","uncleaned",48
"1894","uncleaned",48
"1895","uncleaned",48
"1896","uncleaned",48
"1897","uncleaned",48
"1898","uncleaned",48
"1899","uncleaned",48
"1900","uncleaned",48
"1901","uncleaned",48
"1902","uncleaned",48
"1903","uncleaned",48
"1904","uncleaned",48
"1905","uncleaned",48
"1906","uncleaned",48
"1907","uncleaned",48
"1908","uncleaned",47
"1909","uncleaned",47
"1910","uncleaned",48
"1911","uncleaned",48
"1912","uncleaned",48
"1913","uncleaned",48
"1914","uncleaned",48
"1915","uncleaned",48
"1916","uncleaned",48
"1917","uncleaned",48
"1918","uncleaned",48
"1919","uncleaned",48
"1920","uncleaned",47
"1921","uncleaned",48
"1922","uncleaned",48
"1923","uncleaned",48
"1924","uncleaned",48
"1925","uncleaned",48
"1926","uncleaned",48
"1927","uncleaned",48
"1928","uncleaned",48
"1929","uncleaned",48
"1930","uncleaned",48
"1931","uncleaned",48
"1932","uncleaned",48
"1933","uncleaned",47
"1934","uncleaned",48
"1935","uncleaned",47
"1936","uncleaned",48
"1937","uncleaned",48
"1938","uncleaned",47
"1939","uncleaned",48
"1940","uncleaned",48
"1941","uncleaned",47
"1942","uncleaned",48
"1943","uncleaned",48
"1944","uncleaned",48
"1945","uncleaned",48
"1946","uncleaned",48
"1947","uncleaned",48
"1948","uncleaned",48
"1949","uncleaned",48
"1950","uncleaned",48
"1951","uncleaned",48
"1952","uncleaned",48
"1953","uncleaned",48
"1954","uncleaned",48
"1955","uncleaned",47
"1956","uncleaned",48
"1957","uncleaned",48
"1958","uncleaned",48
"1959","uncleaned",48
"1960","uncleaned",48
"1961","uncleaned",48
"1962","uncleaned",48
"1963","uncleaned",48
"1964","uncleaned",47
"1965","uncleaned",48
"1966","uncleaned",48
"1967","uncleaned",48
"1968","uncleaned",48
"1969","uncleaned",48
"1970","uncleaned",48
"1971","uncleaned",48
"1972","uncleaned",48
"1973","uncleaned",48
"1974","uncleaned",48
"1975","uncleaned",48
"1976","uncleaned",48
"1977","uncleaned",47
"1978","uncleaned",48
"1979","uncleaned",48
"1980","uncleaned",48
"1981","uncleaned",47
"1982","uncleaned",48
"1983","uncleaned",48
"1984","uncleaned",48
"1985","uncleaned",48
"1986","uncleaned",48
"1987","uncleaned",48
"1988","uncleaned",48
"1989","uncleaned",48
"1990","uncleaned",48
"1991","uncleaned",48
"1992","uncleaned",48
"1993","uncleaned",48
"1994","uncleaned",47
"1995","uncleaned",48
"1996","uncleaned",48
"1997","uncleaned",48
"1998","uncleaned",48
"1999","uncleaned",48
"2000","uncleaned",48
"2001","uncleaned",49
"2002","uncleaned",48
"2003","uncleaned",49
"2004","uncleaned",49
"2005","uncleaned",48
"2006","uncleaned",49
"2007","uncleaned",49
"2008","uncleaned",49
"2009","uncleaned",49
"2010","uncleaned",49
"2011","uncleaned",49
"2012","uncleaned",49
"2013","uncleaned",49
"2014","uncleaned",49
"2015","uncleaned",49
"2016","uncleaned",49
"2017","uncleaned",49
"2018","uncleaned",49
"2019","uncleaned",49
"2020","uncleaned",49
"2021","uncleaned",49
"2022","uncleaned",49
"2023","uncleaned",49
"2024","uncleaned",49
"2025","uncleaned",49
"2026","uncleaned",49
"2027","uncleaned",49
"2028","uncleaned",48
"2029","uncleaned",49
"2030","uncleaned",49
"2031","uncleaned",48
"2032","uncleaned",49
"2033","uncleaned",49
"2034","uncleaned",49
"2035","uncleaned",49
"2036","uncleaned",49
"2037","uncleaned",49
"2038","uncleaned",49
"2039","uncleaned",48
"2040","uncleaned",49
"2041","uncleaned",49
"2042","uncleaned",49
"2043","uncleaned",49
"2044","uncleaned",49
"2045","uncleaned",49
"2046","uncleaned",48
"2047","uncleaned",49
"2048","uncleaned",49
"2049","uncleaned",49
"2050","uncleaned",49
"2051","uncleaned",49
"2052","uncleaned",48
"2053","uncleaned",48
"2054","uncleaned",49
"2055","uncleaned",49
"2056","uncleaned",49
"2057","uncleaned",49
"2058","uncleaned",49
"2059","uncleaned",49
"2060","uncleaned",49
"2061","uncleaned",49
"2062","uncleaned",49
"2063","uncleaned",49
"2064","uncleaned",49
"2065","uncleaned",48
"2066","uncleaned",49
"2067","uncleaned",49
"2068","uncleaned",49
"2069","uncleaned",49
"2070","uncleaned",49
"2071","uncleaned",49
"2072","uncleaned",49
"2073","uncleaned",49
"2074","uncleaned",49
"2075","uncleaned",49
"2076","uncleaned",48
"2077","uncleaned",49
"2078","uncleaned",49
"2079","uncleaned",49
"2080","uncleaned",49
"2081","uncleaned",49
"2082","uncleaned",49
"2083","uncleaned",49
"2084","uncleaned",49
"2085","uncleaned",49
"2086","uncleaned",49
"2087","uncleaned",49
"2088","uncleaned",49
"2089","uncleaned",49
"2090","uncleaned",48
"2091","uncleaned",49
"2092","uncleaned",49
"2093","uncleaned",49
"2094","uncleaned",49
"2095","uncleaned",49
"2096","uncleaned",49
"2097","uncleaned",49
"2098","uncleaned",49
"2099","uncleaned",49
"2100","uncleaned",49
"2101","uncleaned",49
"2102","uncleaned",49
"2103","uncleaned",49
"2104","uncleaned",49
"2105","uncleaned",49
"2106","uncleaned",49
"2107","uncleaned",49
"2108","uncleaned",49
"2109","uncleaned",49
"2110","uncleaned",49
"2111","uncleaned",49
"2112","uncleaned",49
"2113","uncleaned",49
"2114","uncleaned",49
"2115","uncleaned",49
"2116","uncleaned",49
"2117","uncleaned",49
"2118","uncleaned",49
"2119","uncleaned",49
"2120","uncleaned",49
"2121","uncleaned",49
"2122","uncleaned",49
"2123","uncleaned",49
"2124","uncleaned",49
"2125","uncleaned",49
"2126","uncleaned",49
"2127","uncleaned",49
"2128","uncleaned",49
"2129","uncleaned",49
"2130","uncleaned",49
"2131","uncleaned",49
"2132","uncleaned",49
"2133","uncleaned",49
"2134","uncleaned",49
"2135","uncleaned",49
"2136","uncleaned",49
"2137","uncleaned",49
"2138","uncleaned",49
"2139","uncleaned",49
"2140","uncleaned",49
"2141","uncleaned",49
"2142","uncleaned",49
"2143","uncleaned",49
"2144","uncleaned",49
"2145","uncleaned",49
"2146","uncleaned",49
"2147","uncleaned",49
"2148","uncleaned",49
"2149","uncleaned",49
"2150","uncleaned",49
"2151","uncleaned",49
"2152","uncleaned",49
"2153","uncleaned",49
"2154","uncleaned",49
"2155","uncleaned",49
"2156","uncleaned",49
"2157","uncleaned",49
"2158","uncleaned",49
"2159","uncleaned",49
"2160","uncleaned",49
"2161","uncleaned",49
"2162","uncleaned",49
"2163","uncleaned",49
"2164","uncleaned",49
"2165","uncleaned",49
"2166","uncleaned",49
"2167","uncleaned",49
"2168","uncleaned",49
"2169","uncleaned",49
"2170","uncleaned",49
"2171","uncleaned",49
"2172","uncleaned",49
"2173","uncleaned",48
"2174","uncleaned",49
"2175","uncleaned",49
"2176","uncleaned",49
"2177","uncleaned",49
"2178","uncleaned",49
"2179","uncleaned",49
"2180","uncleaned",49
"2181","uncleaned",49
"2182","uncleaned",49
"2183","uncleaned",49
"2184","uncleaned",49
"2185","uncleaned",49
"2186","uncleaned",49
"2187","uncleaned",49
"2188","uncleaned",49
"2189","uncleaned",49
"2190","uncleaned",49
"2191","uncleaned",49
"2192","uncleaned",49
"2193","uncleaned",49
"2194","uncleaned",49
"2195","uncleaned",49
"2196","uncleaned",49
"2197","uncleaned",49
"2198","uncleaned",49
"2199","uncleaned",49
"2200","uncleaned",48
"2201","uncleaned",50
"2202","uncleaned",50
"2203","uncleaned",50
"2204","uncleaned",50
"2205","uncleaned",49
"2206","uncleaned",50
"2207","uncleaned",50
"2208","uncleaned",50
"2209","uncleaned",50
"2210","uncleaned",50
"2211","uncleaned",50
"2212","uncleaned",50
"2213","uncleaned",50
"2214","uncleaned",50
"2215","uncleaned",49
"2216","uncleaned",50
"2217","uncleaned",50
"2218","uncleaned",50
"2219","uncleaned",50
"2220","uncleaned",50
"2221","uncleaned",49
"2222","uncleaned",50
"2223","uncleaned",50
"2224","uncleaned",50
"2225","uncleaned",50
"2226","uncleaned",49
"2227","uncleaned",50
"2228","uncleaned",50
"2229","uncleaned",49
"2230","uncleaned",50
"2231","uncleaned",50
"2232","uncleaned",50
"2233","uncleaned",50
"2234","uncleaned",50
"2235","uncleaned",50
"2236","uncleaned",50
"2237","uncleaned",50
"2238","uncleaned",50
"2239","uncleaned",50
"2240","uncleaned",50
"2241","uncleaned",50
"2242","uncleaned",50
"2243","uncleaned",50
"2244","uncleaned",50
"2245","uncleaned",50
"2246","uncleaned",50
"2247","uncleaned",50
"2248","uncleaned",50
"2249","uncleaned",50
"2250","uncleaned",49
"2251","uncleaned",50
"2252","uncleaned",50
"2253","uncleaned",49
"2254","uncleaned",50
"2255","uncleaned",50
"2256","uncleaned",50
"2257","uncleaned",50
"2258","uncleaned",50
"2259","uncleaned",49
"2260","uncleaned",50
"2261","uncleaned",50
"2262","uncleaned",50
"2263","uncleaned",50
"2264","uncleaned",50
"2265","uncleaned",50
"2266","uncleaned",50
"2267","uncleaned",50
"2268","uncleaned",50
"2269","uncleaned",50
"2270","uncleaned",50
"2271","uncleaned",50
"2272","uncleaned",50
"2273","uncleaned",50
"2274","uncleaned",50
"2275","uncleaned",50
"2276","uncleaned",50
"2277","uncleaned",50
"2278","uncleaned",50
"2279","uncleaned",50
"2280","uncleaned",49
"2281","uncleaned",50
"2282","uncleaned",50
"2283","uncleaned",50
"2284","uncleaned",50
"2285","uncleaned",50
"2286","uncleaned",50
"2287","uncleaned",50
"2288","uncleaned",50
"2289","uncleaned",50
"2290","uncleaned",50
"2291","uncleaned",50
"2292","uncleaned",50
"2293","uncleaned",50
"2294","uncleaned",50
"2295","uncleaned",50
"2296","uncleaned",50
"2297","uncleaned",50
"2298","uncleaned",50
"2299","uncleaned",50
"2300","uncleaned",50
"2301","uncleaned",50
"2302","uncleaned",50
"2303","uncleaned",50
"2304","uncleaned",50
"2305","uncleaned",50
"2306","uncleaned",50
"2307","uncleaned",50
"2308","uncleaned",50
"2309","uncleaned",50
"2310","uncleaned",50
"2311","uncleaned",49
"2312","uncleaned",49
"2313","uncleaned",50
"2314","uncleaned",50
"2315","uncleaned",50
"2316","uncleaned",50
"2317","uncleaned",50
"2318","uncleaned",50
"2319","uncleaned",50
"2320","uncleaned",50
"2321","uncleaned",49
"2322","uncleaned",50
"2323","uncleaned",50
"2324","uncleaned",50
"2325","uncleaned",50
"2326","uncleaned",50
"2327","uncleaned",50
"2328","uncleaned",50
"2329","uncleaned",50
"2330","uncleaned",49
"2331","uncleaned",50
"2332","uncleaned",50
"2333","uncleaned",50
"2334","uncleaned",50
"2335","uncleaned",50
"2336","uncleaned",50
"2337","uncleaned",50
"2338","uncleaned",50
"2339","uncleaned",50
"2340","uncleaned",50
"2341","uncleaned",50
"2342","uncleaned",50
"2343","uncleaned",50
"2344","uncleaned",50
"2345","uncleaned",50
"2346","uncleaned",49
"2347","uncleaned",50
"2348","uncleaned",50
"2349","uncleaned",50
"2350","uncleaned",50
"2351","uncleaned",50
"2352","uncleaned",49
"2353","uncleaned",50
"2354","uncleaned",50
"2355","uncleaned",50
"2356","uncleaned",50
"2357","uncleaned",50
"2358","uncleaned",50
"2359","uncleaned",50
"2360","uncleaned",50
"2361","uncleaned",50
"2362","uncleaned",50
"2363","uncleaned",50
"2364","uncleaned",50
"2365","uncleaned",50
"2366","uncleaned",50
"2367","uncleaned",50
"2368","uncleaned",49
"2369","uncleaned",50
"2370","uncleaned",50
"2371","uncleaned",50
"2372","uncleaned",50
"2373","uncleaned",50
"2374","uncleaned",50
"2375","uncleaned",50
"2376","uncleaned",50
"2377","uncleaned",50
"2378","uncleaned",50
"2379","uncleaned",50
"2380","uncleaned",50
"2381","uncleaned",50
"2382","uncleaned",50
"2383","uncleaned",50
"2384","uncleaned",50
"2385","uncleaned",50
"2386","uncleaned",50
"2387","uncleaned",50
"2388","uncleaned",50
"2389","uncleaned",50
"2390","uncleaned",50
"2391","uncleaned",50
"2392","uncleaned",50
"2393","uncleaned",50
"2394","uncleaned",50
"2395","uncleaned",49
"2396","uncleaned",50
"2397","uncleaned",50
"2398","uncleaned",50
"2399","uncleaned",50
"2400","uncleaned",49
"2401","uncleaned",51
"2402","uncleaned",50
"2403","uncleaned",51
"2404","uncleaned",51
"2405","uncleaned",51
"2406","uncleaned",51
"2407","uncleaned",51
"2408","uncleaned",51
"2409","uncleaned",51
"2410","uncleaned",51
"2411","uncleaned",51
"2412","uncleaned",51
"2413","uncleaned",50
"2414","uncleaned",51
"2415","uncleaned",51
"2416","uncleaned",51
"2417","uncleaned",51
"2418","uncleaned",51
"2419","uncleaned",50
"2420","uncleaned",51
"2421","uncleaned",51
"2422","uncleaned",50
"2423","uncleaned",51
"2424","uncleaned",51
"2425","uncleaned",51
"2426","uncleaned",51
"2427","uncleaned",51
"2428","uncleaned",51
"2429","uncleaned",51
"2430","uncleaned",51
"2431","uncleaned",51
"2432","uncleaned",51
"2433","uncleaned",51
"2434","uncleaned",51
"2435","uncleaned",51
"2436","uncleaned",51
"2437","uncleaned",51
"2438","uncleaned",51
"2439","uncleaned",51
"2440","uncleaned",50
"2441","uncleaned",51
"2442","uncleaned",50
"2443","uncleaned",51
"2444","uncleaned",51
"2445","uncleaned",51
"2446","uncleaned",50
"2447","uncleaned",51
"2448","uncleaned",51
"2449","uncleaned",51
"2450","uncleaned",51
"2451","uncleaned",51
"2452","uncleaned",51
"2453","uncleaned",51
"2454","uncleaned",50
"2455","uncleaned",51
"2456","uncleaned",51
"2457","uncleaned",51
"2458","uncleaned",51
"2459","uncleaned",51
"2460","uncleaned",51
"2461","uncleaned",51
"2462","uncleaned",51
"2463","uncleaned",51
"2464","uncleaned",51
"2465","uncleaned",50
"2466","uncleaned",51
"2467","uncleaned",51
"2468","uncleaned",51
"2469","uncleaned",51
"2470","uncleaned",51
"2471","uncleaned",51
"2472","uncleaned",51
"2473","uncleaned",51
"2474","uncleaned",51
"2475","uncleaned",51
"2476","uncleaned",51
"2477","uncleaned",51
"2478","uncleaned",51
"2479","uncleaned",51
"2480","uncleaned",51
"2481","uncleaned",51
"2482","uncleaned",51
"2483","uncleaned",50
"2484","uncleaned",50
"2485","uncleaned",51
"2486","uncleaned",51
"2487","uncleaned",50
"2488","uncleaned",51
"2489","uncleaned",51
"2490","uncleaned",50
"2491","uncleaned",50
"2492","uncleaned",51
"2493","uncleaned",51
"2494","uncleaned",51
"2495","uncleaned",51
"2496","uncleaned",51
"2497","uncleaned",51
"2498","uncleaned",50
"2499","uncleaned",51
"2500","uncleaned",51
"2501","uncleaned",51
"2502","uncleaned",51
"2503","uncleaned",51
"2504","uncleaned",51
"2505","uncleaned",50
"2506","uncleaned",51
"2507","uncleaned",51
"2508","uncleaned",51
"2509","uncleaned",51
"2510","uncleaned",51
"2511","uncleaned",51
"2512","uncleaned",51
"2513","uncleaned",50
"2514","uncleaned",50
"2515","uncleaned",51
"2516","uncleaned",51
"2517","uncleaned",51
"2518","uncleaned",51
"2519","uncleaned",51
"2520","uncleaned",51
"2521","uncleaned",51
"2522","uncleaned",51
"2523","uncleaned",51
"2524","uncleaned",50
"2525","uncleaned",51
"2526","uncleaned",51
"2527","uncleaned",51
"2528","uncleaned",50
"2529","uncleaned",50
"2530","uncleaned",51
"2531","uncleaned",51
"2532","uncleaned",51
"2533","uncleaned",51
"2534","uncleaned",51
"2535","uncleaned",51
"2536","uncleaned",51
"2537","uncleaned",50
"2538","uncleaned",51
"2539","uncleaned",51
"2540","uncleaned",51
"2541","uncleaned",51
"2542","uncleaned",51
"2543","uncleaned",51
"2544","uncleaned",51
"2545","uncleaned",51
"2546","uncleaned",51
"2547","uncleaned",51
"2548","uncleaned",51
"2549","uncleaned",50
"2550","uncleaned",51
"2551","uncleaned",50
"2552","uncleaned",51
"2553","uncleaned",51
"2554","uncleaned",50
"2555","uncleaned",51
"2556","uncleaned",51
"2557","uncleaned",51
"2558","uncleaned",50
"2559","uncleaned",51
"2560","uncleaned",51
"2561","uncleaned",51
"2562","uncleaned",51
"2563","uncleaned",51
"2564","uncleaned",51
"2565","uncleaned",50
"2566","uncleaned",51
"2567","uncleaned",51
"2568","uncleaned",50
"2569","uncleaned",51
"2570","uncleaned",51
"2571","uncleaned",51
"2572","uncleaned",51
"2573","uncleaned",51
"2574","uncleaned",51
"2575","uncleaned",51
"2576","uncleaned",51
"2577","uncleaned",51
"2578","uncleaned",51
"2579","uncleaned",51
"2580","uncleaned",50
"2581","uncleaned",51
"2582","uncleaned",51
"2583","uncleaned",50
"2584","uncleaned",51
"2585","uncleaned",51
"2586","uncleaned",51
"2587","uncleaned",51
"2588","uncleaned",51
"2589","uncleaned",51
"2590","uncleaned",51
"2591","uncleaned",51
"2592","uncleaned",50
"2593","uncleaned",51
"2594","uncleaned",51
"2595","uncleaned",51
"2596","uncleaned",51
"2597","uncleaned",51
"2598","uncleaned",51
"2599","uncleaned",51
"2600","uncleaned",50
"2601","uncleaned",52
"2602","uncleaned",52
"2603","uncleaned",52
"2604","uncleaned",52
"2605","uncleaned",52
"2606","uncleaned",51
"2607","uncleaned",51
"2608","uncleaned",52
"2609","uncleaned",51
"2610","uncleaned",52
"2611","uncleaned",52
"2612","uncleaned",52
"2613","uncleaned",52
"2614","uncleaned",52
"2615","uncleaned",52
"2616","uncleaned",52
"2617","uncleaned",52
"2618","uncleaned",52
"2619","uncleaned",52
"2620","uncleaned",52
"2621","uncleaned",52
"2622","uncleaned",52
"2623","uncleaned",52
"2624","uncleaned",52
"2625","uncleaned",51
"2626","uncleaned",52
"2627","uncleaned",52
"2628","uncleaned",52
"2629","uncleaned",51
"2630","uncleaned",51
"2631","uncleaned",52
"2632","uncleaned",52
"2633","uncleaned",51
"2634","uncleaned",52
"2635","uncleaned",52
"2636","uncleaned",52
"2637","uncleaned",51
"2638","uncleaned",52
"2639","uncleaned",52
"2640","uncleaned",52
"2641","uncleaned",52
"2642","uncleaned",51
"2643","uncleaned",52
"2644","uncleaned",52
"2645","uncleaned",52
"2646","uncleaned",52
"2647","uncleaned",52
"2648","uncleaned",52
"2649","uncleaned",52
"2650","uncleaned",52
"2651","uncleaned",52
"2652","uncleaned",52
"2653","uncleaned",52
"2654","uncleaned",52
"2655","uncleaned",52
"2656","uncleaned",52
"2657","uncleaned",52
"2658","uncleaned",52
"2659","uncleaned",52
"2660","uncleaned",52
"2661","uncleaned",52
"2662","uncleaned",51
"2663","uncleaned",51
"2664","uncleaned",52
"2665","uncleaned",51
"2666","uncleaned",52
"2667","uncleaned",52
"2668","uncleaned",52
"2669","uncleaned",52
"2670","uncleaned",52
"2671","uncleaned",51
"2672","uncleaned",52
"2673","uncleaned",52
"2674","uncleaned",51
"2675","uncleaned",51
"2676","uncleaned",52
"2677","uncleaned",51
"2678","uncleaned",52
"2679","uncleaned",51
"2680","uncleaned",51
"2681","uncleaned",52
"2682","uncleaned",51
"2683","uncleaned",52
"2684","uncleaned",52
"2685","uncleaned",52
"2686","uncleaned",52
"2687","uncleaned",51
"2688","uncleaned",52
"2689","uncleaned",52
"2690","uncleaned",51
"2691","uncleaned",52
"2692","uncleaned",51
"2693","uncleaned",52
"2694","uncleaned",52
"2695","uncleaned",52
"2696","uncleaned",52
"2697","uncleaned",52
"2698","uncleaned",52
"2699","uncleaned",52
"2700","uncleaned",51
"2701","uncleaned",51
"2702","uncleaned",52
"2703","uncleaned",52
"2704","uncleaned",52
"2705","uncleaned",52
"2706","uncleaned",51
"2707","uncleaned",52
"2708","uncleaned",51
"2709","uncleaned",52
"2710","uncleaned",52
"2711","uncleaned",52
"2712","uncleaned",52
"2713","uncleaned",52
"2714","uncleaned",51
"2715","uncleaned",52
"2716","uncleaned",52
"2717","uncleaned",52
"2718","uncleaned",51
"2719","uncleaned",51
"2720","uncleaned",52
"2721","uncleaned",52
"2722","uncleaned",52
"2723","uncleaned",52
"2724","uncleaned",51
"2725","uncleaned",52
"2726","uncleaned",52
"2727","uncleaned",52
"2728","uncleaned",52
"2729","uncleaned",51
"2730","uncleaned",52
"2731","uncleaned",51
"2732","uncleaned",52
"2733","uncleaned",52
"2734","uncleaned",51
"2735","uncleaned",52
"2736","uncleaned",52
"2737","uncleaned",51
"2738","uncleaned",52
"2739","uncleaned",52
"2740","uncleaned",52
"2741","uncleaned",52
"2742","uncleaned",51
"2743","uncleaned",52
"2744","uncleaned",52
"2745","uncleaned",52
"2746","uncleaned",51
"2747","uncleaned",52
"2748","uncleaned",52
"2749","uncleaned",52
"2750","uncleaned",51
"2751","uncleaned",52
"2752","uncleaned",52
"2753","uncleaned",52
"2754","uncleaned",51
"2755","uncleaned",52
"2756","uncleaned",52
"2757","uncleaned",52
"2758","uncleaned",52
"2759","uncleaned",52
"2760","uncleaned",52
"2761","uncleaned",52
"2762","uncleaned",52
"2763","uncleaned",52
"2764","uncleaned",51
"2765","uncleaned",52
"2766","uncleaned",52
"2767","uncleaned",51
"2768","uncleaned",51
"2769","uncleaned",52
"2770","uncleaned",51
"2771","uncleaned",52
"2772","uncleaned",51
"2773","uncleaned",52
"2774","uncleaned",51
"2775","uncleaned",52
"2776","uncleaned",52
"2777","uncleaned",52
"2778","uncleaned",52
"2779","uncleaned",52
"2780","uncleaned",52
"2781","uncleaned",52
"2782","uncleaned",52
"2783","uncleaned",52
"2784","uncleaned",52
"2785","uncleaned",52
"2786","uncleaned",52
"2787","uncleaned",52
"2788","uncleaned",52
"2789","uncleaned",51
"2790","uncleaned",52
"2791","uncleaned",52
"2792","uncleaned",52
"2793","uncleaned",51
"2794","uncleaned",51
"2795","uncleaned",52
"2796","uncleaned",52
"2797","uncleaned",52
"2798","uncleaned",51
"2799","uncleaned",52
"2800","uncleaned",52
"2801","uncleaned",52
"2802","uncleaned",52
"2803","uncleaned",52
"2804","uncleaned",53
"2805","uncleaned",52
"2806","uncleaned",52
"2807","uncleaned",53
"2808","uncleaned",53
"2809","uncleaned",53
"2810","uncleaned",52
"2811","uncleaned",53
"2812","uncleaned",52
"2813","uncleaned",53
"2814","uncleaned",52
"2815","uncleaned",52
"2816","uncleaned",53
"2817","uncleaned",52
"2818","uncleaned",52
"2819","uncleaned",52
"2820","uncleaned",53
"2821","uncleaned",52
"2822","uncleaned",53
"2823","uncleaned",53
"2824","uncleaned",53
"2825","uncleaned",52
"2826","uncleaned",53
"2827","uncleaned",53
"2828","uncleaned",53
"2829","uncleaned",53
"2830","uncleaned",53
"2831","uncleaned",53
"2832","uncleaned",52
"2833","uncleaned",53
"2834","uncleaned",53
"2835","uncleaned",53
"2836","uncleaned",53
"2837","uncleaned",53
"2838","uncleaned",53
"2839","uncleaned",52
"2840","uncleaned",53
"2841","uncleaned",53
"2842","uncleaned",52
"2843","uncleaned",52
"2844","uncleaned",53
"2845","uncleaned",52
"2846","uncleaned",52
"2847","uncleaned",53
"2848","uncleaned",53
"2849","uncleaned",53
"2850","uncleaned",53
"2851","uncleaned",53
"2852","uncleaned",53
"2853","uncleaned",52
"2854","uncleaned",53
"2855","uncleaned",53
"2856","uncleaned",53
"2857","uncleaned",53
"2858","uncleaned",52
"2859","uncleaned",53
"2860","uncleaned",53
"2861","uncleaned",53
"2862","uncleaned",53
"2863","uncleaned",53
"2864","uncleaned",53
"2865","uncleaned",53
"2866","uncleaned",53
"2867","uncleaned",53
"2868","uncleaned",53
"2869","uncleaned",52
"2870","uncleaned",53
"2871","uncleaned",52
"2872","uncleaned",53
"2873","uncleaned",53
"2874","uncleaned",53
"2875","uncleaned",52
"2876","uncleaned",53
"2877","uncleaned",53
"2878","uncleaned",53
"2879","uncleaned",52
"2880","uncleaned",52
"2881","uncleaned",53
"2882","uncleaned",52
"2883","uncleaned",53
"2884","uncleaned",53
"2885","uncleaned",53
"2886","uncleaned",53
"2887","uncleaned",53
"2888","uncleaned",53
"2889","uncleaned",53
"2890","uncleaned",52
"2891","uncleaned",53
"2892","uncleaned",53
"2893","uncleaned",53
"2894","uncleaned",53
"2895","uncleaned",52
"2896","uncleaned",53
"2897","uncleaned",53
"2898","uncleaned",53
"2899","uncleaned",53
"2900","uncleaned",53
"2901","uncleaned",53
"2902","uncleaned",52
"2903","uncleaned",53
"2904","uncleaned",53
"2905","uncleaned",53
"2906","uncleaned",53
"2907","uncleaned",52
"2908","uncleaned",53
"2909","uncleaned",52
"2910","uncleaned",53
"2911","uncleaned",53
"2912","uncleaned",53
"2913","uncleaned",53
"2914","uncleaned",52
"2915","uncleaned",53
"2916","uncleaned",53
"2917","uncleaned",53
"2918","uncleaned",52
"2919","uncleaned",53
"2920","uncleaned",53
"2921","uncleaned",53
"2922","uncleaned",53
"2923","uncleaned",52
"2924","uncleaned",52
"2925","uncleaned",52
"2926","uncleaned",52
"2927","uncleaned",53
"2928","uncleaned",52
"2929","uncleaned",53
"2930","uncleaned",53
"2931","uncleaned",52
"2932","uncleaned",52
"2933","uncleaned",53
"2934","uncleaned",53
"2935","uncleaned",53
"2936","uncleaned",53
"2937","uncleaned",52
"2938","uncleaned",52
"2939","uncleaned",53
"2940","uncleaned",53
"2941","uncleaned",53
"2942","uncleaned",52
"2943","uncleaned",53
"2944","uncleaned",53
"2945","uncleaned",53
"2946","uncleaned",53
"2947","uncleaned",52
"2948","uncleaned",53
"2949","uncleaned",52
"2950","uncleaned",53
"2951","uncleaned",53
"2952","uncleaned",53
"2953","uncleaned",53
"2954","uncleaned",53
"2955","uncleaned",53
"2956","uncleaned",52
"2957","uncleaned",53
"2958","uncleaned",53
"2959","uncleaned",53
"2960","uncleaned",52
"2961","uncleaned",53
"2962","uncleaned",52
"2963","uncleaned",53
"2964","uncleaned",53
"2965","uncleaned",53
"2966","uncleaned",53
"2967","uncleaned",53
"2968","uncleaned",52
"2969","uncleaned",53
"2970","uncleaned",53
"2971","uncleaned",53
"2972","uncleaned",53
"2973","uncleaned",53
"2974","uncleaned",52
"2975","uncleaned",52
"2976","uncleaned",53
"2977","uncleaned",52
"2978","uncleaned",53
"2979","uncleaned",53
"2980","uncleaned",53
"2981","uncleaned",53
"2982","uncleaned",53
"2983","uncleaned",53
"2984","uncleaned",52
"2985","uncleaned",53
"2986","uncleaned",52
"2987","uncleaned",53
"2988","uncleaned",52
"2989","uncleaned",53
"2990","uncleaned",52
"2991","uncleaned",53
"2992","uncleaned",53
"2993","uncleaned",52
"2994","uncleaned",53
"2995","uncleaned",53
"2996","uncleaned",53
"2997","uncleaned",52
"2998","uncleaned",53
"2999","uncleaned",53
"3000","uncleaned",53
"3001","uncleaned",54
"3002","uncleaned",53
"3003","uncleaned",54
"3004","uncleaned",54
"3005","uncleaned",53
"3006","uncleaned",54
"3007","uncleaned",53
"3008","uncleaned",54
"3009","uncleaned",54
"3010","uncleaned",54
"3011","uncleaned",54
"3012","uncleaned",54
"3013","uncleaned",53
"3014","uncleaned",54
"3015","uncleaned",54
"3016","uncleaned",53
"3017","uncleaned",53
"3018","uncleaned",53
"3019","uncleaned",54
"3020","uncleaned",53
"3021","uncleaned",54
"3022","uncleaned",54
"3023","uncleaned",54
"3024","uncleaned",54
"3025","uncleaned",54
"3026","uncleaned",54
"3027","uncleaned",53
"3028","uncleaned",54
"3029","uncleaned",54
"3030","uncleaned",54
"3031","uncleaned",54
"3032","uncleaned",54
"3033","uncleaned",54
"3034","uncleaned",54
"3035","uncleaned",54
"3036","uncleaned",54
"3037","uncleaned",54
"3038","uncleaned",54
"3039","uncleaned",54
"3040","uncleaned",54
"3041","uncleaned",54
"3042","uncleaned",53
"3043","uncleaned",54
"3044","uncleaned",54
"3045","uncleaned",53
"3046","uncleaned",54
"3047","uncleaned",54
"3048","uncleaned",53
"3049","uncleaned",54
"3050","uncleaned",54
"3051","uncleaned",54
"3052","uncleaned",54
"3053","uncleaned",53
"3054","uncleaned",54
"3055","uncleaned",54
"3056","uncleaned",54
"3057","uncleaned",53
"3058","uncleaned",53
"3059","uncleaned",54
"3060","uncleaned",53
"3061","uncleaned",53
"3062","uncleaned",53
"3063","uncleaned",54
"3064","uncleaned",54
"3065","uncleaned",54
"3066","uncleaned",53
"3067","uncleaned",53
"3068","uncleaned",53
"3069","uncleaned",54
"3070","uncleaned",54
"3071","uncleaned",54
"3072","uncleaned",53
"3073","uncleaned",54
"3074","uncleaned",53
"3075","uncleaned",54
"3076","uncleaned",54
"3077","uncleaned",54
"3078","uncleaned",54
"3079","uncleaned",53
"3080","uncleaned",54
"3081","uncleaned",53
"3082","uncleaned",53
"3083","uncleaned",54
"3084","uncleaned",54
"3085","uncleaned",54
"3086","uncleaned",53
"3087","uncleaned",53
"3088","uncleaned",54
"3089","uncleaned",54
"3090","uncleaned",54
"3091","uncleaned",54
"3092","uncleaned",53
"3093","uncleaned",53
"3094","uncleaned",54
"3095","uncleaned",54
"3096","uncleaned",54
"3097","uncleaned",54
"3098","uncleaned",54
"3099","uncleaned",54
"3100","uncleaned",54
"3101","uncleaned",54
"3102","uncleaned",53
"3103","uncleaned",54
"3104","uncleaned",54
"3105","uncleaned",53
"3106","uncleaned",54
"3107","uncleaned",54
"3108","uncleaned",53
"3109","uncleaned",53
"3110","uncleaned",53
"3111","uncleaned",54
"3112","uncleaned",54
"3113","uncleaned",54
"3114","uncleaned",54
"3115","uncleaned",54
"3116","uncleaned",54
"3117","uncleaned",53
"3118","uncleaned",53
"3119","uncleaned",54
"3120","uncleaned",54
"3121","uncleaned",54
"3122","uncleaned",53
"3123","uncleaned",53
"3124","uncleaned",54
"3125","uncleaned",54
"3126","uncleaned",54
"3127","uncleaned",53
"3128","uncleaned",54
"3129","uncleaned",54
"3130","uncleaned",54
"3131","uncleaned",54
"3132","uncleaned",53
"3133","uncleaned",53
"3134","uncleaned",53
"3135","uncleaned",54
"3136","uncleaned",54
"3137","uncleaned",54
"3138","uncleaned",54
"3139","uncleaned",54
"3140","uncleaned",54
"3141","uncleaned",54
"3142","uncleaned",54
"3143","uncleaned",54
"3144","uncleaned",53
"3145","uncleaned",53
"3146","uncleaned",54
"3147","uncleaned",54
"3148","uncleaned",53
"3149","uncleaned",54
"3150","uncleaned",54
"3151","uncleaned",54
"3152","uncleaned",54
"3153","uncleaned",53
"3154","uncleaned",53
"3155","uncleaned",53
"3156","uncleaned",53
"3157","uncleaned",54
"3158","uncleaned",54
"3159","uncleaned",53
"3160","uncleaned",54
"3161","uncleaned",54
"3162","uncleaned",53
"3163","uncleaned",54
"3164","uncleaned",54
"3165","uncleaned",53
"3166","uncleaned",53
"3167","uncleaned",54
"3168","uncleaned",53
"3169","uncleaned",54
"3170","uncleaned",54
"3171","uncleaned",53
"3172","uncleaned",54
"3173","uncleaned",53
"3174","uncleaned",54
"3175","uncleaned",54
"3176","uncleaned",54
"3177","uncleaned",54
"3178","uncleaned",54
"3179","uncleaned",54
"3180","uncleaned",53
"3181","uncleaned",54
"3182","uncleaned",53
"3183","uncleaned",54
"3184","uncleaned",53
"3185","uncleaned",54
"3186","uncleaned",53
"3187","uncleaned",54
"3188","uncleaned",54
"3189","uncleaned",53
"3190","uncleaned",53
"3191","uncleaned",53
"3192","uncleaned",53
"3193","uncleaned",54
"3194","uncleaned",54
"3195","uncleaned",54
"3196","uncleaned",54
"3197","uncleaned",54
"3198","uncleaned",53
"3199","uncleaned",53
"3200","uncleaned",54
"3201","uncleaned",54
"3202","uncleaned",55
"3203","uncleaned",55
"3204","uncleaned",54
"3205","uncleaned",54
"3206","uncleaned",55
"3207","uncleaned",55
"3208","uncleaned",55
"3209","uncleaned",54
"3210","uncleaned",54
"3211","uncleaned",55
"3212","uncleaned",54
"3213","uncleaned",54
"3214","uncleaned",55
"3215","uncleaned",54
"3216","uncleaned",54
"3217","uncleaned",54
"3218","uncleaned",55
"3219","uncleaned",55
"3220","uncleaned",54
"3221","uncleaned",55
"3222","uncleaned",54
"3223","uncleaned",55
"3224","uncleaned",55
"3225","uncleaned",54
"3226","uncleaned",54
"3227","uncleaned",55
"3228","uncleaned",54
"3229","uncleaned",54
"3230","uncleaned",55
"3231","uncleaned",54
"3232","uncleaned",55
"3233","uncleaned",55
"3234","uncleaned",55
"3235","uncleaned",54
"3236","uncleaned",55
"3237","uncleaned",54
"3238","uncleaned",55
"3239","uncleaned",55
"3240","uncleaned",55
"3241","uncleaned",54
"3242","uncleaned",55
"3243","uncleaned",55
"3244","uncleaned",54
"3245","uncleaned",55
"3246","uncleaned",55
"3247","uncleaned",55
"3248","uncleaned",54
"3249","uncleaned",55
"3250","uncleaned",54
"3251","uncleaned",54
"3252","uncleaned",55
"3253","uncleaned",55
"3254","uncleaned",55
"3255","uncleaned",54
"3256","uncleaned",55
"3257","uncleaned",55
"3258","uncleaned",55
"3259","uncleaned",55
"3260","uncleaned",55
"3261","uncleaned",54
"3262","uncleaned",55
"3263","uncleaned",54
"3264","uncleaned",55
"3265","uncleaned",54
"3266","uncleaned",55
"3267","uncleaned",54
"3268","uncleaned",55
"3269","uncleaned",55
"3270","uncleaned",55
"3271","uncleaned",55
"3272","uncleaned",55
"3273","uncleaned",54
"3274","uncleaned",55
"3275","uncleaned",54
"3276","uncleaned",55
"3277","uncleaned",55
"3278","uncleaned",54
"3279","uncleaned",55
"3280","uncleaned",55
"3281","uncleaned",55
"3282","uncleaned",54
"3283","uncleaned",55
"3284","uncleaned",54
"3285","uncleaned",54
"3286","uncleaned",55
"3287","uncleaned",55
"3288","uncleaned",54
"3289","uncleaned",54
"3290","uncleaned",55
"3291","uncleaned",54
"3292","uncleaned",54
"3293","uncleaned",54
"3294","uncleaned",55
"3295","uncleaned",55
"3296","uncleaned",54
"3297","uncleaned",55
"3298","uncleaned",55
"3299","uncleaned",54
"3300","uncleaned",55
"3301","uncleaned",55
"3302","uncleaned",55
"3303","uncleaned",54
"3304","uncleaned",55
"3305","uncleaned",55
"3306","uncleaned",54
"3307","uncleaned",54
"3308","uncleaned",55
"3309","uncleaned",54
"3310","uncleaned",55
"3311","uncleaned",54
"3312","uncleaned",54
"3313","uncleaned",55
"3314","uncleaned",55
"3315","uncleaned",55
"3316","uncleaned",55
"3317","uncleaned",54
"3318","uncleaned",54
"3319","uncleaned",55
"3320","uncleaned",55
"3321","uncleaned",55
"3322","uncleaned",55
"3323","uncleaned",54
"3324","uncleaned",55
"3325","uncleaned",54
"3326","uncleaned",55
"3327","uncleaned",54
"3328","uncleaned",55
"3329","uncleaned",54
"3330","uncleaned",55
"3331","uncleaned",54
"3332","uncleaned",55
"3333","uncleaned",54
"3334","uncleaned",54
"3335","uncleaned",55
"3336","uncleaned",55
"3337","uncleaned",55
"3338","uncleaned",55
"3339","uncleaned",55
"3340","uncleaned",54
"3341","uncleaned",54
"3342","uncleaned",54
"3343","uncleaned",54
"3344","uncleaned",55
"3345","uncleaned",54
"3346","uncleaned",54
"3347","uncleaned",55
"3348","uncleaned",54
"3349","uncleaned",55
"3350","uncleaned",54
"3351","uncleaned",54
"3352","uncleaned",55
"3353","uncleaned",54
"3354","uncleaned",55
"3355","uncleaned",54
"3356","uncleaned",55
"3357","uncleaned",55
"3358","uncleaned",54
"3359","uncleaned",54
"3360","uncleaned",54
"3361","uncleaned",54
"3362","uncleaned",54
"3363","uncleaned",55
"3364","uncleaned",54
"3365","uncleaned",55
"3366","uncleaned",55
"3367","uncleaned",54
"3368","uncleaned",55
"3369","uncleaned",55
"3370","uncleaned",54
"3371","uncleaned",55
"3372","uncleaned",55
"3373","uncleaned",55
"3374","uncleaned",55
"3375","uncleaned",54
"3376","uncleaned",55
"3377","uncleaned",55
"3378","uncleaned",55
"3379","uncleaned",55
"3380","uncleaned",55
"3381","uncleaned",55
"3382","uncleaned",55
"3383","uncleaned",54
"3384","uncleaned",54
"3385","uncleaned",54
"3386","uncleaned",55
"3387","uncleaned",55
"3388","uncleaned",54
"3389","uncleaned",55
"3390","uncleaned",54
"3391","uncleaned",54
"3392","uncleaned",54
"3393","uncleaned",55
"3394","uncleaned",54
"3395","uncleaned",55
"3396","uncleaned",54
"3397","uncleaned",54
"3398","uncleaned",55
"3399","uncleaned",54
"3400","uncleaned",55
"3401","uncleaned",56
"3402","uncleaned",56
"3403","uncleaned",56
"3404","uncleaned",56
"3405","uncleaned",56
"3406","uncleaned",56
"3407","uncleaned",56
"3408","uncleaned",56
"3409","uncleaned",56
"3410","uncleaned",56
"3411","uncleaned",55
"3412","uncleaned",56
"3413","uncleaned",55
"3414","uncleaned",56
"3415","uncleaned",55
"3416","uncleaned",56
"3417","uncleaned",55
"3418","uncleaned",55
"3419","uncleaned",55
"3420","uncleaned",55
"3421","uncleaned",56
"3422","uncleaned",56
"3423","uncleaned",55
"3424","uncleaned",55
"3425","uncleaned",56
"3426","uncleaned",56
"3427","uncleaned",55
"3428","uncleaned",56
"3429","uncleaned",56
"3430","uncleaned",55
"3431","uncleaned",56
"3432","uncleaned",55
"3433","uncleaned",56
"3434","uncleaned",56
"3435","uncleaned",56
"3436","uncleaned",56
"3437","uncleaned",56
"3438","uncleaned",55
"3439","uncleaned",56
"3440","uncleaned",55
"3441","uncleaned",56
"3442","uncleaned",56
"3443","uncleaned",56
"3444","uncleaned",55
"3445","uncleaned",56
"3446","uncleaned",56
"3447","uncleaned",56
"3448","uncleaned",55
"3449","uncleaned",56
"3450","uncleaned",56
"3451","uncleaned",56
"3452","uncleaned",56
"3453","uncleaned",55
"3454","uncleaned",55
"3455","uncleaned",56
"3456","uncleaned",56
"3457","uncleaned",56
"3458","uncleaned",55
"3459","uncleaned",56
"3460","uncleaned",56
"3461","uncleaned",55
"3462","uncleaned",55
"3463","uncleaned",56
"3464","uncleaned",56
"3465","uncleaned",55
"3466","uncleaned",56
"3467","uncleaned",56
"3468","uncleaned",56
"3469","uncleaned",56
"3470","uncleaned",56
"3471","uncleaned",55
"3472","uncleaned",55
"3473","uncleaned",56
"3474","uncleaned",55
"3475","uncleaned",56
"3476","uncleaned",56
"3477","uncleaned",56
"3478","uncleaned",56
"3479","uncleaned",56
"3480","uncleaned",55
"3481","uncleaned",56
"3482","uncleaned",56
"3483","uncleaned",55
"3484","uncleaned",56
"3485","uncleaned",56
"3486","uncleaned",56
"3487","uncleaned",56
"3488","uncleaned",55
"3489","uncleaned",56
"3490","uncleaned",56
"3491","uncleaned",55
"3492","uncleaned",56
"3493","uncleaned",56
"3494","uncleaned",56
"3495","uncleaned",56
"3496","uncleaned",55
"3497","uncleaned",56
"3498","uncleaned",56
"3499","uncleaned",56
"3500","uncleaned",56
"3501","uncleaned",55
"3502","uncleaned",55
"3503","uncleaned",56
"3504","uncleaned",56
"3505","uncleaned",55
"3506","uncleaned",56
"3507","uncleaned",55
"3508","uncleaned",56
"3509","uncleaned",56
"3510","uncleaned",55
"3511","uncleaned",56
"3512","uncleaned",56
"3513","uncleaned",56
"3514","uncleaned",55
"3515","uncleaned",56
"3516","uncleaned",55
"3517","uncleaned",55
"3518","uncleaned",55
"3519","uncleaned",55
"3520","uncleaned",55
"3521","uncleaned",55
"3522","uncleaned",55
"3523","uncleaned",56
"3524","uncleaned",55
"3525","uncleaned",56
"3526","uncleaned",56
"3527","uncleaned",56
"3528","uncleaned",56
"3529","uncleaned",55
"3530","uncleaned",55
"3531","uncleaned",55
"3532","uncleaned",55
"3533","uncleaned",56
"3534","uncleaned",56
"3535","uncleaned",55
"3536","uncleaned",55
"3537","uncleaned",56
"3538","uncleaned",56
"3539","uncleaned",55
"3540","uncleaned",55
"3541","uncleaned",55
"3542","uncleaned",55
"3543","uncleaned",55
"3544","uncleaned",56
"3545","uncleaned",56
"3546","uncleaned",55
"3547","uncleaned",55
"3548","uncleaned",56
"3549","uncleaned",55
"3550","uncleaned",56
"3551","uncleaned",55
"3552","uncleaned",55
"3553","uncleaned",55
"3554","uncleaned",56
"3555","uncleaned",56
"3556","uncleaned",56
"3557","uncleaned",56
"3558","uncleaned",55
"3559","uncleaned",56
"3560","uncleaned",55
"3561","uncleaned",56
"3562","uncleaned",56
"3563","uncleaned",56
"3564","uncleaned",56
"3565","uncleaned",56
"3566","uncleaned",56
"3567","uncleaned",55
"3568","uncleaned",55
"3569","uncleaned",56
"3570","uncleaned",56
"3571","uncleaned",56
"3572","uncleaned",55
"3573","uncleaned",56
"3574","uncleaned",56
"3575","uncleaned",56
"3576","uncleaned",55
"3577","uncleaned",55
"3578","uncleaned",55
"3579","uncleaned",55
"3580","uncleaned",55
"3581","uncleaned",56
"3582","uncleaned",55
"3583","uncleaned",55
"3584","uncleaned",55
"3585","uncleaned",56
"3586","uncleaned",55
"3587","uncleaned",55
"3588","uncleaned",56
"3589","uncleaned",56
"3590","uncleaned",56
"3591","uncleaned",55
"3592","uncleaned",55
"3593","uncleaned",55
"3594","uncleaned",56
"3595","uncleaned",56
"3596","uncleaned",55
"3597","uncleaned",55
"3598","uncleaned",56
"3599","uncleaned",56
"3600","uncleaned",56
"3601","uncleaned",57
"3602","uncleaned",57
"3603","uncleaned",56
"3604","uncleaned",57
"3605","uncleaned",56
"3606","uncleaned",57
"3607","uncleaned",57
"3608","uncleaned",57
"3609","uncleaned",56
"3610","uncleaned",57
"3611","uncleaned",57
"3612","uncleaned",56
"3613","uncleaned",56
"3614","uncleaned",57
"3615","uncleaned",57
"3616","uncleaned",57
"3617","uncleaned",57
"3618","uncleaned",57
"3619","uncleaned",57
"3620","uncleaned",56
"3621","uncleaned",56
"3622","uncleaned",57
"3623","uncleaned",57
"3624","uncleaned",57
"3625","uncleaned",56
"3626","uncleaned",57
"3627","uncleaned",57
"3628","uncleaned",56
"3629","uncleaned",57
"3630","uncleaned",57
"3631","uncleaned",57
"3632","uncleaned",57
"3633","uncleaned",57
"3634","uncleaned",57
"3635","uncleaned",57
"3636","uncleaned",56
"3637","uncleaned",57
"3638","uncleaned",57
"3639","uncleaned",57
"3640","uncleaned",57
"3641","uncleaned",57
"3642","uncleaned",56
"3643","uncleaned",57
"3644","uncleaned",56
"3645","uncleaned",57
"3646","uncleaned",56
"3647","uncleaned",57
"3648","uncleaned",57
"3649","uncleaned",57
"3650","uncleaned",57
"3651","uncleaned",56
"3652","uncleaned",57
"3653","uncleaned",57
"3654","uncleaned",56
"3655","uncleaned",57
"3656","uncleaned",57
"3657","uncleaned",57
"3658","uncleaned",57
"3659","uncleaned",56
"3660","uncleaned",56
"3661","uncleaned",57
"3662","uncleaned",56
"3663","uncleaned",56
"3664","uncleaned",57
"3665","uncleaned",57
"3666","uncleaned",57
"3667","uncleaned",57
"3668","uncleaned",57
"3669","uncleaned",57
"3670","uncleaned",56
"3671","uncleaned",56
"3672","uncleaned",57
"3673","uncleaned",57
"3674","uncleaned",57
"3675","uncleaned",57
"3676","uncleaned",57
"3677","uncleaned",57
"3678","uncleaned",57
"3679","uncleaned",56
"3680","uncleaned",57
"3681","uncleaned",56
"3682","uncleaned",57
"3683","uncleaned",56
"3684","uncleaned",57
"3685","uncleaned",57
"3686","uncleaned",57
"3687","uncleaned",57
"3688","uncleaned",56
"3689","uncleaned",56
"3690","uncleaned",56
"3691","uncleaned",57
"3692","uncleaned",56
"3693","uncleaned",56
"3694","uncleaned",57
"3695","uncleaned",56
"3696","uncleaned",56
"3697","uncleaned",57
"3698","uncleaned",57
"3699","uncleaned",57
"3700","uncleaned",56
"3701","uncleaned",56
"3702","uncleaned",56
"3703","uncleaned",57
"3704","uncleaned",57
"3705","uncleaned",56
"3706","uncleaned",56
"3707","uncleaned",56
"3708","uncleaned",57
"3709","uncleaned",57
"3710","uncleaned",57
"3711","uncleaned",56
"3712","uncleaned",57
"3713","uncleaned",56
"3714","uncleaned",56
"3715","uncleaned",57
"3716","uncleaned",56
"3717","uncleaned",57
"3718","uncleaned",57
"3719","uncleaned",56
"3720","uncleaned",57
"3721","uncleaned",56
"3722","uncleaned",56
"3723","uncleaned",57
"3724","uncleaned",57
"3725","uncleaned",56
"3726","uncleaned",57
"3727","uncleaned",57
"3728","uncleaned",56
"3729","uncleaned",56
"3730","uncleaned",56
"3731","uncleaned",57
"3732","uncleaned",56
"3733","uncleaned",57
"3734","uncleaned",57
"3735","uncleaned",56
"3736","uncleaned",57
"3737","uncleaned",56
"3738","uncleaned",56
"3739","uncleaned",56
"3740","uncleaned",56
"3741","uncleaned",56
"3742","uncleaned",57
"3743","uncleaned",56
"3744","uncleaned",57
"3745","uncleaned",57
"3746","uncleaned",57
"3747","uncleaned",56
"3748","uncleaned",56
"3749","uncleaned",57
"3750","uncleaned",56
"3751","uncleaned",57
"3752","uncleaned",56
"3753","uncleaned",57
"3754","uncleaned",56
"3755","uncleaned",57
"3756","uncleaned",57
"3757","uncleaned",56
"3758","uncleaned",56
"3759","uncleaned",56
"3760","uncleaned",56
"3761","uncleaned",56
"3762","uncleaned",56
"3763","uncleaned",57
"3764","uncleaned",57
"3765","uncleaned",56
"3766","uncleaned",56
"3767","uncleaned",57
"3768","uncleaned",57
"3769","uncleaned",56
"3770","uncleaned",56
"3771","uncleaned",56
"3772","uncleaned",56
"3773","uncleaned",57
"3774","uncleaned",57
"3775","uncleaned",56
"3776","uncleaned",57
"3777","uncleaned",57
"3778","uncleaned",56
"3779","uncleaned",57
"3780","uncleaned",57
"3781","uncleaned",57
"3782","uncleaned",57
"3783","uncleaned",56
"3784","uncleaned",57
"3785","uncleaned",56
"3786","uncleaned",56
"3787","uncleaned",56
"3788","uncleaned",57
"3789","uncleaned",56
"3790","uncleaned",57
"3791","uncleaned",56
"3792","uncleaned",57
"3793","uncleaned",57
"3794","uncleaned",57
"3795","uncleaned",57
"3796","uncleaned",57
"3797","uncleaned",57
"3798","uncleaned",57
"3799","uncleaned",56
"3800","uncleaned",57
"3801","uncleaned",57
"3802","uncleaned",57
"3803","uncleaned",57
"3804","uncleaned",57
"3805","uncleaned",58
"3806","uncleaned",57
"3807","uncleaned",57
"3808","uncleaned",58
"3809","uncleaned",58
"3810","uncleaned",57
"3811","uncleaned",58
"3812","uncleaned",58
"3813","uncleaned",58
"3814","uncleaned",58
"3815","uncleaned",58
"3816","uncleaned",57
"3817","uncleaned",58
"3818","uncleaned",57
"3819","uncleaned",58
"3820","uncleaned",58
"3821","uncleaned",57
"3822","uncleaned",58
"3823","uncleaned",57
"3824","uncleaned",58
"3825","uncleaned",58
"3826","uncleaned",58
"3827","uncleaned",58
"3828","uncleaned",58
"3829","uncleaned",57
"3830","uncleaned",57
"3831","uncleaned",58
"3832","uncleaned",58
"3833","uncleaned",58
"3834","uncleaned",57
"3835","uncleaned",58
"3836","uncleaned",58
"3837","uncleaned",58
"3838","uncleaned",58
"3839","uncleaned",58
"3840","uncleaned",58
"3841","uncleaned",58
"3842","uncleaned",58
"3843","uncleaned",57
"3844","uncleaned",58
"3845","uncleaned",58
"3846","uncleaned",58
"3847","uncleaned",57
"3848","uncleaned",57
"3849","uncleaned",57
"3850","uncleaned",58
"3851","uncleaned",58
"3852","uncleaned",58
"3853","uncleaned",58
"3854","uncleaned",58
"3855","uncleaned",58
"3856","uncleaned",58
"3857","uncleaned",58
"3858","uncleaned",57
"3859","uncleaned",57
"3860","uncleaned",58
"3861","uncleaned",57
"3862","uncleaned",58
"3863","uncleaned",58
"3864","uncleaned",58
"3865","uncleaned",57
"3866","uncleaned",58
"3867","uncleaned",57
"3868","uncleaned",58
"3869","uncleaned",58
"3870","uncleaned",57
"3871","uncleaned",58
"3872","uncleaned",58
"3873","uncleaned",57
"3874","uncleaned",58
"3875","uncleaned",58
"3876","uncleaned",58
"3877","uncleaned",58
"3878","uncleaned",58
"3879","uncleaned",58
"3880","uncleaned",57
"3881","uncleaned",58
"3882","uncleaned",58
"3883","uncleaned",57
"3884","uncleaned",58
"3885","uncleaned",58
"3886","uncleaned",57
"3887","uncleaned",58
"3888","uncleaned",57
"3889","uncleaned",57
"3890","uncleaned",58
"3891","uncleaned",57
"3892","uncleaned",58
"3893","uncleaned",58
"3894","uncleaned",58
"3895","uncleaned",58
"3896","uncleaned",58
"3897","uncleaned",58
"3898","uncleaned",57
"3899","uncleaned",57
"3900","uncleaned",58
"3901","uncleaned",58
"3902","uncleaned",58
"3903","uncleaned",58
"3904","uncleaned",57
"3905","uncleaned",57
"3906","uncleaned",58
"3907","uncleaned",58
"3908","uncleaned",57
"3909","uncleaned",57
"3910","uncleaned",57
"3911","uncleaned",57
"3912","uncleaned",58
"3913","uncleaned",58
"3914","uncleaned",57
"3915","uncleaned",58
"3916","uncleaned",58
"3917","uncleaned",57
"3918","uncleaned",58
"3919","uncleaned",58
"3920","uncleaned",57
"3921","uncleaned",58
"3922","uncleaned",58
"3923","uncleaned",58
"3924","uncleaned",58
"3925","uncleaned",58
"3926","uncleaned",57
"3927","uncleaned",58
"3928","uncleaned",58
"3929","uncleaned",58
"3930","uncleaned",58
"3931","uncleaned",58
"3932","uncleaned",57
"3933","uncleaned",57
"3934","uncleaned",58
"3935","uncleaned",58
"3936","uncleaned",58
"3937","uncleaned",57
"3938","uncleaned",57
"3939","uncleaned",58
"3940","uncleaned",58
"3941","uncleaned",57
"3942","uncleaned",58
"3943","uncleaned",58
"3944","uncleaned",57
"3945","uncleaned",58
"3946","uncleaned",57
"3947","uncleaned",58
"3948","uncleaned",58
"3949","uncleaned",58
"3950","uncleaned",58
"3951","uncleaned",58
"3952","uncleaned",58
"3953","uncleaned",58
"3954","uncleaned",58
"3955","uncleaned",58
"3956","uncleaned",57
"3957","uncleaned",57
"3958","uncleaned",57
"3959","uncleaned",58
"3960","uncleaned",58
"3961","uncleaned",58
"3962","uncleaned",58
"3963","uncleaned",58
"3964","uncleaned",57
"3965","uncleaned",58
"3966","uncleaned",57
"3967","uncleaned",58
"3968","uncleaned",58
"3969","uncleaned",57
"3970","uncleaned",58
"3971","uncleaned",57
"3972","uncleaned",58
"3973","uncleaned",57
"3974","uncleaned",57
"3975","uncleaned",58
"3976","uncleaned",58
"3977","uncleaned",58
"3978","uncleaned",58
"3979","uncleaned",58
"3980","uncleaned",58
"3981","uncleaned",58
"3982","uncleaned",57
"3983","uncleaned",57
"3984","uncleaned",58
"3985","uncleaned",58
"3986","uncleaned",58
"3987","uncleaned",57
"3988","uncleaned",57
"3989","uncleaned",58
"3990","uncleaned",58
"3991","uncleaned",58
"3992","uncleaned",58
"3993","uncleaned",58
"3994","uncleaned",58
"3995","uncleaned",58
"3996","uncleaned",58
"3997","uncleaned",58
"3998","uncleaned",58
"3999","uncleaned",57
"4000","uncleaned",58
"4001","uncleaned",59
"4002","uncleaned",59
"4003","uncleaned",59
"4004","uncleaned",59
"4005","uncleaned",59
"4006","uncleaned",59
"4007","uncleaned",59
"4008","uncleaned",59
"4009","uncleaned",59
"4010","uncleaned",59
"4011","uncleaned",59
"4012","uncleaned",59
"4013","uncleaned",58
"4014","uncleaned",59
"4015","uncleaned",59
"4016","uncleaned",59
"4017","uncleaned",59
"4018","uncleaned",58
"4019","uncleaned",58
"4020","uncleaned",59
"4021","uncleaned",58
"4022","uncleaned",59
"4023","uncleaned",59
"4024","uncleaned",59
"4025","uncleaned",58
"4026","uncleaned",59
"4027","uncleaned",59
"4028","uncleaned",59
"4029","uncleaned",59
"4030","uncleaned",58
"4031","uncleaned",59
"4032","uncleaned",59
"4033","uncleaned",59
"4034","uncleaned",59
"4035","uncleaned",59
"4036","uncleaned",59
"4037","uncleaned",59
"4038","uncleaned",59
"4039","uncleaned",59
"4040","uncleaned",58
"4041","uncleaned",59
"4042","uncleaned",59
"4043","uncleaned",59
"4044","uncleaned",59
"4045","uncleaned",59
"4046","uncleaned",59
"4047","uncleaned",59
"4048","uncleaned",59
"4049","uncleaned",59
"4050","uncleaned",59
"4051","uncleaned",59
"4052","uncleaned",59
"4053","uncleaned",59
"4054","uncleaned",59
"4055","uncleaned",59
"4056","uncleaned",59
"4057","uncleaned",59
"4058","uncleaned",59
"4059","uncleaned",59
"4060","uncleaned",58
"4061","uncleaned",59
"4062","uncleaned",59
"4063","uncleaned",59
"4064","uncleaned",59
"4065","uncleaned",59
"4066","uncleaned",59
"4067","uncleaned",58
"4068","uncleaned",59
"4069","uncleaned",59
"4070","uncleaned",58
"4071","uncleaned",59
"4072","uncleaned",58
"4073","uncleaned",59
"4074","uncleaned",59
"4075","uncleaned",59
"4076","uncleaned",58
"4077","uncleaned",59
"4078","uncleaned",59
"4079","uncleaned",59
"4080","uncleaned",59
"4081","uncleaned",59
"4082","uncleaned",59
"4083","uncleaned",59
"4084","uncleaned",59
"4085","uncleaned",59
"4086","uncleaned",59
"4087","uncleaned",59
"4088","uncleaned",59
"4089","uncleaned",59
"4090","uncleaned",59
"4091","uncleaned",58
"4092","uncleaned",58
"4093","uncleaned",59
"4094","uncleaned",59
"4095","uncleaned",59
"4096","uncleaned",59
"4097","uncleaned",59
"4098","uncleaned",59
"4099","uncleaned",59
"4100","uncleaned",59
"4101","uncleaned",58
"4102","uncleaned",59
"4103","uncleaned",59
"4104","uncleaned",59
"4105","uncleaned",59
"4106","uncleaned",58
"4107","uncleaned",59
"4108","uncleaned",59
"4109","uncleaned",59
"4110","uncleaned",58
"4111","uncleaned",58
"4112","uncleaned",59
"4113","uncleaned",59
"4114","uncleaned",59
"4115","uncleaned",59
"4116","uncleaned",59
"4117","uncleaned",59
"4118","uncleaned",59
"4119","uncleaned",59
"4120","uncleaned",58
"4121","uncleaned",59
"4122","uncleaned",59
"4123","uncleaned",59
"4124","uncleaned",59
"4125","uncleaned",59
"4126","uncleaned",59
"4127","uncleaned",59
"4128","uncleaned",59
"4129","uncleaned",59
"4130","uncleaned",59
"4131","uncleaned",59
"4132","uncleaned",59
"4133","uncleaned",59
"4134","uncleaned",59
"4135","uncleaned",59
"4136","uncleaned",59
"4137","uncleaned",59
"4138","uncleaned",59
"4139","uncleaned",59
"4140","uncleaned",59
"4141","uncleaned",59
"4142","uncleaned",59
"4143","uncleaned",59
"4144","uncleaned",59
"4145","uncleaned",59
"4146","uncleaned",58
"4147","uncleaned",59
"4148","uncleaned",59
"4149","uncleaned",58
"4150","uncleaned",59
"4151","uncleaned",58
"4152","uncleaned",58
"4153","uncleaned",58
"4154","uncleaned",59
"4155","uncleaned",59
"4156","uncleaned",59
"4157","uncleaned",59
"4158","uncleaned",59
"4159","uncleaned",59
"4160","uncleaned",59
"4161","uncleaned",59
"4162","uncleaned",59
"4163","uncleaned",59
"4164","uncleaned",59
"4165","uncleaned",59
"4166","uncleaned",59
"4167","uncleaned",59
"4168","uncleaned",59
"4169","uncleaned",59
"4170","uncleaned",59
"4171","uncleaned",58
"4172","uncleaned",59
"4173","uncleaned",58
"4174","uncleaned",59
"4175","uncleaned",59
"4176","uncleaned",58
"4177","uncleaned",59
"4178","uncleaned",59
"4179","uncleaned",59
"4180","uncleaned",59
"4181","uncleaned",59
"4182","uncleaned",59
"4183","uncleaned",59
"4184","uncleaned",59
"4185","uncleaned",59
"4186","uncleaned",59
"4187","uncleaned",59
"4188","uncleaned",59
"4189","uncleaned",58
"4190","uncleaned",59
"4191","uncleaned",59
"4192","uncleaned",59
"4193","uncleaned",59
"4194","uncleaned",59
"4195","uncleaned",59
"4196","uncleaned",59
"4197","uncleaned",59
"4198","uncleaned",58
"4199","uncleaned",59
"4200","uncleaned",59
"4201","uncleaned",60
"4202","uncleaned",60
"4203","uncleaned",60
"4204","uncleaned",60
"4205","uncleaned",60
"4206","uncleaned",60
"4207","uncleaned",60
"4208","uncleaned",60
"4209","uncleaned",60
"4210","uncleaned",60
"4211","uncleaned",60
"4212","uncleaned",61
"4213","uncleaned",60
"4214","uncleaned",60
"4215","uncleaned",60
"4216","uncleaned",61
"4217","uncleaned",60
"4218","uncleaned",60
"4219","uncleaned",60
"4220","uncleaned",60
"4221","uncleaned",60
"4222","uncleaned",60
"4223","uncleaned",60
"4224","uncleaned",60
"4225","uncleaned",61
"4226","uncleaned",60
"4227","uncleaned",60
"4228","uncleaned",60
"4229","uncleaned",60
"4230","uncleaned",60
"4231","uncleaned",60
"4232","uncleaned",60
"4233","uncleaned",60
"4234","uncleaned",60
"4235","uncleaned",60
"4236","uncleaned",60
"4237","uncleaned",60
"4238","uncleaned",60
"4239","uncleaned",60
"4240","uncleaned",60
"4241","uncleaned",60
"4242","uncleaned",60
"4243","uncleaned",61
"4244","uncleaned",60
"4245","uncleaned",60
"4246","uncleaned",60
"4247","uncleaned",61
"4248","uncleaned",61
"4249","uncleaned",59
"4250","uncleaned",60
"4251","uncleaned",60
"4252","uncleaned",60
"4253","uncleaned",60
"4254","uncleaned",61
"4255","uncleaned",60
"4256","uncleaned",60
"4257","uncleaned",60
"4258","uncleaned",60
"4259","uncleaned",60
"4260","uncleaned",60
"4261","uncleaned",60
"4262","uncleaned",60
"4263","uncleaned",60
"4264","uncleaned",60
"4265","uncleaned",60
"4266","uncleaned",60
"4267","uncleaned",60
"4268","uncleaned",60
"4269","uncleaned",60
"4270","uncleaned",60
"4271","uncleaned",60
"4272","uncleaned",60
"4273","uncleaned",60
"4274","uncleaned",61
"4275","uncleaned",60
"4276","uncleaned",60
"4277","uncleaned",60
"4278","uncleaned",60
"4279","uncleaned",61
"4280","uncleaned",60
"4281","uncleaned",60
"4282","uncleaned",60
"4283","uncleaned",60
"4284","uncleaned",60
"4285","uncleaned",60
"4286","uncleaned",60
"4287","uncleaned",60
"4288","uncleaned",60
"4289","uncleaned",60
"4290","uncleaned",60
"4291","uncleaned",60
"4292","uncleaned",60
"4293","uncleaned",61
"4294","uncleaned",60
"4295","uncleaned",60
"4296","uncleaned",60
"4297","uncleaned",60
"4298","uncleaned",60
"4299","uncleaned",60
"4300","uncleaned",60
"4301","uncleaned",61
"4302","uncleaned",60
"4303","uncleaned",60
"4304","uncleaned",60
"4305","uncleaned",60
"4306","uncleaned",60
"4307","uncleaned",60
"4308","uncleaned",60
"4309","uncleaned",60
"4310","uncleaned",61
"4311","uncleaned",60
"4312","uncleaned",60
"4313","uncleaned",60
"4314","uncleaned",60
"4315","uncleaned",60
"4316","uncleaned",60
"4317","uncleaned",60
"4318","uncleaned",60
"4319","uncleaned",60
"4320","uncleaned",60
"4321","uncleaned",60
"4322","uncleaned",60
"4323","uncleaned",60
"4324","uncleaned",60
"4325","uncleaned",60
"4326","uncleaned",61
"4327","uncleaned",60
"4328","uncleaned",60
"4329","uncleaned",60
"4330","uncleaned",60
"4331","uncleaned",60
"4332","uncleaned",60
"4333","uncleaned",60
"4334","uncleaned",60
"4335","uncleaned",60
"4336","uncleaned",60
"4337","uncleaned",60
"4338","uncleaned",60
"4339","uncleaned",60
"4340","uncleaned",60
"4341","uncleaned",60
"4342","uncleaned",60
"4343","uncleaned",60
"4344","uncleaned",60
"4345","uncleaned",60
"4346","uncleaned",60
"4347","uncleaned",60
"4348","uncleaned",60
"4349","uncleaned",60
"4350","uncleaned",60
"4351","uncleaned",60
"4352","uncleaned",60
"4353","uncleaned",60
"4354","uncleaned",61
"4355","uncleaned",60
"4356","uncleaned",59
"4357","uncleaned",60
"4358","uncleaned",61
"4359","uncleaned",60
"4360","uncleaned",60
"4361","uncleaned",60
"4362","uncleaned",60
"4363","uncleaned",60
"4364","uncleaned",60
"4365","uncleaned",60
"4366","uncleaned",60
"4367","uncleaned",60
"4368","uncleaned",60
"4369","uncleaned",60
"4370","uncleaned",60
"4371","uncleaned",60
"4372","uncleaned",60
"4373","uncleaned",60
"4374","uncleaned",60
"4375","uncleaned",60
"4376","uncleaned",60
"4377","uncleaned",60
"4378","uncleaned",60
"4379","uncleaned",60
"4380","uncleaned",61
"4381","uncleaned",60
"4382","uncleaned",60
"4383","uncleaned",61
"4384","uncleaned",60
"4385","uncleaned",60
"4386","uncleaned",60
"4387","uncleaned",60
"4388","uncleaned",60
"4389","uncleaned",60
"4390","uncleaned",60
"4391","uncleaned",60
"4392","uncleaned",60
"4393","uncleaned",61
"4394","uncleaned",60
"4395","uncleaned",60
"4396","uncleaned",60
"4397","uncleaned",60
"4398","uncleaned",60
"4399","uncleaned",60
"4400","uncleaned",60
"4401","uncleaned",61
"4402","uncleaned",61
"4403","uncleaned",61
"4404","uncleaned",62
"4405","uncleaned",61
"4406","uncleaned",61
"4407","uncleaned",61
"4408","uncleaned",62
"4409","uncleaned",61
"4410","uncleaned",61
"4411","uncleaned",62
"4412","uncleaned",61
"4413","uncleaned",61
"4414","uncleaned",61
"4415","uncleaned",61
"4416","uncleaned",62
"4417","uncleaned",61
"4418","uncleaned",62
"4419","uncleaned",62
"4420","uncleaned",61
"4421","uncleaned",61
"4422","uncleaned",61
"4423","uncleaned",61
"4424","uncleaned",61
"4425","uncleaned",61
"4426","uncleaned",62
"4427","uncleaned",62
"4428","uncleaned",61
"4429","uncleaned",61
"4430","uncleaned",61
"4431","uncleaned",61
"4432","uncleaned",62
"4433","uncleaned",61
"4434","uncleaned",61
"4435","uncleaned",61
"4436","uncleaned",61
"4437","uncleaned",61
"4438","uncleaned",61
"4439","uncleaned",62
"4440","uncleaned",62
"4441","uncleaned",61
"4442","uncleaned",61
"4443","uncleaned",61
"4444","uncleaned",61
"4445","uncleaned",61
"4446","uncleaned",61
"4447","uncleaned",61
"4448","uncleaned",61
"4449","uncleaned",61
"4450","uncleaned",61
"4451","uncleaned",61
"4452","uncleaned",61
"4453","uncleaned",62
"4454","uncleaned",62
"4455","uncleaned",61
"4456","uncleaned",61
"4457","uncleaned",62
"4458","uncleaned",61
"4459","uncleaned",61
"4460","uncleaned",62
"4461","uncleaned",61
"4462","uncleaned",61
"4463","uncleaned",61
"4464","uncleaned",61
"4465","uncleaned",61
"4466","uncleaned",61
"4467","uncleaned",61
"4468","uncleaned",62
"4469","uncleaned",62
"4470","uncleaned",61
"4471","uncleaned",61
"4472","uncleaned",61
"4473","uncleaned",62
"4474","uncleaned",62
"4475","uncleaned",61
"4476","uncleaned",61
"4477","uncleaned",62
"4478","uncleaned",61
"4479","uncleaned",61
"4480","uncleaned",61
"4481","uncleaned",61
"4482","uncleaned",61
"4483","uncleaned",61
"4484","uncleaned",61
"4485","uncleaned",61
"4486","uncleaned",62
"4487","uncleaned",62
"4488","uncleaned",62
"4489","uncleaned",61
"4490","uncleaned",62
"4491","uncleaned",61
"4492","uncleaned",62
"4493","uncleaned",61
"4494","uncleaned",61
"4495","uncleaned",61
"4496","uncleaned",61
"4497","uncleaned",61
"4498","uncleaned",62
"4499","uncleaned",62
"4500","uncleaned",61
"4501","uncleaned",61
"4502","uncleaned",61
"4503","uncleaned",61
"4504","uncleaned",61
"4505","uncleaned",61
"4506","uncleaned",61
"4507","uncleaned",61
"4508","uncleaned",61
"4509","uncleaned",61
"4510","uncleaned",61
"4511","uncleaned",61
"4512","uncleaned",61
"4513","uncleaned",61
"4514","uncleaned",61
"4515","uncleaned",61
"4516","uncleaned",62
"4517","uncleaned",61
"4518","uncleaned",61
"4519","uncleaned",62
"4520","uncleaned",61
"4521","uncleaned",61
"4522","uncleaned",61
"4523","uncleaned",61
"4524","uncleaned",62
"4525","uncleaned",61
"4526","uncleaned",61
"4527","uncleaned",61
"4528","uncleaned",61
"4529","uncleaned",61
"4530","uncleaned",61
"4531","uncleaned",61
"4532","uncleaned",61
"4533","uncleaned",61
"4534","uncleaned",62
"4535","uncleaned",61
"4536","uncleaned",61
"4537","uncleaned",62
"4538","uncleaned",61
"4539","uncleaned",62
"4540","uncleaned",61
"4541","uncleaned",62
"4542","uncleaned",61
"4543","uncleaned",62
"4544","uncleaned",61
"4545","uncleaned",62
"4546","uncleaned",62
"4547","uncleaned",62
"4548","uncleaned",62
"4549","uncleaned",61
"4550","uncleaned",62
"4551","uncleaned",62
"4552","uncleaned",61
"4553","uncleaned",61
"4554","uncleaned",61
"4555","uncleaned",61
"4556","uncleaned",61
"4557","uncleaned",61
"4558","uncleaned",62
"4559","uncleaned",61
"4560","uncleaned",62
"4561","uncleaned",61
"4562","uncleaned",62
"4563","uncleaned",61
"4564","uncleaned",61
"4565","uncleaned",61
"4566","uncleaned",61
"4567","uncleaned",61
"4568","uncleaned",61
"4569","uncleaned",61
"4570","uncleaned",62
"4571","uncleaned",61
"4572","uncleaned",61
"4573","uncleaned",61
"4574","uncleaned",62
"4575","uncleaned",62
"4576","uncleaned",61
"4577","uncleaned",61
"4578","uncleaned",61
"4579","uncleaned",61
"4580","uncleaned",61
"4581","uncleaned",61
"4582","uncleaned",61
"4583","uncleaned",61
"4584","uncleaned",61
"4585","uncleaned",61
"4586","uncleaned",62
"4587","uncleaned",61
"4588","uncleaned",61
"4589","uncleaned",61
"4590","uncleaned",61
"4591","uncleaned",62
"4592","uncleaned",61
"4593","uncleaned",61
"4594","uncleaned",62
"4595","uncleaned",61
"4596","uncleaned",61
"4597","uncleaned",61
"4598","uncleaned",62
"4599","uncleaned",62
"4600","uncleaned",61
"4601","uncleaned",62
"4602","uncleaned",62
"4603","uncleaned",63
"4604","uncleaned",63
"4605","uncleaned",63
"4606","uncleaned",62
"4607","uncleaned",63
"4608","uncleaned",63
"4609","uncleaned",63
"4610","uncleaned",63
"4611","uncleaned",62
"4612","uncleaned",63
"4613","uncleaned",62
"4614","uncleaned",63
"4615","uncleaned",62
"4616","uncleaned",63
"4617","uncleaned",63
"4618","uncleaned",62
"4619","uncleaned",63
"4620","uncleaned",63
"4621","uncleaned",63
"4622","uncleaned",63
"4623","uncleaned",62
"4624","uncleaned",63
"4625","uncleaned",63
"4626","uncleaned",62
"4627","uncleaned",63
"4628","uncleaned",63
"4629","uncleaned",62
"4630","uncleaned",62
"4631","uncleaned",63
"4632","uncleaned",63
"4633","uncleaned",62
"4634","uncleaned",62
"4635","uncleaned",63
"4636","uncleaned",62
"4637","uncleaned",63
"4638","uncleaned",63
"4639","uncleaned",62
"4640","uncleaned",62
"4641","uncleaned",63
"4642","uncleaned",63
"4643","uncleaned",63
"4644","uncleaned",62
"4645","uncleaned",63
"4646","uncleaned",63
"4647","uncleaned",63
"4648","uncleaned",63
"4649","uncleaned",63
"4650","uncleaned",62
"4651","uncleaned",63
"4652","uncleaned",62
"4653","uncleaned",63
"4654","uncleaned",62
"4655","uncleaned",63
"4656","uncleaned",62
"4657","uncleaned",62
"4658","uncleaned",63
"4659","uncleaned",62
"4660","uncleaned",63
"4661","uncleaned",63
"4662","uncleaned",62
"4663","uncleaned",63
"4664","uncleaned",63
"4665","uncleaned",62
"4666","uncleaned",62
"4667","uncleaned",62
"4668","uncleaned",62
"4669","uncleaned",63
"4670","uncleaned",63
"4671","uncleaned",63
"4672","uncleaned",63
"4673","uncleaned",63
"4674","uncleaned",62
"4675","uncleaned",63
"4676","uncleaned",63
"4677","uncleaned",63
"4678","uncleaned",62
"4679","uncleaned",63
"4680","uncleaned",62
"4681","uncleaned",63
"4682","uncleaned",63
"4683","uncleaned",63
"4684","uncleaned",63
"4685","uncleaned",62
"4686","uncleaned",63
"4687","uncleaned",62
"4688","uncleaned",62
"4689","uncleaned",62
"4690","uncleaned",62
"4691","uncleaned",63
"4692","uncleaned",63
"4693","uncleaned",63
"4694","uncleaned",62
"4695","uncleaned",62
"4696","uncleaned",62
"4697","uncleaned",62
"4698","uncleaned",62
"4699","uncleaned",63
"4700","uncleaned",63
"4701","uncleaned",62
"4702","uncleaned",62
"4703","uncleaned",62
"4704","uncleaned",63
"4705","uncleaned",63
"4706","uncleaned",62
"4707","uncleaned",63
"4708","uncleaned",62
"4709","uncleaned",63
"4710","uncleaned",63
"4711","uncleaned",63
"4712","uncleaned",63
"4713","uncleaned",63
"4714","uncleaned",63
"4715","uncleaned",63
"4716","uncleaned",63
"4717","uncleaned",63
"4718","uncleaned",63
"4719","uncleaned",62
"4720","uncleaned",62
"4721","uncleaned",62
"4722","uncleaned",63
"4723","uncleaned",62
"4724","uncleaned",62
"4725","uncleaned",62
"4726","uncleaned",63
"4727","uncleaned",63
"4728","uncleaned",62
"4729","uncleaned",62
"4730","uncleaned",63
"4731","uncleaned",63
"4732","uncleaned",63
"4733","uncleaned",62
"4734","uncleaned",63
"4735","uncleaned",63
"4736","uncleaned",63
"4737","uncleaned",63
"4738","uncleaned",63
"4739","uncleaned",62
"4740","uncleaned",62
"4741","uncleaned",63
"4742","uncleaned",63
"4743","uncleaned",62
"4744","uncleaned",63
"4745","uncleaned",63
"4746","uncleaned",63
"4747","uncleaned",62
"4748","uncleaned",63
"4749","uncleaned",62
"4750","uncleaned",62
"4751","uncleaned",63
"4752","uncleaned",62
"4753","uncleaned",62
"4754","uncleaned",62
"4755","uncleaned",63
"4756","uncleaned",63
"4757","uncleaned",63
"4758","uncleaned",63
"4759","uncleaned",62
"4760","uncleaned",63
"4761","uncleaned",62
"4762","uncleaned",62
"4763","uncleaned",63
"4764","uncleaned",63
"4765","uncleaned",63
"4766","uncleaned",63
"4767","uncleaned",62
"4768","uncleaned",63
"4769","uncleaned",63
"4770","uncleaned",63
"4771","uncleaned",62
"4772","uncleaned",62
"4773","uncleaned",63
"4774","uncleaned",62
"4775","uncleaned",63
"4776","uncleaned",63
"4777","uncleaned",62
"4778","uncleaned",63
"4779","uncleaned",62
"4780","uncleaned",63
"4781","uncleaned",63
"4782","uncleaned",62
"4783","uncleaned",62
"4784","uncleaned",63
"4785","uncleaned",63
"4786","uncleaned",62
"4787","uncleaned",63
"4788","uncleaned",62
"4789","uncleaned",63
"4790","uncleaned",63
"4791","uncleaned",63
"4792","uncleaned",63
"4793","uncleaned",63
"4794","uncleaned",63
"4795","uncleaned",62
"4796","uncleaned",63
"4797","uncleaned",63
"4798","uncleaned",63
"4799","uncleaned",63
"4800","uncleaned",63
"4801","uncleaned",65
"4802","uncleaned",64
"4803","uncleaned",65
"4804","uncleaned",64
"4805","uncleaned",63
"4806","uncleaned",64
"4807","uncleaned",64
"4808","uncleaned",64
"4809","uncleaned",65
"4810","uncleaned",63
"4811","uncleaned",63
"4812","uncleaned",64
"4813","uncleaned",64
"4814","uncleaned",64
"4815","uncleaned",64
"4816","uncleaned",63
"4817","uncleaned",65
"4818","uncleaned",64
"4819","uncleaned",64
"4820","uncleaned",64
"4821","uncleaned",64
"4822","uncleaned",64
"4823","uncleaned",63
"4824","uncleaned",63
"4825","uncleaned",63
"4826","uncleaned",64
"4827","uncleaned",63
"4828","uncleaned",65
"4829","uncleaned",63
"4830","uncleaned",64
"4831","uncleaned",64
"4832","uncleaned",65
"4833","uncleaned",64
"4834","uncleaned",63
"4835","uncleaned",64
"4836","uncleaned",65
"4837","uncleaned",65
"4838","uncleaned",64
"4839","uncleaned",63
"4840","uncleaned",65
"4841","uncleaned",64
"4842","uncleaned",64
"4843","uncleaned",65
"4844","uncleaned",64
"4845","uncleaned",64
"4846","uncleaned",65
"4847","uncleaned",64
"4848","uncleaned",63
"4849","uncleaned",63
"4850","uncleaned",64
"4851","uncleaned",65
"4852","uncleaned",65
"4853","uncleaned",64
"4854","uncleaned",65
"4855","uncleaned",64
"4856","uncleaned",64
"4857","uncleaned",63
"4858","uncleaned",64
"4859","uncleaned",64
"4860","uncleaned",64
"4861","uncleaned",63
"4862","uncleaned",64
"4863","uncleaned",65
"4864","uncleaned",64
"4865","uncleaned",64
"4866","uncleaned",63
"4867","uncleaned",64
"4868","uncleaned",65
"4869","uncleaned",64
"4870","uncleaned",65
"4871","uncleaned",64
"4872","uncleaned",64
"4873","uncleaned",63
"4874","uncleaned",64
"4875","uncleaned",64
"4876","uncleaned",64
"4877","uncleaned",64
"4878","uncleaned",64
"4879","uncleaned",64
"4880","uncleaned",65
"4881","uncleaned",64
"4882","uncleaned",64
"4883","uncleaned",64
"4884","uncleaned",63
"4885","uncleaned",64
"4886","uncleaned",63
"4887","uncleaned",64
"4888","uncleaned",65
"4889","uncleaned",64
"4890","uncleaned",64
"4891","uncleaned",63
"4892","uncleaned",63
"4893","uncleaned",64
"4894","uncleaned",63
"4895","uncleaned",65
"4896","uncleaned",63
"4897","uncleaned",64
"4898","uncleaned",64
"4899","uncleaned",64
"4900","uncleaned",65
"4901","uncleaned",65
"4902","uncleaned",63
"4903","uncleaned",64
"4904","uncleaned",65
"4905","uncleaned",65
"4906","uncleaned",63
"4907","uncleaned",64
"4908","uncleaned",64
"4909","uncleaned",64
"4910","uncleaned",64
"4911","uncleaned",64
"4912","uncleaned",63
"4913","uncleaned",65
"4914","uncleaned",64
"4915","uncleaned",64
"4916","uncleaned",64
"4917","uncleaned",64
"4918","uncleaned",65
"4919","uncleaned",64
"4920","uncleaned",63
"4921","uncleaned",65
"4922","uncleaned",64
"4923","uncleaned",65
"4924","uncleaned",65
"4925","uncleaned",65
"4926","uncleaned",64
"4927","uncleaned",65
"4928","uncleaned",64
"4929","uncleaned",64
"4930","uncleaned",64
"4931","uncleaned",64
"4932","uncleaned",64
"4933","uncleaned",65
"4934","uncleaned",64
"4935","uncleaned",63
"4936","uncleaned",64
"4937","uncleaned",65
"4938","uncleaned",64
"4939","uncleaned",63
"4940","uncleaned",64
"4941","uncleaned",64
"4942","uncleaned",64
"4943","uncleaned",64
"4944","uncleaned",65
"4945","uncleaned",65
"4946","uncleaned",64
"4947","uncleaned",65
"4948","uncleaned",65
"4949","uncleaned",64
"4950","uncleaned",64
"4951","uncleaned",64
"4952","uncleaned",63
"4953","uncleaned",65
"4954","uncleaned",64
"4955","uncleaned",64
"4956","uncleaned",65
"4957","uncleaned",65
"4958","uncleaned",64
"4959","uncleaned",64
"4960","uncleaned",64
"4961","uncleaned",64
"4962","uncleaned",64
"4963","uncleaned",64
"4964","uncleaned",65
"4965","uncleaned",64
"4966","uncleaned",65
"4967","uncleaned",65
"4968","uncleaned",64
"4969","uncleaned",64
"4970","uncleaned",65
"4971","uncleaned",65
"4972","uncleaned",63
"4973","uncleaned",65
"4974","uncleaned",64
"4975","uncleaned",65
"4976","uncleaned",64
"4977","uncleaned",65
"4978","uncleaned",65
"4979","uncleaned",65
"4980","uncleaned",65
"4981","uncleaned",64
"4982","uncleaned",64
"4983","uncleaned",64
"4984","uncleaned",64
"4985","uncleaned",63
"4986","uncleaned",64
"4987","uncleaned",65
"4988","uncleaned",64
"4989","uncleaned",64
"4990","uncleaned",64
"4991","uncleaned",64
"4992","uncleaned",65
"4993","uncleaned",64
"4994","uncleaned",65
"4995","uncleaned",64
"4996","uncleaned",64
"4997","uncleaned",64
"4998","uncleaned",64
"4999","uncleaned",65
"5000","uncleaned",65
"5001","uncleaned",66
"5002","uncleaned",65
"5003","uncleaned",66
"5004","uncleaned",65
"5005","uncleaned",66
"5006","uncleaned",66
"5007","uncleaned",65
"5008","uncleaned",67
"5009","uncleaned",67
"5010","uncleaned",65
"5011","uncleaned",67
"5012","uncleaned",65
"5013","uncleaned",66
"5014","uncleaned",65
"5015","uncleaned",65
"5016","uncleaned",66
"5017","uncleaned",67
"5018","uncleaned",66
"5019","uncleaned",66
"5020","uncleaned",66
"5021","uncleaned",66
"5022","uncleaned",66
"5023","uncleaned",65
"5024","uncleaned",67
"5025","uncleaned",66
"5026","uncleaned",66
"5027","uncleaned",66
"5028","uncleaned",66
"5029","uncleaned",65
"5030","uncleaned",65
"5031","uncleaned",67
"5032","uncleaned",66
"5033","uncleaned",65
"5034","uncleaned",66
"5035","uncleaned",66
"5036","uncleaned",66
"5037","uncleaned",67
"5038","uncleaned",66
"5039","uncleaned",66
"5040","uncleaned",67
"5041","uncleaned",66
"5042","uncleaned",67
"5043","uncleaned",66
"5044","uncleaned",67
"5045","uncleaned",66
"5046","uncleaned",66
"5047","uncleaned",67
"5048","uncleaned",67
"5049","uncleaned",65
"5050","uncleaned",65
"5051","uncleaned",66
"5052","uncleaned",66
"5053","uncleaned",66
"5054","uncleaned",66
"5055","uncleaned",65
"5056","uncleaned",66
"5057","uncleaned",66
"5058","uncleaned",66
"5059","uncleaned",65
"5060","uncleaned",66
"5061","uncleaned",67
"5062","uncleaned",67
"5063","uncleaned",67
"5064","uncleaned",66
"5065","uncleaned",65
"5066","uncleaned",65
"5067","uncleaned",65
"5068","uncleaned",67
"5069","uncleaned",66
"5070","uncleaned",67
"5071","uncleaned",66
"5072","uncleaned",66
"5073","uncleaned",66
"5074","uncleaned",66
"5075","uncleaned",67
"5076","uncleaned",67
"5077","uncleaned",66
"5078","uncleaned",66
"5079","uncleaned",65
"5080","uncleaned",66
"5081","uncleaned",66
"5082","uncleaned",67
"5083","uncleaned",66
"5084","uncleaned",66
"5085","uncleaned",65
"5086","uncleaned",66
"5087","uncleaned",65
"5088","uncleaned",67
"5089","uncleaned",65
"5090","uncleaned",65
"5091","uncleaned",66
"5092","uncleaned",67
"5093","uncleaned",65
"5094","uncleaned",66
"5095","uncleaned",65
"5096","uncleaned",65
"5097","uncleaned",65
"5098","uncleaned",66
"5099","uncleaned",67
"5100","uncleaned",66
"5101","uncleaned",66
"5102","uncleaned",65
"5103","uncleaned",66
"5104","uncleaned",65
"5105","uncleaned",67
"5106","uncleaned",66
"5107","uncleaned",66
"5108","uncleaned",67
"5109","uncleaned",66
"5110","uncleaned",65
"5111","uncleaned",66
"5112","uncleaned",65
"5113","uncleaned",66
"5114","uncleaned",67
"5115","uncleaned",66
"5116","uncleaned",66
"5117","uncleaned",67
"5118","uncleaned",66
"5119","uncleaned",67
"5120","uncleaned",66
"5121","uncleaned",65
"5122","uncleaned",66
"5123","uncleaned",66
"5124","uncleaned",66
"5125","uncleaned",67
"5126","uncleaned",66
"5127","uncleaned",65
"5128","uncleaned",67
"5129","uncleaned",65
"5130","uncleaned",65
"5131","uncleaned",65
"5132","uncleaned",66
"5133","uncleaned",66
"5134","uncleaned",65
"5135","uncleaned",67
"5136","uncleaned",65
"5137","uncleaned",66
"5138","uncleaned",66
"5139","uncleaned",66
"5140","uncleaned",66
"5141","uncleaned",67
"5142","uncleaned",65
"5143","uncleaned",66
"5144","uncleaned",66
"5145","uncleaned",66
"5146","uncleaned",66
"5147","uncleaned",65
"5148","uncleaned",66
"5149","uncleaned",66
"5150","uncleaned",67
"5151","uncleaned",65
"5152","uncleaned",65
"5153","uncleaned",66
"5154","uncleaned",66
"5155","uncleaned",67
"5156","uncleaned",67
"5157","uncleaned",66
"5158","uncleaned",65
"5159","uncleaned",66
"5160","uncleaned",66
"5161","uncleaned",66
"5162","uncleaned",67
"5163","uncleaned",65
"5164","uncleaned",66
"5165","uncleaned",66
"5166","uncleaned",67
"5167","uncleaned",65
"5168","uncleaned",66
"5169","uncleaned",66
"5170","uncleaned",66
"5171","uncleaned",67
"5172","uncleaned",65
"5173","uncleaned",66
"5174","uncleaned",65
"5175","uncleaned",65
"5176","uncleaned",67
"5177","uncleaned",67
"5178","uncleaned",66
"5179","uncleaned",66
"5180","uncleaned",66
"5181","uncleaned",67
"5182","uncleaned",67
"5183","uncleaned",66
"5184","uncleaned",66
"5185","uncleaned",66
"5186","uncleaned",66
"5187","uncleaned",65
"5188","uncleaned",67
"5189","uncleaned",65
"5190","uncleaned",66
"5191","uncleaned",67
"5192","uncleaned",67
"5193","uncleaned",65
"5194","uncleaned",67
"5195","uncleaned",65
"5196","uncleaned",66
"5197","uncleaned",67
"5198","uncleaned",66
"5199","uncleaned",66
"5200","uncleaned",67
"5201","uncleaned",68
"5202","uncleaned",67
"5203","uncleaned",69
"5204","uncleaned",67
"5205","uncleaned",67
"5206","uncleaned",69
"5207","uncleaned",69
"5208","uncleaned",67
"5209","uncleaned",67
"5210","uncleaned",68
"5211","uncleaned",69
"5212","uncleaned",68
"5213","uncleaned",67
"5214","uncleaned",68
"5215","uncleaned",67
"5216","uncleaned",67
"5217","uncleaned",67
"5218","uncleaned",69
"5219","uncleaned",68
"5220","uncleaned",68
"5221","uncleaned",69
"5222","uncleaned",69
"5223","uncleaned",69
"5224","uncleaned",67
"5225","uncleaned",68
"5226","uncleaned",67
"5227","uncleaned",68
"5228","uncleaned",67
"5229","uncleaned",67
"5230","uncleaned",68
"5231","uncleaned",67
"5232","uncleaned",68
"5233","uncleaned",68
"5234","uncleaned",68
"5235","uncleaned",67
"5236","uncleaned",69
"5237","uncleaned",68
"5238","uncleaned",67
"5239","uncleaned",69
"5240","uncleaned",67
"5241","uncleaned",68
"5242","uncleaned",67
"5243","uncleaned",68
"5244","uncleaned",67
"5245","uncleaned",68
"5246","uncleaned",68
"5247","uncleaned",68
"5248","uncleaned",69
"5249","uncleaned",68
"5250","uncleaned",69
"5251","uncleaned",67
"5252","uncleaned",67
"5253","uncleaned",68
"5254","uncleaned",67
"5255","uncleaned",68
"5256","uncleaned",68
"5257","uncleaned",68
"5258","uncleaned",69
"5259","uncleaned",67
"5260","uncleaned",69
"5261","uncleaned",69
"5262","uncleaned",67
"5263","uncleaned",69
"5264","uncleaned",69
"5265","uncleaned",69
"5266","uncleaned",67
"5267","uncleaned",69
"5268","uncleaned",69
"5269","uncleaned",68
"5270","uncleaned",69
"5271","uncleaned",69
"5272","uncleaned",69
"5273","uncleaned",67
"5274","uncleaned",69
"5275","uncleaned",69
"5276","uncleaned",69
"5277","uncleaned",69
"5278","uncleaned",69
"5279","uncleaned",67
"5280","uncleaned",68
"5281","uncleaned",69
"5282","uncleaned",67
"5283","uncleaned",69
"5284","uncleaned",68
"5285","uncleaned",69
"5286","uncleaned",67
"5287","uncleaned",68
"5288","uncleaned",69
"5289","uncleaned",68
"5290","uncleaned",67
"5291","uncleaned",67
"5292","uncleaned",68
"5293","uncleaned",68
"5294","uncleaned",68
"5295","uncleaned",69
"5296","uncleaned",69
"5297","uncleaned",69
"5298","uncleaned",67
"5299","uncleaned",68
"5300","uncleaned",69
"5301","uncleaned",68
"5302","uncleaned",69
"5303","uncleaned",69
"5304","uncleaned",67
"5305","uncleaned",69
"5306","uncleaned",68
"5307","uncleaned",69
"5308","uncleaned",68
"5309","uncleaned",69
"5310","uncleaned",68
"5311","uncleaned",68
"5312","uncleaned",69
"5313","uncleaned",67
"5314","uncleaned",69
"5315","uncleaned",68
"5316","uncleaned",69
"5317","uncleaned",69
"5318","uncleaned",68
"5319","uncleaned",68
"5320","uncleaned",68
"5321","uncleaned",68
"5322","uncleaned",68
"5323","uncleaned",69
"5324","uncleaned",67
"5325","uncleaned",68
"5326","uncleaned",68
"5327","uncleaned",69
"5328","uncleaned",67
"5329","uncleaned",68
"5330","uncleaned",67
"5331","uncleaned",68
"5332","uncleaned",68
"5333","uncleaned",68
"5334","uncleaned",69
"5335","uncleaned",68
"5336","uncleaned",69
"5337","uncleaned",68
"5338","uncleaned",67
"5339","uncleaned",68
"5340","uncleaned",67
"5341","uncleaned",67
"5342","uncleaned",68
"5343","uncleaned",69
"5344","uncleaned",68
"5345","uncleaned",68
"5346","uncleaned",69
"5347","uncleaned",69
"5348","uncleaned",67
"5349","uncleaned",68
"5350","uncleaned",68
"5351","uncleaned",67
"5352","uncleaned",67
"5353","uncleaned",68
"5354","uncleaned",68
"5355","uncleaned",69
"5356","uncleaned",67
"5357","uncleaned",67
"5358","uncleaned",69
"5359","uncleaned",68
"5360","uncleaned",67
"5361","uncleaned",67
"5362","uncleaned",67
"5363","uncleaned",68
"5364","uncleaned",68
"5365","uncleaned",67
"5366","uncleaned",67
"5367","uncleaned",67
"5368","uncleaned",69
"5369","uncleaned",68
"5370","uncleaned",69
"5371","uncleaned",68
"5372","uncleaned",69
"5373","uncleaned",69
"5374","uncleaned",68
"5375","uncleaned",67
"5376","uncleaned",67
"5377","uncleaned",69
"5378","uncleaned",69
"5379","uncleaned",68
"5380","uncleaned",69
"5381","uncleaned",68
"5382","uncleaned",68
"5383","uncleaned",69
"5384","uncleaned",69
"5385","uncleaned",68
"5386","uncleaned",68
"5387","uncleaned",68
"5388","uncleaned",68
"5389","uncleaned",67
"5390","uncleaned",68
"5391","uncleaned",67
"5392","uncleaned",67
"5393","uncleaned",69
"5394","uncleaned",67
"5395","uncleaned",67
"5396","uncleaned",69
"5397","uncleaned",68
"5398","uncleaned",70
"5399","uncleaned",68
"5400","uncleaned",67
"5401","uncleaned",72
"5402","uncleaned",70
"5403","uncleaned",70
"5404","uncleaned",71
"5405","uncleaned",73
"5406","uncleaned",70
"5407","uncleaned",70
"5408","uncleaned",71
"5409","uncleaned",72
"5410","uncleaned",72
"5411","uncleaned",72
"5412","uncleaned",74
"5413","uncleaned",71
"5414","uncleaned",72
"5415","uncleaned",71
"5416","uncleaned",70
"5417","uncleaned",70
"5418","uncleaned",72
"5419","uncleaned",73
"5420","uncleaned",71
"5421","uncleaned",70
"5422","uncleaned",73
"5423","uncleaned",73
"5424","uncleaned",71
"5425","uncleaned",72
"5426","uncleaned",73
"5427","uncleaned",71
"5428","uncleaned",74
"5429","uncleaned",70
"5430","uncleaned",72
"5431","uncleaned",72
"5432","uncleaned",71
"5433","uncleaned",70
"5434","uncleaned",70
"5435","uncleaned",71
"5436","uncleaned",73
"5437","uncleaned",73
"5438","uncleaned",70
"5439","uncleaned",72
"5440","uncleaned",70
"5441","uncleaned",72
"5442","uncleaned",72
"5443","uncleaned",70
"5444","uncleaned",70
"5445","uncleaned",72
"5446","uncleaned",73
"5447","uncleaned",72
"5448","uncleaned",73
"5449","uncleaned",72
"5450","uncleaned",70
"5451","uncleaned",72
"5452","uncleaned",72
"5453","uncleaned",73
"5454","uncleaned",72
"5455","uncleaned",72
"5456","uncleaned",70
"5457","uncleaned",70
"5458","uncleaned",70
"5459","uncleaned",73
"5460","uncleaned",71
"5461","uncleaned",70
"5462","uncleaned",73
"5463","uncleaned",74
"5464","uncleaned",72
"5465","uncleaned",71
"5466","uncleaned",71
"5467","uncleaned",72
"5468","uncleaned",70
"5469","uncleaned",70
"5470","uncleaned",70
"5471","uncleaned",70
"5472","uncleaned",71
"5473","uncleaned",70
"5474","uncleaned",73
"5475","uncleaned",71
"5476","uncleaned",70
"5477","uncleaned",74
"5478","uncleaned",72
"5479","uncleaned",72
"5480","uncleaned",71
"5481","uncleaned",72
"5482","uncleaned",71
"5483","uncleaned",74
"5484","uncleaned",74
"5485","uncleaned",73
"5486","uncleaned",70
"5487","uncleaned",71
"5488","uncleaned",71
"5489","uncleaned",72
"5490","uncleaned",70
"5491","uncleaned",72
"5492","uncleaned",70
"5493","uncleaned",71
"5494","uncleaned",71
"5495","uncleaned",72
"5496","uncleaned",71
"5497","uncleaned",71
"5498","uncleaned",71
"5499","uncleaned",72
"5500","uncleaned",70
"5501","uncleaned",73
"5502","uncleaned",71
"5503","uncleaned",73
"5504","uncleaned",71
"5505","uncleaned",72
"5506","uncleaned",72
"5507","uncleaned",71
"5508","uncleaned",73
"5509","uncleaned",71
"5510","uncleaned",70
"5511","uncleaned",70
"5512","uncleaned",73
"5513","uncleaned",70
"5514","uncleaned",72
"5515","uncleaned",70
"5516","uncleaned",73
"5517","uncleaned",72
"5518","uncleaned",70
"5519","uncleaned",71
"5520","uncleaned",73
"5521","uncleaned",72
"5522","uncleaned",72
"5523","uncleaned",72
"5524","uncleaned",70
"5525","uncleaned",72
"5526","uncleaned",70
"5527","uncleaned",71
"5528","uncleaned",72
"5529","uncleaned",70
"5530","uncleaned",71
"5531","uncleaned",70
"5532","uncleaned",70
"5533","uncleaned",73
"5534","uncleaned",71
"5535","uncleaned",73
"5536","uncleaned",73
"5537","uncleaned",72
"5538","uncleaned",71
"5539","uncleaned",70
"5540","uncleaned",74
"5541","uncleaned",72
"5542","uncleaned",72
"5543","uncleaned",73
"5544","uncleaned",73
"5545","uncleaned",70
"5546","uncleaned",73
"5547","uncleaned",70
"5548","uncleaned",70
"5549","uncleaned",72
"5550","uncleaned",70
"5551","uncleaned",72
"5552","uncleaned",70
"5553","uncleaned",71
"5554","uncleaned",70
"5555","uncleaned",71
"5556","uncleaned",72
"5557","uncleaned",70
"5558","uncleaned",71
"5559","uncleaned",70
"5560","uncleaned",71
"5561","uncleaned",73
"5562","uncleaned",70
"5563","uncleaned",72
"5564","uncleaned",72
"5565","uncleaned",73
"5566","uncleaned",73
"5567","uncleaned",72
"5568","uncleaned",70
"5569","uncleaned",71
"5570","uncleaned",70
"5571","uncleaned",71
"5572","uncleaned",70
"5573","uncleaned",70
"5574","uncleaned",72
"5575","uncleaned",70
"5576","uncleaned",72
"5577","uncleaned",70
"5578","uncleaned",70
"5579","uncleaned",73
"5580","uncleaned",72
"5581","uncleaned",73
"5582","uncleaned",70
"5583","uncleaned",71
"5584","uncleaned",74
"5585","uncleaned",72
"5586","uncleaned",70
"5587","uncleaned",70
"5588","uncleaned",72
"5589","uncleaned",71
"5590","uncleaned",72
"5591","uncleaned",70
"5592","uncleaned",70
"5593","uncleaned",70
"5594","uncleaned",70
"5595","uncleaned",70
"5596","uncleaned",70
"5597","uncleaned",70
"5598","uncleaned",72
"5599","uncleaned",71
"5600","uncleaned",70
"5601","uncleaned",80
"5602","uncleaned",77
"5603","uncleaned",77
"5604","uncleaned",86
"5605","uncleaned",84
"5606","uncleaned",77
"5607","uncleaned",75
"5608","uncleaned",87
"5609","uncleaned",77
"5610","uncleaned",79
"5611","uncleaned",74
"5612","uncleaned",85
"5613","uncleaned",79
"5614","uncleaned",75
"5615","uncleaned",75
"5616","uncleaned",78
"5617","uncleaned",75
"5618","uncleaned",76
"5619","uncleaned",76
"5620","uncleaned",76
"5621","uncleaned",81
"5622","uncleaned",88
"5623","uncleaned",75
"5624","uncleaned",79
"5625","uncleaned",76
"5626","uncleaned",82
"5627","uncleaned",74
"5628","uncleaned",81
"5629","uncleaned",82
"5630","uncleaned",77
"5631","uncleaned",77
"5632","uncleaned",78
"5633","uncleaned",75
"5634","uncleaned",76
"5635","uncleaned",76
"5636","uncleaned",76
"5637","uncleaned",86
"5638","uncleaned",88
"5639","uncleaned",74
"5640","uncleaned",76
"5641","uncleaned",75
"5642","uncleaned",77
"5643","uncleaned",79
"5644","uncleaned",77
"5645","uncleaned",74
"5646","uncleaned",82
"5647","uncleaned",80
"5648","uncleaned",75
"5649","uncleaned",77
"5650","uncleaned",75
"5651","uncleaned",77
"5652","uncleaned",75
"5653","uncleaned",79
"5654","uncleaned",75
"5655","uncleaned",74
"5656","uncleaned",75
"5657","uncleaned",77
"5658","uncleaned",81
"5659","uncleaned",78
"5660","uncleaned",83
"5661","uncleaned",77
"5662","uncleaned",80
"5663","uncleaned",92
"5664","uncleaned",76
"5665","uncleaned",81
"5666","uncleaned",81
"5667","uncleaned",76
"5668","uncleaned",88
"5669","uncleaned",79
"5670","uncleaned",79
"5671","uncleaned",87
"5672","uncleaned",78
"5673","uncleaned",75
"5674","uncleaned",81
"5675","uncleaned",75
"5676","uncleaned",76
"5677","uncleaned",79
"5678","uncleaned",75
"5679","uncleaned",76
"5680","uncleaned",75
"5681","uncleaned",76
"5682","uncleaned",79
"5683","uncleaned",74
"5684","uncleaned",85
"5685","uncleaned",91
"5686","uncleaned",83
"5687","uncleaned",74
"5688","uncleaned",77
"5689","uncleaned",76
"5690","uncleaned",74
"5691","uncleaned",79
"5692","uncleaned",75
"5693","uncleaned",74
"5694","uncleaned",83
"5695","uncleaned",78
"5696","uncleaned",80
"5697","uncleaned",77
"5698","uncleaned",77
"5699","uncleaned",75
"5700","uncleaned",81
"5701","uncleaned",92
"5702","uncleaned",79
"5703","uncleaned",74
"5704","uncleaned",75
"5705","uncleaned",82
"5706","uncleaned",76
"5707","uncleaned",80
"5708","uncleaned",74
"5709","uncleaned",77
"5710","uncleaned",81
"5711","uncleaned",75
"5712","uncleaned",75
"5713","uncleaned",75
"5714","uncleaned",79
"5715","uncleaned",76
"5716","uncleaned",78
"5717","uncleaned",76
"5718","uncleaned",77
"5719","uncleaned",74
"5720","uncleaned",78
"5721","uncleaned",83
"5722","uncleaned",77
"5723","uncleaned",74
"5724","uncleaned",75
"5725","uncleaned",79
"5726","uncleaned",74
"5727","uncleaned",76
"5728","uncleaned",80
"5729","uncleaned",79
"5730","uncleaned",75
"5731","uncleaned",75
"5732","uncleaned",75
"5733","uncleaned",81
"5734","uncleaned",83
"5735","uncleaned",80
"5736","uncleaned",81
"5737","uncleaned",82
"5738","uncleaned",79
"5739","uncleaned",74
"5740","uncleaned",75
"5741","uncleaned",83
"5742","uncleaned",76
"5743","uncleaned",75
"5744","uncleaned",77
"5745","uncleaned",75
"5746","uncleaned",77
"5747","uncleaned",78
"5748","uncleaned",77
"5749","uncleaned",75
"5750","uncleaned",76
"5751","uncleaned",78
"5752","uncleaned",81
"5753","uncleaned",81
"5754","uncleaned",80
"5755","uncleaned",75
"5756","uncleaned",78
"5757","uncleaned",74
"5758","uncleaned",79
"5759","uncleaned",84
"5760","uncleaned",79
"5761","uncleaned",75
"5762","uncleaned",80
"5763","uncleaned",75
"5764","uncleaned",74
"5765","uncleaned",79
"5766","uncleaned",74
"5767","uncleaned",75
"5768","uncleaned",82
"5769","uncleaned",78
"5770","cleaned",35
"5771","cleaned",31
"5772","cleaned",35
"5773","cleaned",30
"5774","cleaned",35
"5775","cleaned",20
"5776","cleaned",29
"5777","cleaned",32
"5778","cleaned",23
"5779","cleaned",37
"5780","cleaned",36
"5781","cleaned",33
"5782","cleaned",37
"5783","cleaned",35
"5784","cleaned",34
"5785","cleaned",35
"5786","cleaned",35
"5787","cleaned",36
"5788","cleaned",33
"5789","cleaned",36
"5790","cleaned",32
"5791","cleaned",35
"5792","cleaned",36
"5793","cleaned",36
"5794","cleaned",30
"5795","cleaned",32
"5796","cleaned",36
"5797","cleaned",37
"5798","cleaned",37
"5799","cleaned",36
"5800","cleaned",33
"5801","cleaned",36
"5802","cleaned",34
"5803","cleaned",35
"5804","cleaned",36
"5805","cleaned",35
"5806","cleaned",37
"5807","cleaned",26
"5808","cleaned",36
"5809","cleaned",31
"5810","cleaned",37
"5811","cleaned",37
"5812","cleaned",25
"5813","cleaned",36
"5814","cleaned",37
"5815","cleaned",31
"5816","cleaned",36
"5817","cleaned",30
"5818","cleaned",37
"5819","cleaned",31
"5820","cleaned",32
"5821","cleaned",22
"5822","cleaned",35
"5823","cleaned",33
"5824","cleaned",37
"5825","cleaned",37
"5826","cleaned",25
"5827","cleaned",35
"5828","cleaned",35
"5829","cleaned",37
"5830","cleaned",37
"5831","cleaned",29
"5832","cleaned",37
"5833","cleaned",33
"5834","cleaned",37
"5835","cleaned",37
"5836","cleaned",29
"5837","cleaned",37
"5838","cleaned",33
"5839","cleaned",34
"5840","cleaned",27
"5841","cleaned",33
"5842","cleaned",35
"5843","cleaned",25
"5844","cleaned",32
"5845","cleaned",37
"5846","cleaned",35
"5847","cleaned",36
"5848","cleaned",37
"5849","cleaned",37
"5850","cleaned",37
"5851","cleaned",34
"5852","cleaned",34
"5853","cleaned",37
"5854","cleaned",28
"5855","cleaned",34
"5856","cleaned",35
"5857","cleaned",26
"5858","cleaned",34
"5859","cleaned",34
"5860","cleaned",37
"5861","cleaned",37
"5862","cleaned",36
"5863","cleaned",36
"5864","cleaned",36
"5865","cleaned",37
"5866","cleaned",31
"5867","cleaned",37
"5868","cleaned",30
"5869","cleaned",32
"5870","cleaned",37
"5871","cleaned",32
"5872","cleaned",33
"5873","cleaned",33
"5874","cleaned",35
"5875","cleaned",27
"5876","cleaned",37
"5877","cleaned",37
"5878","cleaned",36
"5879","cleaned",32
"5880","cleaned",33
"5881","cleaned",35
"5882","cleaned",34
"5883","cleaned",34
"5884","cleaned",38
"5885","cleaned",36
"5886","cleaned",36
"5887","cleaned",34
"5888","cleaned",23
"5889","cleaned",36
"5890","cleaned",33
"5891","cleaned",31
"5892","cleaned",33
"5893","cleaned",37
"5894","cleaned",36
"5895","cleaned",35
"5896","cleaned",32
"5897","cleaned",31
"5898","cleaned",37
"5899","cleaned",20
"5900","cleaned",35
"5901","cleaned",31
"5902","cleaned",36
"5903","cleaned",31
"5904","cleaned",32
"5905","cleaned",34
"5906","cleaned",37
"5907","cleaned",36
"5908","cleaned",28
"5909","cleaned",30
"5910","cleaned",29
"5911","cleaned",35
"5912","cleaned",34
"5913","cleaned",35
"5914","cleaned",31
"5915","cleaned",35
"5916","cleaned",30
"5917","cleaned",35
"5918","cleaned",38
"5919","cleaned",36
"5920","cleaned",33
"5921","cleaned",37
"5922","cleaned",31
"5923","cleaned",30
"5924","cleaned",34
"5925","cleaned",28
"5926","cleaned",30
"5927","cleaned",31
"5928","cleaned",33
"5929","cleaned",37
"5930","cleaned",36
"5931","cleaned",29
"5932","cleaned",28
"5933","cleaned",38
"5934","cleaned",34
"5935","cleaned",34
"5936","cleaned",36
"5937","cleaned",36
"5938","cleaned",36
"5939","cleaned",28
"5940","cleaned",37
"5941","cleaned",32
"5942","cleaned",35
"5943","cleaned",38
"5944","cleaned",33
"5945","cleaned",37
"5946","cleaned",36
"5947","cleaned",34
"5948","cleaned",37
"5949","cleaned",27
"5950","cleaned",31
"5951","cleaned",34
"5952","cleaned",28
"5953","cleaned",32
"5954","cleaned",37
"5955","cleaned",36
"5956","cleaned",35
"5957","cleaned",36
"5958","cleaned",31
"5959","cleaned",30
"5960","cleaned",36
"5961","cleaned",37
"5962","cleaned",35
"5963","cleaned",36
"5964","cleaned",37
"5965","cleaned",33
"5966","cleaned",29
"5967","cleaned",36
"5968","cleaned",19
"5969","cleaned",35
"5970","cleaned",40
"5971","cleaned",40
"5972","cleaned",40
"5973","cleaned",40
"5974","cleaned",40
"5975","cleaned",39
"5976","cleaned",38
"5977","cleaned",38
"5978","cleaned",38
"5979","cleaned",39
"5980","cleaned",40
"5981","cleaned",39
"5982","cleaned",40
"5983","cleaned",40
"5984","cleaned",39
"5985","cleaned",41
"5986","cleaned",38
"5987","cleaned",39
"5988","cleaned",40
"5989","cleaned",40
"5990","cleaned",40
"5991","cleaned",38
"5992","cleaned",40
"5993","cleaned",40
"5994","cleaned",39
"5995","cleaned",38
"5996","cleaned",38
"5997","cleaned",39
"5998","cleaned",39
"5999","cleaned",40
"6000","cleaned",40
"6001","cleaned",40
"6002","cleaned",41
"6003","cleaned",40
"6004","cleaned",38
"6005","cleaned",39
"6006","cleaned",38
"6007","cleaned",38
"6008","cleaned",41
"6009","cleaned",40
"6010","cleaned",38
"6011","cleaned",39
"6012","cleaned",39
"6013","cleaned",40
"6014","cleaned",40
"6015","cleaned",39
"6016","cleaned",40
"6017","cleaned",40
"6018","cleaned",40
"6019","cleaned",40
"6020","cleaned",39
"6021","cleaned",40
"6022","cleaned",40
"6023","cleaned",40
"6024","cleaned",40
"6025","cleaned",39
"6026","cleaned",38
"6027","cleaned",38
"6028","cleaned",38
"6029","cleaned",38
"6030","cleaned",38
"6031","cleaned",40
"6032","cleaned",40
"6033","cleaned",39
"6034","cleaned",40
"6035","cleaned",41
"6036","cleaned",41
"6037","cleaned",39
"6038","cleaned",38
"6039","cleaned",38
"6040","cleaned",39
"6041","cleaned",40
"6042","cleaned",40
"6043","cleaned",39
"6044","cleaned",40
"6045","cleaned",39
"6046","cleaned",40
"6047","cleaned",40
"6048","cleaned",38
"6049","cleaned",39
"6050","cleaned",38
"6051","cleaned",39
"6052","cleaned",38
"6053","cleaned",39
"6054","cleaned",40
"6055","cleaned",39
"6056","cleaned",41
"6057","cleaned",39
"6058","cleaned",39
"6059","cleaned",38
"6060","cleaned",40
"6061","cleaned",38
"6062","cleaned",40
"6063","cleaned",41
"6064","cleaned",39
"6065","cleaned",40
"6066","cleaned",39
"6067","cleaned",39
"6068","cleaned",40
"6069","cleaned",40
"6070","cleaned",39
"6071","cleaned",40
"6072","cleaned",38
"6073","cleaned",40
"6074","cleaned",40
"6075","cleaned",38
"6076","cleaned",40
"6077","cleaned",39
"6078","cleaned",41
"6079","cleaned",40
"6080","cleaned",38
"6081","cleaned",40
"6082","cleaned",39
"6083","cleaned",40
"6084","cleaned",38
"6085","cleaned",40
"6086","cleaned",39
"6087","cleaned",39
"6088","cleaned",40
"6089","cleaned",39
"6090","cleaned",38
"6091","cleaned",39
"6092","cleaned",40
"6093","cleaned",40
"6094","cleaned",40
"6095","cleaned",39
"6096","cleaned",39
"6097","cleaned",40
"6098","cleaned",38
"6099","cleaned",39
"6100","cleaned",39
"6101","cleaned",39
"6102","cleaned",40
"6103","cleaned",39
"6104","cleaned",38
"6105","cleaned",39
"6106","cleaned",39
"6107","cleaned",40
"6108","cleaned",39
"6109","cleaned",39
"6110","cleaned",39
"6111","cleaned",40
"6112","cleaned",40
"6113","cleaned",38
"6114","cleaned",39
"6115","cleaned",40
"6116","cleaned",39
"6117","cleaned",39
"6118","cleaned",40
"6119","cleaned",38
"6120","cleaned",39
"6121","cleaned",41
"6122","cleaned",41
"6123","cleaned",39
"6124","cleaned",40
"6125","cleaned",38
"6126","cleaned",40
"6127","cleaned",39
"6128","cleaned",39
"6129","cleaned",40
"6130","cleaned",39
"6131","cleaned",39
"6132","cleaned",40
"6133","cleaned",39
"6134","cleaned",40
"6135","cleaned",40
"6136","cleaned",39
"6137","cleaned",38
"6138","cleaned",38
"6139","cleaned",39
"6140","cleaned",38
"6141","cleaned",40
"6142","cleaned",39
"6143","cleaned",39
"6144","cleaned",40
"6145","cleaned",38
"6146","cleaned",38
"6147","cleaned",40
"6148","cleaned",38
"6149","cleaned",38
"6150","cleaned",38
"6151","cleaned",40
"6152","cleaned",40
"6153","cleaned",40
"6154","cleaned",39
"6155","cleaned",38
"6156","cleaned",41
"6157","cleaned",40
"6158","cleaned",38
"6159","cleaned",40
"6160","cleaned",39
"6161","cleaned",40
"6162","cleaned",39
"6163","cleaned",38
"6164","cleaned",39
"6165","cleaned",38
"6166","cleaned",41
"6167","cleaned",40
"6168","cleaned",40
"6169","cleaned",40
"6170","cleaned",43
"6171","cleaned",41
"6172","cleaned",41
"6173","cleaned",42
"6174","cleaned",42
"6175","cleaned",41
"6176","cleaned",42
"6177","cleaned",42
"6178","cleaned",42
"6179","cleaned",43
"6180","cleaned",41
"6181","cleaned",41
"6182","cleaned",42
"6183","cleaned",43
"6184","cleaned",42
"6185","cleaned",42
"6186","cleaned",41
"6187","cleaned",43
"6188","cleaned",41
"6189","cleaned",42
"6190","cleaned",42
"6191","cleaned",43
"6192","cleaned",42
"6193","cleaned",42
"6194","cleaned",42
"6195","cleaned",42
"6196","cleaned",42
"6197","cleaned",42
"6198","cleaned",43
"6199","cleaned",43
"6200","cleaned",41
"6201","cleaned",42
"6202","cleaned",42
"6203","cleaned",43
"6204","cleaned",42
"6205","cleaned",41
"6206","cleaned",42
"6207","cleaned",41
"6208","cleaned",42
"6209","cleaned",43
"6210","cleaned",43
"6211","cleaned",42
"6212","cleaned",42
"6213","cleaned",41
"6214","cleaned",41
"6215","cleaned",41
"6216","cleaned",42
"6217","cleaned",42
"6218","cleaned",41
"6219","cleaned",42
"6220","cleaned",42
"6221","cleaned",43
"6222","cleaned",43
"6223","cleaned",43
"6224","cleaned",43
"6225","cleaned",41
"6226","cleaned",43
"6227","cleaned",43
"6228","cleaned",41
"6229","cleaned",42
"6230","cleaned",41
"6231","cleaned",41
"6232","cleaned",42
"6233","cleaned",42
"6234","cleaned",42
"6235","cleaned",43
"6236","cleaned",41
"6237","cleaned",42
"6238","cleaned",41
"6239","cleaned",43
"6240","cleaned",41
"6241","cleaned",43
"6242","cleaned",41
"6243","cleaned",42
"6244","cleaned",42
"6245","cleaned",42
"6246","cleaned",43
"6247","cleaned",43
"6248","cleaned",41
"6249","cleaned",41
"6250","cleaned",41
"6251","cleaned",42
"6252","cleaned",41
"6253","cleaned",42
"6254","cleaned",43
"6255","cleaned",42
"6256","cleaned",42
"6257","cleaned",41
"6258","cleaned",41
"6259","cleaned",43
"6260","cleaned",42
"6261","cleaned",42
"6262","cleaned",42
"6263","cleaned",42
"6264","cleaned",42
"6265","cleaned",42
"6266","cleaned",42
"6267","cleaned",42
"6268","cleaned",42
"6269","cleaned",42
"6270","cleaned",41
"6271","cleaned",42
"6272","cleaned",41
"6273","cleaned",43
"6274","cleaned",42
"6275","cleaned",42
"6276","cleaned",42
"6277","cleaned",42
"6278","cleaned",42
"6279","cleaned",42
"6280","cleaned",42
"6281","cleaned",41
"6282","cleaned",42
"6283","cleaned",42
"6284","cleaned",41
"6285","cleaned",41
"6286","cleaned",43
"6287","cleaned",42
"6288","cleaned",42
"6289","cleaned",42
"6290","cleaned",42
"6291","cleaned",43
"6292","cleaned",42
"6293","cleaned",42
"6294","cleaned",41
"6295","cleaned",41
"6296","cleaned",41
"6297","cleaned",42
"6298","cleaned",42
"6299","cleaned",43
"6300","cleaned",42
"6301","cleaned",42
"6302","cleaned",41
"6303","cleaned",43
"6304","cleaned",43
"6305","cleaned",41
"6306","cleaned",43
"6307","cleaned",41
"6308","cleaned",41
"6309","cleaned",42
"6310","cleaned",41
"6311","cleaned",43
"6312","cleaned",41
"6313","cleaned",42
"6314","cleaned",43
"6315","cleaned",43
"6316","cleaned",42
"6317","cleaned",41
"6318","cleaned",42
"6319","cleaned",42
"6320","cleaned",43
"6321","cleaned",41
"6322","cleaned",43
"6323","cleaned",42
"6324","cleaned",41
"6325","cleaned",43
"6326","cleaned",41
"6327","cleaned",42
"6328","cleaned",41
"6329","cleaned",41
"6330","cleaned",43
"6331","cleaned",42
"6332","cleaned",43
"6333","cleaned",43
"6334","cleaned",43
"6335","cleaned",41
"6336","cleaned",42
"6337","cleaned",43
"6338","cleaned",43
"6339","cleaned",41
"6340","cleaned",42
"6341","cleaned",42
"6342","cleaned",42
"6343","cleaned",43
"6344","cleaned",41
"6345","cleaned",43
"6346","cleaned",42
"6347","cleaned",42
"6348","cleaned",41
"6349","cleaned",42
"6350","cleaned",41
"6351","cleaned",43
"6352","cleaned",43
"6353","cleaned",41
"6354","cleaned",41
"6355","cleaned",42
"6356","cleaned",41
"6357","cleaned",42
"6358","cleaned",42
"6359","cleaned",42
"6360","cleaned",42
"6361","cleaned",43
"6362","cleaned",41
"6363","cleaned",42
"6364","cleaned",43
"6365","cleaned",43
"6366","cleaned",41
"6367","cleaned",43
"6368","cleaned",43
"6369","cleaned",43
"6370","cleaned",45
"6371","cleaned",44
"6372","cleaned",44
"6373","cleaned",44
"6374","cleaned",45
"6375","cleaned",43
"6376","cleaned",43
"6377","cleaned",44
"6378","cleaned",43
"6379","cleaned",43
"6380","cleaned",44
"6381","cleaned",45
"6382","cleaned",44
"6383","cleaned",43
"6384","cleaned",44
"6385","cleaned",43
"6386","cleaned",44
"6387","cleaned",44
"6388","cleaned",45
"6389","cleaned",45
"6390","cleaned",44
"6391","cleaned",45
"6392","cleaned",44
"6393","cleaned",45
"6394","cleaned",43
"6395","cleaned",45
"6396","cleaned",45
"6397","cleaned",44
"6398","cleaned",44
"6399","cleaned",45
"6400","cleaned",43
"6401","cleaned",43
"6402","cleaned",43
"6403","cleaned",44
"6404","cleaned",45
"6405","cleaned",43
"6406","cleaned",44
"6407","cleaned",43
"6408","cleaned",44
"6409","cleaned",45
"6410","cleaned",43
"6411","cleaned",44
"6412","cleaned",45
"6413","cleaned",44
"6414","cleaned",44
"6415","cleaned",45
"6416","cleaned",43
"6417","cleaned",44
"6418","cleaned",45
"6419","cleaned",45
"6420","cleaned",44
"6421","cleaned",44
"6422","cleaned",44
"6423","cleaned",44
"6424","cleaned",45
"6425","cleaned",44
"6426","cleaned",44
"6427","cleaned",45
"6428","cleaned",44
"6429","cleaned",45
"6430","cleaned",43
"6431","cleaned",44
"6432","cleaned",44
"6433","cleaned",45
"6434","cleaned",44
"6435","cleaned",44
"6436","cleaned",45
"6437","cleaned",43
"6438","cleaned",44
"6439","cleaned",44
"6440","cleaned",45
"6441","cleaned",44
"6442","cleaned",44
"6443","cleaned",44
"6444","cleaned",44
"6445","cleaned",45
"6446","cleaned",45
"6447","cleaned",45
"6448","cleaned",43
"6449","cleaned",44
"6450","cleaned",45
"6451","cleaned",45
"6452","cleaned",45
"6453","cleaned",44
"6454","cleaned",44
"6455","cleaned",44
"6456","cleaned",44
"6457","cleaned",44
"6458","cleaned",43
"6459","cleaned",44
"6460","cleaned",44
"6461","cleaned",44
"6462","cleaned",44
"6463","cleaned",44
"6464","cleaned",45
"6465","cleaned",45
"6466","cleaned",44
"6467","cleaned",45
"6468","cleaned",43
"6469","cleaned",45
"6470","cleaned",44
"6471","cleaned",44
"6472","cleaned",45
"6473","cleaned",44
"6474","cleaned",43
"6475","cleaned",44
"6476","cleaned",44
"6477","cleaned",44
"6478","cleaned",45
"6479","cleaned",44
"6480","cleaned",45
"6481","cleaned",45
"6482","cleaned",45
"6483","cleaned",43
"6484","cleaned",45
"6485","cleaned",44
"6486","cleaned",44
"6487","cleaned",44
"6488","cleaned",44
"6489","cleaned",45
"6490","cleaned",45
"6491","cleaned",43
"6492","cleaned",45
"6493","cleaned",44
"6494","cleaned",45
"6495","cleaned",44
"6496","cleaned",44
"6497","cleaned",44
"6498","cleaned",44
"6499","cleaned",44
"6500","cleaned",44
"6501","cleaned",45
"6502","cleaned",44
"6503","cleaned",44
"6504","cleaned",44
"6505","cleaned",44
"6506","cleaned",43
"6507","cleaned",45
"6508","cleaned",44
"6509","cleaned",43
"6510","cleaned",44
"6511","cleaned",45
"6512","cleaned",45
"6513","cleaned",43
"6514","cleaned",45
"6515","cleaned",44
"6516","cleaned",43
"6517","cleaned",45
"6518","cleaned",44
"6519","cleaned",44
"6520","cleaned",43
"6521","cleaned",44
"6522","cleaned",43
"6523","cleaned",43
"6524","cleaned",45
"6525","cleaned",45
"6526","cleaned",44
"6527","cleaned",43
"6528","cleaned",44
"6529","cleaned",44
"6530","cleaned",44
"6531","cleaned",44
"6532","cleaned",45
"6533","cleaned",45
"6534","cleaned",45
"6535","cleaned",44
"6536","cleaned",44
"6537","cleaned",44
"6538","cleaned",43
"6539","cleaned",43
"6540","cleaned",45
"6541","cleaned",45
"6542","cleaned",44
"6543","cleaned",44
"6544","cleaned",45
"6545","cleaned",44
"6546","cleaned",44
"6547","cleaned",43
"6548","cleaned",43
"6549","cleaned",44
"6550","cleaned",44
"6551","cleaned",45
"6552","cleaned",43
"6553","cleaned",44
"6554","cleaned",43
"6555","cleaned",44
"6556","cleaned",43
"6557","cleaned",44
"6558","cleaned",45
"6559","cleaned",44
"6560","cleaned",44
"6561","cleaned",44
"6562","cleaned",44
"6563","cleaned",44
"6564","cleaned",44
"6565","cleaned",44
"6566","cleaned",44
"6567","cleaned",43
"6568","cleaned",44
"6569","cleaned",43
"6570","cleaned",46
"6571","cleaned",46
"6572","cleaned",47
"6573","cleaned",46
"6574","cleaned",46
"6575","cleaned",46
"6576","cleaned",46
"6577","cleaned",45
"6578","cleaned",47
"6579","cleaned",45
"6580","cleaned",46
"6581","cleaned",46
"6582","cleaned",46
"6583","cleaned",46
"6584","cleaned",46
"6585","cleaned",46
"6586","cleaned",46
"6587","cleaned",45
"6588","cleaned",46
"6589","cleaned",46
"6590","cleaned",46
"6591","cleaned",46
"6592","cleaned",46
"6593","cleaned",47
"6594","cleaned",46
"6595","cleaned",45
"6596","cleaned",45
"6597","cleaned",46
"6598","cleaned",47
"6599","cleaned",46
"6600","cleaned",46
"6601","cleaned",47
"6602","cleaned",46
"6603","cleaned",45
"6604","cleaned",46
"6605","cleaned",46
"6606","cleaned",46
"6607","cleaned",45
"6608","cleaned",46
"6609","cleaned",45
"6610","cleaned",47
"6611","cleaned",47
"6612","cleaned",47
"6613","cleaned",46
"6614","cleaned",46
"6615","cleaned",45
"6616","cleaned",45
"6617","cleaned",46
"6618","cleaned",46
"6619","cleaned",46
"6620","cleaned",47
"6621","cleaned",46
"6622","cleaned",45
"6623","cleaned",45
"6624","cleaned",45
"6625","cleaned",45
"6626","cleaned",46
"6627","cleaned",46
"6628","cleaned",46
"6629","cleaned",45
"6630","cleaned",47
"6631","cleaned",46
"6632","cleaned",46
"6633","cleaned",45
"6634","cleaned",46
"6635","cleaned",46
"6636","cleaned",45
"6637","cleaned",46
"6638","cleaned",45
"6639","cleaned",45
"6640","cleaned",46
"6641","cleaned",45
"6642","cleaned",47
"6643","cleaned",46
"6644","cleaned",47
"6645","cleaned",46
"6646","cleaned",46
"6647","cleaned",46
"6648","cleaned",46
"6649","cleaned",47
"6650","cleaned",45
"6651","cleaned",45
"6652","cleaned",46
"6653","cleaned",46
"6654","cleaned",45
"6655","cleaned",45
"6656","cleaned",46
"6657","cleaned",45
"6658","cleaned",45
"6659","cleaned",45
"6660","cleaned",47
"6661","cleaned",46
"6662","cleaned",46
"6663","cleaned",46
"6664","cleaned",46
"6665","cleaned",46
"6666","cleaned",45
"6667","cleaned",46
"6668","cleaned",47
"6669","cleaned",45
"6670","cleaned",46
"6671","cleaned",45
"6672","cleaned",47
"6673","cleaned",46
"6674","cleaned",47
"6675","cleaned",46
"6676","cleaned",45
"6677","cleaned",46
"6678","cleaned",46
"6679","cleaned",45
"6680","cleaned",46
"6681","cleaned",46
"6682","cleaned",46
"6683","cleaned",45
"6684","cleaned",46
"6685","cleaned",46
"6686","cleaned",45
"6687","cleaned",45
"6688","cleaned",45
"6689","cleaned",45
"6690","cleaned",46
"6691","cleaned",45
"6692","cleaned",46
"6693","cleaned",47
"6694","cleaned",47
"6695","cleaned",46
"6696","cleaned",45
"6697","cleaned",46
"6698","cleaned",47
"6699","cleaned",46
"6700","cleaned",45
"6701","cleaned",46
"6702","cleaned",46
"6703","cleaned",46
"6704","cleaned",46
"6705","cleaned",46
"6706","cleaned",46
"6707","cleaned",46
"6708","cleaned",46
"6709","cleaned",46
"6710","cleaned",45
"6711","cleaned",46
"6712","cleaned",45
"6713","cleaned",45
"6714","cleaned",46
"6715","cleaned",46
"6716","cleaned",45
"6717","cleaned",46
"6718","cleaned",45
"6719","cleaned",46
"6720","cleaned",45
"6721","cleaned",45
"6722","cleaned",46
"6723","cleaned",46
"6724","cleaned",45
"6725","cleaned",46
"6726","cleaned",45
"6727","cleaned",46
"6728","cleaned",46
"6729","cleaned",47
"6730","cleaned",47
"6731","cleaned",46
"6732","cleaned",46
"6733","cleaned",47
"6734","cleaned",46
"6735","cleaned",46
"6736","cleaned",46
"6737","cleaned",46
"6738","cleaned",46
"6739","cleaned",46
"6740","cleaned",46
"6741","cleaned",47
"6742","cleaned",46
"6743","cleaned",46
"6744","cleaned",46
"6745","cleaned",46
"6746","cleaned",46
"6747","cleaned",45
"6748","cleaned",45
"6749","cleaned",46
"6750","cleaned",47
"6751","cleaned",46
"6752","cleaned",46
"6753","cleaned",46
"6754","cleaned",46
"6755","cleaned",45
"6756","cleaned",46
"6757","cleaned",46
"6758","cleaned",47
"6759","cleaned",47
"6760","cleaned",47
"6761","cleaned",46
"6762","cleaned",45
"6763","cleaned",45
"6764","cleaned",46
"6765","cleaned",46
"6766","cleaned",46
"6767","cleaned",46
"6768","cleaned",46
"6769","cleaned",45
"6770","cleaned",48
"6771","cleaned",47
"6772","cleaned",47
"6773","cleaned",48
"6774","cleaned",47
"6775","cleaned",47
"6776","cleaned",48
"6777","cleaned",48
"6778","cleaned",47
"6779","cleaned",48
"6780","cleaned",48
"6781","cleaned",48
"6782","cleaned",47
"6783","cleaned",47
"6784","cleaned",48
"6785","cleaned",48
"6786","cleaned",47
"6787","cleaned",48
"6788","cleaned",48
"6789","cleaned",47
"6790","cleaned",48
"6791","cleaned",47
"6792","cleaned",48
"6793","cleaned",47
"6794","cleaned",48
"6795","cleaned",48
"6796","cleaned",48
"6797","cleaned",48
"6798","cleaned",48
"6799","cleaned",48
"6800","cleaned",48
"6801","cleaned",47
"6802","cleaned",47
"6803","cleaned",47
"6804","cleaned",48
"6805","cleaned",47
"6806","cleaned",48
"6807","cleaned",47
"6808","cleaned",48
"6809","cleaned",47
"6810","cleaned",48
"6811","cleaned",48
"6812","cleaned",48
"6813","cleaned",47
"6814","cleaned",48
"6815","cleaned",47
"6816","cleaned",48
"6817","cleaned",48
"6818","cleaned",48
"6819","cleaned",48
"6820","cleaned",47
"6821","cleaned",48
"6822","cleaned",48
"6823","cleaned",47
"6824","cleaned",47
"6825","cleaned",48
"6826","cleaned",48
"6827","cleaned",47
"6828","cleaned",48
"6829","cleaned",48
"6830","cleaned",47
"6831","cleaned",48
"6832","cleaned",48
"6833","cleaned",47
"6834","cleaned",48
"6835","cleaned",47
"6836","cleaned",47
"6837","cleaned",48
"6838","cleaned",47
"6839","cleaned",48
"6840","cleaned",47
"6841","cleaned",48
"6842","cleaned",47
"6843","cleaned",48
"6844","cleaned",48
"6845","cleaned",47
"6846","cleaned",48
"6847","cleaned",47
"6848","cleaned",47
"6849","cleaned",47
"6850","cleaned",48
"6851","cleaned",47
"6852","cleaned",48
"6853","cleaned",48
"6854","cleaned",48
"6855","cleaned",48
"6856","cleaned",48
"6857","cleaned",47
"6858","cleaned",48
"6859","cleaned",47
"6860","cleaned",47
"6861","cleaned",47
"6862","cleaned",48
"6863","cleaned",48
"6864","cleaned",48
"6865","cleaned",47
"6866","cleaned",47
"6867","cleaned",48
"6868","cleaned",47
"6869","cleaned",48
"6870","cleaned",47
"6871","cleaned",48
"6872","cleaned",48
"6873","cleaned",48
"6874","cleaned",47
"6875","cleaned",48
"6876","cleaned",48
"6877","cleaned",47
"6878","cleaned",48
"6879","cleaned",47
"6880","cleaned",48
"6881","cleaned",47
"6882","cleaned",48
"6883","cleaned",48
"6884","cleaned",47
"6885","cleaned",47
"6886","cleaned",47
"6887","cleaned",48
"6888","cleaned",48
"6889","cleaned",47
"6890","cleaned",48
"6891","cleaned",48
"6892","cleaned",48
"6893","cleaned",47
"6894","cleaned",47
"6895","cleaned",47
"6896","cleaned",48
"6897","cleaned",48
"6898","cleaned",47
"6899","cleaned",48
"6900","cleaned",47
"6901","cleaned",48
"6902","cleaned",47
"6903","cleaned",48
"6904","cleaned",48
"6905","cleaned",47
"6906","cleaned",47
"6907","cleaned",47
"6908","cleaned",48
"6909","cleaned",47
"6910","cleaned",48
"6911","cleaned",47
"6912","cleaned",48
"6913","cleaned",48
"6914","cleaned",47
"6915","cleaned",48
"6916","cleaned",48
"6917","cleaned",47
"6918","cleaned",48
"6919","cleaned",48
"6920","cleaned",48
"6921","cleaned",47
"6922","cleaned",47
"6923","cleaned",48
"6924","cleaned",47
"6925","cleaned",48
"6926","cleaned",47
"6927","cleaned",47
"6928","cleaned",48
"6929","cleaned",48
"6930","cleaned",48
"6931","cleaned",47
"6932","cleaned",48
"6933","cleaned",47
"6934","cleaned",48
"6935","cleaned",47
"6936","cleaned",47
"6937","cleaned",48
"6938","cleaned",48
"6939","cleaned",47
"6940","cleaned",47
"6941","cleaned",48
"6942","cleaned",47
"6943","cleaned",47
"6944","cleaned",47
"6945","cleaned",48
"6946","cleaned",47
"6947","cleaned",48
"6948","cleaned",48
"6949","cleaned",47
"6950","cleaned",47
"6951","cleaned",48
"6952","cleaned",47
"6953","cleaned",48
"6954","cleaned",48
"6955","cleaned",47
"6956","cleaned",48
"6957","cleaned",48
"6958","cleaned",47
"6959","cleaned",47
"6960","cleaned",48
"6961","cleaned",47
"6962","cleaned",48
"6963","cleaned",48
"6964","cleaned",47
"6965","cleaned",47
"6966","cleaned",47
"6967","cleaned",47
"6968","cleaned",48
"6969","cleaned",47
"6970","cleaned",49
"6971","cleaned",49
"6972","cleaned",50
"6973","cleaned",49
"6974","cleaned",49
"6975","cleaned",49
"6976","cleaned",49
"6977","cleaned",49
"6978","cleaned",49
"6979","cleaned",49
"6980","cleaned",49
"6981","cleaned",49
"6982","cleaned",48
"6983","cleaned",49
"6984","cleaned",49
"6985","cleaned",49
"6986","cleaned",49
"6987","cleaned",49
"6988","cleaned",50
"6989","cleaned",49
"6990","cleaned",49
"6991","cleaned",49
"6992","cleaned",49
"6993","cleaned",49
"6994","cleaned",49
"6995","cleaned",49
"6996","cleaned",48
"6997","cleaned",49
"6998","cleaned",49
"6999","cleaned",48
"7000","cleaned",50
"7001","cleaned",49
"7002","cleaned",49
"7003","cleaned",49
"7004","cleaned",48
"7005","cleaned",48
"7006","cleaned",49
"7007","cleaned",49
"7008","cleaned",48
"7009","cleaned",49
"7010","cleaned",49
"7011","cleaned",49
"7012","cleaned",49
"7013","cleaned",50
"7014","cleaned",49
"7015","cleaned",49
"7016","cleaned",49
"7017","cleaned",48
"7018","cleaned",49
"7019","cleaned",49
"7020","cleaned",49
"7021","cleaned",49
"7022","cleaned",48
"7023","cleaned",48
"7024","cleaned",48
"7025","cleaned",50
"7026","cleaned",49
"7027","cleaned",49
"7028","cleaned",49
"7029","cleaned",49
"7030","cleaned",48
"7031","cleaned",49
"7032","cleaned",48
"7033","cleaned",49
"7034","cleaned",49
"7035","cleaned",49
"7036","cleaned",49
"7037","cleaned",49
"7038","cleaned",49
"7039","cleaned",50
"7040","cleaned",48
"7041","cleaned",50
"7042","cleaned",49
"7043","cleaned",49
"7044","cleaned",49
"7045","cleaned",49
"7046","cleaned",49
"7047","cleaned",48
"7048","cleaned",49
"7049","cleaned",49
"7050","cleaned",49
"7051","cleaned",49
"7052","cleaned",49
"7053","cleaned",48
"7054","cleaned",49
"7055","cleaned",49
"7056","cleaned",48
"7057","cleaned",49
"7058","cleaned",49
"7059","cleaned",49
"7060","cleaned",49
"7061","cleaned",50
"7062","cleaned",49
"7063","cleaned",48
"7064","cleaned",49
"7065","cleaned",49
"7066","cleaned",49
"7067","cleaned",49
"7068","cleaned",49
"7069","cleaned",49
"7070","cleaned",50
"7071","cleaned",49
"7072","cleaned",50
"7073","cleaned",49
"7074","cleaned",49
"7075","cleaned",49
"7076","cleaned",49
"7077","cleaned",49
"7078","cleaned",49
"7079","cleaned",49
"7080","cleaned",49
"7081","cleaned",49
"7082","cleaned",49
"7083","cleaned",48
"7084","cleaned",49
"7085","cleaned",49
"7086","cleaned",49
"7087","cleaned",48
"7088","cleaned",49
"7089","cleaned",49
"7090","cleaned",48
"7091","cleaned",49
"7092","cleaned",49
"7093","cleaned",49
"7094","cleaned",49
"7095","cleaned",49
"7096","cleaned",49
"7097","cleaned",48
"7098","cleaned",49
"7099","cleaned",49
"7100","cleaned",49
"7101","cleaned",49
"7102","cleaned",49
"7103","cleaned",49
"7104","cleaned",49
"7105","cleaned",49
"7106","cleaned",49
"7107","cleaned",49
"7108","cleaned",48
"7109","cleaned",49
"7110","cleaned",49
"7111","cleaned",49
"7112","cleaned",50
"7113","cleaned",49
"7114","cleaned",48
"7115","cleaned",48
"7116","cleaned",49
"7117","cleaned",49
"7118","cleaned",49
"7119","cleaned",48
"7120","cleaned",49
"7121","cleaned",49
"7122","cleaned",49
"7123","cleaned",49
"7124","cleaned",48
"7125","cleaned",49
"7126","cleaned",49
"7127","cleaned",49
"7128","cleaned",49
"7129","cleaned",49
"7130","cleaned",49
"7131","cleaned",49
"7132","cleaned",49
"7133","cleaned",49
"7134","cleaned",49
"7135","cleaned",50
"7136","cleaned",49
"7137","cleaned",49
"7138","cleaned",50
"7139","cleaned",49
"7140","cleaned",49
"7141","cleaned",49
"7142","cleaned",49
"7143","cleaned",50
"7144","cleaned",48
"7145","cleaned",49
"7146","cleaned",49
"7147","cleaned",49
"7148","cleaned",49
"7149","cleaned",50
"7150","cleaned",49
"7151","cleaned",49
"7152","cleaned",49
"7153","cleaned",48
"7154","cleaned",48
"7155","cleaned",50
"7156","cleaned",48
"7157","cleaned",49
"7158","cleaned",48
"7159","cleaned",48
"7160","cleaned",49
"7161","cleaned",49
"7162","cleaned",49
"7163","cleaned",49
"7164","cleaned",48
"7165","cleaned",49
"7166","cleaned",49
"7167","cleaned",49
"7168","cleaned",49
"7169","cleaned",48
"7170","cleaned",51
"7171","cleaned",50
"7172","cleaned",50
"7173","cleaned",50
"7174","cleaned",50
"7175","cleaned",50
"7176","cleaned",50
"7177","cleaned",50
"7178","cleaned",51
"7179","cleaned",50
"7180","cleaned",50
"7181","cleaned",50
"7182","cleaned",50
"7183","cleaned",50
"7184","cleaned",50
"7185","cleaned",51
"7186","cleaned",51
"7187","cleaned",51
"7188","cleaned",50
"7189","cleaned",51
"7190","cleaned",51
"7191","cleaned",50
"7192","cleaned",50
"7193","cleaned",50
"7194","cleaned",51
"7195","cleaned",51
"7196","cleaned",50
"7197","cleaned",51
"7198","cleaned",51
"7199","cleaned",50
"7200","cleaned",51
"7201","cleaned",51
"7202","cleaned",50
"7203","cleaned",51
"7204","cleaned",50
"7205","cleaned",51
"7206","cleaned",50
"7207","cleaned",50
"7208","cleaned",50
"7209","cleaned",50
"7210","cleaned",51
"7211","cleaned",50
"7212","cleaned",50
"7213","cleaned",51
"7214","cleaned",50
"7215","cleaned",50
"7216","cleaned",50
"7217","cleaned",50
"7218","cleaned",51
"7219","cleaned",50
"7220","cleaned",50
"7221","cleaned",50
"7222","cleaned",50
"7223","cleaned",51
"7224","cleaned",50
"7225","cleaned",50
"7226","cleaned",50
"7227","cleaned",50
"7228","cleaned",50
"7229","cleaned",50
"7230","cleaned",50
"7231","cleaned",50
"7232","cleaned",50
"7233","cleaned",50
"7234","cleaned",50
"7235","cleaned",50
"7236","cleaned",50
"7237","cleaned",50
"7238","cleaned",50
"7239","cleaned",50
"7240","cleaned",50
"7241","cleaned",51
"7242","cleaned",50
"7243","cleaned",51
"7244","cleaned",50
"7245","cleaned",50
"7246","cleaned",50
"7247","cleaned",51
"7248","cleaned",50
"7249","cleaned",51
"7250","cleaned",50
"7251","cleaned",51
"7252","cleaned",50
"7253","cleaned",50
"7254","cleaned",50
"7255","cleaned",50
"7256","cleaned",51
"7257","cleaned",50
"7258","cleaned",50
"7259","cleaned",51
"7260","cleaned",50
"7261","cleaned",50
"7262","cleaned",51
"7263","cleaned",51
"7264","cleaned",50
"7265","cleaned",50
"7266","cleaned",50
"7267","cleaned",51
"7268","cleaned",51
"7269","cleaned",50
"7270","cleaned",51
"7271","cleaned",50
"7272","cleaned",50
"7273","cleaned",50
"7274","cleaned",50
"7275","cleaned",50
"7276","cleaned",50
"7277","cleaned",51
"7278","cleaned",50
"7279","cleaned",50
"7280","cleaned",50
"7281","cleaned",50
"7282","cleaned",50
"7283","cleaned",51
"7284","cleaned",50
"7285","cleaned",50
"7286","cleaned",50
"7287","cleaned",50
"7288","cleaned",51
"7289","cleaned",50
"7290","cleaned",50
"7291","cleaned",50
"7292","cleaned",51
"7293","cleaned",50
"7294","cleaned",51
"7295","cleaned",50
"7296","cleaned",50
"7297","cleaned",50
"7298","cleaned",50
"7299","cleaned",51
"7300","cleaned",50
"7301","cleaned",50
"7302","cleaned",51
"7303","cleaned",50
"7304","cleaned",50
"7305","cleaned",50
"7306","cleaned",50
"7307","cleaned",50
"7308","cleaned",51
"7309","cleaned",50
"7310","cleaned",50
"7311","cleaned",50
"7312","cleaned",50
"7313","cleaned",50
"7314","cleaned",50
"7315","cleaned",50
"7316","cleaned",50
"7317","cleaned",50
"7318","cleaned",51
"7319","cleaned",50
"7320","cleaned",50
"7321","cleaned",50
"7322","cleaned",50
"7323","cleaned",50
"7324","cleaned",50
"7325","cleaned",51
"7326","cleaned",50
"7327","cleaned",50
"7328","cleaned",50
"7329","cleaned",50
"7330","cleaned",50
"7331","cleaned",50
"7332","cleaned",51
"7333","cleaned",51
"7334","cleaned",50
"7335","cleaned",51
"7336","cleaned",50
"7337","cleaned",50
"7338","cleaned",50
"7339","cleaned",50
"7340","cleaned",50
"7341","cleaned",50
"7342","cleaned",50
"7343","cleaned",50
"7344","cleaned",51
"7345","cleaned",50
"7346","cleaned",50
"7347","cleaned",50
"7348","cleaned",50
"7349","cleaned",50
"7350","cleaned",51
"7351","cleaned",51
"7352","cleaned",50
"7353","cleaned",51
"7354","cleaned",50
"7355","cleaned",50
"7356","cleaned",50
"7357","cleaned",50
"7358","cleaned",50
"7359","cleaned",51
"7360","cleaned",50
"7361","cleaned",50
"7362","cleaned",50
"7363","cleaned",51
"7364","cleaned",50
"7365","cleaned",51
"7366","cleaned",50
"7367","cleaned",50
"7368","cleaned",50
"7369","cleaned",50
"7370","cleaned",51
"7371","cleaned",52
"7372","cleaned",51
"7373","cleaned",51
"7374","cleaned",51
"7375","cleaned",52
"7376","cleaned",52
"7377","cleaned",52
"7378","cleaned",52
"7379","cleaned",52
"7380","cleaned",51
"7381","cleaned",51
"7382","cleaned",51
"7383","cleaned",51
"7384","cleaned",51
"7385","cleaned",52
"7386","cleaned",52
"7387","cleaned",51
"7388","cleaned",51
"7389","cleaned",52
"7390","cleaned",51
"7391","cleaned",51
"7392","cleaned",51
"7393","cleaned",52
"7394","cleaned",51
"7395","cleaned",52
"7396","cleaned",51
"7397","cleaned",51
"7398","cleaned",52
"7399","cleaned",52
"7400","cleaned",51
"7401","cleaned",52
"7402","cleaned",52
"7403","cleaned",52
"7404","cleaned",52
"7405","cleaned",52
"7406","cleaned",52
"7407","cleaned",52
"7408","cleaned",52
"7409","cleaned",51
"7410","cleaned",51
"7411","cleaned",52
"7412","cleaned",51
"7413","cleaned",52
"7414","cleaned",52
"7415","cleaned",51
"7416","cleaned",52
"7417","cleaned",52
"7418","cleaned",51
"7419","cleaned",51
"7420","cleaned",51
"7421","cleaned",52
"7422","cleaned",52
"7423","cleaned",51
"7424","cleaned",52
"7425","cleaned",51
"7426","cleaned",52
"7427","cleaned",51
"7428","cleaned",51
"7429","cleaned",51
"7430","cleaned",51
"7431","cleaned",51
"7432","cleaned",51
"7433","cleaned",52
"7434","cleaned",51
"7435","cleaned",52
"7436","cleaned",52
"7437","cleaned",52
"7438","cleaned",51
"7439","cleaned",52
"7440","cleaned",51
"7441","cleaned",52
"7442","cleaned",52
"7443","cleaned",52
"7444","cleaned",51
"7445","cleaned",51
"7446","cleaned",52
"7447","cleaned",52
"7448","cleaned",52
"7449","cleaned",52
"7450","cleaned",52
"7451","cleaned",52
"7452","cleaned",52
"7453","cleaned",52
"7454","cleaned",52
"7455","cleaned",52
"7456","cleaned",52
"7457","cleaned",52
"7458","cleaned",52
"7459","cleaned",51
"7460","cleaned",51
"7461","cleaned",51
"7462","cleaned",52
"7463","cleaned",52
"7464","cleaned",52
"7465","cleaned",51
"7466","cleaned",52
"7467","cleaned",52
"7468","cleaned",51
"7469","cleaned",52
"7470","cleaned",52
"7471","cleaned",52
"7472","cleaned",52
"7473","cleaned",52
"7474","cleaned",52
"7475","cleaned",52
"7476","cleaned",52
"7477","cleaned",51
"7478","cleaned",52
"7479","cleaned",51
"7480","cleaned",52
"7481","cleaned",52
"7482","cleaned",52
"7483","cleaned",52
"7484","cleaned",52
"7485","cleaned",52
"7486","cleaned",51
"7487","cleaned",51
"7488","cleaned",51
"7489","cleaned",52
"7490","cleaned",51
"7491","cleaned",52
"7492","cleaned",51
"7493","cleaned",51
"7494","cleaned",51
"7495","cleaned",52
"7496","cleaned",51
"7497","cleaned",52
"7498","cleaned",51
"7499","cleaned",51
"7500","cleaned",51
"7501","cleaned",52
"7502","cleaned",52
"7503","cleaned",52
"7504","cleaned",52
"7505","cleaned",51
"7506","cleaned",51
"7507","cleaned",51
"7508","cleaned",51
"7509","cleaned",51
"7510","cleaned",51
"7511","cleaned",52
"7512","cleaned",51
"7513","cleaned",52
"7514","cleaned",51
"7515","cleaned",52
"7516","cleaned",52
"7517","cleaned",52
"7518","cleaned",51
"7519","cleaned",51
"7520","cleaned",51
"7521","cleaned",52
"7522","cleaned",52
"7523","cleaned",52
"7524","cleaned",52
"7525","cleaned",51
"7526","cleaned",52
"7527","cleaned",51
"7528","cleaned",51
"7529","cleaned",51
"7530","cleaned",51
"7531","cleaned",52
"7532","cleaned",51
"7533","cleaned",51
"7534","cleaned",51
"7535","cleaned",51
"7536","cleaned",51
"7537","cleaned",52
"7538","cleaned",52
"7539","cleaned",51
"7540","cleaned",51
"7541","cleaned",52
"7542","cleaned",51
"7543","cleaned",51
"7544","cleaned",52
"7545","cleaned",52
"7546","cleaned",51
"7547","cleaned",51
"7548","cleaned",51
"7549","cleaned",52
"7550","cleaned",51
"7551","cleaned",52
"7552","cleaned",52
"7553","cleaned",51
"7554","cleaned",52
"7555","cleaned",51
"7556","cleaned",51
"7557","cleaned",51
"7558","cleaned",51
"7559","cleaned",51
"7560","cleaned",52
"7561","cleaned",51
"7562","cleaned",51
"7563","cleaned",51
"7564","cleaned",52
"7565","cleaned",51
"7566","cleaned",51
"7567","cleaned",52
"7568","cleaned",52
"7569","cleaned",52
"7570","cleaned",53
"7571","cleaned",53
"7572","cleaned",52
"7573","cleaned",53
"7574","cleaned",52
"7575","cleaned",52
"7576","cleaned",53
"7577","cleaned",52
"7578","cleaned",53
"7579","cleaned",53
"7580","cleaned",53
"7581","cleaned",53
"7582","cleaned",52
"7583","cleaned",53
"7584","cleaned",53
"7585","cleaned",53
"7586","cleaned",53
"7587","cleaned",53
"7588","cleaned",52
"7589","cleaned",52
"7590","cleaned",52
"7591","cleaned",53
"7592","cleaned",52
"7593","cleaned",53
"7594","cleaned",53
"7595","cleaned",53
"7596","cleaned",53
"7597","cleaned",52
"7598","cleaned",53
"7599","cleaned",53
"7600","cleaned",52
"7601","cleaned",53
"7602","cleaned",53
"7603","cleaned",52
"7604","cleaned",53
"7605","cleaned",53
"7606","cleaned",52
"7607","cleaned",52
"7608","cleaned",53
"7609","cleaned",52
"7610","cleaned",53
"7611","cleaned",52
"7612","cleaned",53
"7613","cleaned",52
"7614","cleaned",53
"7615","cleaned",53
"7616","cleaned",52
"7617","cleaned",53
"7618","cleaned",53
"7619","cleaned",53
"7620","cleaned",52
"7621","cleaned",52
"7622","cleaned",52
"7623","cleaned",53
"7624","cleaned",52
"7625","cleaned",53
"7626","cleaned",52
"7627","cleaned",53
"7628","cleaned",53
"7629","cleaned",53
"7630","cleaned",53
"7631","cleaned",52
"7632","cleaned",52
"7633","cleaned",52
"7634","cleaned",53
"7635","cleaned",53
"7636","cleaned",52
"7637","cleaned",52
"7638","cleaned",52
"7639","cleaned",52
"7640","cleaned",53
"7641","cleaned",53
"7642","cleaned",53
"7643","cleaned",53
"7644","cleaned",52
"7645","cleaned",53
"7646","cleaned",52
"7647","cleaned",53
"7648","cleaned",52
"7649","cleaned",53
"7650","cleaned",53
"7651","cleaned",52
"7652","cleaned",52
"7653","cleaned",53
"7654","cleaned",53
"7655","cleaned",53
"7656","cleaned",53
"7657","cleaned",53
"7658","cleaned",52
"7659","cleaned",52
"7660","cleaned",52
"7661","cleaned",52
"7662","cleaned",52
"7663","cleaned",53
"7664","cleaned",52
"7665","cleaned",52
"7666","cleaned",52
"7667","cleaned",53
"7668","cleaned",53
"7669","cleaned",52
"7670","cleaned",52
"7671","cleaned",52
"7672","cleaned",53
"7673","cleaned",53
"7674","cleaned",53
"7675","cleaned",52
"7676","cleaned",53
"7677","cleaned",53
"7678","cleaned",53
"7679","cleaned",52
"7680","cleaned",52
"7681","cleaned",53
"7682","cleaned",53
"7683","cleaned",52
"7684","cleaned",53
"7685","cleaned",52
"7686","cleaned",53
"7687","cleaned",53
"7688","cleaned",52
"7689","cleaned",53
"7690","cleaned",53
"7691","cleaned",53
"7692","cleaned",52
"7693","cleaned",53
"7694","cleaned",53
"7695","cleaned",53
"7696","cleaned",53
"7697","cleaned",52
"7698","cleaned",53
"7699","cleaned",53
"7700","cleaned",52
"7701","cleaned",52
"7702","cleaned",53
"7703","cleaned",53
"7704","cleaned",53
"7705","cleaned",52
"7706","cleaned",53
"7707","cleaned",53
"7708","cleaned",53
"7709","cleaned",53
"7710","cleaned",52
"7711","cleaned",53
"7712","cleaned",53
"7713","cleaned",53
"7714","cleaned",53
"7715","cleaned",52
"7716","cleaned",52
"7717","cleaned",53
"7718","cleaned",52
"7719","cleaned",53
"7720","cleaned",53
"7721","cleaned",53
"7722","cleaned",53
"7723","cleaned",53
"7724","cleaned",52
"7725","cleaned",53
"7726","cleaned",53
"7727","cleaned",52
"7728","cleaned",53
"7729","cleaned",52
"7730","cleaned",52
"7731","cleaned",53
"7732","cleaned",52
"7733","cleaned",53
"7734","cleaned",53
"7735","cleaned",53
"7736","cleaned",53
"7737","cleaned",53
"7738","cleaned",52
"7739","cleaned",52
"7740","cleaned",53
"7741","cleaned",53
"7742","cleaned",53
"7743","cleaned",53
"7744","cleaned",52
"7745","cleaned",53
"7746","cleaned",53
"7747","cleaned",52
"7748","cleaned",53
"7749","cleaned",53
"7750","cleaned",53
"7751","cleaned",52
"7752","cleaned",53
"7753","cleaned",53
"7754","cleaned",52
"7755","cleaned",53
"7756","cleaned",53
"7757","cleaned",53
"7758","cleaned",52
"7759","cleaned",53
"7760","cleaned",53
"7761","cleaned",52
"7762","cleaned",52
"7763","cleaned",52
"7764","cleaned",52
"7765","cleaned",52
"7766","cleaned",53
"7767","cleaned",53
"7768","cleaned",53
"7769","cleaned",53
"7770","cleaned",53
"7771","cleaned",54
"7772","cleaned",53
"7773","cleaned",53
"7774","cleaned",53
"7775","cleaned",54
"7776","cleaned",53
"7777","cleaned",53
"7778","cleaned",54
"7779","cleaned",54
"7780","cleaned",54
"7781","cleaned",54
"7782","cleaned",53
"7783","cleaned",54
"7784","cleaned",54
"7785","cleaned",54
"7786","cleaned",54
"7787","cleaned",53
"7788","cleaned",53
"7789","cleaned",54
"7790","cleaned",54
"7791","cleaned",53
"7792","cleaned",54
"7793","cleaned",54
"7794","cleaned",54
"7795","cleaned",53
"7796","cleaned",54
"7797","cleaned",54
"7798","cleaned",54
"7799","cleaned",53
"7800","cleaned",54
"7801","cleaned",53
"7802","cleaned",53
"7803","cleaned",54
"7804","cleaned",54
"7805","cleaned",54
"7806","cleaned",54
"7807","cleaned",54
"7808","cleaned",54
"7809","cleaned",53
"7810","cleaned",54
"7811","cleaned",53
"7812","cleaned",53
"7813","cleaned",53
"7814","cleaned",54
"7815","cleaned",54
"7816","cleaned",53
"7817","cleaned",54
"7818","cleaned",54
"7819","cleaned",54
"7820","cleaned",54
"7821","cleaned",54
"7822","cleaned",54
"7823","cleaned",53
"7824","cleaned",54
"7825","cleaned",53
"7826","cleaned",53
"7827","cleaned",54
"7828","cleaned",54
"7829","cleaned",54
"7830","cleaned",53
"7831","cleaned",54
"7832","cleaned",54
"7833","cleaned",54
"7834","cleaned",54
"7835","cleaned",53
"7836","cleaned",54
"7837","cleaned",53
"7838","cleaned",54
"7839","cleaned",53
"7840","cleaned",54
"7841","cleaned",54
"7842","cleaned",53
"7843","cleaned",53
"7844","cleaned",54
"7845","cleaned",54
"7846","cleaned",54
"7847","cleaned",54
"7848","cleaned",54
"7849","cleaned",53
"7850","cleaned",53
"7851","cleaned",54
"7852","cleaned",53
"7853","cleaned",54
"7854","cleaned",54
"7855","cleaned",54
"7856","cleaned",53
"7857","cleaned",54
"7858","cleaned",54
"7859","cleaned",54
"7860","cleaned",53
"7861","cleaned",53
"7862","cleaned",54
"7863","cleaned",54
"7864","cleaned",54
"7865","cleaned",54
"7866","cleaned",54
"7867","cleaned",54
"7868","cleaned",54
"7869","cleaned",54
"7870","cleaned",54
"7871","cleaned",54
"7872","cleaned",54
"7873","cleaned",54
"7874","cleaned",54
"7875","cleaned",53
"7876","cleaned",53
"7877","cleaned",53
"7878","cleaned",53
"7879","cleaned",54
"7880","cleaned",54
"7881","cleaned",53
"7882","cleaned",54
"7883","cleaned",53
"7884","cleaned",54
"7885","cleaned",53
"7886","cleaned",54
"7887","cleaned",54
"7888","cleaned",53
"7889","cleaned",53
"7890","cleaned",53
"7891","cleaned",54
"7892","cleaned",53
"7893","cleaned",54
"7894","cleaned",53
"7895","cleaned",53
"7896","cleaned",53
"7897","cleaned",54
"7898","cleaned",53
"7899","cleaned",53
"7900","cleaned",54
"7901","cleaned",53
"7902","cleaned",54
"7903","cleaned",54
"7904","cleaned",53
"7905","cleaned",54
"7906","cleaned",54
"7907","cleaned",53
"7908","cleaned",53
"7909","cleaned",54
"7910","cleaned",54
"7911","cleaned",54
"7912","cleaned",53
"7913","cleaned",54
"7914","cleaned",53
"7915","cleaned",53
"7916","cleaned",54
"7917","cleaned",53
"7918","cleaned",53
"7919","cleaned",54
"7920","cleaned",54
"7921","cleaned",54
"7922","cleaned",54
"7923","cleaned",54
"7924","cleaned",53
"7925","cleaned",54
"7926","cleaned",54
"7927","cleaned",54
"7928","cleaned",53
"7929","cleaned",54
"7930","cleaned",53
"7931","cleaned",53
"7932","cleaned",53
"7933","cleaned",53
"7934","cleaned",54
"7935","cleaned",54
"7936","cleaned",54
"7937","cleaned",53
"7938","cleaned",54
"7939","cleaned",54
"7940","cleaned",54
"7941","cleaned",53
"7942","cleaned",54
"7943","cleaned",54
"7944","cleaned",54
"7945","cleaned",53
"7946","cleaned",53
"7947","cleaned",54
"7948","cleaned",53
"7949","cleaned",53
"7950","cleaned",53
"7951","cleaned",54
"7952","cleaned",54
"7953","cleaned",53
"7954","cleaned",53
"7955","cleaned",53
"7956","cleaned",54
"7957","cleaned",54
"7958","cleaned",54
"7959","cleaned",53
"7960","cleaned",53
"7961","cleaned",54
"7962","cleaned",54
"7963","cleaned",54
"7964","cleaned",54
"7965","cleaned",53
"7966","cleaned",54
"7967","cleaned",54
"7968","cleaned",53
"7969","cleaned",54
"7970","cleaned",55
"7971","cleaned",55
"7972","cleaned",55
"7973","cleaned",54
"7974","cleaned",54
"7975","cleaned",55
"7976","cleaned",55
"7977","cleaned",55
"7978","cleaned",55
"7979","cleaned",55
"7980","cleaned",54
"7981","cleaned",54
"7982","cleaned",55
"7983","cleaned",55
"7984","cleaned",55
"7985","cleaned",55
"7986","cleaned",55
"7987","cleaned",55
"7988","cleaned",54
"7989","cleaned",54
"7990","cleaned",54
"7991","cleaned",54
"7992","cleaned",55
"7993","cleaned",55
"7994","cleaned",54
"7995","cleaned",55
"7996","cleaned",55
"7997","cleaned",55
"7998","cleaned",55
"7999","cleaned",55
"8000","cleaned",55
"8001","cleaned",54
"8002","cleaned",55
"8003","cleaned",54
"8004","cleaned",54
"8005","cleaned",55
"8006","cleaned",54
"8007","cleaned",55
"8008","cleaned",55
"8009","cleaned",54
"8010","cleaned",55
"8011","cleaned",55
"8012","cleaned",54
"8013","cleaned",54
"8014","cleaned",55
"8015","cleaned",54
"8016","cleaned",54
"8017","cleaned",54
"8018","cleaned",55
"8019","cleaned",54
"8020","cleaned",54
"8021","cleaned",55
"8022","cleaned",54
"8023","cleaned",54
"8024","cleaned",55
"8025","cleaned",55
"8026","cleaned",54
"8027","cleaned",55
"8028","cleaned",55
"8029","cleaned",55
"8030","cleaned",54
"8031","cleaned",55
"8032","cleaned",55
"8033","cleaned",55
"8034","cleaned",55
"8035","cleaned",55
"8036","cleaned",55
"8037","cleaned",55
"8038","cleaned",55
"8039","cleaned",55
"8040","cleaned",55
"8041","cleaned",55
"8042","cleaned",55
"8043","cleaned",55
"8044","cleaned",54
"8045","cleaned",55
"8046","cleaned",54
"8047","cleaned",54
"8048","cleaned",55
"8049","cleaned",55
"8050","cleaned",54
"8051","cleaned",54
"8052","cleaned",55
"8053","cleaned",55
"8054","cleaned",54
"8055","cleaned",55
"8056","cleaned",54
"8057","cleaned",55
"8058","cleaned",55
"8059","cleaned",54
"8060","cleaned",54
"8061","cleaned",55
"8062","cleaned",54
"8063","cleaned",55
"8064","cleaned",54
"8065","cleaned",54
"8066","cleaned",54
"8067","cleaned",55
"8068","cleaned",55
"8069","cleaned",54
"8070","cleaned",54
"8071","cleaned",55
"8072","cleaned",55
"8073","cleaned",55
"8074","cleaned",55
"8075","cleaned",55
"8076","cleaned",55
"8077","cleaned",54
"8078","cleaned",55
"8079","cleaned",54
"8080","cleaned",54
"8081","cleaned",54
"8082","cleaned",55
"8083","cleaned",54
"8084","cleaned",55
"8085","cleaned",55
"8086","cleaned",55
"8087","cleaned",55
"8088","cleaned",55
"8089","cleaned",55
"8090","cleaned",55
"8091","cleaned",55
"8092","cleaned",55
"8093","cleaned",55
"8094","cleaned",55
"8095","cleaned",55
"8096","cleaned",55
"8097","cleaned",55
"8098","cleaned",54
"8099","cleaned",55
"8100","cleaned",55
"8101","cleaned",55
"8102","cleaned",54
"8103","cleaned",55
"8104","cleaned",55
"8105","cleaned",54
"8106","cleaned",55
"8107","cleaned",54
"8108","cleaned",55
"8109","cleaned",54
"8110","cleaned",55
"8111","cleaned",55
"8112","cleaned",55
"8113","cleaned",54
"8114","cleaned",54
"8115","cleaned",55
"8116","cleaned",55
"8117","cleaned",54
"8118","cleaned",54
"8119","cleaned",54
"8120","cleaned",55
"8121","cleaned",55
"8122","cleaned",55
"8123","cleaned",54
"8124","cleaned",55
"8125","cleaned",54
"8126","cleaned",54
"8127","cleaned",55
"8128","cleaned",55
"8129","cleaned",55
"8130","cleaned",55
"8131","cleaned",54
"8132","cleaned",54
"8133","cleaned",54
"8134","cleaned",55
"8135","cleaned",54
"8136","cleaned",55
"8137","cleaned",55
"8138","cleaned",54
"8139","cleaned",54
"8140","cleaned",55
"8141","cleaned",55
"8142","cleaned",55
"8143","cleaned",55
"8144","cleaned",55
"8145","cleaned",54
"8146","cleaned",55
"8147","cleaned",55
"8148","cleaned",55
"8149","cleaned",55
"8150","cleaned",54
"8151","cleaned",55
"8152","cleaned",55
"8153","cleaned",54
"8154","cleaned",55
"8155","cleaned",55
"8156","cleaned",55
"8157","cleaned",55
"8158","cleaned",55
"8159","cleaned",55
"8160","cleaned",54
"8161","cleaned",55
"8162","cleaned",55
"8163","cleaned",55
"8164","cleaned",54
"8165","cleaned",54
"8166","cleaned",54
"8167","cleaned",55
"8168","cleaned",55
"8169","cleaned",55
"8170","cleaned",55
"8171","cleaned",56
"8172","cleaned",56
"8173","cleaned",55
"8174","cleaned",56
"8175","cleaned",56
"8176","cleaned",56
"8177","cleaned",56
"8178","cleaned",56
"8179","cleaned",56
"8180","cleaned",55
"8181","cleaned",55
"8182","cleaned",55
"8183","cleaned",56
"8184","cleaned",55
"8185","cleaned",56
"8186","cleaned",56
"8187","cleaned",56
"8188","cleaned",55
"8189","cleaned",55
"8190","cleaned",55
"8191","cleaned",56
"8192","cleaned",56
"8193","cleaned",56
"8194","cleaned",56
"8195","cleaned",56
"8196","cleaned",55
"8197","cleaned",56
"8198","cleaned",56
"8199","cleaned",56
"8200","cleaned",56
"8201","cleaned",56
"8202","cleaned",55
"8203","cleaned",56
"8204","cleaned",56
"8205","cleaned",56
"8206","cleaned",56
"8207","cleaned",55
"8208","cleaned",56
"8209","cleaned",56
"8210","cleaned",55
"8211","cleaned",55
"8212","cleaned",55
"8213","cleaned",56
"8214","cleaned",55
"8215","cleaned",56
"8216","cleaned",56
"8217","cleaned",56
"8218","cleaned",56
"8219","cleaned",56
"8220","cleaned",56
"8221","cleaned",55
"8222","cleaned",56
"8223","cleaned",56
"8224","cleaned",56
"8225","cleaned",56
"8226","cleaned",56
"8227","cleaned",55
"8228","cleaned",56
"8229","cleaned",55
"8230","cleaned",55
"8231","cleaned",55
"8232","cleaned",55
"8233","cleaned",56
"8234","cleaned",56
"8235","cleaned",56
"8236","cleaned",56
"8237","cleaned",56
"8238","cleaned",55
"8239","cleaned",56
"8240","cleaned",56
"8241","cleaned",55
"8242","cleaned",55
"8243","cleaned",56
"8244","cleaned",56
"8245","cleaned",56
"8246","cleaned",55
"8247","cleaned",56
"8248","cleaned",56
"8249","cleaned",56
"8250","cleaned",56
"8251","cleaned",56
"8252","cleaned",55
"8253","cleaned",56
"8254","cleaned",56
"8255","cleaned",56
"8256","cleaned",56
"8257","cleaned",56
"8258","cleaned",56
"8259","cleaned",56
"8260","cleaned",56
"8261","cleaned",55
"8262","cleaned",55
"8263","cleaned",56
"8264","cleaned",56
"8265","cleaned",56
"8266","cleaned",56
"8267","cleaned",56
"8268","cleaned",55
"8269","cleaned",55
"8270","cleaned",56
"8271","cleaned",56
"8272","cleaned",55
"8273","cleaned",56
"8274","cleaned",56
"8275","cleaned",56
"8276","cleaned",55
"8277","cleaned",56
"8278","cleaned",56
"8279","cleaned",56
"8280","cleaned",56
"8281","cleaned",56
"8282","cleaned",55
"8283","cleaned",56
"8284","cleaned",56
"8285","cleaned",55
"8286","cleaned",56
"8287","cleaned",56
"8288","cleaned",55
"8289","cleaned",55
"8290","cleaned",56
"8291","cleaned",55
"8292","cleaned",55
"8293","cleaned",56
"8294","cleaned",56
"8295","cleaned",56
"8296","cleaned",56
"8297","cleaned",56
"8298","cleaned",56
"8299","cleaned",56
"8300","cleaned",55
"8301","cleaned",55
"8302","cleaned",56
"8303","cleaned",56
"8304","cleaned",55
"8305","cleaned",55
"8306","cleaned",56
"8307","cleaned",56
"8308","cleaned",56
"8309","cleaned",56
"8310","cleaned",56
"8311","cleaned",56
"8312","cleaned",56
"8313","cleaned",56
"8314","cleaned",56
"8315","cleaned",55
"8316","cleaned",56
"8317","cleaned",56
"8318","cleaned",55
"8319","cleaned",55
"8320","cleaned",55
"8321","cleaned",55
"8322","cleaned",56
"8323","cleaned",56
"8324","cleaned",56
"8325","cleaned",56
"8326","cleaned",56
"8327","cleaned",56
"8328","cleaned",56
"8329","cleaned",55
"8330","cleaned",56
"8331","cleaned",56
"8332","cleaned",55
"8333","cleaned",56
"8334","cleaned",55
"8335","cleaned",56
"8336","cleaned",56
"8337","cleaned",56
"8338","cleaned",56
"8339","cleaned",56
"8340","cleaned",56
"8341","cleaned",56
"8342","cleaned",56
"8343","cleaned",56
"8344","cleaned",55
"8345","cleaned",55
"8346","cleaned",55
"8347","cleaned",56
"8348","cleaned",56
"8349","cleaned",56
"8350","cleaned",56
"8351","cleaned",55
"8352","cleaned",55
"8353","cleaned",56
"8354","cleaned",56
"8355","cleaned",56
"8356","cleaned",56
"8357","cleaned",55
"8358","cleaned",56
"8359","cleaned",56
"8360","cleaned",56
"8361","cleaned",55
"8362","cleaned",56
"8363","cleaned",55
"8364","cleaned",56
"8365","cleaned",56
"8366","cleaned",56
"8367","cleaned",56
"8368","cleaned",56
"8369","cleaned",55
"8370","cleaned",56
"8371","cleaned",57
"8372","cleaned",57
"8373","cleaned",56
"8374","cleaned",57
"8375","cleaned",57
"8376","cleaned",57
"8377","cleaned",57
"8378","cleaned",56
"8379","cleaned",57
"8380","cleaned",57
"8381","cleaned",56
"8382","cleaned",57
"8383","cleaned",57
"8384","cleaned",57
"8385","cleaned",57
"8386","cleaned",56
"8387","cleaned",57
"8388","cleaned",57
"8389","cleaned",57
"8390","cleaned",57
"8391","cleaned",57
"8392","cleaned",57
"8393","cleaned",57
"8394","cleaned",57
"8395","cleaned",56
"8396","cleaned",56
"8397","cleaned",57
"8398","cleaned",56
"8399","cleaned",57
"8400","cleaned",57
"8401","cleaned",57
"8402","cleaned",57
"8403","cleaned",57
"8404","cleaned",57
"8405","cleaned",56
"8406","cleaned",56
"8407","cleaned",57
"8408","cleaned",57
"8409","cleaned",57
"8410","cleaned",57
"8411","cleaned",57
"8412","cleaned",57
"8413","cleaned",57
"8414","cleaned",57
"8415","cleaned",57
"8416","cleaned",56
"8417","cleaned",57
"8418","cleaned",57
"8419","cleaned",57
"8420","cleaned",57
"8421","cleaned",57
"8422","cleaned",57
"8423","cleaned",56
"8424","cleaned",57
"8425","cleaned",56
"8426","cleaned",56
"8427","cleaned",56
"8428","cleaned",57
"8429","cleaned",57
"8430","cleaned",57
"8431","cleaned",56
"8432","cleaned",56
"8433","cleaned",57
"8434","cleaned",57
"8435","cleaned",57
"8436","cleaned",57
"8437","cleaned",57
"8438","cleaned",57
"8439","cleaned",57
"8440","cleaned",57
"8441","cleaned",57
"8442","cleaned",57
"8443","cleaned",56
"8444","cleaned",56
"8445","cleaned",56
"8446","cleaned",57
"8447","cleaned",57
"8448","cleaned",56
"8449","cleaned",57
"8450","cleaned",57
"8451","cleaned",57
"8452","cleaned",57
"8453","cleaned",57
"8454","cleaned",56
"8455","cleaned",56
"8456","cleaned",56
"8457","cleaned",56
"8458","cleaned",57
"8459","cleaned",57
"8460","cleaned",57
"8461","cleaned",57
"8462","cleaned",57
"8463","cleaned",57
"8464","cleaned",56
"8465","cleaned",57
"8466","cleaned",57
"8467","cleaned",57
"8468","cleaned",56
"8469","cleaned",57
"8470","cleaned",57
"8471","cleaned",57
"8472","cleaned",57
"8473","cleaned",57
"8474","cleaned",57
"8475","cleaned",57
"8476","cleaned",57
"8477","cleaned",57
"8478","cleaned",57
"8479","cleaned",57
"8480","cleaned",57
"8481","cleaned",56
"8482","cleaned",57
"8483","cleaned",57
"8484","cleaned",57
"8485","cleaned",57
"8486","cleaned",57
"8487","cleaned",57
"8488","cleaned",57
"8489","cleaned",57
"8490","cleaned",57
"8491","cleaned",56
"8492","cleaned",57
"8493","cleaned",57
"8494","cleaned",57
"8495","cleaned",57
"8496","cleaned",57
"8497","cleaned",57
"8498","cleaned",57
"8499","cleaned",57
"8500","cleaned",57
"8501","cleaned",57
"8502","cleaned",57
"8503","cleaned",57
"8504","cleaned",57
"8505","cleaned",57
"8506","cleaned",57
"8507","cleaned",56
"8508","cleaned",57
"8509","cleaned",56
"8510","cleaned",57
"8511","cleaned",56
"8512","cleaned",56
"8513","cleaned",56
"8514","cleaned",57
"8515","cleaned",57
"8516","cleaned",57
"8517","cleaned",57
"8518","cleaned",57
"8519","cleaned",57
"8520","cleaned",57
"8521","cleaned",56
"8522","cleaned",56
"8523","cleaned",57
"8524","cleaned",57
"8525","cleaned",57
"8526","cleaned",57
"8527","cleaned",56
"8528","cleaned",56
"8529","cleaned",57
"8530","cleaned",56
"8531","cleaned",56
"8532","cleaned",57
"8533","cleaned",57
"8534","cleaned",56
"8535","cleaned",57
"8536","cleaned",57
"8537","cleaned",56
"8538","cleaned",57
"8539","cleaned",57
"8540","cleaned",56
"8541","cleaned",57
"8542","cleaned",56
"8543","cleaned",57
"8544","cleaned",57
"8545","cleaned",57
"8546","cleaned",57
"8547","cleaned",57
"8548","cleaned",57
"8549","cleaned",57
"8550","cleaned",57
"8551","cleaned",57
"8552","cleaned",56
"8553","cleaned",57
"8554","cleaned",57
"8555","cleaned",57
"8556","cleaned",57
"8557","cleaned",57
"8558","cleaned",56
"8559","cleaned",56
"8560","cleaned",57
"8561","cleaned",56
"8562","cleaned",57
"8563","cleaned",57
"8564","cleaned",56
"8565","cleaned",56
"8566","cleaned",57
"8567","cleaned",56
"8568","cleaned",57
"8569","cleaned",57
"8570","cleaned",58
"8571","cleaned",58
"8572","cleaned",58
"8573","cleaned",57
"8574","cleaned",57
"8575","cleaned",58
"8576","cleaned",58
"8577","cleaned",58
"8578","cleaned",57
"8579","cleaned",57
"8580","cleaned",57
"8581","cleaned",57
"8582","cleaned",58
"8583","cleaned",58
"8584","cleaned",58
"8585","cleaned",57
"8586","cleaned",58
"8587","cleaned",58
"8588","cleaned",58
"8589","cleaned",57
"8590","cleaned",57
"8591","cleaned",58
"8592","cleaned",57
"8593","cleaned",57
"8594","cleaned",58
"8595","cleaned",57
"8596","cleaned",58
"8597","cleaned",58
"8598","cleaned",57
"8599","cleaned",57
"8600","cleaned",58
"8601","cleaned",58
"8602","cleaned",57
"8603","cleaned",57
"8604","cleaned",58
"8605","cleaned",57
"8606","cleaned",58
"8607","cleaned",57
"8608","cleaned",58
"8609","cleaned",58
"8610","cleaned",57
"8611","cleaned",58
"8612","cleaned",57
"8613","cleaned",58
"8614","cleaned",58
"8615","cleaned",58
"8616","cleaned",58
"8617","cleaned",58
"8618","cleaned",57
"8619","cleaned",57
"8620","cleaned",58
"8621","cleaned",58
"8622","cleaned",57
"8623","cleaned",58
"8624","cleaned",57
"8625","cleaned",58
"8626","cleaned",58
"8627","cleaned",58
"8628","cleaned",57
"8629","cleaned",58
"8630","cleaned",58
"8631","cleaned",57
"8632","cleaned",57
"8633","cleaned",58
"8634","cleaned",58
"8635","cleaned",58
"8636","cleaned",58
"8637","cleaned",58
"8638","cleaned",58
"8639","cleaned",58
"8640","cleaned",58
"8641","cleaned",57
"8642","cleaned",58
"8643","cleaned",57
"8644","cleaned",57
"8645","cleaned",58
"8646","cleaned",58
"8647","cleaned",58
"8648","cleaned",58
"8649","cleaned",57
"8650","cleaned",58
"8651","cleaned",57
"8652","cleaned",57
"8653","cleaned",58
"8654","cleaned",58
"8655","cleaned",58
"8656","cleaned",58
"8657","cleaned",58
"8658","cleaned",58
"8659","cleaned",57
"8660","cleaned",58
"8661","cleaned",58
"8662","cleaned",57
"8663","cleaned",58
"8664","cleaned",58
"8665","cleaned",57
"8666","cleaned",58
"8667","cleaned",58
"8668","cleaned",58
"8669","cleaned",58
"8670","cleaned",58
"8671","cleaned",57
"8672","cleaned",58
"8673","cleaned",57
"8674","cleaned",57
"8675","cleaned",58
"8676","cleaned",57
"8677","cleaned",58
"8678","cleaned",58
"8679","cleaned",57
"8680","cleaned",58
"8681","cleaned",58
"8682","cleaned",58
"8683","cleaned",58
"8684","cleaned",58
"8685","cleaned",58
"8686","cleaned",58
"8687","cleaned",58
"8688","cleaned",58
"8689","cleaned",57
"8690","cleaned",57
"8691","cleaned",58
"8692","cleaned",57
"8693","cleaned",58
"8694","cleaned",57
"8695","cleaned",57
"8696","cleaned",57
"8697","cleaned",58
"8698","cleaned",58
"8699","cleaned",58
"8700","cleaned",57
"8701","cleaned",57
"8702","cleaned",57
"8703","cleaned",58
"8704","cleaned",57
"8705","cleaned",57
"8706","cleaned",58
"8707","cleaned",58
"8708","cleaned",58
"8709","cleaned",57
"8710","cleaned",58
"8711","cleaned",57
"8712","cleaned",58
"8713","cleaned",58
"8714","cleaned",57
"8715","cleaned",58
"8716","cleaned",58
"8717","cleaned",57
"8718","cleaned",58
"8719","cleaned",58
"8720","cleaned",57
"8721","cleaned",57
"8722","cleaned",58
"8723","cleaned",57
"8724","cleaned",58
"8725","cleaned",57
"8726","cleaned",58
"8727","cleaned",58
"8728","cleaned",57
"8729","cleaned",58
"8730","cleaned",57
"8731","cleaned",58
"8732","cleaned",58
"8733","cleaned",58
"8734","cleaned",58
"8735","cleaned",58
"8736","cleaned",58
"8737","cleaned",58
"8738","cleaned",57
"8739","cleaned",58
"8740","cleaned",57
"8741","cleaned",58
"8742","cleaned",58
"8743","cleaned",57
"8744","cleaned",57
"8745","cleaned",58
"8746","cleaned",58
"8747","cleaned",57
"8748","cleaned",57
"8749","cleaned",58
"8750","cleaned",57
"8751","cleaned",57
"8752","cleaned",58
"8753","cleaned",57
"8754","cleaned",58
"8755","cleaned",58
"8756","cleaned",58
"8757","cleaned",58
"8758","cleaned",57
"8759","cleaned",58
"8760","cleaned",58
"8761","cleaned",58
"8762","cleaned",57
"8763","cleaned",58
"8764","cleaned",58
"8765","cleaned",58
"8766","cleaned",58
"8767","cleaned",57
"8768","cleaned",57
"8769","cleaned",58
"8770","cleaned",59
"8771","cleaned",59
"8772","cleaned",59
"8773","cleaned",58
"8774","cleaned",59
"8775","cleaned",58
"8776","cleaned",59
"8777","cleaned",58
"8778","cleaned",59
"8779","cleaned",58
"8780","cleaned",59
"8781","cleaned",59
"8782","cleaned",58
"8783","cleaned",59
"8784","cleaned",58
"8785","cleaned",59
"8786","cleaned",59
"8787","cleaned",58
"8788","cleaned",59
"8789","cleaned",58
"8790","cleaned",58
"8791","cleaned",59
"8792","cleaned",59
"8793","cleaned",58
"8794","cleaned",59
"8795","cleaned",58
"8796","cleaned",58
"8797","cleaned",59
"8798","cleaned",59
"8799","cleaned",59
"8800","cleaned",59
"8801","cleaned",59
"8802","cleaned",58
"8803","cleaned",59
"8804","cleaned",58
"8805","cleaned",58
"8806","cleaned",59
"8807","cleaned",58
"8808","cleaned",59
"8809","cleaned",58
"8810","cleaned",59
"8811","cleaned",59
"8812","cleaned",58
"8813","cleaned",58
"8814","cleaned",59
"8815","cleaned",58
"8816","cleaned",59
"8817","cleaned",59
"8818","cleaned",58
"8819","cleaned",58
"8820","cleaned",59
"8821","cleaned",59
"8822","cleaned",59
"8823","cleaned",58
"8824","cleaned",58
"8825","cleaned",59
"8826","cleaned",59
"8827","cleaned",59
"8828","cleaned",59
"8829","cleaned",59
"8830","cleaned",59
"8831","cleaned",59
"8832","cleaned",58
"8833","cleaned",59
"8834","cleaned",58
"8835","cleaned",59
"8836","cleaned",58
"8837","cleaned",58
"8838","cleaned",59
"8839","cleaned",58
"8840","cleaned",59
"8841","cleaned",58
"8842","cleaned",59
"8843","cleaned",59
"8844","cleaned",58
"8845","cleaned",58
"8846","cleaned",58
"8847","cleaned",58
"8848","cleaned",59
"8849","cleaned",59
"8850","cleaned",58
"8851","cleaned",59
"8852","cleaned",59
"8853","cleaned",59
"8854","cleaned",59
"8855","cleaned",59
"8856","cleaned",58
"8857","cleaned",58
"8858","cleaned",59
"8859","cleaned",58
"8860","cleaned",59
"8861","cleaned",59
"8862","cleaned",58
"8863","cleaned",58
"8864","cleaned",58
"8865","cleaned",59
"8866","cleaned",58
"8867","cleaned",58
"8868","cleaned",58
"8869","cleaned",59
"8870","cleaned",58
"8871","cleaned",59
"8872","cleaned",58
"8873","cleaned",58
"8874","cleaned",58
"8875","cleaned",59
"8876","cleaned",58
"8877","cleaned",58
"8878","cleaned",59
"8879","cleaned",59
"8880","cleaned",58
"8881","cleaned",58
"8882","cleaned",59
"8883","cleaned",58
"8884","cleaned",59
"8885","cleaned",59
"8886","cleaned",58
"8887","cleaned",58
"8888","cleaned",58
"8889","cleaned",58
"8890","cleaned",59
"8891","cleaned",59
"8892","cleaned",59
"8893","cleaned",58
"8894","cleaned",59
"8895","cleaned",59
"8896","cleaned",59
"8897","cleaned",58
"8898","cleaned",58
"8899","cleaned",59
"8900","cleaned",59
"8901","cleaned",59
"8902","cleaned",59
"8903","cleaned",58
"8904","cleaned",59
"8905","cleaned",58
"8906","cleaned",58
"8907","cleaned",59
"8908","cleaned",59
"8909","cleaned",59
"8910","cleaned",59
"8911","cleaned",59
"8912","cleaned",59
"8913","cleaned",59
"8914","cleaned",58
"8915","cleaned",59
"8916","cleaned",58
"8917","cleaned",58
"8918","cleaned",58
"8919","cleaned",58
"8920","cleaned",59
"8921","cleaned",58
"8922","cleaned",59
"8923","cleaned",59
"8924","cleaned",58
"8925","cleaned",59
"8926","cleaned",59
"8927","cleaned",59
"8928","cleaned",59
"8929","cleaned",58
"8930","cleaned",58
"8931","cleaned",58
"8932","cleaned",59
"8933","cleaned",59
"8934","cleaned",59
"8935","cleaned",59
"8936","cleaned",59
"8937","cleaned",59
"8938","cleaned",59
"8939","cleaned",58
"8940","cleaned",59
"8941","cleaned",59
"8942","cleaned",58
"8943","cleaned",58
"8944","cleaned",59
"8945","cleaned",58
"8946","cleaned",58
"8947","cleaned",59
"8948","cleaned",59
"8949","cleaned",59
"8950","cleaned",59
"8951","cleaned",58
"8952","cleaned",58
"8953","cleaned",58
"8954","cleaned",59
"8955","cleaned",58
"8956","cleaned",59
"8957","cleaned",58
"8958","cleaned",59
"8959","cleaned",59
"8960","cleaned",59
"8961","cleaned",59
"8962","cleaned",59
"8963","cleaned",58
"8964","cleaned",59
"8965","cleaned",59
"8966","cleaned",59
"8967","cleaned",58
"8968","cleaned",59
"8969","cleaned",59
"8970","cleaned",59
"8971","cleaned",59
"8972","cleaned",59
"8973","cleaned",59
"8974","cleaned",59
"8975","cleaned",59
"8976","cleaned",60
"8977","cleaned",59
"8978","cleaned",59
"8979","cleaned",60
"8980","cleaned",59
"8981","cleaned",59
"8982","cleaned",59
"8983","cleaned",59
"8984","cleaned",59
"8985","cleaned",60
"8986","cleaned",59
"8987","cleaned",60
"8988","cleaned",60
"8989","cleaned",59
"8990","cleaned",60
"8991","cleaned",60
"8992","cleaned",59
"8993","cleaned",60
"8994","cleaned",60
"8995","cleaned",59
"8996","cleaned",60
"8997","cleaned",59
"8998","cleaned",60
"8999","cleaned",59
"9000","cleaned",59
"9001","cleaned",59
"9002","cleaned",60
"9003","cleaned",59
"9004","cleaned",60
"9005","cleaned",59
"9006","cleaned",59
"9007","cleaned",60
"9008","cleaned",59
"9009","cleaned",59
"9010","cleaned",60
"9011","cleaned",60
"9012","cleaned",59
"9013","cleaned",60
"9014","cleaned",60
"9015","cleaned",60
"9016","cleaned",59
"9017","cleaned",59
"9018","cleaned",59
"9019","cleaned",60
"9020","cleaned",60
"9021","cleaned",60
"9022","cleaned",60
"9023","cleaned",60
"9024","cleaned",59
"9025","cleaned",60
"9026","cleaned",60
"9027","cleaned",59
"9028","cleaned",60
"9029","cleaned",59
"9030","cleaned",60
"9031","cleaned",60
"9032","cleaned",60
"9033","cleaned",60
"9034","cleaned",60
"9035","cleaned",59
"9036","cleaned",60
"9037","cleaned",60
"9038","cleaned",60
"9039","cleaned",59
"9040","cleaned",59
"9041","cleaned",60
"9042","cleaned",60
"9043","cleaned",59
"9044","cleaned",59
"9045","cleaned",59
"9046","cleaned",60
"9047","cleaned",60
"9048","cleaned",60
"9049","cleaned",59
"9050","cleaned",60
"9051","cleaned",59
"9052","cleaned",60
"9053","cleaned",60
"9054","cleaned",59
"9055","cleaned",59
"9056","cleaned",59
"9057","cleaned",60
"9058","cleaned",60
"9059","cleaned",59
"9060","cleaned",60
"9061","cleaned",60
"9062","cleaned",60
"9063","cleaned",59
"9064","cleaned",60
"9065","cleaned",59
"9066","cleaned",59
"9067","cleaned",59
"9068","cleaned",59
"9069","cleaned",60
"9070","cleaned",60
"9071","cleaned",60
"9072","cleaned",59
"9073","cleaned",59
"9074","cleaned",59
"9075","cleaned",60
"9076","cleaned",60
"9077","cleaned",59
"9078","cleaned",59
"9079","cleaned",60
"9080","cleaned",60
"9081","cleaned",60
"9082","cleaned",59
"9083","cleaned",60
"9084","cleaned",60
"9085","cleaned",59
"9086","cleaned",59
"9087","cleaned",59
"9088","cleaned",59
"9089","cleaned",60
"9090","cleaned",60
"9091","cleaned",59
"9092","cleaned",59
"9093","cleaned",60
"9094","cleaned",60
"9095","cleaned",60
"9096","cleaned",60
"9097","cleaned",59
"9098","cleaned",60
"9099","cleaned",60
"9100","cleaned",59
"9101","cleaned",59
"9102","cleaned",60
"9103","cleaned",59
"9104","cleaned",59
"9105","cleaned",60
"9106","cleaned",60
"9107","cleaned",60
"9108","cleaned",60
"9109","cleaned",60
"9110","cleaned",60
"9111","cleaned",59
"9112","cleaned",59
"9113","cleaned",59
"9114","cleaned",60
"9115","cleaned",59
"9116","cleaned",60
"9117","cleaned",59
"9118","cleaned",59
"9119","cleaned",60
"9120","cleaned",59
"9121","cleaned",59
"9122","cleaned",60
"9123","cleaned",59
"9124","cleaned",59
"9125","cleaned",60
"9126","cleaned",59
"9127","cleaned",60
"9128","cleaned",60
"9129","cleaned",59
"9130","cleaned",60
"9131","cleaned",60
"9132","cleaned",59
"9133","cleaned",60
"9134","cleaned",59
"9135","cleaned",60
"9136","cleaned",59
"9137","cleaned",60
"9138","cleaned",60
"9139","cleaned",60
"9140","cleaned",60
"9141","cleaned",59
"9142","cleaned",60
"9143","cleaned",60
"9144","cleaned",60
"9145","cleaned",59
"9146","cleaned",59
"9147","cleaned",60
"9148","cleaned",59
"9149","cleaned",60
"9150","cleaned",60
"9151","cleaned",60
"9152","cleaned",60
"9153","cleaned",59
"9154","cleaned",60
"9155","cleaned",60
"9156","cleaned",60
"9157","cleaned",59
"9158","cleaned",59
"9159","cleaned",59
"9160","cleaned",60
"9161","cleaned",59
"9162","cleaned",60
"9163","cleaned",59
"9164","cleaned",60
"9165","cleaned",60
"9166","cleaned",59
"9167","cleaned",59
"9168","cleaned",60
"9169","cleaned",60
"9170","cleaned",61
"9171","cleaned",60
"9172","cleaned",60
"9173","cleaned",61
"9174","cleaned",61
"9175","cleaned",60
"9176","cleaned",61
"9177","cleaned",61
"9178","cleaned",61
"9179","cleaned",61
"9180","cleaned",60
"9181","cleaned",60
"9182","cleaned",61
"9183","cleaned",60
"9184","cleaned",61
"9185","cleaned",61
"9186","cleaned",61
"9187","cleaned",60
"9188","cleaned",60
"9189","cleaned",60
"9190","cleaned",61
"9191","cleaned",61
"9192","cleaned",61
"9193","cleaned",61
"9194","cleaned",60
"9195","cleaned",61
"9196","cleaned",61
"9197","cleaned",61
"9198","cleaned",61
"9199","cleaned",60
"9200","cleaned",60
"9201","cleaned",60
"9202","cleaned",60
"9203","cleaned",61
"9204","cleaned",61
"9205","cleaned",61
"9206","cleaned",60
"9207","cleaned",60
"9208","cleaned",61
"9209","cleaned",60
"9210","cleaned",61
"9211","cleaned",61
"9212","cleaned",60
"9213","cleaned",60
"9214","cleaned",61
"9215","cleaned",60
"9216","cleaned",61
"9217","cleaned",60
"9218","cleaned",61
"9219","cleaned",60
"9220","cleaned",60
"9221","cleaned",61
"9222","cleaned",60
"9223","cleaned",61
"9224","cleaned",61
"9225","cleaned",61
"9226","cleaned",60
"9227","cleaned",60
"9228","cleaned",60
"9229","cleaned",60
"9230","cleaned",61
"9231","cleaned",61
"9232","cleaned",60
"9233","cleaned",60
"9234","cleaned",61
"9235","cleaned",61
"9236","cleaned",61
"9237","cleaned",60
"9238","cleaned",60
"9239","cleaned",61
"9240","cleaned",60
"9241","cleaned",60
"9242","cleaned",61
"9243","cleaned",60
"9244","cleaned",61
"9245","cleaned",61
"9246","cleaned",61
"9247","cleaned",61
"9248","cleaned",61
"9249","cleaned",60
"9250","cleaned",61
"9251","cleaned",61
"9252","cleaned",61
"9253","cleaned",61
"9254","cleaned",61
"9255","cleaned",61
"9256","cleaned",61
"9257","cleaned",61
"9258","cleaned",60
"9259","cleaned",61
"9260","cleaned",60
"9261","cleaned",60
"9262","cleaned",61
"9263","cleaned",61
"9264","cleaned",61
"9265","cleaned",61
"9266","cleaned",60
"9267","cleaned",61
"9268","cleaned",60
"9269","cleaned",60
"9270","cleaned",60
"9271","cleaned",60
"9272","cleaned",60
"9273","cleaned",61
"9274","cleaned",61
"9275","cleaned",61
"9276","cleaned",61
"9277","cleaned",60
"9278","cleaned",60
"9279","cleaned",60
"9280","cleaned",61
"9281","cleaned",60
"9282","cleaned",60
"9283","cleaned",61
"9284","cleaned",61
"9285","cleaned",61
"9286","cleaned",60
"9287","cleaned",60
"9288","cleaned",60
"9289","cleaned",60
"9290","cleaned",61
"9291","cleaned",61
"9292","cleaned",61
"9293","cleaned",61
"9294","cleaned",60
"9295","cleaned",61
"9296","cleaned",60
"9297","cleaned",61
"9298","cleaned",60
"9299","cleaned",61
"9300","cleaned",60
"9301","cleaned",60
"9302","cleaned",60
"9303","cleaned",61
"9304","cleaned",60
"9305","cleaned",60
"9306","cleaned",60
"9307","cleaned",60
"9308","cleaned",60
"9309","cleaned",60
"9310","cleaned",61
"9311","cleaned",60
"9312","cleaned",61
"9313","cleaned",60
"9314","cleaned",60
"9315","cleaned",60
"9316","cleaned",61
"9317","cleaned",61
"9318","cleaned",61
"9319","cleaned",61
"9320","cleaned",61
"9321","cleaned",61
"9322","cleaned",60
"9323","cleaned",60
"9324","cleaned",61
"9325","cleaned",61
"9326","cleaned",61
"9327","cleaned",60
"9328","cleaned",60
"9329","cleaned",61
"9330","cleaned",61
"9331","cleaned",61
"9332","cleaned",61
"9333","cleaned",60
"9334","cleaned",60
"9335","cleaned",61
"9336","cleaned",61
"9337","cleaned",61
"9338","cleaned",60
"9339","cleaned",61
"9340","cleaned",60
"9341","cleaned",60
"9342","cleaned",60
"9343","cleaned",60
"9344","cleaned",60
"9345","cleaned",60
"9346","cleaned",60
"9347","cleaned",61
"9348","cleaned",60
"9349","cleaned",61
"9350","cleaned",60
"9351","cleaned",61
"9352","cleaned",60
"9353","cleaned",61
"9354","cleaned",60
"9355","cleaned",61
"9356","cleaned",61
"9357","cleaned",61
"9358","cleaned",60
"9359","cleaned",61
"9360","cleaned",61
"9361","cleaned",61
"9362","cleaned",61
"9363","cleaned",60
"9364","cleaned",60
"9365","cleaned",61
"9366","cleaned",60
"9367","cleaned",61
"9368","cleaned",61
"9369","cleaned",60
"9370","cleaned",62
"9371","cleaned",62
"9372","cleaned",62
"9373","cleaned",61
"9374","cleaned",61
"9375","cleaned",62
"9376","cleaned",61
"9377","cleaned",62
"9378","cleaned",62
"9379","cleaned",61
"9380","cleaned",62
"9381","cleaned",62
"9382","cleaned",62
"9383","cleaned",62
"9384","cleaned",62
"9385","cleaned",62
"9386","cleaned",62
"9387","cleaned",61
"9388","cleaned",61
"9389","cleaned",61
"9390","cleaned",62
"9391","cleaned",62
"9392","cleaned",62
"9393","cleaned",62
"9394","cleaned",62
"9395","cleaned",62
"9396","cleaned",61
"9397","cleaned",62
"9398","cleaned",62
"9399","cleaned",62
"9400","cleaned",61
"9401","cleaned",62
"9402","cleaned",62
"9403","cleaned",62
"9404","cleaned",62
"9405","cleaned",62
"9406","cleaned",62
"9407","cleaned",61
"9408","cleaned",62
"9409","cleaned",62
"9410","cleaned",61
"9411","cleaned",61
"9412","cleaned",62
"9413","cleaned",61
"9414","cleaned",62
"9415","cleaned",62
"9416","cleaned",62
"9417","cleaned",61
"9418","cleaned",62
"9419","cleaned",62
"9420","cleaned",61
"9421","cleaned",62
"9422","cleaned",62
"9423","cleaned",62
"9424","cleaned",61
"9425","cleaned",61
"9426","cleaned",62
"9427","cleaned",61
"9428","cleaned",61
"9429","cleaned",62
"9430","cleaned",61
"9431","cleaned",61
"9432","cleaned",62
"9433","cleaned",61
"9434","cleaned",61
"9435","cleaned",61
"9436","cleaned",62
"9437","cleaned",62
"9438","cleaned",62
"9439","cleaned",62
"9440","cleaned",61
"9441","cleaned",62
"9442","cleaned",61
"9443","cleaned",62
"9444","cleaned",62
"9445","cleaned",62
"9446","cleaned",62
"9447","cleaned",62
"9448","cleaned",62
"9449","cleaned",62
"9450","cleaned",61
"9451","cleaned",61
"9452","cleaned",61
"9453","cleaned",61
"9454","cleaned",61
"9455","cleaned",61
"9456","cleaned",62
"9457","cleaned",61
"9458","cleaned",61
"9459","cleaned",61
"9460","cleaned",62
"9461","cleaned",62
"9462","cleaned",61
"9463","cleaned",61
"9464","cleaned",62
"9465","cleaned",62
"9466","cleaned",61
"9467","cleaned",62
"9468","cleaned",62
"9469","cleaned",61
"9470","cleaned",61
"9471","cleaned",62
"9472","cleaned",61
"9473","cleaned",62
"9474","cleaned",62
"9475","cleaned",62
"9476","cleaned",62
"9477","cleaned",62
"9478","cleaned",61
"9479","cleaned",61
"9480","cleaned",62
"9481","cleaned",61
"9482","cleaned",62
"9483","cleaned",62
"9484","cleaned",61
"9485","cleaned",62
"9486","cleaned",61
"9487","cleaned",61
"9488","cleaned",61
"9489","cleaned",61
"9490","cleaned",62
"9491","cleaned",62
"9492","cleaned",62
"9493","cleaned",61
"9494","cleaned",62
"9495","cleaned",62
"9496","cleaned",62
"9497","cleaned",61
"9498","cleaned",62
"9499","cleaned",61
"9500","cleaned",61
"9501","cleaned",62
"9502","cleaned",61
"9503","cleaned",62
"9504","cleaned",62
"9505","cleaned",61
"9506","cleaned",62
"9507","cleaned",61
"9508","cleaned",62
"9509","cleaned",61
"9510","cleaned",61
"9511","cleaned",61
"9512","cleaned",62
"9513","cleaned",61
"9514","cleaned",62
"9515","cleaned",62
"9516","cleaned",62
"9517","cleaned",62
"9518","cleaned",62
"9519","cleaned",61
"9520","cleaned",61
"9521","cleaned",61
"9522","cleaned",62
"9523","cleaned",62
"9524","cleaned",61
"9525","cleaned",61
"9526","cleaned",62
"9527","cleaned",61
"9528","cleaned",62
"9529","cleaned",62
"9530","cleaned",62
"9531","cleaned",62
"9532","cleaned",62
"9533","cleaned",62
"9534","cleaned",62
"9535","cleaned",62
"9536","cleaned",62
"9537","cleaned",61
"9538","cleaned",61
"9539","cleaned",62
"9540","cleaned",62
"9541","cleaned",61
"9542","cleaned",62
"9543","cleaned",62
"9544","cleaned",61
"9545","cleaned",62
"9546","cleaned",61
"9547","cleaned",62
"9548","cleaned",62
"9549","cleaned",61
"9550","cleaned",62
"9551","cleaned",62
"9552","cleaned",62
"9553","cleaned",61
"9554","cleaned",62
"9555","cleaned",61
"9556","cleaned",61
"9557","cleaned",62
"9558","cleaned",61
"9559","cleaned",62
"9560","cleaned",62
"9561","cleaned",62
"9562","cleaned",62
"9563","cleaned",61
"9564","cleaned",61
"9565","cleaned",62
"9566","cleaned",61
"9567","cleaned",61
"9568","cleaned",61
"9569","cleaned",62
"9570","cleaned",63
"9571","cleaned",62
"9572","cleaned",62
"9573","cleaned",63
"9574","cleaned",62
"9575","cleaned",63
"9576","cleaned",63
"9577","cleaned",63
"9578","cleaned",62
"9579","cleaned",63
"9580","cleaned",62
"9581","cleaned",62
"9582","cleaned",62
"9583","cleaned",63
"9584","cleaned",63
"9585","cleaned",63
"9586","cleaned",62
"9587","cleaned",62
"9588","cleaned",63
"9589","cleaned",63
"9590","cleaned",63
"9591","cleaned",63
"9592","cleaned",62
"9593","cleaned",62
"9594","cleaned",63
"9595","cleaned",62
"9596","cleaned",63
"9597","cleaned",63
"9598","cleaned",63
"9599","cleaned",63
"9600","cleaned",62
"9601","cleaned",62
"9602","cleaned",62
"9603","cleaned",63
"9604","cleaned",63
"9605","cleaned",63
"9606","cleaned",63
"9607","cleaned",62
"9608","cleaned",63
"9609","cleaned",63
"9610","cleaned",62
"9611","cleaned",62
"9612","cleaned",62
"9613","cleaned",63
"9614","cleaned",63
"9615","cleaned",63
"9616","cleaned",63
"9617","cleaned",63
"9618","cleaned",62
"9619","cleaned",62
"9620","cleaned",62
"9621","cleaned",62
"9622","cleaned",63
"9623","cleaned",63
"9624","cleaned",62
"9625","cleaned",62
"9626","cleaned",63
"9627","cleaned",62
"9628","cleaned",62
"9629","cleaned",63
"9630","cleaned",63
"9631","cleaned",62
"9632","cleaned",63
"9633","cleaned",62
"9634","cleaned",62
"9635","cleaned",63
"9636","cleaned",62
"9637","cleaned",63
"9638","cleaned",62
"9639","cleaned",63
"9640","cleaned",63
"9641","cleaned",63
"9642","cleaned",63
"9643","cleaned",62
"9644","cleaned",63
"9645","cleaned",62
"9646","cleaned",63
"9647","cleaned",63
"9648","cleaned",63
"9649","cleaned",63
"9650","cleaned",63
"9651","cleaned",63
"9652","cleaned",63
"9653","cleaned",62
"9654","cleaned",63
"9655","cleaned",62
"9656","cleaned",63
"9657","cleaned",62
"9658","cleaned",63
"9659","cleaned",63
"9660","cleaned",63
"9661","cleaned",62
"9662","cleaned",63
"9663","cleaned",63
"9664","cleaned",63
"9665","cleaned",63
"9666","cleaned",63
"9667","cleaned",63
"9668","cleaned",62
"9669","cleaned",62
"9670","cleaned",62
"9671","cleaned",63
"9672","cleaned",63
"9673","cleaned",63
"9674","cleaned",62
"9675","cleaned",63
"9676","cleaned",63
"9677","cleaned",62
"9678","cleaned",62
"9679","cleaned",63
"9680","cleaned",62
"9681","cleaned",63
"9682","cleaned",63
"9683","cleaned",63
"9684","cleaned",63
"9685","cleaned",63
"9686","cleaned",62
"9687","cleaned",63
"9688","cleaned",62
"9689","cleaned",62
"9690","cleaned",62
"9691","cleaned",63
"9692","cleaned",62
"9693","cleaned",62
"9694","cleaned",63
"9695","cleaned",62
"9696","cleaned",63
"9697","cleaned",63
"9698","cleaned",62
"9699","cleaned",63
"9700","cleaned",63
"9701","cleaned",63
"9702","cleaned",62
"9703","cleaned",62
"9704","cleaned",62
"9705","cleaned",63
"9706","cleaned",62
"9707","cleaned",62
"9708","cleaned",63
"9709","cleaned",63
"9710","cleaned",63
"9711","cleaned",63
"9712","cleaned",63
"9713","cleaned",63
"9714","cleaned",62
"9715","cleaned",62
"9716","cleaned",63
"9717","cleaned",63
"9718","cleaned",62
"9719","cleaned",63
"9720","cleaned",62
"9721","cleaned",62
"9722","cleaned",63
"9723","cleaned",62
"9724","cleaned",63
"9725","cleaned",63
"9726","cleaned",62
"9727","cleaned",63
"9728","cleaned",63
"9729","cleaned",63
"9730","cleaned",63
"9731","cleaned",62
"9732","cleaned",63
"9733","cleaned",62
"9734","cleaned",63
"9735","cleaned",63
"9736","cleaned",63
"9737","cleaned",63
"9738","cleaned",63
"9739","cleaned",62
"9740","cleaned",63
"9741","cleaned",62
"9742","cleaned",63
"9743","cleaned",63
"9744","cleaned",62
"9745","cleaned",63
"9746","cleaned",62
"9747","cleaned",63
"9748","cleaned",62
"9749","cleaned",63
"9750","cleaned",62
"9751","cleaned",62
"9752","cleaned",62
"9753","cleaned",63
"9754","cleaned",63
"9755","cleaned",63
"9756","cleaned",63
"9757","cleaned",63
"9758","cleaned",62
"9759","cleaned",62
"9760","cleaned",63
"9761","cleaned",63
"9762","cleaned",62
"9763","cleaned",62
"9764","cleaned",63
"9765","cleaned",62
"9766","cleaned",62
"9767","cleaned",62
"9768","cleaned",62
"9769","cleaned",63
"9770","cleaned",63
"9771","cleaned",63
"9772","cleaned",64
"9773","cleaned",63
"9774","cleaned",63
"9775","cleaned",64
"9776","cleaned",64
"9777","cleaned",63
"9778","cleaned",64
"9779","cleaned",64
"9780","cleaned",64
"9781","cleaned",64
"9782","cleaned",63
"9783","cleaned",63
"9784","cleaned",64
"9785","cleaned",63
"9786","cleaned",63
"9787","cleaned",63
"9788","cleaned",63
"9789","cleaned",64
"9790","cleaned",64
"9791","cleaned",64
"9792","cleaned",63
"9793","cleaned",64
"9794","cleaned",63
"9795","cleaned",64
"9796","cleaned",64
"9797","cleaned",63
"9798","cleaned",63
"9799","cleaned",64
"9800","cleaned",63
"9801","cleaned",63
"9802","cleaned",64
"9803","cleaned",64
"9804","cleaned",63
"9805","cleaned",63
"9806","cleaned",63
"9807","cleaned",63
"9808","cleaned",64
"9809","cleaned",63
"9810","cleaned",64
"9811","cleaned",63
"9812","cleaned",63
"9813","cleaned",63
"9814","cleaned",63
"9815","cleaned",63
"9816","cleaned",64
"9817","cleaned",64
"9818","cleaned",63
"9819","cleaned",64
"9820","cleaned",64
"9821","cleaned",64
"9822","cleaned",64
"9823","cleaned",64
"9824","cleaned",64
"9825","cleaned",64
"9826","cleaned",64
"9827","cleaned",64
"9828","cleaned",63
"9829","cleaned",64
"9830","cleaned",64
"9831","cleaned",64
"9832","cleaned",63
"9833","cleaned",63
"9834","cleaned",64
"9835","cleaned",64
"9836","cleaned",64
"9837","cleaned",64
"9838","cleaned",63
"9839","cleaned",64
"9840","cleaned",63
"9841","cleaned",64
"9842","cleaned",63
"9843","cleaned",64
"9844","cleaned",63
"9845","cleaned",63
"9846","cleaned",64
"9847","cleaned",63
"9848","cleaned",63
"9849","cleaned",64
"9850","cleaned",63
"9851","cleaned",64
"9852","cleaned",64
"9853","cleaned",63
"9854","cleaned",64
"9855","cleaned",63
"9856","cleaned",64
"9857","cleaned",64
"9858","cleaned",64
"9859","cleaned",63
"9860","cleaned",63
"9861","cleaned",63
"9862","cleaned",64
"9863","cleaned",63
"9864","cleaned",63
"9865","cleaned",63
"9866","cleaned",63
"9867","cleaned",64
"9868","cleaned",63
"9869","cleaned",63
"9870","cleaned",64
"9871","cleaned",64
"9872","cleaned",64
"9873","cleaned",64
"9874","cleaned",63
"9875","cleaned",63
"9876","cleaned",64
"9877","cleaned",64
"9878","cleaned",63
"9879","cleaned",63
"9880","cleaned",64
"9881","cleaned",64
"9882","cleaned",64
"9883","cleaned",64
"9884","cleaned",63
"9885","cleaned",64
"9886","cleaned",64
"9887","cleaned",64
"9888","cleaned",63
"9889","cleaned",63
"9890","cleaned",64
"9891","cleaned",63
"9892","cleaned",64
"9893","cleaned",63
"9894","cleaned",64
"9895","cleaned",64
"9896","cleaned",64
"9897","cleaned",64
"9898","cleaned",63
"9899","cleaned",63
"9900","cleaned",63
"9901","cleaned",64
"9902","cleaned",64
"9903","cleaned",64
"9904","cleaned",64
"9905","cleaned",63
"9906","cleaned",64
"9907","cleaned",64
"9908","cleaned",63
"9909","cleaned",64
"9910","cleaned",64
"9911","cleaned",63
"9912","cleaned",63
"9913","cleaned",63
"9914","cleaned",63
"9915","cleaned",63
"9916","cleaned",64
"9917","cleaned",63
"9918","cleaned",64
"9919","cleaned",64
"9920","cleaned",64
"9921","cleaned",64
"9922","cleaned",63
"9923","cleaned",64
"9924","cleaned",63
"9925","cleaned",63
"9926","cleaned",63
"9927","cleaned",63
"9928","cleaned",63
"9929","cleaned",63
"9930","cleaned",63
"9931","cleaned",63
"9932","cleaned",63
"9933","cleaned",63
"9934","cleaned",64
"9935","cleaned",63
"9936","cleaned",64
"9937","cleaned",63
"9938","cleaned",64
"9939","cleaned",64
"9940","cleaned",63
"9941","cleaned",64
"9942","cleaned",63
"9943","cleaned",63
"9944","cleaned",63
"9945","cleaned",63
"9946","cleaned",64
"9947","cleaned",64
"9948","cleaned",64
"9949","cleaned",63
"9950","cleaned",64
"9951","cleaned",64
"9952","cleaned",64
"9953","cleaned",64
"9954","cleaned",64
"9955","cleaned",64
"9956","cleaned",64
"9957","cleaned",64
"9958","cleaned",63
"9959","cleaned",64
"9960","cleaned",64
"9961","cleaned",64
"9962","cleaned",63
"9963","cleaned",64
"9964","cleaned",63
"9965","cleaned",64
"9966","cleaned",64
"9967","cleaned",64
"9968","cleaned",64
"9969","cleaned",64
"9970","cleaned",64
"9971","cleaned",65
"9972","cleaned",65
"9973","cleaned",65
"9974","cleaned",65
"9975","cleaned",64
"9976","cleaned",65
"9977","cleaned",64
"9978","cleaned",65
"9979","cleaned",64
"9980","cleaned",65
"9981","cleaned",65
"9982","cleaned",65
"9983","cleaned",64
"9984","cleaned",65
"9985","cleaned",65
"9986","cleaned",65
"9987","cleaned",64
"9988","cleaned",65
"9989","cleaned",65
"9990","cleaned",65
"9991","cleaned",65
"9992","cleaned",65
"9993","cleaned",65
"9994","cleaned",64
"9995","cleaned",65
"9996","cleaned",65
"9997","cleaned",65
"9998","cleaned",64
"9999","cleaned",64
"10000","cleaned",64
"10001","cleaned",65
"10002","cleaned",64
"10003","cleaned",64
"10004","cleaned",64
"10005","cleaned",65
"10006","cleaned",65
"10007","cleaned",64
"10008","cleaned",65
"10009","cleaned",65
"10010","cleaned",65
"10011","cleaned",65
"10012","cleaned",65
"10013","cleaned",65
"10014","cleaned",65
"10015","cleaned",65
"10016","cleaned",64
"10017","cleaned",64
"10018","cleaned",64
"10019","cleaned",65
"10020","cleaned",65
"10021","cleaned",64
"10022","cleaned",65
"10023","cleaned",65
"10024","cleaned",64
"10025","cleaned",65
"10026","cleaned",65
"10027","cleaned",64
"10028","cleaned",65
"10029","cleaned",64
"10030","cleaned",64
"10031","cleaned",65
"10032","cleaned",65
"10033","cleaned",65
"10034","cleaned",65
"10035","cleaned",64
"10036","cleaned",64
"10037","cleaned",64
"10038","cleaned",65
"10039","cleaned",65
"10040","cleaned",64
"10041","cleaned",65
"10042","cleaned",64
"10043","cleaned",64
"10044","cleaned",65
"10045","cleaned",65
"10046","cleaned",65
"10047","cleaned",65
"10048","cleaned",65
"10049","cleaned",65
"10050","cleaned",65
"10051","cleaned",65
"10052","cleaned",65
"10053","cleaned",65
"10054","cleaned",65
"10055","cleaned",64
"10056","cleaned",65
"10057","cleaned",64
"10058","cleaned",65
"10059","cleaned",64
"10060","cleaned",65
"10061","cleaned",64
"10062","cleaned",65
"10063","cleaned",64
"10064","cleaned",65
"10065","cleaned",64
"10066","cleaned",65
"10067","cleaned",64
"10068","cleaned",65
"10069","cleaned",65
"10070","cleaned",65
"10071","cleaned",65
"10072","cleaned",65
"10073","cleaned",65
"10074","cleaned",64
"10075","cleaned",65
"10076","cleaned",65
"10077","cleaned",64
"10078","cleaned",64
"10079","cleaned",65
"10080","cleaned",65
"10081","cleaned",65
"10082","cleaned",65
"10083","cleaned",65
"10084","cleaned",65
"10085","cleaned",65
"10086","cleaned",64
"10087","cleaned",64
"10088","cleaned",64
"10089","cleaned",64
"10090","cleaned",65
"10091","cleaned",65
"10092","cleaned",64
"10093","cleaned",65
"10094","cleaned",64
"10095","cleaned",64
"10096","cleaned",65
"10097","cleaned",65
"10098","cleaned",65
"10099","cleaned",64
"10100","cleaned",64
"10101","cleaned",64
"10102","cleaned",64
"10103","cleaned",65
"10104","cleaned",65
"10105","cleaned",65
"10106","cleaned",64
"10107","cleaned",64
"10108","cleaned",64
"10109","cleaned",65
"10110","cleaned",64
"10111","cleaned",64
"10112","cleaned",65
"10113","cleaned",65
"10114","cleaned",64
"10115","cleaned",64
"10116","cleaned",65
"10117","cleaned",64
"10118","cleaned",65
"10119","cleaned",65
"10120","cleaned",65
"10121","cleaned",65
"10122","cleaned",65
"10123","cleaned",64
"10124","cleaned",64
"10125","cleaned",64
"10126","cleaned",65
"10127","cleaned",64
"10128","cleaned",64
"10129","cleaned",65
"10130","cleaned",65
"10131","cleaned",65
"10132","cleaned",64
"10133","cleaned",65
"10134","cleaned",64
"10135","cleaned",65
"10136","cleaned",64
"10137","cleaned",64
"10138","cleaned",65
"10139","cleaned",65
"10140","cleaned",65
"10141","cleaned",65
"10142","cleaned",65
"10143","cleaned",64
"10144","cleaned",65
"10145","cleaned",65
"10146","cleaned",65
"10147","cleaned",64
"10148","cleaned",65
"10149","cleaned",64
"10150","cleaned",65
"10151","cleaned",65
"10152","cleaned",64
"10153","cleaned",65
"10154","cleaned",65
"10155","cleaned",64
"10156","cleaned",64
"10157","cleaned",65
"10158","cleaned",65
"10159","cleaned",65
"10160","cleaned",65
"10161","cleaned",65
"10162","cleaned",65
"10163","cleaned",65
"10164","cleaned",65
"10165","cleaned",65
"10166","cleaned",65
"10167","cleaned",65
"10168","cleaned",65
"10169","cleaned",65
"10170","cleaned",66
"10171","cleaned",66
"10172","cleaned",67
"10173","cleaned",66
"10174","cleaned",66
"10175","cleaned",66
"10176","cleaned",66
"10177","cleaned",66
"10178","cleaned",66
"10179","cleaned",66
"10180","cleaned",66
"10181","cleaned",66
"10182","cleaned",67
"10183","cleaned",67
"10184","cleaned",66
"10185","cleaned",66
"10186","cleaned",66
"10187","cleaned",67
"10188","cleaned",66
"10189","cleaned",67
"10190","cleaned",66
"10191","cleaned",66
"10192","cleaned",66
"10193","cleaned",67
"10194","cleaned",67
"10195","cleaned",66
"10196","cleaned",66
"10197","cleaned",66
"10198","cleaned",66
"10199","cleaned",67
"10200","cleaned",66
"10201","cleaned",66
"10202","cleaned",66
"10203","cleaned",66
"10204","cleaned",66
"10205","cleaned",66
"10206","cleaned",67
"10207","cleaned",67
"10208","cleaned",66
"10209","cleaned",66
"10210","cleaned",66
"10211","cleaned",66
"10212","cleaned",66
"10213","cleaned",66
"10214","cleaned",67
"10215","cleaned",67
"10216","cleaned",67
"10217","cleaned",66
"10218","cleaned",66
"10219","cleaned",66
"10220","cleaned",66
"10221","cleaned",66
"10222","cleaned",66
"10223","cleaned",67
"10224","cleaned",66
"10225","cleaned",66
"10226","cleaned",66
"10227","cleaned",66
"10228","cleaned",66
"10229","cleaned",66
"10230","cleaned",67
"10231","cleaned",66
"10232","cleaned",66
"10233","cleaned",66
"10234","cleaned",66
"10235","cleaned",67
"10236","cleaned",66
"10237","cleaned",66
"10238","cleaned",66
"10239","cleaned",66
"10240","cleaned",66
"10241","cleaned",66
"10242","cleaned",66
"10243","cleaned",66
"10244","cleaned",67
"10245","cleaned",66
"10246","cleaned",66
"10247","cleaned",66
"10248","cleaned",66
"10249","cleaned",66
"10250","cleaned",66
"10251","cleaned",66
"10252","cleaned",67
"10253","cleaned",66
"10254","cleaned",66
"10255","cleaned",66
"10256","cleaned",66
"10257","cleaned",66
"10258","cleaned",66
"10259","cleaned",66
"10260","cleaned",66
"10261","cleaned",66
"10262","cleaned",67
"10263","cleaned",66
"10264","cleaned",67
"10265","cleaned",66
"10266","cleaned",66
"10267","cleaned",66
"10268","cleaned",67
"10269","cleaned",66
"10270","cleaned",66
"10271","cleaned",66
"10272","cleaned",66
"10273","cleaned",66
"10274","cleaned",66
"10275","cleaned",67
"10276","cleaned",67
"10277","cleaned",66
"10278","cleaned",66
"10279","cleaned",67
"10280","cleaned",66
"10281","cleaned",66
"10282","cleaned",66
"10283","cleaned",66
"10284","cleaned",66
"10285","cleaned",66
"10286","cleaned",66
"10287","cleaned",66
"10288","cleaned",66
"10289","cleaned",66
"10290","cleaned",66
"10291","cleaned",67
"10292","cleaned",67
"10293","cleaned",67
"10294","cleaned",66
"10295","cleaned",66
"10296","cleaned",66
"10297","cleaned",66
"10298","cleaned",66
"10299","cleaned",66
"10300","cleaned",67
"10301","cleaned",67
"10302","cleaned",66
"10303","cleaned",66
"10304","cleaned",66
"10305","cleaned",66
"10306","cleaned",67
"10307","cleaned",66
"10308","cleaned",66
"10309","cleaned",66
"10310","cleaned",66
"10311","cleaned",67
"10312","cleaned",66
"10313","cleaned",67
"10314","cleaned",66
"10315","cleaned",66
"10316","cleaned",67
"10317","cleaned",66
"10318","cleaned",66
"10319","cleaned",67
"10320","cleaned",66
"10321","cleaned",66
"10322","cleaned",66
"10323","cleaned",66
"10324","cleaned",67
"10325","cleaned",66
"10326","cleaned",66
"10327","cleaned",66
"10328","cleaned",66
"10329","cleaned",66
"10330","cleaned",66
"10331","cleaned",66
"10332","cleaned",67
"10333","cleaned",66
"10334","cleaned",66
"10335","cleaned",66
"10336","cleaned",66
"10337","cleaned",66
"10338","cleaned",66
"10339","cleaned",66
"10340","cleaned",66
"10341","cleaned",66
"10342","cleaned",66
"10343","cleaned",66
"10344","cleaned",66
"10345","cleaned",66
"10346","cleaned",67
"10347","cleaned",67
"10348","cleaned",66
"10349","cleaned",66
"10350","cleaned",66
"10351","cleaned",66
"10352","cleaned",67
"10353","cleaned",66
"10354","cleaned",67
"10355","cleaned",67
"10356","cleaned",66
"10357","cleaned",66
"10358","cleaned",66
"10359","cleaned",67
"10360","cleaned",66
"10361","cleaned",66
"10362","cleaned",66
"10363","cleaned",66
"10364","cleaned",66
"10365","cleaned",66
"10366","cleaned",67
"10367","cleaned",66
"10368","cleaned",66
"10369","cleaned",66
"10370","cleaned",68
"10371","cleaned",67
"10372","cleaned",68
"10373","cleaned",67
"10374","cleaned",67
"10375","cleaned",67
"10376","cleaned",68
"10377","cleaned",67
"10378","cleaned",67
"10379","cleaned",68
"10380","cleaned",67
"10381","cleaned",67
"10382","cleaned",67
"10383","cleaned",67
"10384","cleaned",67
"10385","cleaned",68
"10386","cleaned",68
"10387","cleaned",68
"10388","cleaned",67
"10389","cleaned",67
"10390","cleaned",68
"10391","cleaned",67
"10392","cleaned",68
"10393","cleaned",68
"10394","cleaned",67
"10395","cleaned",68
"10396","cleaned",68
"10397","cleaned",67
"10398","cleaned",68
"10399","cleaned",68
"10400","cleaned",68
"10401","cleaned",68
"10402","cleaned",67
"10403","cleaned",67
"10404","cleaned",67
"10405","cleaned",67
"10406","cleaned",67
"10407","cleaned",67
"10408","cleaned",68
"10409","cleaned",67
"10410","cleaned",67
"10411","cleaned",67
"10412","cleaned",68
"10413","cleaned",67
"10414","cleaned",67
"10415","cleaned",67
"10416","cleaned",68
"10417","cleaned",68
"10418","cleaned",67
"10419","cleaned",67
"10420","cleaned",67
"10421","cleaned",68
"10422","cleaned",68
"10423","cleaned",68
"10424","cleaned",67
"10425","cleaned",67
"10426","cleaned",67
"10427","cleaned",67
"10428","cleaned",68
"10429","cleaned",68
"10430","cleaned",68
"10431","cleaned",68
"10432","cleaned",67
"10433","cleaned",68
"10434","cleaned",68
"10435","cleaned",68
"10436","cleaned",68
"10437","cleaned",68
"10438","cleaned",67
"10439","cleaned",67
"10440","cleaned",67
"10441","cleaned",67
"10442","cleaned",68
"10443","cleaned",67
"10444","cleaned",68
"10445","cleaned",67
"10446","cleaned",67
"10447","cleaned",67
"10448","cleaned",67
"10449","cleaned",67
"10450","cleaned",67
"10451","cleaned",68
"10452","cleaned",68
"10453","cleaned",67
"10454","cleaned",67
"10455","cleaned",68
"10456","cleaned",67
"10457","cleaned",67
"10458","cleaned",68
"10459","cleaned",67
"10460","cleaned",67
"10461","cleaned",67
"10462","cleaned",67
"10463","cleaned",67
"10464","cleaned",67
"10465","cleaned",67
"10466","cleaned",68
"10467","cleaned",67
"10468","cleaned",67
"10469","cleaned",67
"10470","cleaned",67
"10471","cleaned",67
"10472","cleaned",67
"10473","cleaned",68
"10474","cleaned",67
"10475","cleaned",68
"10476","cleaned",68
"10477","cleaned",68
"10478","cleaned",67
"10479","cleaned",67
"10480","cleaned",68
"10481","cleaned",67
"10482","cleaned",68
"10483","cleaned",68
"10484","cleaned",68
"10485","cleaned",67
"10486","cleaned",67
"10487","cleaned",67
"10488","cleaned",68
"10489","cleaned",68
"10490","cleaned",67
"10491","cleaned",68
"10492","cleaned",67
"10493","cleaned",68
"10494","cleaned",67
"10495","cleaned",67
"10496","cleaned",67
"10497","cleaned",67
"10498","cleaned",67
"10499","cleaned",68
"10500","cleaned",67
"10501","cleaned",68
"10502","cleaned",67
"10503","cleaned",67
"10504","cleaned",67
"10505","cleaned",67
"10506","cleaned",67
"10507","cleaned",68
"10508","cleaned",67
"10509","cleaned",68
"10510","cleaned",67
"10511","cleaned",67
"10512","cleaned",67
"10513","cleaned",68
"10514","cleaned",67
"10515","cleaned",68
"10516","cleaned",68
"10517","cleaned",67
"10518","cleaned",67
"10519","cleaned",67
"10520","cleaned",67
"10521","cleaned",68
"10522","cleaned",68
"10523","cleaned",68
"10524","cleaned",68
"10525","cleaned",68
"10526","cleaned",68
"10527","cleaned",67
"10528","cleaned",67
"10529","cleaned",68
"10530","cleaned",67
"10531","cleaned",68
"10532","cleaned",68
"10533","cleaned",67
"10534","cleaned",67
"10535","cleaned",68
"10536","cleaned",67
"10537","cleaned",67
"10538","cleaned",68
"10539","cleaned",67
"10540","cleaned",67
"10541","cleaned",68
"10542","cleaned",67
"10543","cleaned",67
"10544","cleaned",67
"10545","cleaned",67
"10546","cleaned",67
"10547","cleaned",67
"10548","cleaned",68
"10549","cleaned",67
"10550","cleaned",67
"10551","cleaned",68
"10552","cleaned",67
"10553","cleaned",67
"10554","cleaned",68
"10555","cleaned",68
"10556","cleaned",68
"10557","cleaned",67
"10558","cleaned",67
"10559","cleaned",68
"10560","cleaned",67
"10561","cleaned",68
"10562","cleaned",68
"10563","cleaned",68
"10564","cleaned",67
"10565","cleaned",68
"10566","cleaned",67
"10567","cleaned",67
"10568","cleaned",68
"10569","cleaned",68
"10570","cleaned",69
"10571","cleaned",70
"10572","cleaned",68
"10573","cleaned",69
"10574","cleaned",68
"10575","cleaned",69
"10576","cleaned",69
"10577","cleaned",69
"10578","cleaned",68
"10579","cleaned",69
"10580","cleaned",69
"10581","cleaned",69
"10582","cleaned",70
"10583","cleaned",68
"10584","cleaned",69
"10585","cleaned",69
"10586","cleaned",69
"10587","cleaned",68
"10588","cleaned",68
"10589","cleaned",69
"10590","cleaned",69
"10591","cleaned",70
"10592","cleaned",68
"10593","cleaned",68
"10594","cleaned",69
"10595","cleaned",69
"10596","cleaned",69
"10597","cleaned",68
"10598","cleaned",68
"10599","cleaned",69
"10600","cleaned",68
"10601","cleaned",69
"10602","cleaned",69
"10603","cleaned",68
"10604","cleaned",69
"10605","cleaned",69
"10606","cleaned",68
"10607","cleaned",69
"10608","cleaned",69
"10609","cleaned",68
"10610","cleaned",69
"10611","cleaned",68
"10612","cleaned",69
"10613","cleaned",70
"10614","cleaned",69
"10615","cleaned",68
"10616","cleaned",69
"10617","cleaned",68
"10618","cleaned",68
"10619","cleaned",69
"10620","cleaned",69
"10621","cleaned",68
"10622","cleaned",69
"10623","cleaned",69
"10624","cleaned",69
"10625","cleaned",69
"10626","cleaned",69
"10627","cleaned",70
"10628","cleaned",69
"10629","cleaned",68
"10630","cleaned",69
"10631","cleaned",69
"10632","cleaned",68
"10633","cleaned",69
"10634","cleaned",70
"10635","cleaned",69
"10636","cleaned",69
"10637","cleaned",69
"10638","cleaned",68
"10639","cleaned",68
"10640","cleaned",69
"10641","cleaned",69
"10642","cleaned",70
"10643","cleaned",69
"10644","cleaned",68
"10645","cleaned",70
"10646","cleaned",69
"10647","cleaned",69
"10648","cleaned",69
"10649","cleaned",68
"10650","cleaned",69
"10651","cleaned",69
"10652","cleaned",69
"10653","cleaned",69
"10654","cleaned",68
"10655","cleaned",69
"10656","cleaned",69
"10657","cleaned",68
"10658","cleaned",68
"10659","cleaned",69
"10660","cleaned",69
"10661","cleaned",69
"10662","cleaned",69
"10663","cleaned",69
"10664","cleaned",69
"10665","cleaned",68
"10666","cleaned",69
"10667","cleaned",69
"10668","cleaned",69
"10669","cleaned",69
"10670","cleaned",69
"10671","cleaned",69
"10672","cleaned",69
"10673","cleaned",68
"10674","cleaned",69
"10675","cleaned",68
"10676","cleaned",69
"10677","cleaned",69
"10678","cleaned",69
"10679","cleaned",70
"10680","cleaned",69
"10681","cleaned",69
"10682","cleaned",69
"10683","cleaned",68
"10684","cleaned",68
"10685","cleaned",68
"10686","cleaned",69
"10687","cleaned",68
"10688","cleaned",68
"10689","cleaned",69
"10690","cleaned",69
"10691","cleaned",69
"10692","cleaned",69
"10693","cleaned",69
"10694","cleaned",68
"10695","cleaned",69
"10696","cleaned",69
"10697","cleaned",68
"10698","cleaned",68
"10699","cleaned",69
"10700","cleaned",69
"10701","cleaned",69
"10702","cleaned",69
"10703","cleaned",69
"10704","cleaned",69
"10705","cleaned",69
"10706","cleaned",70
"10707","cleaned",68
"10708","cleaned",69
"10709","cleaned",69
"10710","cleaned",69
"10711","cleaned",69
"10712","cleaned",69
"10713","cleaned",69
"10714","cleaned",69
"10715","cleaned",68
"10716","cleaned",68
"10717","cleaned",68
"10718","cleaned",69
"10719","cleaned",69
"10720","cleaned",68
"10721","cleaned",69
"10722","cleaned",69
"10723","cleaned",69
"10724","cleaned",69
"10725","cleaned",68
"10726","cleaned",69
"10727","cleaned",70
"10728","cleaned",69
"10729","cleaned",69
"10730","cleaned",68
"10731","cleaned",68
"10732","cleaned",68
"10733","cleaned",68
"10734","cleaned",69
"10735","cleaned",69
"10736","cleaned",69
"10737","cleaned",69
"10738","cleaned",68
"10739","cleaned",68
"10740","cleaned",69
"10741","cleaned",68
"10742","cleaned",69
"10743","cleaned",69
"10744","cleaned",69
"10745","cleaned",68
"10746","cleaned",69
"10747","cleaned",69
"10748","cleaned",69
"10749","cleaned",69
"10750","cleaned",69
"10751","cleaned",68
"10752","cleaned",69
"10753","cleaned",70
"10754","cleaned",69
"10755","cleaned",69
"10756","cleaned",69
"10757","cleaned",69
"10758","cleaned",69
"10759","cleaned",68
"10760","cleaned",68
"10761","cleaned",68
"10762","cleaned",69
"10763","cleaned",69
"10764","cleaned",68
"10765","cleaned",68
"10766","cleaned",70
"10767","cleaned",69
"10768","cleaned",69
"10769","cleaned",69
"10770","cleaned",70
"10771","cleaned",70
"10772","cleaned",71
"10773","cleaned",70
"10774","cleaned",71
"10775","cleaned",70
"10776","cleaned",70
"10777","cleaned",70
"10778","cleaned",70
"10779","cleaned",70
"10780","cleaned",71
"10781","cleaned",70
"10782","cleaned",70
"10783","cleaned",70
"10784","cleaned",71
"10785","cleaned",70
"10786","cleaned",71
"10787","cleaned",71
"10788","cleaned",70
"10789","cleaned",71
"10790","cleaned",70
"10791","cleaned",70
"10792","cleaned",70
"10793","cleaned",70
"10794","cleaned",71
"10795","cleaned",70
"10796","cleaned",71
"10797","cleaned",71
"10798","cleaned",71
"10799","cleaned",71
"10800","cleaned",71
"10801","cleaned",71
"10802","cleaned",71
"10803","cleaned",70
"10804","cleaned",70
"10805","cleaned",70
"10806","cleaned",70
"10807","cleaned",71
"10808","cleaned",71
"10809","cleaned",71
"10810","cleaned",70
"10811","cleaned",70
"10812","cleaned",71
"10813","cleaned",70
"10814","cleaned",70
"10815","cleaned",70
"10816","cleaned",71
"10817","cleaned",71
"10818","cleaned",70
"10819","cleaned",71
"10820","cleaned",71
"10821","cleaned",71
"10822","cleaned",71
"10823","cleaned",70
"10824","cleaned",71
"10825","cleaned",70
"10826","cleaned",71
"10827","cleaned",71
"10828","cleaned",71
"10829","cleaned",71
"10830","cleaned",71
"10831","cleaned",71
"10832","cleaned",71
"10833","cleaned",71
"10834","cleaned",70
"10835","cleaned",71
"10836","cleaned",70
"10837","cleaned",71
"10838","cleaned",70
"10839","cleaned",70
"10840","cleaned",70
"10841","cleaned",71
"10842","cleaned",71
"10843","cleaned",71
"10844","cleaned",70
"10845","cleaned",70
"10846","cleaned",70
"10847","cleaned",71
"10848","cleaned",71
"10849","cleaned",71
"10850","cleaned",70
"10851","cleaned",71
"10852","cleaned",70
"10853","cleaned",70
"10854","cleaned",71
"10855","cleaned",71
"10856","cleaned",70
"10857","cleaned",70
"10858","cleaned",70
"10859","cleaned",70
"10860","cleaned",70
"10861","cleaned",70
"10862","cleaned",71
"10863","cleaned",70
"10864","cleaned",70
"10865","cleaned",71
"10866","cleaned",71
"10867","cleaned",70
"10868","cleaned",70
"10869","cleaned",70
"10870","cleaned",71
"10871","cleaned",71
"10872","cleaned",70
"10873","cleaned",71
"10874","cleaned",71
"10875","cleaned",71
"10876","cleaned",70
"10877","cleaned",70
"10878","cleaned",71
"10879","cleaned",71
"10880","cleaned",70
"10881","cleaned",71
"10882","cleaned",71
"10883","cleaned",70
"10884","cleaned",70
"10885","cleaned",71
"10886","cleaned",70
"10887","cleaned",70
"10888","cleaned",70
"10889","cleaned",71
"10890","cleaned",70
"10891","cleaned",70
"10892","cleaned",70
"10893","cleaned",70
"10894","cleaned",71
"10895","cleaned",71
"10896","cleaned",70
"10897","cleaned",71
"10898","cleaned",71
"10899","cleaned",71
"10900","cleaned",70
"10901","cleaned",70
"10902","cleaned",70
"10903","cleaned",70
"10904","cleaned",71
"10905","cleaned",70
"10906","cleaned",70
"10907","cleaned",70
"10908","cleaned",70
"10909","cleaned",70
"10910","cleaned",71
"10911","cleaned",71
"10912","cleaned",71
"10913","cleaned",70
"10914","cleaned",71
"10915","cleaned",70
"10916","cleaned",71
"10917","cleaned",70
"10918","cleaned",71
"10919","cleaned",70
"10920","cleaned",70
"10921","cleaned",70
"10922","cleaned",71
"10923","cleaned",70
"10924","cleaned",70
"10925","cleaned",70
"10926","cleaned",70
"10927","cleaned",71
"10928","cleaned",71
"10929","cleaned",70
"10930","cleaned",70
"10931","cleaned",70
"10932","cleaned",70
"10933","cleaned",71
"10934","cleaned",71
"10935","cleaned",70
"10936","cleaned",71
"10937","cleaned",71
"10938","cleaned",70
"10939","cleaned",70
"10940","cleaned",71
"10941","cleaned",70
"10942","cleaned",71
"10943","cleaned",70
"10944","cleaned",70
"10945","cleaned",71
"10946","cleaned",70
"10947","cleaned",71
"10948","cleaned",70
"10949","cleaned",71
"10950","cleaned",70
"10951","cleaned",71
"10952","cleaned",70
"10953","cleaned",70
"10954","cleaned",70
"10955","cleaned",71
"10956","cleaned",71
"10957","cleaned",70
"10958","cleaned",71
"10959","cleaned",71
"10960","cleaned",70
"10961","cleaned",70
"10962","cleaned",70
"10963","cleaned",71
"10964","cleaned",71
"10965","cleaned",70
"10966","cleaned",70
"10967","cleaned",70
"10968","cleaned",71
"10969","cleaned",71
"10970","cleaned",72
"10971","cleaned",73
"10972","cleaned",72
"10973","cleaned",74
"10974","cleaned",72
"10975","cleaned",73
"10976","cleaned",72
"10977","cleaned",73
"10978","cleaned",73
"10979","cleaned",73
"10980","cleaned",72
"10981","cleaned",73
"10982","cleaned",74
"10983","cleaned",72
"10984","cleaned",74
"10985","cleaned",73
"10986","cleaned",73
"10987","cleaned",72
"10988","cleaned",73
"10989","cleaned",73
"10990","cleaned",72
"10991","cleaned",74
"10992","cleaned",72
"10993","cleaned",72
"10994","cleaned",72
"10995","cleaned",74
"10996","cleaned",73
"10997","cleaned",73
"10998","cleaned",72
"10999","cleaned",72
"11000","cleaned",72
"11001","cleaned",73
"11002","cleaned",72
"11003","cleaned",74
"11004","cleaned",72
"11005","cleaned",74
"11006","cleaned",73
"11007","cleaned",73
"11008","cleaned",73
"11009","cleaned",72
"11010","cleaned",74
"11011","cleaned",71
"11012","cleaned",72
"11013","cleaned",73
"11014","cleaned",73
"11015","cleaned",73
"11016","cleaned",74
"11017","cleaned",72
"11018","cleaned",72
"11019","cleaned",73
"11020","cleaned",71
"11021","cleaned",74
"11022","cleaned",72
"11023","cleaned",72
"11024","cleaned",73
"11025","cleaned",72
"11026","cleaned",74
"11027","cleaned",72
"11028","cleaned",74
"11029","cleaned",74
"11030","cleaned",72
"11031","cleaned",73
"11032","cleaned",73
"11033","cleaned",72
"11034","cleaned",72
"11035","cleaned",72
"11036","cleaned",73
"11037","cleaned",72
"11038","cleaned",74
"11039","cleaned",72
"11040","cleaned",73
"11041","cleaned",72
"11042","cleaned",73
"11043","cleaned",73
"11044","cleaned",73
"11045","cleaned",72
"11046","cleaned",72
"11047","cleaned",72
"11048","cleaned",74
"11049","cleaned",72
"11050","cleaned",72
"11051","cleaned",73
"11052","cleaned",72
"11053","cleaned",72
"11054","cleaned",74
"11055","cleaned",73
"11056","cleaned",72
"11057","cleaned",73
"11058","cleaned",74
"11059","cleaned",72
"11060","cleaned",73
"11061","cleaned",72
"11062","cleaned",71
"11063","cleaned",73
"11064","cleaned",73
"11065","cleaned",74
"11066","cleaned",72
"11067","cleaned",71
"11068","cleaned",73
"11069","cleaned",72
"11070","cleaned",72
"11071","cleaned",74
"11072","cleaned",72
"11073","cleaned",74
"11074","cleaned",72
"11075","cleaned",73
"11076","cleaned",73
"11077","cleaned",71
"11078","cleaned",73
"11079","cleaned",74
"11080","cleaned",72
"11081","cleaned",73
"11082","cleaned",73
"11083","cleaned",73
"11084","cleaned",72
"11085","cleaned",72
"11086","cleaned",72
"11087","cleaned",72
"11088","cleaned",73
"11089","cleaned",73
"11090","cleaned",72
"11091","cleaned",73
"11092","cleaned",71
"11093","cleaned",72
"11094","cleaned",71
"11095","cleaned",74
"11096","cleaned",73
"11097","cleaned",73
"11098","cleaned",73
"11099","cleaned",72
"11100","cleaned",72
"11101","cleaned",73
"11102","cleaned",72
"11103","cleaned",72
"11104","cleaned",73
"11105","cleaned",72
"11106","cleaned",73
"11107","cleaned",74
"11108","cleaned",72
"11109","cleaned",73
"11110","cleaned",74
"11111","cleaned",73
"11112","cleaned",73
"11113","cleaned",72
"11114","cleaned",74
"11115","cleaned",73
"11116","cleaned",72
"11117","cleaned",73
"11118","cleaned",74
"11119","cleaned",73
"11120","cleaned",72
"11121","cleaned",72
"11122","cleaned",72
"11123","cleaned",73
"11124","cleaned",73
"11125","cleaned",72
"11126","cleaned",73
"11127","cleaned",72
"11128","cleaned",72
"11129","cleaned",73
"11130","cleaned",73
"11131","cleaned",72
"11132","cleaned",73
"11133","cleaned",72
"11134","cleaned",72
"11135","cleaned",74
"11136","cleaned",74
"11137","cleaned",74
"11138","cleaned",74
"11139","cleaned",72
"11140","cleaned",72
"11141","cleaned",74
"11142","cleaned",72
"11143","cleaned",73
"11144","cleaned",72
"11145","cleaned",73
"11146","cleaned",73
"11147","cleaned",72
"11148","cleaned",72
"11149","cleaned",73
"11150","cleaned",71
"11151","cleaned",74
"11152","cleaned",72
"11153","cleaned",72
"11154","cleaned",73
"11155","cleaned",72
"11156","cleaned",74
"11157","cleaned",72
"11158","cleaned",72
"11159","cleaned",72
"11160","cleaned",73
"11161","cleaned",74
"11162","cleaned",72
"11163","cleaned",74
"11164","cleaned",72
"11165","cleaned",71
"11166","cleaned",73
"11167","cleaned",71
"11168","cleaned",74
"11169","cleaned",73
"11170","cleaned",75
"11171","cleaned",74
"11172","cleaned",76
"11173","cleaned",74
"11174","cleaned",75
"11175","cleaned",75
"11176","cleaned",75
"11177","cleaned",77
"11178","cleaned",74
"11179","cleaned",78
"11180","cleaned",76
"11181","cleaned",75
"11182","cleaned",77
"11183","cleaned",77
"11184","cleaned",77
"11185","cleaned",77
"11186","cleaned",76
"11187","cleaned",78
"11188","cleaned",75
"11189","cleaned",77
"11190","cleaned",75
"11191","cleaned",76
"11192","cleaned",77
"11193","cleaned",75
"11194","cleaned",77
"11195","cleaned",75
"11196","cleaned",75
"11197","cleaned",76
"11198","cleaned",75
"11199","cleaned",77
"11200","cleaned",77
"11201","cleaned",75
"11202","cleaned",77
"11203","cleaned",77
"11204","cleaned",76
"11205","cleaned",77
"11206","cleaned",74
"11207","cleaned",75
"11208","cleaned",75
"11209","cleaned",74
"11210","cleaned",77
"11211","cleaned",77
"11212","cleaned",77
"11213","cleaned",77
"11214","cleaned",74
"11215","cleaned",74
"11216","cleaned",75
"11217","cleaned",76
"11218","cleaned",75
"11219","cleaned",77
"11220","cleaned",75
"11221","cleaned",77
"11222","cleaned",76
"11223","cleaned",75
"11224","cleaned",75
"11225","cleaned",76
"11226","cleaned",76
"11227","cleaned",76
"11228","cleaned",75
"11229","cleaned",76
"11230","cleaned",75
"11231","cleaned",75
"11232","cleaned",77
"11233","cleaned",76
"11234","cleaned",77
"11235","cleaned",75
"11236","cleaned",78
"11237","cleaned",76
"11238","cleaned",75
"11239","cleaned",75
"11240","cleaned",75
"11241","cleaned",77
"11242","cleaned",75
"11243","cleaned",76
"11244","cleaned",76
"11245","cleaned",76
"11246","cleaned",75
"11247","cleaned",75
"11248","cleaned",77
"11249","cleaned",75
"11250","cleaned",75
"11251","cleaned",75
"11252","cleaned",74
"11253","cleaned",75
"11254","cleaned",78
"11255","cleaned",75
"11256","cleaned",75
"11257","cleaned",76
"11258","cleaned",78
"11259","cleaned",75
"11260","cleaned",76
"11261","cleaned",76
"11262","cleaned",77
"11263","cleaned",77
"11264","cleaned",76
"11265","cleaned",76
"11266","cleaned",77
"11267","cleaned",77
"11268","cleaned",75
"11269","cleaned",75
"11270","cleaned",75
"11271","cleaned",75
"11272","cleaned",75
"11273","cleaned",75
"11274","cleaned",77
"11275","cleaned",75
"11276","cleaned",77
"11277","cleaned",75
"11278","cleaned",76
"11279","cleaned",74
"11280","cleaned",76
"11281","cleaned",77
"11282","cleaned",75
"11283","cleaned",76
"11284","cleaned",78
"11285","cleaned",78
"11286","cleaned",74
"11287","cleaned",76
"11288","cleaned",75
"11289","cleaned",77
"11290","cleaned",76
"11291","cleaned",76
"11292","cleaned",78
"11293","cleaned",75
"11294","cleaned",75
"11295","cleaned",76
"11296","cleaned",78
"11297","cleaned",74
"11298","cleaned",76
"11299","cleaned",77
"11300","cleaned",76
"11301","cleaned",75
"11302","cleaned",76
"11303","cleaned",76
"11304","cleaned",76
"11305","cleaned",74
"11306","cleaned",77
"11307","cleaned",76
"11308","cleaned",74
"11309","cleaned",75
"11310","cleaned",75
"11311","cleaned",75
"11312","cleaned",75
"11313","cleaned",75
"11314","cleaned",76
"11315","cleaned",76
"11316","cleaned",76
"11317","cleaned",76
"11318","cleaned",74
"11319","cleaned",76
"11320","cleaned",74
"11321","cleaned",74
"11322","cleaned",74
"11323","cleaned",75
"11324","cleaned",75
"11325","cleaned",77
"11326","cleaned",75
"11327","cleaned",75
"11328","cleaned",76
"11329","cleaned",75
"11330","cleaned",76
"11331","cleaned",76
"11332","cleaned",76
"11333","cleaned",75
"11334","cleaned",76
"11335","cleaned",76
"11336","cleaned",74
"11337","cleaned",76
"11338","cleaned",75
"11339","cleaned",74
"11340","cleaned",74
"11341","cleaned",76
"11342","cleaned",76
"11343","cleaned",75
"11344","cleaned",75
"11345","cleaned",74
"11346","cleaned",77
"11347","cleaned",76
"11348","cleaned",76
"11349","cleaned",75
"11350","cleaned",77
"11351","cleaned",77
"11352","cleaned",75
"11353","cleaned",75
"11354","cleaned",77
"11355","cleaned",76
"11356","cleaned",76
"11357","cleaned",76
"11358","cleaned",76
"11359","cleaned",76
"11360","cleaned",76
"11361","cleaned",74
"11362","cleaned",76
"11363","cleaned",75
"11364","cleaned",75
"11365","cleaned",77
"11366","cleaned",77
"11367","cleaned",75
"11368","cleaned",76
"11369","cleaned",77
"11370","cleaned",78
"11371","cleaned",83
"11372","cleaned",81
"11373","cleaned",79
"11374","cleaned",79
"11375","cleaned",82
"11376","cleaned",81
"11377","cleaned",79
"11378","cleaned",86
"11379","cleaned",81
"11380","cleaned",81
"11381","cleaned",82
"11382","cleaned",89
"11383","cleaned",81
"11384","cleaned",78
"11385","cleaned",80
"11386","cleaned",81
"11387","cleaned",83
"11388","cleaned",81
"11389","cleaned",82
"11390","cleaned",80
"11391","cleaned",86
"11392","cleaned",80
"11393","cleaned",84
"11394","cleaned",79
"11395","cleaned",80
"11396","cleaned",79
"11397","cleaned",90
"11398","cleaned",86
"11399","cleaned",83
"11400","cleaned",78
"11401","cleaned",79
"11402","cleaned",81
"11403","cleaned",78
"11404","cleaned",80
"11405","cleaned",78
"11406","cleaned",85
"11407","cleaned",89
"11408","cleaned",78
"11409","cleaned",79
"11410","cleaned",79
"11411","cleaned",78
"11412","cleaned",83
"11413","cleaned",83
"11414","cleaned",80
"11415","cleaned",80
"11416","cleaned",85
"11417","cleaned",87
"11418","cleaned",81
"11419","cleaned",83
"11420","cleaned",78
"11421","cleaned",82
"11422","cleaned",80
"11423","cleaned",82
"11424","cleaned",78
"11425","cleaned",81
"11426","cleaned",79
"11427","cleaned",79
"11428","cleaned",80
"11429","cleaned",83
"11430","cleaned",82
"11431","cleaned",78
"11432","cleaned",81
"11433","cleaned",94
"11434","cleaned",78
"11435","cleaned",84
"11436","cleaned",80
"11437","cleaned",81
"11438","cleaned",78
"11439","cleaned",83
"11440","cleaned",79
"11441","cleaned",78
"11442","cleaned",83
"11443","cleaned",80
"11444","cleaned",79
"11445","cleaned",78
"11446","cleaned",78
"11447","cleaned",80
"11448","cleaned",88
"11449","cleaned",86
"11450","cleaned",79
"11451","cleaned",79
"11452","cleaned",84
"11453","cleaned",84
"11454","cleaned",80
"11455","cleaned",84
"11456","cleaned",82
"11457","cleaned",87
"11458","cleaned",78
"11459","cleaned",82
"11460","cleaned",85
"11461","cleaned",78
"11462","cleaned",81
"11463","cleaned",78
"11464","cleaned",78
"11465","cleaned",88
"11466","cleaned",78
"11467","cleaned",81
"11468","cleaned",83
"11469","cleaned",84
"11470","cleaned",78
"11471","cleaned",81
"11472","cleaned",78
"11473","cleaned",79
"11474","cleaned",80
"11475","cleaned",81
"11476","cleaned",79
"11477","cleaned",79
"11478","cleaned",79
"11479","cleaned",81
"11480","cleaned",78
"11481","cleaned",84
"11482","cleaned",80
"11483","cleaned",81
"11484","cleaned",78
"11485","cleaned",88
"11486","cleaned",80
"11487","cleaned",79
"11488","cleaned",81
"11489","cleaned",80
"11490","cleaned",90
"11491","cleaned",79
"11492","cleaned",78
"11493","cleaned",79
"11494","cleaned",79
"11495","cleaned",89
"11496","cleaned",78
"11497","cleaned",79
"11498","cleaned",78
"11499","cleaned",82
"11500","cleaned",84
"11501","cleaned",80
"11502","cleaned",80
"11503","cleaned",82
"11504","cleaned",80
"11505","cleaned",81
"11506","cleaned",81
"11507","cleaned",81
"11508","cleaned",79
"11509","cleaned",78
"11510","cleaned",81
"11511","cleaned",80
"11512","cleaned",80
"11513","cleaned",84
"11514","cleaned",85
"11515","cleaned",90
"11516","cleaned",84
"11517","cleaned",90
"11518","cleaned",83
"11519","cleaned",81
"11520","cleaned",80
"11521","cleaned",79
"11522","cleaned",78
"11523","cleaned",78
"11524","cleaned",81
"11525","cleaned",78
"11526","cleaned",82
"11527","cleaned",79
"11528","cleaned",83
"11529","cleaned",82
"11530","cleaned",88
"11531","cleaned",79
"11532","cleaned",80
"11533","cleaned",79
"11534","cleaned",83
"11535","cleaned",79
"11536","cleaned",89
"11537","cleaned",78
"11538","cleaned",85
