"","variable","value"
"1","diff1",0.0996315789473686
"2","diff1",0.0733157894736843
"3","diff1",0.0943684210526317
"4","diff1",0.0259473684210528
"5","diff1",0.0627894736842106
"6","diff1",0.0627894736842106
"7","diff1",0.0943684210526317
"8","diff1",0.0627894736842106
"9","diff1",0.0996315789473686
"10","diff1",0.0680526315789474
"11","diff1",0.0891052631578949
"12","diff1",0.104894736842105
"13","diff1",-0.00563157894736836
"14","diff1",0.0364736842105263
"15","diff1",0.0627894736842106
"16","diff1",-0.00563157894736836
"17","diff1",0.0733157894736843
"18","diff1",0.0733157894736843
"19","diff1",0.047
"20","diff1",0.0417368421052631
"21","diff1",0.0259473684210528
"22","diff1",0.120684210526316
"23","diff1",0.110157894736842
"24","diff1",0.0943684210526317
"25","diff1",0.0259473684210528
"26","diff1",0.0680526315789474
"27","diff1",0.0259473684210528
"28","diff1",0.0785789473684212
"29","diff1",0.0259473684210526
"30","diff1",-0.0266842105263158
"31","diff1",0.0312105263157894
"32","diff1",0.0417368421052631
"33","diff1",0.0733157894736843
"34","diff1",0.0733157894736843
"35","diff1",0.131210526315789
"36","diff1",0.0891052631578949
"37","diff1",0.047
"38","diff1",0.0943684210526317
"39","diff1",0.0206842105263159
"40","diff1",0.0417368421052631
"41","diff1",0.0312105263157896
"42","diff1",0.0575263157894737
"43","diff1",0.0785789473684212
"44","diff1",0.083842105263158
"45","diff1",0.0364736842105263
"46","diff1",0.0785789473684212
"47","diff1",0.0891052631578949
"48","diff1",0.0259473684210528
"49","diff1",0.0206842105263159
"50","diff1",0.0996315789473686
"51","diff1",0.0996315789473686
"52","diff1",0.0680526315789474
"53","diff1",0.047
"54","diff1",0.0627894736842106
"55","diff1",0.0206842105263159
"56","diff1",0.0627894736842106
"57","diff1",0.0522631578947369
"58","diff1",0.0364736842105263
"59","diff1",0.047
"60","diff1",-0.000368421052631504
"61","diff1",0.0785789473684212
"62","diff1",0.0417368421052631
"63","diff1",0.0575263157894737
"64","diff1",0.0259473684210528
"65","diff1",0.0206842105263159
"66","diff1",0.0364736842105263
"67","diff1",0.125947368421053
"68","diff1",0.0364736842105265
"69","diff1",0.110157894736842
"70","diff1",0.0680526315789474
"71","diff1",0.0522631578947369
"72","diff1",0.0627894736842106
"73","diff1",0.00489473684210535
"74","diff1",0.0785789473684212
"75","diff1",0.0627894736842106
"76","diff1",0.083842105263158
"77","diff1",0.0627894736842106
"78","diff1",0.0785789473684212
"79","diff1",0.083842105263158
"80","diff1",0.0154210526315791
"81","diff1",0.0785789473684212
"82","diff1",0.047
"83","diff1",0.0206842105263159
"84","diff1",0.110157894736842
"85","diff1",0.083842105263158
"86","diff1",0.0680526315789474
"87","diff1",0.0364736842105263
"88","diff1",0.0891052631578949
"89","diff1",0.0417368421052631
"90","diff1",0.083842105263158
"91","diff1",0.0627894736842106
"92","diff1",0.083842105263158
"93","diff1",0.0891052631578949
"94","diff1",0.047
"95","diff1",-0.00563157894736836
"96","diff1",0.104894736842105
"97","diff1",0.083842105263158
"98","diff1",0.083842105263158
"99","diff1",-0.000368421052631504
"100","diff1",0.0522631578947369
"101","diff1",-0.00563157894736836
"102","diff1",0.0785789473684212
"103","diff1",0.0417368421052631
"104","diff1",0.0575263157894737
"105","diff1",0.0522631578947369
"106","diff1",0.0206842105263159
"107","diff1",0.047
"108","diff1",0.0996315789473686
"109","diff1",0.0312105263157894
"110","diff1",0.0943684210526317
"111","diff1",-0.0372105263157895
"112","diff1",0.168052631578948
"113","diff1",0.0627894736842106
"114","diff1",0.0733157894736843
"115","diff1",0.0522631578947369
"116","diff1",0.131210526315789
"117","diff1",0.0154210526315791
"118","diff1",0.083842105263158
"119","diff1",0.0364736842105263
"120","diff1",0.0522631578947369
"121","diff1",0.136473684210526
"122","diff1",0.0627894736842106
"123","diff1",0.0680526315789474
"124","diff1",0.00489473684210535
"125","diff1",0.0522631578947369
"126","diff1",0.0206842105263159
"127","diff1",0.0522631578947369
"128","diff1",0.0943684210526317
"129","diff1",0.0943684210526317
"130","diff1",0.0312105263157896
"131","diff1",0.0733157894736843
"132","diff1",0.0522631578947369
"133","diff1",0.0680526315789474
"134","diff1",-0.0214210526315789
"135","diff1",0.083842105263158
"136","diff1",0.0154210526315791
"137","diff1",0.0575263157894737
"138","diff1",0.0154210526315791
"139","diff1",0.0785789473684212
"140","diff1",0.0627894736842106
"141","diff1",0.0943684210526317
"142","diff1",0.083842105263158
"143","diff1",0.0575263157894737
"144","diff1",0.0785789473684212
"145","diff1",0.0575263157894737
"146","diff1",0.0680526315789474
"147","diff1",0.0785789473684212
"148","diff1",0.0680526315789474
"149","diff1",0.047
"150","diff1",0.0785789473684212
"151","diff1",0.0364736842105263
"152","diff1",0.0785789473684212
"153","diff1",0.0891052631578949
"154","diff1",0.0364736842105265
"155","diff1",0.0891052631578949
"156","diff1",0.0206842105263159
"157","diff1",0.047
"158","diff1",0.0575263157894737
"159","diff1",0.0891052631578949
"160","diff1",0.0575263157894737
"161","diff1",0.0364736842105263
"162","diff1",0.0785789473684212
"163","diff1",0.0522631578947369
"164","diff1",0.0417368421052631
"165","diff1",0.0154210526315791
"166","diff1",0.0891052631578949
"167","diff1",0.0364736842105263
"168","diff1",0.0417368421052631
"169","diff1",0.104894736842105
"170","diff1",0.0101578947368422
"171","diff1",0.0680526315789474
"172","diff1",0.083842105263158
"173","diff1",0.083842105263158
"174","diff1",0.0733157894736843
"175","diff1",0.0417368421052631
"176","diff1",0.0364736842105265
"177","diff1",0.0680526315789474
"178","diff1",0.0575263157894737
"179","diff1",0.00489473684210535
"180","diff1",0.110157894736842
"181","diff1",0.110157894736842
"182","diff1",0.0206842105263159
"183","diff1",0.0891052631578949
"184","diff1",0.0680526315789474
"185","diff1",0.0575263157894737
"186","diff1",0.0785789473684212
"187","diff1",0.0312105263157896
"188","diff1",0.0785789473684212
"189","diff1",0.0259473684210528
"190","diff1",0.0680526315789474
"191","diff1",0.083842105263158
"192","diff1",0.115421052631579
"193","diff1",-0.0108947368421052
"194","diff1",0.147
"195","diff1",0.0417368421052631
"196","diff1",0.0364736842105265
"197","diff1",0.0364736842105265
"198","diff1",0.0522631578947369
"199","diff1",0.0680526315789474
"200","diff1",0.0522631578947369
"201","diff1",0.115421052631579
"202","diff1",0.083842105263158
"203","diff1",0.083842105263158
"204","diff1",0.0417368421052631
"205","diff1",0.104894736842105
"206","diff1",0.0680526315789474
"207","diff1",0.0785789473684212
"208","diff1",0.110157894736842
"209","diff1",0.0154210526315791
"210","diff1",0.0417368421052631
"211","diff1",0.0206842105263159
"212","diff1",0.115421052631579
"213","diff1",0.120684210526316
"214","diff1",0.0417368421052631
"215","diff1",0.115421052631579
"216","diff1",0.0259473684210528
"217","diff1",0.0785789473684212
"218","diff1",0.0206842105263159
"219","diff1",0.0627894736842106
"220","diff1",0.0733157894736843
"221","diff1",0.0680526315789474
"222","diff1",0.0996315789473686
"223","diff1",0.125947368421053
"224","diff1",0.0733157894736843
"225","diff1",0.0733157894736843
"226","diff1",0.0733157894736843
"227","diff1",0.0575263157894737
"228","diff1",0.0259473684210528
"229","diff1",0.0785789473684212
"230","diff1",0.047
"231","diff1",0.0680526315789474
"232","diff1",0.0364736842105265
"233","diff1",0.0891052631578949
"234","diff1",0.0627894736842106
"235","diff1",0.0364736842105263
"236","diff1",0.0627894736842106
"237","diff1",0.0680526315789474
"238","diff1",0.083842105263158
"239","diff1",0.0206842105263159
"240","diff1",0.0312105263157896
"241","diff1",0.0943684210526317
"242","diff1",0.0575263157894737
"243","diff1",0.047
"244","diff1",0.0522631578947369
"245","diff1",0.0627894736842106
"246","diff1",0.0785789473684212
"247","diff1",0.0206842105263159
"248","diff1",0.047
"249","diff1",0.0312105263157896
"250","diff1",0.0575263157894737
"251","diff1",0.110157894736842
"252","diff1",-0.00563157894736836
"253","diff1",0.0364736842105265
"254","diff1",0.0680526315789474
"255","diff1",0.047
"256","diff1",0.0627894736842106
"257","diff1",0.110157894736842
"258","diff1",0.083842105263158
"259","diff1",0.0996315789473686
"260","diff1",0.0733157894736843
"261","diff1",0.0680526315789474
"262","diff1",0.0943684210526317
"263","diff1",0.104894736842105
"264","diff1",0.047
"265","diff1",0.0891052631578949
"266","diff1",0.0733157894736843
"267","diff1",0.083842105263158
"268","diff1",0.0733157894736843
"269","diff1",0.0364736842105263
"270","diff1",0.0733157894736843
"271","diff1",0.0259473684210528
"272","diff1",0.0733157894736843
"273","diff1",0.0891052631578949
"274","diff1",0.0785789473684212
"275","diff1",0.0364736842105265
"276","diff1",0.0891052631578949
"277","diff1",0.0364736842105263
"278","diff1",0.0943684210526317
"279","diff1",0.047
"280","diff1",0.00489473684210535
"281","diff1",0.0785789473684212
"282","diff1",0.0891052631578946
"283","diff1",0.0943684210526317
"284","diff1",0.0785789473684212
"285","diff1",0.0259473684210528
"286","diff1",0.0627894736842106
"287","diff1",0.0733157894736843
"288","diff1",0.00489473684210535
"289","diff1",0.104894736842105
"290","diff1",0.083842105263158
"291","diff1",0.0522631578947369
"292","diff1",0.104894736842105
"293","diff1",0.0943684210526317
"294","diff1",-0.0319473684210527
"295","diff1",0.0206842105263159
"296","diff1",0.0259473684210526
"297","diff1",0.0680526315789474
"298","diff1",0.104894736842105
"299","diff1",0.0575263157894737
"300","diff1",0.083842105263158
"301","diff1",0.0417368421052631
"302","diff1",0.047
"303","diff1",0.0627894736842106
"304","diff1",0.0627894736842106
"305","diff1",0.0575263157894737
"306","diff1",0.115421052631579
"307","diff1",0.0364736842105263
"308","diff1",0.0680526315789474
"309","diff1",0.0891052631578949
"310","diff1",0.110157894736842
"311","diff1",0.0943684210526317
"312","diff1",0.0312105263157894
"313","diff1",0.0785789473684212
"314","diff1",0.0417368421052631
"315","diff1",0.0417368421052631
"316","diff1",0.110157894736842
"317","diff1",0.0259473684210528
"318","diff1",0.0522631578947369
"319","diff1",0.0891052631578949
"320","diff1",0.0891052631578949
"321","diff1",0.0627894736842106
"322","diff1",0.110157894736842
"323","diff1",0.0733157894736843
"324","diff1",0.047
"325","diff1",0.0259473684210528
"326","diff1",0.131210526315789
"327","diff1",0.104894736842105
"328","diff1",0.047
"329","diff1",0.0627894736842106
"330","diff1",0.0259473684210528
"331","diff1",0.047
"332","diff1",0.0627894736842106
"333","diff1",0.0417368421052634
"334","diff1",0.0312105263157894
"335","diff1",0.0627894736842106
"336","diff1",0.0996315789473686
"337","diff1",0.0996315789473686
"338","diff1",0.0575263157894737
"339","diff1",0.0364736842105263
"340","diff1",0.0785789473684212
"341","diff1",0.0364736842105263
"342","diff1",0.0891052631578949
"343","diff1",0.047
"344","diff1",0.0891052631578949
"345","diff1",0.0680526315789474
"346","diff1",0.0417368421052631
"347","diff1",0.0627894736842106
"348","diff1",0.0575263157894737
"349","diff1",0.0785789473684212
"350","diff1",0.0101578947368422
"351","diff1",0.0943684210526317
"352","diff1",0.0259473684210528
"353","diff1",0.0996315789473686
"354","diff1",-0.000368421052631504
"355","diff1",0.0627894736842106
"356","diff1",0.0733157894736843
"357","diff1",0.115421052631579
"358","diff1",0.0522631578947369
"359","diff1",0.0996315789473686
"360","diff1",0.0627894736842106
"361","diff1",0.0312105263157896
"362","diff1",0.083842105263158
"363","diff1",0.0206842105263159
"364","diff1",0.110157894736842
"365","diff1",0.047
"366","diff1",0.0522631578947369
"367","diff1",0.0259473684210528
"368","diff1",0.125947368421053
"369","diff1",0.0785789473684212
"370","diff1",0.0575263157894737
"371","diff1",0.0627894736842106
"372","diff1",0.110157894736842
"373","diff1",0.047
"374","diff1",0.0680526315789474
"375","diff1",0.125947368421053
"376","diff1",0.047
"377","diff1",0.0627894736842106
"378","diff1",0.0417368421052631
"379","diff1",0.0943684210526317
"380","diff1",0.0312105263157896
"381","diff1",0.0522631578947369
"382","diff1",0.0575263157894737
"383","diff1",0.0943684210526317
"384","diff1",0.0259473684210528
"385","diff1",0.0733157894736843
"386","diff1",0.0996315789473686
"387","diff1",0.110157894736842
"388","diff1",0.0680526315789474
"389","diff1",0.0312105263157896
"390","diff1",0.0312105263157896
"391","diff1",0.047
"392","diff1",0.083842105263158
"393","diff1",0.083842105263158
"394","diff1",0.0522631578947369
"395","diff1",0.0154210526315791
"396","diff1",0.0522631578947369
"397","diff1",0.083842105263158
"398","diff1",0.0680526315789474
"399","diff1",0.0364736842105263
"400","diff1",0.0154210526315791
"401","diff1",0.0785789473684212
"402","diff1",0.0785789473684212
"403","diff1",0.0680526315789474
"404","diff1",0.0733157894736843
"405","diff1",0.0891052631578949
"406","diff1",0.0627894736842106
"407","diff1",0.0575263157894737
"408","diff1",0.110157894736842
"409","diff1",0.0575263157894737
"410","diff1",0.047
"411","diff1",0.104894736842105
"412","diff1",-0.047736842105263
"413","diff1",0.0733157894736843
"414","diff1",0.0627894736842106
"415","diff1",0.0733157894736843
"416","diff1",0.0259473684210528
"417","diff1",0.0627894736842106
"418","diff1",0.0312105263157896
"419","diff1",0.0154210526315791
"420","diff1",-0.000368421052631504
"421","diff1",0.0891052631578949
"422","diff1",0.0891052631578949
"423","diff1",0.0417368421052631
"424","diff1",0.0575263157894737
"425","diff1",0.0680526315789474
"426","diff1",0.0680526315789474
"427","diff1",0.0627894736842106
"428","diff1",0.0417368421052631
"429","diff1",0.0627894736842106
"430","diff1",0.0522631578947369
"431","diff1",0.0417368421052631
"432","diff1",0.0785789473684212
"433","diff1",0.0680526315789474
"434","diff1",0.0522631578947369
"435","diff1",0.0733157894736843
"436","diff1",0.0891052631578949
"437","diff1",0.0785789473684212
"438","diff1",0.0785789473684212
"439","diff1",0.0154210526315791
"440","diff1",0.115421052631579
"441","diff1",0.0733157894736843
"442","diff1",0.0943684210526317
"443","diff1",0.0680526315789474
"444","diff1",0.0785789473684212
"445","diff1",0.0364736842105263
"446","diff1",0.0680526315789474
"447","diff1",0.0996315789473686
"448","diff1",0.115421052631579
"449","diff1",0.0627894736842106
"450","diff1",0.0627894736842106
"451","diff1",0.0627894736842106
"452","diff1",0.0154210526315791
"453","diff1",0.0206842105263159
"454","diff1",0.0522631578947369
"455","diff1",0.0575263157894737
"456","diff1",0.115421052631579
"457","diff1",0.0364736842105263
"458","diff1",0.0680526315789474
"459","diff1",0.0154210526315791
"460","diff1",0.0785789473684212
"461","diff1",0.0575263157894737
"462","diff1",0.0680526315789474
"463","diff1",0.0733157894736843
"464","diff1",0.0364736842105265
"465","diff1",0.0627894736842106
"466","diff1",0.0891052631578949
"467","diff1",0.0785789473684212
"468","diff1",0.0680526315789474
"469","diff1",0.0627894736842106
"470","diff1",0.0733157894736843
"471","diff1",0.0680526315789474
"472","diff1",0.104894736842105
"473","diff1",0.0627894736842106
"474","diff1",0.0680526315789474
"475","diff1",0.0154210526315791
"476","diff1",0.0364736842105265
"477","diff1",0.0785789473684212
"478","diff1",0.0627894736842106
"479","diff1",0.0680526315789474
"480","diff1",0.083842105263158
"481","diff1",0.0943684210526317
"482","diff1",0.0417368421052631
"483","diff1",0.0785789473684212
"484","diff1",0.0680526315789474
"485","diff1",0.0627894736842106
"486","diff1",0.0891052631578949
"487","diff1",0.0417368421052631
"488","diff1",0.083842105263158
"489","diff1",0.0943684210526317
"490","diff1",0.0364736842105263
"491","diff1",0.0733157894736843
"492","diff1",0.047
"493","diff1",0.104894736842105
"494","diff1",0.110157894736842
"495","diff1",0.0206842105263159
"496","diff1",0.0943684210526317
"497","diff1",0.0627894736842106
"498","diff1",0.0785789473684212
"499","diff1",0.0680526315789474
"500","diff1",0.047
"501","diff1",0.047
"502","diff1",0.047
"503","diff1",0.047
"504","diff1",0.047
"505","diff1",0.047
"506","diff1",0.047
"507","diff1",0.047
"508","diff1",0.047
"509","diff1",0.047
"510","diff1",0.047
"511","diff1",0.047
"512","diff1",0.047
"513","diff1",0.047
"514","diff1",0.047
"515","diff1",0.047
"516","diff1",0.047
"517","diff1",0.047
"518","diff1",0.047
"519","diff1",0.047
"520","diff1",0.047
"521","diff1",0.047
"522","diff1",0.047
"523","diff1",0.047
"524","diff1",0.047
"525","diff1",0.047
"526","diff1",0.047
"527","diff1",0.047
"528","diff1",0.047
"529","diff1",0.047
"530","diff1",0.047
"531","diff1",0.0312105263157896
"532","diff1",0.0417368421052634
"533","diff1",0.0627894736842106
"534","diff1",0.0259473684210528
"535","diff1",0.0785789473684212
"536","diff1",0.0733157894736843
"537","diff1",0.0785789473684212
"538","diff1",0.115421052631579
"539","diff1",-0.0161578947368421
"540","diff1",0.131210526315789
"541","diff1",0.0364736842105263
"542","diff1",0.0891052631578949
"543","diff1",0.0627894736842106
"544","diff1",0.0785789473684212
"545","diff1",0.0259473684210528
"546","diff1",0.0943684210526317
"547","diff1",0.0575263157894737
"548","diff1",0.0417368421052631
"549","diff1",0.0733157894736843
"550","diff1",0.0575263157894737
"551","diff1",0.0259473684210528
"552","diff1",0.0417368421052631
"553","diff1",0.0785789473684212
"554","diff1",0.0154210526315791
"555","diff1",0.0364736842105265
"556","diff1",0.0575263157894737
"557","diff1",0.0417368421052631
"558","diff1",0.0785789473684212
"559","diff1",0.0627894736842106
"560","diff1",0.115421052631579
"561","diff1",0.0627894736842106
"562","diff1",0.0680526315789474
"563","diff1",0.0627894736842106
"564","diff1",0.0785789473684212
"565","diff1",0.0154210526315791
"566","diff1",0.0364736842105265
"567","diff1",0.120684210526316
"568","diff1",0.0680526315789474
"569","diff1",-0.000368421052631504
"570","diff1",0.0680526315789474
"571","diff1",0.0733157894736843
"572","diff1",0.047
"573","diff1",0.0785789473684209
"574","diff1",0.0522631578947369
"575","diff1",0.115421052631579
"576","diff1",0.0575263157894737
"577","diff1",0.0996315789473686
"578","diff1",0.0417368421052631
"579","diff1",0.0680526315789474
"580","diff1",0.131210526315789
"581","diff1",0.0785789473684212
"582","diff1",0.104894736842105
"583","diff1",0.0575263157894737
"584","diff1",-0.000368421052631504
"585","diff1",0.0312105263157894
"586","diff1",0.0364736842105263
"587","diff1",0.0627894736842106
"588","diff1",0.0680526315789474
"589","diff1",0.0785789473684212
"590","diff1",0.0522631578947369
"591","diff1",0.0943684210526317
"592","diff1",0.00489473684210535
"593","diff1",0.0522631578947369
"594","diff1",0.0996315789473686
"595","diff1",0.0417368421052631
"596","diff1",0.0101578947368422
"597","diff1",0.162789473684211
"598","diff1",0.0364736842105263
"599","diff1",0.110157894736842
"600","diff1",0.0364736842105263
"601","diff1",0.0733157894736843
"602","diff1",0.0575263157894737
"603","diff1",0.0575263157894737
"604","diff1",0.0627894736842106
"605","diff1",0.0364736842105265
"606","diff1",0.047
"607","diff1",0.125947368421053
"608","diff1",0.0522631578947369
"609","diff1",0.0785789473684212
"610","diff1",0.0891052631578949
"611","diff1",-0.0266842105263158
"612","diff1",0.0312105263157894
"613","diff1",0.00489473684210535
"614","diff1",0.0417368421052631
"615","diff1",0.0785789473684212
"616","diff1",0.0627894736842106
"617","diff1",0.0364736842105263
"618","diff1",0.0417368421052631
"619","diff1",0.0417368421052631
"620","diff1",0.104894736842105
"621","diff1",0.0943684210526317
"622","diff1",0.141736842105263
"623","diff1",0.0522631578947369
"624","diff1",0.0154210526315791
"625","diff1",0.0627894736842106
"626","diff1",0.0259473684210528
"627","diff1",0.0312105263157894
"628","diff1",0.083842105263158
"629","diff1",0.0364736842105263
"630","diff1",0.0206842105263159
"631","diff1",0.0522631578947369
"632","diff1",0.0891052631578949
"633","diff1",0.0627894736842106
"634","diff1",0.083842105263158
"635","diff1",0.0627894736842106
"636","diff1",0.083842105263158
"637","diff1",0.0785789473684212
"638","diff1",0.0680526315789474
"639","diff1",0.0364736842105263
"640","diff1",0.0522631578947369
"641","diff1",0.0259473684210526
"642","diff1",0.0522631578947369
"643","diff1",0.0733157894736843
"644","diff1",0.115421052631579
"645","diff1",0.0417368421052631
"646","diff1",0.0627894736842106
"647","diff1",0.0891052631578949
"648","diff1",0.0627894736842106
"649","diff1",0.0154210526315791
"650","diff1",0.0312105263157894
"651","diff1",0.136473684210526
"652","diff1",0.0364736842105263
"653","diff1",0.0522631578947369
"654","diff1",0.0259473684210526
"655","diff1",0.0627894736842106
"656","diff1",0.083842105263158
"657","diff1",0.0891052631578949
"658","diff1",0.047
"659","diff1",0.047
"660","diff1",0.047
"661","diff1",0.0522631578947369
"662","diff1",0.0996315789473686
"663","diff1",0.0627894736842106
"664","diff1",0.0364736842105263
"665","diff1",0.0733157894736843
"666","diff1",0.0943684210526317
"667","diff1",0.136473684210526
"668","diff1",0.0417368421052631
"669","diff1",0.0575263157894737
"670","diff1",0.0417368421052631
"671","diff1",0.0522631578947369
"672","diff1",0.0680526315789474
"673","diff1",0.0312105263157896
"674","diff1",0.0891052631578949
"675","diff1",0.083842105263158
"676","diff1",-0.00563157894736836
"677","diff1",0.115421052631579
"678","diff1",0.0680526315789474
"679","diff1",0.0522631578947369
"680","diff1",0.0680526315789474
"681","diff1",0.0943684210526317
"682","diff1",-0.0214210526315789
"683","diff1",0.0627894736842106
"684","diff1",0.0891052631578949
"685","diff1",0.083842105263158
"686","diff1",0.110157894736842
"687","diff1",-0.00563157894736836
"688","diff1",0.0417368421052631
"689","diff1",0.0364736842105263
"690","diff1",0.0943684210526317
"691","diff1",0.0627894736842106
"692","diff1",0.0522631578947369
"693","diff1",0.0206842105263159
"694","diff1",0.00489473684210535
"695","diff1",0.0891052631578949
"696","diff1",0.0891052631578949
"697","diff1",0.0417368421052631
"698","diff1",0.0680526315789474
"699","diff1",0.0522631578947369
"700","diff1",0.083842105263158
"701","diff1",0.0785789473684212
"702","diff1",0.0733157894736843
"703","diff1",0.0627894736842106
"704","diff1",0.0312105263157896
"705","diff1",0.0575263157894737
"706","diff1",-0.00563157894736836
"707","diff1",0.0785789473684212
"708","diff1",0.0522631578947369
"709","diff1",0.0364736842105263
"710","diff1",0.0996315789473686
"711","diff1",0.0312105263157894
"712","diff1",-0.0214210526315789
"713","diff1",0.0101578947368422
"714","diff1",0.0733157894736843
"715","diff1",0.0575263157894737
"716","diff1",0.0575263157894737
"717","diff1",0.0206842105263159
"718","diff1",0.0785789473684212
"719","diff1",0.047
"720","diff1",-0.0108947368421052
"721","diff1",0.0680526315789474
"722","diff1",0.0996315789473686
"723","diff1",0.0891052631578949
"724","diff1",0.0417368421052631
"725","diff1",0.083842105263158
"726","diff1",0.131210526315789
"727","diff1",0.0785789473684212
"728","diff1",0.0627894736842106
"729","diff1",0.0312105263157896
"730","diff1",0.147
"731","diff1",0.147
"732","diff1",0.083842105263158
"733","diff1",0.0259473684210528
"734","diff1",0.0417368421052631
"735","diff1",0.0785789473684212
"736","diff1",0.0627894736842106
"737","diff1",0.0785789473684212
"738","diff1",0.0627894736842106
"739","diff1",0.0785789473684212
"740","diff1",0.110157894736842
"741","diff1",0.083842105263158
"742","diff1",0.0522631578947369
"743","diff1",0.0206842105263159
"744","diff1",0.0627894736842106
"745","diff1",0.083842105263158
"746","diff1",0.0785789473684212
"747","diff1",0.0417368421052631
"748","diff1",0.047
"749","diff1",0.047
"750","diff1",0.0627894736842106
"751","diff1",0.0943684210526317
"752","diff1",0.115421052631579
"753","diff1",0.0259473684210528
"754","diff1",0.0733157894736843
"755","diff1",0.0733157894736843
"756","diff1",0.104894736842105
"757","diff1",0.0785789473684212
"758","diff1",0.0522631578947369
"759","diff1",0.083842105263158
"760","diff1",0.047
"761","diff1",0.0417368421052631
"762","diff1",0.0733157894736843
"763","diff1",0.120684210526316
"764","diff1",0.120684210526316
"765","diff1",0.047
"766","diff1",0.047
"767","diff1",0.0206842105263159
"768","diff1",0.0785789473684212
"769","diff1",0.0680526315789474
"770","diff1",0.0627894736842106
"771","diff1",0.0417368421052631
"772","diff1",0.0627894736842106
"773","diff1",0.083842105263158
"774","diff1",0.0733157894736843
"775","diff1",0.152263157894737
"776","diff1",0.0733157894736843
"777","diff1",0.0312105263157894
"778","diff1",0.0627894736842106
"779","diff1",0.0785789473684212
"780","diff1",0.0733157894736843
"781","diff1",0.0733157894736843
"782","diff1",0.047
"783","diff1",0.0733157894736843
"784","diff1",0.0312105263157896
"785","diff1",0.0364736842105265
"786","diff1",0.0680526315789474
"787","diff1",0.0785789473684212
"788","diff1",0.083842105263158
"789","diff1",0.0733157894736843
"790","diff1",0.110157894736842
"791","diff1",0.0312105263157896
"792","diff1",0.0575263157894737
"793","diff1",0.0627894736842106
"794","diff1",0.0417368421052631
"795","diff1",0.0522631578947369
"796","diff1",0.0996315789473686
"797","diff1",0.083842105263158
"798","diff1",0.0680526315789474
"799","diff1",0.0733157894736843
"800","diff1",0.0417368421052631
"801","diff1",0.0627894736842106
"802","diff1",0.083842105263158
"803","diff1",0.0575263157894737
"804","diff1",0.0575263157894737
"805","diff1",0.0154210526315791
"806","diff1",0.115421052631579
"807","diff1",0.115421052631579
"808","diff1",0.083842105263158
"809","diff1",0.0891052631578949
"810","diff1",0.0785789473684212
"811","diff1",0.0575263157894737
"812","diff1",0.0785789473684212
"813","diff1",0.0785789473684212
"814","diff1",0.083842105263158
"815","diff1",0.0680526315789474
"816","diff1",-0.0108947368421052
"817","diff1",0.0996315789473686
"818","diff1",0.0733157894736843
"819","diff1",0.0891052631578949
"820","diff1",0.0417368421052631
"821","diff1",0.0206842105263159
"822","diff1",0.104894736842105
"823","diff1",0.0733157894736843
"824","diff1",0.0891052631578949
"825","diff1",0.0680526315789474
"826","diff1",0.0259473684210526
"827","diff1",0.0891052631578949
"828","diff1",0.083842105263158
"829","diff1",0.0627894736842106
"830","diff1",0.0785789473684212
"831","diff1",0.0575263157894737
"832","diff1",0.104894736842105
"833","diff1",0.0575263157894737
"834","diff1",0.0312105263157896
"835","diff1",0.0312105263157896
"836","diff1",0.0627894736842106
"837","diff1",0.047
"838","diff1",0.047
"839","diff1",0.0943684210526317
"840","diff1",0.0891052631578949
"841","diff1",0.0154210526315791
"842","diff1",0.104894736842105
"843","diff1",0.125947368421053
"844","diff1",0.0259473684210528
"845","diff1",0.0733157894736843
"846","diff1",0.0943684210526317
"847","diff1",0.0733157894736843
"848","diff1",0.0206842105263159
"849","diff1",0.0364736842105265
"850","diff1",0.0680526315789474
"851","diff1",0.083842105263158
"852","diff1",0.0943684210526317
"853","diff1",0.0417368421052631
"854","diff1",0.0680526315789474
"855","diff1",0.0733157894736843
"856","diff1",0.0785789473684212
"857","diff1",0.0417368421052631
"858","diff1",0.0417368421052631
"859","diff1",0.0364736842105263
"860","diff1",0.047
"861","diff1",0.110157894736842
"862","diff1",0.0154210526315791
"863","diff1",0.00489473684210535
"864","diff1",0.115421052631579
"865","diff1",0.104894736842105
"866","diff1",0.0785789473684212
"867","diff1",0.0943684210526317
"868","diff1",0.0627894736842106
"869","diff1",0.00489473684210535
"870","diff1",0.125947368421053
"871","diff1",0.104894736842105
"872","diff1",0.0417368421052631
"873","diff1",0.0680526315789474
"874","diff1",0.0627894736842106
"875","diff1",0.0680526315789474
"876","diff1",0.0575263157894737
"877","diff1",0.0312105263157896
"878","diff1",0.0891052631578949
"879","diff1",0.125947368421053
"880","diff1",-0.000368421052631504
"881","diff1",0.131210526315789
"882","diff1",0.083842105263158
"883","diff1",0.0680526315789474
"884","diff1",0.083842105263158
"885","diff1",0.047
"886","diff1",0.131210526315789
"887","diff1",0.0154210526315791
"888","diff1",0.0627894736842106
"889","diff1",0.0680526315789474
"890","diff1",0.0733157894736843
"891","diff1",0.047
"892","diff1",0.0575263157894737
"893","diff1",0.0943684210526317
"894","diff1",0.0996315789473686
"895","diff1",0.0627894736842106
"896","diff1",0.0522631578947369
"897","diff1",0.115421052631579
"898","diff1",0.0627894736842106
"899","diff1",0.0785789473684212
"900","diff1",0.0364736842105265
"901","diff1",-0.0161578947368421
"902","diff1",0.0259473684210528
"903","diff1",0.0680526315789474
"904","diff1",0.0627894736842106
"905","diff1",0.0259473684210528
"906","diff1",0.00489473684210535
"907","diff1",0.0680526315789474
"908","diff1",0.125947368421053
"909","diff1",0.0891052631578949
"910","diff1",0.0943684210526317
"911","diff1",0.0575263157894737
"912","diff1",0.120684210526316
"913","diff1",0.0575263157894737
"914","diff1",0.0522631578947369
"915","diff1",0.0206842105263159
"916","diff1",0.131210526315789
"917","diff1",0.0575263157894737
"918","diff1",0.083842105263158
"919","diff1",0.0259473684210528
"920","diff1",0.0259473684210528
"921","diff1",-0.0161578947368421
"922","diff1",0.0312105263157896
"923","diff1",0.0891052631578949
"924","diff1",0.136473684210526
"925","diff1",0.0680526315789474
"926","diff1",0.104894736842105
"927","diff1",0.0680526315789474
"928","diff1",0.0417368421052631
"929","diff1",0.0312105263157894
"930","diff1",0.0785789473684212
"931","diff1",-0.0372105263157895
"932","diff1",0.0417368421052631
"933","diff1",0.0996315789473686
"934","diff1",0.110157894736842
"935","diff1",0.0680526315789474
"936","diff1",0.0891052631578949
"937","diff1",-0.000368421052631504
"938","diff1",0.0891052631578949
"939","diff1",0.0206842105263159
"940","diff1",0.0312105263157894
"941","diff1",0.0627894736842106
"942","diff1",0.0680526315789474
"943","diff1",0.0259473684210528
"944","diff1",0.0364736842105263
"945","diff1",0.0891052631578949
"946","diff1",0.0522631578947369
"947","diff1",0.0996315789473686
"948","diff1",0.0259473684210528
"949","diff1",0.0891052631578949
"950","diff1",0.083842105263158
"951","diff1",0.0417368421052631
"952","diff1",0.047
"953","diff1",0.0627894736842106
"954","diff1",0.0943684210526317
"955","diff1",0.0522631578947369
"956","diff1",0.0575263157894737
"957","diff1",0.0575263157894737
"958","diff1",0.0627894736842106
"959","diff1",0.0943684210526317
"960","diff1",0.0680526315789474
"961","diff1",0.131210526315789
"962","diff1",0.0733157894736843
"963","diff1",0.047
"964","diff1",0.115421052631579
"965","diff1",0.0785789473684212
"966","diff1",0.0312105263157896
"967","diff1",0.0680526315789474
"968","diff1",0.0417368421052631
"969","diff1",0.0364736842105265
"970","diff1",0.083842105263158
"971","diff1",0.0627894736842106
"972","diff1",0.0733157894736843
"973","diff1",0.0312105263157894
"974","diff1",0.0627894736842106
"975","diff1",0.0785789473684212
"976","diff1",0.0680526315789474
"977","diff1",0.0312105263157896
"978","diff1",0.120684210526316
"979","diff1",0.0943684210526317
"980","diff1",0.0522631578947369
"981","diff1",0.0733157894736843
"982","diff1",0.0575263157894737
"983","diff1",0.115421052631579
"984","diff1",0.0417368421052631
"985","diff1",0.0785789473684212
"986","diff1",0.047
"987","diff1",0.0154210526315791
"988","diff1",0.00489473684210535
"989","diff1",0.0364736842105263
"990","diff1",0.104894736842105
"991","diff1",0.0891052631578949
"992","diff1",0.0522631578947369
"993","diff1",0.0259473684210528
"994","diff1",0.0417368421052631
"995","diff1",0.047
"996","diff1",0.0312105263157894
"997","diff1",0.131210526315789
"998","diff1",0.0943684210526317
"999","diff1",0.0733157894736843
"1000","diff1",0.110157894736842
"1001","diff1",0.0733157894736843
"1002","diff1",0.0154210526315791
"1003","diff1",0.110157894736842
"1004","diff1",0.104894736842105
"1005","diff1",0.0891052631578949
"1006","diff1",0.0785789473684212
"1007","diff1",0.125947368421053
"1008","diff1",0.0259473684210526
"1009","diff1",0.0733157894736843
"1010","diff1",0.0680526315789474
"1011","diff1",0.047
"1012","diff1",0.0943684210526317
"1013","diff1",0.0522631578947369
"1014","diff1",0.0259473684210528
"1015","diff1",0.0627894736842106
"1016","diff1",0.0785789473684212
"1017","diff1",0.0364736842105265
"1018","diff1",0.0627894736842106
"1019","diff1",0.0417368421052631
"1020","diff1",0.0996315789473686
"1021","diff1",0.0364736842105265
"1022","diff1",0.0733157894736843
"1023","diff1",0.0785789473684212
"1024","diff1",0.047
"1025","diff1",0.0627894736842106
"1026","diff1",0.0259473684210528
"1027","diff1",0.0733157894736843
"1028","diff1",0.0627894736842106
"1029","diff1",0.0206842105263159
"1030","diff1",0.0891052631578949
"1031","diff1",0.0891052631578949
"1032","diff1",-0.00563157894736836
"1033","diff1",0.0627894736842106
"1034","diff1",0.0575263157894737
"1035","diff1",0.0680526315789474
"1036","diff1",0.0575263157894737
"1037","diff1",0.083842105263158
"1038","diff1",0.0680526315789474
"1039","diff1",0.0259473684210528
"1040","diff1",0.0891052631578949
"1041","diff1",0.0891052631578949
"1042","diff1",0.0364736842105263
"1043","diff1",0.0312105263157896
"1044","diff1",0.047
"1045","diff1",0.0575263157894737
"1046","diff1",0.0206842105263159
"1047","diff1",0.0312105263157896
"1048","diff1",0.0785789473684212
"1049","diff1",0.0259473684210528
"1050","diff1",0.0627894736842106
"1051","diff1",0.0627894736842106
"1052","diff1",0.00489473684210535
"1053","diff1",0.0891052631578949
"1054","diff1",0.0680526315789474
"1055","diff1",0.0417368421052631
"1056","diff1",0.0417368421052631
"1057","diff1",0.083842105263158
"1058","diff1",0.0259473684210526
"1059","diff1",0.0259473684210528
"1060","diff1",0.0522631578947369
"1061","diff1",0.0312105263157896
"1062","diff1",0.0101578947368422
"1063","diff1",0.125947368421053
"1064","diff1",0.0575263157894737
"1065","diff1",0.0417368421052634
"1066","diff1",0.047
"1067","diff1",0.0785789473684212
"1068","diff1",0.083842105263158
"1069","diff1",0.0680526315789474
"1070","diff1",0.0891052631578949
"1071","diff1",0.0891052631578949
"1072","diff1",0.0785789473684212
"1073","diff1",0.0417368421052631
"1074","diff1",0.0680526315789474
"1075","diff1",0.0575263157894737
"1076","diff1",0.110157894736842
"1077","diff1",0.0943684210526317
"1078","diff1",0.0364736842105265
"1079","diff1",0.0154210526315791
"1080","diff1",0.0996315789473686
"1081","diff1",0.0680526315789474
"1082","diff1",0.0417368421052631
"1083","diff1",0.0101578947368422
"1084","diff1",0.0575263157894737
"1085","diff1",0.0312105263157896
"1086","diff1",0.0785789473684212
"1087","diff1",0.0101578947368422
"1088","diff1",0.0627894736842106
"1089","diff1",0.0206842105263159
"1090","diff1",0.0417368421052631
"1091","diff1",0.0680526315789474
"1092","diff1",0.0522631578947369
"1093","diff1",0.0891052631578949
"1094","diff1",0.0785789473684212
"1095","diff1",0.0575263157894737
"1096","diff1",0.110157894736842
"1097","diff1",0.0627894736842106
"1098","diff1",0.00489473684210535
"1099","diff1",0.0575263157894737
"1100","diff1",0.083842105263158
"1101","diff1",0.0417368421052631
"1102","diff1",0.115421052631579
"1103","diff1",0.0680526315789474
"1104","diff1",0.125947368421053
"1105","diff1",0.0785789473684212
"1106","diff1",0.0627894736842106
"1107","diff1",0.120684210526316
"1108","diff1",0.0364736842105263
"1109","diff1",0.0996315789473686
"1110","diff1",0.0522631578947369
"1111","diff1",0.0627894736842106
"1112","diff1",0.0785789473684212
"1113","diff1",0.0522631578947369
"1114","diff1",-0.000368421052631504
"1115","diff1",0.0785789473684212
"1116","diff1",0.110157894736842
"1117","diff1",0.0627894736842106
"1118","diff1",0.0575263157894737
"1119","diff1",0.0259473684210528
"1120","diff1",0.0627894736842106
"1121","diff1",0.0785789473684212
"1122","diff1",0.0522631578947369
"1123","diff1",0.0733157894736843
"1124","diff1",0.0680526315789474
"1125","diff1",0.0154210526315791
"1126","diff1",-0.0161578947368421
"1127","diff1",0.115421052631579
"1128","diff1",0.0733157894736843
"1129","diff1",0.0575263157894737
"1130","diff1",0.0575263157894737
"1131","diff1",0.047
"1132","diff1",0.0891052631578949
"1133","diff1",0.152263157894737
"1134","diff1",0.0364736842105263
"1135","diff1",0.0364736842105263
"1136","diff1",0.0943684210526317
"1137","diff1",0.0575263157894737
"1138","diff1",0.0575263157894737
"1139","diff1",0.0627894736842106
"1140","diff1",0.0575263157894737
"1141","diff1",0.0312105263157896
"1142","diff1",0.0312105263157896
"1143","diff1",0.0891052631578949
"1144","diff1",0.00489473684210535
"1145","diff1",0.0522631578947369
"1146","diff1",0.0627894736842106
"1147","diff1",0.0522631578947369
"1148","diff1",0.0627894736842106
"1149","diff1",0.0312105263157896
"1150","diff1",0.0943684210526317
"1151","diff1",0.0312105263157896
"1152","diff1",0.0627894736842106
"1153","diff1",-0.000368421052631504
"1154","diff1",0.0312105263157896
"1155","diff1",-0.000368421052631504
"1156","diff1",0.047
"1157","diff1",0.0259473684210528
"1158","diff1",0.047
"1159","diff1",0.0891052631578949
"1160","diff1",0.0154210526315791
"1161","diff1",0.0522631578947369
"1162","diff1",0.0785789473684212
"1163","diff1",0.0575263157894737
"1164","diff1",0.0575263157894737
"1165","diff1",0.0575263157894737
"1166","diff1",0.0680526315789474
"1167","diff1",0.0996315789473686
"1168","diff1",0.0680526315789474
"1169","diff1",0.0206842105263159
"1170","diff1",0.0312105263157894
"1171","diff1",0.136473684210526
"1172","diff1",0.0785789473684212
"1173","diff1",0.110157894736842
"1174","diff1",0.120684210526316
"1175","diff1",0.083842105263158
"1176","diff1",0.104894736842105
"1177","diff1",0.0891052631578949
"1178","diff1",0.0785789473684212
"1179","diff1",0.0891052631578949
"1180","diff1",0.0627894736842106
"1181","diff1",0.0733157894736843
"1182","diff1",0.0785789473684212
"1183","diff1",0.0785789473684212
"1184","diff1",0.0575263157894737
"1185","diff1",0.131210526315789
"1186","diff1",0.104894736842105
"1187","diff1",0.110157894736842
"1188","diff1",0.0733157894736843
"1189","diff1",0.0943684210526317
"1190","diff1",0.0417368421052631
"1191","diff1",0.083842105263158
"1192","diff1",0.0943684210526317
"1193","diff1",0.0417368421052631
"1194","diff1",0.141736842105263
"1195","diff1",0.083842105263158
"1196","diff1",-0.000368421052631504
"1197","diff1",0.0101578947368422
"1198","diff1",0.00489473684210535
"1199","diff1",0.083842105263158
"1200","diff1",0.0785789473684212
"1201","diff1",0.0101578947368422
"1202","diff1",0.0943684210526317
"1203","diff1",0.0101578947368422
"1204","diff1",0.0996315789473686
"1205","diff1",0.0364736842105263
"1206","diff1",0.047
"1207","diff1",0.0154210526315791
"1208","diff1",0.0943684210526317
"1209","diff1",0.0259473684210528
"1210","diff1",0.047
"1211","diff1",0.120684210526316
"1212","diff1",-0.00563157894736836
"1213","diff1",0.104894736842105
"1214","diff1",0.0312105263157896
"1215","diff1",0.104894736842105
"1216","diff1",0.0522631578947369
"1217","diff1",0.0259473684210528
"1218","diff1",0.0575263157894737
"1219","diff1",0.083842105263158
"1220","diff1",0.0785789473684212
"1221","diff1",0.047
"1222","diff1",0.0364736842105263
"1223","diff1",0.0733157894736843
"1224","diff1",0.00489473684210535
"1225","diff1",-0.0161578947368421
"1226","diff1",0.0785789473684212
"1227","diff1",0.0417368421052631
"1228","diff1",0.047
"1229","diff1",0.0680526315789474
"1230","diff1",0.0943684210526317
"1231","diff1",0.083842105263158
"1232","diff1",0.0312105263157896
"1233","diff1",0.0733157894736843
"1234","diff1",0.104894736842105
"1235","diff1",0.0627894736842106
"1236","diff1",0.0522631578947369
"1237","diff1",0.0996315789473686
"1238","diff1",0.104894736842105
"1239","diff1",0.0996315789473686
"1240","diff1",0.0680526315789474
"1241","diff1",0.0733157894736843
"1242","diff1",0.0785789473684212
"1243","diff1",0.0154210526315791
"1244","diff1",0.0206842105263159
"1245","diff1",0.0312105263157894
"1246","diff1",0.110157894736842
"1247","diff1",0.0785789473684212
"1248","diff1",0.0627894736842106
"1249","diff1",0.0206842105263159
"1250","diff1",0.0785789473684212
"1251","diff1",0.0733157894736843
"1252","diff1",0.110157894736842
"1253","diff1",0.0891052631578949
"1254","diff1",0.047
"1255","diff1",0.0627894736842106
"1256","diff1",0.047
"1257","diff1",0.0627894736842106
"1258","diff1",0.00489473684210535
"1259","diff1",0.083842105263158
"1260","diff1",0.0996315789473686
"1261","diff1",0.047
"1262","diff1",0.0364736842105263
"1263","diff1",0.0627894736842106
"1264","diff1",0.0943684210526317
"1265","diff1",0.0575263157894737
"1266","diff1",0.0785789473684212
"1267","diff1",0.0785789473684212
"1268","diff1",0.0785789473684212
"1269","diff1",0.0996315789473686
"1270","diff1",0.047
"1271","diff1",0.131210526315789
"1272","diff1",0.0417368421052631
"1273","diff1",0.0259473684210528
"1274","diff1",0.0680526315789474
"1275","diff1",0.0417368421052631
"1276","diff1",0.0680526315789474
"1277","diff1",0.0627894736842106
"1278","diff1",0.0680526315789474
"1279","diff1",-0.0529999999999999
"1280","diff1",0.083842105263158
"1281","diff1",0.0522631578947369
"1282","diff1",0.0575263157894737
"1283","diff1",0.0891052631578949
"1284","diff1",0.0364736842105263
"1285","diff1",0.104894736842105
"1286","diff1",0.00489473684210535
"1287","diff1",0.0575263157894737
"1288","diff1",0.0733157894736843
"1289","diff1",0.120684210526316
"1290","diff1",0.0996315789473686
"1291","diff1",0.0206842105263159
"1292","diff1",0.0417368421052631
"1293","diff1",0.0943684210526317
"1294","diff1",0.00489473684210535
"1295","diff1",0.047
"1296","diff1",0.0785789473684212
"1297","diff1",0.0364736842105263
"1298","diff1",0.0206842105263159
"1299","diff1",0.104894736842105
"1300","diff1",0.0891052631578946
"1301","diff1",0.0575263157894737
"1302","diff1",0.0680526315789474
"1303","diff1",0.110157894736842
"1304","diff1",0.0575263157894737
"1305","diff1",0.0733157894736843
"1306","diff1",0.120684210526316
"1307","diff1",0.0575263157894737
"1308","diff1",0.0733157894736843
"1309","diff1",0.0312105263157896
"1310","diff1",0.110157894736842
"1311","diff1",0.0364736842105263
"1312","diff1",0.0522631578947369
"1313","diff1",0.0417368421052631
"1314","diff1",0.047
"1315","diff1",0.0996315789473686
"1316","diff1",0.0627894736842106
"1317","diff1",0.0575263157894737
"1318","diff1",0.0312105263157896
"1319","diff1",0.0943684210526317
"1320","diff1",0.083842105263158
"1321","diff1",0.0680526315789474
"1322","diff1",0.083842105263158
"1323","diff1",0.0680526315789474
"1324","diff1",0.125947368421053
"1325","diff1",0.0627894736842106
"1326","diff1",0.0996315789473686
"1327","diff1",0.0996315789473686
"1328","diff1",0.0259473684210528
"1329","diff1",0.083842105263158
"1330","diff1",0.0575263157894737
"1331","diff1",0.0733157894736843
"1332","diff1",0.0627894736842106
"1333","diff1",0.0891052631578949
"1334","diff1",0.0312105263157896
"1335","diff1",0.0785789473684212
"1336","diff1",0.0417368421052631
"1337","diff1",0.0943684210526317
"1338","diff1",0.0522631578947369
"1339","diff1",0.0575263157894737
"1340","diff1",0.0733157894736843
"1341","diff1",0.0891052631578949
"1342","diff1",0.083842105263158
"1343","diff1",0.083842105263158
"1344","diff1",0.0891052631578949
"1345","diff1",0.0785789473684212
"1346","diff1",0.0364736842105265
"1347","diff1",0.0522631578947369
"1348","diff1",0.0891052631578949
"1349","diff1",0.0627894736842106
"1350","diff1",0.0680526315789474
"1351","diff1",0.0575263157894737
"1352","diff1",0.0627894736842106
"1353","diff1",0.0943684210526317
"1354","diff1",0.0943684210526317
"1355","diff1",0.104894736842105
"1356","diff1",0.0891052631578949
"1357","diff1",0.0733157894736843
"1358","diff1",0.083842105263158
"1359","diff1",0.0312105263157896
"1360","diff1",0.0891052631578949
"1361","diff1",0.0627894736842106
"1362","diff1",0.0785789473684212
"1363","diff1",0.0785789473684212
"1364","diff1",0.115421052631579
"1365","diff1",0.0312105263157896
"1366","diff1",0.0680526315789474
"1367","diff1",0.0680526315789474
"1368","diff1",0.0627894736842106
"1369","diff1",0.0943684210526317
"1370","diff1",-0.0108947368421052
"1371","diff1",0.0996315789473686
"1372","diff1",0.047
"1373","diff1",0.0680526315789474
"1374","diff1",0.115421052631579
"1375","diff1",0.0154210526315791
"1376","diff1",0.0575263157894737
"1377","diff1",0.0575263157894737
"1378","diff1",0.0417368421052631
"1379","diff1",0.083842105263158
"1380","diff1",0.0627894736842106
"1381","diff1",0.0575263157894737
"1382","diff1",0.0627894736842104
"1383","diff1",0.0627894736842106
"1384","diff1",0.0785789473684212
"1385","diff1",0.0522631578947369
"1386","diff1",0.0575263157894737
"1387","diff1",0.0943684210526317
"1388","diff1",0.0522631578947369
"1389","diff1",0.0417368421052631
"1390","diff1",-0.0266842105263158
"1391","diff1",0.0680526315789474
"1392","diff1",-0.000368421052631504
"1393","diff1",0.115421052631579
"1394","diff1",0.0627894736842106
"1395","diff1",0.0522631578947369
"1396","diff1",0.0733157894736843
"1397","diff1",0.0154210526315791
"1398","diff1",0.0733157894736843
"1399","diff1",0.0575263157894737
"1400","diff1",0.00489473684210535
"1401","diff1",0.0522631578947369
"1402","diff1",0.131210526315789
"1403","diff1",0.0943684210526317
"1404","diff1",0.0259473684210528
"1405","diff1",0.0364736842105263
"1406","diff1",0.0996315789473684
"1407","diff1",0.0206842105263159
"1408","diff1",0.0522631578947369
"1409","diff1",0.0891052631578949
"1410","diff1",0.0785789473684212
"1411","diff1",0.157526315789474
"1412","diff1",-0.000368421052631504
"1413","diff1",0.0364736842105263
"1414","diff1",0.0733157894736843
"1415","diff1",0.0996315789473686
"1416","diff1",0.0785789473684212
"1417","diff1",0.0312105263157894
"1418","diff1",0.0785789473684212
"1419","diff1",0.0785789473684212
"1420","diff1",0.0575263157894737
"1421","diff1",0.0364736842105265
"1422","diff1",0.0680526315789474
"1423","diff1",0.00489473684210535
"1424","diff1",0.0943684210526317
"1425","diff1",0.047
"1426","diff1",0.0575263157894737
"1427","diff1",0.0206842105263159
"1428","diff1",0.115421052631579
"1429","diff1",0.0312105263157894
"1430","diff1",0.136473684210526
"1431","diff1",0.047
"1432","diff1",-0.000368421052631504
"1433","diff1",0.0575263157894737
"1434","diff1",0.0575263157894737
"1435","diff1",0.083842105263158
"1436","diff1",0.0259473684210528
"1437","diff1",0.0364736842105263
"1438","diff1",0.0259473684210528
"1439","diff1",0.0943684210526317
"1440","diff1",0.083842105263158
"1441","diff1",0.0733157894736843
"1442","diff1",0.0364736842105265
"1443","diff1",0.0785789473684212
"1444","diff1",0.115421052631579
"1445","diff1",0.083842105263158
"1446","diff1",0.0891052631578949
"1447","diff1",0.120684210526316
"1448","diff1",0.0417368421052634
"1449","diff1",0.0627894736842106
"1450","diff1",0.0785789473684212
"1451","diff1",0.0417368421052631
"1452","diff1",0.0312105263157896
"1453","diff1",0.0943684210526317
"1454","diff1",-0.0108947368421052
"1455","diff1",0.083842105263158
"1456","diff1",0.0364736842105263
"1457","diff1",0.0154210526315791
"1458","diff1",-0.0266842105263158
"1459","diff1",0.0891052631578949
"1460","diff1",0.083842105263158
"1461","diff1",0.047
"1462","diff1",0.0575263157894737
"1463","diff1",0.00489473684210535
"1464","diff1",0.0575263157894737
"1465","diff1",0.047
"1466","diff1",0.0259473684210526
"1467","diff1",0.0312105263157894
"1468","diff1",0.0364736842105263
"1469","diff1",0.110157894736842
"1470","diff1",0.115421052631579
"1471","diff1",0.083842105263158
"1472","diff1",0.0312105263157894
"1473","diff1",0.0417368421052631
"1474","diff1",0.0312105263157896
"1475","diff1",0.0575263157894737
"1476","diff1",0.0364736842105263
"1477","diff1",0.0364736842105265
"1478","diff1",0.0785789473684212
"1479","diff1",0.0575263157894737
"1480","diff1",0.0575263157894737
"1481","diff1",0.0154210526315791
"1482","diff1",0.0733157894736843
"1483","diff1",0.083842105263158
"1484","diff1",0.115421052631579
"1485","diff1",0.0627894736842106
"1486","diff1",0.0154210526315791
"1487","diff1",0.0364736842105265
"1488","diff1",-0.0214210526315789
"1489","diff1",0.0891052631578949
"1490","diff1",0.0259473684210528
"1491","diff1",0.047
"1492","diff1",0.0785789473684212
"1493","diff1",0.0891052631578949
"1494","diff1",0.083842105263158
"1495","diff1",0.120684210526316
"1496","diff1",0.0680526315789474
"1497","diff1",0.0680526315789474
"1498","diff1",0.0680526315789474
"1499","diff1",0.0996315789473686
"1500","diff1",0.0522631578947369
"1501","diff1",0.0364736842105263
"1502","diff1",0.083842105263158
"1503","diff1",0.0680526315789474
"1504","diff1",0.0417368421052631
"1505","diff1",0.0733157894736843
"1506","diff1",0.0943684210526317
"1507","diff1",0.0417368421052631
"1508","diff1",0.0259473684210528
"1509","diff1",0.0943684210526317
"1510","diff1",0.0522631578947369
"1511","diff1",0.0364736842105263
"1512","diff1",-0.0108947368421052
"1513","diff1",0.047
"1514","diff1",0.104894736842105
"1515","diff1",0.0522631578947369
"1516","diff1",0.0575263157894737
"1517","diff1",0.0522631578947369
"1518","diff1",0.0785789473684212
"1519","diff1",0.047
"1520","diff1",0.0627894736842106
"1521","diff1",0.0575263157894737
"1522","diff1",0.0364736842105265
"1523","diff1",0.120684210526316
"1524","diff1",0.0364736842105265
"1525","diff1",0.0417368421052631
"1526","diff1",0.0522631578947369
"1527","diff1",0.104894736842105
"1528","diff1",0.0575263157894737
"1529","diff1",0.0785789473684212
"1530","diff1",0.0154210526315791
"1531","diff1",-0.0161578947368421
"1532","diff1",0.0364736842105265
"1533","diff1",0.0417368421052631
"1534","diff1",0.0943684210526317
"1535","diff1",0.0680526315789474
"1536","diff1",0.0943684210526317
"1537","diff1",0.0627894736842106
"1538","diff1",0.0522631578947369
"1539","diff1",0.0312105263157894
"1540","diff1",0.047
"1541","diff1",0.0627894736842106
"1542","diff1",0.0785789473684212
"1543","diff1",0.0312105263157896
"1544","diff1",0.00489473684210535
"1545","diff1",0.0522631578947369
"1546","diff1",0.0627894736842106
"1547","diff1",0.0680526315789474
"1548","diff1",0.0259473684210526
"1549","diff1",0.0733157894736843
"1550","diff1",0.0206842105263159
"1551","diff1",0.110157894736842
"1552","diff1",0.110157894736842
"1553","diff1",0.110157894736842
"1554","diff1",0.0680526315789474
"1555","diff1",0.0522631578947369
"1556","diff1",0.0733157894736843
"1557","diff1",0.0733157894736843
"1558","diff1",0.0943684210526317
"1559","diff1",0.0785789473684212
"1560","diff1",0.136473684210526
"1561","diff1",0.120684210526316
"1562","diff1",0.0891052631578949
"1563","diff1",0.0680526315789474
"1564","diff1",0.0575263157894737
"1565","diff1",0.0312105263157894
"1566","diff1",0.115421052631579
"1567","diff1",0.0154210526315791
"1568","diff1",0.0627894736842106
"1569","diff1",0.0891052631578949
"1570","diff1",0.0733157894736843
"1571","diff1",0.083842105263158
"1572","diff1",0.0417368421052631
"1573","diff1",0.047
"1574","diff1",0.0996315789473686
"1575","diff1",0.0943684210526317
"1576","diff1",0.0996315789473686
"1577","diff1",0.131210526315789
"1578","diff1",0.0154210526315791
"1579","diff1",0.0259473684210528
"1580","diff1",0.0417368421052631
"1581","diff1",0.110157894736842
"1582","diff1",0.0259473684210528
"1583","diff1",0.0943684210526317
"1584","diff1",0.083842105263158
"1585","diff1",0.0785789473684212
"1586","diff1",0.0312105263157896
"1587","diff1",0.0996315789473686
"1588","diff1",0.0891052631578949
"1589","diff1",0.0943684210526317
"1590","diff1",0.131210526315789
"1591","diff1",0.0891052631578949
"1592","diff1",0.0733157894736843
"1593","diff1",0.0206842105263159
"1594","diff1",0.125947368421053
"1595","diff1",0.047
"1596","diff1",0.104894736842105
"1597","diff1",0.0154210526315791
"1598","diff1",0.0785789473684212
"1599","diff1",0.047
"1600","diff1",0.0733157894736843
"1601","diff1",0.047
"1602","diff1",0.0522631578947369
"1603","diff1",0.0312105263157896
"1604","diff1",0.0996315789473686
"1605","diff1",0.0522631578947369
"1606","diff1",-0.00563157894736836
"1607","diff1",0.0943684210526317
"1608","diff1",0.0785789473684212
"1609","diff1",0.047
"1610","diff1",0.0364736842105263
"1611","diff1",0.0312105263157896
"1612","diff1",0.0312105263157894
"1613","diff1",0.0522631578947369
"1614","diff1",0.0522631578947369
"1615","diff1",0.0522631578947369
"1616","diff1",0.00489473684210535
"1617","diff1",0.083842105263158
"1618","diff1",0.115421052631579
"1619","diff1",0.120684210526316
"1620","diff1",0.0312105263157896
"1621","diff1",0.0206842105263159
"1622","diff1",0.0364736842105265
"1623","diff1",0.0417368421052631
"1624","diff1",0.0575263157894737
"1625","diff1",0.0206842105263159
"1626","diff1",0.104894736842105
"1627","diff1",0.0996315789473686
"1628","diff1",0.0943684210526317
"1629","diff1",0.0680526315789474
"1630","diff1",0.0680526315789474
"1631","diff1",0.104894736842105
"1632","diff1",0.0733157894736843
"1633","diff1",0.047
"1634","diff1",0.0627894736842106
"1635","diff1",0.047
"1636","diff1",0.0627894736842106
"1637","diff1",0.0785789473684212
"1638","diff1",0.0522631578947369
"1639","diff1",0.047
"1640","diff1",0.0733157894736843
"1641","diff1",0.0522631578947369
"1642","diff1",0.0785789473684212
"1643","diff1",0.0996315789473686
"1644","diff1",0.047
"1645","diff1",0.0680526315789474
"1646","diff1",0.0575263157894737
"1647","diff1",-0.000368421052631504
"1648","diff1",0.0627894736842106
"1649","diff1",0.120684210526316
"1650","diff1",0.0312105263157894
"1651","diff1",0.104894736842105
"1652","diff1",0.083842105263158
"1653","diff1",0.0680526315789474
"1654","diff1",0.0891052631578949
"1655","diff1",0.0785789473684212
"1656","diff1",0.120684210526316
"1657","diff1",0.0417368421052631
"1658","diff1",0.0891052631578949
"1659","diff1",0.0785789473684212
"1660","diff1",0.047
"1661","diff1",0.0154210526315791
"1662","diff1",0.0522631578947369
"1663","diff1",0.0785789473684212
"1664","diff1",0.0733157894736843
"1665","diff1",0.047
"1666","diff1",0.0891052631578949
"1667","diff1",0.047
"1668","diff1",0.0627894736842106
"1669","diff1",0.047
"1670","diff1",0.0733157894736843
"1671","diff1",0.0943684210526317
"1672","diff1",0.0627894736842106
"1673","diff1",0.104894736842105
"1674","diff1",0.0996315789473686
"1675","diff1",0.0206842105263159
"1676","diff1",0.0680526315789474
"1677","diff1",0.0943684210526317
"1678","diff1",0.00489473684210535
"1679","diff1",0.047
"1680","diff1",0.115421052631579
"1681","diff1",0.0680526315789474
"1682","diff1",0.0575263157894737
"1683","diff1",0.0575263157894737
"1684","diff1",0.0627894736842106
"1685","diff1",0.0312105263157896
"1686","diff1",0.0996315789473686
"1687","diff1",0.0575263157894737
"1688","diff1",0.0312105263157896
"1689","diff1",0.0996315789473686
"1690","diff1",0.0312105263157896
"1691","diff1",0.047
"1692","diff1",0.083842105263158
"1693","diff1",0.083842105263158
"1694","diff1",0.0417368421052631
"1695","diff1",0.0154210526315791
"1696","diff1",0.0680526315789474
"1697","diff1",0.0680526315789474
"1698","diff1",0.0733157894736843
"1699","diff1",0.047
"1700","diff1",0.0627894736842106
"1701","diff1",0.0943684210526317
"1702","diff1",0.0417368421052631
"1703","diff1",0.0522631578947369
"1704","diff1",0.0943684210526317
"1705","diff1",0.0785789473684212
"1706","diff1",0.0891052631578949
"1707","diff1",0.0312105263157896
"1708","diff1",0.047
"1709","diff1",0.141736842105263
"1710","diff1",0.0627894736842106
"1711","diff1",0.0154210526315791
"1712","diff1",0.0417368421052631
"1713","diff1",0.0733157894736843
"1714","diff1",0.0312105263157896
"1715","diff1",0.083842105263158
"1716","diff1",0.0575263157894737
"1717","diff1",0.0733157894736843
"1718","diff1",0.0364736842105263
"1719","diff1",0.0627894736842106
"1720","diff1",0.125947368421053
"1721","diff1",0.0364736842105263
"1722","diff1",0.0891052631578949
"1723","diff1",0.0575263157894737
"1724","diff1",0.0627894736842106
"1725","diff1",0.0417368421052631
"1726","diff1",0.0575263157894737
"1727","diff1",0.0680526315789474
"1728","diff1",0.0891052631578949
"1729","diff1",0.00489473684210535
"1730","diff1",0.0891052631578949
"1731","diff1",-0.000368421052631504
"1732","diff1",0.0733157894736843
"1733","diff1",0.0575263157894737
"1734","diff1",0.0312105263157896
"1735","diff1",0.104894736842105
"1736","diff1",0.0627894736842106
"1737","diff1",0.0627894736842106
"1738","diff1",0.0785789473684212
"1739","diff1",0.0575263157894737
"1740","diff1",0.047
"1741","diff1",0.0996315789473686
"1742","diff1",0.0733157894736843
"1743","diff1",0.0891052631578949
"1744","diff1",0.0785789473684212
"1745","diff1",0.0206842105263159
"1746","diff1",0.0575263157894737
"1747","diff1",0.110157894736842
"1748","diff1",0.0785789473684212
"1749","diff1",0.0575263157894737
"1750","diff1",0.0101578947368422
"1751","diff1",0.0891052631578949
"1752","diff1",0.0259473684210528
"1753","diff1",0.0733157894736843
"1754","diff1",0.0680526315789474
"1755","diff1",0.0943684210526317
"1756","diff1",0.00489473684210535
"1757","diff1",0.0364736842105265
"1758","diff1",0.0733157894736843
"1759","diff1",0.0575263157894737
"1760","diff1",0.0522631578947369
"1761","diff1",0.0733157894736843
"1762","diff1",0.0364736842105263
"1763","diff1",0.0680526315789474
"1764","diff1",0.0101578947368422
"1765","diff1",0.0943684210526317
"1766","diff1",0.0575263157894737
"1767","diff1",0.0364736842105263
"1768","diff1",0.0575263157894737
"1769","diff1",0.0785789473684212
"1770","diff1",0.0943684210526317
"1771","diff1",0.115421052631579
"1772","diff1",0.0785789473684212
"1773","diff1",0.00489473684210535
"1774","diff1",0.0785789473684212
"1775","diff1",0.0259473684210528
"1776","diff1",0.104894736842105
"1777","diff1",0.115421052631579
"1778","diff1",0.0364736842105263
"1779","diff1",0.125947368421052
"1780","diff1",0.0680526315789474
"1781","diff1",0.083842105263158
"1782","diff1",0.0364736842105263
"1783","diff1",0.120684210526316
"1784","diff1",0.0680526315789474
"1785","diff1",0.0733157894736843
"1786","diff1",0.0627894736842106
"1787","diff1",0.0733157894736841
"1788","diff1",0.083842105263158
"1789","diff1",0.0943684210526317
"1790","diff1",0.083842105263158
"1791","diff1",0.0259473684210528
"1792","diff1",0.0259473684210528
"1793","diff1",0.0680526315789474
"1794","diff1",0.0891052631578949
"1795","diff1",0.0627894736842106
"1796","diff1",0.0101578947368422
"1797","diff1",0.0680526315789474
"1798","diff1",0.0206842105263159
"1799","diff1",0.0154210526315791
"1800","diff1",0.0996315789473686
"1801","diff1",-0.000368421052631504
"1802","diff1",0.0364736842105263
"1803","diff1",0.0522631578947369
"1804","diff1",0.0733157894736843
"1805","diff1",0.0680526315789474
"1806","diff1",0.0891052631578949
"1807","diff1",0.0575263157894737
"1808","diff1",0.0627894736842106
"1809","diff1",0.0312105263157894
"1810","diff1",0.0575263157894737
"1811","diff1",0.0627894736842106
"1812","diff1",0.0733157894736843
"1813","diff1",0.0154210526315791
"1814","diff1",0.0627894736842106
"1815","diff1",0.0522631578947369
"1816","diff1",0.120684210526316
"1817","diff1",0.047
"1818","diff1",0.0680526315789474
"1819","diff1",0.0417368421052631
"1820","diff1",0.0417368421052631
"1821","diff1",0.0364736842105263
"1822","diff1",0.0312105263157894
"1823","diff1",0.0364736842105263
"1824","diff1",0.0785789473684212
"1825","diff1",0.0891052631578949
"1826","diff1",0.047
"1827","diff1",0.0575263157894737
"1828","diff1",0.0943684210526317
"1829","diff1",0.0785789473684212
"1830","diff1",0.0733157894736843
"1831","diff1",0.0417368421052631
"1832","diff1",0.00489473684210535
"1833","diff1",0.0575263157894737
"1834","diff1",0.0206842105263159
"1835","diff1",0.00489473684210535
"1836","diff1",0.104894736842105
"1837","diff1",0.0943684210526317
"1838","diff1",0.0785789473684212
"1839","diff1",0.0259473684210528
"1840","diff1",0.0733157894736843
"1841","diff1",0.0680526315789474
"1842","diff1",0.0259473684210528
"1843","diff1",0.047
"1844","diff1",0.104894736842105
"1845","diff1",0.0627894736842106
"1846","diff1",0.0996315789473686
"1847","diff1",0.047
"1848","diff1",0.0996315789473686
"1849","diff1",0.0154210526315791
"1850","diff1",0.0101578947368422
"1851","diff1",0.0364736842105263
"1852","diff1",0.0259473684210528
"1853","diff1",0.0154210526315791
"1854","diff1",0.104894736842105
"1855","diff1",0.0364736842105265
"1856","diff1",0.0522631578947369
"1857","diff1",0.00489473684210535
"1858","diff1",0.0575263157894737
"1859","diff1",0.0206842105263159
"1860","diff1",0.0733157894736843
"1861","diff1",0.0417368421052631
"1862","diff1",0.0891052631578949
"1863","diff1",0.00489473684210535
"1864","diff1",0.0522631578947369
"1865","diff1",0.0943684210526317
"1866","diff1",0.083842105263158
"1867","diff1",-0.0214210526315789
"1868","diff1",0.0733157894736843
"1869","diff1",0.0627894736842106
"1870","diff1",0.0154210526315791
"1871","diff1",0.0996315789473686
"1872","diff1",0.0522631578947369
"1873","diff1",0.131210526315789
"1874","diff1",0.110157894736842
"1875","diff1",0.0154210526315791
"1876","diff1",0.047
"1877","diff1",0.0996315789473686
"1878","diff1",0.0733157894736843
"1879","diff1",0.0364736842105265
"1880","diff1",0.083842105263158
"1881","diff1",0.00489473684210535
"1882","diff1",0.0154210526315791
"1883","diff1",-0.000368421052631504
"1884","diff1",0.0259473684210528
"1885","diff1",0.115421052631579
"1886","diff1",0.0627894736842106
"1887","diff1",0.0417368421052631
"1888","diff1",0.0522631578947369
"1889","diff1",0.0312105263157896
"1890","diff1",0.0417368421052631
"1891","diff1",0.0733157894736843
"1892","diff1",0.0733157894736843
"1893","diff1",0.125947368421053
"1894","diff1",0.0891052631578949
"1895","diff1",0.0154210526315791
"1896","diff1",0.047
"1897","diff1",0.0891052631578949
"1898","diff1",0.0417368421052631
"1899","diff1",0.0417368421052631
"1900","diff1",0.0259473684210528
"1901","diff1",0.0522631578947369
"1902","diff1",0.0733157894736843
"1903","diff1",0.0891052631578949
"1904","diff1",0.0733157894736843
"1905","diff1",0.00489473684210535
"1906","diff1",0.047
"1907","diff1",0.0680526315789474
"1908","diff1",0.0417368421052631
"1909","diff1",0.115421052631579
"1910","diff1",0.0627894736842106
"1911","diff1",0.0785789473684212
"1912","diff1",0.0785789473684212
"1913","diff1",0.083842105263158
"1914","diff1",0.0733157894736843
"1915","diff1",0.104894736842105
"1916","diff1",0.083842105263158
"1917","diff1",0.0785789473684212
"1918","diff1",0.0206842105263159
"1919","diff1",0.0575263157894737
"1920","diff1",0.0996315789473686
"1921","diff1",0.125947368421053
"1922","diff1",0.0943684210526317
"1923","diff1",0.0522631578947369
"1924","diff1",0.115421052631579
"1925","diff1",0.0785789473684212
"1926","diff1",0.0417368421052631
"1927","diff1",0.0733157894736843
"1928","diff1",0.0627894736842106
"1929","diff1",0.0417368421052631
"1930","diff1",0.0312105263157894
"1931","diff1",0.0312105263157894
"1932","diff1",0.115421052631579
"1933","diff1",0.0733157894736843
"1934","diff1",0.047
"1935","diff1",0.0522631578947369
"1936","diff1",0.0259473684210528
"1937","diff1",0.0627894736842106
"1938","diff1",0.0522631578947369
"1939","diff1",0.0627894736842106
"1940","diff1",0.0785789473684212
"1941","diff1",0.0891052631578949
"1942","diff1",0.0575263157894737
"1943","diff1",-0.0161578947368421
"1944","diff1",0.110157894736842
"1945","diff1",0.0733157894736843
"1946","diff1",0.0733157894736843
"1947","diff1",0.0996315789473686
"1948","diff1",0.0575263157894737
"1949","diff1",0.0522631578947369
"1950","diff1",0.083842105263158
"1951","diff1",0.0364736842105265
"1952","diff1",0.0733157894736843
"1953","diff1",0.083842105263158
"1954","diff1",0.0733157894736843
"1955","diff1",0.083842105263158
"1956","diff1",0.0891052631578949
"1957","diff1",0.0206842105263159
"1958","diff1",0.0680526315789474
"1959","diff1",0.0575263157894737
"1960","diff1",0.0312105263157894
"1961","diff1",0.0259473684210528
"1962","diff1",0.0522631578947369
"1963","diff1",0.0259473684210528
"1964","diff1",0.0575263157894737
"1965","diff1",0.0154210526315791
"1966","diff1",0.0943684210526317
"1967","diff1",0.0312105263157896
"1968","diff1",0.0891052631578949
"1969","diff1",0.0891052631578949
"1970","diff1",0.0733157894736843
"1971","diff1",0.0943684210526317
"1972","diff1",0.083842105263158
"1973","diff1",0.0575263157894737
"1974","diff1",0.0891052631578949
"1975","diff1",0.0259473684210528
"1976","diff1",0.0891052631578949
"1977","diff1",0.0417368421052631
"1978","diff1",0.120684210526316
"1979","diff1",0.0364736842105263
"1980","diff1",0.0575263157894737
"1981","diff1",0.0575263157894737
"1982","diff1",0.0785789473684212
"1983","diff1",-0.0108947368421052
"1984","diff1",0.0312105263157894
"1985","diff1",0.0733157894736843
"1986","diff1",0.083842105263158
"1987","diff1",0.0575263157894737
"1988","diff1",0.0417368421052631
"1989","diff1",0.0575263157894737
"1990","diff1",0.0733157894736843
"1991","diff1",0.083842105263158
"1992","diff1",0.083842105263158
"1993","diff1",0.047
"1994","diff1",0.0733157894736843
"1995","diff1",0.136473684210526
"1996","diff1",0.0259473684210528
"1997","diff1",0.0680526315789474
"1998","diff1",0.0680526315789474
"1999","diff1",0.0680526315789474
"2000","diff1",0.0680526315789474
"2001","diff1",0.047
"2002","diff1",0.0680526315789474
"2003","diff1",0.0996315789473686
"2004","diff1",0.0785789473684212
"2005","diff1",0.0312105263157896
"2006","diff1",0.0154210526315791
"2007","diff1",0.0364736842105263
"2008","diff1",0.083842105263158
"2009","diff1",0.0154210526315791
"2010","diff1",0.0259473684210528
"2011","diff1",0.0785789473684212
"2012","diff1",0.0785789473684212
"2013","diff1",0.0364736842105263
"2014","diff1",0.0733157894736843
"2015","diff1",0.0364736842105263
"2016","diff1",0.0575263157894737
"2017","diff1",0.0417368421052631
"2018","diff1",0.104894736842105
"2019","diff1",0.131210526315789
"2020","diff1",0.0312105263157894
"2021","diff1",0.0733157894736843
"2022","diff1",0.0785789473684212
"2023","diff1",0.0259473684210528
"2024","diff1",0.0312105263157896
"2025","diff1",0.0206842105263159
"2026","diff1",0.0996315789473686
"2027","diff1",-0.0161578947368421
"2028","diff1",0.0575263157894737
"2029","diff1",0.125947368421053
"2030","diff1",0.115421052631579
"2031","diff1",0.0417368421052631
"2032","diff1",0.0627894736842106
"2033","diff1",0.0680526315789474
"2034","diff1",0.083842105263158
"2035","diff1",0.0627894736842106
"2036","diff1",0.047
"2037","diff1",0.104894736842105
"2038","diff1",0.0417368421052631
"2039","diff1",0.0785789473684212
"2040","diff1",0.115421052631579
"2041","diff1",0.0522631578947369
"2042","diff1",0.047
"2043","diff1",0.0680526315789474
"2044","diff1",0.0733157894736843
"2045","diff1",0.0680526315789474
"2046","diff1",0.083842105263158
"2047","diff1",0.0627894736842106
"2048","diff1",0.0259473684210528
"2049","diff1",0.0943684210526317
"2050","diff1",0.0996315789473686
"2051","diff1",0.0733157894736843
"2052","diff1",0.0522631578947369
"2053","diff1",0.0733157894736843
"2054","diff1",0.0627894736842106
"2055","diff1",0.0891052631578949
"2056","diff1",0.0733157894736843
"2057","diff1",0.0627894736842106
"2058","diff1",0.0627894736842106
"2059","diff1",0.0575263157894737
"2060","diff1",0.0680526315789474
"2061","diff1",0.0943684210526317
"2062","diff1",0.0522631578947369
"2063","diff1",0.0259473684210528
"2064","diff1",0.0522631578947369
"2065","diff1",0.0627894736842106
"2066","diff1",0.083842105263158
"2067","diff1",0.115421052631579
"2068","diff1",0.0312105263157894
"2069","diff1",0.0575263157894737
"2070","diff1",0.0312105263157896
"2071","diff1",0.0680526315789474
"2072","diff1",0.0733157894736843
"2073","diff1",0.104894736842105
"2074","diff1",0.0364736842105263
"2075","diff1",0.141736842105263
"2076","diff1",0.0943684210526317
"2077","diff1",0.083842105263158
"2078","diff1",0.0417368421052631
"2079","diff1",0.0364736842105263
"2080","diff1",0.0312105263157896
"2081","diff1",0.120684210526316
"2082","diff1",0.0680526315789474
"2083","diff1",0.0364736842105263
"2084","diff1",0.0733157894736843
"2085","diff1",0.0891052631578949
"2086","diff1",0.0364736842105263
"2087","diff1",0.0891052631578949
"2088","diff1",0.0785789473684212
"2089","diff1",0.0627894736842106
"2090","diff1",0.0364736842105263
"2091","diff1",0.0575263157894737
"2092","diff1",0.0364736842105263
"2093","diff1",0.0680526315789474
"2094","diff1",0.0680526315789474
"2095","diff1",0.0733157894736843
"2096","diff1",0.115421052631579
"2097","diff1",0.120684210526316
"2098","diff1",0.0627894736842106
"2099","diff1",0.0259473684210528
"2100","diff1",0.0943684210526317
"2101","diff1",0.0943684210526317
"2102","diff1",0.0417368421052631
"2103","diff1",0.0680526315789474
"2104","diff1",0.0627894736842106
"2105","diff1",0.0575263157894737
"2106","diff1",0.0785789473684212
"2107","diff1",0.0575263157894737
"2108","diff1",0.0312105263157896
"2109","diff1",0.0522631578947369
"2110","diff1",0.0627894736842106
"2111","diff1",0.0680526315789474
"2112","diff1",0.0206842105263159
"2113","diff1",0.083842105263158
"2114","diff1",0.0627894736842106
"2115","diff1",0.0627894736842106
"2116","diff1",0.0785789473684212
"2117","diff1",0.0312105263157896
"2118","diff1",-0.0108947368421052
"2119","diff1",0.0575263157894737
"2120","diff1",0.083842105263158
"2121","diff1",0.0733157894736843
"2122","diff1",0.083842105263158
"2123","diff1",0.0154210526315791
"2124","diff1",0.110157894736842
"2125","diff1",0.0522631578947369
"2126","diff1",0.0680526315789474
"2127","diff1",0.125947368421053
"2128","diff1",0.0259473684210528
"2129","diff1",0.0891052631578949
"2130","diff1",0.0943684210526317
"2131","diff1",0.0101578947368422
"2132","diff1",0.0680526315789474
"2133","diff1",0.110157894736842
"2134","diff1",0.0364736842105263
"2135","diff1",0.0101578947368422
"2136","diff1",0.0785789473684212
"2137","diff1",0.0312105263157896
"2138","diff1",0.0417368421052631
"2139","diff1",0.0891052631578949
"2140","diff1",-0.0214210526315789
"2141","diff1",0.0733157894736843
"2142","diff1",0.0417368421052631
"2143","diff1",0.0785789473684212
"2144","diff1",0.0943684210526317
"2145","diff1",0.125947368421053
"2146","diff1",0.120684210526316
"2147","diff1",0.125947368421053
"2148","diff1",0.147
"2149","diff1",0.0522631578947369
"2150","diff1",0.0627894736842106
"2151","diff1",0.0891052631578949
"2152","diff1",0.0522631578947369
"2153","diff1",0.0627894736842106
"2154","diff1",0.0733157894736843
"2155","diff1",0.047
"2156","diff1",0.0259473684210528
"2157","diff1",0.083842105263158
"2158","diff1",0.0259473684210528
"2159","diff1",0.0785789473684212
"2160","diff1",0.0996315789473686
"2161","diff1",0.0733157894736843
"2162","diff1",-0.0214210526315789
"2163","diff1",0.0733157894736843
"2164","diff1",0.0206842105263159
"2165","diff1",0.0627894736842106
"2166","diff1",0.0627894736842106
"2167","diff1",0.0627894736842106
"2168","diff1",0.0364736842105263
"2169","diff1",0.0259473684210528
"2170","diff1",0.083842105263158
"2171","diff1",0.083842105263158
"2172","diff1",0.083842105263158
"2173","diff1",0.0364736842105265
"2174","diff1",0.0680526315789474
"2175","diff1",0.0312105263157894
"2176","diff1",0.104894736842105
"2177","diff1",0.0259473684210528
"2178","diff1",-0.0161578947368421
"2179","diff1",0.0785789473684212
"2180","diff1",0.0733157894736843
"2181","diff1",0.125947368421053
"2182","diff1",0.104894736842105
"2183","diff1",0.0627894736842106
"2184","diff1",0.083842105263158
"2185","diff1",0.0312105263157896
"2186","diff1",0.110157894736842
"2187","diff1",0.047
"2188","diff1",0.0364736842105263
"2189","diff1",0.0733157894736843
"2190","diff1",0.0680526315789474
"2191","diff1",0.0996315789473686
"2192","diff1",0.0312105263157896
"2193","diff1",0.0417368421052631
"2194","diff1",0.083842105263158
"2195","diff1",0.0943684210526317
"2196","diff1",0.0943684210526317
"2197","diff1",0.0785789473684212
"2198","diff1",0.0312105263157896
"2199","diff1",0.0627894736842106
"2200","diff1",0.0680526315789474
"2201","diff1",0.047
"2202","diff1",0.0680526315789474
"2203","diff1",0.0943684210526317
"2204","diff1",0.0575263157894737
"2205","diff1",0.083842105263158
"2206","diff1",0.0680526315789474
"2207","diff1",0.0312105263157896
"2208","diff1",0.0206842105263159
"2209","diff1",0.00489473684210535
"2210","diff1",0.0627894736842106
"2211","diff1",0.0996315789473684
"2212","diff1",0.0627894736842106
"2213","diff1",0.00489473684210535
"2214","diff1",0.0680526315789474
"2215","diff1",0.110157894736842
"2216","diff1",0.0680526315789474
"2217","diff1",0.104894736842105
"2218","diff1",0.0943684210526317
"2219","diff1",0.104894736842105
"2220","diff1",0.0522631578947369
"2221","diff1",0.0627894736842106
"2222","diff1",0.0785789473684212
"2223","diff1",0.047
"2224","diff1",0.0312105263157896
"2225","diff1",0.0522631578947369
"2226","diff1",0.0680526315789474
"2227","diff1",0.0627894736842106
"2228","diff1",0.0575263157894737
"2229","diff1",0.0943684210526317
"2230","diff1",-0.0161578947368421
"2231","diff1",0.083842105263158
"2232","diff1",0.0575263157894737
"2233","diff1",0.115421052631579
"2234","diff1",0.0312105263157896
"2235","diff1",0.0154210526315791
"2236","diff1",0.0417368421052631
"2237","diff1",0.0101578947368422
"2238","diff1",0.0733157894736843
"2239","diff1",0.120684210526316
"2240","diff1",0.0364736842105265
"2241","diff1",0.0733157894736843
"2242","diff1",0.0943684210526317
"2243","diff1",0.0154210526315791
"2244","diff1",0.047
"2245","diff1",0.0996315789473686
"2246","diff1",0.047
"2247","diff1",0.0101578947368422
"2248","diff1",0.047
"2249","diff1",0.0627894736842106
"2250","diff1",0.157526315789474
"2251","diff1",0.0891052631578949
"2252","diff1",0.0312105263157896
"2253","diff1",0.0627894736842106
"2254","diff1",0.0101578947368422
"2255","diff1",0.0943684210526317
"2256","diff1",0.0680526315789474
"2257","diff1",0.047
"2258","diff1",0.110157894736842
"2259","diff1",0.0891052631578949
"2260","diff1",0.110157894736842
"2261","diff1",0.0785789473684212
"2262","diff1",0.0996315789473686
"2263","diff1",0.0522631578947369
"2264","diff1",0.0522631578947369
"2265","diff1",0.0627894736842106
"2266","diff1",0.0364736842105265
"2267","diff1",0.0312105263157896
"2268","diff1",0.0627894736842106
"2269","diff1",0.083842105263158
"2270","diff1",0.0680526315789474
"2271","diff1",0.0627894736842106
"2272","diff1",0.0627894736842106
"2273","diff1",0.0680526315789474
"2274","diff1",0.0891052631578949
"2275","diff1",0.0312105263157896
"2276","diff1",0.0101578947368422
"2277","diff1",0.0627894736842106
"2278","diff1",0.0785789473684212
"2279","diff1",0.047
"2280","diff1",0.0522631578947369
"2281","diff1",0.047
"2282","diff1",0.0364736842105263
"2283","diff1",0.104894736842105
"2284","diff1",0.0575263157894737
"2285","diff1",0.0575263157894737
"2286","diff1",0.083842105263158
"2287","diff1",0.047
"2288","diff1",0.0575263157894737
"2289","diff1",-0.0108947368421052
"2290","diff1",0.0364736842105263
"2291","diff1",0.047
"2292","diff1",0.0680526315789474
"2293","diff1",0.104894736842105
"2294","diff1",0.047
"2295","diff1",0.0575263157894737
"2296","diff1",0.115421052631579
"2297","diff1",0.110157894736842
"2298","diff1",0.104894736842105
"2299","diff1",0.0891052631578949
"2300","diff1",0.110157894736842
"2301","diff1",0.0259473684210528
"2302","diff1",0.0101578947368422
"2303","diff1",0.0522631578947369
"2304","diff1",0.0259473684210528
"2305","diff1",0.0680526315789474
"2306","diff1",0.0101578947368422
"2307","diff1",0.110157894736842
"2308","diff1",0.0312105263157894
"2309","diff1",0.083842105263158
"2310","diff1",0.0575263157894737
"2311","diff1",0.0891052631578949
"2312","diff1",0.0154210526315791
"2313","diff1",0.0733157894736843
"2314","diff1",0.0943684210526317
"2315","diff1",0.0627894736842106
"2316","diff1",0.0943684210526317
"2317","diff1",0.047
"2318","diff1",0.0154210526315791
"2319","diff1",0.0785789473684212
"2320","diff1",0.120684210526316
"2321","diff1",0.0627894736842106
"2322","diff1",0.0733157894736843
"2323","diff1",0.0312105263157896
"2324","diff1",0.047
"2325","diff1",0.0680526315789474
"2326","diff1",0.0206842105263159
"2327","diff1",0.047
"2328","diff1",0.0680526315789474
"2329","diff1",0.0785789473684212
"2330","diff1",0.047
"2331","diff1",0.0943684210526317
"2332","diff1",0.0943684210526317
"2333","diff1",0.0733157894736843
"2334","diff1",0.0680526315789474
"2335","diff1",0.0785789473684212
"2336","diff1",0.110157894736842
"2337","diff1",0.0891052631578949
"2338","diff1",0.0364736842105263
"2339","diff1",0.047
"2340","diff1",0.120684210526316
"2341","diff1",0.0627894736842106
"2342","diff1",0.047
"2343","diff1",0.047
"2344","diff1",0.00489473684210535
"2345","diff1",0.0627894736842106
"2346","diff1",0.0996315789473686
"2347","diff1",0.0206842105263159
"2348","diff1",0.0417368421052631
"2349","diff1",0.0522631578947369
"2350","diff1",0.131210526315789
"2351","diff1",0.104894736842105
"2352","diff1",0.0575263157894737
"2353","diff1",0.083842105263158
"2354","diff1",-0.000368421052631504
"2355","diff1",0.0575263157894737
"2356","diff1",0.0785789473684212
"2357","diff1",0.0891052631578949
"2358","diff1",0.0417368421052631
"2359","diff1",0.047
"2360","diff1",0.047
"2361","diff1",0.047
"2362","diff1",0.083842105263158
"2363","diff1",0.0312105263157894
"2364","diff1",0.0312105263157896
"2365","diff1",0.0891052631578949
"2366","diff1",0.00489473684210535
"2367","diff1",0.0627894736842106
"2368","diff1",0.0522631578947369
"2369","diff1",0.0417368421052631
"2370","diff1",0.0943684210526317
"2371","diff1",0.0575263157894737
"2372","diff1",0.0417368421052631
"2373","diff1",0.115421052631579
"2374","diff1",0.125947368421053
"2375","diff1",0.0417368421052631
"2376","diff1",0.0627894736842106
"2377","diff1",0.0733157894736843
"2378","diff1",0.0627894736842106
"2379","diff1",0.0627894736842106
"2380","diff1",0.0680526315789474
"2381","diff1",0.0312105263157896
"2382","diff1",0.0627894736842106
"2383","diff1",0.083842105263158
"2384","diff1",0.0627894736842106
"2385","diff1",0.0785789473684212
"2386","diff1",0.0627894736842106
"2387","diff1",0.0680526315789474
"2388","diff1",0.0101578947368422
"2389","diff1",0.0943684210526317
"2390","diff1",0.0154210526315791
"2391","diff1",0.0627894736842106
"2392","diff1",0.0891052631578949
"2393","diff1",0.0785789473684212
"2394","diff1",0.0575263157894737
"2395","diff1",0.047
"2396","diff1",0.0522631578947369
"2397","diff1",0.0733157894736843
"2398","diff1",0.083842105263158
"2399","diff1",0.083842105263158
"2400","diff1",0.047
"2401","diff1",0.00489473684210535
"2402","diff1",0.0785789473684212
"2403","diff1",0.0943684210526317
"2404","diff1",0.047
"2405","diff1",0.0417368421052631
"2406","diff1",0.0891052631578949
"2407","diff1",0.0312105263157896
"2408","diff1",0.0522631578947369
"2409","diff1",0.0575263157894737
"2410","diff1",0.0891052631578949
"2411","diff1",0.047
"2412","diff1",0.0891052631578949
"2413","diff1",-0.0266842105263158
"2414","diff1",0.0312105263157896
"2415","diff1",0.083842105263158
"2416","diff1",-0.000368421052631504
"2417","diff1",0.0312105263157896
"2418","diff1",0.0364736842105263
"2419","diff1",0.0891052631578949
"2420","diff1",0.0680526315789474
"2421","diff1",0.0733157894736843
"2422","diff1",0.0785789473684212
"2423","diff1",0.0417368421052631
"2424","diff1",0.0891052631578949
"2425","diff1",0.0733157894736843
"2426","diff1",0.0575263157894737
"2427","diff1",0.115421052631579
"2428","diff1",0.131210526315789
"2429","diff1",0.110157894736842
"2430","diff1",0.0680526315789474
"2431","diff1",0.0206842105263159
"2432","diff1",0.047
"2433","diff1",0.083842105263158
"2434","diff1",0.0154210526315791
"2435","diff1",0.0522631578947369
"2436","diff1",0.0364736842105265
"2437","diff1",0.104894736842105
"2438","diff1",0.0312105263157894
"2439","diff1",0.047
"2440","diff1",0.104894736842105
"2441","diff1",0.125947368421053
"2442","diff1",0.0575263157894737
"2443","diff1",0.0364736842105263
"2444","diff1",0.0996315789473686
"2445","diff1",0.120684210526316
"2446","diff1",0.0575263157894737
"2447","diff1",0.0680526315789474
"2448","diff1",0.0733157894736843
"2449","diff1",-0.000368421052631504
"2450","diff1",0.0259473684210528
"2451","diff1",0.0680526315789474
"2452","diff1",0.0101578947368422
"2453","diff1",0.0154210526315791
"2454","diff1",0.047
"2455","diff1",-0.000368421052631504
"2456","diff1",0.0891052631578949
"2457","diff1",0.083842105263158
"2458","diff1",0.0522631578947369
"2459","diff1",0.0259473684210528
"2460","diff1",0.0522631578947369
"2461","diff1",0.0522631578947369
"2462","diff1",0.0575263157894737
"2463","diff1",0.120684210526316
"2464","diff1",0.0206842105263159
"2465","diff1",0.0627894736842106
"2466","diff1",0.0206842105263159
"2467","diff1",0.047
"2468","diff1",0.0417368421052631
"2469","diff1",0.0733157894736843
"2470","diff1",0.0417368421052631
"2471","diff1",0.0312105263157896
"2472","diff1",-0.00563157894736836
"2473","diff1",0.0733157894736843
"2474","diff1",0.0575263157894737
"2475","diff1",0.0417368421052634
"2476","diff1",0.0312105263157896
"2477","diff1",0.0996315789473684
"2478","diff1",0.0733157894736843
"2479","diff1",0.0364736842105263
"2480","diff1",0.0680526315789474
"2481","diff1",0.047
"2482","diff1",0.147
"2483","diff1",0.0943684210526317
"2484","diff1",0.0312105263157896
"2485","diff1",0.083842105263158
"2486","diff1",0.0680526315789474
"2487","diff1",0.0101578947368422
"2488","diff1",0.083842105263158
"2489","diff1",-0.0161578947368421
"2490","diff1",0.0575263157894737
"2491","diff1",0.0943684210526317
"2492","diff1",0.0206842105263159
"2493","diff1",0.047
"2494","diff1",0.0259473684210528
"2495","diff1",0.115421052631579
"2496","diff1",0.0575263157894737
"2497","diff1",0.0891052631578949
"2498","diff1",0.0943684210526317
"2499","diff1",0.083842105263158
"2500","diff1",0.0206842105263159
"2501","diff1",0.0733157894736843
"2502","diff1",0.0417368421052631
"2503","diff1",0.0680526315789474
"2504","diff1",0.0312105263157896
"2505","diff1",-0.0266842105263158
"2506","diff1",0.0206842105263159
"2507","diff1",0.0417368421052631
"2508","diff1",0.0785789473684212
"2509","diff1",0.0733157894736843
"2510","diff1",0.0417368421052631
"2511","diff1",0.047
"2512","diff1",0.0312105263157894
"2513","diff1",0.0154210526315791
"2514","diff1",-0.0214210526315789
"2515","diff1",0.0417368421052631
"2516","diff1",0.0575263157894737
"2517","diff1",0.0680526315789474
"2518","diff1",0.047
"2519","diff1",0.104894736842105
"2520","diff1",0.0680526315789474
"2521","diff1",0.0154210526315791
"2522","diff1",0.104894736842105
"2523","diff1",0.0101578947368422
"2524","diff1",0.083842105263158
"2525","diff1",0.0364736842105265
"2526","diff1",0.0101578947368422
"2527","diff1",0.0575263157894737
"2528","diff1",0.0785789473684212
"2529","diff1",0.0206842105263159
"2530","diff1",0.104894736842105
"2531","diff1",0.0417368421052631
"2532","diff1",0.0627894736842106
"2533","diff1",0.0733157894736843
"2534","diff1",0.047
"2535","diff1",0.0733157894736843
"2536","diff1",0.0785789473684212
"2537","diff1",0.0417368421052631
"2538","diff1",0.0785789473684212
"2539","diff1",0.0575263157894737
"2540","diff1",0.0680526315789474
"2541","diff1",0.047
"2542","diff1",0.0312105263157896
"2543","diff1",0.0996315789473686
"2544","diff1",0.0680526315789474
"2545","diff1",-0.000368421052631504
"2546","diff1",0.0785789473684212
"2547","diff1",0.0996315789473686
"2548","diff1",0.0522631578947369
"2549","diff1",-0.000368421052631504
"2550","diff1",0.0206842105263159
"2551","diff1",0.0575263157894737
"2552","diff1",0.083842105263158
"2553","diff1",0.131210526315789
"2554","diff1",0.0575263157894737
"2555","diff1",0.0996315789473686
"2556","diff1",0.120684210526316
"2557","diff1",0.083842105263158
"2558","diff1",0.047
"2559","diff1",0.125947368421053
"2560","diff1",0.047
"2561","diff1",0.0575263157894737
"2562","diff1",0.0522631578947369
"2563","diff1",0.0680526315789474
"2564","diff1",0.141736842105263
"2565","diff1",0.0522631578947369
"2566","diff1",0.0575263157894737
"2567","diff1",0.0259473684210528
"2568","diff1",0.047
"2569","diff1",0.0891052631578949
"2570","diff1",0.083842105263158
"2571","diff1",0.0206842105263159
"2572","diff1",0.0627894736842106
"2573","diff1",-0.0161578947368421
"2574","diff1",0.120684210526316
"2575","diff1",0.0417368421052631
"2576","diff1",0.0575263157894737
"2577","diff1",0.0680526315789474
"2578","diff1",0.0627894736842106
"2579","diff1",0.0943684210526317
"2580","diff1",0.0680526315789474
"2581","diff1",0.0627894736842106
"2582","diff1",0.0417368421052631
"2583","diff1",0.0417368421052631
"2584","diff1",0.0943684210526317
"2585","diff1",0.0996315789473686
"2586","diff1",0.083842105263158
"2587","diff1",0.0627894736842106
"2588","diff1",0.047
"2589","diff1",0.0312105263157894
"2590","diff1",0.0101578947368422
"2591","diff1",0.0364736842105263
"2592","diff1",0.0312105263157894
"2593","diff1",0.104894736842105
"2594","diff1",0.0259473684210528
"2595","diff1",0.0733157894736843
"2596","diff1",0.047
"2597","diff1",0.0259473684210528
"2598","diff1",0.110157894736842
"2599","diff1",0.0364736842105263
"2600","diff1",0.0627894736842106
"2601","diff1",0.0785789473684212
"2602","diff1",0.0943684210526317
"2603","diff1",0.0680526315789474
"2604","diff1",0.110157894736842
"2605","diff1",0.047
"2606","diff1",0.0627894736842106
"2607","diff1",0.0417368421052631
"2608","diff1",0.0680526315789474
"2609","diff1",0.0417368421052631
"2610","diff1",0.0680526315789474
"2611","diff1",0.0364736842105263
"2612","diff1",0.0364736842105263
"2613","diff1",0.0312105263157896
"2614","diff1",0.0680526315789474
"2615","diff1",0.0627894736842106
"2616","diff1",0.0259473684210528
"2617","diff1",0.0627894736842106
"2618","diff1",0.0417368421052631
"2619","diff1",0.0522631578947369
"2620","diff1",0.0417368421052631
"2621","diff1",0.0259473684210528
"2622","diff1",0.0206842105263159
"2623","diff1",0.047
"2624","diff1",0.0154210526315791
"2625","diff1",0.0312105263157896
"2626","diff1",0.0680526315789474
"2627","diff1",0.0943684210526317
"2628","diff1",-0.00563157894736836
"2629","diff1",0.0154210526315791
"2630","diff1",0.0259473684210528
"2631","diff1",0.083842105263158
"2632","diff1",0.0891052631578949
"2633","diff1",0.0206842105263159
"2634","diff1",0.0575263157894737
"2635","diff1",0.0364736842105263
"2636","diff1",0.0364736842105263
"2637","diff1",0.0627894736842106
"2638","diff1",0.104894736842105
"2639","diff1",0.0943684210526317
"2640","diff1",0.047
"2641","diff1",0.047
"2642","diff1",0.0996315789473686
"2643","diff1",0.0891052631578949
"2644","diff1",0.0627894736842106
"2645","diff1",0.083842105263158
"2646","diff1",0.0522631578947369
"2647","diff1",0.0891052631578949
"2648","diff1",0.0259473684210528
"2649","diff1",0.0575263157894737
"2650","diff1",0.0785789473684212
"2651","diff1",0.0733157894736843
"2652","diff1",0.0259473684210528
"2653","diff1",0.0785789473684212
"2654","diff1",0.0943684210526317
"2655","diff1",0.104894736842105
"2656","diff1",0.0206842105263159
"2657","diff1",0.0575263157894737
"2658","diff1",-0.000368421052631504
"2659","diff1",0.0627894736842106
"2660","diff1",0.131210526315789
"2661","diff1",0.0417368421052631
"2662","diff1",0.0680526315789474
"2663","diff1",0.0312105263157896
"2664","diff1",0.0522631578947369
"2665","diff1",0.0364736842105265
"2666","diff1",0.0575263157894737
"2667","diff1",-0.00563157894736836
"2668","diff1",0.0680526315789474
"2669","diff1",0.0206842105263159
"2670","diff1",0.120684210526316
"2671","diff1",0.0733157894736843
"2672","diff1",0.110157894736842
"2673","diff1",0.0259473684210528
"2674","diff1",0.0943684210526317
"2675","diff1",0.0259473684210528
"2676","diff1",0.0680526315789474
"2677","diff1",0.047
"2678","diff1",0.047
"2679","diff1",0.0733157894736843
"2680","diff1",0.00489473684210535
"2681","diff1",0.0575263157894737
"2682","diff1",0.0891052631578949
"2683","diff1",0.0206842105263159
"2684","diff1",0.0785789473684212
"2685","diff1",0.0259473684210528
"2686","diff1",0.0312105263157894
"2687","diff1",0.0680526315789474
"2688","diff1",0.0364736842105263
"2689","diff1",0.136473684210526
"2690","diff1",0.0312105263157896
"2691","diff1",0.0312105263157896
"2692","diff1",0.083842105263158
"2693","diff1",0.115421052631579
"2694","diff1",0.0417368421052631
"2695","diff1",0.0627894736842106
"2696","diff1",0.0522631578947369
"2697","diff1",0.0522631578947369
"2698","diff1",0.0733157894736843
"2699","diff1",0.0417368421052631
"2700","diff1",0.0785789473684212
"2701","diff1",0.0522631578947369
"2702","diff1",0.0522631578947369
"2703","diff1",0.0154210526315791
"2704","diff1",0.104894736842105
"2705","diff1",0.0259473684210528
"2706","diff1",0.0785789473684212
"2707","diff1",0.0627894736842106
"2708","diff1",0.0785789473684212
"2709","diff1",0.0627894736842106
"2710","diff1",0.0943684210526317
"2711","diff1",0.047
"2712","diff1",0.083842105263158
"2713","diff1",0.120684210526316
"2714","diff1",0.0206842105263159
"2715","diff1",0.0733157894736843
"2716","diff1",0.083842105263158
"2717","diff1",0.0417368421052631
"2718","diff1",0.0522631578947369
"2719","diff1",0.0733157894736843
"2720","diff1",0.0680526315789474
"2721","diff1",0.0785789473684212
"2722","diff1",0.120684210526316
"2723","diff1",0.0733157894736843
"2724","diff1",0.0206842105263159
"2725","diff1",0.0575263157894737
"2726","diff1",0.110157894736842
"2727","diff1",0.0996315789473686
"2728","diff1",0.047
"2729","diff1",0.0996315789473686
"2730","diff1",0.131210526315789
"2731","diff1",0.0522631578947369
"2732","diff1",0.0627894736842106
"2733","diff1",0.00489473684210535
"2734","diff1",0.0733157894736843
"2735","diff1",0.0522631578947369
"2736","diff1",0.0785789473684212
"2737","diff1",0.0891052631578949
"2738","diff1",0.0154210526315791
"2739","diff1",0.0575263157894737
"2740","diff1",0.0627894736842106
"2741","diff1",0.0733157894736843
"2742","diff1",0.00489473684210535
"2743","diff1",0.0943684210526317
"2744","diff1",0.0627894736842106
"2745","diff1",0.0364736842105263
"2746","diff1",0.0785789473684212
"2747","diff1",0.0364736842105263
"2748","diff1",0.110157894736842
"2749","diff1",0.0733157894736843
"2750","diff1",0.0733157894736843
"2751","diff1",0.110157894736842
"2752","diff1",0.0417368421052631
"2753","diff1",0.0206842105263159
"2754","diff1",0.0733157894736843
"2755","diff1",0.0522631578947369
"2756","diff1",0.0206842105263159
"2757","diff1",0.0680526315789474
"2758","diff1",0.083842105263158
"2759","diff1",0.00489473684210535
"2760","diff1",0.0680526315789474
"2761","diff1",0.047
"2762","diff1",0.0627894736842106
"2763","diff1",0.0943684210526317
"2764","diff1",0.0417368421052631
"2765","diff1",0.083842105263158
"2766","diff1",0.0680526315789474
"2767","diff1",0.0627894736842106
"2768","diff1",0.0785789473684212
"2769","diff1",0.0417368421052631
"2770","diff1",0.0680526315789474
"2771","diff1",0.0891052631578949
"2772","diff1",0.0364736842105263
"2773","diff1",0.0312105263157896
"2774","diff1",0.0101578947368422
"2775","diff1",0.0259473684210528
"2776","diff1",0.0575263157894737
"2777","diff1",0.0206842105263159
"2778","diff1",0.0891052631578949
"2779","diff1",0.0627894736842106
"2780","diff1",0.0522631578947369
"2781","diff1",0.0206842105263159
"2782","diff1",0.00489473684210535
"2783","diff1",0.0943684210526317
"2784","diff1",0.0522631578947369
"2785","diff1",0.0785789473684212
"2786","diff1",0.0733157894736843
"2787","diff1",0.0785789473684212
"2788","diff1",0.125947368421053
"2789","diff1",0.0733157894736843
"2790","diff1",0.0417368421052631
"2791","diff1",0.0522631578947369
"2792","diff1",0.047
"2793","diff1",0.0680526315789474
"2794","diff1",0.0627894736842106
"2795","diff1",0.0680526315789474
"2796","diff1",0.0312105263157894
"2797","diff1",0.0312105263157896
"2798","diff1",0.047
"2799","diff1",0.0417368421052631
"2800","diff1",0.0680526315789474
"2801","diff1",0.131210526315789
"2802","diff1",0.083842105263158
"2803","diff1",0.0943684210526317
"2804","diff1",0.0996315789473686
"2805","diff1",0.0575263157894737
"2806","diff1",0.110157894736842
"2807","diff1",0.0785789473684212
"2808","diff1",0.0891052631578949
"2809","diff1",0.0259473684210528
"2810","diff1",0.0575263157894737
"2811","diff1",0.00489473684210535
"2812","diff1",0.0733157894736843
"2813","diff1",0.0733157894736843
"2814","diff1",0.0943684210526317
"2815","diff1",0.0522631578947369
"2816","diff1",0.0891052631578949
"2817","diff1",0.0785789473684212
"2818","diff1",0.047
"2819","diff1",0.0680526315789474
"2820","diff1",0.0312105263157896
"2821","diff1",0.0680526315789474
"2822","diff1",0.104894736842105
"2823","diff1",0.0259473684210528
"2824","diff1",0.0891052631578949
"2825","diff1",0.0943684210526317
"2826","diff1",0.0522631578947369
"2827","diff1",0.104894736842105
"2828","diff1",0.083842105263158
"2829","diff1",0.0680526315789474
"2830","diff1",0.0627894736842106
"2831","diff1",0.0680526315789474
"2832","diff1",0.0364736842105263
"2833","diff1",0.0575263157894737
"2834","diff1",0.0996315789473686
"2835","diff1",0.0522631578947369
"2836","diff1",0.0785789473684212
"2837","diff1",0.0785789473684212
"2838","diff1",0.0733157894736843
"2839","diff1",0.0680526315789474
"2840","diff1",0.0101578947368422
"2841","diff1",0.173315789473684
"2842","diff1",0.0680526315789474
"2843","diff1",0.120684210526316
"2844","diff1",0.0522631578947369
"2845","diff1",0.0733157894736843
"2846","diff1",0.120684210526316
"2847","diff1",0.083842105263158
"2848","diff1",0.0891052631578949
"2849","diff1",0.0522631578947369
"2850","diff1",0.0943684210526317
"2851","diff1",0.0522631578947369
"2852","diff1",0.0364736842105263
"2853","diff1",0.0575263157894737
"2854","diff1",0.0259473684210528
"2855","diff1",0.0364736842105265
"2856","diff1",0.0680526315789474
"2857","diff1",0.0312105263157896
"2858","diff1",0.136473684210526
"2859","diff1",0.0364736842105263
"2860","diff1",0.115421052631579
"2861","diff1",0.115421052631579
"2862","diff1",0.0522631578947369
"2863","diff1",0.0627894736842106
"2864","diff1",0.104894736842105
"2865","diff1",0.0312105263157894
"2866","diff1",0.0943684210526317
"2867","diff1",0.0575263157894737
"2868","diff1",0.0943684210526317
"2869","diff1",0.047
"2870","diff1",-0.000368421052631504
"2871","diff1",0.0259473684210526
"2872","diff1",0.0733157894736843
"2873","diff1",0.047
"2874","diff1",0.0785789473684212
"2875","diff1",0.0575263157894737
"2876","diff1",0.0996315789473686
"2877","diff1",0.115421052631579
"2878","diff1",0.0943684210526317
"2879","diff1",0.0522631578947369
"2880","diff1",0.0680526315789474
"2881","diff1",0.0259473684210528
"2882","diff1",0.0259473684210528
"2883","diff1",-0.00563157894736836
"2884","diff1",0.047
"2885","diff1",0.0259473684210528
"2886","diff1",0.0996315789473684
"2887","diff1",0.0364736842105263
"2888","diff1",0.0259473684210526
"2889","diff1",0.0627894736842106
"2890","diff1",0.0680526315789474
"2891","diff1",0.0312105263157896
"2892","diff1",0.0522631578947369
"2893","diff1",0.110157894736842
"2894","diff1",0.0785789473684212
"2895","diff1",0.0785789473684212
"2896","diff1",0.0733157894736843
"2897","diff1",0.0733157894736843
"2898","diff1",0.0575263157894737
"2899","diff1",0.0627894736842106
"2900","diff1",0.0575263157894737
"2901","diff1",0.0575263157894737
"2902","diff1",0.0206842105263159
"2903","diff1",0.0733157894736843
"2904","diff1",0.0680526315789474
"2905","diff1",0.0733157894736843
"2906","diff1",0.083842105263158
"2907","diff1",0.0364736842105263
"2908","diff1",0.0785789473684212
"2909","diff1",0.0785789473684212
"2910","diff1",0.083842105263158
"2911","diff1",0.0575263157894737
"2912","diff1",0.0417368421052631
"2913","diff1",0.0943684210526317
"2914","diff1",0.083842105263158
"2915","diff1",0.110157894736842
"2916","diff1",0.0943684210526317
"2917","diff1",0.0154210526315791
"2918","diff1",0.131210526315789
"2919","diff1",0.125947368421053
"2920","diff1",0.0627894736842106
"2921","diff1",0.0364736842105263
"2922","diff1",0.0943684210526317
"2923","diff1",0.0785789473684212
"2924","diff1",0.0891052631578949
"2925","diff1",0.0733157894736843
"2926","diff1",0.0733157894736843
"2927","diff1",-0.0161578947368421
"2928","diff1",-0.0108947368421052
"2929","diff1",0.0522631578947369
"2930","diff1",0.0785789473684212
"2931","diff1",0.0417368421052631
"2932","diff1",0.0417368421052631
"2933","diff1",0.0364736842105263
"2934","diff1",0.0943684210526317
"2935","diff1",0.0206842105263159
"2936","diff1",0.0206842105263159
"2937","diff1",0.0575263157894737
"2938","diff1",0.0575263157894737
"2939","diff1",0.115421052631579
"2940","diff1",0.0575263157894737
"2941","diff1",0.083842105263158
"2942","diff1",0.125947368421053
"2943","diff1",0.0259473684210528
"2944","diff1",0.115421052631579
"2945","diff1",0.047
"2946","diff1",0.0575263157894737
"2947","diff1",0.047
"2948","diff1",0.0680526315789474
"2949","diff1",-0.000368421052631504
"2950","diff1",0.00489473684210535
"2951","diff1",0.0891052631578949
"2952","diff1",0.0522631578947369
"2953","diff1",0.0996315789473686
"2954","diff1",-0.00563157894736836
"2955","diff1",0.047
"2956","diff1",0.0206842105263159
"2957","diff1",0.0680526315789474
"2958","diff1",0.0364736842105263
"2959","diff1",0.0943684210526317
"2960","diff1",0.0364736842105265
"2961","diff1",0.0891052631578949
"2962","diff1",0.0259473684210528
"2963","diff1",0.0891052631578949
"2964","diff1",0.104894736842105
"2965","diff1",0.0891052631578949
"2966","diff1",0.0364736842105263
"2967","diff1",0.0785789473684212
"2968","diff1",0.0312105263157896
"2969","diff1",0.0891052631578949
"2970","diff1",-0.000368421052631504
"2971","diff1",0.0891052631578949
"2972","diff1",0.047
"2973","diff1",0.0417368421052631
"2974","diff1",0.104894736842105
"2975","diff1",0.0680526315789474
"2976","diff1",0.0575263157894737
"2977","diff1",0.0312105263157894
"2978","diff1",0.0364736842105263
"2979","diff1",0.0522631578947369
"2980","diff1",0.047
"2981","diff1",0.141736842105263
"2982","diff1",0.0154210526315791
"2983","diff1",0.0891052631578949
"2984","diff1",0.0154210526315791
"2985","diff1",0.0575263157894737
"2986","diff1",0.00489473684210535
"2987","diff1",0.104894736842105
"2988","diff1",0.0417368421052631
"2989","diff1",0.0575263157894737
"2990","diff1",0.0312105263157894
"2991","diff1",0.047
"2992","diff1",0.0575263157894737
"2993","diff1",0.115421052631579
"2994","diff1",0.0627894736842106
"2995","diff1",0.0312105263157894
"2996","diff1",0.0101578947368422
"2997","diff1",0.0785789473684212
"2998","diff1",0.0575263157894737
"2999","diff1",0.00489473684210535
"3000","diff1",0.104894736842105
"3001","diff1",0.0627894736842106
"3002","diff1",0.00489473684210535
"3003","diff1",0.0680526315789474
"3004","diff1",0.0627894736842106
"3005","diff1",0.125947368421053
"3006","diff1",0.0522631578947369
"3007","diff1",0.0891052631578949
"3008","diff1",0.0259473684210528
"3009","diff1",0.0206842105263159
"3010","diff1",0.00489473684210535
"3011","diff1",0.0417368421052631
"3012","diff1",0.0364736842105263
"3013","diff1",0.0680526315789474
"3014","diff1",-0.000368421052631504
"3015","diff1",0.0101578947368422
"3016","diff1",0.120684210526316
"3017","diff1",0.0522631578947369
"3018","diff1",0.083842105263158
"3019","diff1",0.0680526315789474
"3020","diff1",0.0680526315789474
"3021","diff1",0.047
"3022","diff1",0.0891052631578949
"3023","diff1",0.0733157894736843
"3024","diff1",0.0364736842105263
"3025","diff1",0.0101578947368422
"3026","diff1",0.0206842105263159
"3027","diff1",0.0627894736842106
"3028","diff1",0.0680526315789474
"3029","diff1",0.0259473684210528
"3030","diff1",0.0312105263157896
"3031","diff1",-0.000368421052631504
"3032","diff1",0.083842105263158
"3033","diff1",0.0733157894736843
"3034","diff1",0.115421052631579
"3035","diff1",0.0417368421052631
"3036","diff1",0.0891052631578949
"3037","diff1",0.115421052631579
"3038","diff1",0.0627894736842106
"3039","diff1",0.0364736842105263
"3040","diff1",0.0891052631578949
"3041","diff1",0.0417368421052631
"3042","diff1",0.0680526315789474
"3043","diff1",0.0259473684210528
"3044","diff1",0.125947368421053
"3045","diff1",0.0733157894736843
"3046","diff1",0.0943684210526317
"3047","diff1",0.0575263157894737
"3048","diff1",0.0417368421052631
"3049","diff1",-0.00563157894736836
"3050","diff1",0.0575263157894737
"3051","diff1",0.0733157894736843
"3052","diff1",0.0364736842105263
"3053","diff1",0.0206842105263159
"3054","diff1",0.083842105263158
"3055","diff1",0.047
"3056","diff1",0.047
"3057","diff1",-0.000368421052631504
"3058","diff1",0.0891052631578949
"3059","diff1",-0.000368421052631504
"3060","diff1",0.0891052631578949
"3061","diff1",0.0680526315789474
"3062","diff1",-0.000368421052631504
"3063","diff1",0.104894736842105
"3064","diff1",0.0522631578947369
"3065","diff1",0.0627894736842106
"3066","diff1",0.0891052631578949
"3067","diff1",0.0575263157894737
"3068","diff1",0.0312105263157896
"3069","diff1",0.0522631578947369
"3070","diff1",0.0417368421052631
"3071","diff1",0.0627894736842106
"3072","diff1",0.0680526315789474
"3073","diff1",0.0996315789473686
"3074","diff1",0.0785789473684212
"3075","diff1",0.0627894736842106
"3076","diff1",0.00489473684210535
"3077","diff1",0.0522631578947369
"3078","diff1",0.0627894736842106
"3079","diff1",0.0522631578947369
"3080","diff1",0.0996315789473686
"3081","diff1",0.0101578947368422
"3082","diff1",0.0522631578947369
"3083","diff1",0.0364736842105265
"3084","diff1",0.0575263157894737
"3085","diff1",0.0522631578947369
"3086","diff1",0.047
"3087","diff1",0.0943684210526317
"3088","diff1",0.0522631578947369
"3089","diff1",0.0891052631578949
"3090","diff1",0.0417368421052631
"3091","diff1",0.0417368421052631
"3092","diff1",0.110157894736842
"3093","diff1",0.0206842105263159
"3094","diff1",0.0627894736842106
"3095","diff1",0.0364736842105263
"3096","diff1",0.0206842105263159
"3097","diff1",0.110157894736842
"3098","diff1",0.047
"3099","diff1",0.120684210526316
"3100","diff1",0.110157894736842
"3101","diff1",0.047
"3102","diff1",0.0364736842105263
"3103","diff1",0.0101578947368422
"3104","diff1",0.0680526315789474
"3105","diff1",0.0891052631578949
"3106","diff1",0.0680526315789474
"3107","diff1",0.083842105263158
"3108","diff1",0.047
"3109","diff1",0.0680526315789474
"3110","diff1",0.0680526315789474
"3111","diff1",-0.0108947368421052
"3112","diff1",0.0259473684210528
"3113","diff1",0.0733157894736843
"3114","diff1",0.0101578947368422
"3115","diff1",0.131210526315789
"3116","diff1",0.0259473684210526
"3117","diff1",0.104894736842105
"3118","diff1",0.0733157894736843
"3119","diff1",0.0522631578947369
"3120","diff1",0.0575263157894737
"3121","diff1",0.0522631578947369
"3122","diff1",0.0680526315789472
"3123","diff1",-0.0108947368421052
"3124","diff1",0.083842105263158
"3125","diff1",0.0627894736842106
"3126","diff1",0.0101578947368422
"3127","diff1",0.0522631578947369
"3128","diff1",0.0522631578947369
"3129","diff1",0.0943684210526317
"3130","diff1",0.0575263157894737
"3131","diff1",0.0522631578947369
"3132","diff1",0.0891052631578949
"3133","diff1",0.047
"3134","diff1",0.0522631578947369
"3135","diff1",0.0364736842105265
"3136","diff1",0.0522631578947369
"3137","diff1",0.047
"3138","diff1",0.0785789473684212
"3139","diff1",0.0417368421052634
"3140","diff1",0.0522631578947369
"3141","diff1",0.0785789473684212
"3142","diff1",0.0891052631578949
"3143","diff1",0.083842105263158
"3144","diff1",0.0785789473684212
"3145","diff1",0.047
"3146","diff1",0.0680526315789474
"3147","diff1",0.047
"3148","diff1",0.00489473684210535
"3149","diff1",0.0627894736842106
"3150","diff1",0.0680526315789474
"3151","diff1",0.0522631578947369
"3152","diff1",0.0996315789473686
"3153","diff1",0.0364736842105263
"3154","diff1",0.047
"3155","diff1",0.0627894736842106
"3156","diff1",0.104894736842105
"3157","diff1",0.0680526315789474
"3158","diff1",0.115421052631579
"3159","diff1",-0.000368421052631504
"3160","diff1",0.0680526315789474
"3161","diff1",0.157526315789474
"3162","diff1",-0.00563157894736836
"3163","diff1",0.0417368421052631
"3164","diff1",0.0891052631578949
"3165","diff1",0.0154210526315791
"3166","diff1",0.0575263157894737
"3167","diff1",0.083842105263158
"3168","diff1",0.083842105263158
"3169","diff1",0.0364736842105263
"3170","diff1",0.0891052631578949
"3171","diff1",0.0206842105263159
"3172","diff1",0.0943684210526317
"3173","diff1",0.0785789473684212
"3174","diff1",0.0259473684210528
"3175","diff1",0.0364736842105263
"3176","diff1",0.120684210526316
"3177","diff1",0.147
"3178","diff1",-0.00563157894736836
"3179","diff1",0.0522631578947369
"3180","diff1",0.0364736842105265
"3181","diff1",0.00489473684210535
"3182","diff1",0.0154210526315791
"3183","diff1",0.0785789473684212
"3184","diff1",0.0996315789473686
"3185","diff1",0.00489473684210535
"3186","diff1",0.0575263157894737
"3187","diff1",0.125947368421053
"3188","diff1",0.0522631578947369
"3189","diff1",0.083842105263158
"3190","diff1",0.047
"3191","diff1",0.0575263157894737
"3192","diff1",0.0364736842105263
"3193","diff1",0.083842105263158
"3194","diff1",0.0996315789473686
"3195","diff1",0.0733157894736843
"3196","diff1",0.0101578947368422
"3197","diff1",0.0785789473684212
"3198","diff1",0.0733157894736843
"3199","diff1",0.0575263157894737
"3200","diff1",0.0522631578947369
"3201","diff1",0.0101578947368422
"3202","diff1",0.0943684210526317
"3203","diff1",0.0206842105263159
"3204","diff1",0.0627894736842106
"3205","diff1",0.0733157894736843
"3206","diff1",0.0312105263157894
"3207","diff1",0.104894736842105
"3208","diff1",0.0522631578947369
"3209","diff1",0.136473684210526
"3210","diff1",0.0364736842105265
"3211","diff1",0.00489473684210535
"3212","diff1",0.0522631578947369
"3213","diff1",0.0364736842105263
"3214","diff1",0.0943684210526317
"3215","diff1",0.162789473684211
"3216","diff1",-0.00563157894736836
"3217","diff1",0.00489473684210535
"3218","diff1",0.083842105263158
"3219","diff1",0.0891052631578949
"3220","diff1",0.0627894736842106
"3221","diff1",0.0627894736842106
"3222","diff1",0.0785789473684212
"3223","diff1",0.0154210526315791
"3224","diff1",0.0680526315789474
"3225","diff1",0.0785789473684212
"3226","diff1",0.0364736842105263
"3227","diff1",0.0785789473684212
"3228","diff1",0.0785789473684212
"3229","diff1",0.0417368421052631
"3230","diff1",0.0733157894736843
"3231","diff1",0.0891052631578949
"3232","diff1",0.083842105263158
"3233","diff1",0.0680526315789474
"3234","diff1",0.0943684210526317
"3235","diff1",0.083842105263158
"3236","diff1",0.0154210526315791
"3237","diff1",0.0680526315789474
"3238","diff1",0.141736842105263
"3239","diff1",0.0943684210526317
"3240","diff1",0.110157894736842
"3241","diff1",0.0575263157894737
"3242","diff1",0.0154210526315791
"3243","diff1",0.0575263157894737
"3244","diff1",0.0522631578947369
"3245","diff1",-0.0424736842105264
"3246","diff1",0.104894736842105
"3247","diff1",0.0364736842105263
"3248","diff1",0.083842105263158
"3249","diff1",0.0785789473684212
"3250","diff1",0.0943684210526317
"3251","diff1",0.0627894736842106
"3252","diff1",0.0154210526315791
"3253","diff1",0.125947368421053
"3254","diff1",0.115421052631579
"3255","diff1",0.00489473684210535
"3256","diff1",0.0785789473684212
"3257","diff1",0.0417368421052631
"3258","diff1",0.0364736842105263
"3259","diff1",0.0733157894736843
"3260","diff1",0.0101578947368422
"3261","diff1",0.0522631578947369
"3262","diff1",0.0680526315789474
"3263","diff1",0.0206842105263159
"3264","diff1",0.0680526315789474
"3265","diff1",0.0680526315789474
"3266","diff1",0.0522631578947369
"3267","diff1",0.0785789473684212
"3268","diff1",0.0680526315789474
"3269","diff1",0.0522631578947369
"3270","diff1",0.0522631578947369
"3271","diff1",0.0312105263157894
"3272","diff1",0.0996315789473686
"3273","diff1",0.0312105263157894
"3274","diff1",0.0575263157894737
"3275","diff1",0.104894736842105
"3276","diff1",0.110157894736842
"3277","diff1",0.047
"3278","diff1",0.0627894736842106
"3279","diff1",0.104894736842105
"3280","diff1",0.0575263157894737
"3281","diff1",0.047
"3282","diff1",0.047
"3283","diff1",0.115421052631579
"3284","diff1",0.0785789473684212
"3285","diff1",0.0891052631578949
"3286","diff1",0.0680526315789474
"3287","diff1",0.0680526315789474
"3288","diff1",0.0206842105263159
"3289","diff1",0.047
"3290","diff1",0.083842105263158
"3291","diff1",0.0785789473684212
"3292","diff1",0.083842105263158
"3293","diff1",0.0206842105263159
"3294","diff1",0.083842105263158
"3295","diff1",0.0575263157894737
"3296","diff1",0.047
"3297","diff1",0.110157894736842
"3298","diff1",0.0627894736842106
"3299","diff1",0.0891052631578949
"3300","diff1",0.0364736842105265
"3301","diff1",0.125947368421053
"3302","diff1",0.125947368421053
"3303","diff1",0.0785789473684212
"3304","diff1",0.0680526315789474
"3305","diff1",0.0733157894736843
"3306","diff1",0.0206842105263159
"3307","diff1",0.0575263157894737
"3308","diff1",0.0943684210526317
"3309","diff1",0.0259473684210528
"3310","diff1",0.0206842105263159
"3311","diff1",0.0364736842105265
"3312","diff1",0.0259473684210528
"3313","diff1",0.0627894736842106
"3314","diff1",0.0943684210526317
"3315","diff1",0.0627894736842106
"3316","diff1",0.047
"3317","diff1",0.0943684210526317
"3318","diff1",0.125947368421053
"3319","diff1",0.083842105263158
"3320","diff1",0.047
"3321","diff1",0.0312105263157896
"3322","diff1",0.0575263157894737
"3323","diff1",0.0312105263157896
"3324","diff1",0.0364736842105265
"3325","diff1",-0.0108947368421052
"3326","diff1",0.0891052631578949
"3327","diff1",0.110157894736842
"3328","diff1",0.0312105263157894
"3329","diff1",0.0312105263157896
"3330","diff1",0.0733157894736843
"3331","diff1",0.0364736842105263
"3332","diff1",0.0943684210526317
"3333","diff1",0.0680526315789474
"3334","diff1",0.104894736842105
"3335","diff1",0.0733157894736843
"3336","diff1",0.0733157894736843
"3337","diff1",0.125947368421053
"3338","diff1",0.104894736842105
"3339","diff1",0.0943684210526317
"3340","diff1",0.083842105263158
"3341","diff1",0.0364736842105265
"3342","diff1",0.0154210526315791
"3343","diff1",0.0943684210526317
"3344","diff1",0.0364736842105263
"3345","diff1",0.047
"3346","diff1",0.047
"3347","diff1",0.0996315789473686
"3348","diff1",0.0522631578947369
"3349","diff1",0.0627894736842106
"3350","diff1",0.0996315789473684
"3351","diff1",0.0680526315789474
"3352","diff1",0.0785789473684212
"3353","diff1",0.0522631578947369
"3354","diff1",0.131210526315789
"3355","diff1",0.0785789473684212
"3356","diff1",0.0206842105263159
"3357","diff1",0.0996315789473686
"3358","diff1",0.115421052631579
"3359","diff1",0.0154210526315791
"3360","diff1",0.0259473684210528
"3361","diff1",0.0733157894736843
"3362","diff1",0.0627894736842106
"3363","diff1",0.0943684210526317
"3364","diff1",0.0680526315789474
"3365","diff1",0.083842105263158
"3366","diff1",0.0627894736842106
"3367","diff1",0.0364736842105263
"3368","diff1",0.0522631578947369
"3369","diff1",0.0364736842105263
"3370","diff1",0.104894736842105
"3371","diff1",0.0154210526315791
"3372","diff1",0.0259473684210528
"3373","diff1",0.00489473684210535
"3374","diff1",0.0627894736842106
"3375","diff1",0.047
"3376","diff1",0.0785789473684212
"3377","diff1",0.0733157894736843
"3378","diff1",0.0364736842105265
"3379","diff1",0.0259473684210528
"3380","diff1",0.0206842105263159
"3381","diff1",0.0417368421052631
"3382","diff1",0.0417368421052631
"3383","diff1",0.110157894736842
"3384","diff1",0.0575263157894737
"3385","diff1",0.0733157894736843
"3386","diff1",0.0627894736842106
"3387","diff1",0.0575263157894737
"3388","diff1",0.0575263157894737
"3389","diff1",0.104894736842105
"3390","diff1",0.0680526315789474
"3391","diff1",0.047
"3392","diff1",0.0733157894736843
"3393","diff1",0.083842105263158
"3394","diff1",0.0680526315789474
"3395","diff1",0.0891052631578949
"3396","diff1",-0.0108947368421052
"3397","diff1",0.047
"3398","diff1",0.0627894736842106
"3399","diff1",0.0680526315789474
"3400","diff1",0.0943684210526317
"3401","diff1",0.0996315789473686
"3402","diff1",0.083842105263158
"3403","diff1",0.0680526315789474
"3404","diff1",0.110157894736842
"3405","diff1",0.0575263157894737
"3406","diff1",0.0154210526315791
"3407","diff1",0.115421052631579
"3408","diff1",0.0733157894736843
"3409","diff1",0.0417368421052634
"3410","diff1",0.0259473684210528
"3411","diff1",0.0575263157894737
"3412","diff1",0.0312105263157894
"3413","diff1",0.0417368421052631
"3414","diff1",0.0522631578947369
"3415","diff1",0.0364736842105263
"3416","diff1",0.047
"3417","diff1",0.0364736842105263
"3418","diff1",0.0891052631578949
"3419","diff1",0.0154210526315791
"3420","diff1",0.157526315789474
"3421","diff1",0.0575263157894737
"3422","diff1",0.0522631578947369
"3423","diff1",-0.000368421052631504
"3424","diff1",0.110157894736842
"3425","diff1",0.0417368421052631
"3426","diff1",0.0417368421052631
"3427","diff1",0.0575263157894737
"3428","diff1",0.0312105263157894
"3429","diff1",0.047
"3430","diff1",0.0627894736842106
"3431","diff1",0.0101578947368422
"3432","diff1",0.0627894736842106
"3433","diff1",0.0417368421052631
"3434","diff1",0.110157894736842
"3435","diff1",0.0733157894736843
"3436","diff1",0.0417368421052631
"3437","diff1",0.0680526315789474
"3438","diff1",0.0522631578947369
"3439","diff1",0.0206842105263159
"3440","diff1",0.0522631578947369
"3441","diff1",0.0364736842105263
"3442","diff1",0.0259473684210526
"3443","diff1",0.0312105263157894
"3444","diff1",0.0417368421052631
"3445","diff1",0.0101578947368422
"3446","diff1",0.0575263157894737
"3447","diff1",0.0259473684210528
"3448","diff1",0.0154210526315791
"3449","diff1",0.047
"3450","diff1",-0.0161578947368421
"3451","diff1",0.0996315789473686
"3452","diff1",0.0364736842105265
"3453","diff1",0.0680526315789474
"3454","diff1",0.0891052631578949
"3455","diff1",0.0627894736842106
"3456","diff1",0.0785789473684212
"3457","diff1",0.0891052631578949
"3458","diff1",0.110157894736842
"3459","diff1",0.0575263157894737
"3460","diff1",0.0891052631578949
"3461","diff1",0.00489473684210535
"3462","diff1",0.00489473684210535
"3463","diff1",0.0154210526315791
"3464","diff1",0.110157894736842
"3465","diff1",0.0785789473684212
"3466","diff1",0.0206842105263159
"3467","diff1",0.0627894736842106
"3468","diff1",0.047
"3469","diff1",0.0733157894736843
"3470","diff1",0.0943684210526317
"3471","diff1",0.104894736842105
"3472","diff1",0.0154210526315791
"3473","diff1",0.047
"3474","diff1",-0.00563157894736836
"3475","diff1",0.047
"3476","diff1",0.047
"3477","diff1",0.120684210526316
"3478","diff1",0.0891052631578949
"3479","diff1",0.0259473684210528
"3480","diff1",0.0785789473684212
"3481","diff1",0.0733157894736843
"3482","diff1",0.0522631578947369
"3483","diff1",0.0522631578947369
"3484","diff1",0.0943684210526317
"3485","diff1",0.0575263157894737
"3486","diff1",0.0417368421052631
"3487","diff1",0.0733157894736843
"3488","diff1",0.047
"3489","diff1",0.0680526315789474
"3490","diff1",0.0259473684210528
"3491","diff1",0.120684210526316
"3492","diff1",0.0785789473684212
"3493","diff1",0.0627894736842106
"3494","diff1",-0.0214210526315789
"3495","diff1",0.0943684210526317
"3496","diff1",0.0785789473684212
"3497","diff1",0.0627894736842106
"3498","diff1",0.0259473684210528
"3499","diff1",0.0996315789473686
"3500","diff1",0.110157894736842
"3501","diff1",0.0680526315789474
"3502","diff1",0.047
"3503","diff1",0.0733157894736843
"3504","diff1",0.0943684210526317
"3505","diff1",0.0785789473684212
"3506","diff1",0.0785789473684212
"3507","diff1",0.125947368421053
"3508","diff1",0.047
"3509","diff1",0.125947368421053
"3510","diff1",0.083842105263158
"3511","diff1",0.0101578947368422
"3512","diff1",0.0575263157894737
"3513","diff1",0.0627894736842106
"3514","diff1",0.0627894736842106
"3515","diff1",0.0733157894736843
"3516","diff1",0.0996315789473686
"3517","diff1",0.0785789473684212
"3518","diff1",0.0575263157894737
"3519","diff1",0.0996315789473686
"3520","diff1",0.0312105263157894
"3521","diff1",0.0680526315789474
"3522","diff1",0.0364736842105263
"3523","diff1",0.0575263157894737
"3524","diff1",0.0364736842105265
"3525","diff1",0.0522631578947369
"3526","diff1",0.0154210526315791
"3527","diff1",0.0417368421052631
"3528","diff1",0.0206842105263159
"3529","diff1",0.0417368421052634
"3530","diff1",0.0943684210526317
"3531","diff1",0.0680526315789474
"3532","diff1",0.0943684210526317
"3533","diff1",0.083842105263158
"3534","diff1",0.0943684210526317
"3535","diff1",0.0417368421052631
"3536","diff1",0.0312105263157896
"3537","diff1",0.00489473684210535
"3538","diff1",0.0733157894736843
"3539","diff1",0.0733157894736843
"3540","diff1",0.0575263157894737
"3541","diff1",0.0417368421052631
"3542","diff1",-0.0108947368421052
"3543","diff1",0.0680526315789474
"3544","diff1",0.0733157894736843
"3545","diff1",0.0417368421052631
"3546","diff1",0.0996315789473686
"3547","diff1",0.104894736842105
"3548","diff1",0.0680526315789474
"3549","diff1",0.047
"3550","diff1",0.0575263157894737
"3551","diff1",0.0943684210526317
"3552","diff1",0.0943684210526317
"3553","diff1",0.0996315789473686
"3554","diff1",0.120684210526316
"3555","diff1",0.0417368421052631
"3556","diff1",0.0364736842105265
"3557","diff1",0.0417368421052631
"3558","diff1",0.0417368421052631
"3559","diff1",0.0680526315789474
"3560","diff1",0.0996315789473686
"3561","diff1",0.047
"3562","diff1",0.0575263157894737
"3563","diff1",0.0312105263157896
"3564","diff1",0.0417368421052631
"3565","diff1",0.0364736842105263
"3566","diff1",0.0627894736842106
"3567","diff1",0.0417368421052631
"3568","diff1",0.0627894736842106
"3569","diff1",0.0522631578947369
"3570","diff1",0.0522631578947369
"3571","diff1",0.0733157894736843
"3572","diff1",0.0680526315789474
"3573","diff1",0.0785789473684212
"3574","diff1",0.0575263157894737
"3575","diff1",0.0522631578947369
"3576","diff1",0.0417368421052631
"3577","diff1",0.0785789473684212
"3578","diff1",0.0312105263157896
"3579","diff1",0.047
"3580","diff1",0.0891052631578949
"3581","diff1",0.0206842105263159
"3582","diff1",0.00489473684210535
"3583","diff1",0.0785789473684212
"3584","diff1",0.0101578947368422
"3585","diff1",0.0733157894736843
"3586","diff1",0.0996315789473686
"3587","diff1",0.0154210526315791
"3588","diff1",0.0575263157894737
"3589","diff1",0.0785789473684212
"3590","diff1",0.0259473684210528
"3591","diff1",0.0785789473684212
"3592","diff1",0.0575263157894737
"3593","diff1",0.0680526315789474
"3594","diff1",0.0891052631578949
"3595","diff1",0.0101578947368422
"3596","diff1",0.083842105263158
"3597","diff1",0.0785789473684212
"3598","diff1",0.083842105263158
"3599","diff1",0.0891052631578949
"3600","diff1",0.0680526315789474
"3601","diff1",0.104894736842105
"3602","diff1",0.0891052631578949
"3603","diff1",0.0206842105263159
"3604","diff1",-0.000368421052631504
"3605","diff1",0.0575263157894737
"3606","diff1",0.0312105263157894
"3607","diff1",0.104894736842105
"3608","diff1",0.0522631578947369
"3609","diff1",0.0312105263157896
"3610","diff1",0.0996315789473686
"3611","diff1",0.0627894736842106
"3612","diff1",0.0575263157894737
"3613","diff1",0.0206842105263159
"3614","diff1",0.0891052631578949
"3615","diff1",-0.000368421052631504
"3616","diff1",0.0575263157894737
"3617","diff1",0.0627894736842106
"3618","diff1",0.0733157894736843
"3619","diff1",0.0206842105263159
"3620","diff1",0.0312105263157896
"3621","diff1",0.152263157894737
"3622","diff1",0.0522631578947369
"3623","diff1",0.0575263157894737
"3624","diff1",0.0522631578947369
"3625","diff1",0.0522631578947369
"3626","diff1",0.0785789473684212
"3627","diff1",0.0785789473684212
"3628","diff1",0.0575263157894737
"3629","diff1",0.0364736842105263
"3630","diff1",0.0785789473684212
"3631","diff1",0.0943684210526317
"3632","diff1",0.083842105263158
"3633","diff1",0.0522631578947369
"3634","diff1",0.0680526315789474
"3635","diff1",0.0680526315789474
"3636","diff1",0.0101578947368422
"3637","diff1",0.0733157894736843
"3638","diff1",0.0154210526315791
"3639","diff1",0.0943684210526317
"3640","diff1",0.0364736842105263
"3641","diff1",0.0680526315789474
"3642","diff1",0.0575263157894737
"3643","diff1",0.0312105263157894
"3644","diff1",0.0417368421052631
"3645","diff1",0.0733157894736843
"3646","diff1",0.083842105263158
"3647","diff1",0.047
"3648","diff1",0.115421052631579
"3649","diff1",0.0417368421052631
"3650","diff1",0.0575263157894737
"3651","diff1",0.0891052631578949
"3652","diff1",0.0522631578947369
"3653","diff1",0.083842105263158
"3654","diff1",0.0785789473684212
"3655","diff1",0.0627894736842106
"3656","diff1",0.0943684210526317
"3657","diff1",0.0627894736842106
"3658","diff1",0.083842105263158
"3659","diff1",0.047
"3660","diff1",0.131210526315789
"3661","diff1",0.047
"3662","diff1",0.0680526315789474
"3663","diff1",0.0680526315789474
"3664","diff1",0.0522631578947369
"3665","diff1",0.115421052631579
"3666","diff1",0.104894736842105
"3667","diff1",0.104894736842105
"3668","diff1",0.0627894736842106
"3669","diff1",-0.000368421052631504
"3670","diff1",0.0891052631578949
"3671","diff1",0.110157894736842
"3672","diff1",0.0891052631578949
"3673","diff1",0.0206842105263159
"3674","diff1",0.0733157894736843
"3675","diff1",0.141736842105263
"3676","diff1",0.0943684210526317
"3677","diff1",0.0680526315789474
"3678","diff1",0.0312105263157896
"3679","diff1",0.115421052631579
"3680","diff1",0.0101578947368422
"3681","diff1",0.0522631578947369
"3682","diff1",0.0733157894736843
"3683","diff1",0.136473684210526
"3684","diff1",0.0627894736842106
"3685","diff1",0.0680526315789474
"3686","diff1",-0.000368421052631504
"3687","diff1",0.0733157894736843
"3688","diff1",0.0785789473684212
"3689","diff1",0.0417368421052631
"3690","diff1",0.0364736842105263
"3691","diff1",0.0259473684210528
"3692","diff1",0.083842105263158
"3693","diff1",0.083842105263158
"3694","diff1",0.0522631578947369
"3695","diff1",0.00489473684210535
"3696","diff1",0.0627894736842106
"3697","diff1",0.0364736842105263
"3698","diff1",0.0785789473684212
"3699","diff1",0.0312105263157896
"3700","diff1",0.0417368421052631
"3701","diff1",0.0575263157894737
"3702","diff1",0.0575263157894737
"3703","diff1",0.0733157894736843
"3704","diff1",0.0575263157894737
"3705","diff1",0.0417368421052631
"3706","diff1",0.0891052631578949
"3707","diff1",0.0154210526315791
"3708","diff1",0.0785789473684212
"3709","diff1",0.104894736842105
"3710","diff1",0.0733157894736843
"3711","diff1",0.0680526315789474
"3712","diff1",0.083842105263158
"3713","diff1",0.0522631578947369
"3714","diff1",0.131210526315789
"3715","diff1",0.0575263157894737
"3716","diff1",0.047
"3717","diff1",0.0680526315789474
"3718","diff1",0.0259473684210526
"3719","diff1",0.0627894736842106
"3720","diff1",0.0733157894736843
"3721","diff1",0.047
"3722","diff1",0.131210526315789
"3723","diff1",0.110157894736842
"3724","diff1",0.047
"3725","diff1",0.110157894736842
"3726","diff1",0.0259473684210528
"3727","diff1",0.0417368421052631
"3728","diff1",0.0996315789473686
"3729","diff1",0.0206842105263159
"3730","diff1",0.0522631578947369
"3731","diff1",0.0522631578947369
"3732","diff1",-0.0108947368421052
"3733","diff1",0.0101578947368422
"3734","diff1",0.0522631578947369
"3735","diff1",0.0522631578947369
"3736","diff1",-0.00563157894736836
"3737","diff1",0.0206842105263159
"3738","diff1",0.0943684210526317
"3739","diff1",0.0785789473684212
"3740","diff1",0.083842105263158
"3741","diff1",0.0522631578947369
"3742","diff1",0.0364736842105265
"3743","diff1",0.0943684210526317
"3744","diff1",0.0312105263157896
"3745","diff1",0.0522631578947369
"3746","diff1",0.0733157894736843
"3747","diff1",0.0785789473684212
"3748","diff1",0.131210526315789
"3749","diff1",0.0575263157894737
"3750","diff1",0.0680526315789474
"3751","diff1",0.0364736842105263
"3752","diff1",0.047
"3753","diff1",0.0364736842105265
"3754","diff1",0.0627894736842106
"3755","diff1",0.0417368421052631
"3756","diff1",0.0680526315789474
"3757","diff1",0.0627894736842106
"3758","diff1",0.0627894736842106
"3759","diff1",0.0733157894736843
"3760","diff1",0.0733157894736843
"3761","diff1",0.083842105263158
"3762","diff1",0.0680526315789474
"3763","diff1",0.0733157894736843
"3764","diff1",0.0996315789473686
"3765","diff1",0.0312105263157894
"3766","diff1",0.0680526315789474
"3767","diff1",0.0522631578947369
"3768","diff1",0.083842105263158
"3769","diff1",0.0891052631578949
"3770","diff1",0.0627894736842106
"3771","diff1",0.0680526315789474
"3772","diff1",0.0206842105263159
"3773","diff1",0.0312105263157894
"3774","diff1",0.0522631578947369
"3775","diff1",0.0259473684210528
"3776","diff1",0.0364736842105263
"3777","diff1",0.0785789473684212
"3778","diff1",-0.0108947368421052
"3779","diff1",0.110157894736842
"3780","diff1",0.0785789473684212
"3781","diff1",0.0733157894736843
"3782","diff1",0.0364736842105263
"3783","diff1",0.110157894736842
"3784","diff1",0.0785789473684212
"3785","diff1",0.047
"3786","diff1",0.0996315789473686
"3787","diff1",0.147
"3788","diff1",0.0364736842105263
"3789","diff1",0.0364736842105263
"3790","diff1",0.0996315789473686
"3791","diff1",0.0364736842105265
"3792","diff1",0.0522631578947369
"3793","diff1",0.0312105263157894
"3794","diff1",0.0101578947368422
"3795","diff1",0.0154210526315791
"3796","diff1",0.104894736842105
"3797","diff1",0.0680526315789474
"3798","diff1",0.0627894736842106
"3799","diff1",0.0312105263157894
"3800","diff1",0.0733157894736843
"3801","diff1",0.0417368421052631
"3802","diff1",0.0312105263157894
"3803","diff1",0.0943684210526317
"3804","diff1",0.0312105263157894
"3805","diff1",0.0522631578947369
"3806","diff1",0.0943684210526317
"3807","diff1",0.115421052631579
"3808","diff1",0.0575263157894737
"3809","diff1",0.110157894736842
"3810","diff1",0.0785789473684212
"3811","diff1",0.0943684210526317
"3812","diff1",0.0943684210526317
"3813","diff1",0.0680526315789474
"3814","diff1",0.0575263157894737
"3815","diff1",0.115421052631579
"3816","diff1",0.0996315789473686
"3817","diff1",0.0627894736842106
"3818","diff1",0.0680526315789474
"3819","diff1",0.104894736842105
"3820","diff1",0.0733157894736843
"3821","diff1",0.0627894736842106
"3822","diff1",0.0733157894736843
"3823","diff1",0.0101578947368422
"3824","diff1",0.0627894736842106
"3825","diff1",0.0259473684210528
"3826","diff1",0.0943684210526317
"3827","diff1",0.0522631578947369
"3828","diff1",-0.000368421052631504
"3829","diff1",0.0733157894736843
"3830","diff1",0.0996315789473686
"3831","diff1",0.0522631578947369
"3832","diff1",0.0259473684210528
"3833","diff1",0.0943684210526317
"3834","diff1",0.0259473684210528
"3835","diff1",0.0627894736842106
"3836","diff1",0.047
"3837","diff1",0.0312105263157896
"3838","diff1",0.0575263157894737
"3839","diff1",0.0417368421052631
"3840","diff1",0.0575263157894737
"3841","diff1",0.0312105263157894
"3842","diff1",0.0943684210526317
"3843","diff1",0.0785789473684212
"3844","diff1",0.0943684210526317
"3845","diff1",0.0259473684210528
"3846","diff1",0.0785789473684212
"3847","diff1",0.083842105263158
"3848","diff1",0.0312105263157896
"3849","diff1",0.0522631578947369
"3850","diff1",0.0680526315789474
"3851","diff1",0.141736842105263
"3852","diff1",0.0259473684210528
"3853","diff1",0.0733157894736843
"3854","diff1",0.0733157894736843
"3855","diff1",0.0891052631578949
"3856","diff1",0.0154210526315791
"3857","diff1",0.0206842105263159
"3858","diff1",0.0680526315789474
"3859","diff1",0.0680526315789474
"3860","diff1",0.0785789473684212
"3861","diff1",0.0627894736842106
"3862","diff1",0.0364736842105263
"3863","diff1",0.0417368421052631
"3864","diff1",0.0680526315789474
"3865","diff1",0.0891052631578949
"3866","diff1",0.047
"3867","diff1",0.0364736842105263
"3868","diff1",0.104894736842105
"3869","diff1",0.0101578947368422
"3870","diff1",0.110157894736842
"3871","diff1",0.00489473684210535
"3872","diff1",0.0522631578947369
"3873","diff1",0.0891052631578949
"3874","diff1",0.0417368421052631
"3875","diff1",0.0417368421052631
"3876","diff1",0.0785789473684212
"3877","diff1",0.047
"3878","diff1",0.0891052631578949
"3879","diff1",0.0154210526315791
"3880","diff1",0.0733157894736843
"3881","diff1",0.0575263157894737
"3882","diff1",0.0522631578947369
"3883","diff1",-0.00563157894736836
"3884","diff1",0.0996315789473686
"3885","diff1",0.0785789473684212
"3886","diff1",0.0312105263157896
"3887","diff1",0.0785789473684212
"3888","diff1",0.0312105263157894
"3889","diff1",0.115421052631579
"3890","diff1",0.0154210526315791
"3891","diff1",0.125947368421053
"3892","diff1",0.00489473684210535
"3893","diff1",0.0522631578947369
"3894","diff1",0.0312105263157896
"3895","diff1",0.0785789473684212
"3896","diff1",0.0417368421052631
"3897","diff1",0.0680526315789474
"3898","diff1",0.0522631578947369
"3899","diff1",0.0522631578947369
"3900","diff1",0.0312105263157894
"3901","diff1",0.047
"3902","diff1",0.120684210526316
"3903","diff1",0.0154210526315791
"3904","diff1",0.0364736842105263
"3905","diff1",0.0575263157894737
"3906","diff1",0.110157894736842
"3907","diff1",0.0733157894736843
"3908","diff1",0.0154210526315791
"3909","diff1",0.0154210526315791
"3910","diff1",0.0312105263157894
"3911","diff1",0.0417368421052634
"3912","diff1",0.0943684210526317
"3913","diff1",0.0522631578947369
"3914","diff1",0.0733157894736843
"3915","diff1",0.104894736842105
"3916","diff1",0.0785789473684212
"3917","diff1",0.0417368421052631
"3918","diff1",-0.00563157894736836
"3919","diff1",0.0417368421052631
"3920","diff1",0.0996315789473686
"3921","diff1",0.0575263157894737
"3922","diff1",0.110157894736842
"3923","diff1",0.0891052631578949
"3924","diff1",0.0312105263157896
"3925","diff1",0.0785789473684212
"3926","diff1",0.0943684210526317
"3927","diff1",0.0680526315789474
"3928","diff1",0.0891052631578949
"3929","diff1",0.0312105263157896
"3930","diff1",0.0364736842105263
"3931","diff1",0.0206842105263159
"3932","diff1",0.0417368421052631
"3933","diff1",0.0785789473684212
"3934","diff1",-0.0108947368421052
"3935","diff1",0.0154210526315791
"3936","diff1",-0.00563157894736836
"3937","diff1",0.0627894736842106
"3938","diff1",0.162789473684211
"3939","diff1",0.047
"3940","diff1",0.047
"3941","diff1",0.083842105263158
"3942","diff1",0.131210526315789
"3943","diff1",0.0364736842105263
"3944","diff1",0.0206842105263159
"3945","diff1",0.0733157894736843
"3946","diff1",0.0943684210526317
"3947","diff1",0.0733157894736843
"3948","diff1",0.0996315789473686
"3949","diff1",0.0312105263157896
"3950","diff1",0.0522631578947369
"3951","diff1",0.083842105263158
"3952","diff1",0.0785789473684212
"3953","diff1",0.00489473684210535
"3954","diff1",0.0312105263157896
"3955","diff1",0.0627894736842106
"3956","diff1",0.104894736842105
"3957","diff1",0.083842105263158
"3958","diff1",0.083842105263158
"3959","diff1",0.0627894736842106
"3960","diff1",0.0259473684210528
"3961","diff1",0.0733157894736843
"3962","diff1",0.0785789473684212
"3963","diff1",0.110157894736842
"3964","diff1",0.0364736842105265
"3965","diff1",0.0522631578947369
"3966","diff1",0.0891052631578949
"3967","diff1",0.0206842105263159
"3968","diff1",0.0312105263157896
"3969","diff1",0.0522631578947369
"3970","diff1",-0.00563157894736836
"3971","diff1",0.0312105263157896
"3972","diff1",0.0680526315789474
"3973","diff1",0.0627894736842106
"3974","diff1",0.110157894736842
"3975","diff1",0.0101578947368422
"3976","diff1",0.110157894736842
"3977","diff1",0.0522631578947369
"3978","diff1",-0.0424736842105264
"3979","diff1",0.0627894736842106
"3980","diff1",0.0891052631578949
"3981","diff1",0.0891052631578949
"3982","diff1",0.125947368421053
"3983","diff1",0.0627894736842106
"3984","diff1",0.0312105263157896
"3985","diff1",0.0943684210526317
"3986","diff1",0.0575263157894737
"3987","diff1",0.0575263157894737
"3988","diff1",0.0417368421052631
"3989","diff1",0.0785789473684212
"3990","diff1",0.0364736842105265
"3991","diff1",0.0733157894736843
"3992","diff1",0.0733157894736843
"3993","diff1",0.0575263157894737
"3994","diff1",0.110157894736842
"3995","diff1",0.0206842105263159
"3996","diff1",0.0627894736842106
"3997","diff1",0.0575263157894737
"3998","diff1",0.131210526315789
"3999","diff1",0.0575263157894737
"4000","diff1",0.0575263157894737
"4001","diff1",0.0259473684210528
"4002","diff1",-0.000368421052631504
"4003","diff1",0.131210526315789
"4004","diff1",0.0785789473684212
"4005","diff1",0.0891052631578949
"4006","diff1",0.0522631578947369
"4007","diff1",0.083842105263158
"4008","diff1",0.083842105263158
"4009","diff1",0.0522631578947369
"4010","diff1",0.0312105263157896
"4011","diff1",0.115421052631579
"4012","diff1",0.0575263157894737
"4013","diff1",0.047
"4014","diff1",0.083842105263158
"4015","diff1",0.0627894736842106
"4016","diff1",0.0575263157894737
"4017","diff1",0.0364736842105263
"4018","diff1",0.0943684210526317
"4019","diff1",0.0891052631578949
"4020","diff1",0.083842105263158
"4021","diff1",0.0733157894736843
"4022","diff1",0.0943684210526317
"4023","diff1",0.047
"4024","diff1",0.083842105263158
"4025","diff1",0.0733157894736843
"4026","diff1",0.0417368421052631
"4027","diff1",0.110157894736842
"4028","diff1",0.0101578947368422
"4029","diff1",0.0312105263157894
"4030","diff1",0.0364736842105263
"4031","diff1",0.0785789473684212
"4032","diff1",0.047
"4033","diff1",0.136473684210526
"4034","diff1",0.0943684210526317
"4035","diff1",0.0154210526315791
"4036","diff1",0.0996315789473686
"4037","diff1",0.0733157894736843
"4038","diff1",0.0154210526315791
"4039","diff1",-0.000368421052631504
"4040","diff1",0.0838421052631578
"4041","diff1",0.0996315789473686
"4042","diff1",0.0522631578947369
"4043","diff1",0.0891052631578949
"4044","diff1",0.0312105263157896
"4045","diff1",0.0733157894736843
"4046","diff1",0.0101578947368422
"4047","diff1",0.0312105263157896
"4048","diff1",0.0206842105263159
"4049","diff1",0.0733157894736843
"4050","diff1",0.0733157894736843
"4051","diff1",0.0891052631578949
"4052","diff1",0.0417368421052631
"4053","diff1",0.0575263157894737
"4054","diff1",0.0522631578947369
"4055","diff1",0.0680526315789474
"4056","diff1",0.0417368421052631
"4057","diff1",0.0364736842105263
"4058","diff1",-0.0108947368421052
"4059","diff1",-0.00563157894736836
"4060","diff1",0.0733157894736843
"4061","diff1",0.0312105263157894
"4062","diff1",0.0575263157894737
"4063","diff1",0.0996315789473686
"4064","diff1",0.0417368421052631
"4065","diff1",0.0627894736842106
"4066","diff1",0.0522631578947369
"4067","diff1",0.0575263157894737
"4068","diff1",0.047
"4069","diff1",0.0575263157894737
"4070","diff1",0.0680526315789474
"4071","diff1",0.0891052631578949
"4072","diff1",0.0312105263157896
"4073","diff1",0.0785789473684212
"4074","diff1",0.0154210526315791
"4075","diff1",0.00489473684210535
"4076","diff1",0.0364736842105263
"4077","diff1",0.0627894736842106
"4078","diff1",0.0259473684210528
"4079","diff1",0.0101578947368422
"4080","diff1",0.120684210526316
"4081","diff1",0.047
"4082","diff1",0.0627894736842106
"4083","diff1",0.0259473684210528
"4084","diff1",0.0575263157894737
"4085","diff1",0.0575263157894737
"4086","diff1",0.0575263157894737
"4087","diff1",0.047
"4088","diff1",0.0575263157894737
"4089","diff1",0.047
"4090","diff1",0.0680526315789474
"4091","diff1",0.0785789473684212
"4092","diff1",0.0101578947368422
"4093","diff1",0.0575263157894737
"4094","diff1",0.083842105263158
"4095","diff1",0.0785789473684212
"4096","diff1",0.0891052631578949
"4097","diff1",0.0312105263157896
"4098","diff1",0.0417368421052631
"4099","diff1",0.0733157894736843
"4100","diff1",0.0680526315789474
"4101","diff1",0.0891052631578949
"4102","diff1",0.0312105263157896
"4103","diff1",0.083842105263158
"4104","diff1",0.083842105263158
"4105","diff1",0.0312105263157894
"4106","diff1",0.0522631578947369
"4107","diff1",-0.00563157894736836
"4108","diff1",0.0259473684210528
"4109","diff1",0.0575263157894737
"4110","diff1",0.110157894736842
"4111","diff1",0.0364736842105265
"4112","diff1",0.0364736842105263
"4113","diff1",0.125947368421052
"4114","diff1",0.0575263157894737
"4115","diff1",0.0312105263157894
"4116","diff1",0.0627894736842106
"4117","diff1",0.125947368421053
"4118","diff1",0.0417368421052631
"4119","diff1",0.0680526315789474
"4120","diff1",0.0206842105263159
"4121","diff1",0.00489473684210535
"4122","diff1",0.0680526315789474
"4123","diff1",0.047
"4124","diff1",0.0785789473684212
"4125","diff1",0.120684210526316
"4126","diff1",0.131210526315789
"4127","diff1",0.0996315789473686
"4128","diff1",-0.00563157894736836
"4129","diff1",0.0417368421052631
"4130","diff1",0.0785789473684212
"4131","diff1",0.0522631578947369
"4132","diff1",0.0680526315789474
"4133","diff1",0.083842105263158
"4134","diff1",0.0575263157894737
"4135","diff1",0.0575263157894737
"4136","diff1",0.0943684210526317
"4137","diff1",0.0785789473684212
"4138","diff1",0.0680526315789474
"4139","diff1",0.0522631578947369
"4140","diff1",0.047
"4141","diff1",0.047
"4142","diff1",0.0364736842105265
"4143","diff1",0.0891052631578949
"4144","diff1",0.0417368421052631
"4145","diff1",0.0364736842105263
"4146","diff1",0.131210526315789
"4147","diff1",0.115421052631579
"4148","diff1",0.0364736842105263
"4149","diff1",0.083842105263158
"4150","diff1",0.0417368421052631
"4151","diff1",0.0627894736842106
"4152","diff1",0.0575263157894737
"4153","diff1",0.0417368421052634
"4154","diff1",0.0891052631578949
"4155","diff1",0.0733157894736843
"4156","diff1",0.0785789473684212
"4157","diff1",0.110157894736842
"4158","diff1",0.0417368421052631
"4159","diff1",0.0312105263157894
"4160","diff1",0.0417368421052631
"4161","diff1",0.0364736842105263
"4162","diff1",0.0891052631578949
"4163","diff1",0.0627894736842106
"4164","diff1",0.083842105263158
"4165","diff1",0.0417368421052631
"4166","diff1",0.0785789473684212
"4167","diff1",0.0575263157894737
"4168","diff1",0.0891052631578949
"4169","diff1",0.0785789473684212
"4170","diff1",0.0259473684210526
"4171","diff1",0.0575263157894737
"4172","diff1",0.0101578947368422
"4173","diff1",0.0101578947368422
"4174","diff1",0.110157894736842
"4175","diff1",0.110157894736842
"4176","diff1",0.0522631578947369
"4177","diff1",0.0891052631578949
"4178","diff1",0.0680526315789474
"4179","diff1",0.0575263157894737
"4180","diff1",0.0522631578947369
"4181","diff1",0.0364736842105265
"4182","diff1",0.0891052631578949
"4183","diff1",0.0627894736842106
"4184","diff1",0.0259473684210528
"4185","diff1",0.047
"4186","diff1",0.083842105263158
"4187","diff1",0.0891052631578949
"4188","diff1",0.104894736842105
"4189","diff1",0.0627894736842106
"4190","diff1",0.0943684210526317
"4191","diff1",0.0522631578947369
"4192","diff1",0.0891052631578946
"4193","diff1",0.0891052631578949
"4194","diff1",0.0733157894736843
"4195","diff1",0.047
"4196","diff1",0.0417368421052631
"4197","diff1",0.125947368421053
"4198","diff1",0.0154210526315791
"4199","diff1",0.0575263157894737
"4200","diff1",0.0522631578947369
"4201","diff1",0.0627894736842106
"4202","diff1",0.0312105263157896
"4203","diff1",0.00489473684210535
"4204","diff1",0.047
"4205","diff1",0.083842105263158
"4206","diff1",0.0522631578947369
"4207","diff1",0.0891052631578949
"4208","diff1",0.162789473684211
"4209","diff1",0.0733157894736843
"4210","diff1",0.0785789473684209
"4211","diff1",0.104894736842105
"4212","diff1",0.0680526315789474
"4213","diff1",0.0785789473684212
"4214","diff1",0.0733157894736843
"4215","diff1",0.0785789473684212
"4216","diff1",0.110157894736842
"4217","diff1",0.0733157894736843
"4218","diff1",0.0522631578947369
"4219","diff1",0.0312105263157896
"4220","diff1",0.0312105263157896
"4221","diff1",0.110157894736842
"4222","diff1",0.120684210526316
"4223","diff1",0.0891052631578949
"4224","diff1",0.0575263157894737
"4225","diff1",0.110157894736842
"4226","diff1",0.0364736842105263
"4227","diff1",0.0575263157894737
"4228","diff1",0.104894736842105
"4229","diff1",0.131210526315789
"4230","diff1",0.0943684210526317
"4231","diff1",0.110157894736842
"4232","diff1",-0.0161578947368421
"4233","diff1",0.0627894736842106
"4234","diff1",0.0680526315789474
"4235","diff1",0.0891052631578949
"4236","diff1",0.0259473684210528
"4237","diff1",0.0575263157894737
"4238","diff1",0.152263157894737
"4239","diff1",0.047
"4240","diff1",0.0259473684210528
"4241","diff1",0.0154210526315791
"4242","diff1",0.0680526315789474
"4243","diff1",0.0522631578947369
"4244","diff1",0.0522631578947369
"4245","diff1",0.0364736842105263
"4246","diff1",0.141736842105263
"4247","diff1",0.0364736842105263
"4248","diff1",0.0891052631578949
"4249","diff1",0.0996315789473686
"4250","diff1",0.00489473684210535
"4251","diff1",0.047
"4252","diff1",0.0364736842105263
"4253","diff1",0.0101578947368422
"4254","diff1",0.0417368421052631
"4255","diff1",0.104894736842105
"4256","diff1",0.0417368421052631
"4257","diff1",0.0733157894736843
"4258","diff1",0.110157894736842
"4259","diff1",0.00489473684210535
"4260","diff1",0.0101578947368422
"4261","diff1",0.0680526315789474
"4262","diff1",0.0943684210526317
"4263","diff1",0.0154210526315791
"4264","diff1",0.0417368421052631
"4265","diff1",0.0785789473684212
"4266","diff1",0.0996315789473686
"4267","diff1",0.104894736842105
"4268","diff1",0.0733157894736843
"4269","diff1",0.0627894736842106
"4270","diff1",0.0680526315789474
"4271","diff1",0.0733157894736843
"4272","diff1",0.110157894736842
"4273","diff1",0.0417368421052631
"4274","diff1",0.047
"4275","diff1",0.0785789473684212
"4276","diff1",0.083842105263158
"4277","diff1",0.0627894736842106
"4278","diff1",0.0522631578947369
"4279","diff1",0.110157894736842
"4280","diff1",0.0154210526315791
"4281","diff1",-0.00563157894736836
"4282","diff1",0.0680526315789474
"4283","diff1",0.0206842105263159
"4284","diff1",0.0522631578947369
"4285","diff1",0.047
"4286","diff1",0.0996315789473684
"4287","diff1",0.047
"4288","diff1",0.0627894736842106
"4289","diff1",0.120684210526316
"4290","diff1",0.0733157894736843
"4291","diff1",0.0733157894736843
"4292","diff1",0.110157894736842
"4293","diff1",0.0312105263157894
"4294","diff1",0.047
"4295","diff1",0.0364736842105265
"4296","diff1",0.0259473684210528
"4297","diff1",0.0680526315789474
"4298","diff1",0.047
"4299","diff1",-0.0108947368421052
"4300","diff1",0.136473684210526
"4301","diff1",-0.0108947368421052
"4302","diff1",0.110157894736842
"4303","diff1",0.083842105263158
"4304","diff1",0.125947368421053
"4305","diff1",0.0575263157894737
"4306","diff1",0.0785789473684212
"4307","diff1",0.0785789473684212
"4308","diff1",0.0575263157894737
"4309","diff1",0.047
"4310","diff1",0.0680526315789474
"4311","diff1",0.0522631578947369
"4312","diff1",0.0680526315789474
"4313","diff1",0.0733157894736843
"4314","diff1",0.0364736842105265
"4315","diff1",0.110157894736842
"4316","diff1",0.0206842105263159
"4317","diff1",0.0522631578947369
"4318","diff1",0.047
"4319","diff1",0.0312105263157896
"4320","diff1",0.0996315789473686
"4321","diff1",0.0785789473684212
"4322","diff1",0.0101578947368422
"4323","diff1",0.0785789473684212
"4324","diff1",-0.000368421052631504
"4325","diff1",0.0891052631578949
"4326","diff1",0.0312105263157894
"4327","diff1",0.0575263157894737
"4328","diff1",0.0259473684210528
"4329","diff1",0.0522631578947369
"4330","diff1",-0.0108947368421052
"4331","diff1",0.047
"4332","diff1",0.0733157894736843
"4333","diff1",0.0733157894736843
"4334","diff1",0.0417368421052631
"4335","diff1",0.0943684210526317
"4336","diff1",0.0575263157894737
"4337","diff1",0.0522631578947369
"4338","diff1",0.0996315789473686
"4339","diff1",0.0627894736842106
"4340","diff1",0.0785789473684212
"4341","diff1",0.0733157894736843
"4342","diff1",0.0522631578947369
"4343","diff1",0.0364736842105263
"4344","diff1",0.110157894736842
"4345","diff1",0.0312105263157896
"4346","diff1",0.0312105263157896
"4347","diff1",0.047
"4348","diff1",0.047
"4349","diff1",0.0575263157894737
"4350","diff1",0.0575263157894737
"4351","diff1",0.0627894736842106
"4352","diff1",0.0627894736842106
"4353","diff1",0.00489473684210535
"4354","diff1",0.0627894736842106
"4355","diff1",0.0627894736842106
"4356","diff1",0.0364736842105263
"4357","diff1",0.083842105263158
"4358","diff1",0.0680526315789474
"4359","diff1",0.047
"4360","diff1",0.047
"4361","diff1",0.0785789473684212
"4362","diff1",0.0364736842105263
"4363","diff1",0.0575263157894737
"4364","diff1",0.0417368421052631
"4365","diff1",0.0680526315789474
"4366","diff1",0.0733157894736843
"4367","diff1",0.0627894736842106
"4368","diff1",0.0891052631578949
"4369","diff1",0.0575263157894737
"4370","diff1",0.0891052631578949
"4371","diff1",0.0785789473684212
"4372","diff1",0.0575263157894737
"4373","diff1",0.0785789473684212
"4374","diff1",0.0943684210526317
"4375","diff1",0.0943684210526317
"4376","diff1",0.0522631578947369
"4377","diff1",0.0733157894736843
"4378","diff1",0.0575263157894737
"4379","diff1",0.0891052631578949
"4380","diff1",0.115421052631579
"4381","diff1",0.083842105263158
"4382","diff1",0.0522631578947369
"4383","diff1",0.0522631578947369
"4384","diff1",0.0154210526315791
"4385","diff1",0.0312105263157894
"4386","diff1",0.0364736842105265
"4387","diff1",0.0364736842105263
"4388","diff1",0.0522631578947369
"4389","diff1",0.0101578947368422
"4390","diff1",0.0680526315789474
"4391","diff1",0.0522631578947369
"4392","diff1",0.0680526315789474
"4393","diff1",0.0996315789473686
"4394","diff1",0.083842105263158
"4395","diff1",0.0733157894736843
"4396","diff1",0.083842105263158
"4397","diff1",0.136473684210526
"4398","diff1",0.0680526315789474
"4399","diff1",0.0364736842105265
"4400","diff1",0.104894736842105
"4401","diff1",0.0943684210526317
"4402","diff1",0.0364736842105263
"4403","diff1",0.0996315789473686
"4404","diff1",0.0943684210526317
"4405","diff1",0.047
"4406","diff1",0.0996315789473686
"4407","diff1",0.083842105263158
"4408","diff1",0.0680526315789474
"4409","diff1",0.0364736842105265
"4410","diff1",0.0312105263157896
"4411","diff1",0.0259473684210528
"4412","diff1",0.0312105263157896
"4413","diff1",0.0206842105263159
"4414","diff1",0.0891052631578949
"4415","diff1",0.0680526315789474
"4416","diff1",0.0522631578947369
"4417","diff1",0.0891052631578949
"4418","diff1",0.104894736842105
"4419","diff1",0.104894736842105
"4420","diff1",0.083842105263158
"4421","diff1",0.0101578947368422
"4422","diff1",0.083842105263158
"4423","diff1",0.047
"4424","diff1",0.083842105263158
"4425","diff1",0.0364736842105265
"4426","diff1",0.120684210526316
"4427","diff1",0.0364736842105263
"4428","diff1",0.0312105263157894
"4429","diff1",0.0627894736842106
"4430","diff1",0.0417368421052631
"4431","diff1",0.047
"4432","diff1",0.0785789473684212
"4433","diff1",0.0733157894736843
"4434","diff1",0.0785789473684212
"4435","diff1",0.0627894736842106
"4436","diff1",-0.00563157894736836
"4437","diff1",-0.000368421052631504
"4438","diff1",0.083842105263158
"4439","diff1",0.0364736842105263
"4440","diff1",0.0996315789473686
"4441","diff1",0.0522631578947369
"4442","diff1",0.104894736842105
"4443","diff1",0.0259473684210528
"4444","diff1",0.0733157894736841
"4445","diff1",0.0891052631578949
"4446","diff1",0.120684210526316
"4447","diff1",0.0785789473684212
"4448","diff1",0.0364736842105263
"4449","diff1",0.0680526315789474
"4450","diff1",0.0943684210526317
"4451","diff1",0.0785789473684212
"4452","diff1",0.0522631578947369
"4453","diff1",0.0312105263157896
"4454","diff1",0.083842105263158
"4455","diff1",0.0680526315789474
"4456","diff1",0.0943684210526317
"4457","diff1",0.0417368421052634
"4458","diff1",0.00489473684210535
"4459","diff1",0.0364736842105265
"4460","diff1",0.0522631578947369
"4461","diff1",0.0417368421052631
"4462","diff1",0.083842105263158
"4463","diff1",0.0680526315789474
"4464","diff1",0.0312105263157894
"4465","diff1",0.0891052631578949
"4466","diff1",0.0785789473684212
"4467","diff1",0.0206842105263159
"4468","diff1",0.152263157894737
"4469","diff1",0.0891052631578949
"4470","diff1",0.0575263157894737
"4471","diff1",0.110157894736842
"4472","diff1",0.0312105263157896
"4473","diff1",0.110157894736842
"4474","diff1",-0.0214210526315789
"4475","diff1",0.0733157894736843
"4476","diff1",0.120684210526316
"4477","diff1",0.0417368421052631
"4478","diff1",0.0627894736842106
"4479","diff1",0.110157894736842
"4480","diff1",0.0785789473684212
"4481","diff1",0.0996315789473686
"4482","diff1",0.0996315789473686
"4483","diff1",0.0154210526315791
"4484","diff1",0.0943684210526317
"4485","diff1",0.0364736842105263
"4486","diff1",0.0627894736842106
"4487","diff1",0.0627894736842106
"4488","diff1",0.0680526315789474
"4489","diff1",0.047
"4490","diff1",0.0575263157894737
"4491","diff1",0.0575263157894737
"4492","diff1",0.0154210526315791
"4493","diff1",0.0575263157894737
"4494","diff1",0.0891052631578949
"4495","diff1",0.0680526315789474
"4496","diff1",0.0996315789473686
"4497","diff1",0.0575263157894737
"4498","diff1",0.0627894736842106
"4499","diff1",0.136473684210526
"4500","diff1",0.0575263157894737
"4501","diff1",0.141736842105263
"4502","diff1",0.0785789473684212
"4503","diff1",0.0364736842105263
"4504","diff1",0.0259473684210528
"4505","diff1",0.0627894736842106
"4506","diff1",0.083842105263158
"4507","diff1",0.110157894736842
"4508","diff1",0.0154210526315791
"4509","diff1",0.047
"4510","diff1",0.0206842105263159
"4511","diff1",0.110157894736842
"4512","diff1",0.0417368421052631
"4513","diff1",0.0891052631578949
"4514","diff1",0.0627894736842106
"4515","diff1",0.0785789473684212
"4516","diff1",0.120684210526316
"4517","diff1",0.083842105263158
"4518","diff1",0.0785789473684212
"4519","diff1",0.047
"4520","diff1",0.0733157894736843
"4521","diff1",0.0627894736842106
"4522","diff1",0.0575263157894737
"4523","diff1",0.0259473684210528
"4524","diff1",0.131210526315789
"4525","diff1",0.0206842105263159
"4526","diff1",0.083842105263158
"4527","diff1",0.0891052631578949
"4528","diff1",0.0417368421052631
"4529","diff1",0.0312105263157894
"4530","diff1",0.083842105263158
"4531","diff1",0.0627894736842106
"4532","diff1",0.0785789473684212
"4533","diff1",0.0733157894736843
"4534","diff1",0.0996315789473686
"4535","diff1",0.104894736842105
"4536","diff1",0.120684210526316
"4537","diff1",0.047
"4538","diff1",0.131210526315789
"4539","diff1",0.0575263157894737
"4540","diff1",0.0733157894736843
"4541","diff1",0.120684210526316
"4542","diff1",0.0627894736842106
"4543","diff1",0.047
"4544","diff1",0.047
"4545","diff1",0.0680526315789474
"4546","diff1",0.0417368421052631
"4547","diff1",0.0891052631578949
"4548","diff1",0.0417368421052631
"4549","diff1",0.0259473684210528
"4550","diff1",0.0206842105263159
"4551","diff1",0.0206842105263159
"4552","diff1",0.136473684210526
"4553","diff1",0.047
"4554","diff1",0.0891052631578949
"4555","diff1",0.0101578947368422
"4556","diff1",-0.000368421052631504
"4557","diff1",0.0680526315789474
"4558","diff1",0.083842105263158
"4559","diff1",0.0943684210526317
"4560","diff1",0.0943684210526317
"4561","diff1",-0.000368421052631504
"4562","diff1",0.147
"4563","diff1",0.0364736842105263
"4564","diff1",0.0259473684210528
"4565","diff1",0.0259473684210528
"4566","diff1",0.110157894736842
"4567","diff1",0.0206842105263159
"4568","diff1",0.0417368421052634
"4569","diff1",0.0996315789473686
"4570","diff1",0.0680526315789474
"4571","diff1",0.0996315789473686
"4572","diff1",0.110157894736842
"4573","diff1",0.0627894736842106
"4574","diff1",0.0996315789473686
"4575","diff1",0.0733157894736843
"4576","diff1",0.0785789473684212
"4577","diff1",0.0785789473684212
"4578","diff1",0.0522631578947369
"4579","diff1",0.0364736842105263
"4580","diff1",0.0522631578947369
"4581","diff1",-0.000368421052631504
"4582","diff1",0.0575263157894737
"4583","diff1",0.0259473684210526
"4584","diff1",0.0417368421052631
"4585","diff1",0.0627894736842106
"4586","diff1",0.0575263157894737
"4587","diff1",0.0417368421052631
"4588","diff1",0.0364736842105263
"4589","diff1",0.083842105263158
"4590","diff1",0.0943684210526317
"4591","diff1",0.0364736842105263
"4592","diff1",0.0312105263157896
"4593","diff1",0.0312105263157894
"4594","diff1",0.104894736842105
"4595","diff1",0.0680526315789474
"4596","diff1",0.0943684210526317
"4597","diff1",0.110157894736842
"4598","diff1",0.0733157894736843
"4599","diff1",0.136473684210526
"4600","diff1",-0.00563157894736836
"4601","diff1",0.0733157894736843
"4602","diff1",0.0364736842105263
"4603","diff1",0.0522631578947369
"4604","diff1",-0.0214210526315789
"4605","diff1",0.0891052631578949
"4606","diff1",0.0733157894736843
"4607","diff1",0.0575263157894737
"4608","diff1",0.047
"4609","diff1",0.125947368421053
"4610","diff1",0.0522631578947369
"4611","diff1",0.0417368421052631
"4612","diff1",0.0627894736842106
"4613","diff1",0.0575263157894737
"4614","diff1",0.110157894736842
"4615","diff1",0.0101578947368422
"4616","diff1",0.0680526315789474
"4617","diff1",0.083842105263158
"4618","diff1",0.0575263157894737
"4619","diff1",0.0680526315789474
"4620","diff1",0.0575263157894737
"4621","diff1",0.0364736842105263
"4622","diff1",0.083842105263158
"4623","diff1",0.0785789473684212
"4624","diff1",0.047
"4625","diff1",0.0891052631578949
"4626","diff1",0.0575263157894737
"4627","diff1",0.0785789473684212
"4628","diff1",0.0891052631578949
"4629","diff1",0.0312105263157896
"4630","diff1",0.047
"4631","diff1",0.0785789473684212
"4632","diff1",0.0680526315789474
"4633","diff1",0.083842105263158
"4634","diff1",0.0996315789473686
"4635","diff1",0.047
"4636","diff1",0.0785789473684212
"4637","diff1",0.0785789473684212
"4638","diff1",0.0996315789473686
"4639","diff1",0.0627894736842106
"4640","diff1",0.047
"4641","diff1",0.083842105263158
"4642","diff1",0.0522631578947369
"4643","diff1",0.0575263157894737
"4644","diff1",0.0417368421052631
"4645","diff1",0.0575263157894737
"4646","diff1",0.0575263157894737
"4647","diff1",0.0891052631578949
"4648","diff1",0.0575263157894737
"4649","diff1",0.0680526315789474
"4650","diff1",0.0206842105263159
"4651","diff1",0.0206842105263159
"4652","diff1",0.0785789473684212
"4653","diff1",0.0364736842105265
"4654","diff1",0.0522631578947369
"4655","diff1",0.0575263157894737
"4656","diff1",0.0996315789473686
"4657","diff1",0.047
"4658","diff1",0.0575263157894737
"4659","diff1",0.0733157894736843
"4660","diff1",0.0522631578947369
"4661","diff1",0.0101578947368422
"4662","diff1",0.0627894736842106
"4663","diff1",0.083842105263158
"4664","diff1",0.0680526315789474
"4665","diff1",0.0680526315789474
"4666","diff1",0.0417368421052631
"4667","diff1",0.152263157894737
"4668","diff1",0.0680526315789474
"4669","diff1",0.0627894736842106
"4670","diff1",0.0417368421052631
"4671","diff1",0.0522631578947369
"4672","diff1",0.0943684210526317
"4673","diff1",0.0312105263157896
"4674","diff1",0.0259473684210528
"4675","diff1",0.0312105263157896
"4676","diff1",0.110157894736842
"4677","diff1",0.0417368421052631
"4678","diff1",0.0364736842105263
"4679","diff1",0.0364736842105263
"4680","diff1",0.0259473684210528
"4681","diff1",0.0259473684210528
"4682","diff1",0.083842105263158
"4683","diff1",0.0206842105263159
"4684","diff1",0.0259473684210526
"4685","diff1",0.0364736842105265
"4686","diff1",0.0785789473684212
"4687","diff1",0.0259473684210528
"4688","diff1",0.0733157894736843
"4689","diff1",0.0364736842105263
"4690","diff1",0.0996315789473686
"4691","diff1",0.0680526315789474
"4692","diff1",0.0522631578947369
"4693","diff1",0.0785789473684212
"4694","diff1",0.0154210526315791
"4695","diff1",0.0943684210526317
"4696","diff1",0.120684210526316
"4697","diff1",0.0417368421052631
"4698","diff1",0.104894736842105
"4699","diff1",0.120684210526316
"4700","diff1",0.115421052631579
"4701","diff1",0.115421052631579
"4702","diff1",0.120684210526316
"4703","diff1",0.0522631578947369
"4704","diff1",0.0680526315789474
"4705","diff1",0.0522631578947369
"4706","diff1",0.136473684210526
"4707","diff1",0.0312105263157896
"4708","diff1",0.0680526315789474
"4709","diff1",0.0785789473684212
"4710","diff1",0.0785789473684212
"4711","diff1",0.0417368421052631
"4712","diff1",0.0101578947368422
"4713","diff1",0.0206842105263159
"4714","diff1",0.0785789473684212
"4715","diff1",0.0312105263157896
"4716","diff1",0.0522631578947369
"4717","diff1",0.0206842105263159
"4718","diff1",0.0733157894736843
"4719","diff1",0.0206842105263159
"4720","diff1",0.0733157894736843
"4721","diff1",0.0575263157894737
"4722","diff1",0.0206842105263159
"4723","diff1",0.0785789473684212
"4724","diff1",0.083842105263158
"4725","diff1",0.104894736842105
"4726","diff1",0.0101578947368422
"4727","diff1",0.0733157894736843
"4728","diff1",0.00489473684210535
"4729","diff1",0.0680526315789474
"4730","diff1",0.0627894736842106
"4731","diff1",0.0680526315789474
"4732","diff1",0.0575263157894737
"4733","diff1",0.0680526315789474
"4734","diff1",0.0627894736842106
"4735","diff1",0.0522631578947369
"4736","diff1",0.0891052631578949
"4737","diff1",0.047
"4738","diff1",-0.000368421052631504
"4739","diff1",-0.0266842105263158
"4740","diff1",0.120684210526316
"4741","diff1",0.136473684210526
"4742","diff1",0.0575263157894737
"4743","diff1",0.120684210526316
"4744","diff1",0.0575263157894737
"4745","diff1",0.0101578947368422
"4746","diff1",0.0891052631578949
"4747","diff1",0.0101578947368422
"4748","diff1",0.047
"4749","diff1",0.0627894736842106
"4750","diff1",0.0627894736842106
"4751","diff1",0.0627894736842106
"4752","diff1",0.0891052631578949
"4753","diff1",0.0680526315789474
"4754","diff1",0.083842105263158
"4755","diff1",0.0996315789473686
"4756","diff1",0.0101578947368422
"4757","diff1",0.0522631578947369
"4758","diff1",0.047
"4759","diff1",0.0417368421052631
"4760","diff1",0.0522631578947369
"4761","diff1",0.0680526315789474
"4762","diff1",0.0364736842105263
"4763","diff1",0.0785789473684212
"4764","diff1",0.125947368421053
"4765","diff1",0.083842105263158
"4766","diff1",0.0522631578947369
"4767","diff1",0.0312105263157896
"4768","diff1",0.0575263157894737
"4769","diff1",0.0575263157894737
"4770","diff1",0.0943684210526317
"4771","diff1",0.0312105263157896
"4772","diff1",0.0364736842105265
"4773","diff1",0.0785789473684212
"4774","diff1",0.0364736842105263
"4775","diff1",0.0680526315789474
"4776","diff1",0.0206842105263159
"4777","diff1",0.0364736842105263
"4778","diff1",0.047
"4779","diff1",0.125947368421053
"4780","diff1",0.0364736842105263
"4781","diff1",0.0417368421052631
"4782","diff1",0.0891052631578949
"4783","diff1",0.0364736842105263
"4784","diff1",0.110157894736842
"4785","diff1",0.0891052631578949
"4786","diff1",0.0680526315789474
"4787","diff1",0.0627894736842106
"4788","diff1",0.0891052631578949
"4789","diff1",0.0891052631578949
"4790","diff1",0.0154210526315791
"4791","diff1",0.0522631578947369
"4792","diff1",0.0891052631578949
"4793","diff1",0.0680526315789474
"4794","diff1",0.0259473684210528
"4795","diff1",0.0417368421052631
"4796","diff1",0.104894736842105
"4797","diff1",0.0785789473684212
"4798","diff1",0.110157894736842
"4799","diff1",0.110157894736842
"4800","diff1",0.0785789473684212
"4801","diff1",0.0312105263157896
"4802","diff1",0.104894736842105
"4803","diff1",0.047
"4804","diff1",0.0627894736842106
"4805","diff1",0.0891052631578949
"4806","diff1",0.136473684210526
"4807","diff1",0.0785789473684212
"4808","diff1",0.0680526315789474
"4809","diff1",0.0364736842105265
"4810","diff1",0.0417368421052631
"4811","diff1",0.0733157894736843
"4812","diff1",0.0206842105263159
"4813","diff1",0.083842105263158
"4814","diff1",0.0785789473684212
"4815","diff1",-0.000368421052631504
"4816","diff1",0.0522631578947369
"4817","diff1",0.0627894736842106
"4818","diff1",0.0996315789473686
"4819","diff1",0.0312105263157894
"4820","diff1",0.0891052631578949
"4821","diff1",0.0943684210526317
"4822","diff1",0.0417368421052631
"4823","diff1",0.104894736842105
"4824","diff1",0.0259473684210528
"4825","diff1",0.0206842105263159
"4826","diff1",0.110157894736842
"4827","diff1",0.110157894736842
"4828","diff1",0.0417368421052631
"4829","diff1",0.0312105263157894
"4830","diff1",0.0364736842105263
"4831","diff1",0.0206842105263159
"4832","diff1",0.104894736842105
"4833","diff1",0.0154210526315791
"4834","diff1",0.0627894736842106
"4835","diff1",0.0575263157894737
"4836","diff1",0.0206842105263159
"4837","diff1",0.00489473684210535
"4838","diff1",-0.00563157894736836
"4839","diff1",0.047
"4840","diff1",0.104894736842105
"4841","diff1",0.0943684210526317
"4842","diff1",0.0206842105263157
"4843","diff1",0.115421052631579
"4844","diff1",0.120684210526316
"4845","diff1",0.0154210526315791
"4846","diff1",0.0206842105263159
"4847","diff1",0.0364736842105263
"4848","diff1",0.083842105263158
"4849","diff1",0.0154210526315791
"4850","diff1",0.0417368421052631
"4851","diff1",0.0575263157894737
"4852","diff1",0.0680526315789474
"4853","diff1",0.147
"4854","diff1",0.104894736842105
"4855","diff1",0.0575263157894737
"4856","diff1",0.0575263157894737
"4857","diff1",0.0575263157894737
"4858","diff1",0.0575263157894737
"4859","diff1",0.0785789473684212
"4860","diff1",0.0733157894736843
"4861","diff1",0.0891052631578949
"4862","diff1",0.0785789473684212
"4863","diff1",0.0101578947368422
"4864","diff1",0.047
"4865","diff1",0.0154210526315791
"4866","diff1",0.0206842105263159
"4867","diff1",0.0891052631578949
"4868","diff1",0.0680526315789474
"4869","diff1",0.00489473684210535
"4870","diff1",0.0206842105263159
"4871","diff1",0.0575263157894737
"4872","diff1",0.104894736842105
"4873","diff1",0.0943684210526317
"4874","diff1",0.0259473684210528
"4875","diff1",0.0627894736842106
"4876","diff1",0.0627894736842106
"4877","diff1",0.0891052631578949
"4878","diff1",0.0627894736842106
"4879","diff1",0.0785789473684212
"4880","diff1",0.0785789473684212
"4881","diff1",0.104894736842105
"4882","diff1",0.0364736842105263
"4883","diff1",0.083842105263158
"4884","diff1",0.047
"4885","diff1",0.0522631578947369
"4886","diff1",0.0943684210526317
"4887","diff1",0.047
"4888","diff1",0.104894736842105
"4889","diff1",0.0680526315789474
"4890","diff1",0.0943684210526317
"4891","diff1",0.0733157894736843
"4892","diff1",0.0680526315789474
"4893","diff1",0.104894736842105
"4894","diff1",0.104894736842105
"4895","diff1",0.0680526315789474
"4896","diff1",-0.000368421052631504
"4897","diff1",0.0522631578947369
"4898","diff1",0.0364736842105265
"4899","diff1",-0.000368421052631504
"4900","diff1",0.0733157894736843
"4901","diff1",0.0312105263157896
"4902","diff1",-0.00563157894736836
"4903","diff1",0.0733157894736843
"4904","diff1",0.0785789473684212
"4905","diff1",0.0154210526315791
"4906","diff1",0.0785789473684212
"4907","diff1",0.0364736842105263
"4908","diff1",0.0733157894736843
"4909","diff1",0.0733157894736843
"4910","diff1",0.0206842105263159
"4911","diff1",0.0891052631578949
"4912","diff1",-0.000368421052631504
"4913","diff1",0.0522631578947369
"4914","diff1",0.0943684210526317
"4915","diff1",0.0575263157894737
"4916","diff1",0.0312105263157894
"4917","diff1",0.0943684210526317
"4918","diff1",0.0891052631578949
"4919","diff1",-0.000368421052631504
"4920","diff1",0.0364736842105263
"4921","diff1",0.0417368421052631
"4922","diff1",0.0206842105263159
"4923","diff1",-0.0108947368421052
"4924","diff1",0.0785789473684212
"4925","diff1",0.083842105263158
"4926","diff1",0.0943684210526317
"4927","diff1",0.0206842105263159
"4928","diff1",0.0154210526315791
"4929","diff1",0.00489473684210535
"4930","diff1",0.0943684210526317
"4931","diff1",0.0891052631578949
"4932","diff1",0.0680526315789474
"4933","diff1",0.0522631578947369
"4934","diff1",0.0417368421052631
"4935","diff1",0.0733157894736843
"4936","diff1",0.0680526315789474
"4937","diff1",0.0206842105263159
"4938","diff1",0.110157894736842
"4939","diff1",0.0680526315789474
"4940","diff1",0.0891052631578949
"4941","diff1",0.0259473684210528
"4942","diff1",0.0417368421052631
"4943","diff1",0.0312105263157896
"4944","diff1",0.047
"4945","diff1",0.0522631578947369
"4946","diff1",0.0259473684210528
"4947","diff1",0.0943684210526317
"4948","diff1",0.047
"4949","diff1",0.0680526315789474
"4950","diff1",0.0575263157894737
"4951","diff1",0.125947368421053
"4952","diff1",0.0996315789473686
"4953","diff1",0.0733157894736843
"4954","diff1",0.0785789473684212
"4955","diff1",0.104894736842105
"4956","diff1",0.0733157894736843
"4957","diff1",0.0733157894736843
"4958","diff1",0.0680526315789474
"4959","diff1",0.0312105263157894
"4960","diff1",0.0259473684210528
"4961","diff1",0.0733157894736843
"4962","diff1",0.0627894736842106
"4963","diff1",0.0364736842105263
"4964","diff1",0.0891052631578949
"4965","diff1",0.0785789473684212
"4966","diff1",0.120684210526316
"4967","diff1",0.083842105263158
"4968","diff1",0.0312105263157894
"4969","diff1",0.0259473684210528
"4970","diff1",0.0417368421052631
"4971","diff1",0.0364736842105263
"4972","diff1",0.083842105263158
"4973","diff1",0.0206842105263159
"4974","diff1",0.0522631578947369
"4975","diff1",0.0364736842105263
"4976","diff1",0.0680526315789474
"4977","diff1",0.0733157894736843
"4978","diff1",0.0312105263157896
"4979","diff1",0.083842105263158
"4980","diff1",0.0522631578947369
"4981","diff1",0.0575263157894737
"4982","diff1",0.0522631578947369
"4983","diff1",0.0680526315789474
"4984","diff1",0.00489473684210535
"4985","diff1",0.0680526315789474
"4986","diff1",0.0785789473684212
"4987","diff1",0.0312105263157894
"4988","diff1",0.0312105263157896
"4989","diff1",0.0943684210526317
"4990","diff1",0.0522631578947369
"4991","diff1",0.0627894736842106
"4992","diff1",0.0996315789473686
"4993","diff1",0.083842105263158
"4994","diff1",0.0101578947368422
"4995","diff1",0.0312105263157896
"4996","diff1",0.0101578947368422
"4997","diff1",0.0575263157894737
"4998","diff1",0.110157894736842
"4999","diff1",0.0312105263157896
"5000","diff1",0.0733157894736843
"5001","diff1",-0.0266842105263158
"5002","diff1",0.0680526315789474
"5003","diff1",0.0680526315789474
"5004","diff1",0.0575263157894737
"5005","diff1",0.125947368421053
"5006","diff1",-0.0161578947368421
"5007","diff1",0.047
"5008","diff1",0.0943684210526317
"5009","diff1",-0.00563157894736836
"5010","diff1",0.0785789473684212
"5011","diff1",0.0101578947368422
"5012","diff1",0.0154210526315791
"5013","diff1",0.083842105263158
"5014","diff1",0.047
"5015","diff1",0.0364736842105263
"5016","diff1",0.047
"5017","diff1",0.0785789473684212
"5018","diff1",0.0101578947368422
"5019","diff1",0.0785789473684212
"5020","diff1",0.0575263157894737
"5021","diff1",0.0891052631578949
"5022","diff1",0.0364736842105265
"5023","diff1",0.0259473684210528
"5024","diff1",0.0417368421052631
"5025","diff1",0.115421052631579
"5026","diff1",0.0522631578947369
"5027","diff1",0.0575263157894737
"5028","diff1",0.0575263157894737
"5029","diff1",0.083842105263158
"5030","diff1",-0.000368421052631504
"5031","diff1",0.0680526315789474
"5032","diff1",0.0575263157894737
"5033","diff1",0.0733157894736843
"5034","diff1",0.0312105263157896
"5035","diff1",0.0943684210526317
"5036","diff1",0.0522631578947369
"5037","diff1",0.0943684210526317
"5038","diff1",0.131210526315789
"5039","diff1",0.0943684210526317
"5040","diff1",0.0733157894736843
"5041","diff1",0.0680526315789474
"5042","diff1",0.0417368421052631
"5043","diff1",0.0627894736842106
"5044","diff1",0.083842105263158
"5045","diff1",0.125947368421053
"5046","diff1",0.0733157894736843
"5047","diff1",0.0522631578947369
"5048","diff1",0.083842105263158
"5049","diff1",0.125947368421053
"5050","diff1",0.0891052631578949
"5051","diff1",0.047
"5052","diff1",0.0364736842105263
"5053","diff1",0.0627894736842106
"5054","diff1",0.104894736842105
"5055","diff1",0.0364736842105263
"5056","diff1",0.0891052631578949
"5057","diff1",0.0627894736842106
"5058","diff1",0.104894736842105
"5059","diff1",0.0943684210526317
"5060","diff1",0.0575263157894737
"5061","diff1",0.0206842105263159
"5062","diff1",0.0733157894736843
"5063","diff1",0.047
"5064","diff1",0.104894736842105
"5065","diff1",0.0627894736842106
"5066","diff1",0.0943684210526317
"5067","diff1",0.0364736842105263
"5068","diff1",0.0680526315789474
"5069","diff1",0.0733157894736843
"5070","diff1",0.0206842105263159
"5071","diff1",0.0996315789473686
"5072","diff1",0.0206842105263159
"5073","diff1",0.0996315789473684
"5074","diff1",0.0364736842105263
"5075","diff1",-0.0529999999999999
"5076","diff1",0.136473684210526
"5077","diff1",0.0364736842105263
"5078","diff1",0.0575263157894737
"5079","diff1",0.0785789473684212
"5080","diff1",0.0996315789473686
"5081","diff1",0.0785789473684212
"5082","diff1",0.0943684210526317
"5083","diff1",-0.00563157894736836
"5084","diff1",-0.000368421052631504
"5085","diff1",0.0627894736842106
"5086","diff1",0.0364736842105263
"5087","diff1",0.00489473684210535
"5088","diff1",0.0891052631578949
"5089","diff1",0.115421052631579
"5090","diff1",0.0891052631578949
"5091","diff1",0.0996315789473686
"5092","diff1",0.0417368421052631
"5093","diff1",0.0996315789473686
"5094","diff1",0.0680526315789474
"5095","diff1",0.104894736842105
"5096","diff1",0.0680526315789474
"5097","diff1",0.0101578947368422
"5098","diff1",0.0943684210526317
"5099","diff1",0.0575263157894737
"5100","diff1",0.0417368421052631
"5101","diff1",0.0891052631578949
"5102","diff1",0.120684210526316
"5103","diff1",0.0785789473684212
"5104","diff1",0.0417368421052631
"5105","diff1",-0.0108947368421052
"5106","diff1",0.0259473684210528
"5107","diff1",0.0733157894736843
"5108","diff1",0.0680526315789474
"5109","diff1",0.0259473684210528
"5110","diff1",0.0259473684210528
"5111","diff1",0.110157894736842
"5112","diff1",0.0364736842105263
"5113","diff1",0.0575263157894737
"5114","diff1",0.0627894736842106
"5115","diff1",0.0996315789473686
"5116","diff1",0.125947368421053
"5117","diff1",0.0891052631578949
"5118","diff1",0.047
"5119","diff1",0.0627894736842106
"5120","diff1",0.0575263157894737
"5121","diff1",0.0101578947368422
"5122","diff1",0.083842105263158
"5123","diff1",0.0259473684210526
"5124","diff1",0.047
"5125","diff1",0.0733157894736843
"5126","diff1",0.0785789473684212
"5127","diff1",0.0996315789473686
"5128","diff1",0.0785789473684212
"5129","diff1",0.0627894736842106
"5130","diff1",0.110157894736842
"5131","diff1",-0.0161578947368421
"5132","diff1",0.083842105263158
"5133","diff1",0.0575263157894737
"5134","diff1",0.0417368421052631
"5135","diff1",0.0101578947368422
"5136","diff1",-0.0214210526315789
"5137","diff1",0.0943684210526317
"5138","diff1",0.0627894736842106
"5139","diff1",0.0680526315789474
"5140","diff1",0.0891052631578949
"5141","diff1",0.047
"5142","diff1",0.0996315789473684
"5143","diff1",0.0943684210526317
"5144","diff1",0.083842105263158
"5145","diff1",0.0364736842105265
"5146","diff1",0.0785789473684212
"5147","diff1",0.0312105263157896
"5148","diff1",0.0101578947368422
"5149","diff1",0.0627894736842106
"5150","diff1",0.0312105263157894
"5151","diff1",0.115421052631579
"5152","diff1",0.0627894736842106
"5153","diff1",-0.0161578947368421
"5154","diff1",0.00489473684210535
"5155","diff1",0.0996315789473686
"5156","diff1",0.0680526315789474
"5157","diff1",0.110157894736842
"5158","diff1",0.0785789473684212
"5159","diff1",0.125947368421053
"5160","diff1",0.162789473684211
"5161","diff1",0.0206842105263159
"5162","diff1",0.0785789473684212
"5163","diff1",-0.0266842105263158
"5164","diff1",0.0259473684210528
"5165","diff1",0.0575263157894737
"5166","diff1",0.0312105263157896
"5167","diff1",0.0522631578947369
"5168","diff1",0.0785789473684212
"5169","diff1",0.0101578947368422
"5170","diff1",0.0312105263157894
"5171","diff1",0.0785789473684212
"5172","diff1",0.0312105263157896
"5173","diff1",0.0733157894736843
"5174","diff1",0.0417368421052631
"5175","diff1",0.0943684210526317
"5176","diff1",0.0364736842105263
"5177","diff1",0.0364736842105263
"5178","diff1",0.0101578947368422
"5179","diff1",0.0627894736842106
"5180","diff1",0.120684210526316
"5181","diff1",0.00489473684210535
"5182","diff1",0.0996315789473686
"5183","diff1",-0.0161578947368421
"5184","diff1",0.083842105263158
"5185","diff1",0.0627894736842106
"5186","diff1",0.0312105263157896
"5187","diff1",-0.0108947368421052
"5188","diff1",0.0575263157894737
"5189","diff1",0.0996315789473686
"5190","diff1",0.0575263157894737
"5191","diff1",0.0680526315789474
"5192","diff1",0.147
"5193","diff1",0.0312105263157894
"5194","diff1",0.0943684210526317
"5195","diff1",-0.000368421052631504
"5196","diff1",0.0364736842105263
"5197","diff1",0.0575263157894737
"5198","diff1",0.0996315789473686
"5199","diff1",0.104894736842105
"5200","diff1",0.0312105263157896
"5201","diff1",0.0627894736842106
"5202","diff1",0.0733157894736843
"5203","diff1",0.0680526315789474
"5204","diff1",0.0575263157894737
"5205","diff1",0.0627894736842106
"5206","diff1",-0.0108947368421052
"5207","diff1",0.0733157894736843
"5208","diff1",0.115421052631579
"5209","diff1",0.125947368421053
"5210","diff1",0.0891052631578949
"5211","diff1",0.0206842105263159
"5212","diff1",0.0627894736842106
"5213","diff1",0.047
"5214","diff1",-0.000368421052631504
"5215","diff1",0.047
"5216","diff1",0.0154210526315791
"5217","diff1",0.0259473684210528
"5218","diff1",0.00489473684210535
"5219","diff1",0.083842105263158
"5220","diff1",0.083842105263158
"5221","diff1",0.0943684210526317
"5222","diff1",0.0575263157894737
"5223","diff1",0.110157894736842
"5224","diff1",0.0259473684210528
"5225","diff1",0.0575263157894737
"5226","diff1",0.0785789473684212
"5227","diff1",0.0575263157894737
"5228","diff1",0.110157894736842
"5229","diff1",0.0785789473684212
"5230","diff1",0.0364736842105263
"5231","diff1",0.0522631578947369
"5232","diff1",0.0785789473684212
"5233","diff1",0.0996315789473686
"5234","diff1",0.00489473684210535
"5235","diff1",0.0943684210526317
"5236","diff1",0.0733157894736843
"5237","diff1",0.0417368421052631
"5238","diff1",0.0259473684210528
"5239","diff1",0.0733157894736843
"5240","diff1",0.0627894736842106
"5241","diff1",0.0733157894736843
"5242","diff1",0.0733157894736843
"5243","diff1",0.0364736842105263
"5244","diff1",0.0417368421052631
"5245","diff1",0.0154210526315791
"5246","diff1",0.0522631578947369
"5247","diff1",0.0417368421052631
"5248","diff1",0.0206842105263159
"5249","diff1",0.0891052631578949
"5250","diff1",0.0312105263157894
"5251","diff1",0.0943684210526317
"5252","diff1",0.110157894736842
"5253","diff1",0.0996315789473686
"5254","diff1",0.0996315789473686
"5255","diff1",0.0891052631578949
"5256","diff1",0.0575263157894737
"5257","diff1",0.0364736842105263
"5258","diff1",0.0891052631578949
"5259","diff1",0.0733157894736843
"5260","diff1",0.0575263157894737
"5261","diff1",0.0627894736842106
"5262","diff1",0.0627894736842106
"5263","diff1",0.147
"5264","diff1",0.0891052631578949
"5265","diff1",0.047
"5266","diff1",0.083842105263158
"5267","diff1",0.0627894736842106
"5268","diff1",0.136473684210526
"5269","diff1",0.0206842105263159
"5270","diff1",0.0575263157894737
"5271","diff1",0.0259473684210528
"5272","diff1",0.0575263157894737
"5273","diff1",-0.0372105263157893
"5274","diff1",0.0733157894736843
"5275","diff1",0.0417368421052631
"5276","diff1",0.0417368421052631
"5277","diff1",0.083842105263158
"5278","diff1",0.104894736842105
"5279","diff1",0.0627894736842106
"5280","diff1",0.0101578947368422
"5281","diff1",0.0154210526315791
"5282","diff1",0.115421052631579
"5283","diff1",0.0522631578947369
"5284","diff1",0.0996315789473686
"5285","diff1",-0.000368421052631504
"5286","diff1",0.0627894736842106
"5287","diff1",0.047
"5288","diff1",0.0259473684210528
"5289","diff1",0.0364736842105263
"5290","diff1",0.0364736842105263
"5291","diff1",0.083842105263158
"5292","diff1",0.0417368421052631
"5293","diff1",0.0522631578947369
"5294","diff1",0.0891052631578949
"5295","diff1",0.0575263157894737
"5296","diff1",0.083842105263158
"5297","diff1",0.110157894736842
"5298","diff1",0.0785789473684212
"5299","diff1",0.0417368421052631
"5300","diff1",0.0417368421052631
"5301","diff1",0.0733157894736843
"5302","diff1",0.0891052631578949
"5303","diff1",0.0575263157894737
"5304","diff1",0.0891052631578949
"5305","diff1",0.0522631578947369
"5306","diff1",0.047
"5307","diff1",0.00489473684210535
"5308","diff1",0.0312105263157894
"5309","diff1",0.083842105263158
"5310","diff1",0.0312105263157896
"5311","diff1",0.0522631578947369
"5312","diff1",0.0206842105263159
"5313","diff1",0.0996315789473684
"5314","diff1",0.0680526315789474
"5315","diff1",0.0575263157894737
"5316","diff1",0.0417368421052631
"5317","diff1",0.0417368421052631
"5318","diff1",0.0891052631578949
"5319","diff1",0.047
"5320","diff1",0.0733157894736843
"5321","diff1",0.0206842105263159
"5322","diff1",0.0522631578947369
"5323","diff1",0.0154210526315791
"5324","diff1",0.0680526315789474
"5325","diff1",-0.0161578947368421
"5326","diff1",0.0680526315789474
"5327","diff1",0.0733157894736843
"5328","diff1",0.104894736842105
"5329","diff1",0.104894736842105
"5330","diff1",0.0785789473684212
"5331","diff1",0.0733157894736843
"5332","diff1",-0.000368421052631504
"5333","diff1",0.0575263157894737
"5334","diff1",0.0627894736842106
"5335","diff1",0.0259473684210526
"5336","diff1",0.104894736842105
"5337","diff1",0.0312105263157894
"5338","diff1",0.0522631578947369
"5339","diff1",0.0733157894736843
"5340","diff1",0.0312105263157894
"5341","diff1",0.0364736842105263
"5342","diff1",0.0733157894736843
"5343","diff1",0.0785789473684212
"5344","diff1",0.0575263157894737
"5345","diff1",0.0522631578947369
"5346","diff1",0.0627894736842106
"5347","diff1",0.083842105263158
"5348","diff1",0.0364736842105263
"5349","diff1",0.0943684210526317
"5350","diff1",0.0785789473684212
"5351","diff1",0.0312105263157894
"5352","diff1",0.0364736842105263
"5353","diff1",0.0733157894736843
"5354","diff1",0.0575263157894737
"5355","diff1",0.0364736842105263
"5356","diff1",0.047
"5357","diff1",0.120684210526316
"5358","diff1",0.0417368421052631
"5359","diff1",0.131210526315789
"5360","diff1",0.0259473684210528
"5361","diff1",0.0522631578947369
"5362","diff1",0.0680526315789474
"5363","diff1",0.0733157894736843
"5364","diff1",0.0627894736842106
"5365","diff1",-0.0214210526315789
"5366","diff1",0.110157894736842
"5367","diff1",0.0364736842105263
"5368","diff1",0.0996315789473686
"5369","diff1",0.0206842105263159
"5370","diff1",0.104894736842105
"5371","diff1",0.0206842105263159
"5372","diff1",0.104894736842105
"5373","diff1",0.0785789473684212
"5374","diff1",0.0891052631578949
"5375","diff1",0.0312105263157896
"5376","diff1",0.0575263157894737
"5377","diff1",0.0522631578947369
"5378","diff1",0.0891052631578949
"5379","diff1",0.0206842105263159
"5380","diff1",0.0996315789473686
"5381","diff1",0.0364736842105263
"5382","diff1",0.0733157894736843
"5383","diff1",0.104894736842105
"5384","diff1",0.0417368421052631
"5385","diff1",0.0627894736842106
"5386","diff1",0.0891052631578949
"5387","diff1",0.0522631578947369
"5388","diff1",0.047
"5389","diff1",0.110157894736842
"5390","diff1",0.0785789473684212
"5391","diff1",0.0417368421052631
"5392","diff1",0.0891052631578949
"5393","diff1",0.0943684210526317
"5394","diff1",0.125947368421053
"5395","diff1",0.083842105263158
"5396","diff1",0.047
"5397","diff1",0.0522631578947369
"5398","diff1",0.0575263157894737
"5399","diff1",0.0627894736842106
"5400","diff1",0.0417368421052631
"5401","diff1",-0.0266842105263158
"5402","diff1",0.110157894736842
"5403","diff1",0.0364736842105263
"5404","diff1",0.0312105263157894
"5405","diff1",0.083842105263158
"5406","diff1",0.0943684210526317
"5407","diff1",0.0785789473684212
"5408","diff1",0.0522631578947369
"5409","diff1",0.0364736842105263
"5410","diff1",0.0575263157894737
"5411","diff1",0.047
"5412","diff1",0.0996315789473686
"5413","diff1",0.0522631578947369
"5414","diff1",0.0996315789473686
"5415","diff1",0.0575263157894737
"5416","diff1",0.0154210526315791
"5417","diff1",0.0996315789473686
"5418","diff1",0.0733157894736843
"5419","diff1",0.0733157894736843
"5420","diff1",0.141736842105263
"5421","diff1",0.120684210526316
"5422","diff1",0.0101578947368422
"5423","diff1",0.0891052631578949
"5424","diff1",0.0259473684210528
"5425","diff1",0.0417368421052631
"5426","diff1",0.0733157894736843
"5427","diff1",0.0680526315789474
"5428","diff1",0.0680526315789474
"5429","diff1",0.0154210526315791
"5430","diff1",0.0364736842105263
"5431","diff1",0.0364736842105263
"5432","diff1",0.047
"5433","diff1",0.0733157894736843
"5434","diff1",0.115421052631579
"5435","diff1",0.0680526315789474
"5436","diff1",0.0891052631578949
"5437","diff1",0.0627894736842106
"5438","diff1",0.110157894736842
"5439","diff1",0.0733157894736843
"5440","diff1",0.0522631578947369
"5441","diff1",0.0522631578947369
"5442","diff1",0.0575263157894737
"5443","diff1",0.0891052631578949
"5444","diff1",0.0259473684210528
"5445","diff1",0.047
"5446","diff1",0.0733157894736843
"5447","diff1",0.0259473684210528
"5448","diff1",0.0996315789473686
"5449","diff1",0.0627894736842106
"5450","diff1",0.0627894736842106
"5451","diff1",0.104894736842105
"5452","diff1",0.0575263157894737
"5453","diff1",0.047
"5454","diff1",0.0627894736842106
"5455","diff1",0.0627894736842106
"5456","diff1",0.0733157894736843
"5457","diff1",-0.000368421052631504
"5458","diff1",0.0101578947368422
"5459","diff1",0.0417368421052631
"5460","diff1",0.047
"5461","diff1",0.0680526315789474
"5462","diff1",0.0943684210526317
"5463","diff1",0.0206842105263159
"5464","diff1",0.115421052631579
"5465","diff1",0.0996315789473686
"5466","diff1",0.104894736842105
"5467","diff1",0.0522631578947369
"5468","diff1",0.0312105263157896
"5469","diff1",0.0259473684210528
"5470","diff1",0.0627894736842106
"5471","diff1",0.083842105263158
"5472","diff1",0.0259473684210528
"5473","diff1",0.0101578947368422
"5474","diff1",0.047
"5475","diff1",0.0522631578947369
"5476","diff1",0.0206842105263159
"5477","diff1",0.0154210526315791
"5478","diff1",0.0522631578947369
"5479","diff1",0.0522631578947369
"5480","diff1",0.0259473684210528
"5481","diff1",0.0733157894736843
"5482","diff1",0.125947368421053
"5483","diff1",0.047
"5484","diff1",0.152263157894737
"5485","diff1",0.0417368421052631
"5486","diff1",0.0785789473684212
"5487","diff1",0.0733157894736843
"5488","diff1",0.0364736842105263
"5489","diff1",0.0575263157894737
"5490","diff1",0.0891052631578949
"5491","diff1",0.0785789473684212
"5492","diff1",0.125947368421053
"5493","diff1",0.120684210526316
"5494","diff1",0.0680526315789474
"5495","diff1",0.0785789473684212
"5496","diff1",0.047
"5497","diff1",0.0206842105263159
"5498","diff1",0.0522631578947369
"5499","diff1",0.0733157894736843
"5500","diff1",0.0785789473684212
"5501","diff1",0.0154210526315791
"5502","diff1",0.0627894736842106
"5503","diff1",0.0680526315789474
"5504","diff1",0.0785789473684212
"5505","diff1",0.0733157894736843
"5506","diff1",0.0680526315789474
"5507","diff1",0.0154210526315791
"5508","diff1",0.0785789473684212
"5509","diff1",0.0627894736842106
"5510","diff1",0.115421052631579
"5511","diff1",0.0312105263157894
"5512","diff1",0.0627894736842106
"5513","diff1",0.110157894736842
"5514","diff1",0.0891052631578949
"5515","diff1",0.00489473684210535
"5516","diff1",0.104894736842105
"5517","diff1",0.0417368421052631
"5518","diff1",0.0417368421052631
"5519","diff1",0.0627894736842106
"5520","diff1",0.047
"5521","diff1",0.0417368421052631
"5522","diff1",0.0996315789473686
"5523","diff1",0.0785789473684212
"5524","diff1",0.0259473684210528
"5525","diff1",0.136473684210526
"5526","diff1",0.0627894736842106
"5527","diff1",0.0943684210526317
"5528","diff1",0.0259473684210528
"5529","diff1",0.0891052631578949
"5530","diff1",0.0891052631578949
"5531","diff1",0.0733157894736843
"5532","diff1",0.083842105263158
"5533","diff1",0.0417368421052631
"5534","diff1",0.0206842105263159
"5535","diff1",0.0575263157894737
"5536","diff1",0.0785789473684212
"5537","diff1",0.0312105263157896
"5538","diff1",0.0733157894736843
"5539","diff1",0.0680526315789474
"5540","diff1",0.0417368421052631
"5541","diff1",0.047
"5542","diff1",0.0627894736842106
"5543","diff1",0.0101578947368422
"5544","diff1",-0.000368421052631504
"5545","diff1",0.0943684210526317
"5546","diff1",0.0627894736842106
"5547","diff1",0.047
"5548","diff1",0.110157894736842
"5549","diff1",0.0785789473684212
"5550","diff1",0.0627894736842106
"5551","diff1",0.047
"5552","diff1",0.131210526315789
"5553","diff1",0.0943684210526317
"5554","diff1",0.104894736842105
"5555","diff1",0.0996315789473686
"5556","diff1",0.125947368421053
"5557","diff1",0.0680526315789474
"5558","diff1",0.00489473684210535
"5559","diff1",0.0259473684210528
"5560","diff1",0.0417368421052631
"5561","diff1",0.115421052631579
"5562","diff1",0.0680526315789474
"5563","diff1",0.0680526315789474
"5564","diff1",0.0733157894736843
"5565","diff1",0.120684210526316
"5566","diff1",0.00489473684210535
"5567","diff1",0.0364736842105263
"5568","diff1",-0.0161578947368421
"5569","diff1",0.083842105263158
"5570","diff1",0.110157894736842
"5571","diff1",0.0575263157894737
"5572","diff1",0.0680526315789474
"5573","diff1",0.0627894736842106
"5574","diff1",0.0733157894736843
"5575","diff1",0.0785789473684212
"5576","diff1",0.0891052631578949
"5577","diff1",0.0785789473684212
"5578","diff1",0.131210526315789
"5579","diff1",0.0101578947368422
"5580","diff1",0.0680526315789474
"5581","diff1",0.0417368421052631
"5582","diff1",0.047
"5583","diff1",0.0259473684210528
"5584","diff1",0.047
"5585","diff1",0.0101578947368422
"5586","diff1",0.0943684210526317
"5587","diff1",0.083842105263158
"5588","diff1",0.0891052631578949
"5589","diff1",0.0627894736842106
"5590","diff1",0.115421052631579
"5591","diff1",0.104894736842105
"5592","diff1",0.0101578947368422
"5593","diff1",0.0785789473684212
"5594","diff1",0.0312105263157894
"5595","diff1",0.0627894736842106
"5596","diff1",0.0575263157894737
"5597","diff1",0.0996315789473684
"5598","diff1",0.0680526315789474
"5599","diff1",0.0627894736842106
"5600","diff1",0.0627894736842106
"5601","diff1",0.0733157894736843
"5602","diff1",0.0680526315789474
"5603","diff1",0.0627894736842106
"5604","diff1",0.0575263157894737
"5605","diff1",0.0575263157894737
"5606","diff1",0.0891052631578949
"5607","diff1",0.120684210526316
"5608","diff1",0.0312105263157894
"5609","diff1",0.0733157894736843
"5610","diff1",0.0680526315789474
"5611","diff1",0.0996315789473686
"5612","diff1",0.115421052631579
"5613","diff1",0.00489473684210535
"5614","diff1",0.0891052631578949
"5615","diff1",0.0680526315789474
"5616","diff1",0.0417368421052631
"5617","diff1",0.00489473684210535
"5618","diff1",0.0680526315789474
"5619","diff1",0.0943684210526317
"5620","diff1",0.0785789473684212
"5621","diff1",0.0627894736842106
"5622","diff1",0.115421052631579
"5623","diff1",0.0522631578947369
"5624","diff1",0.0206842105263159
"5625","diff1",0.0522631578947369
"5626","diff1",0.0943684210526317
"5627","diff1",0.0364736842105263
"5628","diff1",0.047
"5629","diff1",0.0996315789473686
"5630","diff1",0.0417368421052631
"5631","diff1",0.083842105263158
"5632","diff1",0.0575263157894737
"5633","diff1",0.0417368421052631
"5634","diff1",0.0364736842105263
"5635","diff1",0.147
"5636","diff1",0.0785789473684212
"5637","diff1",0.104894736842105
"5638","diff1",0.0575263157894737
"5639","diff1",0.0733157894736843
"5640","diff1",0.0154210526315791
"5641","diff1",0.047
"5642","diff1",0.0785789473684212
"5643","diff1",0.115421052631579
"5644","diff1",0.0417368421052631
"5645","diff1",0.047
"5646","diff1",0.115421052631579
"5647","diff1",0.083842105263158
"5648","diff1",0.0259473684210526
"5649","diff1",0.0417368421052631
"5650","diff1",0.047
"5651","diff1",0.0206842105263159
"5652","diff1",0.0943684210526317
"5653","diff1",0.047
"5654","diff1",0.0627894736842106
"5655","diff1",0.0575263157894737
"5656","diff1",0.0522631578947369
"5657","diff1",0.083842105263158
"5658","diff1",0.083842105263158
"5659","diff1",0.0417368421052631
"5660","diff1",0.0891052631578949
"5661","diff1",0.0627894736842106
"5662","diff1",0.0891052631578949
"5663","diff1",0.0417368421052631
"5664","diff1",0.0101578947368422
"5665","diff1",-0.000368421052631504
"5666","diff1",0.0996315789473686
"5667","diff1",0.0785789473684212
"5668","diff1",0.0154210526315791
"5669","diff1",0.0364736842105263
"5670","diff1",0.0943684210526317
"5671","diff1",0.0785789473684212
"5672","diff1",0.0733157894736843
"5673","diff1",0.0627894736842106
"5674","diff1",0.136473684210526
"5675","diff1",0.0522631578947369
"5676","diff1",0.0733157894736843
"5677","diff1",-0.0529999999999999
"5678","diff1",0.0154210526315791
"5679","diff1",0.0733157894736843
"5680","diff1",0.0680526315789474
"5681","diff1",0.110157894736842
"5682","diff1",0.104894736842105
"5683","diff1",0.0154210526315791
"5684","diff1",0.0206842105263159
"5685","diff1",0.0522631578947369
"5686","diff1",0.104894736842105
"5687","diff1",0.0101578947368422
"5688","diff1",0.0417368421052631
"5689","diff1",0.0891052631578949
"5690","diff1",0.0575263157894737
"5691","diff1",0.0785789473684212
"5692","diff1",0.0522631578947369
"5693","diff1",0.0522631578947369
"5694","diff1",-0.000368421052631504
"5695","diff1",0.00489473684210535
"5696","diff1",0.0312105263157894
"5697","diff1",0.0364736842105265
"5698","diff1",0.083842105263158
"5699","diff1",0.0627894736842106
"5700","diff1",0.083842105263158
"5701","diff1",0.110157894736842
"5702","diff1",0.0522631578947369
"5703","diff1",0.0627894736842106
"5704","diff1",0.0943684210526317
"5705","diff1",0.0891052631578949
"5706","diff1",0.0785789473684212
"5707","diff1",-0.0319473684210524
"5708","diff1",0.0733157894736843
"5709","diff1",0.120684210526316
"5710","diff1",0.0417368421052631
"5711","diff1",0.0522631578947369
"5712","diff1",0.0943684210526317
"5713","diff1",0.0206842105263159
"5714","diff1",0.0627894736842106
"5715","diff1",0.0891052631578949
"5716","diff1",0.047
"5717","diff1",-0.000368421052631504
"5718","diff1",0.0206842105263159
"5719","diff1",0.0575263157894737
"5720","diff1",0.0627894736842106
"5721","diff1",0.0417368421052631
"5722","diff1",0.0312105263157894
"5723","diff1",0.00489473684210535
"5724","diff1",0.0996315789473686
"5725","diff1",0.0522631578947369
"5726","diff1",0.115421052631579
"5727","diff1",0.0627894736842106
"5728","diff1",0.047
"5729","diff1",0.0680526315789474
"5730","diff1",0.0785789473684212
"5731","diff1",0.0206842105263159
"5732","diff1",0.0101578947368422
"5733","diff1",0.0417368421052631
"5734","diff1",0.0891052631578949
"5735","diff1",0.0101578947368422
"5736","diff1",0.083842105263158
"5737","diff1",0.136473684210526
"5738","diff1",0.0522631578947369
"5739","diff1",0.0943684210526317
"5740","diff1",0.0785789473684212
"5741","diff1",0.0206842105263159
"5742","diff1",0.110157894736842
"5743","diff1",0.0312105263157896
"5744","diff1",0.083842105263158
"5745","diff1",0.0891052631578949
"5746","diff1",0.0206842105263159
"5747","diff1",0.0522631578947369
"5748","diff1",0.0680526315789474
"5749","diff1",0.047
"5750","diff1",0.0943684210526317
"5751","diff1",0.0680526315789474
"5752","diff1",0.0943684210526317
"5753","diff1",0.0680526315789474
"5754","diff1",0.0733157894736843
"5755","diff1",0.0575263157894737
"5756","diff1",0.0312105263157896
"5757","diff1",0.0680526315789474
"5758","diff1",0.0996315789473686
"5759","diff1",0.0364736842105263
"5760","diff1",0.0627894736842106
"5761","diff1",0.0785789473684212
"5762","diff1",0.0891052631578949
"5763","diff1",0.0680526315789474
"5764","diff1",0.00489473684210535
"5765","diff1",0.0364736842105265
"5766","diff1",0.0627894736842106
"5767","diff1",0.0785789473684212
"5768","diff1",0.0522631578947369
"5769","diff1",0.0996315789473686
"5770","diff2",0.0575263157894737
"5771","diff2",0.0259473684210526
"5772","diff2",0.0627894736842106
"5773","diff2",-0.00563157894736836
"5774","diff2",0.0206842105263157
"5775","diff2",0.0206842105263157
"5776","diff2",0.0627894736842106
"5777","diff2",0.0312105263157894
"5778","diff2",0.0680526315789474
"5779","diff2",0.0364736842105263
"5780","diff2",0.0522631578947369
"5781","diff2",0.0785789473684209
"5782","diff2",-0.0372105263157895
"5783","diff2",0.010157894736842
"5784","diff2",0.0417368421052631
"5785","diff2",-0.0424736842105264
"5786","diff2",0.047
"5787","diff2",0.0417368421052631
"5788","diff2",0.0259473684210526
"5789","diff2",0.010157894736842
"5790","diff2",-0.0161578947368421
"5791","diff2",0.0943684210526315
"5792","diff2",0.0891052631578946
"5793","diff2",0.0575263157894737
"5794","diff2",0.00489473684210535
"5795","diff2",0.0417368421052631
"5796","diff2",-0.0161578947368421
"5797","diff2",0.0522631578947369
"5798","diff2",0.010157894736842
"5799","diff2",-0.0635263157894738
"5800","diff2",-0.00563157894736858
"5801","diff2",0.0259473684210526
"5802","diff2",0.0364736842105263
"5803","diff2",0.0417368421052631
"5804","diff2",0.0996315789473684
"5805","diff2",0.0627894736842106
"5806","diff2",0.0259473684210526
"5807","diff2",0.0522631578947369
"5808","diff2",-0.0108947368421052
"5809","diff2",-0.000368421052631726
"5810","diff2",-0.00563157894736836
"5811","diff2",0.0417368421052631
"5812","diff2",0.0417368421052631
"5813","diff2",0.0522631578947369
"5814","diff2",-0.000368421052631726
"5815","diff2",0.047
"5816","diff2",0.0575263157894737
"5817","diff2",-0.00563157894736836
"5818","diff2",-0.0161578947368421
"5819","diff2",0.0733157894736843
"5820","diff2",0.0785789473684212
"5821","diff2",0.0417368421052631
"5822","diff2",0.00489473684210513
"5823","diff2",0.0364736842105263
"5824","diff2",-0.0108947368421052
"5825","diff2",0.0206842105263157
"5826","diff2",-0.000368421052631726
"5827","diff2",-0.000368421052631726
"5828","diff2",0.010157894736842
"5829","diff2",-0.0424736842105264
"5830","diff2",0.047
"5831","diff2",0.00489473684210513
"5832","diff2",0.0259473684210526
"5833","diff2",-0.000368421052631504
"5834","diff2",-0.0214210526315789
"5835","diff2",0.010157894736842
"5836","diff2",0.0785789473684209
"5837","diff2",-0.000368421052631504
"5838","diff2",0.0733157894736843
"5839","diff2",0.0364736842105263
"5840","diff2",0.0312105263157894
"5841","diff2",0.0259473684210526
"5842","diff2",-0.0214210526315789
"5843","diff2",0.047
"5844","diff2",0.0259473684210526
"5845","diff2",0.0522631578947369
"5846","diff2",0.0259473684210526
"5847","diff2",0.0522631578947369
"5848","diff2",0.0364736842105263
"5849","diff2",-0.0161578947368421
"5850","diff2",0.047
"5851","diff2",0.00489473684210513
"5852","diff2",-0.0108947368421052
"5853","diff2",0.0785789473684209
"5854","diff2",0.0522631578947369
"5855","diff2",0.0417368421052631
"5856","diff2",0.010157894736842
"5857","diff2",0.0627894736842106
"5858","diff2",0.0206842105263157
"5859","diff2",0.0417368421052631
"5860","diff2",0.0259473684210526
"5861","diff2",0.0522631578947369
"5862","diff2",0.0522631578947369
"5863","diff2",0.0154210526315788
"5864","diff2",-0.0372105263157895
"5865","diff2",0.0575263157894737
"5866","diff2",0.047
"5867","diff2",0.0680526315789474
"5868","diff2",-0.0214210526315789
"5869","diff2",0.0206842105263157
"5870","diff2",-0.0266842105263158
"5871","diff2",0.0522631578947369
"5872","diff2",0.00489473684210513
"5873","diff2",0.0259473684210526
"5874","diff2",0.0312105263157894
"5875","diff2",-0.00563157894736836
"5876","diff2",0.00489473684210513
"5877","diff2",0.0575263157894737
"5878","diff2",0.0154210526315788
"5879","diff2",0.0575263157894737
"5880","diff2",-0.0635263157894738
"5881","diff2",0.147
"5882","diff2",0.0259473684210526
"5883","diff2",0.0364736842105263
"5884","diff2",0.00489473684210513
"5885","diff2",0.0996315789473684
"5886","diff2",-0.0161578947368421
"5887","diff2",0.0417368421052631
"5888","diff2",0.00489473684210513
"5889","diff2",0.010157894736842
"5890","diff2",0.0943684210526315
"5891","diff2",0.0417368421052631
"5892","diff2",0.0364736842105263
"5893","diff2",-0.0161578947368421
"5894","diff2",0.0364736842105263
"5895","diff2",-0.0161578947368421
"5896","diff2",0.0259473684210526
"5897","diff2",0.0522631578947369
"5898","diff2",0.0575263157894737
"5899","diff2",-0.000368421052631504
"5900","diff2",0.0312105263157894
"5901","diff2",0.0259473684210526
"5902","diff2",0.0312105263157894
"5903","diff2",-0.0424736842105264
"5904","diff2",0.0627894736842106
"5905","diff2",-0.00563157894736836
"5906","diff2",0.0206842105263157
"5907","diff2",-0.0161578947368421
"5908","diff2",0.0522631578947369
"5909","diff2",0.0259473684210526
"5910","diff2",0.0575263157894737
"5911","diff2",0.0364736842105263
"5912","diff2",0.0206842105263157
"5913","diff2",0.047
"5914","diff2",0.0259473684210526
"5915","diff2",0.0364736842105263
"5916","diff2",0.0575263157894737
"5917","diff2",0.0364736842105263
"5918","diff2",0.0364736842105263
"5919","diff2",0.0522631578947369
"5920","diff2",-0.000368421052631726
"5921","diff2",0.047
"5922","diff2",0.047
"5923","diff2",-0.000368421052631504
"5924","diff2",0.0627894736842106
"5925","diff2",-0.00563157894736836
"5926","diff2",0.00489473684210513
"5927","diff2",0.0206842105263157
"5928","diff2",0.0575263157894737
"5929","diff2",0.0154210526315788
"5930","diff2",0.0154210526315788
"5931","diff2",0.047
"5932","diff2",0.010157894736842
"5933","diff2",0.0206842105263157
"5934","diff2",-0.00563157894736836
"5935","diff2",0.0575263157894737
"5936","diff2",0.010157894736842
"5937","diff2",0.0154210526315788
"5938","diff2",0.0680526315789474
"5939","diff2",-0.0161578947368421
"5940","diff2",0.0259473684210526
"5941","diff2",0.0417368421052631
"5942","diff2",0.0575263157894737
"5943","diff2",0.0417368421052631
"5944","diff2",0.0154210526315788
"5945","diff2",0.00489473684210535
"5946","diff2",0.0364736842105263
"5947","diff2",0.0206842105263157
"5948","diff2",-0.0266842105263158
"5949","diff2",0.0733157894736843
"5950","diff2",0.0680526315789472
"5951","diff2",-0.0108947368421052
"5952","diff2",0.047
"5953","diff2",0.047
"5954","diff2",0.0259473684210526
"5955","diff2",0.047
"5956","diff2",-0.000368421052631504
"5957","diff2",0.0575263157894737
"5958","diff2",-0.0108947368421052
"5959","diff2",0.0364736842105263
"5960","diff2",0.047
"5961","diff2",0.0733157894736841
"5962","diff2",-0.0372105263157895
"5963","diff2",0.115421052631579
"5964","diff2",0.0206842105263157
"5965","diff2",-0.00563157894736836
"5966","diff2",-0.00563157894736836
"5967","diff2",0.0206842105263157
"5968","diff2",0.0312105263157894
"5969","diff2",0.0259473684210526
"5970","diff2",0.0838421052631578
"5971","diff2",0.0627894736842106
"5972","diff2",0.0733157894736843
"5973","diff2",-0.00563157894736858
"5974","diff2",0.0575263157894737
"5975","diff2",0.0417368421052631
"5976","diff2",0.0522631578947369
"5977","diff2",0.0838421052631578
"5978","diff2",-0.0161578947368421
"5979","diff2",0.010157894736842
"5980","diff2",-0.0108947368421052
"5981","diff2",0.0943684210526315
"5982","diff2",0.0838421052631578
"5983","diff2",0.010157894736842
"5984","diff2",0.0838421052631578
"5985","diff2",-0.0108947368421052
"5986","diff2",0.0575263157894737
"5987","diff2",-0.00563157894736836
"5988","diff2",0.0259473684210526
"5989","diff2",0.0364736842105263
"5990","diff2",0.0312105263157894
"5991","diff2",0.0680526315789474
"5992","diff2",0.0891052631578946
"5993","diff2",0.0575263157894737
"5994","diff2",0.0364736842105263
"5995","diff2",0.0364736842105263
"5996","diff2",0.0259473684210526
"5997","diff2",-0.000368421052631504
"5998","diff2",0.0522631578947369
"5999","diff2",0.010157894736842
"6000","diff2",0.0312105263157894
"6001","diff2",-0.000368421052631504
"6002","diff2",0.047
"6003","diff2",0.0364736842105263
"6004","diff2",0.00489473684210513
"6005","diff2",0.0259473684210526
"6006","diff2",0.0364736842105263
"6007","diff2",0.047
"6008","diff2",-0.00563157894736836
"6009","diff2",-0.00563157894736836
"6010","diff2",0.0627894736842106
"6011","diff2",0.0364736842105263
"6012","diff2",0.010157894736842
"6013","diff2",0.0206842105263157
"6014","diff2",0.0364736842105263
"6015","diff2",0.0522631578947369
"6016","diff2",-0.000368421052631504
"6017","diff2",0.010157894736842
"6018","diff2",0.00489473684210535
"6019","diff2",0.0259473684210526
"6020","diff2",0.0838421052631578
"6021","diff2",-0.0372105263157895
"6022","diff2",-0.00563157894736836
"6023","diff2",0.0364736842105263
"6024","diff2",0.0154210526315788
"6025","diff2",0.0312105263157894
"6026","diff2",0.0891052631578946
"6027","diff2",0.0522631578947369
"6028","diff2",0.0627894736842106
"6029","diff2",0.0417368421052631
"6030","diff2",0.0417368421052631
"6031","diff2",0.0575263157894737
"6032","diff2",0.0785789473684212
"6033","diff2",0.0154210526315788
"6034","diff2",0.0575263157894737
"6035","diff2",0.0364736842105263
"6036","diff2",0.0522631578947369
"6037","diff2",0.0364736842105263
"6038","diff2",0.0154210526315788
"6039","diff2",0.0364736842105263
"6040","diff2",-0.0108947368421052
"6041","diff2",0.0417368421052631
"6042","diff2",0.0627894736842106
"6043","diff2",0.0522631578947369
"6044","diff2",-0.000368421052631504
"6045","diff2",0.0575263157894737
"6046","diff2",-0.000368421052631726
"6047","diff2",0.0575263157894737
"6048","diff2",-0.000368421052631726
"6049","diff2",-0.0214210526315789
"6050","diff2",0.0522631578947369
"6051","diff2",0.047
"6052","diff2",0.0627894736842106
"6053","diff2",0.0417368421052631
"6054","diff2",-0.000368421052631504
"6055","diff2",0.047
"6056","diff2",0.0575263157894737
"6057","diff2",-0.0214210526315789
"6058","diff2",0.0733157894736843
"6059","diff2",0.0575263157894737
"6060","diff2",0.0206842105263157
"6061","diff2",0.0733157894736843
"6062","diff2",0.0680526315789474
"6063","diff2",-0.0477368421052632
"6064","diff2",-0.0108947368421052
"6065","diff2",0.00489473684210513
"6066","diff2",0.0206842105263157
"6067","diff2",0.0838421052631578
"6068","diff2",0.0206842105263157
"6069","diff2",0.0575263157894737
"6070","diff2",-0.000368421052631726
"6071","diff2",0.010157894736842
"6072","diff2",0.0312105263157894
"6073","diff2",0.0364736842105263
"6074","diff2",0.0259473684210526
"6075","diff2",0.0733157894736843
"6076","diff2",0.0206842105263157
"6077","diff2",0.0364736842105263
"6078","diff2",0.0522631578947369
"6079","diff2",0.0733157894736843
"6080","diff2",0.0680526315789474
"6081","diff2",0.010157894736842
"6082","diff2",0.0364736842105263
"6083","diff2",-0.000368421052631726
"6084","diff2",0.0154210526315788
"6085","diff2",0.0838421052631578
"6086","diff2",0.0101578947368422
"6087","diff2",0.0154210526315788
"6088","diff2",0.0575263157894737
"6089","diff2",0.0680526315789474
"6090","diff2",0.0259473684210526
"6091","diff2",0.0733157894736843
"6092","diff2",0.047
"6093","diff2",0.010157894736842
"6094","diff2",-0.00563157894736836
"6095","diff2",0.104894736842105
"6096","diff2",0.0785789473684209
"6097","diff2",0.0154210526315788
"6098","diff2",0.0312105263157894
"6099","diff2",-0.0108947368421052
"6100","diff2",0.010157894736842
"6101","diff2",0.0312105263157894
"6102","diff2",-0.0108947368421052
"6103","diff2",-0.000368421052631726
"6104","diff2",0.0312105263157894
"6105","diff2",0.0733157894736843
"6106","diff2",0.0575263157894737
"6107","diff2",0.0312105263157894
"6108","diff2",0.010157894736842
"6109","diff2",0.0522631578947369
"6110","diff2",0.00489473684210513
"6111","diff2",0.0733157894736843
"6112","diff2",0.010157894736842
"6113","diff2",0.0733157894736843
"6114","diff2",0.0417368421052631
"6115","diff2",0.010157894736842
"6116","diff2",0.0259473684210526
"6117","diff2",0.0259473684210526
"6118","diff2",0.0522631578947369
"6119","diff2",-0.0161578947368421
"6120","diff2",0.0575263157894737
"6121","diff2",-0.000368421052631504
"6122","diff2",0.0680526315789474
"6123","diff2",-0.0372105263157895
"6124","diff2",0.0312105263157894
"6125","diff2",0.0522631578947369
"6126","diff2",0.0680526315789474
"6127","diff2",0.010157894736842
"6128","diff2",0.0680526315789474
"6129","diff2",0.0206842105263157
"6130","diff2",-0.000368421052631504
"6131","diff2",0.0522631578947369
"6132","diff2",-0.000368421052631504
"6133","diff2",0.0733157894736843
"6134","diff2",0.0206842105263157
"6135","diff2",0.0206842105263157
"6136","diff2",-0.0161578947368421
"6137","diff2",0.0943684210526315
"6138","diff2",0.047
"6139","diff2",0.0206842105263157
"6140","diff2",0.0312105263157894
"6141","diff2",0.0575263157894737
"6142","diff2",0.0206842105263157
"6143","diff2",0.047
"6144","diff2",0.0891052631578946
"6145","diff2",0.010157894736842
"6146","diff2",0.0312105263157894
"6147","diff2",0.010157894736842
"6148","diff2",0.0627894736842106
"6149","diff2",0.00489473684210535
"6150","diff2",0.0417368421052631
"6151","diff2",0.0259473684210526
"6152","diff2",0.0733157894736843
"6153","diff2",-0.00563157894736836
"6154","diff2",0.047
"6155","diff2",0.0627894736842106
"6156","diff2",0.0785789473684209
"6157","diff2",0.0364736842105263
"6158","diff2",-0.00563157894736836
"6159","diff2",-0.00563157894736836
"6160","diff2",0.00489473684210513
"6161","diff2",0.047
"6162","diff2",0.0522631578947369
"6163","diff2",0.0154210526315788
"6164","diff2",-0.0266842105263158
"6165","diff2",0.0206842105263157
"6166","diff2",0.047
"6167","diff2",0.0364736842105263
"6168","diff2",-0.000368421052631726
"6169","diff2",-0.00563157894736836
"6170","diff2",0.047
"6171","diff2",0.0417368421052631
"6172","diff2",0.0417368421052631
"6173","diff2",0.0364736842105263
"6174","diff2",0.0627894736842106
"6175","diff2",0.0312105263157894
"6176","diff2",0.0154210526315788
"6177","diff2",0.0838421052631578
"6178","diff2",0.0312105263157894
"6179","diff2",0.010157894736842
"6180","diff2",0.0575263157894737
"6181","diff2",-0.0687894736842104
"6182","diff2",0.0417368421052631
"6183","diff2",0.0259473684210526
"6184","diff2",0.0575263157894737
"6185","diff2",0.00489473684210535
"6186","diff2",0.0364736842105263
"6187","diff2",-0.00563157894736836
"6188","diff2",-0.0214210526315789
"6189","diff2",-0.0372105263157895
"6190","diff2",0.0575263157894737
"6191","diff2",0.0627894736842106
"6192","diff2",-0.000368421052631726
"6193","diff2",0.010157894736842
"6194","diff2",0.0364736842105263
"6195","diff2",0.0364736842105263
"6196","diff2",0.0312105263157894
"6197","diff2",0.0154210526315788
"6198","diff2",0.0364736842105263
"6199","diff2",0.0417368421052631
"6200","diff2",0.0154210526315788
"6201","diff2",0.047
"6202","diff2",0.0312105263157894
"6203","diff2",0.0206842105263157
"6204","diff2",0.0575263157894737
"6205","diff2",0.0522631578947369
"6206","diff2",0.047
"6207","diff2",0.047
"6208","diff2",-0.0214210526315789
"6209","diff2",0.0838421052631578
"6210","diff2",0.0364736842105263
"6211","diff2",0.0627894736842106
"6212","diff2",0.0575263157894737
"6213","diff2",0.0417368421052631
"6214","diff2",0.00489473684210513
"6215","diff2",0.0364736842105263
"6216","diff2",0.0575263157894737
"6217","diff2",0.0943684210526315
"6218","diff2",0.0364736842105263
"6219","diff2",0.047
"6220","diff2",0.0312105263157894
"6221","diff2",-0.0214210526315789
"6222","diff2",-0.0161578947368421
"6223","diff2",0.010157894736842
"6224","diff2",0.0154210526315788
"6225","diff2",0.0943684210526315
"6226","diff2",0.00489473684210513
"6227","diff2",0.0364736842105263
"6228","diff2",-0.0214210526315789
"6229","diff2",0.0364736842105263
"6230","diff2",0.0312105263157894
"6231","diff2",0.0364736842105263
"6232","diff2",0.0417368421052631
"6233","diff2",-0.00563157894736836
"6234","diff2",0.0417368421052631
"6235","diff2",0.0575263157894737
"6236","diff2",0.0522631578947369
"6237","diff2",0.0364736842105263
"6238","diff2",0.0417368421052631
"6239","diff2",0.0417368421052631
"6240","diff2",0.0575263157894737
"6241","diff2",0.0785789473684209
"6242","diff2",0.0259473684210526
"6243","diff2",0.0364736842105263
"6244","diff2",-0.0108947368421052
"6245","diff2",-0.0108947368421052
"6246","diff2",0.047
"6247","diff2",0.0364736842105263
"6248","diff2",0.0364736842105263
"6249","diff2",0.0575263157894737
"6250","diff2",0.0522631578947369
"6251","diff2",0.0206842105263157
"6252","diff2",0.0417368421052631
"6253","diff2",0.0312105263157894
"6254","diff2",0.0364736842105263
"6255","diff2",0.0417368421052631
"6256","diff2",0.0154210526315788
"6257","diff2",0.0575263157894737
"6258","diff2",0.0627894736842106
"6259","diff2",0.00489473684210513
"6260","diff2",0.047
"6261","diff2",0.00489473684210513
"6262","diff2",0.0785789473684209
"6263","diff2",0.0838421052631578
"6264","diff2",-0.0108947368421052
"6265","diff2",0.0575263157894737
"6266","diff2",0.0312105263157894
"6267","diff2",0.0364736842105263
"6268","diff2",0.0364736842105263
"6269","diff2",0.047
"6270","diff2",0.047
"6271","diff2",0.047
"6272","diff2",0.047
"6273","diff2",0.047
"6274","diff2",0.047
"6275","diff2",0.047
"6276","diff2",0.047
"6277","diff2",0.047
"6278","diff2",0.047
"6279","diff2",0.047
"6280","diff2",0.047
"6281","diff2",0.047
"6282","diff2",0.047
"6283","diff2",0.047
"6284","diff2",0.047
"6285","diff2",0.047
"6286","diff2",0.047
"6287","diff2",0.047
"6288","diff2",0.047
"6289","diff2",0.047
"6290","diff2",0.047
"6291","diff2",0.047
"6292","diff2",0.047
"6293","diff2",0.047
"6294","diff2",0.047
"6295","diff2",0.047
"6296","diff2",0.047
"6297","diff2",0.047
"6298","diff2",0.047
"6299","diff2",0.047
"6300","diff2",0.00489473684210535
"6301","diff2",0.00489473684210535
"6302","diff2",0.0364736842105263
"6303","diff2",-0.0108947368421052
"6304","diff2",0.0522631578947369
"6305","diff2",0.0575263157894737
"6306","diff2",0.0364736842105263
"6307","diff2",0.0891052631578946
"6308","diff2",-0.0424736842105264
"6309","diff2",0.0943684210526315
"6310","diff2",0.00489473684210513
"6311","diff2",0.0575263157894737
"6312","diff2",0.0259473684210526
"6313","diff2",0.047
"6314","diff2",-0.00563157894736836
"6315","diff2",0.0575263157894737
"6316","diff2",0.0206842105263157
"6317","diff2",0.010157894736842
"6318","diff2",0.0522631578947369
"6319","diff2",0.0259473684210526
"6320","diff2",0.00489473684210535
"6321","diff2",0.0206842105263157
"6322","diff2",0.0522631578947369
"6323","diff2",-0.000368421052631504
"6324","diff2",-0.00563157894736836
"6325","diff2",0.0206842105263157
"6326","diff2",0.00489473684210513
"6327","diff2",0.0575263157894737
"6328","diff2",0.0364736842105263
"6329","diff2",0.0891052631578946
"6330","diff2",0.0417368421052631
"6331","diff2",0.0417368421052631
"6332","diff2",0.0312105263157894
"6333","diff2",0.0522631578947369
"6334","diff2",-0.0108947368421052
"6335","diff2",-0.00563157894736836
"6336","diff2",0.0838421052631578
"6337","diff2",0.0417368421052631
"6338","diff2",-0.0372105263157895
"6339","diff2",0.0312105263157894
"6340","diff2",0.0364736842105263
"6341","diff2",0.0206842105263157
"6342","diff2",0.0312105263157894
"6343","diff2",0.0259473684210526
"6344","diff2",0.0838421052631578
"6345","diff2",0.0259473684210526
"6346","diff2",0.0575263157894737
"6347","diff2",-0.000368421052631726
"6348","diff2",0.047
"6349","diff2",0.0943684210526315
"6350","diff2",0.0522631578947369
"6351","diff2",0.0838421052631578
"6352","diff2",0.0154210526315788
"6353","diff2",-0.0214210526315789
"6354","diff2",0.010157894736842
"6355","diff2",-0.000368421052631726
"6356","diff2",0.0312105263157894
"6357","diff2",0.0417368421052631
"6358","diff2",0.0522631578947369
"6359","diff2",0.0259473684210526
"6360","diff2",0.0522631578947369
"6361","diff2",-0.0161578947368421
"6362","diff2",0.0259473684210526
"6363","diff2",0.0522631578947369
"6364","diff2",0.0154210526315788
"6365","diff2",-0.0214210526315789
"6366","diff2",0.131210526315789
"6367","diff2",0.00489473684210513
"6368","diff2",0.0785789473684209
"6369","diff2",0.00489473684210513
"6370","diff2",0.047
"6371","diff2",0.0259473684210526
"6372","diff2",0.0259473684210526
"6373","diff2",0.0259473684210526
"6374","diff2",-0.00563157894736836
"6375","diff2",0.010157894736842
"6376","diff2",0.0943684210526315
"6377","diff2",0.0206842105263157
"6378","diff2",0.0522631578947369
"6379","diff2",0.047
"6380","diff2",-0.0740526315789475
"6381","diff2",0.00489473684210513
"6382","diff2",-0.0161578947368421
"6383","diff2",0.0206842105263157
"6384","diff2",0.0364736842105263
"6385","diff2",0.0312105263157894
"6386","diff2",0.0259473684210526
"6387","diff2",0.0259473684210526
"6388","diff2",0.010157894736842
"6389","diff2",0.0785789473684212
"6390","diff2",0.0575263157894737
"6391","diff2",0.115421052631579
"6392","diff2",0.0154210526315788
"6393","diff2",-0.0161578947368421
"6394","diff2",0.0312105263157894
"6395","diff2",-0.00563157894736836
"6396","diff2",0.010157894736842
"6397","diff2",0.047
"6398","diff2",-0.0108947368421052
"6399","diff2",-0.000368421052631504
"6400","diff2",0.0259473684210526
"6401","diff2",0.0575263157894737
"6402","diff2",0.0206842105263157
"6403","diff2",0.0627894736842106
"6404","diff2",0.0312105263157894
"6405","diff2",0.047
"6406","diff2",0.047
"6407","diff2",0.0312105263157894
"6408","diff2",0.010157894736842
"6409","diff2",0.0206842105263157
"6410","diff2",-0.00563157894736858
"6411","diff2",0.0206842105263157
"6412","diff2",0.0312105263157894
"6413","diff2",0.0891052631578946
"6414","diff2",0.0154210526315788
"6415","diff2",0.0206842105263157
"6416","diff2",0.0575263157894737
"6417","diff2",0.0312105263157894
"6418","diff2",-0.0161578947368421
"6419","diff2",0.010157894736842
"6420","diff2",0.0996315789473684
"6421","diff2",0.0206842105263157
"6422","diff2",0.010157894736842
"6423","diff2",0.010157894736842
"6424","diff2",0.0312105263157894
"6425","diff2",0.0522631578947369
"6426","diff2",0.0575263157894737
"6427","diff2",0.0259473684210526
"6428","diff2",0.0154210526315788
"6429","diff2",0.0154210526315788
"6430","diff2",0.0206842105263157
"6431","diff2",0.0627894736842106
"6432","diff2",0.0417368421052631
"6433","diff2",0.00489473684210513
"6434","diff2",0.0417368421052631
"6435","diff2",0.0522631578947369
"6436","diff2",0.0996315789473684
"6437","diff2",0.0154210526315788
"6438","diff2",0.0312105263157894
"6439","diff2",0.0259473684210526
"6440","diff2",0.0154210526315788
"6441","diff2",0.0154210526315788
"6442","diff2",-0.00563157894736836
"6443","diff2",0.0627894736842106
"6444","diff2",0.0522631578947369
"6445","diff2",-0.0372105263157895
"6446","diff2",0.0733157894736841
"6447","diff2",0.047
"6448","diff2",0.0206842105263157
"6449","diff2",0.0312105263157894
"6450","diff2",0.0522631578947369
"6451","diff2",-0.0530000000000001
"6452","diff2",0.0259473684210526
"6453","diff2",0.0627894736842106
"6454","diff2",0.0575263157894737
"6455","diff2",0.0627894736842106
"6456","diff2",-0.0372105263157895
"6457","diff2",0.0206842105263157
"6458","diff2",0.0154210526315788
"6459","diff2",0.0522631578947369
"6460","diff2",0.0259473684210526
"6461","diff2",0.0154210526315788
"6462","diff2",-0.0108947368421052
"6463","diff2",-0.0319473684210527
"6464","diff2",0.0522631578947369
"6465","diff2",0.0417368421052631
"6466","diff2",0.010157894736842
"6467","diff2",0.047
"6468","diff2",0.0312105263157894
"6469","diff2",0.047
"6470","diff2",0.0417368421052631
"6471","diff2",0.0522631578947369
"6472","diff2",0.0312105263157894
"6473","diff2",-0.000368421052631504
"6474","diff2",0.0312105263157894
"6475","diff2",-0.0372105263157895
"6476","diff2",0.047
"6477","diff2",0.0206842105263157
"6478","diff2",0.00489473684210513
"6479","diff2",0.0575263157894737
"6480","diff2",0.00489473684210513
"6481","diff2",-0.0372105263157895
"6482","diff2",-0.0108947368421052
"6483","diff2",0.0522631578947369
"6484","diff2",0.0154210526315788
"6485","diff2",0.0206842105263157
"6486","diff2",-0.0108947368421052
"6487","diff2",0.0575263157894737
"6488","diff2",0.0206842105263157
"6489","diff2",-0.0424736842105264
"6490","diff2",0.047
"6491","diff2",0.0575263157894737
"6492","diff2",0.0575263157894737
"6493","diff2",0.0154210526315788
"6494","diff2",0.047
"6495","diff2",0.0891052631578946
"6496","diff2",0.0417368421052631
"6497","diff2",0.0312105263157894
"6498","diff2",-0.000368421052631504
"6499","diff2",0.120684210526316
"6500","diff2",0.104894736842105
"6501","diff2",0.0417368421052631
"6502","diff2",-0.000368421052631504
"6503","diff2",0.0206842105263157
"6504","diff2",0.047
"6505","diff2",0.0206842105263157
"6506","diff2",0.0522631578947369
"6507","diff2",0.0259473684210526
"6508","diff2",0.0312105263157894
"6509","diff2",0.0733157894736843
"6510","diff2",0.0417368421052631
"6511","diff2",0.0206842105263157
"6512","diff2",-0.0108947368421052
"6513","diff2",0.0206842105263157
"6514","diff2",0.0522631578947369
"6515","diff2",0.0312105263157894
"6516","diff2",0.0206842105263157
"6517","diff2",0.0259473684210526
"6518","diff2",0.0312105263157894
"6519","diff2",0.0417368421052631
"6520","diff2",0.0627894736842106
"6521","diff2",0.0785789473684209
"6522","diff2",-0.000368421052631504
"6523","diff2",0.047
"6524","diff2",0.047
"6525","diff2",0.0785789473684209
"6526","diff2",0.0575263157894737
"6527","diff2",0.010157894736842
"6528","diff2",0.0522631578947369
"6529","diff2",0.0154210526315788
"6530","diff2",0.0206842105263157
"6531","diff2",0.047
"6532","diff2",0.0996315789473684
"6533","diff2",0.0891052631578946
"6534","diff2",0.0259473684210526
"6535","diff2",0.0259473684210526
"6536","diff2",-0.000368421052631504
"6537","diff2",0.0417368421052631
"6538","diff2",0.0312105263157894
"6539","diff2",0.0312105263157894
"6540","diff2",0.010157894736842
"6541","diff2",0.0417368421052631
"6542","diff2",0.0575263157894737
"6543","diff2",0.0417368421052631
"6544","diff2",0.120684210526316
"6545","diff2",0.0522631578947369
"6546","diff2",0.00489473684210513
"6547","diff2",0.0206842105263157
"6548","diff2",0.0364736842105263
"6549","diff2",0.0522631578947369
"6550","diff2",0.0312105263157894
"6551","diff2",0.010157894736842
"6552","diff2",0.047
"6553","diff2",-0.0108947368421052
"6554","diff2",-0.000368421052631504
"6555","diff2",0.0312105263157894
"6556","diff2",0.0417368421052631
"6557","diff2",0.0522631578947369
"6558","diff2",0.0364736842105263
"6559","diff2",0.0838421052631578
"6560","diff2",-0.0108947368421052
"6561","diff2",0.0312105263157894
"6562","diff2",0.0364736842105263
"6563","diff2",0.0206842105263157
"6564","diff2",0.0206842105263157
"6565","diff2",0.0733157894736843
"6566","diff2",0.047
"6567","diff2",0.0364736842105263
"6568","diff2",0.0417368421052631
"6569","diff2",0.0206842105263157
"6570","diff2",0.0312105263157894
"6571","diff2",0.0627894736842106
"6572","diff2",0.0364736842105263
"6573","diff2",0.0206842105263157
"6574","diff2",-0.0161578947368421
"6575","diff2",0.0838421052631578
"6576","diff2",0.0943684210526315
"6577","diff2",0.0575263157894737
"6578","diff2",0.0575263157894737
"6579","diff2",0.0417368421052631
"6580","diff2",0.0312105263157894
"6581","diff2",0.0522631578947369
"6582","diff2",0.0417368421052631
"6583","diff2",0.0417368421052631
"6584","diff2",0.0312105263157894
"6585","diff2",-0.0424736842105264
"6586","diff2",0.0522631578947369
"6587","diff2",0.0417368421052631
"6588","diff2",0.0627894736842106
"6589","diff2",0.0154210526315788
"6590","diff2",-0.000368421052631504
"6591","diff2",0.0680526315789474
"6592","diff2",0.0575263157894737
"6593","diff2",0.0522631578947369
"6594","diff2",0.0364736842105263
"6595","diff2",-0.000368421052631726
"6596","diff2",0.0627894736842106
"6597","diff2",0.047
"6598","diff2",0.0312105263157894
"6599","diff2",0.047
"6600","diff2",0.0206842105263157
"6601","diff2",0.0680526315789474
"6602","diff2",0.0206842105263157
"6603","diff2",-0.00563157894736836
"6604","diff2",-0.000368421052631504
"6605","diff2",0.0312105263157894
"6606","diff2",0.0154210526315788
"6607","diff2",0.0206842105263157
"6608","diff2",0.0627894736842106
"6609","diff2",0.0575263157894737
"6610","diff2",-0.0161578947368421
"6611","diff2",0.0680526315789474
"6612","diff2",0.0891052631578946
"6613","diff2",-0.00563157894736836
"6614","diff2",0.0417368421052631
"6615","diff2",0.0680526315789474
"6616","diff2",0.0575263157894737
"6617","diff2",-0.00563157894736836
"6618","diff2",-0.000368421052631504
"6619","diff2",0.0206842105263157
"6620","diff2",0.047
"6621","diff2",0.0627894736842106
"6622","diff2",0.0154210526315788
"6623","diff2",0.0364736842105263
"6624","diff2",0.0364736842105263
"6625","diff2",0.0417368421052631
"6626","diff2",0.00489473684210513
"6627","diff2",0.00489473684210513
"6628","diff2",0.0154210526315788
"6629","diff2",0.0206842105263157
"6630","diff2",0.0733157894736841
"6631","diff2",-0.00563157894736836
"6632","diff2",-0.0372105263157895
"6633","diff2",0.0785789473684209
"6634","diff2",0.0680526315789474
"6635","diff2",0.0522631578947369
"6636","diff2",0.0575263157894737
"6637","diff2",0.0154210526315788
"6638","diff2",-0.0319473684210527
"6639","diff2",0.0943684210526315
"6640","diff2",0.0838421052631578
"6641","diff2",0.0206842105263157
"6642","diff2",0.0312105263157894
"6643","diff2",0.0364736842105263
"6644","diff2",0.0364736842105263
"6645","diff2",0.0364736842105263
"6646","diff2",-0.0108947368421052
"6647","diff2",0.0522631578947369
"6648","diff2",0.0943684210526315
"6649","diff2",-0.0319473684210527
"6650","diff2",0.0943684210526315
"6651","diff2",0.0575263157894737
"6652","diff2",0.0312105263157894
"6653","diff2",0.0364736842105263
"6654","diff2",0.0206842105263157
"6655","diff2",0.0943684210526315
"6656","diff2",-0.0108947368421052
"6657","diff2",0.0259473684210526
"6658","diff2",0.0312105263157894
"6659","diff2",0.0312105263157894
"6660","diff2",0.0259473684210526
"6661","diff2",0.0417368421052631
"6662","diff2",0.0627894736842106
"6663","diff2",0.0785789473684212
"6664","diff2",0.0312105263157894
"6665","diff2",0.0312105263157894
"6666","diff2",0.0891052631578946
"6667","diff2",0.0364736842105263
"6668","diff2",0.0522631578947369
"6669","diff2",-0.00563157894736836
"6670","diff2",-0.0477368421052632
"6671","diff2",-0.0108947368421052
"6672","diff2",0.0364736842105263
"6673","diff2",0.0364736842105263
"6674","diff2",-0.0214210526315789
"6675","diff2",-0.0319473684210527
"6676","diff2",0.0364736842105263
"6677","diff2",0.0891052631578946
"6678","diff2",0.0627894736842106
"6679","diff2",0.0575263157894737
"6680","diff2",0.0259473684210526
"6681","diff2",0.0943684210526315
"6682","diff2",0.0259473684210526
"6683","diff2",0.0364736842105263
"6684","diff2",-0.0108947368421052
"6685","diff2",0.104894736842105
"6686","diff2",0.0206842105263157
"6687","diff2",0.0522631578947369
"6688","diff2",-0.000368421052631504
"6689","diff2",0.00489473684210535
"6690","diff2",-0.0477368421052632
"6691","diff2",-0.0214210526315789
"6692","diff2",0.0522631578947369
"6693","diff2",0.104894736842105
"6694","diff2",0.047
"6695","diff2",0.0680526315789474
"6696","diff2",0.0364736842105263
"6697","diff2",0.0154210526315788
"6698","diff2",0.010157894736842
"6699","diff2",0.0364736842105263
"6700","diff2",-0.0635263157894738
"6701","diff2",0.0206842105263157
"6702","diff2",0.0680526315789474
"6703","diff2",0.0838421052631578
"6704","diff2",0.0312105263157894
"6705","diff2",0.0627894736842106
"6706","diff2",-0.0319473684210527
"6707","diff2",0.0575263157894737
"6708","diff2",-0.0108947368421052
"6709","diff2",0.010157894736842
"6710","diff2",0.0259473684210526
"6711","diff2",0.047
"6712","diff2",-0.0108947368421052
"6713","diff2",0.00489473684210513
"6714","diff2",0.0522631578947369
"6715","diff2",0.0259473684210526
"6716","diff2",0.0785789473684212
"6717","diff2",-0.000368421052631504
"6718","diff2",0.0522631578947369
"6719","diff2",0.047
"6720","diff2",0.010157894736842
"6721","diff2",0.0154210526315788
"6722","diff2",0.0364736842105263
"6723","diff2",0.0575263157894737
"6724","diff2",0.0154210526315788
"6725","diff2",0.0312105263157894
"6726","diff2",0.0259473684210526
"6727","diff2",0.0417368421052631
"6728","diff2",0.0733157894736843
"6729","diff2",0.0364736842105263
"6730","diff2",0.0996315789473684
"6731","diff2",0.0417368421052631
"6732","diff2",0.0312105263157894
"6733","diff2",0.0785789473684209
"6734","diff2",0.0522631578947369
"6735","diff2",-0.00563157894736836
"6736","diff2",0.0312105263157894
"6737","diff2",0.00489473684210513
"6738","diff2",0.00489473684210535
"6739","diff2",0.0522631578947369
"6740","diff2",0.0312105263157894
"6741","diff2",0.0417368421052631
"6742","diff2",-0.000368421052631726
"6743","diff2",0.0259473684210526
"6744","diff2",0.0417368421052631
"6745","diff2",0.0364736842105263
"6746","diff2",-0.000368421052631504
"6747","diff2",0.0733157894736843
"6748","diff2",0.0575263157894737
"6749","diff2",0.0259473684210526
"6750","diff2",0.0417368421052631
"6751","diff2",0.0259473684210526
"6752","diff2",0.0838421052631578
"6753","diff2",0.010157894736842
"6754","diff2",0.0733157894736843
"6755","diff2",0.0259473684210526
"6756","diff2",-0.00563157894736836
"6757","diff2",-0.0319473684210527
"6758","diff2",0.010157894736842
"6759","diff2",0.0627894736842106
"6760","diff2",0.0627894736842106
"6761","diff2",0.0154210526315788
"6762","diff2",-0.000368421052631504
"6763","diff2",-0.000368421052631726
"6764","diff2",0.0259473684210526
"6765","diff2",0.0154210526315788
"6766","diff2",0.0996315789473684
"6767","diff2",0.0627894736842106
"6768","diff2",0.0364736842105263
"6769","diff2",0.0733157894736841
"6770","diff2",0.0417368421052631
"6771","diff2",-0.0161578947368421
"6772","diff2",0.0785789473684212
"6773","diff2",0.0785789473684212
"6774","diff2",0.0575263157894737
"6775","diff2",0.0575263157894737
"6776","diff2",0.104894736842105
"6777","diff2",0.010157894736842
"6778","diff2",0.0417368421052631
"6779","diff2",0.047
"6780","diff2",0.00489473684210513
"6781","diff2",0.0575263157894737
"6782","diff2",0.0259473684210526
"6783","diff2",-0.000368421052631504
"6784","diff2",0.0206842105263157
"6785","diff2",0.0522631578947369
"6786","diff2",0.00489473684210535
"6787","diff2",0.0417368421052631
"6788","diff2",0.0206842105263157
"6789","diff2",0.0785789473684212
"6790","diff2",-0.000368421052631504
"6791","diff2",0.0417368421052631
"6792","diff2",0.0522631578947369
"6793","diff2",0.0259473684210526
"6794","diff2",0.010157894736842
"6795","diff2",-0.0214210526315789
"6796","diff2",0.0417368421052631
"6797","diff2",0.0364736842105263
"6798","diff2",0.00489473684210535
"6799","diff2",0.0522631578947369
"6800","diff2",0.0522631578947369
"6801","diff2",-0.0372105263157895
"6802","diff2",0.0312105263157894
"6803","diff2",0.0259473684210526
"6804","diff2",0.0312105263157894
"6805","diff2",0.0154210526315788
"6806","diff2",0.0522631578947369
"6807","diff2",0.047
"6808","diff2",-0.0214210526315789
"6809","diff2",0.0575263157894737
"6810","diff2",0.0627894736842106
"6811","diff2",0.010157894736842
"6812","diff2",0.00489473684210535
"6813","diff2",0.0154210526315788
"6814","diff2",0.0154210526315788
"6815","diff2",-0.00563157894736836
"6816","diff2",-0.00563157894736836
"6817","diff2",0.0417368421052631
"6818","diff2",-0.000368421052631504
"6819","diff2",0.0364736842105263
"6820","diff2",0.0417368421052631
"6821","diff2",-0.0266842105263158
"6822","diff2",0.0575263157894737
"6823","diff2",0.047
"6824","diff2",0.0154210526315788
"6825","diff2",0.0206842105263157
"6826","diff2",0.0522631578947369
"6827","diff2",-0.000368421052631726
"6828","diff2",-0.00563157894736836
"6829","diff2",0.0154210526315788
"6830","diff2",-0.000368421052631504
"6831","diff2",-0.0161578947368421
"6832","diff2",0.0943684210526315
"6833","diff2",0.0154210526315788
"6834","diff2",-0.000368421052631504
"6835","diff2",0.0206842105263157
"6836","diff2",0.0575263157894737
"6837","diff2",0.047
"6838","diff2",0.0259473684210526
"6839","diff2",0.0627894736842106
"6840","diff2",0.047
"6841","diff2",0.047
"6842","diff2",0.00489473684210513
"6843","diff2",0.0417368421052631
"6844","diff2",0.0312105263157894
"6845","diff2",0.083842105263158
"6846","diff2",0.0575263157894737
"6847","diff2",0.00489473684210535
"6848","diff2",-0.0108947368421052
"6849","diff2",0.0733157894736843
"6850","diff2",0.0417368421052631
"6851","diff2",0.0154210526315788
"6852","diff2",-0.0214210526315789
"6853","diff2",0.0312105263157894
"6854","diff2",-0.000368421052631504
"6855","diff2",0.0417368421052631
"6856","diff2",-0.00563157894736836
"6857","diff2",0.0312105263157894
"6858","diff2",-0.0108947368421052
"6859","diff2",0.00489473684210513
"6860","diff2",0.0259473684210526
"6861","diff2",0.010157894736842
"6862","diff2",0.0522631578947369
"6863","diff2",0.0417368421052631
"6864","diff2",0.0154210526315788
"6865","diff2",0.0680526315789474
"6866","diff2",0.0259473684210526
"6867","diff2",-0.0214210526315789
"6868","diff2",0.0259473684210526
"6869","diff2",0.0575263157894737
"6870","diff2",0.00489473684210513
"6871","diff2",0.0785789473684209
"6872","diff2",0.0364736842105263
"6873","diff2",0.0838421052631578
"6874","diff2",0.0364736842105263
"6875","diff2",0.0417368421052631
"6876","diff2",0.0891052631578946
"6877","diff2",0.010157894736842
"6878","diff2",0.0627894736842106
"6879","diff2",0.0154210526315788
"6880","diff2",0.0312105263157894
"6881","diff2",0.0364736842105263
"6882","diff2",0.0154210526315788
"6883","diff2",-0.0319473684210527
"6884","diff2",0.0522631578947369
"6885","diff2",0.0785789473684209
"6886","diff2",0.0259473684210526
"6887","diff2",0.0259473684210526
"6888","diff2",-0.000368421052631504
"6889","diff2",0.0312105263157894
"6890","diff2",0.0312105263157894
"6891","diff2",0.0206842105263157
"6892","diff2",0.0312105263157894
"6893","diff2",0.0259473684210526
"6894","diff2",-0.0214210526315789
"6895","diff2",-0.0424736842105264
"6896","diff2",0.0838421052631578
"6897","diff2",0.0364736842105263
"6898","diff2",0.0312105263157894
"6899","diff2",0.0154210526315788
"6900","diff2",0.010157894736842
"6901","diff2",0.0627894736842106
"6902","diff2",0.131210526315789
"6903","diff2",0.00489473684210513
"6904","diff2",0.00489473684210513
"6905","diff2",0.0522631578947369
"6906","diff2",0.0312105263157894
"6907","diff2",0.0364736842105263
"6908","diff2",0.0364736842105263
"6909","diff2",0.0259473684210526
"6910","diff2",-0.00563157894736836
"6911","diff2",-0.00563157894736836
"6912","diff2",0.0417368421052631
"6913","diff2",-0.0161578947368421
"6914","diff2",0.0154210526315788
"6915","diff2",0.0259473684210526
"6916","diff2",0.0259473684210526
"6917","diff2",0.0417368421052631
"6918","diff2",-0.00563157894736836
"6919","diff2",0.0575263157894737
"6920","diff2",-0.000368421052631504
"6921","diff2",0.0259473684210526
"6922","diff2",-0.0372105263157895
"6923","diff2",0.00489473684210535
"6924","diff2",-0.0319473684210527
"6925","diff2",0.0206842105263157
"6926","diff2",-0.0161578947368421
"6927","diff2",0.0206842105263157
"6928","diff2",0.0627894736842106
"6929","diff2",-0.0161578947368421
"6930","diff2",0.0312105263157894
"6931","diff2",0.0259473684210526
"6932","diff2",0.0206842105263157
"6933","diff2",0.0259473684210526
"6934","diff2",0.0259473684210526
"6935","diff2",0.0364736842105263
"6936","diff2",0.0733157894736843
"6937","diff2",0.0364736842105263
"6938","diff2",-0.00563157894736836
"6939","diff2",0.0154210526315788
"6940","diff2",0.110157894736842
"6941","diff2",0.047
"6942","diff2",0.0733157894736843
"6943","diff2",0.0838421052631578
"6944","diff2",0.047
"6945","diff2",0.0785789473684212
"6946","diff2",0.0522631578947369
"6947","diff2",0.0417368421052631
"6948","diff2",0.0627894736842106
"6949","diff2",0.0312105263157894
"6950","diff2",0.0259473684210526
"6951","diff2",0.0522631578947369
"6952","diff2",0.0522631578947369
"6953","diff2",0.0312105263157894
"6954","diff2",0.0996315789473684
"6955","diff2",0.0733157894736843
"6956","diff2",0.0838421052631578
"6957","diff2",0.0364736842105263
"6958","diff2",0.0733157894736843
"6959","diff2",0.010157894736842
"6960","diff2",0.0522631578947369
"6961","diff2",0.0575263157894737
"6962","diff2",0.0206842105263157
"6963","diff2",0.104894736842105
"6964","diff2",0.047
"6965","diff2",-0.0266842105263158
"6966","diff2",-0.0266842105263158
"6967","diff2",-0.0108947368421052
"6968","diff2",0.0627894736842106
"6969","diff2",0.047
"6970","diff2",-0.00563157894736836
"6971","diff2",0.0627894736842106
"6972","diff2",-0.0319473684210527
"6973","diff2",0.0680526315789474
"6974","diff2",-0.000368421052631726
"6975","diff2",-0.000368421052631726
"6976","diff2",-0.0161578947368421
"6977","diff2",0.0627894736842106
"6978","diff2",-0.0108947368421052
"6979","diff2",0.0206842105263157
"6980","diff2",0.0891052631578946
"6981","diff2",-0.0319473684210527
"6982","diff2",0.0733157894736843
"6983","diff2",0.00489473684210535
"6984","diff2",0.0680526315789474
"6985","diff2",0.0206842105263157
"6986","diff2",-0.0108947368421052
"6987","diff2",0.0259473684210526
"6988","diff2",0.0575263157894737
"6989","diff2",0.0417368421052631
"6990","diff2",0.0259473684210526
"6991","diff2",0.0154210526315788
"6992","diff2",0.0417368421052631
"6993","diff2",-0.0214210526315789
"6994","diff2",-0.0530000000000001
"6995","diff2",0.0522631578947369
"6996","diff2",-0.000368421052631726
"6997","diff2",0.0154210526315788
"6998","diff2",0.047
"6999","diff2",0.0627894736842106
"7000","diff2",0.0575263157894737
"7001","diff2",-0.00563157894736836
"7002","diff2",0.0417368421052631
"7003","diff2",0.0785789473684212
"7004","diff2",0.0312105263157894
"7005","diff2",0.0206842105263157
"7006","diff2",0.0680526315789474
"7007","diff2",0.0733157894736843
"7008","diff2",0.0522631578947369
"7009","diff2",0.0206842105263157
"7010","diff2",0.0417368421052631
"7011","diff2",0.0627894736842106
"7012","diff2",-0.00563157894736836
"7013","diff2",0.00489473684210535
"7014","diff2",0.010157894736842
"7015","diff2",0.0627894736842106
"7016","diff2",0.0417368421052631
"7017","diff2",0.0417368421052631
"7018","diff2",-0.0161578947368421
"7019","diff2",0.047
"7020","diff2",0.0522631578947369
"7021","diff2",0.0733157894736841
"7022","diff2",0.0575263157894737
"7023","diff2",0.0206842105263157
"7024","diff2",0.0312105263157894
"7025","diff2",0.010157894736842
"7026","diff2",0.0312105263157894
"7027","diff2",-0.0266842105263158
"7028","diff2",0.047
"7029","diff2",0.0680526315789474
"7030","diff2",0.0206842105263157
"7031","diff2",0.0206842105263157
"7032","diff2",0.047
"7033","diff2",0.0627894736842106
"7034","diff2",0.0154210526315788
"7035","diff2",0.0627894736842106
"7036","diff2",0.047
"7037","diff2",0.047
"7038","diff2",0.0733157894736843
"7039","diff2",0.0154210526315788
"7040","diff2",0.0891052631578946
"7041","diff2",0.010157894736842
"7042","diff2",-0.000368421052631504
"7043","diff2",0.0364736842105263
"7044","diff2",0.010157894736842
"7045","diff2",0.0364736842105263
"7046","diff2",0.0259473684210526
"7047","diff2",0.0364736842105263
"7048","diff2",-0.0951052631578947
"7049","diff2",0.0575263157894737
"7050","diff2",0.0154210526315788
"7051","diff2",0.047
"7052","diff2",0.0627894736842106
"7053","diff2",0.0206842105263157
"7054","diff2",0.0680526315789474
"7055","diff2",-0.0319473684210527
"7056","diff2",0.0259473684210526
"7057","diff2",0.0417368421052631
"7058","diff2",0.0996315789473684
"7059","diff2",0.0627894736842106
"7060","diff2",-0.0161578947368421
"7061","diff2",0.00489473684210513
"7062","diff2",0.0785789473684212
"7063","diff2",-0.0161578947368421
"7064","diff2",0.0154210526315788
"7065","diff2",0.0417368421052631
"7066","diff2",0.010157894736842
"7067","diff2",-0.000368421052631504
"7068","diff2",0.0785789473684212
"7069","diff2",0.0364736842105263
"7070","diff2",0.0259473684210526
"7071","diff2",0.0364736842105263
"7072","diff2",0.0838421052631578
"7073","diff2",0.0259473684210526
"7074","diff2",0.0364736842105263
"7075","diff2",0.0891052631578946
"7076","diff2",0.0154210526315788
"7077","diff2",0.0417368421052631
"7078","diff2",-0.000368421052631504
"7079","diff2",0.0733157894736843
"7080","diff2",0.00489473684210513
"7081","diff2",0.010157894736842
"7082","diff2",-0.00563157894736858
"7083","diff2",0.010157894736842
"7084","diff2",0.0733157894736843
"7085","diff2",0.0417368421052631
"7086","diff2",0.0364736842105263
"7087","diff2",-0.000368421052631504
"7088","diff2",0.0627894736842106
"7089","diff2",0.0522631578947369
"7090","diff2",0.0312105263157894
"7091","diff2",0.0522631578947369
"7092","diff2",0.0417368421052631
"7093","diff2",0.0943684210526315
"7094","diff2",0.0312105263157894
"7095","diff2",0.0680526315789474
"7096","diff2",0.0627894736842106
"7097","diff2",-0.0108947368421052
"7098","diff2",0.0417368421052631
"7099","diff2",0.0206842105263157
"7100","diff2",0.0364736842105263
"7101","diff2",0.0312105263157894
"7102","diff2",0.0627894736842106
"7103","diff2",-0.0161578947368421
"7104","diff2",0.0364736842105263
"7105","diff2",-0.000368421052631726
"7106","diff2",0.0627894736842106
"7107","diff2",0.0312105263157894
"7108","diff2",0.0206842105263157
"7109","diff2",0.0417368421052631
"7110","diff2",0.0627894736842106
"7111","diff2",0.0522631578947369
"7112","diff2",0.047
"7113","diff2",0.0522631578947369
"7114","diff2",0.047
"7115","diff2",-0.000368421052631504
"7116","diff2",0.0312105263157894
"7117","diff2",0.0417368421052631
"7118","diff2",0.0259473684210526
"7119","diff2",0.0417368421052631
"7120","diff2",0.0312105263157894
"7121","diff2",0.0259473684210526
"7122","diff2",0.0680526315789474
"7123","diff2",0.0680526315789474
"7124","diff2",0.0733157894736841
"7125","diff2",0.0575263157894737
"7126","diff2",0.047
"7127","diff2",0.047
"7128","diff2",0.00489473684210535
"7129","diff2",0.0522631578947369
"7130","diff2",0.0417368421052631
"7131","diff2",0.0364736842105263
"7132","diff2",0.0575263157894737
"7133","diff2",0.0680526315789472
"7134","diff2",0.0101578947368422
"7135","diff2",0.047
"7136","diff2",0.0364736842105263
"7137","diff2",0.0312105263157894
"7138","diff2",0.0680526315789474
"7139","diff2",-0.0372105263157895
"7140","diff2",0.0627894736842106
"7141","diff2",0.010157894736842
"7142","diff2",0.0364736842105263
"7143","diff2",0.0838421052631578
"7144","diff2",-0.0372105263157895
"7145","diff2",0.0364736842105263
"7146","diff2",0.0154210526315788
"7147","diff2",0.010157894736842
"7148","diff2",0.047
"7149","diff2",0.0312105263157894
"7150","diff2",0.0259473684210526
"7151","diff2",0.010157894736842
"7152","diff2",0.0364736842105263
"7153","diff2",0.0417368421052631
"7154","diff2",0.0312105263157894
"7155","diff2",0.0259473684210526
"7156","diff2",0.0680526315789474
"7157","diff2",0.0154210526315788
"7158","diff2",0.010157894736842
"7159","diff2",-0.0687894736842107
"7160","diff2",0.0312105263157894
"7161","diff2",-0.0214210526315789
"7162","diff2",0.0838421052631578
"7163","diff2",0.0312105263157894
"7164","diff2",0.0206842105263157
"7165","diff2",0.0312105263157894
"7166","diff2",-0.0161578947368421
"7167","diff2",0.0417368421052631
"7168","diff2",0.010157894736842
"7169","diff2",-0.0214210526315789
"7170","diff2",0.0364736842105263
"7171","diff2",0.0996315789473684
"7172","diff2",0.0575263157894737
"7173","diff2",-0.00563157894736836
"7174","diff2",0.010157894736842
"7175","diff2",0.0785789473684209
"7176","diff2",-0.0108947368421052
"7177","diff2",0.0206842105263157
"7178","diff2",0.0680526315789474
"7179","diff2",0.047
"7180","diff2",0.115421052631579
"7181","diff2",-0.0372105263157895
"7182","diff2",0.0154210526315788
"7183","diff2",0.0259473684210526
"7184","diff2",0.0680526315789474
"7185","diff2",0.0575263157894737
"7186","diff2",0.010157894736842
"7187","diff2",0.047
"7188","diff2",0.047
"7189","diff2",0.0312105263157894
"7190","diff2",-0.000368421052631504
"7191","diff2",0.0312105263157894
"7192","diff2",-0.0266842105263158
"7193","diff2",0.0627894736842106
"7194","diff2",0.0206842105263157
"7195","diff2",0.0259473684210526
"7196","diff2",-0.0108947368421052
"7197","diff2",0.0733157894736841
"7198","diff2",0.00489473684210513
"7199","diff2",0.0891052631578946
"7200","diff2",0.0154210526315788
"7201","diff2",-0.0266842105263158
"7202","diff2",0.0206842105263157
"7203","diff2",0.0364736842105263
"7204","diff2",0.0680526315789474
"7205","diff2",-0.00563157894736836
"7206","diff2",0.00489473684210513
"7207","diff2",-0.0108947368421052
"7208","diff2",0.0575263157894737
"7209","diff2",0.047
"7210","diff2",0.0522631578947369
"7211","diff2",-0.000368421052631504
"7212","diff2",0.0522631578947369
"7213","diff2",0.0785789473684209
"7214","diff2",0.047
"7215","diff2",0.047
"7216","diff2",0.0785789473684209
"7217","diff2",-0.000368421052631504
"7218","diff2",0.0206842105263157
"7219","diff2",0.0417368421052631
"7220","diff2",0.010157894736842
"7221","diff2",-0.000368421052631504
"7222","diff2",0.0733157894736843
"7223","diff2",-0.0372105263157895
"7224","diff2",0.047
"7225","diff2",0.010157894736842
"7226","diff2",-0.0161578947368421
"7227","diff2",-0.0635263157894738
"7228","diff2",0.0627894736842106
"7229","diff2",0.047
"7230","diff2",0.0259473684210526
"7231","diff2",0.0259473684210526
"7232","diff2",-0.0214210526315789
"7233","diff2",0.0364736842105263
"7234","diff2",0.010157894736842
"7235","diff2",0.00489473684210513
"7236","diff2",-0.000368421052631726
"7237","diff2",0.010157894736842
"7238","diff2",0.0733157894736841
"7239","diff2",0.0733157894736843
"7240","diff2",0.0522631578947369
"7241","diff2",-0.000368421052631726
"7242","diff2",0.010157894736842
"7243","diff2",-0.0108947368421052
"7244","diff2",0.0259473684210526
"7245","diff2",0.010157894736842
"7246","diff2",-0.000368421052631504
"7247","diff2",0.047
"7248","diff2",0.0206842105263157
"7249","diff2",0.0364736842105263
"7250","diff2",-0.0161578947368421
"7251","diff2",0.0417368421052631
"7252","diff2",0.0575263157894737
"7253","diff2",0.0627894736842104
"7254","diff2",0.0364736842105263
"7255","diff2",-0.0108947368421052
"7256","diff2",-0.000368421052631504
"7257","diff2",-0.0477368421052632
"7258","diff2",0.0575263157894737
"7259","diff2",-0.00563157894736836
"7260","diff2",0.010157894736842
"7261","diff2",0.0417368421052631
"7262","diff2",0.0575263157894737
"7263","diff2",0.0522631578947369
"7264","diff2",0.0891052631578946
"7265","diff2",0.0312105263157894
"7266","diff2",0.0312105263157894
"7267","diff2",0.0364736842105263
"7268","diff2",0.0680526315789474
"7269","diff2",0.0206842105263157
"7270","diff2",0.0206842105263157
"7271","diff2",0.0575263157894737
"7272","diff2",0.0312105263157894
"7273","diff2",0.010157894736842
"7274","diff2",0.0417368421052631
"7275","diff2",0.0575263157894737
"7276","diff2",0.0154210526315788
"7277","diff2",-0.0266842105263158
"7278","diff2",0.047
"7279","diff2",0.010157894736842
"7280","diff2",-0.000368421052631726
"7281","diff2",-0.0424736842105264
"7282","diff2",0.0154210526315788
"7283","diff2",0.0680526315789474
"7284","diff2",0.0206842105263157
"7285","diff2",0.0364736842105263
"7286","diff2",0.0206842105263157
"7287","diff2",0.047
"7288","diff2",0.010157894736842
"7289","diff2",0.0206842105263157
"7290","diff2",0.0364736842105263
"7291","diff2",-0.00563157894736836
"7292","diff2",0.0785789473684212
"7293","diff2",-0.000368421052631504
"7294","diff2",0.00489473684210513
"7295","diff2",0.0154210526315788
"7296","diff2",0.0785789473684212
"7297","diff2",0.0259473684210526
"7298","diff2",0.0312105263157894
"7299","diff2",-0.0214210526315789
"7300","diff2",-0.0424736842105264
"7301","diff2",-0.000368421052631504
"7302","diff2",0.0154210526315788
"7303","diff2",0.0575263157894737
"7304","diff2",0.0259473684210526
"7305","diff2",0.0627894736842106
"7306","diff2",0.0154210526315788
"7307","diff2",0.0206842105263157
"7308","diff2",0.010157894736842
"7309","diff2",0.0154210526315788
"7310","diff2",0.0312105263157894
"7311","diff2",0.0417368421052631
"7312","diff2",-0.00563157894736836
"7313","diff2",-0.0372105263157895
"7314","diff2",0.010157894736842
"7315","diff2",0.0364736842105263
"7316","diff2",0.0417368421052631
"7317","diff2",0.00489473684210513
"7318","diff2",0.0312105263157894
"7319","diff2",-0.00563157894736836
"7320","diff2",0.0785789473684209
"7321","diff2",0.0733157894736841
"7322","diff2",0.0733157894736841
"7323","diff2",0.0417368421052631
"7324","diff2",0.0259473684210526
"7325","diff2",0.0312105263157894
"7326","diff2",0.0364736842105263
"7327","diff2",0.0733157894736843
"7328","diff2",0.0417368421052631
"7329","diff2",0.0996315789473684
"7330","diff2",0.0838421052631578
"7331","diff2",0.0522631578947369
"7332","diff2",0.0154210526315788
"7333","diff2",0.0154210526315788
"7334","diff2",-0.000368421052631726
"7335","diff2",0.0785789473684209
"7336","diff2",-0.00563157894736836
"7337","diff2",0.0259473684210526
"7338","diff2",0.0627894736842106
"7339","diff2",0.0312105263157894
"7340","diff2",0.0627894736842106
"7341","diff2",0.0206842105263157
"7342","diff2",0.0206842105263157
"7343","diff2",0.0627894736842106
"7344","diff2",0.0680526315789474
"7345","diff2",0.0680526315789474
"7346","diff2",0.110157894736842
"7347","diff2",-0.0108947368421052
"7348","diff2",-0.0108947368421052
"7349","diff2",0.0154210526315788
"7350","diff2",0.0785789473684209
"7351","diff2",-0.0108947368421052
"7352","diff2",0.0733157894736843
"7353","diff2",0.047
"7354","diff2",0.047
"7355","diff2",-0.000368421052631504
"7356","diff2",0.0627894736842106
"7357","diff2",0.0522631578947369
"7358","diff2",0.0680526315789474
"7359","diff2",0.0943684210526315
"7360","diff2",0.0575263157894737
"7361","diff2",0.0417368421052631
"7362","diff2",-0.0108947368421052
"7363","diff2",0.104894736842105
"7364","diff2",0.010157894736842
"7365","diff2",0.0680526315789474
"7366","diff2",-0.0161578947368421
"7367","diff2",0.0364736842105263
"7368","diff2",0.0206842105263157
"7369","diff2",0.0312105263157894
"7370","diff2",0.0154210526315788
"7371","diff2",0.0312105263157894
"7372","diff2",-0.000368421052631504
"7373","diff2",0.0575263157894737
"7374","diff2",0.0259473684210526
"7375","diff2",-0.0424736842105264
"7376","diff2",0.0575263157894737
"7377","diff2",0.0417368421052631
"7378","diff2",0.0312105263157894
"7379","diff2",0.0154210526315788
"7380","diff2",-0.0108947368421052
"7381","diff2",0.00489473684210513
"7382","diff2",0.0206842105263157
"7383","diff2",0.0259473684210526
"7384","diff2",0.0259473684210526
"7385","diff2",-0.0319473684210527
"7386","diff2",0.0417368421052631
"7387","diff2",0.0838421052631578
"7388","diff2",0.0733157894736841
"7389","diff2",-0.000368421052631504
"7390","diff2",-0.000368421052631504
"7391","diff2",0.0101578947368422
"7392","diff2",0.0154210526315788
"7393","diff2",0.0259473684210526
"7394","diff2",-0.00563157894736836
"7395","diff2",0.0785789473684209
"7396","diff2",0.0733157894736843
"7397","diff2",0.0733157894736843
"7398","diff2",0.0364736842105263
"7399","diff2",0.0417368421052631
"7400","diff2",0.0680526315789474
"7401","diff2",0.0417368421052631
"7402","diff2",0.0259473684210526
"7403","diff2",0.0364736842105263
"7404","diff2",0.010157894736842
"7405","diff2",0.0312105263157894
"7406","diff2",0.0364736842105263
"7407","diff2",0.0154210526315788
"7408","diff2",0.0206842105263157
"7409","diff2",0.0312105263157894
"7410","diff2",0.0206842105263157
"7411","diff2",0.0522631578947369
"7412","diff2",0.083842105263158
"7413","diff2",0.0154210526315788
"7414","diff2",0.0364736842105263
"7415","diff2",0.0154210526315788
"7416","diff2",-0.0266842105263158
"7417","diff2",0.0364736842105263
"7418","diff2",0.0891052631578946
"7419","diff2",-0.000368421052631726
"7420","diff2",0.0785789473684212
"7421","diff2",0.047
"7422","diff2",0.0259473684210526
"7423","diff2",0.0522631578947369
"7424","diff2",0.0364736842105263
"7425","diff2",0.0891052631578946
"7426","diff2",0.0312105263157894
"7427","diff2",0.0575263157894737
"7428","diff2",0.0364736842105263
"7429","diff2",0.010157894736842
"7430","diff2",-0.0161578947368421
"7431","diff2",0.0154210526315788
"7432","diff2",0.0312105263157894
"7433","diff2",0.0417368421052631
"7434","diff2",0.0312105263157894
"7435","diff2",0.0575263157894737
"7436","diff2",0.0154210526315788
"7437","diff2",0.0259473684210526
"7438","diff2",0.0154210526315788
"7439","diff2",0.0312105263157894
"7440","diff2",0.0627894736842106
"7441","diff2",0.0206842105263157
"7442","diff2",0.0627894736842106
"7443","diff2",0.0733157894736843
"7444","diff2",-0.0161578947368421
"7445","diff2",0.0364736842105263
"7446","diff2",0.047
"7447","diff2",-0.0319473684210527
"7448","diff2",0.00489473684210513
"7449","diff2",0.0943684210526315
"7450","diff2",0.0364736842105263
"7451","diff2",0.010157894736842
"7452","diff2",0.0259473684210526
"7453","diff2",0.0364736842105263
"7454","diff2",-0.00563157894736836
"7455","diff2",0.0733157894736843
"7456","diff2",0.0259473684210526
"7457","diff2",-0.000368421052631504
"7458","diff2",0.0627894736842106
"7459","diff2",-0.00563157894736836
"7460","diff2",0.010157894736842
"7461","diff2",0.0522631578947369
"7462","diff2",0.0522631578947369
"7463","diff2",0.010157894736842
"7464","diff2",-0.0108947368421052
"7465","diff2",0.0364736842105263
"7466","diff2",0.0312105263157894
"7467","diff2",0.0364736842105263
"7468","diff2",0.0206842105263157
"7469","diff2",0.0522631578947369
"7470","diff2",0.0680526315789474
"7471","diff2",-0.00563157894736858
"7472","diff2",0.0206842105263157
"7473","diff2",0.0575263157894737
"7474","diff2",0.0575263157894737
"7475","diff2",0.0575263157894737
"7476","diff2",-0.000368421052631504
"7477","diff2",0.0259473684210526
"7478","diff2",0.115421052631579
"7479","diff2",0.0312105263157894
"7480","diff2",-0.0214210526315789
"7481","diff2",0.010157894736842
"7482","diff2",0.0417368421052631
"7483","diff2",-0.00563157894736836
"7484","diff2",0.047
"7485","diff2",0.0364736842105263
"7486","diff2",0.0312105263157894
"7487","diff2",0.0154210526315788
"7488","diff2",0.0154210526315788
"7489","diff2",0.0943684210526315
"7490","diff2",0.00489473684210513
"7491","diff2",0.0575263157894737
"7492","diff2",0.0154210526315788
"7493","diff2",0.0417368421052631
"7494","diff2",0.0154210526315788
"7495","diff2",0.0206842105263157
"7496","diff2",0.0522631578947369
"7497","diff2",0.0522631578947369
"7498","diff2",-0.0266842105263158
"7499","diff2",0.0627894736842106
"7500","diff2",-0.0266842105263158
"7501","diff2",0.0206842105263157
"7502","diff2",0.0312105263157894
"7503","diff2",-0.0108947368421052
"7504","diff2",0.0680526315789474
"7505","diff2",0.0312105263157894
"7506","diff2",0.0364736842105263
"7507","diff2",0.0627894736842106
"7508","diff2",0.0154210526315788
"7509","diff2",0.0154210526315788
"7510","diff2",0.0522631578947369
"7511","diff2",0.0206842105263157
"7512","diff2",0.0627894736842106
"7513","diff2",0.0417368421052631
"7514","diff2",-0.000368421052631504
"7515","diff2",0.0154210526315788
"7516","diff2",0.0785789473684212
"7517","diff2",0.047
"7518","diff2",0.0259473684210526
"7519","diff2",-0.0214210526315789
"7520","diff2",0.0575263157894737
"7521","diff2",-0.00563157894736836
"7522","diff2",0.0417368421052631
"7523","diff2",0.0364736842105263
"7524","diff2",0.0575263157894737
"7525","diff2",-0.0266842105263158
"7526","diff2",-0.000368421052631504
"7527","diff2",0.0575263157894737
"7528","diff2",0.0364736842105263
"7529","diff2",0.0206842105263157
"7530","diff2",0.0417368421052631
"7531","diff2",0.00489473684210513
"7532","diff2",0.0417368421052631
"7533","diff2",-0.0214210526315789
"7534","diff2",0.0627894736842106
"7535","diff2",0.0364736842105263
"7536","diff2",0.0154210526315788
"7537","diff2",0.0417368421052631
"7538","diff2",0.0364736842105263
"7539","diff2",0.0575263157894737
"7540","diff2",0.0733157894736843
"7541","diff2",0.0364736842105263
"7542","diff2",-0.0161578947368421
"7543","diff2",0.0417368421052631
"7544","diff2",0.00489473684210535
"7545","diff2",0.0785789473684209
"7546","diff2",0.0785789473684209
"7547","diff2",0.00489473684210513
"7548","diff2",0.0891052631578946
"7549","diff2",0.0206842105263157
"7550","diff2",0.0522631578947369
"7551","diff2",0.010157894736842
"7552","diff2",0.0838421052631578
"7553","diff2",0.0417368421052631
"7554","diff2",0.0312105263157894
"7555","diff2",0.0364736842105263
"7556","diff2",0.0259473684210526
"7557","diff2",0.047
"7558","diff2",0.0680526315789474
"7559","diff2",0.0522631578947369
"7560","diff2",-0.0214210526315789
"7561","diff2",-0.0108947368421052
"7562","diff2",0.0206842105263157
"7563","diff2",0.047
"7564","diff2",0.047
"7565","diff2",-0.0108947368421052
"7566","diff2",0.0417368421052631
"7567","diff2",-0.00563157894736836
"7568","diff2",-0.0108947368421052
"7569","diff2",0.0575263157894737
"7570","diff2",-0.0161578947368421
"7571","diff2",0.00489473684210513
"7572","diff2",0.0154210526315788
"7573","diff2",0.0312105263157894
"7574","diff2",0.0312105263157894
"7575","diff2",0.0522631578947369
"7576","diff2",0.0206842105263157
"7577","diff2",0.0312105263157894
"7578","diff2",0.010157894736842
"7579","diff2",0.0206842105263157
"7580","diff2",0.0312105263157894
"7581","diff2",0.047
"7582","diff2",-0.0161578947368421
"7583","diff2",0.0364736842105263
"7584","diff2",0.0154210526315788
"7585","diff2",0.0891052631578946
"7586","diff2",0.010157894736842
"7587","diff2",0.0312105263157894
"7588","diff2",0.0206842105263157
"7589","diff2",-0.000368421052631726
"7590","diff2",0.0154210526315788
"7591","diff2",-0.00563157894736858
"7592","diff2",0.00489473684210513
"7593","diff2",0.0312105263157894
"7594","diff2",0.0522631578947369
"7595","diff2",0.0154210526315788
"7596","diff2",0.010157894736842
"7597","diff2",0.0680526315789474
"7598","diff2",0.0364736842105263
"7599","diff2",0.0417368421052631
"7600","diff2",0.00489473684210513
"7601","diff2",-0.0424736842105264
"7602","diff2",0.0259473684210526
"7603","diff2",-0.0161578947368421
"7604","diff2",-0.0266842105263158
"7605","diff2",0.0733157894736843
"7606","diff2",0.0575263157894737
"7607","diff2",0.0522631578947369
"7608","diff2",-0.0108947368421052
"7609","diff2",0.0364736842105263
"7610","diff2",0.0259473684210526
"7611","diff2",-0.000368421052631504
"7612","diff2",0.0154210526315788
"7613","diff2",0.0627894736842106
"7614","diff2",0.0259473684210526
"7615","diff2",0.0680526315789474
"7616","diff2",0.0259473684210526
"7617","diff2",0.0575263157894737
"7618","diff2",-0.0266842105263158
"7619","diff2",-0.0214210526315789
"7620","diff2",0.0154210526315788
"7621","diff2",-0.00563157894736836
"7622","diff2",-0.0108947368421052
"7623","diff2",0.0733157894736843
"7624","diff2",-0.000368421052631504
"7625","diff2",0.0206842105263157
"7626","diff2",-0.0161578947368421
"7627","diff2",0.0206842105263157
"7628","diff2",-0.000368421052631504
"7629","diff2",0.047
"7630","diff2",0.00489473684210513
"7631","diff2",0.047
"7632","diff2",-0.0214210526315789
"7633","diff2",0.0206842105263157
"7634","diff2",0.0733157894736843
"7635","diff2",0.0680526315789474
"7636","diff2",-0.0530000000000001
"7637","diff2",0.0680526315789474
"7638","diff2",0.0364736842105263
"7639","diff2",-0.0108947368421052
"7640","diff2",0.0733157894736843
"7641","diff2",0.0154210526315788
"7642","diff2",0.0996315789473684
"7643","diff2",0.0785789473684209
"7644","diff2",-0.0161578947368421
"7645","diff2",0.0154210526315788
"7646","diff2",0.0680526315789474
"7647","diff2",0.0364736842105263
"7648","diff2",-0.000368421052631504
"7649","diff2",0.047
"7650","diff2",-0.0319473684210527
"7651","diff2",-0.0319473684210527
"7652","diff2",-0.0319473684210527
"7653","diff2",-0.0108947368421052
"7654","diff2",0.0733157894736841
"7655","diff2",0.0312105263157894
"7656","diff2",0.00489473684210513
"7657","diff2",0.0154210526315788
"7658","diff2",-0.00563157894736836
"7659","diff2",0.00489473684210513
"7660","diff2",0.0522631578947369
"7661","diff2",0.0364736842105263
"7662","diff2",0.0891052631578946
"7663","diff2",0.0522631578947369
"7664","diff2",-0.0319473684210527
"7665","diff2",0.00489473684210513
"7666","diff2",0.0575263157894737
"7667","diff2",0.010157894736842
"7668","diff2",0.010157894736842
"7669","diff2",0.00489473684210535
"7670","diff2",0.0312105263157894
"7671","diff2",0.0417368421052631
"7672","diff2",0.0733157894736843
"7673","diff2",0.0522631578947369
"7674","diff2",-0.0214210526315789
"7675","diff2",0.0312105263157894
"7676","diff2",0.0312105263157894
"7677","diff2",0.00489473684210513
"7678","diff2",0.0785789473684209
"7679","diff2",0.0259473684210526
"7680","diff2",0.047
"7681","diff2",0.047
"7682","diff2",0.0680526315789474
"7683","diff2",0.0364736842105263
"7684","diff2",0.0522631578947369
"7685","diff2",0.047
"7686","diff2",0.0575263157894737
"7687","diff2",-0.0266842105263158
"7688","diff2",0.0364736842105263
"7689","diff2",0.0785789473684212
"7690","diff2",0.0891052631578946
"7691","diff2",0.0627894736842106
"7692","diff2",0.0259473684210526
"7693","diff2",0.0785789473684209
"7694","diff2",0.0417368421052631
"7695","diff2",0.0154210526315788
"7696","diff2",0.0312105263157894
"7697","diff2",0.0417368421052631
"7698","diff2",0.010157894736842
"7699","diff2",0.00489473684210513
"7700","diff2",-0.000368421052631726
"7701","diff2",0.0891052631578946
"7702","diff2",0.0312105263157894
"7703","diff2",0.010157894736842
"7704","diff2",0.0259473684210526
"7705","diff2",-0.00563157894736836
"7706","diff2",0.0206842105263157
"7707","diff2",0.0259473684210526
"7708","diff2",0.0364736842105263
"7709","diff2",0.0575263157894737
"7710","diff2",0.0575263157894737
"7711","diff2",0.0206842105263157
"7712","diff2",-0.0477368421052632
"7713","diff2",0.0733157894736843
"7714","diff2",0.0259473684210526
"7715","diff2",0.0312105263157894
"7716","diff2",0.0733157894736843
"7717","diff2",0.0312105263157894
"7718","diff2",0.0259473684210526
"7719","diff2",0.047
"7720","diff2",0.00489473684210535
"7721","diff2",0.047
"7722","diff2",0.0522631578947369
"7723","diff2",0.0522631578947369
"7724","diff2",0.047
"7725","diff2",0.0417368421052631
"7726","diff2",-0.000368421052631504
"7727","diff2",0.0522631578947369
"7728","diff2",0.0206842105263157
"7729","diff2",0.00489473684210513
"7730","diff2",-0.000368421052631504
"7731","diff2",0.0259473684210526
"7732","diff2",-0.0108947368421052
"7733","diff2",0.0312105263157894
"7734","diff2",-0.0108947368421052
"7735","diff2",0.0627894736842106
"7736","diff2",-0.00563157894736836
"7737","diff2",0.0627894736842106
"7738","diff2",0.0522631578947369
"7739","diff2",0.0364736842105263
"7740","diff2",0.0627894736842106
"7741","diff2",0.0417368421052631
"7742","diff2",0.0206842105263157
"7743","diff2",0.0680526315789474
"7744","diff2",0.00489473684210535
"7745","diff2",0.0733157894736843
"7746","diff2",0.00489473684210513
"7747","diff2",0.0733157894736841
"7748","diff2",0.0154210526315788
"7749","diff2",0.0206842105263157
"7750","diff2",0.0312105263157894
"7751","diff2",0.0575263157894737
"7752","diff2",-0.0319473684210527
"7753","diff2",0.010157894736842
"7754","diff2",0.0417368421052631
"7755","diff2",0.0522631578947369
"7756","diff2",0.0259473684210526
"7757","diff2",0.0206842105263157
"7758","diff2",0.0312105263157894
"7759","diff2",0.0312105263157894
"7760","diff2",0.047
"7761","diff2",0.0627894736842106
"7762","diff2",0.00489473684210513
"7763","diff2",0.0522631578947369
"7764","diff2",0.104894736842105
"7765","diff2",-0.000368421052631504
"7766","diff2",0.0364736842105263
"7767","diff2",0.0364736842105263
"7768","diff2",0.0364736842105263
"7769","diff2",0.0206842105263157
"7770","diff2",0.0154210526315788
"7771","diff2",0.0417368421052631
"7772","diff2",0.0785789473684212
"7773","diff2",0.0364736842105263
"7774","diff2",-0.000368421052631504
"7775","diff2",-0.0214210526315789
"7776","diff2",0.0154210526315788
"7777","diff2",0.0417368421052631
"7778","diff2",-0.0214210526315789
"7779","diff2",-0.00563157894736836
"7780","diff2",0.0575263157894737
"7781","diff2",0.0522631578947369
"7782","diff2",0.0154210526315788
"7783","diff2",0.047
"7784","diff2",0.00489473684210513
"7785","diff2",0.0206842105263157
"7786","diff2",0.0154210526315788
"7787","diff2",0.0680526315789474
"7788","diff2",0.115421052631579
"7789","diff2",-0.000368421052631726
"7790","diff2",0.047
"7791","diff2",0.047
"7792","diff2",0.00489473684210535
"7793","diff2",-0.000368421052631504
"7794","diff2",-0.00563157894736836
"7795","diff2",0.0680526315789474
"7796","diff2",-0.0477368421052632
"7797","diff2",0.0417368421052631
"7798","diff2",0.0996315789473684
"7799","diff2",0.0733157894736841
"7800","diff2",0.00489473684210513
"7801","diff2",0.0206842105263157
"7802","diff2",0.0259473684210526
"7803","diff2",0.0417368421052631
"7804","diff2",0.0364736842105263
"7805","diff2",0.0154210526315788
"7806","diff2",0.0575263157894737
"7807","diff2",0.0154210526315788
"7808","diff2",0.0417368421052631
"7809","diff2",0.0733157894736841
"7810","diff2",0.010157894736842
"7811","diff2",0.0259473684210526
"7812","diff2",0.0417368421052631
"7813","diff2",0.0312105263157894
"7814","diff2",0.047
"7815","diff2",0.0522631578947369
"7816","diff2",0.0417368421052631
"7817","diff2",-0.00563157894736836
"7818","diff2",0.0575263157894737
"7819","diff2",0.0680526315789474
"7820","diff2",0.0417368421052631
"7821","diff2",0.0154210526315788
"7822","diff2",0.047
"7823","diff2",0.0364736842105263
"7824","diff2",0.0733157894736843
"7825","diff2",0.0417368421052631
"7826","diff2",0.0417368421052631
"7827","diff2",0.0417368421052631
"7828","diff2",0.0312105263157894
"7829","diff2",0.0364736842105263
"7830","diff2",0.0627894736842106
"7831","diff2",0.0206842105263157
"7832","diff2",-0.00563157894736836
"7833","diff2",0.0154210526315788
"7834","diff2",0.047
"7835","diff2",0.047
"7836","diff2",0.0891052631578946
"7837","diff2",0.00489473684210513
"7838","diff2",0.0259473684210526
"7839","diff2",-0.00563157894736836
"7840","diff2",0.0417368421052631
"7841","diff2",0.047
"7842","diff2",0.0785789473684209
"7843","diff2",0.00489473684210513
"7844","diff2",0.120684210526316
"7845","diff2",0.0627894736842106
"7846","diff2",0.0575263157894737
"7847","diff2",0.0154210526315788
"7848","diff2",0.010157894736842
"7849","diff2",0.00489473684210535
"7850","diff2",0.0838421052631578
"7851","diff2",0.0364736842105263
"7852","diff2",0.00489473684210513
"7853","diff2",0.0417368421052631
"7854","diff2",0.0627894736842106
"7855","diff2",0.00489473684210513
"7856","diff2",0.0522631578947369
"7857","diff2",0.0417368421052631
"7858","diff2",0.0312105263157894
"7859","diff2",0.00489473684210513
"7860","diff2",0.0154210526315788
"7861","diff2",0.00489473684210513
"7862","diff2",0.0312105263157894
"7863","diff2",0.0259473684210526
"7864","diff2",0.0312105263157894
"7865","diff2",0.0943684210526315
"7866","diff2",0.0996315789473684
"7867","diff2",0.0312105263157894
"7868","diff2",-0.00563157894736836
"7869","diff2",0.0575263157894737
"7870","diff2",0.0733157894736843
"7871","diff2",-0.0108947368421052
"7872","diff2",0.0259473684210526
"7873","diff2",0.0417368421052631
"7874","diff2",0.010157894736842
"7875","diff2",0.0417368421052631
"7876","diff2",0.0312105263157894
"7877","diff2",-0.000368421052631504
"7878","diff2",0.010157894736842
"7879","diff2",0.0154210526315788
"7880","diff2",0.047
"7881","diff2",-0.00563157894736836
"7882","diff2",0.0417368421052631
"7883","diff2",0.0259473684210526
"7884","diff2",0.0206842105263157
"7885","diff2",0.047
"7886","diff2",-0.000368421052631504
"7887","diff2",-0.0424736842105264
"7888","diff2",0.0206842105263157
"7889","diff2",0.0627894736842106
"7890","diff2",0.0417368421052631
"7891","diff2",0.0522631578947369
"7892","diff2",-0.0161578947368421
"7893","diff2",0.0733157894736843
"7894","diff2",0.010157894736842
"7895","diff2",0.0364736842105263
"7896","diff2",0.0943684210526315
"7897","diff2",-0.00563157894736836
"7898","diff2",0.0522631578947369
"7899","diff2",0.0627894736842106
"7900","diff2",-0.0108947368421052
"7901","diff2",0.0364736842105263
"7902","diff2",0.0891052631578946
"7903","diff2",0.010157894736842
"7904","diff2",-0.0214210526315789
"7905","diff2",0.0522631578947369
"7906","diff2",-0.00563157894736836
"7907","diff2",0.0154210526315788
"7908","diff2",0.0733157894736843
"7909","diff2",-0.0530000000000001
"7910","diff2",0.0259473684210526
"7911","diff2",-0.000368421052631726
"7912","diff2",0.0575263157894737
"7913","diff2",0.0733157894736843
"7914","diff2",0.0891052631578946
"7915","diff2",0.0838421052631578
"7916","diff2",0.0996315789473684
"7917","diff2",0.104894736842105
"7918","diff2",0.0312105263157894
"7919","diff2",0.0259473684210526
"7920","diff2",0.0575263157894737
"7921","diff2",0.0154210526315788
"7922","diff2",0.0259473684210526
"7923","diff2",0.0417368421052631
"7924","diff2",0.0154210526315788
"7925","diff2",-0.000368421052631504
"7926","diff2",0.0575263157894737
"7927","diff2",-0.000368421052631504
"7928","diff2",0.0417368421052631
"7929","diff2",0.0680526315789474
"7930","diff2",0.047
"7931","diff2",-0.0319473684210527
"7932","diff2",0.0417368421052631
"7933","diff2",-0.0108947368421052
"7934","diff2",0.0259473684210526
"7935","diff2",0.0259473684210526
"7936","diff2",0.0154210526315788
"7937","diff2",-0.000368421052631726
"7938","diff2",-0.00563157894736836
"7939","diff2",0.0575263157894737
"7940","diff2",0.047
"7941","diff2",0.0522631578947369
"7942","diff2",-0.00563157894736836
"7943","diff2",0.047
"7944","diff2",0.00489473684210513
"7945","diff2",0.0733157894736843
"7946","diff2",-0.000368421052631504
"7947","diff2",-0.0424736842105264
"7948","diff2",0.0417368421052631
"7949","diff2",0.0259473684210526
"7950","diff2",0.0943684210526315
"7951","diff2",0.0785789473684212
"7952","diff2",0.0312105263157894
"7953","diff2",0.0575263157894737
"7954","diff2",-0.00563157894736836
"7955","diff2",0.0785789473684212
"7956","diff2",0.0259473684210526
"7957","diff2",0.010157894736842
"7958","diff2",0.0417368421052631
"7959","diff2",0.0417368421052631
"7960","diff2",0.0680526315789474
"7961","diff2",-0.00563157894736836
"7962","diff2",0.00489473684210513
"7963","diff2",0.047
"7964","diff2",0.0575263157894737
"7965","diff2",0.0575263157894737
"7966","diff2",0.0522631578947369
"7967","diff2",0.0101578947368422
"7968","diff2",0.0312105263157894
"7969","diff2",0.0417368421052631
"7970","diff2",0.0154210526315788
"7971","diff2",0.047
"7972","diff2",0.0575263157894737
"7973","diff2",0.0312105263157894
"7974","diff2",0.0522631578947369
"7975","diff2",0.0312105263157894
"7976","diff2",-0.00563157894736836
"7977","diff2",-0.000368421052631504
"7978","diff2",-0.0319473684210527
"7979","diff2",0.0312105263157894
"7980","diff2",0.0522631578947369
"7981","diff2",0.0364736842105263
"7982","diff2",-0.0214210526315789
"7983","diff2",0.0364736842105263
"7984","diff2",0.0943684210526315
"7985","diff2",0.0417368421052631
"7986","diff2",0.0785789473684209
"7987","diff2",0.0575263157894737
"7988","diff2",0.0891052631578946
"7989","diff2",0.0154210526315788
"7990","diff2",0.0312105263157894
"7991","diff2",0.047
"7992","diff2",0.0154210526315788
"7993","diff2",-0.0161578947368421
"7994","diff2",0.0206842105263157
"7995","diff2",0.0312105263157894
"7996","diff2",0.0259473684210526
"7997","diff2",0.0259473684210526
"7998","diff2",0.0680526315789474
"7999","diff2",-0.0372105263157895
"8000","diff2",0.0575263157894737
"8001","diff2",0.0154210526315788
"8002","diff2",0.0838421052631578
"8003","diff2",-0.00563157894736836
"8004","diff2",-0.0161578947368421
"8005","diff2",0.00489473684210513
"8006","diff2",-0.0319473684210527
"8007","diff2",0.0417368421052631
"8008","diff2",0.0891052631578946
"8009","diff2",-0.00563157894736836
"8010","diff2",0.0417368421052631
"8011","diff2",0.0522631578947369
"8012","diff2",-0.0108947368421052
"8013","diff2",0.0417368421052631
"8014","diff2",0.0680526315789474
"8015","diff2",0.0259473684210526
"8016","diff2",-0.0372105263157895
"8017","diff2",0.0154210526315788
"8018","diff2",0.0259473684210526
"8019","diff2",0.115421052631579
"8020","diff2",0.0627894736842106
"8021","diff2",-0.0161578947368421
"8022","diff2",0.0364736842105263
"8023","diff2",-0.0161578947368421
"8024","diff2",0.0627894736842106
"8025","diff2",0.0364736842105263
"8026","diff2",0.0154210526315788
"8027","diff2",0.0733157894736843
"8028","diff2",0.0627894736842106
"8029","diff2",0.0733157894736841
"8030","diff2",0.0417368421052631
"8031","diff2",0.0785789473684212
"8032","diff2",0.0154210526315788
"8033","diff2",0.0206842105263157
"8034","diff2",0.0206842105263157
"8035","diff2",-0.000368421052631504
"8036","diff2",0.00489473684210535
"8037","diff2",0.0259473684210526
"8038","diff2",0.0575263157894737
"8039","diff2",0.0312105263157894
"8040","diff2",0.0259473684210526
"8041","diff2",0.0206842105263157
"8042","diff2",0.0364736842105263
"8043","diff2",0.0680526315789474
"8044","diff2",-0.000368421052631504
"8045","diff2",-0.0161578947368421
"8046","diff2",0.047
"8047","diff2",0.0522631578947369
"8048","diff2",0.0364736842105263
"8049","diff2",0.0154210526315788
"8050","diff2",0.0259473684210526
"8051","diff2",0.010157894736842
"8052","diff2",0.083842105263158
"8053","diff2",0.0259473684210526
"8054","diff2",0.0364736842105263
"8055","diff2",0.0627894736842106
"8056","diff2",0.010157894736842
"8057","diff2",0.0312105263157894
"8058","diff2",-0.0372105263157895
"8059","diff2",0.00489473684210513
"8060","diff2",0.0206842105263157
"8061","diff2",0.0312105263157894
"8062","diff2",0.0733157894736843
"8063","diff2",0.0154210526315788
"8064","diff2",0.0312105263157894
"8065","diff2",0.0733157894736841
"8066","diff2",0.0785789473684212
"8067","diff2",0.0733157894736843
"8068","diff2",0.0680526315789474
"8069","diff2",0.0785789473684212
"8070","diff2",-0.00563157894736836
"8071","diff2",-0.0161578947368421
"8072","diff2",0.0206842105263157
"8073","diff2",-0.0108947368421052
"8074","diff2",0.0259473684210526
"8075","diff2",-0.0161578947368421
"8076","diff2",0.0785789473684209
"8077","diff2",-0.000368421052631726
"8078","diff2",0.047
"8079","diff2",0.0259473684210526
"8080","diff2",0.0680526315789474
"8081","diff2",-0.0214210526315789
"8082","diff2",0.0312105263157894
"8083","diff2",0.0627894736842106
"8084","diff2",0.0312105263157894
"8085","diff2",0.0575263157894737
"8086","diff2",0.0154210526315788
"8087","diff2",-0.0108947368421052
"8088","diff2",0.0417368421052631
"8089","diff2",0.0891052631578946
"8090","diff2",0.0364736842105263
"8091","diff2",0.0259473684210526
"8092","diff2",0.00489473684210535
"8093","diff2",0.010157894736842
"8094","diff2",0.0259473684210526
"8095","diff2",0.00489473684210535
"8096","diff2",0.00489473684210513
"8097","diff2",0.0364736842105263
"8098","diff2",0.047
"8099","diff2",0.0154210526315788
"8100","diff2",0.0575263157894737
"8101","diff2",0.0575263157894737
"8102","diff2",0.0417368421052631
"8103","diff2",0.0312105263157894
"8104","diff2",0.0522631578947369
"8105","diff2",0.0785789473684209
"8106","diff2",0.0575263157894737
"8107","diff2",0.00489473684210513
"8108","diff2",0.010157894736842
"8109","diff2",0.0996315789473684
"8110","diff2",0.0312105263157894
"8111","diff2",0.0206842105263157
"8112","diff2",0.0154210526315788
"8113","diff2",-0.0266842105263158
"8114","diff2",0.0206842105263157
"8115","diff2",0.0680526315789474
"8116","diff2",-0.000368421052631504
"8117","diff2",0.0154210526315788
"8118","diff2",0.0206842105263157
"8119","diff2",0.0891052631578946
"8120","diff2",0.083842105263158
"8121","diff2",0.0259473684210526
"8122","diff2",0.0522631578947369
"8123","diff2",-0.0319473684210527
"8124","diff2",0.0259473684210526
"8125","diff2",0.047
"8126","diff2",0.0522631578947369
"8127","diff2",0.00489473684210513
"8128","diff2",0.0206842105263157
"8129","diff2",0.0154210526315788
"8130","diff2",0.0206842105263157
"8131","diff2",0.0364736842105263
"8132","diff2",0.00489473684210513
"8133","diff2",-0.000368421052631504
"8134","diff2",0.0680526315789474
"8135","diff2",-0.0214210526315789
"8136","diff2",0.0417368421052631
"8137","diff2",0.0312105263157894
"8138","diff2",-0.000368421052631726
"8139","diff2",0.0680526315789474
"8140","diff2",0.0312105263157894
"8141","diff2",0.010157894736842
"8142","diff2",0.0891052631578946
"8143","diff2",0.0996315789473684
"8144","diff2",0.00489473684210513
"8145","diff2",0.0312105263157894
"8146","diff2",0.0417368421052631
"8147","diff2",0.0417368421052631
"8148","diff2",0.0312105263157894
"8149","diff2",0.0364736842105263
"8150","diff2",-0.000368421052631504
"8151","diff2",0.0417368421052631
"8152","diff2",0.0575263157894737
"8153","diff2",0.0259473684210526
"8154","diff2",0.047
"8155","diff2",0.0364736842105263
"8156","diff2",0.0312105263157894
"8157","diff2",-0.0266842105263158
"8158","diff2",0.0522631578947369
"8159","diff2",-0.0214210526315789
"8160","diff2",0.0364736842105263
"8161","diff2",0.0575263157894737
"8162","diff2",0.0575263157894737
"8163","diff2",0.0312105263157894
"8164","diff2",-0.00563157894736836
"8165","diff2",0.0364736842105263
"8166","diff2",0.0417368421052631
"8167","diff2",0.0627894736842106
"8168","diff2",0.0575263157894737
"8169","diff2",0.010157894736842
"8170","diff2",-0.0372105263157895
"8171","diff2",0.047
"8172","diff2",0.0733157894736843
"8173","diff2",0.0259473684210526
"8174","diff2",0.00489473684210513
"8175","diff2",0.0627894736842106
"8176","diff2",-0.00563157894736836
"8177","diff2",0.0259473684210526
"8178","diff2",0.0312105263157894
"8179","diff2",0.0417368421052631
"8180","diff2",0.0154210526315788
"8181","diff2",0.0575263157894737
"8182","diff2",-0.0530000000000001
"8183","diff2",-0.00563157894736836
"8184","diff2",0.0627894736842106
"8185","diff2",-0.0372105263157895
"8186","diff2",-0.000368421052631504
"8187","diff2",-0.00563157894736858
"8188","diff2",0.0627894736842106
"8189","diff2",0.0417368421052631
"8190","diff2",0.0364736842105263
"8191","diff2",0.0417368421052631
"8192","diff2",0.0206842105263157
"8193","diff2",0.0627894736842106
"8194","diff2",0.0364736842105263
"8195","diff2",0.0259473684210526
"8196","diff2",0.0891052631578946
"8197","diff2",0.0996315789473684
"8198","diff2",0.0838421052631578
"8199","diff2",0.047
"8200","diff2",-0.0108947368421052
"8201","diff2",0.0259473684210526
"8202","diff2",0.047
"8203","diff2",-0.0161578947368421
"8204","diff2",0.010157894736842
"8205","diff2",-0.0108947368421052
"8206","diff2",0.083842105263158
"8207","diff2",0.00489473684210513
"8208","diff2",0.0206842105263157
"8209","diff2",0.0627894736842106
"8210","diff2",0.104894736842105
"8211","diff2",0.0154210526315788
"8212","diff2",0.0154210526315788
"8213","diff2",0.0680526315789474
"8214","diff2",0.0838421052631578
"8215","diff2",0.0312105263157894
"8216","diff2",0.0364736842105263
"8217","diff2",0.0364736842105263
"8218","diff2",-0.0266842105263158
"8219","diff2",-0.00563157894736836
"8220","diff2",0.0417368421052631
"8221","diff2",-0.0214210526315789
"8222","diff2",-0.0161578947368421
"8223","diff2",0.0154210526315788
"8224","diff2",-0.0372105263157895
"8225","diff2",0.047
"8226","diff2",0.0522631578947369
"8227","diff2",0.0154210526315788
"8228","diff2",-0.000368421052631504
"8229","diff2",0.010157894736842
"8230","diff2",0.0259473684210526
"8231","diff2",0.0206842105263157
"8232","diff2",0.0943684210526315
"8233","diff2",-0.00563157894736836
"8234","diff2",0.0259473684210526
"8235","diff2",-0.0161578947368421
"8236","diff2",0.0259473684210526
"8237","diff2",0.00489473684210513
"8238","diff2",0.0364736842105263
"8239","diff2",0.0154210526315788
"8240","diff2",-0.00563157894736836
"8241","diff2",-0.0319473684210527
"8242","diff2",0.0522631578947369
"8243","diff2",0.0206842105263157
"8244","diff2",0.0101578947368422
"8245","diff2",-0.000368421052631504
"8246","diff2",0.0785789473684209
"8247","diff2",0.0417368421052631
"8248","diff2",0.00489473684210513
"8249","diff2",0.0417368421052631
"8250","diff2",0.010157894736842
"8251","diff2",0.110157894736842
"8252","diff2",0.0522631578947369
"8253","diff2",-0.00563157894736836
"8254","diff2",0.0417368421052631
"8255","diff2",0.0206842105263157
"8256","diff2",-0.0214210526315789
"8257","diff2",0.0522631578947369
"8258","diff2",-0.0424736842105264
"8259","diff2",0.0206842105263157
"8260","diff2",0.0575263157894737
"8261","diff2",-0.0161578947368421
"8262","diff2",0.0259473684210526
"8263","diff2",-0.000368421052631504
"8264","diff2",0.0838421052631578
"8265","diff2",0.0364736842105263
"8266","diff2",0.0522631578947369
"8267","diff2",0.0680526315789474
"8268","diff2",0.0522631578947369
"8269","diff2",-0.00563157894736836
"8270","diff2",0.0312105263157894
"8271","diff2",0.0154210526315788
"8272","diff2",0.0364736842105263
"8273","diff2",-0.0108947368421052
"8274","diff2",-0.0582631578947369
"8275","diff2",-0.00563157894736836
"8276","diff2",0.0154210526315788
"8277","diff2",0.0575263157894737
"8278","diff2",0.047
"8279","diff2",0.00489473684210513
"8280","diff2",0.0259473684210526
"8281","diff2",-0.00563157894736858
"8282","diff2",0.00489473684210535
"8283","diff2",-0.0530000000000001
"8284","diff2",0.00489473684210513
"8285","diff2",0.0259473684210526
"8286","diff2",0.0312105263157894
"8287","diff2",0.0206842105263157
"8288","diff2",0.0575263157894737
"8289","diff2",0.0417368421052631
"8290","diff2",-0.0214210526315789
"8291","diff2",0.0785789473684212
"8292","diff2",-0.0214210526315789
"8293","diff2",0.047
"8294","diff2",-0.000368421052631504
"8295","diff2",-0.0214210526315789
"8296","diff2",0.0364736842105263
"8297","diff2",0.047
"8298","diff2",-0.00563157894736836
"8299","diff2",0.0785789473684212
"8300","diff2",0.00489473684210513
"8301","diff2",0.0364736842105263
"8302","diff2",0.0417368421052631
"8303","diff2",0.0259473684210526
"8304","diff2",0.047
"8305","diff2",0.0627894736842106
"8306","diff2",0.0154210526315788
"8307","diff2",0.0206842105263157
"8308","diff2",0.0259473684210526
"8309","diff2",0.0417368421052631
"8310","diff2",0.0312105263157894
"8311","diff2",-0.0108947368421052
"8312","diff2",0.0627894736842106
"8313","diff2",0.0259473684210526
"8314","diff2",-0.0319473684210527
"8315","diff2",0.0417368421052631
"8316","diff2",0.0680526315789474
"8317","diff2",0.0259473684210526
"8318","diff2",-0.0214210526315789
"8319","diff2",-0.0108947368421052
"8320","diff2",0.0364736842105263
"8321","diff2",0.047
"8322","diff2",0.0943684210526315
"8323","diff2",0.0206842105263157
"8324","diff2",0.0733157894736843
"8325","diff2",0.0680526315789472
"8326","diff2",0.0680526315789474
"8327","diff2",0.00489473684210513
"8328","diff2",0.0891052631578946
"8329","diff2",0.0154210526315788
"8330","diff2",0.0312105263157894
"8331","diff2",0.0312105263157894
"8332","diff2",0.0417368421052631
"8333","diff2",0.115421052631579
"8334","diff2",0.0206842105263157
"8335","diff2",0.0259473684210526
"8336","diff2",-0.00563157894736836
"8337","diff2",0.010157894736842
"8338","diff2",0.047
"8339","diff2",0.0575263157894737
"8340","diff2",-0.0108947368421052
"8341","diff2",0.0364736842105263
"8342","diff2",-0.0477368421052632
"8343","diff2",0.0838421052631578
"8344","diff2",0.010157894736842
"8345","diff2",0.0206842105263157
"8346","diff2",0.0364736842105263
"8347","diff2",0.0312105263157894
"8348","diff2",0.0575263157894737
"8349","diff2",0.0259473684210526
"8350","diff2",0.0312105263157894
"8351","diff2",0.0259473684210526
"8352","diff2",0.0154210526315788
"8353","diff2",0.0680526315789474
"8354","diff2",0.0733157894736843
"8355","diff2",0.0522631578947369
"8356","diff2",0.0312105263157894
"8357","diff2",-0.000368421052631726
"8358","diff2",0.0154210526315788
"8359","diff2",-0.0214210526315789
"8360","diff2",-0.000368421052631726
"8361","diff2",0.00489473684210513
"8362","diff2",0.0522631578947369
"8363","diff2",-0.0161578947368421
"8364","diff2",0.0364736842105263
"8365","diff2",0.0206842105263157
"8366","diff2",-0.00563157894736836
"8367","diff2",0.0785789473684212
"8368","diff2",0.0154210526315788
"8369","diff2",0.0154210526315788
"8370","diff2",0.047
"8371","diff2",0.0627894736842106
"8372","diff2",0.0364736842105263
"8373","diff2",0.0785789473684212
"8374","diff2",0.0206842105263157
"8375","diff2",0.0259473684210526
"8376","diff2",0.010157894736842
"8377","diff2",0.0312105263157894
"8378","diff2",0.00489473684210513
"8379","diff2",0.0312105263157894
"8380","diff2",0.010157894736842
"8381","diff2",0.010157894736842
"8382","diff2",-0.0161578947368421
"8383","diff2",0.0364736842105263
"8384","diff2",0.0417368421052631
"8385","diff2",0.00489473684210535
"8386","diff2",0.0312105263157894
"8387","diff2",0.00489473684210513
"8388","diff2",0.0154210526315788
"8389","diff2",0.010157894736842
"8390","diff2",-0.00563157894736836
"8391","diff2",-0.00563157894736836
"8392","diff2",0.010157894736842
"8393","diff2",-0.00563157894736836
"8394","diff2",-0.000368421052631504
"8395","diff2",0.0364736842105263
"8396","diff2",0.0522631578947369
"8397","diff2",-0.0424736842105264
"8398","diff2",-0.0214210526315789
"8399","diff2",-0.000368421052631504
"8400","diff2",0.0575263157894737
"8401","diff2",0.047
"8402","diff2",-0.0108947368421052
"8403","diff2",0.0206842105263157
"8404","diff2",0.0206842105263157
"8405","diff2",-0.000368421052631726
"8406","diff2",0.0259473684210526
"8407","diff2",0.0680526315789474
"8408","diff2",0.0575263157894737
"8409","diff2",0.0259473684210526
"8410","diff2",0.0154210526315788
"8411","diff2",0.0733157894736843
"8412","diff2",0.0627894736842106
"8413","diff2",0.0206842105263157
"8414","diff2",0.0575263157894737
"8415","diff2",0.0154210526315788
"8416","diff2",0.0680526315789474
"8417","diff2",-0.0108947368421052
"8418","diff2",0.0312105263157894
"8419","diff2",0.047
"8420","diff2",0.0417368421052631
"8421","diff2",-0.00563157894736836
"8422","diff2",0.0522631578947369
"8423","diff2",0.0627894736842106
"8424","diff2",0.0680526315789474
"8425","diff2",-0.0108947368421052
"8426","diff2",0.0259473684210526
"8427","diff2",-0.0266842105263158
"8428","diff2",0.0206842105263157
"8429","diff2",0.0996315789473684
"8430","diff2",0.010157894736842
"8431","diff2",0.047
"8432","diff2",-0.00563157894736836
"8433","diff2",0.0154210526315788
"8434","diff2",-0.0108947368421052
"8435","diff2",0.0312105263157894
"8436","diff2",-0.0424736842105264
"8437","diff2",0.0522631578947369
"8438","diff2",-0.0161578947368421
"8439","diff2",0.0891052631578946
"8440","diff2",0.047
"8441","diff2",0.0680526315789474
"8442","diff2",-0.00563157894736836
"8443","diff2",0.0627894736842106
"8444","diff2",-0.00563157894736836
"8445","diff2",0.0417368421052631
"8446","diff2",0.00489473684210513
"8447","diff2",0.0154210526315788
"8448","diff2",0.0364736842105263
"8449","diff2",-0.0319473684210527
"8450","diff2",0.0154210526315788
"8451","diff2",0.0522631578947369
"8452","diff2",-0.000368421052631504
"8453","diff2",0.0417368421052631
"8454","diff2",-0.00563157894736836
"8455","diff2",0.00489473684210513
"8456","diff2",0.0259473684210526
"8457","diff2",0.010157894736842
"8458","diff2",0.104894736842105
"8459","diff2",-0.0108947368421052
"8460","diff2",0.00489473684210535
"8461","diff2",0.0522631578947369
"8462","diff2",0.0733157894736841
"8463","diff2",0.00489473684210513
"8464","diff2",0.047
"8465","diff2",0.0154210526315788
"8466","diff2",0.010157894736842
"8467","diff2",0.0417368421052631
"8468","diff2",0.0154210526315788
"8469","diff2",0.0417368421052631
"8470","diff2",0.0364736842105263
"8471","diff2",0.0259473684210526
"8472","diff2",-0.0214210526315789
"8473","diff2",0.0627894736842106
"8474","diff2",0.00489473684210535
"8475","diff2",0.0259473684210526
"8476","diff2",0.0312105263157894
"8477","diff2",0.0417368421052631
"8478","diff2",0.0312105263157894
"8479","diff2",0.047
"8480","diff2",0.0154210526315788
"8481","diff2",0.0522631578947369
"8482","diff2",0.0838421052631578
"8483","diff2",-0.0108947368421052
"8484","diff2",0.0417368421052631
"8485","diff2",0.0312105263157894
"8486","diff2",0.0154210526315788
"8487","diff2",0.0154210526315788
"8488","diff2",0.0259473684210526
"8489","diff2",0.0364736842105263
"8490","diff2",0.0417368421052631
"8491","diff2",0.0838421052631578
"8492","diff2",0.0364736842105263
"8493","diff2",-0.000368421052631504
"8494","diff2",0.0364736842105263
"8495","diff2",0.0733157894736843
"8496","diff2",0.0733157894736843
"8497","diff2",0.010157894736842
"8498","diff2",0.0575263157894737
"8499","diff2",0.104894736842105
"8500","diff2",0.0154210526315788
"8501","diff2",0.0259473684210526
"8502","diff2",-0.0372105263157895
"8503","diff2",0.0417368421052631
"8504","diff2",0.0154210526315788
"8505","diff2",0.0522631578947369
"8506","diff2",0.0627894736842106
"8507","diff2",-0.0161578947368421
"8508","diff2",0.0417368421052631
"8509","diff2",0.0259473684210526
"8510","diff2",0.0364736842105263
"8511","diff2",-0.0266842105263158
"8512","diff2",0.0627894736842106
"8513","diff2",0.0417368421052631
"8514","diff2",0.00489473684210513
"8515","diff2",0.047
"8516","diff2",0.010157894736842
"8517","diff2",0.0838421052631578
"8518","diff2",0.0627894736842106
"8519","diff2",0.0417368421052631
"8520","diff2",0.0785789473684209
"8521","diff2",0.00489473684210513
"8522","diff2",-0.0161578947368421
"8523","diff2",0.0364736842105263
"8524","diff2",0.0206842105263157
"8525","diff2",-0.00563157894736836
"8526","diff2",0.0312105263157894
"8527","diff2",0.0522631578947369
"8528","diff2",-0.0266842105263158
"8529","diff2",0.0312105263157894
"8530","diff2",0.0206842105263157
"8531","diff2",0.0364736842105263
"8532","diff2",0.0627894736842106
"8533","diff2",0.010157894736842
"8534","diff2",0.0680526315789474
"8535","diff2",0.0259473684210526
"8536","diff2",0.0312105263157894
"8537","diff2",0.0417368421052631
"8538","diff2",0.0154210526315788
"8539","diff2",0.0364736842105263
"8540","diff2",0.0575263157894737
"8541","diff2",0.00489473684210513
"8542","diff2",0.00489473684210535
"8543","diff2",-0.0214210526315789
"8544","diff2",-0.0108947368421052
"8545","diff2",0.0206842105263157
"8546","diff2",-0.000368421052631504
"8547","diff2",0.0627894736842106
"8548","diff2",0.0206842105263157
"8549","diff2",0.0259473684210526
"8550","diff2",-0.0108947368421052
"8551","diff2",-0.0266842105263158
"8552","diff2",0.0785789473684212
"8553","diff2",0.0154210526315788
"8554","diff2",0.0522631578947369
"8555","diff2",0.0312105263157894
"8556","diff2",0.0364736842105263
"8557","diff2",0.0943684210526315
"8558","diff2",0.0417368421052631
"8559","diff2",-0.000368421052631726
"8560","diff2",0.0259473684210526
"8561","diff2",0.0154210526315788
"8562","diff2",0.0417368421052631
"8563","diff2",0.0259473684210526
"8564","diff2",0.0312105263157894
"8565","diff2",-0.000368421052631726
"8566","diff2",-0.00563157894736836
"8567","diff2",0.0259473684210526
"8568","diff2",0.010157894736842
"8569","diff2",0.0364736842105263
"8570","diff2",0.115421052631579
"8571","diff2",0.0522631578947369
"8572","diff2",0.0522631578947369
"8573","diff2",0.0680526315789474
"8574","diff2",0.0206842105263157
"8575","diff2",0.0733157894736843
"8576","diff2",0.0417368421052631
"8577","diff2",0.0627894736842106
"8578","diff2",-0.00563157894736836
"8579","diff2",0.0259473684210526
"8580","diff2",-0.0319473684210527
"8581","diff2",0.0417368421052631
"8582","diff2",0.0417368421052631
"8583","diff2",0.0680526315789474
"8584","diff2",0.0206842105263157
"8585","diff2",0.0680526315789474
"8586","diff2",0.0364736842105263
"8587","diff2",0.010157894736842
"8588","diff2",0.0312105263157894
"8589","diff2",0.0101578947368422
"8590","diff2",0.0259473684210526
"8591","diff2",0.0733157894736843
"8592","diff2",-0.000368421052631504
"8593","diff2",0.0627894736842106
"8594","diff2",0.0575263157894737
"8595","diff2",0.0206842105263157
"8596","diff2",0.0733157894736841
"8597","diff2",0.0522631578947369
"8598","diff2",0.0312105263157894
"8599","diff2",0.0259473684210526
"8600","diff2",0.0522631578947369
"8601","diff2",0.00489473684210513
"8602","diff2",0.0206842105263157
"8603","diff2",0.0627894736842106
"8604","diff2",0.0259473684210526
"8605","diff2",0.0417368421052631
"8606","diff2",0.0417368421052631
"8607","diff2",0.0417368421052631
"8608","diff2",0.0417368421052631
"8609","diff2",-0.00563157894736836
"8610","diff2",0.136473684210526
"8611","diff2",0.0417368421052631
"8612","diff2",0.0891052631578946
"8613","diff2",0.010157894736842
"8614","diff2",0.0312105263157894
"8615","diff2",0.0785789473684209
"8616","diff2",0.0522631578947369
"8617","diff2",0.0627894736842106
"8618","diff2",0.010157894736842
"8619","diff2",0.0522631578947369
"8620","diff2",0.0206842105263157
"8621","diff2",0.00489473684210513
"8622","diff2",0.0364736842105263
"8623","diff2",-0.0161578947368421
"8624","diff2",-0.000368421052631504
"8625","diff2",0.0312105263157894
"8626","diff2",-0.000368421052631504
"8627","diff2",0.0943684210526315
"8628","diff2",-0.000368421052631726
"8629","diff2",0.0733157894736841
"8630","diff2",0.0733157894736841
"8631","diff2",0.0154210526315788
"8632","diff2",0.0259473684210526
"8633","diff2",0.0680526315789474
"8634","diff2",0.00489473684210513
"8635","diff2",0.0575263157894737
"8636","diff2",0.0259473684210526
"8637","diff2",0.0627894736842106
"8638","diff2",0.010157894736842
"8639","diff2",-0.0266842105263158
"8640","diff2",0.0154210526315788
"8641","diff2",0.047
"8642","diff2",0.0206842105263157
"8643","diff2",0.0417368421052631
"8644","diff2",0.0154210526315788
"8645","diff2",0.0627894736842106
"8646","diff2",0.0891052631578946
"8647","diff2",0.0733157894736843
"8648","diff2",0.0154210526315788
"8649","diff2",0.0312105263157894
"8650","diff2",-0.0161578947368421
"8651","diff2",-0.0161578947368421
"8652","diff2",-0.0372105263157895
"8653","diff2",0.0154210526315788
"8654","diff2",-0.000368421052631504
"8655","diff2",0.0891052631578946
"8656","diff2",0.010157894736842
"8657","diff2",0.00489473684210513
"8658","diff2",0.0312105263157894
"8659","diff2",0.0259473684210526
"8660","diff2",-0.00563157894736836
"8661","diff2",0.0206842105263157
"8662","diff2",0.0785789473684209
"8663","diff2",0.0627894736842106
"8664","diff2",0.0312105263157894
"8665","diff2",0.0417368421052631
"8666","diff2",0.0312105263157894
"8667","diff2",0.0259473684210526
"8668","diff2",0.0364736842105263
"8669","diff2",0.0312105263157894
"8670","diff2",0.0259473684210526
"8671","diff2",-0.00563157894736836
"8672","diff2",0.047
"8673","diff2",0.0259473684210526
"8674","diff2",0.0259473684210526
"8675","diff2",0.0627894736842106
"8676","diff2",0.010157894736842
"8677","diff2",0.0522631578947369
"8678","diff2",0.047
"8679","diff2",0.0522631578947369
"8680","diff2",0.0259473684210526
"8681","diff2",0.0206842105263157
"8682","diff2",0.0733157894736843
"8683","diff2",0.0627894736842106
"8684","diff2",0.0733157894736843
"8685","diff2",0.0680526315789474
"8686","diff2",-0.0161578947368421
"8687","diff2",0.115421052631579
"8688","diff2",0.0838421052631578
"8689","diff2",0.0259473684210526
"8690","diff2",0.00489473684210513
"8691","diff2",0.047
"8692","diff2",0.047
"8693","diff2",0.0575263157894737
"8694","diff2",0.0417368421052631
"8695","diff2",0.0364736842105263
"8696","diff2",-0.0424736842105264
"8697","diff2",-0.0319473684210527
"8698","diff2",0.010157894736842
"8699","diff2",0.047
"8700","diff2",-0.000368421052631726
"8701","diff2",0.00489473684210513
"8702","diff2",0.0206842105263157
"8703","diff2",0.0575263157894737
"8704","diff2",-0.000368421052631504
"8705","diff2",-0.0108947368421052
"8706","diff2",0.0206842105263157
"8707","diff2",0.0259473684210526
"8708","diff2",0.0838421052631578
"8709","diff2",0.0259473684210526
"8710","diff2",0.0680526315789474
"8711","diff2",0.0943684210526315
"8712","diff2",-0.000368421052631504
"8713","diff2",0.0891052631578946
"8714","diff2",0.0154210526315788
"8715","diff2",0.0312105263157894
"8716","diff2",0.0206842105263157
"8717","diff2",0.0364736842105263
"8718","diff2",-0.0372105263157895
"8719","diff2",-0.0319473684210527
"8720","diff2",0.0680526315789474
"8721","diff2",0.0206842105263157
"8722","diff2",0.0575263157894737
"8723","diff2",-0.0372105263157895
"8724","diff2",0.0154210526315788
"8725","diff2",-0.0161578947368421
"8726","diff2",0.0364736842105263
"8727","diff2",0.0154210526315788
"8728","diff2",0.0575263157894737
"8729","diff2",0.00489473684210535
"8730","diff2",0.0575263157894737
"8731","diff2",-0.000368421052631504
"8732","diff2",0.0627894736842106
"8733","diff2",0.0680526315789474
"8734","diff2",0.0627894736842106
"8735","diff2",-0.000368421052631726
"8736","diff2",0.0522631578947369
"8737","diff2",-0.000368421052631504
"8738","diff2",0.0575263157894737
"8739","diff2",-0.0424736842105264
"8740","diff2",0.0627894736842106
"8741","diff2",0.0259473684210526
"8742","diff2",0.010157894736842
"8743","diff2",0.0733157894736843
"8744","diff2",0.047
"8745","diff2",0.0364736842105263
"8746","diff2",0.00489473684210513
"8747","diff2",0.010157894736842
"8748","diff2",0.010157894736842
"8749","diff2",0.00489473684210513
"8750","diff2",0.120684210526316
"8751","diff2",-0.0108947368421052
"8752","diff2",0.0522631578947369
"8753","diff2",-0.0161578947368421
"8754","diff2",0.0154210526315788
"8755","diff2",-0.0319473684210527
"8756","diff2",0.0627894736842106
"8757","diff2",-0.00563157894736858
"8758","diff2",0.0364736842105263
"8759","diff2",0.0154210526315788
"8760","diff2",0.0154210526315788
"8761","diff2",0.0312105263157894
"8762","diff2",0.0627894736842106
"8763","diff2",0.0364736842105263
"8764","diff2",0.00489473684210513
"8765","diff2",-0.0266842105263158
"8766","diff2",0.047
"8767","diff2",0.0312105263157894
"8768","diff2",-0.0266842105263158
"8769","diff2",0.0838421052631578
"8770","diff2",0.0417368421052631
"8771","diff2",-0.0266842105263158
"8772","diff2",0.047
"8773","diff2",0.0364736842105263
"8774","diff2",0.0891052631578946
"8775","diff2",0.0206842105263157
"8776","diff2",0.0575263157894737
"8777","diff2",0.0101578947368422
"8778","diff2",-0.0161578947368421
"8779","diff2",-0.0214210526315789
"8780","diff2",0.010157894736842
"8781","diff2",0.00489473684210513
"8782","diff2",0.0364736842105263
"8783","diff2",-0.0266842105263158
"8784","diff2",-0.0108947368421052
"8785","diff2",0.0891052631578946
"8786","diff2",0.0154210526315788
"8787","diff2",0.0680526315789474
"8788","diff2",0.047
"8789","diff2",0.0417368421052631
"8790","diff2",0.0154210526315788
"8791","diff2",0.0417368421052631
"8792","diff2",0.0312105263157894
"8793","diff2",0.0154210526315788
"8794","diff2",-0.0214210526315789
"8795","diff2",-0.0108947368421052
"8796","diff2",0.0312105263157894
"8797","diff2",0.0312105263157894
"8798","diff2",-0.00563157894736836
"8799","diff2",0.00489473684210535
"8800","diff2",-0.0161578947368421
"8801","diff2",0.0627894736842106
"8802","diff2",0.0312105263157894
"8803","diff2",0.0891052631578946
"8804","diff2",0.010157894736842
"8805","diff2",0.0575263157894737
"8806","diff2",0.0838421052631578
"8807","diff2",0.0417368421052631
"8808","diff2",0.00489473684210513
"8809","diff2",0.047
"8810","diff2",0.010157894736842
"8811","diff2",0.0417368421052631
"8812","diff2",-0.00563157894736836
"8813","diff2",0.0943684210526315
"8814","diff2",0.0417368421052631
"8815","diff2",0.0733157894736843
"8816","diff2",0.0259473684210526
"8817","diff2",0.010157894736842
"8818","diff2",-0.0319473684210527
"8819","diff2",0.0206842105263157
"8820","diff2",0.0312105263157894
"8821","diff2",0.0154210526315788
"8822","diff2",-0.00563157894736836
"8823","diff2",0.0627894736842106
"8824","diff2",0.00489473684210513
"8825","diff2",0.0154210526315788
"8826","diff2",-0.0372105263157895
"8827","diff2",0.0575263157894737
"8828","diff2",-0.0372105263157895
"8829","diff2",0.0417368421052631
"8830","diff2",0.047
"8831","diff2",-0.0266842105263158
"8832","diff2",0.0891052631578946
"8833","diff2",0.010157894736842
"8834","diff2",0.0312105263157894
"8835","diff2",0.0627894736842106
"8836","diff2",0.0259473684210526
"8837","diff2",-0.0108947368421052
"8838","diff2",0.0206842105263157
"8839","diff2",0.00489473684210513
"8840","diff2",0.0364736842105263
"8841","diff2",0.0364736842105263
"8842","diff2",0.0575263157894737
"8843","diff2",0.047
"8844","diff2",0.0364736842105263
"8845","diff2",-0.0161578947368421
"8846","diff2",0.0206842105263157
"8847","diff2",0.0206842105263157
"8848","diff2",0.010157894736842
"8849","diff2",0.0680526315789474
"8850","diff2",-0.0214210526315789
"8851","diff2",0.010157894736842
"8852","diff2",-0.000368421052631504
"8853","diff2",0.0206842105263157
"8854","diff2",0.0154210526315788
"8855","diff2",0.0206842105263157
"8856","diff2",0.0522631578947369
"8857","diff2",0.0154210526315788
"8858","diff2",0.0522631578947369
"8859","diff2",0.0154210526315788
"8860","diff2",0.00489473684210513
"8861","diff2",0.0838421052631578
"8862","diff2",-0.0108947368421052
"8863","diff2",0.0312105263157894
"8864","diff2",0.00489473684210513
"8865","diff2",-0.000368421052631504
"8866","diff2",0.0733157894736843
"8867","diff2",0.010157894736842
"8868","diff2",0.0891052631578946
"8869","diff2",0.0627894736842106
"8870","diff2",0.010157894736842
"8871","diff2",0.010157894736842
"8872","diff2",-0.0266842105263158
"8873","diff2",0.0312105263157894
"8874","diff2",0.0627894736842106
"8875","diff2",0.0312105263157894
"8876","diff2",0.0575263157894737
"8877","diff2",0.010157894736842
"8878","diff2",0.0417368421052631
"8879","diff2",0.0364736842105263
"8880","diff2",-0.0319473684210527
"8881","diff2",-0.00563157894736836
"8882","diff2",0.0364736842105263
"8883","diff2",-0.0161578947368421
"8884","diff2",0.0943684210526315
"8885","diff2",0.00489473684210513
"8886","diff2",0.0733157894736843
"8887","diff2",0.0364736842105263
"8888","diff2",0.0259473684210526
"8889","diff2",0.0154210526315788
"8890","diff2",0.0206842105263157
"8891","diff2",0.0259473684210526
"8892","diff2",-0.0266842105263158
"8893","diff2",0.0417368421052631
"8894","diff2",0.0312105263157894
"8895","diff2",-0.0214210526315789
"8896","diff2",0.0154210526315788
"8897","diff2",0.0154210526315788
"8898","diff2",0.0627894736842106
"8899","diff2",0.0259473684210526
"8900","diff2",0.0206842105263157
"8901","diff2",0.047
"8902","diff2",0.010157894736842
"8903","diff2",0.0154210526315788
"8904","diff2",-0.000368421052631504
"8905","diff2",0.0259473684210526
"8906","diff2",0.0206842105263157
"8907","diff2",0.047
"8908","diff2",-0.000368421052631504
"8909","diff2",0.0154210526315788
"8910","diff2",0.047
"8911","diff2",0.0522631578947369
"8912","diff2",0.0522631578947369
"8913","diff2",0.0575263157894737
"8914","diff2",0.0154210526315788
"8915","diff2",0.0364736842105263
"8916","diff2",0.0259473684210526
"8917","diff2",-0.0161578947368421
"8918","diff2",0.0312105263157894
"8919","diff2",0.0312105263157894
"8920","diff2",0.0154210526315788
"8921","diff2",0.0627894736842106
"8922","diff2",-0.000368421052631726
"8923","diff2",0.0206842105263157
"8924","diff2",0.0364736842105263
"8925","diff2",0.0733157894736843
"8926","diff2",0.047
"8927","diff2",0.0733157894736841
"8928","diff2",-0.0266842105263158
"8929","diff2",0.0364736842105263
"8930","diff2",0.120684210526316
"8931","diff2",-0.0372105263157895
"8932","diff2",0.010157894736842
"8933","diff2",0.0627894736842106
"8934","diff2",-0.0161578947368421
"8935","diff2",0.0206842105263157
"8936","diff2",0.047
"8937","diff2",0.0417368421052631
"8938","diff2",0.010157894736842
"8939","diff2",0.0575263157894737
"8940","diff2",-0.0108947368421052
"8941","diff2",0.0733157894736843
"8942","diff2",0.0522631578947369
"8943","diff2",-0.000368421052631504
"8944","diff2",-0.000368421052631726
"8945","diff2",0.0943684210526315
"8946","diff2",0.110157894736842
"8947","diff2",-0.0424736842105264
"8948","diff2",0.0206842105263157
"8949","diff2",-0.000368421052631504
"8950","diff2",-0.0214210526315789
"8951","diff2",-0.0108947368421052
"8952","diff2",0.0522631578947369
"8953","diff2",0.0680526315789474
"8954","diff2",-0.0319473684210527
"8955","diff2",0.0364736842105263
"8956","diff2",0.0838421052631578
"8957","diff2",0.0154210526315788
"8958","diff2",0.047
"8959","diff2",-0.000368421052631726
"8960","diff2",0.0259473684210526
"8961","diff2",0.010157894736842
"8962","diff2",0.0575263157894737
"8963","diff2",0.0680526315789474
"8964","diff2",0.047
"8965","diff2",-0.0266842105263158
"8966","diff2",0.0522631578947369
"8967","diff2",0.0417368421052631
"8968","diff2",0.0312105263157894
"8969","diff2",0.0312105263157894
"8970","diff2",-0.0108947368421052
"8971","diff2",0.0627894736842106
"8972","diff2",-0.0108947368421052
"8973","diff2",0.0206842105263157
"8974","diff2",0.0417368421052631
"8975","diff2",0.00489473684210513
"8976","diff2",0.0733157894736841
"8977","diff2",0.0259473684210526
"8978","diff2",0.104894736842105
"8979","diff2",-0.000368421052631504
"8980","diff2",-0.0214210526315789
"8981","diff2",0.0154210526315788
"8982","diff2",0.00489473684210513
"8983","diff2",0.0627894736842106
"8984","diff2",0.131210526315789
"8985","diff2",-0.0372105263157895
"8986","diff2",-0.0319473684210527
"8987","diff2",0.0575263157894737
"8988","diff2",0.0627894736842106
"8989","diff2",0.0259473684210526
"8990","diff2",0.0364736842105263
"8991","diff2",0.0417368421052631
"8992","diff2",-0.0108947368421052
"8993","diff2",0.0417368421052631
"8994","diff2",0.0417368421052631
"8995","diff2",0.0154210526315788
"8996","diff2",0.047
"8997","diff2",0.047
"8998","diff2",-0.000368421052631726
"8999","diff2",0.0522631578947369
"9000","diff2",0.0417368421052631
"9001","diff2",0.0522631578947369
"9002","diff2",0.0312105263157894
"9003","diff2",0.0575263157894737
"9004","diff2",0.0522631578947369
"9005","diff2",-0.0266842105263158
"9006","diff2",0.0312105263157894
"9007","diff2",0.110157894736842
"9008","diff2",0.0575263157894737
"9009","diff2",0.0680526315789474
"9010","diff2",0.0312105263157894
"9011","diff2",-0.000368421052631504
"9012","diff2",0.0312105263157894
"9013","diff2",0.0154210526315788
"9014","diff2",-0.0635263157894738
"9015","diff2",0.0627894736842106
"9016","diff2",0.0154210526315788
"9017","diff2",0.0522631578947369
"9018","diff2",0.0417368421052631
"9019","diff2",0.0575263157894737
"9020","diff2",0.0312105263157894
"9021","diff2",-0.0108947368421052
"9022","diff2",0.0943684210526315
"9023","diff2",0.0838421052631578
"9024","diff2",-0.0424736842105264
"9025","diff2",0.0522631578947369
"9026","diff2",-0.000368421052631726
"9027","diff2",0.010157894736842
"9028","diff2",0.0312105263157894
"9029","diff2",-0.0214210526315789
"9030","diff2",0.0206842105263157
"9031","diff2",0.0364736842105263
"9032","diff2",-0.0108947368421052
"9033","diff2",0.0364736842105263
"9034","diff2",0.0417368421052631
"9035","diff2",0.0154210526315788
"9036","diff2",0.0522631578947369
"9037","diff2",0.0312105263157894
"9038","diff2",0.010157894736842
"9039","diff2",0.0154210526315788
"9040","diff2",-0.000368421052631726
"9041","diff2",0.0680526315789474
"9042","diff2",0.00489473684210513
"9043","diff2",0.0206842105263157
"9044","diff2",0.0627894736842106
"9045","diff2",0.0838421052631578
"9046","diff2",0.0259473684210526
"9047","diff2",0.0364736842105263
"9048","diff2",0.0680526315789474
"9049","diff2",0.0206842105263157
"9050","diff2",0.0259473684210526
"9051","diff2",0.0154210526315788
"9052","diff2",0.0785789473684209
"9053","diff2",0.047
"9054","diff2",0.0627894736842106
"9055","diff2",0.0312105263157894
"9056","diff2",0.0364736842105263
"9057","diff2",-0.00563157894736836
"9058","diff2",0.0364736842105263
"9059","diff2",0.047
"9060","diff2",0.0522631578947369
"9061","diff2",0.0627894736842106
"9062","diff2",-0.0108947368421052
"9063","diff2",0.047
"9064","diff2",0.0417368421052631
"9065","diff2",0.0206842105263157
"9066","diff2",0.0785789473684209
"9067","diff2",0.0312105263157894
"9068","diff2",0.0575263157894737
"9069","diff2",-0.00563157894736836
"9070","diff2",0.0996315789473684
"9071","diff2",0.0891052631578946
"9072","diff2",0.047
"9073","diff2",0.0206842105263157
"9074","diff2",0.0575263157894737
"9075","diff2",-0.0108947368421052
"9076","diff2",0.0259473684210526
"9077","diff2",0.0522631578947369
"9078","diff2",-0.0108947368421052
"9079","diff2",-0.00563157894736836
"9080","diff2",-0.000368421052631504
"9081","diff2",-0.0108947368421052
"9082","diff2",0.0206842105263157
"9083","diff2",0.0627894736842106
"9084","diff2",0.0206842105263157
"9085","diff2",0.010157894736842
"9086","diff2",0.0785789473684212
"9087","diff2",0.0891052631578946
"9088","diff2",0.0575263157894737
"9089","diff2",0.0154210526315788
"9090","diff2",-0.00563157894736836
"9091","diff2",0.0206842105263157
"9092","diff2",-0.00563157894736836
"9093","diff2",-0.00563157894736836
"9094","diff2",-0.0372105263157895
"9095","diff2",0.0575263157894737
"9096","diff2",0.0785789473684209
"9097","diff2",-0.000368421052631726
"9098","diff2",-0.00563157894736836
"9099","diff2",0.0312105263157894
"9100","diff2",0.0154210526315788
"9101","diff2",0.0575263157894737
"9102","diff2",0.0312105263157894
"9103","diff2",0.0733157894736843
"9104","diff2",0.0417368421052631
"9105","diff2",0.047
"9106","diff2",0.0943684210526315
"9107","diff2",0.0627894736842106
"9108","diff2",0.0575263157894737
"9109","diff2",0.0417368421052631
"9110","diff2",-0.00563157894736836
"9111","diff2",-0.000368421052631504
"9112","diff2",0.0627894736842106
"9113","diff2",-0.000368421052631726
"9114","diff2",0.0154210526315788
"9115","diff2",0.0154210526315788
"9116","diff2",0.0733157894736843
"9117","diff2",0.0206842105263157
"9118","diff2",0.0154210526315788
"9119","diff2",0.0733157894736841
"9120","diff2",0.0364736842105263
"9121","diff2",0.0522631578947369
"9122","diff2",0.0154210526315788
"9123","diff2",0.104894736842105
"9124","diff2",0.047
"9125","diff2",-0.0161578947368421
"9126","diff2",0.0627894736842106
"9127","diff2",0.0891052631578946
"9128","diff2",-0.0266842105263158
"9129","diff2",-0.000368421052631504
"9130","diff2",0.0364736842105263
"9131","diff2",0.0312105263157894
"9132","diff2",0.0680526315789474
"9133","diff2",0.0417368421052631
"9134","diff2",0.0627894736842106
"9135","diff2",0.0312105263157894
"9136","diff2",0.00489473684210513
"9137","diff2",0.010157894736842
"9138","diff2",0.0154210526315788
"9139","diff2",0.0733157894736841
"9140","diff2",-0.0108947368421052
"9141","diff2",-0.0108947368421052
"9142","diff2",-0.0214210526315789
"9143","diff2",0.0417368421052631
"9144","diff2",0.00489473684210513
"9145","diff2",0.047
"9146","diff2",0.047
"9147","diff2",-0.00563157894736836
"9148","diff2",-0.00563157894736836
"9149","diff2",-0.00563157894736836
"9150","diff2",-0.000368421052631726
"9151","diff2",0.0206842105263157
"9152","diff2",0.0785789473684209
"9153","diff2",0.0206842105263157
"9154","diff2",0.0417368421052631
"9155","diff2",0.0312105263157894
"9156","diff2",0.0259473684210526
"9157","diff2",0.0154210526315788
"9158","diff2",0.0627894736842106
"9159","diff2",0.0259473684210526
"9160","diff2",0.0312105263157894
"9161","diff2",0.0312105263157894
"9162","diff2",0.0364736842105263
"9163","diff2",0.047
"9164","diff2",0.0575263157894737
"9165","diff2",-0.0635263157894738
"9166","diff2",0.0154210526315788
"9167","diff2",0.0259473684210526
"9168","diff2",0.047
"9169","diff2",0.047
"9170","diff2",0.0680526315789474
"9171","diff2",0.0417368421052631
"9172","diff2",0.0417368421052631
"9173","diff2",0.0785789473684209
"9174","diff2",0.0206842105263157
"9175","diff2",-0.0161578947368421
"9176","diff2",0.0785789473684209
"9177","diff2",0.0364736842105263
"9178","diff2",-0.000368421052631504
"9179","diff2",-0.000368421052631504
"9180","diff2",0.0259473684210526
"9181","diff2",0.00489473684210513
"9182","diff2",0.0154210526315788
"9183","diff2",0.0312105263157894
"9184","diff2",-0.00563157894736858
"9185","diff2",0.010157894736842
"9186","diff2",0.010157894736842
"9187","diff2",0.0680526315789474
"9188","diff2",-0.00563157894736836
"9189","diff2",0.131210526315789
"9190","diff2",0.0259473684210526
"9191","diff2",0.0312105263157894
"9192","diff2",-0.0319473684210527
"9193","diff2",0.0733157894736843
"9194","diff2",0.0154210526315788
"9195","diff2",0.0259473684210526
"9196","diff2",0.0206842105263157
"9197","diff2",0.00489473684210513
"9198","diff2",0.010157894736842
"9199","diff2",0.0417368421052631
"9200","diff2",-0.0214210526315789
"9201","diff2",0.0312105263157894
"9202","diff2",0.0154210526315788
"9203","diff2",0.0891052631578946
"9204","diff2",0.0364736842105263
"9205","diff2",0.010157894736842
"9206","diff2",0.0312105263157894
"9207","diff2",0.0206842105263157
"9208","diff2",-0.000368421052631504
"9209","diff2",0.0312105263157894
"9210","diff2",0.0154210526315788
"9211","diff2",0.0154210526315788
"9212","diff2",0.010157894736842
"9213","diff2",0.0206842105263157
"9214","diff2",-0.0319473684210527
"9215","diff2",0.0364736842105263
"9216","diff2",0.00489473684210535
"9217","diff2",-0.0108947368421052
"9218","diff2",0.0206842105263157
"9219","diff2",-0.0530000000000001
"9220","diff2",0.0575263157894737
"9221","diff2",-0.00563157894736836
"9222","diff2",0.0312105263157894
"9223","diff2",0.0627894736842106
"9224","diff2",0.0259473684210526
"9225","diff2",0.0417368421052631
"9226","diff2",0.0627894736842106
"9227","diff2",0.0891052631578946
"9228","diff2",0.0312105263157894
"9229","diff2",0.047
"9230","diff2",-0.0161578947368421
"9231","diff2",-0.0214210526315789
"9232","diff2",-0.0161578947368421
"9233","diff2",0.0733157894736843
"9234","diff2",0.0522631578947369
"9235","diff2",-0.0161578947368421
"9236","diff2",0.0259473684210526
"9237","diff2",0.0154210526315788
"9238","diff2",0.0417368421052631
"9239","diff2",0.0575263157894737
"9240","diff2",0.0627894736842106
"9241","diff2",-0.0161578947368421
"9242","diff2",0.010157894736842
"9243","diff2",-0.0214210526315789
"9244","diff2",0.0259473684210526
"9245","diff2",0.0206842105263157
"9246","diff2",0.0785789473684209
"9247","diff2",0.047
"9248","diff2",-0.00563157894736836
"9249","diff2",0.0417368421052631
"9250","diff2",0.0522631578947369
"9251","diff2",0.0312105263157894
"9252","diff2",0.0259473684210526
"9253","diff2",0.0575263157894737
"9254","diff2",0.0259473684210526
"9255","diff2",0.00489473684210513
"9256","diff2",0.0417368421052631
"9257","diff2",-0.000368421052631504
"9258","diff2",0.0364736842105263
"9259","diff2",-0.0161578947368421
"9260","diff2",0.0838421052631578
"9261","diff2",0.0417368421052631
"9262","diff2",0.0417368421052631
"9263","diff2",-0.0635263157894738
"9264","diff2",0.0627894736842106
"9265","diff2",0.0364736842105263
"9266","diff2",0.0259473684210526
"9267","diff2",-0.00563157894736836
"9268","diff2",0.0680526315789474
"9269","diff2",0.0733157894736843
"9270","diff2",0.0364736842105263
"9271","diff2",0.0206842105263157
"9272","diff2",0.0417368421052631
"9273","diff2",0.0575263157894737
"9274","diff2",0.0364736842105263
"9275","diff2",0.047
"9276","diff2",0.0838421052631578
"9277","diff2",0.00489473684210513
"9278","diff2",0.104894736842105
"9279","diff2",0.047
"9280","diff2",-0.000368421052631504
"9281","diff2",0.0206842105263157
"9282","diff2",0.0312105263157894
"9283","diff2",0.0259473684210526
"9284","diff2",0.0259473684210526
"9285","diff2",0.0680526315789474
"9286","diff2",0.047
"9287","diff2",0.0206842105263157
"9288","diff2",0.0733157894736843
"9289","diff2",-0.00563157894736858
"9290","diff2",0.0575263157894737
"9291","diff2",-0.000368421052631726
"9292","diff2",0.010157894736842
"9293","diff2",0.00489473684210535
"9294","diff2",0.010157894736842
"9295","diff2",-0.0266842105263158
"9296","diff2",0.0206842105263157
"9297","diff2",-0.00563157894736836
"9298","diff2",-0.00563157894736836
"9299","diff2",0.0627894736842106
"9300","diff2",0.0312105263157894
"9301","diff2",0.0733157894736843
"9302","diff2",0.047
"9303","diff2",0.0627894736842106
"9304","diff2",0.010157894736842
"9305","diff2",0.00489473684210535
"9306","diff2",-0.0319473684210527
"9307","diff2",0.047
"9308","diff2",0.0364736842105263
"9309","diff2",0.0312105263157894
"9310","diff2",0.00489473684210513
"9311","diff2",-0.0372105263157895
"9312","diff2",0.0312105263157894
"9313","diff2",0.047
"9314","diff2",0.0154210526315788
"9315","diff2",0.0575263157894737
"9316","diff2",0.0627894736842106
"9317","diff2",0.0417368421052631
"9318","diff2",0.010157894736842
"9319","diff2",0.0154210526315788
"9320","diff2",0.0627894736842106
"9321","diff2",0.0575263157894737
"9322","diff2",0.0627894736842106
"9323","diff2",0.0891052631578946
"9324","diff2",0.010157894736842
"9325","diff2",-0.00563157894736836
"9326","diff2",0.0154210526315788
"9327","diff2",0.010157894736842
"9328","diff2",0.0259473684210526
"9329","diff2",0.0627894736842106
"9330","diff2",-0.000368421052631726
"9331","diff2",0.0259473684210526
"9332","diff2",-0.000368421052631504
"9333","diff2",0.0154210526315788
"9334","diff2",-0.00563157894736858
"9335","diff2",0.0417368421052631
"9336","diff2",0.00489473684210513
"9337","diff2",0.0364736842105263
"9338","diff2",0.0312105263157894
"9339","diff2",0.0312105263157894
"9340","diff2",0.0312105263157894
"9341","diff2",0.0259473684210526
"9342","diff2",0.0364736842105263
"9343","diff2",0.0206842105263157
"9344","diff2",0.0154210526315788
"9345","diff2",0.00489473684210513
"9346","diff2",0.0259473684210526
"9347","diff2",0.00489473684210535
"9348","diff2",0.0154210526315788
"9349","diff2",0.0575263157894737
"9350","diff2",-0.0161578947368421
"9351","diff2",-0.0266842105263158
"9352","diff2",0.047
"9353","diff2",-0.0108947368421052
"9354","diff2",0.0575263157894737
"9355","diff2",0.0627894736842106
"9356","diff2",-0.0108947368421052
"9357","diff2",0.0312105263157894
"9358","diff2",0.0522631578947369
"9359","diff2",-0.0108947368421052
"9360","diff2",0.0522631578947369
"9361","diff2",0.0154210526315788
"9362","diff2",0.0312105263157894
"9363","diff2",0.0627894736842106
"9364","diff2",-0.0161578947368421
"9365","diff2",0.0575263157894737
"9366","diff2",0.0522631578947369
"9367","diff2",0.0522631578947369
"9368","diff2",0.0680526315789474
"9369","diff2",0.0206842105263157
"9370","diff2",0.0733157894736843
"9371","diff2",0.0522631578947369
"9372","diff2",-0.00563157894736836
"9373","diff2",-0.0372105263157895
"9374","diff2",0.0206842105263157
"9375","diff2",0.00489473684210513
"9376","diff2",0.0733157894736843
"9377","diff2",0.0206842105263157
"9378","diff2",-0.000368421052631504
"9379","diff2",0.0680526315789474
"9380","diff2",0.0364736842105263
"9381","diff2",0.0364736842105263
"9382","diff2",-0.00563157894736836
"9383","diff2",0.047
"9384","diff2",-0.0319473684210527
"9385","diff2",0.0259473684210526
"9386","diff2",0.0364736842105263
"9387","diff2",0.047
"9388","diff2",-0.0108947368421052
"9389","diff2",-0.000368421052631504
"9390","diff2",0.104894736842105
"9391","diff2",0.0364736842105263
"9392","diff2",0.010157894736842
"9393","diff2",0.0259473684210526
"9394","diff2",0.00489473684210513
"9395","diff2",0.0364736842105263
"9396","diff2",0.0522631578947369
"9397","diff2",0.0312105263157894
"9398","diff2",0.00489473684210513
"9399","diff2",0.0522631578947369
"9400","diff2",0.0522631578947369
"9401","diff2",0.0627894736842106
"9402","diff2",0.0259473684210526
"9403","diff2",0.0206842105263157
"9404","diff2",0.0312105263157894
"9405","diff2",-0.0161578947368421
"9406","diff2",0.0522631578947369
"9407","diff2",-0.000368421052631504
"9408","diff2",0.0522631578947369
"9409","diff2",0.010157894736842
"9410","diff2",0.0259473684210526
"9411","diff2",0.0364736842105263
"9412","diff2",0.0206842105263157
"9413","diff2",0.00489473684210513
"9414","diff2",0.047
"9415","diff2",0.0575263157894737
"9416","diff2",0.0206842105263157
"9417","diff2",0.0733157894736841
"9418","diff2",0.010157894736842
"9419","diff2",0.0206842105263157
"9420","diff2",0.0575263157894737
"9421","diff2",0.0259473684210526
"9422","diff2",0.0522631578947369
"9423","diff2",0.0364736842105263
"9424","diff2",0.0154210526315788
"9425","diff2",0.0680526315789474
"9426","diff2",0.0364736842105263
"9427","diff2",0.047
"9428","diff2",0.0259473684210526
"9429","diff2",0.0943684210526315
"9430","diff2",0.00489473684210513
"9431","diff2",0.0364736842105263
"9432","diff2",0.0259473684210526
"9433","diff2",0.0259473684210526
"9434","diff2",0.0785789473684209
"9435","diff2",0.0680526315789474
"9436","diff2",0.0733157894736841
"9437","diff2",0.0259473684210526
"9438","diff2",-0.0372105263157895
"9439","diff2",0.047
"9440","diff2",0.0785789473684212
"9441","diff2",0.0575263157894737
"9442","diff2",-0.0108947368421052
"9443","diff2",0.0417368421052631
"9444","diff2",0.110157894736842
"9445","diff2",0.0680526315789474
"9446","diff2",0.0312105263157894
"9447","diff2",-0.000368421052631504
"9448","diff2",0.0733157894736841
"9449","diff2",-0.0214210526315789
"9450","diff2",0.010157894736842
"9451","diff2",0.0417368421052631
"9452","diff2",0.115421052631579
"9453","diff2",0.0417368421052631
"9454","diff2",0.0522631578947369
"9455","diff2",-0.0319473684210527
"9456","diff2",0.0522631578947369
"9457","diff2",0.0522631578947369
"9458","diff2",0.010157894736842
"9459","diff2",0.00489473684210513
"9460","diff2",-0.00563157894736836
"9461","diff2",0.0522631578947369
"9462","diff2",0.047
"9463","diff2",0.0154210526315788
"9464","diff2",-0.0161578947368421
"9465","diff2",0.0312105263157894
"9466","diff2",0.00489473684210513
"9467","diff2",0.047
"9468","diff2",-0.000368421052631504
"9469","diff2",0.0206842105263157
"9470","diff2",0.0312105263157894
"9471","diff2",0.0154210526315788
"9472","diff2",0.047
"9473","diff2",0.0206842105263157
"9474","diff2",0.0259473684210526
"9475","diff2",0.0575263157894737
"9476","diff2",-0.0161578947368421
"9477","diff2",0.0364736842105263
"9478","diff2",0.0785789473684212
"9479","diff2",0.047
"9480","diff2",0.0312105263157894
"9481","diff2",0.0522631578947369
"9482","diff2",0.0206842105263157
"9483","diff2",0.0996315789473684
"9484","diff2",0.0259473684210526
"9485","diff2",0.0206842105263157
"9486","diff2",0.0312105263157894
"9487","diff2",0.00489473684210513
"9488","diff2",0.0259473684210526
"9489","diff2",0.0364736842105263
"9490","diff2",0.010157894736842
"9491","diff2",0.0943684210526315
"9492","diff2",0.0733157894736843
"9493","diff2",0.0154210526315788
"9494","diff2",0.0785789473684209
"9495","diff2",-0.000368421052631504
"9496","diff2",0.0206842105263157
"9497","diff2",0.0680526315789474
"9498","diff2",-0.0108947368421052
"9499","diff2",0.010157894736842
"9500","diff2",0.0259473684210526
"9501","diff2",-0.0372105263157895
"9502","diff2",-0.0214210526315789
"9503","diff2",0.0312105263157894
"9504","diff2",0.0206842105263157
"9505","diff2",-0.0319473684210527
"9506","diff2",-0.0214210526315789
"9507","diff2",0.0522631578947369
"9508","diff2",0.047
"9509","diff2",0.0522631578947369
"9510","diff2",0.0206842105263157
"9511","diff2",0.00489473684210535
"9512","diff2",0.0627894736842106
"9513","diff2",0.00489473684210535
"9514","diff2",0.0206842105263157
"9515","diff2",0.0417368421052631
"9516","diff2",0.047
"9517","diff2",0.0891052631578946
"9518","diff2",0.0259473684210526
"9519","diff2",0.0312105263157894
"9520","diff2",0.010157894736842
"9521","diff2",0.0154210526315788
"9522","diff2",0.00489473684210535
"9523","diff2",0.0364736842105263
"9524","diff2",0.0154210526315788
"9525","diff2",0.047
"9526","diff2",0.0417368421052631
"9527","diff2",0.0364736842105263
"9528","diff2",0.0417368421052631
"9529","diff2",0.0417368421052631
"9530","diff2",0.0522631578947369
"9531","diff2",0.0417368421052631
"9532","diff2",0.0259473684210526
"9533","diff2",0.0785789473684212
"9534","diff2",-0.000368421052631726
"9535","diff2",0.0259473684210526
"9536","diff2",0.0206842105263157
"9537","diff2",0.0364736842105263
"9538","diff2",0.0627894736842106
"9539","diff2",0.047
"9540","diff2",0.0259473684210526
"9541","diff2",-0.00563157894736836
"9542","diff2",0.0154210526315788
"9543","diff2",0.0364736842105263
"9544","diff2",-0.000368421052631504
"9545","diff2",0.00489473684210513
"9546","diff2",0.0575263157894737
"9547","diff2",-0.0477368421052632
"9548","diff2",0.0785789473684212
"9549","diff2",0.0417368421052631
"9550","diff2",0.047
"9551","diff2",-0.00563157894736858
"9552","diff2",0.0891052631578946
"9553","diff2",0.0522631578947369
"9554","diff2",0.0154210526315788
"9555","diff2",0.0575263157894737
"9556","diff2",0.115421052631579
"9557","diff2",0.010157894736842
"9558","diff2",0.010157894736842
"9559","diff2",0.0733157894736843
"9560","diff2",-0.00563157894736836
"9561","diff2",0.0259473684210526
"9562","diff2",-0.000368421052631726
"9563","diff2",-0.0161578947368421
"9564","diff2",-0.0214210526315789
"9565","diff2",0.0733157894736841
"9566","diff2",0.0364736842105263
"9567","diff2",0.0364736842105263
"9568","diff2",0.0154210526315788
"9569","diff2",0.0417368421052631
"9570","diff2",0.0154210526315788
"9571","diff2",0.010157894736842
"9572","diff2",0.0575263157894737
"9573","diff2",0.0154210526315788
"9574","diff2",0.0259473684210526
"9575","diff2",0.0575263157894737
"9576","diff2",0.0891052631578946
"9577","diff2",0.0364736842105263
"9578","diff2",0.0785789473684209
"9579","diff2",0.0575263157894737
"9580","diff2",0.0522631578947369
"9581","diff2",0.0680526315789474
"9582","diff2",0.0364736842105263
"9583","diff2",0.0364736842105263
"9584","diff2",0.0891052631578946
"9585","diff2",0.0785789473684212
"9586","diff2",0.0312105263157894
"9587","diff2",0.0364736842105263
"9588","diff2",0.0733157894736843
"9589","diff2",0.0364736842105263
"9590","diff2",0.0259473684210526
"9591","diff2",0.0417368421052631
"9592","diff2",-0.0266842105263158
"9593","diff2",0.0259473684210526
"9594","diff2",-0.00563157894736836
"9595","diff2",0.0575263157894737
"9596","diff2",0.0206842105263157
"9597","diff2",-0.0266842105263158
"9598","diff2",0.0364736842105263
"9599","diff2",0.0575263157894737
"9600","diff2",0.0259473684210526
"9601","diff2",-0.0161578947368421
"9602","diff2",0.0680526315789474
"9603","diff2",0.00489473684210535
"9604","diff2",0.0364736842105263
"9605","diff2",0.0154210526315788
"9606","diff2",-0.000368421052631504
"9607","diff2",0.0417368421052631
"9608","diff2",0.010157894736842
"9609","diff2",0.0312105263157894
"9610","diff2",0.00489473684210513
"9611","diff2",0.0522631578947369
"9612","diff2",0.0364736842105263
"9613","diff2",0.047
"9614","diff2",-0.00563157894736836
"9615","diff2",0.0417368421052631
"9616","diff2",0.0575263157894737
"9617","diff2",-0.0108947368421052
"9618","diff2",0.0206842105263157
"9619","diff2",0.0522631578947369
"9620","diff2",0.0996315789473684
"9621","diff2",-0.000368421052631504
"9622","diff2",0.0364736842105263
"9623","diff2",0.0364736842105263
"9624","diff2",0.0627894736842106
"9625","diff2",-0.0161578947368421
"9626","diff2",-0.0108947368421052
"9627","diff2",0.047
"9628","diff2",0.0417368421052631
"9629","diff2",0.0364736842105263
"9630","diff2",0.0259473684210526
"9631","diff2",-0.000368421052631726
"9632","diff2",0.0154210526315788
"9633","diff2",0.0312105263157894
"9634","diff2",0.0680526315789474
"9635","diff2",0.0154210526315788
"9636","diff2",0.00489473684210513
"9637","diff2",0.0627894736842106
"9638","diff2",-0.0214210526315789
"9639","diff2",0.0785789473684212
"9640","diff2",-0.0161578947368421
"9641","diff2",0.0259473684210526
"9642","diff2",0.0680526315789474
"9643","diff2",-0.000368421052631726
"9644","diff2",0.0206842105263157
"9645","diff2",0.0575263157894737
"9646","diff2",0.0206842105263157
"9647","diff2",0.0680526315789474
"9648","diff2",-0.0161578947368421
"9649","diff2",0.047
"9650","diff2",0.0206842105263157
"9651","diff2",0.0417368421052631
"9652","diff2",-0.0372105263157895
"9653","diff2",0.0575263157894737
"9654","diff2",0.047
"9655","diff2",-0.00563157894736836
"9656","diff2",0.0575263157894737
"9657","diff2",0.010157894736842
"9658","diff2",0.0785789473684209
"9659","diff2",-0.000368421052631504
"9660","diff2",0.0891052631578946
"9661","diff2",-0.0266842105263158
"9662","diff2",0.0417368421052631
"9663","diff2",-0.0108947368421052
"9664","diff2",0.047
"9665","diff2",0.0154210526315788
"9666","diff2",0.0417368421052631
"9667","diff2",0.0259473684210526
"9668","diff2",0.0206842105263157
"9669","diff2",0.010157894736842
"9670","diff2",0.0259473684210526
"9671","diff2",0.0838421052631578
"9672","diff2",-0.0108947368421052
"9673","diff2",0.00489473684210513
"9674","diff2",0.010157894736842
"9675","diff2",0.0733157894736841
"9676","diff2",0.0364736842105263
"9677","diff2",-0.0214210526315789
"9678","diff2",-0.0161578947368421
"9679","diff2",-0.000368421052631726
"9680","diff2",0.00489473684210535
"9681","diff2",0.0575263157894737
"9682","diff2",0.0259473684210526
"9683","diff2",0.0575263157894737
"9684","diff2",0.0680526315789474
"9685","diff2",0.0575263157894737
"9686","diff2",0.0154210526315788
"9687","diff2",-0.0266842105263158
"9688","diff2",0.010157894736842
"9689","diff2",0.0733157894736843
"9690","diff2",0.0259473684210526
"9691","diff2",0.0838421052631578
"9692","diff2",0.047
"9693","diff2",-0.000368421052631504
"9694","diff2",0.0364736842105263
"9695","diff2",0.0575263157894737
"9696","diff2",0.047
"9697","diff2",0.0575263157894737
"9698","diff2",-0.00563157894736836
"9699","diff2",-0.000368421052631726
"9700","diff2",0.00489473684210535
"9701","diff2",0.0206842105263157
"9702","diff2",0.0417368421052631
"9703","diff2",-0.0372105263157895
"9704","diff2",-0.0161578947368421
"9705","diff2",-0.0319473684210527
"9706","diff2",0.0364736842105263
"9707","diff2",0.120684210526316
"9708","diff2",0.0154210526315788
"9709","diff2",-0.000368421052631726
"9710","diff2",0.0522631578947369
"9711","diff2",0.0996315789473684
"9712","diff2",0.00489473684210513
"9713","diff2",-0.00563157894736836
"9714","diff2",0.0312105263157894
"9715","diff2",0.0680526315789474
"9716","diff2",0.0417368421052631
"9717","diff2",0.0627894736842106
"9718","diff2",-0.00563157894736836
"9719","diff2",0.0154210526315788
"9720","diff2",0.047
"9721","diff2",0.0417368421052631
"9722","diff2",-0.0214210526315789
"9723","diff2",-0.000368421052631504
"9724","diff2",0.0364736842105263
"9725","diff2",0.0627894736842106
"9726","diff2",0.0522631578947369
"9727","diff2",0.0627894736842106
"9728","diff2",0.0259473684210526
"9729","diff2",-0.000368421052631504
"9730","diff2",0.047
"9731","diff2",0.047
"9732","diff2",0.0680526315789474
"9733","diff2",-0.000368421052631504
"9734","diff2",0.0154210526315788
"9735","diff2",0.0627894736842106
"9736","diff2",-0.0108947368421052
"9737","diff2",-0.0108947368421052
"9738","diff2",0.0206842105263157
"9739","diff2",-0.0214210526315789
"9740","diff2",-0.00563157894736836
"9741","diff2",0.0364736842105263
"9742","diff2",0.0312105263157894
"9743","diff2",0.0733157894736843
"9744","diff2",-0.0319473684210527
"9745","diff2",0.0943684210526315
"9746","diff2",0.0259473684210526
"9747","diff2",-0.0687894736842107
"9748","diff2",0.0312105263157894
"9749","diff2",0.0575263157894737
"9750","diff2",0.0417368421052631
"9751","diff2",0.0996315789473684
"9752","diff2",0.0417368421052631
"9753","diff2",-0.0108947368421052
"9754","diff2",0.0627894736842106
"9755","diff2",0.0154210526315788
"9756","diff2",0.0312105263157894
"9757","diff2",0.0154210526315788
"9758","diff2",0.047
"9759","diff2",0.00489473684210535
"9760","diff2",0.047
"9761","diff2",0.0259473684210526
"9762","diff2",0.0154210526315788
"9763","diff2",0.0627894736842104
"9764","diff2",-0.00563157894736836
"9765","diff2",0.0154210526315788
"9766","diff2",0.0312105263157894
"9767","diff2",0.104894736842105
"9768","diff2",0.0312105263157894
"9769","diff2",0.0154210526315788
"9770","diff2",-0.00563157894736836
"9771","diff2",-0.0372105263157895
"9772","diff2",0.0943684210526315
"9773","diff2",0.0575263157894737
"9774","diff2",0.0627894736842106
"9775","diff2",0.0364736842105263
"9776","diff2",0.047
"9777","diff2",0.0417368421052631
"9778","diff2",0.0206842105263157
"9779","diff2",0.00489473684210535
"9780","diff2",0.0943684210526315
"9781","diff2",0.0206842105263157
"9782","diff2",0.0154210526315788
"9783","diff2",0.0522631578947369
"9784","diff2",0.0364736842105263
"9785","diff2",0.0259473684210526
"9786","diff2",0.00489473684210513
"9787","diff2",0.0522631578947369
"9788","diff2",0.0733157894736843
"9789","diff2",0.0522631578947369
"9790","diff2",0.0259473684210526
"9791","diff2",0.0627894736842106
"9792","diff2",0.00489473684210513
"9793","diff2",0.0522631578947369
"9794","diff2",0.0417368421052631
"9795","diff2",0.010157894736842
"9796","diff2",0.0733157894736843
"9797","diff2",-0.0266842105263158
"9798","diff2",-0.000368421052631726
"9799","diff2",0.0154210526315788
"9800","diff2",0.0575263157894737
"9801","diff2",0.0154210526315788
"9802","diff2",0.115421052631579
"9803","diff2",0.0522631578947369
"9804","diff2",-0.0161578947368421
"9805","diff2",0.0627894736842106
"9806","diff2",0.0417368421052631
"9807","diff2",-0.0214210526315789
"9808","diff2",-0.0319473684210527
"9809","diff2",0.0417368421052631
"9810","diff2",0.0627894736842106
"9811","diff2",0.0154210526315788
"9812","diff2",0.047
"9813","diff2",0.00489473684210535
"9814","diff2",0.0364736842105263
"9815","diff2",-0.0214210526315789
"9816","diff2",-0.000368421052631504
"9817","diff2",-0.0108947368421052
"9818","diff2",0.047
"9819","diff2",0.0417368421052631
"9820","diff2",0.047
"9821","diff2",0.00489473684210513
"9822","diff2",0.0154210526315788
"9823","diff2",0.0259473684210526
"9824","diff2",0.0312105263157894
"9825","diff2",0.0206842105263157
"9826","diff2",0.00489473684210513
"9827","diff2",-0.0424736842105264
"9828","diff2",-0.0372105263157895
"9829","diff2",0.047
"9830","diff2",0.0154210526315788
"9831","diff2",0.0206842105263157
"9832","diff2",0.0785789473684212
"9833","diff2",0.010157894736842
"9834","diff2",0.0206842105263157
"9835","diff2",0.0154210526315788
"9836","diff2",0.0312105263157894
"9837","diff2",0.0206842105263157
"9838","diff2",0.0259473684210526
"9839","diff2",0.0364736842105263
"9840","diff2",0.0522631578947369
"9841","diff2",-0.000368421052631504
"9842","diff2",0.0417368421052631
"9843","diff2",-0.00563157894736836
"9844","diff2",-0.0214210526315789
"9845","diff2",0.00489473684210513
"9846","diff2",0.0312105263157894
"9847","diff2",-0.00563157894736836
"9848","diff2",-0.0266842105263158
"9849","diff2",0.104894736842105
"9850","diff2",0.0206842105263157
"9851","diff2",0.0417368421052631
"9852","diff2",-0.000368421052631504
"9853","diff2",0.0259473684210526
"9854","diff2",0.0259473684210526
"9855","diff2",0.0312105263157894
"9856","diff2",0.0154210526315788
"9857","diff2",0.0259473684210526
"9858","diff2",0.0154210526315788
"9859","diff2",0.0364736842105263
"9860","diff2",0.047
"9861","diff2",-0.0161578947368421
"9862","diff2",0.0206842105263157
"9863","diff2",0.0522631578947369
"9864","diff2",0.0522631578947369
"9865","diff2",0.0627894736842106
"9866","diff2",0.00489473684210535
"9867","diff2",0.010157894736842
"9868","diff2",0.0364736842105263
"9869","diff2",0.0364736842105263
"9870","diff2",0.0627894736842106
"9871","diff2",0.00489473684210535
"9872","diff2",0.0575263157894737
"9873","diff2",0.0575263157894737
"9874","diff2",-0.00563157894736858
"9875","diff2",0.0206842105263157
"9876","diff2",-0.0372105263157895
"9877","diff2",-0.000368421052631504
"9878","diff2",0.0259473684210526
"9879","diff2",0.0838421052631578
"9880","diff2",-0.00563157894736836
"9881","diff2",0.010157894736842
"9882","diff2",0.0838421052631578
"9883","diff2",0.0364736842105263
"9884","diff2",-0.000368421052631726
"9885","diff2",0.0417368421052631
"9886","diff2",0.0943684210526315
"9887","diff2",0.010157894736842
"9888","diff2",0.0364736842105263
"9889","diff2",-0.0108947368421052
"9890","diff2",-0.0319473684210527
"9891","diff2",0.0364736842105263
"9892","diff2",0.010157894736842
"9893","diff2",0.0522631578947369
"9894","diff2",0.0891052631578946
"9895","diff2",0.0996315789473684
"9896","diff2",0.0627894736842106
"9897","diff2",-0.0319473684210527
"9898","diff2",0.0154210526315788
"9899","diff2",0.0364736842105263
"9900","diff2",0.0154210526315788
"9901","diff2",0.0259473684210526
"9902","diff2",0.0627894736842106
"9903","diff2",0.0312105263157894
"9904","diff2",0.0364736842105263
"9905","diff2",0.0680526315789474
"9906","diff2",0.047
"9907","diff2",0.0364736842105263
"9908","diff2",0.0364736842105263
"9909","diff2",0.0206842105263157
"9910","diff2",0.010157894736842
"9911","diff2",0.00489473684210535
"9912","diff2",0.0733157894736843
"9913","diff2",0.0206842105263157
"9914","diff2",0.0154210526315788
"9915","diff2",0.0996315789473684
"9916","diff2",0.0891052631578946
"9917","diff2",-0.00563157894736858
"9918","diff2",0.0522631578947369
"9919","diff2",0.0206842105263157
"9920","diff2",0.0312105263157894
"9921","diff2",0.0312105263157894
"9922","diff2",-0.0108947368421052
"9923","diff2",0.0627894736842106
"9924","diff2",0.0417368421052631
"9925","diff2",0.047
"9926","diff2",0.0733157894736843
"9927","diff2",0.0154210526315788
"9928","diff2",0.00489473684210513
"9929","diff2",0.0154210526315788
"9930","diff2",0.010157894736842
"9931","diff2",0.0627894736842106
"9932","diff2",0.0312105263157894
"9933","diff2",0.0627894736842106
"9934","diff2",0.00489473684210513
"9935","diff2",0.047
"9936","diff2",0.0154210526315788
"9937","diff2",0.0575263157894737
"9938","diff2",0.0522631578947369
"9939","diff2",-0.0214210526315789
"9940","diff2",0.0312105263157894
"9941","diff2",-0.0372105263157895
"9942","diff2",-0.000368421052631504
"9943","diff2",0.0838421052631578
"9944","diff2",0.0680526315789474
"9945","diff2",0.0206842105263157
"9946","diff2",0.0522631578947369
"9947","diff2",0.0364736842105263
"9948","diff2",0.0154210526315788
"9949","diff2",0.0312105263157894
"9950","diff2",-0.000368421052631504
"9951","diff2",0.0575263157894737
"9952","diff2",0.0364736842105263
"9953","diff2",-0.000368421052631504
"9954","diff2",0.0259473684210526
"9955","diff2",0.0575263157894737
"9956","diff2",0.0680526315789474
"9957","diff2",0.0680526315789474
"9958","diff2",0.0154210526315788
"9959","diff2",0.0680526315789474
"9960","diff2",0.0206842105263157
"9961","diff2",0.047
"9962","diff2",0.0575263157894737
"9963","diff2",0.0364736842105263
"9964","diff2",0.010157894736842
"9965","diff2",0.0154210526315788
"9966","diff2",0.0943684210526315
"9967","diff2",-0.0214210526315789
"9968","diff2",0.0259473684210526
"9969","diff2",0.0259473684210526
"9970","diff2",0.0154210526315788
"9971","diff2",-0.000368421052631504
"9972","diff2",-0.0266842105263158
"9973","diff2",0.0206842105263157
"9974","diff2",0.0522631578947369
"9975","diff2",0.0259473684210526
"9976","diff2",0.0575263157894737
"9977","diff2",0.131210526315789
"9978","diff2",0.0364736842105263
"9979","diff2",0.0259473684210526
"9980","diff2",0.0785789473684209
"9981","diff2",0.0364736842105263
"9982","diff2",0.0417368421052631
"9983","diff2",0.0312105263157894
"9984","diff2",0.0522631578947369
"9985","diff2",0.0838421052631578
"9986","diff2",0.0364736842105263
"9987","diff2",0.0312105263157894
"9988","diff2",-0.0108947368421052
"9989","diff2",-0.000368421052631504
"9990","diff2",0.0627894736842106
"9991","diff2",0.0838421052631578
"9992","diff2",0.0627894736842106
"9993","diff2",0.0364736842105263
"9994","diff2",0.0733157894736841
"9995","diff2",0.00489473684210513
"9996","diff2",0.0206842105263157
"9997","diff2",0.0733157894736843
"9998","diff2",0.0996315789473684
"9999","diff2",0.0680526315789474
"10000","diff2",0.0785789473684209
"10001","diff2",-0.0372105263157895
"10002","diff2",0.0312105263157894
"10003","diff2",0.0312105263157894
"10004","diff2",0.0627894736842106
"10005","diff2",-0.000368421052631504
"10006","diff2",0.0154210526315788
"10007","diff2",0.125947368421053
"10008","diff2",-0.000368421052631726
"10009","diff2",-0.0108947368421052
"10010","diff2",-0.00563157894736836
"10011","diff2",0.0417368421052631
"10012","diff2",0.0206842105263157
"10013","diff2",0.0154210526315788
"10014","diff2",-0.000368421052631726
"10015","diff2",0.115421052631579
"10016","diff2",0.010157894736842
"10017","diff2",0.0575263157894737
"10018","diff2",0.0680526315789474
"10019","diff2",-0.0161578947368421
"10020","diff2",0.0206842105263157
"10021","diff2",0.00489473684210513
"10022","diff2",-0.0214210526315789
"10023","diff2",-0.000368421052631726
"10024","diff2",0.0785789473684209
"10025","diff2",0.010157894736842
"10026","diff2",0.0312105263157894
"10027","diff2",0.0733157894736843
"10028","diff2",-0.0266842105263158
"10029","diff2",-0.0266842105263158
"10030","diff2",0.0312105263157894
"10031","diff2",0.0680526315789474
"10032","diff2",-0.0214210526315789
"10033","diff2",0.010157894736842
"10034","diff2",0.0364736842105263
"10035","diff2",0.0627894736842106
"10036","diff2",0.0733157894736843
"10037","diff2",0.0522631578947369
"10038","diff2",0.0154210526315788
"10039","diff2",0.0364736842105263
"10040","diff2",0.0259473684210526
"10041","diff2",0.0733157894736843
"10042","diff2",-0.000368421052631726
"10043","diff2",-0.00563157894736858
"10044","diff2",0.047
"10045","diff2",0.0522631578947369
"10046","diff2",0.0364736842105263
"10047","diff2",0.0154210526315788
"10048","diff2",0.0680526315789474
"10049","diff2",-0.0108947368421052
"10050","diff2",-0.0214210526315789
"10051","diff2",0.047
"10052","diff2",-0.00563157894736836
"10053","diff2",0.0312105263157894
"10054","diff2",0.0154210526315788
"10055","diff2",0.0785789473684209
"10056","diff2",0.00489473684210513
"10057","diff2",0.0259473684210526
"10058","diff2",0.0838421052631578
"10059","diff2",0.0417368421052631
"10060","diff2",0.0364736842105263
"10061","diff2",0.0733157894736843
"10062","diff2",0.010157894736842
"10063","diff2",0.010157894736842
"10064","diff2",-0.00563157894736836
"10065","diff2",-0.000368421052631504
"10066","diff2",0.047
"10067","diff2",0.0206842105263157
"10068","diff2",-0.0424736842105264
"10069","diff2",0.104894736842105
"10070","diff2",-0.0266842105263158
"10071","diff2",0.0891052631578946
"10072","diff2",0.0522631578947369
"10073","diff2",0.0996315789473684
"10074","diff2",0.0206842105263157
"10075","diff2",0.0364736842105263
"10076","diff2",0.0522631578947369
"10077","diff2",0.0259473684210526
"10078","diff2",0.010157894736842
"10079","diff2",0.0312105263157894
"10080","diff2",0.0259473684210526
"10081","diff2",0.0417368421052631
"10082","diff2",0.047
"10083","diff2",-0.000368421052631504
"10084","diff2",0.0733157894736843
"10085","diff2",-0.0108947368421052
"10086","diff2",0.0206842105263157
"10087","diff2",0.010157894736842
"10088","diff2",-0.000368421052631504
"10089","diff2",0.0680526315789474
"10090","diff2",0.0364736842105263
"10091","diff2",-0.0108947368421052
"10092","diff2",0.0417368421052631
"10093","diff2",-0.0161578947368421
"10094","diff2",0.0575263157894737
"10095","diff2",-0.000368421052631726
"10096","diff2",0.0259473684210526
"10097","diff2",-0.00563157894736836
"10098","diff2",0.0259473684210526
"10099","diff2",-0.0372105263157895
"10100","diff2",0.010157894736842
"10101","diff2",0.0312105263157894
"10102","diff2",0.047
"10103","diff2",0.010157894736842
"10104","diff2",0.0627894736842106
"10105","diff2",0.0154210526315788
"10106","diff2",0.0206842105263157
"10107","diff2",0.0575263157894737
"10108","diff2",0.0154210526315788
"10109","diff2",0.0417368421052631
"10110","diff2",0.047
"10111","diff2",0.0364736842105263
"10112","diff2",0.00489473684210513
"10113","diff2",0.0733157894736841
"10114","diff2",-0.00563157894736836
"10115","diff2",-0.00563157894736836
"10116","diff2",0.0154210526315788
"10117","diff2",0.010157894736842
"10118","diff2",0.0312105263157894
"10119","diff2",0.0206842105263157
"10120","diff2",0.0259473684210526
"10121","diff2",0.0154210526315788
"10122","diff2",-0.0266842105263158
"10123","diff2",0.0364736842105263
"10124","diff2",0.0259473684210526
"10125","diff2",0.010157894736842
"10126","diff2",0.0522631578947369
"10127","diff2",0.0364736842105263
"10128","diff2",0.0206842105263157
"10129","diff2",0.0206842105263157
"10130","diff2",0.047
"10131","diff2",0.010157894736842
"10132","diff2",0.0206842105263157
"10133","diff2",0.0259473684210526
"10134","diff2",0.0259473684210526
"10135","diff2",0.0364736842105263
"10136","diff2",0.0312105263157894
"10137","diff2",0.0575263157894737
"10138","diff2",0.0154210526315788
"10139","diff2",0.0680526315789474
"10140","diff2",0.047
"10141","diff2",0.0259473684210526
"10142","diff2",0.0417368421052631
"10143","diff2",0.0627894736842106
"10144","diff2",0.047
"10145","diff2",0.0259473684210526
"10146","diff2",0.0364736842105263
"10147","diff2",0.0522631578947369
"10148","diff2",0.0522631578947369
"10149","diff2",0.0838421052631578
"10150","diff2",0.0680526315789474
"10151","diff2",0.010157894736842
"10152","diff2",0.0259473684210526
"10153","diff2",-0.0108947368421052
"10154","diff2",-0.000368421052631726
"10155","diff2",-0.000368421052631504
"10156","diff2",0.00489473684210513
"10157","diff2",0.0206842105263157
"10158","diff2",-0.0161578947368421
"10159","diff2",0.0364736842105263
"10160","diff2",0.0154210526315788
"10161","diff2",0.0364736842105263
"10162","diff2",0.0680526315789474
"10163","diff2",0.0575263157894737
"10164","diff2",0.0364736842105263
"10165","diff2",0.0522631578947369
"10166","diff2",0.104894736842105
"10167","diff2",0.0312105263157894
"10168","diff2",0.00489473684210535
"10169","diff2",0.0785789473684212
"10170","diff2",0.0680526315789474
"10171","diff2",0.0154210526315788
"10172","diff2",0.0575263157894737
"10173","diff2",0.0522631578947369
"10174","diff2",0.0154210526315788
"10175","diff2",0.0627894736842106
"10176","diff2",0.0627894736842106
"10177","diff2",0.0364736842105263
"10178","diff2",-0.00563157894736836
"10179","diff2",0.00489473684210535
"10180","diff2",-0.000368421052631504
"10181","diff2",-0.00563157894736836
"10182","diff2",-0.0161578947368421
"10183","diff2",0.047
"10184","diff2",0.0417368421052631
"10185","diff2",0.0312105263157894
"10186","diff2",0.0680526315789474
"10187","diff2",0.0785789473684212
"10188","diff2",0.0733157894736843
"10189","diff2",0.0627894736842106
"10190","diff2",-0.0161578947368421
"10191","diff2",0.047
"10192","diff2",0.0154210526315788
"10193","diff2",0.047
"10194","diff2",-0.000368421052631504
"10195","diff2",0.0943684210526315
"10196","diff2",0.00489473684210513
"10197","diff2",0.0154210526315788
"10198","diff2",0.047
"10199","diff2",0.0259473684210526
"10200","diff2",0.0206842105263157
"10201","diff2",0.0364736842105263
"10202","diff2",0.0417368421052631
"10203","diff2",0.0417368421052631
"10204","diff2",0.0364736842105263
"10205","diff2",-0.0424736842105264
"10206","diff2",-0.0372105263157895
"10207","diff2",0.0575263157894737
"10208","diff2",0.010157894736842
"10209","diff2",0.0680526315789474
"10210","diff2",0.0259473684210526
"10211","diff2",0.0680526315789472
"10212","diff2",-0.000368421052631504
"10213","diff2",0.0259473684210526
"10214","diff2",0.0522631578947369
"10215","diff2",0.0891052631578946
"10216","diff2",0.0522631578947369
"10217","diff2",-0.000368421052631726
"10218","diff2",0.047
"10219","diff2",0.0680526315789474
"10220","diff2",0.0417368421052631
"10221","diff2",0.0154210526315788
"10222","diff2",-0.000368421052631504
"10223","diff2",0.0522631578947369
"10224","diff2",0.0259473684210526
"10225","diff2",0.0627894736842106
"10226","diff2",-0.00563157894736836
"10227","diff2",-0.0266842105263158
"10228","diff2",-0.00563157894736836
"10229","diff2",0.0206842105263157
"10230","diff2",-0.000368421052631726
"10231","diff2",0.0522631578947369
"10232","diff2",0.0364736842105263
"10233","diff2",-0.000368421052631726
"10234","diff2",0.0522631578947369
"10235","diff2",0.0417368421052631
"10236","diff2",-0.00563157894736836
"10237","diff2",0.115421052631579
"10238","diff2",0.0627894736842106
"10239","diff2",0.0206842105263157
"10240","diff2",0.0838421052631578
"10241","diff2",-0.00563157894736836
"10242","diff2",0.0838421052631578
"10243","diff2",-0.0477368421052632
"10244","diff2",0.0312105263157894
"10245","diff2",0.0996315789473684
"10246","diff2",-0.000368421052631726
"10247","diff2",0.0259473684210526
"10248","diff2",0.0733157894736843
"10249","diff2",0.0522631578947369
"10250","diff2",0.0733157894736843
"10251","diff2",0.0680526315789474
"10252","diff2",-0.0266842105263158
"10253","diff2",0.0627894736842106
"10254","diff2",0.00489473684210513
"10255","diff2",0.0259473684210526
"10256","diff2",0.0364736842105263
"10257","diff2",0.0417368421052631
"10258","diff2",0.0154210526315788
"10259","diff2",0.0417368421052631
"10260","diff2",0.0259473684210526
"10261","diff2",-0.0161578947368421
"10262","diff2",0.0259473684210526
"10263","diff2",0.0575263157894737
"10264","diff2",0.0312105263157894
"10265","diff2",0.0733157894736843
"10266","diff2",0.0312105263157894
"10267","diff2",0.0417368421052631
"10268","diff2",0.0891052631578946
"10269","diff2",0.0259473684210526
"10270","diff2",0.0996315789473684
"10271","diff2",0.0522631578947369
"10272","diff2",0.0154210526315788
"10273","diff2",-0.0108947368421052
"10274","diff2",0.0364736842105263
"10275","diff2",0.047
"10276","diff2",0.0785789473684209
"10277","diff2",-0.0214210526315789
"10278","diff2",0.010157894736842
"10279","diff2",-0.0108947368421052
"10280","diff2",0.0785789473684209
"10281","diff2",0.0206842105263157
"10282","diff2",0.047
"10283","diff2",0.0364736842105263
"10284","diff2",0.0575263157894737
"10285","diff2",0.0943684210526315
"10286","diff2",0.0522631578947369
"10287","diff2",0.0522631578947369
"10288","diff2",0.010157894736842
"10289","diff2",0.0417368421052631
"10290","diff2",0.0259473684210526
"10291","diff2",0.0259473684210526
"10292","diff2",-0.00563157894736836
"10293","diff2",0.104894736842105
"10294","diff2",-0.0214210526315789
"10295","diff2",0.0680526315789474
"10296","diff2",0.0733157894736843
"10297","diff2",-0.000368421052631726
"10298","diff2",0.00489473684210513
"10299","diff2",0.0417368421052631
"10300","diff2",0.0259473684210526
"10301","diff2",0.0417368421052631
"10302","diff2",0.0575263157894737
"10303","diff2",0.0733157894736843
"10304","diff2",0.0627894736842106
"10305","diff2",0.0838421052631578
"10306","diff2",0.010157894736842
"10307","diff2",0.0891052631578946
"10308","diff2",0.0206842105263157
"10309","diff2",0.0312105263157894
"10310","diff2",0.0838421052631578
"10311","diff2",0.0312105263157894
"10312","diff2",0.0154210526315788
"10313","diff2",0.010157894736842
"10314","diff2",0.0364736842105263
"10315","diff2",0.010157894736842
"10316","diff2",0.047
"10317","diff2",0.010157894736842
"10318","diff2",0.0101578947368422
"10319","diff2",-0.000368421052631504
"10320","diff2",-0.0161578947368421
"10321","diff2",0.110157894736842
"10322","diff2",0.0154210526315788
"10323","diff2",0.0575263157894737
"10324","diff2",-0.0214210526315789
"10325","diff2",-0.0319473684210527
"10326","diff2",0.0259473684210526
"10327","diff2",0.0522631578947369
"10328","diff2",0.0575263157894737
"10329","diff2",0.0522631578947369
"10330","diff2",-0.0372105263157895
"10331","diff2",0.115421052631579
"10332","diff2",-0.000368421052631726
"10333","diff2",-0.000368421052631504
"10334","diff2",-0.000368421052631504
"10335","diff2",0.0627894736842106
"10336","diff2",-0.00563157894736836
"10337","diff2",-0.00563157894736836
"10338","diff2",0.0680526315789474
"10339","diff2",0.0364736842105263
"10340","diff2",0.0627894736842106
"10341","diff2",0.083842105263158
"10342","diff2",0.0259473684210526
"10343","diff2",0.0733157894736843
"10344","diff2",0.047
"10345","diff2",0.0522631578947369
"10346","diff2",0.0364736842105263
"10347","diff2",0.0154210526315788
"10348","diff2",0.010157894736842
"10349","diff2",0.0154210526315788
"10350","diff2",-0.0319473684210527
"10351","diff2",0.0259473684210526
"10352","diff2",-0.000368421052631726
"10353","diff2",0.010157894736842
"10354","diff2",0.0312105263157894
"10355","diff2",0.0154210526315788
"10356","diff2",0.00489473684210513
"10357","diff2",0.0154210526315788
"10358","diff2",0.0575263157894737
"10359","diff2",0.0680526315789474
"10360","diff2",0.010157894736842
"10361","diff2",-0.000368421052631504
"10362","diff2",0.00489473684210513
"10363","diff2",0.0680526315789474
"10364","diff2",0.0364736842105263
"10365","diff2",0.0522631578947369
"10366","diff2",0.0785789473684209
"10367","diff2",0.0259473684210526
"10368","diff2",0.110157894736842
"10369","diff2",-0.0372105263157895
"10370","diff2",0.047
"10371","diff2",-0.000368421052631726
"10372","diff2",0.0154210526315788
"10373","diff2",-0.0530000000000001
"10374","diff2",0.0627894736842106
"10375","diff2",0.0575263157894737
"10376","diff2",0.0364736842105263
"10377","diff2",0.0154210526315788
"10378","diff2",0.0838421052631578
"10379","diff2",0.0259473684210526
"10380","diff2",0.00489473684210513
"10381","diff2",0.0312105263157894
"10382","diff2",0.0312105263157894
"10383","diff2",0.0733157894736843
"10384","diff2",-0.0214210526315789
"10385","diff2",0.0417368421052631
"10386","diff2",0.0522631578947369
"10387","diff2",0.0154210526315788
"10388","diff2",0.0259473684210526
"10389","diff2",0.010157894736842
"10390","diff2",0.00489473684210513
"10391","diff2",0.0522631578947369
"10392","diff2",0.047
"10393","diff2",0.0154210526315788
"10394","diff2",0.0575263157894737
"10395","diff2",0.0154210526315788
"10396","diff2",0.0417368421052631
"10397","diff2",0.0522631578947369
"10398","diff2",-0.0108947368421052
"10399","diff2",0.010157894736842
"10400","diff2",0.0575263157894737
"10401","diff2",0.047
"10402","diff2",0.0522631578947369
"10403","diff2",0.0627894736842106
"10404","diff2",0.0206842105263157
"10405","diff2",0.0522631578947369
"10406","diff2",0.0522631578947369
"10407","diff2",0.0627894736842106
"10408","diff2",0.0259473684210526
"10409","diff2",0.0154210526315788
"10410","diff2",0.0575263157894737
"10411","diff2",0.0154210526315788
"10412","diff2",0.0259473684210526
"10413","diff2",0.00489473684210513
"10414","diff2",0.0259473684210526
"10415","diff2",0.0312105263157894
"10416","diff2",0.0627894736842106
"10417","diff2",0.0364736842105263
"10418","diff2",0.0417368421052631
"10419","diff2",-0.0108947368421052
"10420","diff2",-0.0161578947368421
"10421","diff2",0.0364736842105263
"10422","diff2",-0.000368421052631504
"10423","diff2",0.0154210526315788
"10424","diff2",0.0154210526315788
"10425","diff2",0.0575263157894737
"10426","diff2",0.010157894736842
"10427","diff2",0.0312105263157894
"10428","diff2",0.0312105263157894
"10429","diff2",0.0259473684210526
"10430","diff2",-0.0161578947368421
"10431","diff2",0.0259473684210526
"10432","diff2",0.047
"10433","diff2",0.0364736842105263
"10434","diff2",0.0312105263157894
"10435","diff2",0.0206842105263157
"10436","diff2",0.115421052631579
"10437","diff2",0.0259473684210526
"10438","diff2",0.0312105263157894
"10439","diff2",0.0206842105263157
"10440","diff2",0.0206842105263157
"10441","diff2",0.0627894736842106
"10442","diff2",0.0101578947368422
"10443","diff2",-0.00563157894736836
"10444","diff2",-0.0161578947368421
"10445","diff2",0.0785789473684209
"10446","diff2",0.0154210526315788
"10447","diff2",0.00489473684210513
"10448","diff2",0.0154210526315788
"10449","diff2",-0.000368421052631504
"10450","diff2",-0.00563157894736836
"10451","diff2",0.0417368421052631
"10452","diff2",-0.0214210526315789
"10453","diff2",0.00489473684210513
"10454","diff2",-0.00563157894736836
"10455","diff2",0.0417368421052631
"10456","diff2",-0.000368421052631504
"10457","diff2",0.0364736842105263
"10458","diff2",0.00489473684210513
"10459","diff2",0.0627894736842106
"10460","diff2",0.0417368421052631
"10461","diff2",0.010157894736842
"10462","diff2",0.047
"10463","diff2",-0.0161578947368421
"10464","diff2",0.0680526315789474
"10465","diff2",0.0996315789473684
"10466","diff2",0.010157894736842
"10467","diff2",0.0680526315789474
"10468","diff2",0.0943684210526315
"10469","diff2",0.0785789473684209
"10470","diff2",0.0733157894736841
"10471","diff2",0.0838421052631578
"10472","diff2",0.0154210526315788
"10473","diff2",0.0259473684210526
"10474","diff2",0.0259473684210526
"10475","diff2",0.110157894736842
"10476","diff2",0.00489473684210535
"10477","diff2",0.0364736842105263
"10478","diff2",0.0522631578947369
"10479","diff2",0.0522631578947369
"10480","diff2",0.010157894736842
"10481","diff2",-0.0266842105263158
"10482","diff2",-0.0161578947368421
"10483","diff2",0.0522631578947369
"10484","diff2",-0.00563157894736836
"10485","diff2",0.0259473684210526
"10486","diff2",-0.000368421052631504
"10487","diff2",0.047
"10488","diff2",-0.0161578947368421
"10489","diff2",0.0417368421052631
"10490","diff2",0.0259473684210526
"10491","diff2",-0.0214210526315789
"10492","diff2",0.047
"10493","diff2",0.047
"10494","diff2",0.0680526315789474
"10495","diff2",-0.0214210526315789
"10496","diff2",0.047
"10497","diff2",-0.0266842105263158
"10498","diff2",0.0417368421052631
"10499","diff2",0.0259473684210526
"10500","diff2",0.047
"10501","diff2",0.0259473684210526
"10502","diff2",0.0417368421052631
"10503","diff2",0.0259473684210526
"10504","diff2",0.0259473684210526
"10505","diff2",0.0575263157894737
"10506","diff2",0.010157894736842
"10507","diff2",-0.0266842105263158
"10508","diff2",-0.0477368421052632
"10509","diff2",0.0838421052631578
"10510","diff2",0.0943684210526315
"10511","diff2",0.0259473684210526
"10512","diff2",0.0838421052631578
"10513","diff2",0.0312105263157894
"10514","diff2",-0.0319473684210527
"10515","diff2",0.0575263157894737
"10516","diff2",-0.0214210526315789
"10517","diff2",0.0259473684210526
"10518","diff2",0.0312105263157894
"10519","diff2",0.0417368421052631
"10520","diff2",0.0417368421052631
"10521","diff2",0.0575263157894737
"10522","diff2",0.0259473684210526
"10523","diff2",0.0522631578947369
"10524","diff2",0.0680526315789474
"10525","diff2",-0.0161578947368421
"10526","diff2",0.0259473684210526
"10527","diff2",0.0154210526315788
"10528","diff2",0.0154210526315788
"10529","diff2",0.0259473684210526
"10530","diff2",0.0259473684210526
"10531","diff2",0.0154210526315788
"10532","diff2",0.0312105263157894
"10533","diff2",0.0838421052631578
"10534","diff2",0.0575263157894737
"10535","diff2",0.0259473684210526
"10536","diff2",-0.000368421052631504
"10537","diff2",0.0259473684210526
"10538","diff2",0.0259473684210526
"10539","diff2",0.0680526315789474
"10540","diff2",-0.00563157894736836
"10541","diff2",-0.00563157894736836
"10542","diff2",0.0417368421052631
"10543","diff2",0.0154210526315788
"10544","diff2",0.0364736842105263
"10545","diff2",-0.000368421052631504
"10546","diff2",0.00489473684210513
"10547","diff2",0.010157894736842
"10548","diff2",0.0996315789473684
"10549","diff2",-0.000368421052631726
"10550","diff2",0.010157894736842
"10551","diff2",0.0522631578947369
"10552","diff2",0.00489473684210513
"10553","diff2",0.0733157894736843
"10554","diff2",0.0575263157894737
"10555","diff2",0.0312105263157894
"10556","diff2",0.0206842105263157
"10557","diff2",0.0522631578947369
"10558","diff2",0.047
"10559","diff2",-0.0108947368421052
"10560","diff2",0.0206842105263157
"10561","diff2",0.0522631578947369
"10562","diff2",0.0417368421052631
"10563","diff2",-0.00563157894736836
"10564","diff2",0.010157894736842
"10565","diff2",0.0680526315789474
"10566","diff2",0.0364736842105263
"10567","diff2",0.0785789473684209
"10568","diff2",0.0785789473684212
"10569","diff2",0.0417368421052631
"10570","diff2",-0.000368421052631504
"10571","diff2",0.0680526315789474
"10572","diff2",0.0206842105263157
"10573","diff2",0.0312105263157894
"10574","diff2",0.0522631578947369
"10575","diff2",0.0996315789473684
"10576","diff2",0.0417368421052631
"10577","diff2",0.0259473684210526
"10578","diff2",-0.000368421052631504
"10579","diff2",0.010157894736842
"10580","diff2",0.0417368421052631
"10581","diff2",-0.00563157894736836
"10582","diff2",0.0364736842105263
"10583","diff2",0.0522631578947369
"10584","diff2",-0.0319473684210527
"10585","diff2",0.010157894736842
"10586","diff2",0.0364736842105263
"10587","diff2",0.0733157894736843
"10588","diff2",-0.00563157894736858
"10589","diff2",0.0575263157894737
"10590","diff2",0.0627894736842106
"10591","diff2",-0.000368421052631726
"10592","diff2",0.0733157894736843
"10593","diff2",-0.0108947368421052
"10594","diff2",-0.0161578947368421
"10595","diff2",0.0733157894736841
"10596","diff2",0.0733157894736843
"10597","diff2",0.010157894736842
"10598","diff2",0.00489473684210513
"10599","diff2",0.0154210526315788
"10600","diff2",-0.000368421052631504
"10601","diff2",0.0575263157894737
"10602","diff2",-0.00563157894736836
"10603","diff2",0.0312105263157894
"10604","diff2",0.0312105263157894
"10605","diff2",-0.00563157894736836
"10606","diff2",-0.0214210526315789
"10607","diff2",-0.0266842105263158
"10608","diff2",0.010157894736842
"10609","diff2",0.0785789473684212
"10610","diff2",0.0522631578947369
"10611","diff2",0.00489473684210513
"10612","diff2",0.0733157894736841
"10613","diff2",0.0891052631578946
"10614","diff2",-0.0266842105263158
"10615","diff2",-0.0161578947368421
"10616","diff2",0.010157894736842
"10617","diff2",0.0627894736842106
"10618","diff2",-0.0108947368421052
"10619","diff2",0.00489473684210513
"10620","diff2",0.0417368421052631
"10621","diff2",0.0364736842105263
"10622","diff2",0.110157894736842
"10623","diff2",0.0785789473684209
"10624","diff2",0.0259473684210526
"10625","diff2",0.0312105263157894
"10626","diff2",0.0259473684210526
"10627","diff2",0.0312105263157894
"10628","diff2",0.0417368421052631
"10629","diff2",0.0417368421052631
"10630","diff2",0.0522631578947369
"10631","diff2",0.0364736842105263
"10632","diff2",-0.0108947368421052
"10633","diff2",0.0154210526315788
"10634","diff2",-0.0108947368421052
"10635","diff2",-0.000368421052631504
"10636","diff2",0.0680526315789474
"10637","diff2",0.0364736842105263
"10638","diff2",-0.0266842105263158
"10639","diff2",-0.0214210526315789
"10640","diff2",0.0206842105263157
"10641","diff2",0.0733157894736843
"10642","diff2",0.0785789473684212
"10643","diff2",-0.00563157894736836
"10644","diff2",0.0259473684210526
"10645","diff2",0.0206842105263157
"10646","diff2",0.0575263157894737
"10647","diff2",0.0259473684210526
"10648","diff2",0.047
"10649","diff2",0.0417368421052631
"10650","diff2",0.0627894736842106
"10651","diff2",0.00489473684210513
"10652","diff2",0.0417368421052631
"10653","diff2",0.0154210526315788
"10654","diff2",0.0259473684210526
"10655","diff2",0.0627894736842106
"10656","diff2",0.010157894736842
"10657","diff2",0.0680526315789474
"10658","diff2",0.0312105263157894
"10659","diff2",0.0680526315789474
"10660","diff2",0.0417368421052631
"10661","diff2",0.0417368421052631
"10662","diff2",0.0733157894736843
"10663","diff2",0.0627894736842106
"10664","diff2",0.047
"10665","diff2",-0.0266842105263158
"10666","diff2",0.0259473684210526
"10667","diff2",-0.000368421052631504
"10668","diff2",-0.0319473684210527
"10669","diff2",0.0364736842105263
"10670","diff2",-0.0108947368421052
"10671","diff2",-0.0319473684210527
"10672","diff2",0.0364736842105263
"10673","diff2",0.0417368421052631
"10674","diff2",-0.0108947368421052
"10675","diff2",0.047
"10676","diff2",0.00489473684210513
"10677","diff2",0.0522631578947369
"10678","diff2",0.0364736842105263
"10679","diff2",-0.0108947368421052
"10680","diff2",0.0575263157894737
"10681","diff2",-0.0266842105263158
"10682","diff2",0.0259473684210526
"10683","diff2",0.0522631578947369
"10684","diff2",0.0259473684210526
"10685","diff2",0.010157894736842
"10686","diff2",0.0680526315789474
"10687","diff2",0.0627894736842106
"10688","diff2",-0.0372105263157895
"10689","diff2",-0.00563157894736858
"10690","diff2",-0.00563157894736858
"10691","diff2",-0.00563157894736836
"10692","diff2",-0.0319473684210527
"10693","diff2",0.047
"10694","diff2",0.0733157894736843
"10695","diff2",0.0680526315789474
"10696","diff2",-0.0108947368421052
"10697","diff2",-0.0108947368421052
"10698","diff2",-0.0266842105263158
"10699","diff2",0.0627894736842106
"10700","diff2",0.0522631578947369
"10701","diff2",0.0312105263157894
"10702","diff2",0.0259473684210526
"10703","diff2",0.00489473684210513
"10704","diff2",0.047
"10705","diff2",0.0364736842105263
"10706","diff2",-0.000368421052631504
"10707","diff2",0.0733157894736843
"10708","diff2",0.0364736842105263
"10709","diff2",0.0522631578947369
"10710","diff2",-0.00563157894736836
"10711","diff2",0.0154210526315788
"10712","diff2",-0.000368421052631504
"10713","diff2",0.00489473684210513
"10714","diff2",0.0259473684210526
"10715","diff2",-0.000368421052631504
"10716","diff2",0.0627894736842106
"10717","diff2",0.0206842105263157
"10718","diff2",0.0364736842105263
"10719","diff2",0.0312105263157894
"10720","diff2",0.0891052631578946
"10721","diff2",0.0680526315789474
"10722","diff2",0.0417368421052631
"10723","diff2",0.0364736842105263
"10724","diff2",0.0785789473684212
"10725","diff2",0.0417368421052631
"10726","diff2",0.0364736842105263
"10727","diff2",0.047
"10728","diff2",0.00489473684210513
"10729","diff2",-0.000368421052631504
"10730","diff2",0.0364736842105263
"10731","diff2",0.0259473684210526
"10732","diff2",0.0154210526315788
"10733","diff2",0.0627894736842106
"10734","diff2",0.0364736842105263
"10735","diff2",0.0838421052631578
"10736","diff2",0.0680526315789474
"10737","diff2",0.010157894736842
"10738","diff2",0.00489473684210535
"10739","diff2",0.00489473684210513
"10740","diff2",0.00489473684210513
"10741","diff2",0.047
"10742","diff2",0.00489473684210535
"10743","diff2",0.0259473684210526
"10744","diff2",0.00489473684210513
"10745","diff2",0.0364736842105263
"10746","diff2",0.0417368421052631
"10747","diff2",-0.00563157894736836
"10748","diff2",0.0627894736842106
"10749","diff2",0.0259473684210526
"10750","diff2",0.0206842105263157
"10751","diff2",0.0154210526315788
"10752","diff2",0.0206842105263157
"10753","diff2",-0.0319473684210527
"10754","diff2",0.047
"10755","diff2",0.0417368421052631
"10756","diff2",0.00489473684210513
"10757","diff2",-0.000368421052631504
"10758","diff2",0.0627894736842106
"10759","diff2",0.0259473684210526
"10760","diff2",0.0364736842105263
"10761","diff2",0.0575263157894737
"10762","diff2",0.0312105263157894
"10763","diff2",-0.0161578947368421
"10764","diff2",-0.000368421052631504
"10765","diff2",-0.0161578947368421
"10766","diff2",0.0206842105263157
"10767","diff2",0.0785789473684209
"10768","diff2",-0.00563157894736836
"10769","diff2",0.0364736842105263
"10770","diff2",-0.0477368421052632
"10771","diff2",0.0364736842105263
"10772","diff2",0.0364736842105263
"10773","diff2",0.0206842105263157
"10774","diff2",0.0891052631578946
"10775","diff2",-0.0319473684210527
"10776","diff2",0.0312105263157894
"10777","diff2",0.0575263157894737
"10778","diff2",-0.0266842105263158
"10779","diff2",0.047
"10780","diff2",-0.0319473684210527
"10781","diff2",-0.0161578947368421
"10782","diff2",0.0627894736842106
"10783","diff2",0.0206842105263157
"10784","diff2",0.010157894736842
"10785","diff2",0.0259473684210526
"10786","diff2",0.0417368421052631
"10787","diff2",-0.0214210526315789
"10788","diff2",0.0627894736842106
"10789","diff2",0.0206842105263157
"10790","diff2",0.0522631578947369
"10791","diff2",0.00489473684210535
"10792","diff2",-0.0108947368421052
"10793","diff2",0.0206842105263157
"10794","diff2",0.0680526315789474
"10795","diff2",0.0206842105263157
"10796","diff2",0.0154210526315788
"10797","diff2",0.0259473684210526
"10798","diff2",0.0575263157894737
"10799","diff2",-0.0214210526315789
"10800","diff2",0.0312105263157894
"10801","diff2",0.010157894736842
"10802","diff2",0.0522631578947369
"10803","diff2",-0.0108947368421052
"10804","diff2",0.0627894736842106
"10805","diff2",0.0206842105263157
"10806","diff2",0.0627894736842106
"10807","diff2",0.104894736842105
"10808","diff2",0.0680526315789474
"10809","diff2",0.0364736842105263
"10810","diff2",0.0312105263157894
"10811","diff2",-0.000368421052631726
"10812","diff2",0.0364736842105263
"10813","diff2",0.0522631578947369
"10814","diff2",0.110157894736842
"10815","diff2",0.0364736842105263
"10816","diff2",0.0206842105263157
"10817","diff2",0.047
"10818","diff2",0.0996315789473684
"10819","diff2",0.0627894736842106
"10820","diff2",0.0154210526315788
"10821","diff2",0.010157894736842
"10822","diff2",0.0259473684210526
"10823","diff2",0.0891052631578946
"10824","diff2",-0.000368421052631726
"10825","diff2",0.0680526315789474
"10826","diff2",0.0312105263157894
"10827","diff2",0.0680526315789474
"10828","diff2",0.0785789473684212
"10829","diff2",0.0206842105263157
"10830","diff2",-0.0161578947368421
"10831","diff2",0.0522631578947369
"10832","diff2",0.00489473684210513
"10833","diff2",0.0680526315789474
"10834","diff2",0.0259473684210526
"10835","diff2",0.0733157894736843
"10836","diff2",0.0154210526315788
"10837","diff2",0.0417368421052631
"10838","diff2",0.0206842105263157
"10839","diff2",-0.0108947368421052
"10840","diff2",0.0680526315789474
"10841","diff2",-0.0161578947368421
"10842","diff2",0.0522631578947369
"10843","diff2",0.010157894736842
"10844","diff2",-0.084578947368421
"10845","diff2",0.0996315789473684
"10846","diff2",-0.000368421052631726
"10847","diff2",0.0312105263157894
"10848","diff2",0.0259473684210526
"10849","diff2",0.0627894736842106
"10850","diff2",0.0522631578947369
"10851","diff2",0.0627894736842106
"10852","diff2",-0.0266842105263158
"10853","diff2",-0.0266842105263158
"10854","diff2",0.0259473684210526
"10855","diff2",0.010157894736842
"10856","diff2",-0.0319473684210527
"10857","diff2",0.0627894736842106
"10858","diff2",0.0785789473684209
"10859","diff2",0.047
"10860","diff2",0.083842105263158
"10861","diff2",0.0154210526315788
"10862","diff2",0.0680526315789474
"10863","diff2",0.0522631578947369
"10864","diff2",0.0785789473684209
"10865","diff2",0.0312105263157894
"10866","diff2",-0.00563157894736836
"10867","diff2",0.0575263157894737
"10868","diff2",0.0259473684210526
"10869","diff2",0.00489473684210513
"10870","diff2",0.0522631578947369
"10871","diff2",0.0891052631578946
"10872","diff2",0.0522631578947369
"10873","diff2",0.0206842105263157
"10874","diff2",-0.0319473684210527
"10875","diff2",-0.0108947368421052
"10876","diff2",0.0312105263157894
"10877","diff2",0.0364736842105263
"10878","diff2",-0.00563157894736836
"10879","diff2",0.00489473684210535
"10880","diff2",0.0785789473684212
"10881","diff2",0.0154210526315788
"10882","diff2",0.0206842105263157
"10883","diff2",0.0312105263157894
"10884","diff2",0.0627894736842106
"10885","diff2",0.0838421052631578
"10886","diff2",0.0575263157894737
"10887","diff2",0.0259473684210526
"10888","diff2",0.0206842105263157
"10889","diff2",0.0259473684210526
"10890","diff2",-0.0214210526315789
"10891","diff2",0.0627894736842106
"10892","diff2",-0.000368421052631726
"10893","diff2",0.0154210526315788
"10894","diff2",0.0417368421052631
"10895","diff2",0.047
"10896","diff2",0.0627894736842106
"10897","diff2",0.047
"10898","diff2",0.0312105263157894
"10899","diff2",0.0733157894736841
"10900","diff2",-0.0477368421052632
"10901","diff2",0.0575263157894737
"10902","diff2",0.0206842105263157
"10903","diff2",0.0154210526315788
"10904","diff2",-0.0214210526315789
"10905","diff2",-0.0530000000000001
"10906","diff2",0.0575263157894737
"10907","diff2",0.0364736842105263
"10908","diff2",0.0259473684210526
"10909","diff2",0.0575263157894737
"10910","diff2",0.0206842105263157
"10911","diff2",0.0785789473684209
"10912","diff2",0.0733157894736843
"10913","diff2",0.0522631578947369
"10914","diff2",-0.00563157894736836
"10915","diff2",0.047
"10916","diff2",-0.00563157894736836
"10917","diff2",-0.0161578947368421
"10918","diff2",0.0259473684210526
"10919","diff2",0.0154210526315788
"10920","diff2",0.0838421052631578
"10921","diff2",0.0417368421052631
"10922","diff2",-0.0477368421052632
"10923","diff2",-0.0319473684210527
"10924","diff2",0.0575263157894737
"10925","diff2",0.0364736842105263
"10926","diff2",0.0838421052631578
"10927","diff2",0.0364736842105263
"10928","diff2",0.0996315789473684
"10929","diff2",0.125947368421053
"10930","diff2",-0.000368421052631504
"10931","diff2",0.0575263157894737
"10932","diff2",-0.0582631578947369
"10933","diff2",0.00489473684210535
"10934","diff2",0.0312105263157894
"10935","diff2",0.00489473684210535
"10936","diff2",0.0206842105263157
"10937","diff2",0.0522631578947369
"10938","diff2",-0.0108947368421052
"10939","diff2",0.0154210526315788
"10940","diff2",0.0522631578947369
"10941","diff2",0.00489473684210535
"10942","diff2",0.047
"10943","diff2",-0.000368421052631726
"10944","diff2",0.0680526315789474
"10945","diff2",0.0206842105263157
"10946","diff2",0.010157894736842
"10947","diff2",-0.0214210526315789
"10948","diff2",0.0364736842105263
"10949","diff2",0.0996315789473684
"10950","diff2",-0.0214210526315789
"10951","diff2",0.0627894736842106
"10952","diff2",-0.0530000000000001
"10953","diff2",0.0522631578947369
"10954","diff2",0.0364736842105263
"10955","diff2",-0.000368421052631504
"10956","diff2",-0.0319473684210527
"10957","diff2",0.0312105263157894
"10958","diff2",0.0785789473684212
"10959","diff2",0.0259473684210526
"10960","diff2",0.0417368421052631
"10961","diff2",0.0996315789473684
"10962","diff2",0.0154210526315788
"10963","diff2",0.0627894736842106
"10964","diff2",-0.0424736842105264
"10965","diff2",0.00489473684210513
"10966","diff2",0.0312105263157894
"10967","diff2",0.0680526315789474
"10968","diff2",0.0785789473684209
"10969","diff2",-0.000368421052631504
"10970","diff2",0.0417368421052631
"10971","diff2",0.047
"10972","diff2",0.0417368421052631
"10973","diff2",0.0259473684210526
"10974","diff2",0.047
"10975","diff2",-0.0372105263157895
"10976","diff2",0.0364736842105263
"10977","diff2",0.0785789473684209
"10978","diff2",0.0891052631578946
"10979","diff2",0.0522631578947369
"10980","diff2",-0.000368421052631504
"10981","diff2",0.0312105263157894
"10982","diff2",0.0154210526315788
"10983","diff2",-0.0372105263157895
"10984","diff2",0.0206842105263157
"10985","diff2",-0.00563157894736836
"10986","diff2",0.00489473684210535
"10987","diff2",-0.0319473684210527
"10988","diff2",0.0522631578947369
"10989","diff2",0.047
"10990","diff2",0.0680526315789474
"10991","diff2",0.0364736842105263
"10992","diff2",0.0785789473684209
"10993","diff2",-0.0161578947368421
"10994","diff2",0.0312105263157894
"10995","diff2",0.0417368421052631
"10996","diff2",0.0259473684210526
"10997","diff2",0.0838421052631578
"10998","diff2",0.0627894736842106
"10999","diff2",0.00489473684210513
"11000","diff2",0.0154210526315788
"11001","diff2",0.0312105263157894
"11002","diff2",0.0733157894736843
"11003","diff2",-0.0214210526315789
"11004","diff2",0.0522631578947369
"11005","diff2",0.0364736842105263
"11006","diff2",0.0259473684210526
"11007","diff2",-0.00563157894736836
"11008","diff2",0.0312105263157894
"11009","diff2",0.0364736842105263
"11010","diff2",0.0312105263157894
"11011","diff2",0.0417368421052631
"11012","diff2",0.0154210526315788
"11013","diff2",0.010157894736842
"11014","diff2",-0.0108947368421052
"11015","diff2",0.0206842105263157
"11016","diff2",0.010157894736842
"11017","diff2",-0.0108947368421052
"11018","diff2",0.0522631578947369
"11019","diff2",-0.000368421052631726
"11020","diff2",0.0575263157894737
"11021","diff2",0.0733157894736843
"11022","diff2",0.0733157894736843
"11023","diff2",0.0680526315789474
"11024","diff2",0.0785789473684212
"11025","diff2",0.0154210526315788
"11026","diff2",-0.0108947368421054
"11027","diff2",0.0627894736842106
"11028","diff2",0.0575263157894737
"11029","diff2",0.0259473684210526
"11030","diff2",0.0417368421052631
"11031","diff2",0.0364736842105263
"11032","diff2",0.110157894736842
"11033","diff2",0.0627894736842106
"11034","diff2",0.00489473684210513
"11035","diff2",0.0575263157894737
"11036","diff2",0.0312105263157894
"11037","diff2",0.104894736842105
"11038","diff2",-0.00563157894736836
"11039","diff2",0.0259473684210526
"11040","diff2",0.00489473684210535
"11041","diff2",0.0312105263157894
"11042","diff2",-0.0687894736842104
"11043","diff2",0.0364736842105263
"11044","diff2",0.010157894736842
"11045","diff2",0.0154210526315788
"11046","diff2",0.047
"11047","diff2",0.0680526315789474
"11048","diff2",0.0364736842105263
"11049","diff2",-0.0161578947368421
"11050","diff2",-0.0214210526315789
"11051","diff2",0.0891052631578946
"11052","diff2",0.0259473684210526
"11053","diff2",0.0627894736842106
"11054","diff2",-0.0477368421052632
"11055","diff2",0.0206842105263157
"11056","diff2",0.0206842105263157
"11057","diff2",-0.000368421052631504
"11058","diff2",-0.000368421052631726
"11059","diff2",0.010157894736842
"11060","diff2",0.047
"11061","diff2",0.010157894736842
"11062","diff2",0.0259473684210526
"11063","diff2",0.0522631578947369
"11064","diff2",0.0259473684210526
"11065","diff2",0.0522631578947369
"11066","diff2",0.0785789473684212
"11067","diff2",0.0522631578947369
"11068","diff2",0.00489473684210513
"11069","diff2",-0.000368421052631726
"11070","diff2",0.0312105263157894
"11071","diff2",0.0575263157894737
"11072","diff2",0.0312105263157894
"11073","diff2",0.0522631578947369
"11074","diff2",0.0154210526315788
"11075","diff2",0.0206842105263157
"11076","diff2",-0.0319473684210527
"11077","diff2",0.010157894736842
"11078","diff2",0.0522631578947369
"11079","diff2",0.00489473684210535
"11080","diff2",0.0154210526315788
"11081","diff2",-0.00563157894736836
"11082","diff2",0.0733157894736841
"11083","diff2",0.0417368421052631
"11084","diff2",0.0364736842105263
"11085","diff2",0.00489473684210513
"11086","diff2",-0.000368421052631726
"11087","diff2",0.0627894736842106
"11088","diff2",0.0154210526315788
"11089","diff2",0.0364736842105263
"11090","diff2",-0.00563157894736836
"11091","diff2",0.0206842105263157
"11092","diff2",-0.0161578947368421
"11093","diff2",0.0312105263157894
"11094","diff2",-0.0635263157894738
"11095","diff2",0.0364736842105263
"11096","diff2",0.0364736842105263
"11097","diff2",0.0943684210526315
"11098","diff2",0.0627894736842106
"11099","diff2",0.0259473684210526
"11100","diff2",0.0364736842105263
"11101","diff2",-0.0319473684210527
"11102","diff2",0.0154210526315788
"11103","diff2",0.0259473684210526
"11104","diff2",0.010157894736842
"11105","diff2",0.0785789473684209
"11106","diff2",0.00489473684210513
"11107","diff2",0.0312105263157894
"11108","diff2",0.0364736842105263
"11109","diff2",0.010157894736842
"11110","diff2",-0.000368421052631726
"11111","diff2",0.0417368421052631
"11112","diff2",0.0575263157894737
"11113","diff2",0.0206842105263157
"11114","diff2",0.010157894736842
"11115","diff2",0.0312105263157894
"11116","diff2",0.0417368421052631
"11117","diff2",0.010157894736842
"11118","diff2",0.0522631578947369
"11119","diff2",0.047
"11120","diff2",0.00489473684210513
"11121","diff2",0.010157894736842
"11122","diff2",0.0417368421052631
"11123","diff2",0.0259473684210526
"11124","diff2",0.010157894736842
"11125","diff2",0.0206842105263157
"11126","diff2",0.0838421052631578
"11127","diff2",0.010157894736842
"11128","diff2",0.104894736842105
"11129","diff2",-0.0161578947368421
"11130","diff2",0.0259473684210526
"11131","diff2",0.0312105263157894
"11132","diff2",0.047
"11133","diff2",0.0364736842105263
"11134","diff2",-0.0424736842105264
"11135","diff2",0.0785789473684209
"11136","diff2",0.0206842105263157
"11137","diff2",0.0680526315789474
"11138","diff2",-0.0161578947368421
"11139","diff2",0.0680526315789474
"11140","diff2",-0.0108947368421052
"11141","diff2",0.0680526315789474
"11142","diff2",0.047
"11143","diff2",0.047
"11144","diff2",-0.00563157894736836
"11145","diff2",0.0259473684210526
"11146","diff2",0.010157894736842
"11147","diff2",0.0627894736842106
"11148","diff2",-0.0108947368421052
"11149","diff2",0.0785789473684212
"11150","diff2",0.010157894736842
"11151","diff2",0.0364736842105263
"11152","diff2",0.0733157894736841
"11153","diff2",0.00489473684210513
"11154","diff2",0.0259473684210526
"11155","diff2",0.0627894736842106
"11156","diff2",0.010157894736842
"11157","diff2",0.0154210526315788
"11158","diff2",0.0891052631578946
"11159","diff2",0.0417368421052631
"11160","diff2",0.00489473684210513
"11161","diff2",0.0522631578947369
"11162","diff2",0.0680526315789474
"11163","diff2",0.0838421052631578
"11164","diff2",0.047
"11165","diff2",0.010157894736842
"11166","diff2",0.0312105263157894
"11167","diff2",0.0312105263157894
"11168","diff2",0.0312105263157894
"11169","diff2",0.0154210526315788
"11170","diff2",-0.0635263157894738
"11171","diff2",0.0785789473684209
"11172","diff2",-0.000368421052631726
"11173","diff2",-0.000368421052631726
"11174","diff2",0.0522631578947369
"11175","diff2",0.0575263157894737
"11176","diff2",0.0575263157894737
"11177","diff2",0.0364736842105263
"11178","diff2",0.00489473684210513
"11179","diff2",0.0364736842105263
"11180","diff2",0.010157894736842
"11181","diff2",0.0733157894736843
"11182","diff2",0.0206842105263157
"11183","diff2",0.0575263157894737
"11184","diff2",0.0206842105263157
"11185","diff2",-0.0161578947368421
"11186","diff2",0.0575263157894737
"11187","diff2",0.047
"11188","diff2",0.0364736842105263
"11189","diff2",0.104894736842105
"11190","diff2",0.0891052631578946
"11191","diff2",-0.0108947368421052
"11192","diff2",0.0522631578947369
"11193","diff2",-0.00563157894736836
"11194","diff2",0.010157894736842
"11195","diff2",0.0364736842105263
"11196","diff2",0.0312105263157894
"11197","diff2",0.0364736842105263
"11198","diff2",-0.0214210526315789
"11199","diff2",0.0154210526315788
"11200","diff2",0.0154210526315788
"11201","diff2",0.0154210526315788
"11202","diff2",0.0259473684210526
"11203","diff2",0.0891052631578946
"11204","diff2",0.0364736842105263
"11205","diff2",0.047
"11206","diff2",0.0417368421052631
"11207","diff2",0.0785789473684209
"11208","diff2",0.0417368421052631
"11209","diff2",0.0206842105263157
"11210","diff2",0.0259473684210526
"11211","diff2",0.0259473684210526
"11212","diff2",0.0575263157894737
"11213","diff2",-0.0161578947368421
"11214","diff2",0.0206842105263157
"11215","diff2",0.0522631578947369
"11216","diff2",-0.000368421052631504
"11217","diff2",0.0575263157894737
"11218","diff2",0.0259473684210526
"11219","diff2",0.0364736842105263
"11220","diff2",0.0680526315789474
"11221","diff2",0.010157894736842
"11222","diff2",-0.000368421052631726
"11223","diff2",0.0417368421052631
"11224","diff2",0.0417368421052631
"11225","diff2",0.0364736842105263
"11226","diff2",-0.0372105263157895
"11227","diff2",-0.0161578947368421
"11228","diff2",0.010157894736842
"11229","diff2",0.0206842105263157
"11230","diff2",0.0312105263157894
"11231","diff2",0.0522631578947369
"11232","diff2",0.00489473684210535
"11233","diff2",0.0838421052631578
"11234","diff2",0.0627894736842106
"11235","diff2",0.0627894736842106
"11236","diff2",0.0259473684210526
"11237","diff2",-0.0108947368421052
"11238","diff2",0.00489473684210535
"11239","diff2",0.0206842105263157
"11240","diff2",0.0575263157894737
"11241","diff2",-0.0108947368421052
"11242","diff2",-0.0319473684210527
"11243","diff2",0.0206842105263157
"11244","diff2",0.0259473684210526
"11245","diff2",0.00489473684210535
"11246","diff2",-0.0161578947368421
"11247","diff2",0.0312105263157894
"11248","diff2",0.0312105263157894
"11249","diff2",0.00489473684210535
"11250","diff2",0.047
"11251","diff2",0.0943684210526315
"11252","diff2",0.0154210526315788
"11253","diff2",0.115421052631579
"11254","diff2",0.00489473684210513
"11255","diff2",0.0522631578947369
"11256","diff2",0.0312105263157894
"11257","diff2",-0.000368421052631726
"11258","diff2",0.0312105263157894
"11259","diff2",0.0627894736842106
"11260","diff2",0.0627894736842106
"11261","diff2",0.0996315789473684
"11262","diff2",0.0891052631578946
"11263","diff2",0.0364736842105263
"11264","diff2",0.047
"11265","diff2",-0.000368421052631726
"11266","diff2",-0.0214210526315789
"11267","diff2",0.0206842105263157
"11268","diff2",0.047
"11269","diff2",0.0575263157894737
"11270","diff2",-0.0266842105263158
"11271","diff2",0.0364736842105263
"11272","diff2",0.0364736842105263
"11273","diff2",0.0417368421052631
"11274","diff2",0.0364736842105263
"11275","diff2",0.0417368421052631
"11276","diff2",-0.0214210526315789
"11277","diff2",0.0417368421052631
"11278","diff2",0.0417368421052631
"11279","diff2",0.0733157894736841
"11280","diff2",0.00489473684210513
"11281","diff2",0.0259473684210526
"11282","diff2",0.0627894736842106
"11283","diff2",0.0680526315789474
"11284","diff2",-0.0214210526315789
"11285","diff2",0.0838421052631578
"11286","diff2",0.0206842105263157
"11287","diff2",-0.000368421052631726
"11288","diff2",0.0364736842105263
"11289","diff2",0.00489473684210513
"11290","diff2",0.010157894736842
"11291","diff2",0.0680526315789474
"11292","diff2",0.0522631578947369
"11293","diff2",-0.000368421052631504
"11294","diff2",0.115421052631579
"11295","diff2",0.0417368421052631
"11296","diff2",0.0575263157894737
"11297","diff2",-0.000368421052631504
"11298","diff2",0.0680526315789474
"11299","diff2",0.0627894736842106
"11300","diff2",0.0364736842105263
"11301","diff2",0.0312105263157894
"11302","diff2",0.0154210526315788
"11303","diff2",-0.0214210526315789
"11304","diff2",0.010157894736842
"11305","diff2",0.0522631578947369
"11306","diff2",0.00489473684210535
"11307","diff2",0.047
"11308","diff2",0.0364736842105263
"11309","diff2",0.0154210526315788
"11310","diff2",0.0154210526315788
"11311","diff2",0.0312105263157894
"11312","diff2",-0.0161578947368421
"11313","diff2",-0.0319473684210527
"11314","diff2",0.0575263157894737
"11315","diff2",0.0312105263157894
"11316","diff2",0.0154210526315788
"11317","diff2",0.0785789473684209
"11318","diff2",0.0312105263157894
"11319","diff2",0.0312105263157894
"11320","diff2",0.0154210526315788
"11321","diff2",0.104894736842105
"11322","diff2",0.0575263157894737
"11323","diff2",0.0680526315789474
"11324","diff2",0.0575263157894737
"11325","diff2",0.0891052631578946
"11326","diff2",0.0312105263157894
"11327","diff2",-0.00563157894736836
"11328","diff2",-0.00563157894736836
"11329","diff2",0.0154210526315788
"11330","diff2",0.0785789473684209
"11331","diff2",0.0312105263157894
"11332","diff2",0.047
"11333","diff2",0.047
"11334","diff2",0.0943684210526315
"11335","diff2",-0.0214210526315789
"11336","diff2",0.0154210526315788
"11337","diff2",-0.0477368421052632
"11338","diff2",0.047
"11339","diff2",0.0891052631578946
"11340","diff2",0.0312105263157894
"11341","diff2",0.0417368421052631
"11342","diff2",0.0259473684210526
"11343","diff2",0.0417368421052631
"11344","diff2",0.0522631578947369
"11345","diff2",0.0522631578947369
"11346","diff2",0.0522631578947369
"11347","diff2",0.0996315789473684
"11348","diff2",-0.0161578947368421
"11349","diff2",0.0312105263157894
"11350","diff2",0.010157894736842
"11351","diff2",0.0154210526315788
"11352","diff2",-0.0161578947368421
"11353","diff2",0.0259473684210526
"11354","diff2",-0.0214210526315789
"11355","diff2",0.0575263157894737
"11356","diff2",0.0575263157894737
"11357","diff2",0.0575263157894737
"11358","diff2",0.0259473684210526
"11359","diff2",0.0891052631578946
"11360","diff2",0.0733157894736841
"11361","diff2",-0.0161578947368421
"11362","diff2",0.0417368421052631
"11363","diff2",0.010157894736842
"11364","diff2",0.0312105263157894
"11365","diff2",0.0312105263157894
"11366","diff2",0.0733157894736841
"11367","diff2",0.0206842105263157
"11368","diff2",0.0206842105263157
"11369","diff2",0.0364736842105263
"11370","diff2",0.0522631578947369
"11371","diff2",0.0522631578947369
"11372","diff2",0.0312105263157894
"11373","diff2",0.0154210526315788
"11374","diff2",0.0259473684210526
"11375","diff2",0.0575263157894737
"11376","diff2",0.0785789473684209
"11377","diff2",0.00489473684210513
"11378","diff2",0.047
"11379","diff2",0.047
"11380","diff2",0.0575263157894737
"11381","diff2",0.0838421052631578
"11382","diff2",-0.0319473684210527
"11383","diff2",0.0575263157894737
"11384","diff2",0.0259473684210526
"11385","diff2",0.010157894736842
"11386","diff2",-0.0214210526315789
"11387","diff2",0.0312105263157894
"11388","diff2",0.0575263157894737
"11389","diff2",0.0364736842105263
"11390","diff2",0.0417368421052631
"11391","diff2",0.104894736842105
"11392","diff2",0.0206842105263157
"11393","diff2",-0.0108947368421052
"11394","diff2",0.0154210526315788
"11395","diff2",0.0680526315789474
"11396","diff2",0.0154210526315788
"11397","diff2",0.0206842105263157
"11398","diff2",0.0680526315789474
"11399","diff2",0.010157894736842
"11400","diff2",0.0522631578947369
"11401","diff2",0.0312105263157894
"11402","diff2",-0.000368421052631726
"11403","diff2",0.00489473684210513
"11404","diff2",0.120684210526316
"11405","diff2",0.0364736842105263
"11406","diff2",0.0627894736842106
"11407","diff2",0.0259473684210526
"11408","diff2",0.0417368421052631
"11409","diff2",-0.0108947368421052
"11410","diff2",0.010157894736842
"11411","diff2",0.047
"11412","diff2",0.0733157894736841
"11413","diff2",0.010157894736842
"11414","diff2",0.010157894736842
"11415","diff2",0.0891052631578946
"11416","diff2",0.047
"11417","diff2",0.00489473684210513
"11418","diff2",0.010157894736842
"11419","diff2",0.010157894736842
"11420","diff2",-0.0161578947368421
"11421","diff2",0.0680526315789474
"11422","diff2",0.010157894736842
"11423","diff2",0.0206842105263157
"11424","diff2",0.0206842105263157
"11425","diff2",0.0312105263157894
"11426","diff2",0.0627894736842106
"11427","diff2",0.0627894736842106
"11428","diff2",0.0364736842105263
"11429","diff2",0.0680526315789474
"11430","diff2",0.0206842105263157
"11431","diff2",0.0627894736842106
"11432","diff2",0.0206842105263157
"11433","diff2",-0.0161578947368421
"11434","diff2",-0.0424736842105264
"11435","diff2",0.0575263157894737
"11436","diff2",0.0575263157894737
"11437","diff2",-0.00563157894736836
"11438","diff2",0.010157894736842
"11439","diff2",0.0680526315789474
"11440","diff2",0.0522631578947369
"11441","diff2",0.0312105263157894
"11442","diff2",0.0312105263157894
"11443","diff2",0.0996315789473684
"11444","diff2",0.0259473684210526
"11445","diff2",0.0364736842105263
"11446","diff2",-0.084578947368421
"11447","diff2",-0.0108947368421052
"11448","diff2",0.047
"11449","diff2",0.0312105263157894
"11450","diff2",0.0785789473684212
"11451","diff2",0.0627894736842106
"11452","diff2",-0.0161578947368421
"11453","diff2",-0.0108947368421052
"11454","diff2",0.0206842105263157
"11455","diff2",0.0838421052631578
"11456","diff2",-0.0214210526315789
"11457","diff2",0.0154210526315788
"11458","diff2",0.0680526315789474
"11459","diff2",0.0312105263157894
"11460","diff2",0.0575263157894737
"11461","diff2",0.0259473684210526
"11462","diff2",0.010157894736842
"11463","diff2",-0.0424736842105264
"11464","diff2",-0.0266842105263158
"11465","diff2",-0.000368421052631726
"11466","diff2",-0.000368421052631504
"11467","diff2",0.0575263157894737
"11468","diff2",0.0312105263157894
"11469","diff2",0.0522631578947369
"11470","diff2",0.0680526315789474
"11471","diff2",0.0312105263157894
"11472","diff2",0.0206842105263157
"11473","diff2",0.0575263157894737
"11474","diff2",0.047
"11475","diff2",0.0259473684210526
"11476","diff2",-0.0740526315789473
"11477","diff2",0.0364736842105263
"11478","diff2",0.0943684210526315
"11479","diff2",0.010157894736842
"11480","diff2",0.010157894736842
"11481","diff2",0.0627894736842106
"11482","diff2",-0.0108947368421052
"11483","diff2",0.0364736842105263
"11484","diff2",0.0680526315789474
"11485","diff2",0.0206842105263157
"11486","diff2",-0.0372105263157895
"11487","diff2",0.00489473684210535
"11488","diff2",0.0259473684210526
"11489","diff2",0.0312105263157894
"11490","diff2",0.010157894736842
"11491","diff2",-0.000368421052631726
"11492","diff2",-0.0214210526315789
"11493","diff2",0.0627894736842106
"11494","diff2",0.0154210526315788
"11495","diff2",0.0785789473684209
"11496","diff2",0.0364736842105263
"11497","diff2",0.00489473684210513
"11498","diff2",0.0312105263157894
"11499","diff2",0.047
"11500","diff2",-0.00563157894736836
"11501","diff2",-0.0161578947368421
"11502","diff2",0.010157894736842
"11503","diff2",0.0522631578947369
"11504","diff2",-0.0266842105263158
"11505","diff2",0.0575263157894737
"11506","diff2",0.0943684210526315
"11507","diff2",0.0259473684210526
"11508","diff2",0.0785789473684212
"11509","diff2",0.047
"11510","diff2",-0.0161578947368421
"11511","diff2",0.0680526315789474
"11512","diff2",0.00489473684210535
"11513","diff2",0.0522631578947369
"11514","diff2",0.0680526315789474
"11515","diff2",-0.0161578947368421
"11516","diff2",0.0206842105263157
"11517","diff2",0.0522631578947369
"11518","diff2",0.0206842105263157
"11519","diff2",0.0733157894736843
"11520","diff2",0.0522631578947369
"11521","diff2",0.0575263157894737
"11522","diff2",0.0312105263157894
"11523","diff2",0.0417368421052631
"11524","diff2",0.0206842105263157
"11525","diff2",-0.00563157894736836
"11526","diff2",0.0417368421052631
"11527","diff2",0.0733157894736843
"11528","diff2",-0.000368421052631726
"11529","diff2",0.0259473684210526
"11530","diff2",0.047
"11531","diff2",0.0785789473684212
"11532","diff2",0.0312105263157894
"11533","diff2",-0.0424736842105264
"11534","diff2",0.00489473684210535
"11535","diff2",0.0259473684210526
"11536","diff2",0.0364736842105263
"11537","diff2",0.0364736842105263
"11538","diff2",0.0627894736842106
"11539","diff3",0.0891052631578949
"11540","diff3",0.0575263157894737
"11541","diff3",0.0785789473684212
"11542","diff3",0.0259473684210528
"11543","diff3",0.047
"11544","diff3",0.0417368421052631
"11545","diff3",0.0891052631578949
"11546","diff3",0.0522631578947369
"11547","diff3",0.083842105263158
"11548","diff3",0.0575263157894737
"11549","diff3",0.0733157894736843
"11550","diff3",0.104894736842105
"11551","diff3",-0.0214210526315789
"11552","diff3",0.0206842105263157
"11553","diff3",0.0575263157894737
"11554","diff3",-0.0214210526315789
"11555","diff3",0.0680526315789474
"11556","diff3",0.0575263157894737
"11557","diff3",0.0417368421052631
"11558","diff3",0.0259473684210526
"11559","diff3",0.00489473684210535
"11560","diff3",0.104894736842105
"11561","diff3",0.0891052631578946
"11562","diff3",0.0785789473684212
"11563","diff3",0.0206842105263159
"11564","diff3",0.0627894736842106
"11565","diff3",0.0154210526315791
"11566","diff3",0.0733157894736843
"11567","diff3",0.0206842105263157
"11568","diff3",-0.0477368421052632
"11569","diff3",0.0364736842105263
"11570","diff3",0.047
"11571","diff3",0.0522631578947369
"11572","diff3",0.0733157894736843
"11573","diff3",0.131210526315789
"11574","diff3",0.0733157894736843
"11575","diff3",0.047
"11576","diff3",0.0785789473684212
"11577","diff3",0.0101578947368422
"11578","diff3",0.0312105263157894
"11579","diff3",0.0154210526315791
"11580","diff3",0.0575263157894737
"11581","diff3",0.0680526315789474
"11582","diff3",0.0733157894736843
"11583","diff3",0.0206842105263157
"11584","diff3",0.0785789473684212
"11585","diff3",0.0891052631578949
"11586","diff3",0.0206842105263159
"11587","diff3",-0.000368421052631504
"11588","diff3",0.0943684210526317
"11589","diff3",0.0943684210526317
"11590","diff3",0.0522631578947369
"11591","diff3",0.0259473684210526
"11592","diff3",0.047
"11593","diff3",0.0154210526315791
"11594","diff3",0.047
"11595","diff3",0.0259473684210526
"11596","diff3",0.0312105263157894
"11597","diff3",0.0522631578947369
"11598","diff3",-0.0214210526315789
"11599","diff3",0.0785789473684212
"11600","diff3",0.0206842105263157
"11601","diff3",0.047
"11602","diff3",-0.000368421052631504
"11603","diff3",0.00489473684210535
"11604","diff3",0.0206842105263157
"11605","diff3",0.0996315789473684
"11606","diff3",0.0206842105263159
"11607","diff3",0.0943684210526317
"11608","diff3",0.0575263157894737
"11609","diff3",0.047
"11610","diff3",0.0575263157894737
"11611","diff3",0.00489473684210535
"11612","diff3",0.0627894736842106
"11613","diff3",0.0417368421052631
"11614","diff3",0.0891052631578949
"11615","diff3",0.047
"11616","diff3",0.0733157894736843
"11617","diff3",0.0627894736842106
"11618","diff3",0.0154210526315791
"11619","diff3",0.0575263157894737
"11620","diff3",0.0417368421052631
"11621","diff3",0.0101578947368422
"11622","diff3",0.104894736842105
"11623","diff3",0.0785789473684212
"11624","diff3",0.0627894736842106
"11625","diff3",0.0154210526315788
"11626","diff3",0.0785789473684212
"11627","diff3",0.0312105263157894
"11628","diff3",0.0733157894736843
"11629","diff3",0.0627894736842106
"11630","diff3",0.0680526315789474
"11631","diff3",0.0627894736842106
"11632","diff3",0.0312105263157894
"11633","diff3",-0.0108947368421052
"11634","diff3",0.0891052631578949
"11635","diff3",0.083842105263158
"11636","diff3",0.0785789473684212
"11637","diff3",0.0101578947368422
"11638","diff3",0.0417368421052631
"11639","diff3",-0.00563157894736836
"11640","diff3",0.0680526315789474
"11641","diff3",0.0312105263157894
"11642","diff3",0.0417368421052631
"11643","diff3",0.0522631578947369
"11644","diff3",0.0101578947368422
"11645","diff3",0.0364736842105263
"11646","diff3",0.0733157894736843
"11647","diff3",0.0259473684210526
"11648","diff3",0.0785789473684212
"11649","diff3",-0.0477368421052632
"11650","diff3",0.157526315789474
"11651","diff3",0.047
"11652","diff3",0.0627894736842106
"11653","diff3",0.0206842105263157
"11654","diff3",0.115421052631579
"11655","diff3",0.00489473684210535
"11656","diff3",0.0785789473684212
"11657","diff3",0.0259473684210526
"11658","diff3",0.0417368421052631
"11659","diff3",0.110157894736842
"11660","diff3",0.0575263157894737
"11661","diff3",0.0575263157894737
"11662","diff3",-0.0108947368421052
"11663","diff3",0.0522631578947369
"11664","diff3",0.0101578947368422
"11665","diff3",0.047
"11666","diff3",0.0785789473684212
"11667","diff3",0.0733157894736843
"11668","diff3",0.0154210526315791
"11669","diff3",0.0575263157894737
"11670","diff3",0.047
"11671","diff3",0.0522631578947369
"11672","diff3",-0.0214210526315789
"11673","diff3",0.0785789473684212
"11674","diff3",0.0154210526315791
"11675","diff3",0.047
"11676","diff3",-0.000368421052631504
"11677","diff3",0.0785789473684212
"11678","diff3",0.0522631578947369
"11679","diff3",0.083842105263158
"11680","diff3",0.0627894736842106
"11681","diff3",0.0364736842105263
"11682","diff3",0.0680526315789474
"11683","diff3",0.047
"11684","diff3",0.0522631578947369
"11685","diff3",0.0733157894736843
"11686","diff3",0.0522631578947369
"11687","diff3",0.0417368421052631
"11688","diff3",0.0627894736842106
"11689","diff3",0.0312105263157894
"11690","diff3",0.0733157894736843
"11691","diff3",0.0733157894736843
"11692","diff3",0.0312105263157896
"11693","diff3",0.0891052631578949
"11694","diff3",0.0154210526315791
"11695","diff3",0.0259473684210526
"11696","diff3",0.047
"11697","diff3",0.0733157894736843
"11698","diff3",0.0417368421052631
"11699","diff3",0.0259473684210526
"11700","diff3",0.0680526315789474
"11701","diff3",0.0417368421052631
"11702","diff3",0.0259473684210526
"11703","diff3",0.0154210526315791
"11704","diff3",0.083842105263158
"11705","diff3",0.0154210526315788
"11706","diff3",0.0259473684210526
"11707","diff3",0.0943684210526317
"11708","diff3",-0.00563157894736836
"11709","diff3",0.047
"11710","diff3",0.0680526315789474
"11711","diff3",0.0733157894736843
"11712","diff3",0.0627894736842106
"11713","diff3",0.0206842105263157
"11714","diff3",0.0312105263157896
"11715","diff3",0.0522631578947369
"11716","diff3",0.0417368421052631
"11717","diff3",-0.000368421052631504
"11718","diff3",0.0891052631578949
"11719","diff3",0.0943684210526315
"11720","diff3",0.0101578947368422
"11721","diff3",0.0733157894736843
"11722","diff3",0.0680526315789474
"11723","diff3",0.0522631578947369
"11724","diff3",0.0680526315789474
"11725","diff3",0.0154210526315791
"11726","diff3",0.0733157894736843
"11727","diff3",0.0154210526315791
"11728","diff3",0.0575263157894737
"11729","diff3",0.0733157894736843
"11730","diff3",0.0943684210526315
"11731","diff3",-0.0161578947368421
"11732","diff3",0.136473684210526
"11733","diff3",0.0417368421052631
"11734","diff3",0.0206842105263159
"11735","diff3",0.0154210526315791
"11736","diff3",0.047
"11737","diff3",0.0680526315789474
"11738","diff3",0.0522631578947369
"11739","diff3",0.104894736842105
"11740","diff3",0.0785789473684212
"11741","diff3",0.083842105263158
"11742","diff3",0.0312105263157894
"11743","diff3",0.0785789473684212
"11744","diff3",0.0575263157894737
"11745","diff3",0.0627894736842106
"11746","diff3",0.0943684210526315
"11747","diff3",0.00489473684210535
"11748","diff3",0.0312105263157894
"11749","diff3",0.00489473684210535
"11750","diff3",0.115421052631579
"11751","diff3",0.115421052631579
"11752","diff3",0.0312105263157894
"11753","diff3",0.104894736842105
"11754","diff3",0.0101578947368422
"11755","diff3",0.0733157894736843
"11756","diff3",0.0154210526315791
"11757","diff3",0.0417368421052631
"11758","diff3",0.0627894736842106
"11759","diff3",0.047
"11760","diff3",0.0943684210526317
"11761","diff3",0.115421052631579
"11762","diff3",0.0785789473684212
"11763","diff3",0.0627894736842106
"11764","diff3",0.0627894736842106
"11765","diff3",0.047
"11766","diff3",0.0259473684210528
"11767","diff3",0.0680526315789474
"11768","diff3",0.0259473684210526
"11769","diff3",0.0575263157894737
"11770","diff3",0.0154210526315791
"11771","diff3",0.0680526315789474
"11772","diff3",0.0575263157894737
"11773","diff3",0.0312105263157894
"11774","diff3",0.0575263157894737
"11775","diff3",0.0627894736842106
"11776","diff3",0.0680526315789474
"11777","diff3",0.0101578947368422
"11778","diff3",0.0101578947368422
"11779","diff3",0.0891052631578949
"11780","diff3",0.047
"11781","diff3",0.0417368421052631
"11782","diff3",0.0364736842105263
"11783","diff3",0.0575263157894737
"11784","diff3",0.0785789473684212
"11785","diff3",0.0101578947368422
"11786","diff3",0.0259473684210526
"11787","diff3",0.0259473684210528
"11788","diff3",0.0417368421052631
"11789","diff3",0.104894736842105
"11790","diff3",-0.0161578947368421
"11791","diff3",0.0312105263157896
"11792","diff3",0.0575263157894737
"11793","diff3",0.047
"11794","diff3",0.0522631578947369
"11795","diff3",0.0943684210526315
"11796","diff3",0.0733157894736843
"11797","diff3",0.0785789473684212
"11798","diff3",0.0575263157894737
"11799","diff3",0.0627894736842106
"11800","diff3",0.0733157894736843
"11801","diff3",0.0943684210526317
"11802","diff3",0.0417368421052631
"11803","diff3",0.0680526315789474
"11804","diff3",0.0522631578947369
"11805","diff3",0.0680526315789474
"11806","diff3",0.0627894736842106
"11807","diff3",0.0259473684210526
"11808","diff3",0.0627894736842106
"11809","diff3",0.0101578947368422
"11810","diff3",0.0680526315789474
"11811","diff3",0.083842105263158
"11812","diff3",0.0733157894736843
"11813","diff3",0.0101578947368422
"11814","diff3",0.0785789473684212
"11815","diff3",0.0154210526315788
"11816","diff3",0.0785789473684212
"11817","diff3",0.0364736842105263
"11818","diff3",-0.0108947368421052
"11819","diff3",0.0733157894736843
"11820","diff3",0.0575263157894737
"11821","diff3",0.0785789473684212
"11822","diff3",0.0575263157894737
"11823","diff3",0.0206842105263159
"11824","diff3",0.0575263157894737
"11825","diff3",0.0785789473684212
"11826","diff3",-0.00563157894736836
"11827","diff3",0.0996315789473686
"11828","diff3",0.083842105263158
"11829","diff3",0.0417368421052631
"11830","diff3",0.0891052631578949
"11831","diff3",0.083842105263158
"11832","diff3",-0.0266842105263158
"11833","diff3",0.0154210526315791
"11834","diff3",0.0206842105263157
"11835","diff3",0.047
"11836","diff3",0.0891052631578946
"11837","diff3",0.047
"11838","diff3",0.0680526315789474
"11839","diff3",0.0312105263157894
"11840","diff3",0.0364736842105263
"11841","diff3",0.047
"11842","diff3",0.0575263157894737
"11843","diff3",0.0522631578947369
"11844","diff3",0.104894736842105
"11845","diff3",0.0312105263157894
"11846","diff3",0.0522631578947369
"11847","diff3",0.0785789473684212
"11848","diff3",0.0891052631578949
"11849","diff3",0.0785789473684212
"11850","diff3",0.0259473684210526
"11851","diff3",0.0575263157894737
"11852","diff3",0.0259473684210526
"11853","diff3",0.0417368421052631
"11854","diff3",0.104894736842105
"11855","diff3",0.0154210526315791
"11856","diff3",0.0259473684210526
"11857","diff3",0.0891052631578949
"11858","diff3",0.0785789473684212
"11859","diff3",0.047
"11860","diff3",0.083842105263158
"11861","diff3",0.0680526315789474
"11862","diff3",0.0364736842105263
"11863","diff3",0.0154210526315791
"11864","diff3",0.125947368421053
"11865","diff3",0.104894736842105
"11866","diff3",0.0312105263157894
"11867","diff3",0.0575263157894737
"11868","diff3",0.0206842105263159
"11869","diff3",0.0417368421052631
"11870","diff3",0.0575263157894737
"11871","diff3",0.0259473684210528
"11872","diff3",0.0154210526315788
"11873","diff3",0.047
"11874","diff3",0.0891052631578949
"11875","diff3",0.0891052631578949
"11876","diff3",0.0575263157894737
"11877","diff3",0.0417368421052631
"11878","diff3",0.0733157894736843
"11879","diff3",0.0259473684210526
"11880","diff3",0.0943684210526317
"11881","diff3",0.0312105263157894
"11882","diff3",0.0891052631578949
"11883","diff3",0.0627894736842106
"11884","diff3",0.0259473684210526
"11885","diff3",0.047
"11886","diff3",0.0522631578947369
"11887","diff3",0.0785789473684212
"11888","diff3",0.00489473684210535
"11889","diff3",0.0733157894736843
"11890","diff3",0.0154210526315791
"11891","diff3",0.0943684210526317
"11892","diff3",-0.0108947368421052
"11893","diff3",0.0522631578947369
"11894","diff3",0.0733157894736843
"11895","diff3",0.0996315789473686
"11896","diff3",0.0364736842105263
"11897","diff3",0.0891052631578949
"11898","diff3",0.0417368421052631
"11899","diff3",0.0154210526315791
"11900","diff3",0.0733157894736843
"11901","diff3",0.0206842105263159
"11902","diff3",0.0891052631578949
"11903","diff3",0.0575263157894737
"11904","diff3",0.0522631578947369
"11905","diff3",0.0206842105263159
"11906","diff3",0.125947368421053
"11907","diff3",0.0680526315789474
"11908","diff3",0.0417368421052631
"11909","diff3",0.047
"11910","diff3",0.083842105263158
"11911","diff3",0.0364736842105263
"11912","diff3",0.0627894736842106
"11913","diff3",0.110157894736842
"11914","diff3",0.0312105263157894
"11915","diff3",0.0522631578947369
"11916","diff3",0.047
"11917","diff3",0.0943684210526317
"11918","diff3",0.0154210526315791
"11919","diff3",0.0417368421052631
"11920","diff3",0.047
"11921","diff3",0.0891052631578949
"11922","diff3",0.0206842105263159
"11923","diff3",0.0627894736842106
"11924","diff3",0.083842105263158
"11925","diff3",0.0943684210526315
"11926","diff3",0.0575263157894737
"11927","diff3",0.0206842105263159
"11928","diff3",0.0259473684210528
"11929","diff3",0.0312105263157894
"11930","diff3",0.0680526315789474
"11931","diff3",0.0733157894736843
"11932","diff3",0.0364736842105263
"11933","diff3",-0.0108947368421052
"11934","diff3",0.047
"11935","diff3",0.0785789473684212
"11936","diff3",0.0522631578947369
"11937","diff3",0.0259473684210526
"11938","diff3",0.0259473684210528
"11939","diff3",0.0680526315789474
"11940","diff3",0.0627894736842106
"11941","diff3",0.0627894736842106
"11942","diff3",0.0680526315789474
"11943","diff3",0.0785789473684212
"11944","diff3",0.0575263157894737
"11945","diff3",0.0364736842105263
"11946","diff3",0.104894736842105
"11947","diff3",0.0680526315789474
"11948","diff3",0.0312105263157894
"11949","diff3",0.0733157894736843
"11950","diff3",-0.0424736842105261
"11951","diff3",0.0627894736842106
"11952","diff3",0.0575263157894737
"11953","diff3",0.0733157894736843
"11954","diff3",0.0206842105263159
"11955","diff3",0.0575263157894737
"11956","diff3",0.0206842105263159
"11957","diff3",0.00489473684210535
"11958","diff3",-0.0161578947368421
"11959","diff3",0.0891052631578949
"11960","diff3",0.0785789473684212
"11961","diff3",0.0312105263157894
"11962","diff3",0.0417368421052631
"11963","diff3",0.0627894736842106
"11964","diff3",0.0575263157894737
"11965","diff3",0.0522631578947369
"11966","diff3",0.0417368421052631
"11967","diff3",0.0417368421052631
"11968","diff3",0.047
"11969","diff3",0.0259473684210526
"11970","diff3",0.0733157894736843
"11971","diff3",0.047
"11972","diff3",0.0417368421052631
"11973","diff3",0.0733157894736843
"11974","diff3",0.0785789473684212
"11975","diff3",0.0627894736842106
"11976","diff3",0.0733157894736843
"11977","diff3",-0.000368421052631504
"11978","diff3",0.0943684210526315
"11979","diff3",0.0575263157894737
"11980","diff3",0.083842105263158
"11981","diff3",0.0627894736842106
"11982","diff3",0.0733157894736843
"11983","diff3",0.0206842105263157
"11984","diff3",0.0575263157894737
"11985","diff3",0.0785789473684212
"11986","diff3",0.115421052631579
"11987","diff3",0.0575263157894737
"11988","diff3",0.0575263157894737
"11989","diff3",0.0522631578947369
"11990","diff3",-0.00563157894736836
"11991","diff3",0.0101578947368422
"11992","diff3",0.047
"11993","diff3",0.0417368421052631
"11994","diff3",0.110157894736842
"11995","diff3",0.0206842105263157
"11996","diff3",0.0627894736842106
"11997","diff3",0.00489473684210535
"11998","diff3",0.0627894736842106
"11999","diff3",0.0575263157894737
"12000","diff3",0.0627894736842106
"12001","diff3",0.0627894736842106
"12002","diff3",0.0259473684210528
"12003","diff3",0.0522631578947369
"12004","diff3",0.0785789473684212
"12005","diff3",0.0733157894736843
"12006","diff3",0.0522631578947369
"12007","diff3",0.0575263157894737
"12008","diff3",0.0627894736842106
"12009","diff3",0.0627894736842106
"12010","diff3",0.0996315789473684
"12011","diff3",0.0522631578947369
"12012","diff3",0.047
"12013","diff3",0.00489473684210535
"12014","diff3",0.00489473684210535
"12015","diff3",0.0785789473684212
"12016","diff3",0.0575263157894737
"12017","diff3",0.0522631578947369
"12018","diff3",0.0733157894736843
"12019","diff3",0.083842105263158
"12020","diff3",0.0417368421052631
"12021","diff3",0.0680526315789474
"12022","diff3",0.0575263157894737
"12023","diff3",0.0522631578947369
"12024","diff3",0.0733157894736843
"12025","diff3",0.0259473684210526
"12026","diff3",0.0891052631578949
"12027","diff3",0.0785789473684212
"12028","diff3",0.0259473684210526
"12029","diff3",0.0575263157894737
"12030","diff3",0.0259473684210526
"12031","diff3",0.104894736842105
"12032","diff3",0.0891052631578946
"12033","diff3",-0.00563157894736836
"12034","diff3",0.083842105263158
"12035","diff3",0.0417368421052631
"12036","diff3",0.0522631578947369
"12037","diff3",0.0522631578947369
"12038","diff3",0.047
"12039","diff3",0.047
"12040","diff3",0.047
"12041","diff3",0.047
"12042","diff3",0.047
"12043","diff3",0.047
"12044","diff3",0.047
"12045","diff3",0.047
"12046","diff3",0.047
"12047","diff3",0.047
"12048","diff3",0.047
"12049","diff3",0.047
"12050","diff3",0.047
"12051","diff3",0.047
"12052","diff3",0.047
"12053","diff3",0.047
"12054","diff3",0.047
"12055","diff3",0.047
"12056","diff3",0.047
"12057","diff3",0.047
"12058","diff3",0.047
"12059","diff3",0.047
"12060","diff3",0.047
"12061","diff3",0.047
"12062","diff3",0.047
"12063","diff3",0.047
"12064","diff3",0.047
"12065","diff3",0.047
"12066","diff3",0.047
"12067","diff3",0.047
"12068","diff3",0.047
"12069","diff3",0.0154210526315791
"12070","diff3",0.0206842105263159
"12071","diff3",0.0364736842105263
"12072","diff3",0.0206842105263159
"12073","diff3",0.0733157894736843
"12074","diff3",0.083842105263158
"12075","diff3",0.0575263157894737
"12076","diff3",0.110157894736842
"12077","diff3",-0.0214210526315789
"12078","diff3",0.120684210526316
"12079","diff3",0.0154210526315788
"12080","diff3",0.0785789473684212
"12081","diff3",0.047
"12082","diff3",0.0680526315789474
"12083","diff3",0.0259473684210528
"12084","diff3",0.083842105263158
"12085","diff3",0.0522631578947369
"12086","diff3",0.0259473684210526
"12087","diff3",0.0733157894736843
"12088","diff3",0.047
"12089","diff3",0.0154210526315791
"12090","diff3",0.0417368421052631
"12091","diff3",0.0733157894736843
"12092","diff3",0.0259473684210528
"12093","diff3",0.0154210526315791
"12094","diff3",0.0417368421052631
"12095","diff3",0.0364736842105263
"12096","diff3",0.0785789473684212
"12097","diff3",0.047
"12098","diff3",0.110157894736842
"12099","diff3",0.0575263157894737
"12100","diff3",0.0627894736842106
"12101","diff3",0.0575263157894737
"12102","diff3",0.0627894736842106
"12103","diff3",-0.000368421052631504
"12104","diff3",0.0312105263157896
"12105","diff3",0.110157894736842
"12106","diff3",0.0627894736842106
"12107","diff3",-0.0214210526315789
"12108","diff3",0.0417368421052631
"12109","diff3",0.0575263157894737
"12110","diff3",0.0364736842105263
"12111","diff3",0.0522631578947369
"12112","diff3",0.0522631578947369
"12113","diff3",0.110157894736842
"12114","diff3",0.0364736842105263
"12115","diff3",0.083842105263158
"12116","diff3",0.0312105263157894
"12117","diff3",0.0627894736842106
"12118","diff3",0.120684210526316
"12119","diff3",0.0680526315789474
"12120","diff3",0.0943684210526315
"12121","diff3",0.047
"12122","diff3",-0.000368421052631504
"12123","diff3",0.0312105263157894
"12124","diff3",0.0206842105263157
"12125","diff3",0.047
"12126","diff3",0.0522631578947369
"12127","diff3",0.0785789473684212
"12128","diff3",0.0627894736842106
"12129","diff3",0.083842105263158
"12130","diff3",0.00489473684210535
"12131","diff3",0.0522631578947369
"12132","diff3",0.083842105263158
"12133","diff3",0.0364736842105263
"12134","diff3",-0.0108947368421052
"12135","diff3",0.152263157894737
"12136","diff3",0.0259473684210526
"12137","diff3",0.0996315789473684
"12138","diff3",0.0312105263157894
"12139","diff3",0.0680526315789474
"12140","diff3",0.0417368421052631
"12141","diff3",0.0417368421052631
"12142","diff3",0.0522631578947369
"12143","diff3",0.0154210526315791
"12144","diff3",0.0417368421052631
"12145","diff3",0.115421052631579
"12146","diff3",0.047
"12147","diff3",0.0733157894736843
"12148","diff3",0.0680526315789474
"12149","diff3",-0.0477368421052632
"12150","diff3",0.0312105263157894
"12151","diff3",-0.0108947368421052
"12152","diff3",0.0312105263157894
"12153","diff3",0.0575263157894737
"12154","diff3",0.047
"12155","diff3",0.0364736842105263
"12156","diff3",0.0312105263157894
"12157","diff3",0.0312105263157894
"12158","diff3",0.0943684210526317
"12159","diff3",0.0996315789473686
"12160","diff3",0.125947368421053
"12161","diff3",0.0312105263157894
"12162","diff3",0.00489473684210535
"12163","diff3",0.0417368421052631
"12164","diff3",0.0101578947368422
"12165","diff3",0.0364736842105263
"12166","diff3",0.083842105263158
"12167","diff3",0.00489473684210535
"12168","diff3",0.0101578947368422
"12169","diff3",0.047
"12170","diff3",0.0785789473684212
"12171","diff3",0.0417368421052631
"12172","diff3",0.0785789473684212
"12173","diff3",0.0417368421052631
"12174","diff3",0.0680526315789474
"12175","diff3",0.0680526315789474
"12176","diff3",0.0627894736842106
"12177","diff3",0.0259473684210526
"12178","diff3",0.0417368421052631
"12179","diff3",0.0206842105263157
"12180","diff3",0.0364736842105263
"12181","diff3",0.0575263157894737
"12182","diff3",0.104894736842105
"12183","diff3",0.0364736842105263
"12184","diff3",0.0522631578947369
"12185","diff3",0.083842105263158
"12186","diff3",0.0522631578947369
"12187","diff3",0.0154210526315791
"12188","diff3",0.0259473684210526
"12189","diff3",0.120684210526316
"12190","diff3",0.0364736842105263
"12191","diff3",0.0312105263157894
"12192","diff3",0.0259473684210526
"12193","diff3",0.0575263157894737
"12194","diff3",0.0785789473684212
"12195","diff3",0.0680526315789474
"12196","diff3",0.0417368421052631
"12197","diff3",0.0312105263157894
"12198","diff3",0.0259473684210526
"12199","diff3",0.0575263157894737
"12200","diff3",0.0943684210526317
"12201","diff3",0.0522631578947369
"12202","diff3",0.0206842105263157
"12203","diff3",0.0627894736842106
"12204","diff3",0.0785789473684212
"12205","diff3",0.115421052631579
"12206","diff3",0.047
"12207","diff3",0.047
"12208","diff3",0.047
"12209","diff3",0.0417368421052631
"12210","diff3",0.047
"12211","diff3",0.0154210526315791
"12212","diff3",0.083842105263158
"12213","diff3",0.0680526315789474
"12214","diff3",-0.0214210526315789
"12215","diff3",0.0943684210526315
"12216","diff3",0.0627894736842106
"12217","diff3",0.0364736842105263
"12218","diff3",0.047
"12219","diff3",0.0785789473684212
"12220","diff3",-0.0266842105263158
"12221","diff3",0.0575263157894737
"12222","diff3",0.0785789473684212
"12223","diff3",0.0733157894736843
"12224","diff3",0.0943684210526317
"12225","diff3",-0.0214210526315789
"12226","diff3",0.0259473684210526
"12227","diff3",0.0364736842105263
"12228","diff3",0.0785789473684212
"12229","diff3",0.0522631578947369
"12230","diff3",0.0417368421052631
"12231","diff3",0.00489473684210535
"12232","diff3",-0.00563157894736836
"12233","diff3",0.0785789473684212
"12234","diff3",0.0680526315789474
"12235","diff3",0.0417368421052631
"12236","diff3",0.0627894736842106
"12237","diff3",0.047
"12238","diff3",0.0522631578947369
"12239","diff3",0.0575263157894737
"12240","diff3",0.0575263157894737
"12241","diff3",0.0575263157894737
"12242","diff3",0.0101578947368422
"12243","diff3",0.0575263157894737
"12244","diff3",-0.0108947368421052
"12245","diff3",0.0785789473684212
"12246","diff3",0.0364736842105263
"12247","diff3",0.0312105263157894
"12248","diff3",0.083842105263158
"12249","diff3",0.0154210526315788
"12250","diff3",-0.0319473684210527
"12251","diff3",0.00489473684210535
"12252","diff3",0.0680526315789474
"12253","diff3",0.0417368421052631
"12254","diff3",0.0417368421052631
"12255","diff3",0.00489473684210535
"12256","diff3",0.0680526315789474
"12257","diff3",0.0417368421052631
"12258","diff3",-0.0161578947368421
"12259","diff3",0.0627894736842106
"12260","diff3",0.0733157894736843
"12261","diff3",0.0785789473684212
"12262","diff3",0.0259473684210526
"12263","diff3",0.083842105263158
"12264","diff3",0.110157894736842
"12265","diff3",0.0785789473684212
"12266","diff3",0.047
"12267","diff3",0.0154210526315791
"12268","diff3",0.136473684210526
"12269","diff3",0.131210526315789
"12270","diff3",0.0522631578947369
"12271","diff3",0.0206842105263159
"12272","diff3",0.0417368421052631
"12273","diff3",0.0627894736842106
"12274","diff3",0.0417368421052631
"12275","diff3",0.0785789473684212
"12276","diff3",0.0417368421052631
"12277","diff3",0.0575263157894737
"12278","diff3",0.083842105263158
"12279","diff3",0.0785789473684212
"12280","diff3",0.047
"12281","diff3",-0.000368421052631504
"12282","diff3",0.0417368421052631
"12283","diff3",0.0680526315789474
"12284","diff3",0.0575263157894737
"12285","diff3",0.0364736842105263
"12286","diff3",0.0417368421052631
"12287","diff3",0.047
"12288","diff3",0.0575263157894737
"12289","diff3",0.0785789473684212
"12290","diff3",0.104894736842105
"12291","diff3",0.00489473684210535
"12292","diff3",0.0733157894736843
"12293","diff3",0.0680526315789474
"12294","diff3",0.0996315789473684
"12295","diff3",0.0733157894736843
"12296","diff3",0.0364736842105263
"12297","diff3",0.0785789473684212
"12298","diff3",0.0312105263157894
"12299","diff3",0.0312105263157894
"12300","diff3",0.0680526315789474
"12301","diff3",0.110157894736842
"12302","diff3",0.0996315789473684
"12303","diff3",0.0417368421052631
"12304","diff3",0.0417368421052631
"12305","diff3",0.0206842105263159
"12306","diff3",0.0627894736842106
"12307","diff3",0.047
"12308","diff3",0.0575263157894737
"12309","diff3",0.0259473684210526
"12310","diff3",0.0627894736842106
"12311","diff3",0.0627894736842106
"12312","diff3",0.0680526315789474
"12313","diff3",0.141736842105263
"12314","diff3",0.0785789473684212
"12315","diff3",0.0206842105263157
"12316","diff3",0.0417368421052631
"12317","diff3",0.0680526315789474
"12318","diff3",0.0680526315789474
"12319","diff3",0.0575263157894737
"12320","diff3",0.0312105263157894
"12321","diff3",0.0575263157894737
"12322","diff3",0.0154210526315791
"12323","diff3",0.0154210526315791
"12324","diff3",0.047
"12325","diff3",0.0627894736842106
"12326","diff3",0.0680526315789474
"12327","diff3",0.0627894736842106
"12328","diff3",0.104894736842105
"12329","diff3",0.0101578947368422
"12330","diff3",0.0522631578947369
"12331","diff3",0.0575263157894737
"12332","diff3",0.0312105263157894
"12333","diff3",0.0364736842105263
"12334","diff3",0.0943684210526317
"12335","diff3",0.0680526315789474
"12336","diff3",0.0627894736842106
"12337","diff3",0.0627894736842106
"12338","diff3",0.0259473684210526
"12339","diff3",0.0680526315789474
"12340","diff3",0.0785789473684212
"12341","diff3",0.0575263157894737
"12342","diff3",0.047
"12343","diff3",0.0206842105263159
"12344","diff3",0.104894736842105
"12345","diff3",0.115421052631579
"12346","diff3",0.0785789473684212
"12347","diff3",0.0680526315789474
"12348","diff3",0.0627894736842106
"12349","diff3",0.0522631578947369
"12350","diff3",0.0680526315789474
"12351","diff3",0.0680526315789474
"12352","diff3",0.0627894736842106
"12353","diff3",0.0522631578947369
"12354","diff3",-0.0161578947368421
"12355","diff3",0.0891052631578949
"12356","diff3",0.0575263157894737
"12357","diff3",0.0733157894736843
"12358","diff3",0.0312105263157894
"12359","diff3",0.0101578947368422
"12360","diff3",0.083842105263158
"12361","diff3",0.083842105263158
"12362","diff3",0.083842105263158
"12363","diff3",0.0575263157894737
"12364","diff3",0.0259473684210526
"12365","diff3",0.0733157894736843
"12366","diff3",0.0627894736842106
"12367","diff3",0.0575263157894737
"12368","diff3",0.0575263157894737
"12369","diff3",0.047
"12370","diff3",0.0891052631578949
"12371","diff3",0.047
"12372","diff3",0.0154210526315791
"12373","diff3",0.0259473684210528
"12374","diff3",0.0522631578947369
"12375","diff3",0.0417368421052631
"12376","diff3",0.047
"12377","diff3",0.0996315789473686
"12378","diff3",0.0733157894736843
"12379","diff3",-0.000368421052631504
"12380","diff3",0.0891052631578949
"12381","diff3",0.110157894736842
"12382","diff3",0.0154210526315791
"12383","diff3",0.0627894736842106
"12384","diff3",0.0943684210526317
"12385","diff3",0.0733157894736843
"12386","diff3",0.0206842105263159
"12387","diff3",0.0154210526315791
"12388","diff3",0.047
"12389","diff3",0.0785789473684212
"12390","diff3",0.0785789473684212
"12391","diff3",0.0364736842105263
"12392","diff3",0.0680526315789474
"12393","diff3",0.0627894736842106
"12394","diff3",0.0575263157894737
"12395","diff3",0.0206842105263157
"12396","diff3",0.0364736842105263
"12397","diff3",0.0312105263157894
"12398","diff3",0.0312105263157894
"12399","diff3",0.0943684210526315
"12400","diff3",0.0206842105263159
"12401","diff3",-0.0161578947368421
"12402","diff3",0.0996315789473684
"12403","diff3",0.0996315789473686
"12404","diff3",0.0680526315789474
"12405","diff3",0.0891052631578949
"12406","diff3",0.047
"12407","diff3",-0.000368421052631504
"12408","diff3",0.104894736842105
"12409","diff3",0.104894736842105
"12410","diff3",0.0312105263157894
"12411","diff3",0.0522631578947369
"12412","diff3",0.0627894736842106
"12413","diff3",0.0627894736842106
"12414","diff3",0.0522631578947369
"12415","diff3",0.0101578947368422
"12416","diff3",0.0785789473684212
"12417","diff3",0.131210526315789
"12418","diff3",-0.0161578947368421
"12419","diff3",0.110157894736842
"12420","diff3",0.0680526315789474
"12421","diff3",0.047
"12422","diff3",0.0733157894736843
"12423","diff3",0.0364736842105263
"12424","diff3",0.120684210526316
"12425","diff3",0.0101578947368422
"12426","diff3",0.0522631578947369
"12427","diff3",0.047
"12428","diff3",0.0627894736842106
"12429","diff3",0.0417368421052631
"12430","diff3",0.0575263157894737
"12431","diff3",0.0891052631578949
"12432","diff3",0.0943684210526317
"12433","diff3",0.0575263157894737
"12434","diff3",0.0417368421052631
"12435","diff3",0.0996315789473684
"12436","diff3",0.0680526315789474
"12437","diff3",0.0680526315789474
"12438","diff3",0.0206842105263159
"12439","diff3",-0.0424736842105264
"12440","diff3",0.0154210526315791
"12441","diff3",0.0627894736842106
"12442","diff3",0.0522631578947369
"12443","diff3",0.0101578947368422
"12444","diff3",-0.00563157894736836
"12445","diff3",0.0575263157894737
"12446","diff3",0.104894736842105
"12447","diff3",0.0891052631578949
"12448","diff3",0.0733157894736843
"12449","diff3",0.0575263157894737
"12450","diff3",0.104894736842105
"12451","diff3",0.047
"12452","diff3",0.047
"12453","diff3",0.0206842105263159
"12454","diff3",0.125947368421053
"12455","diff3",0.0522631578947369
"12456","diff3",0.0733157894736843
"12457","diff3",0.0206842105263159
"12458","diff3",0.0154210526315791
"12459","diff3",-0.0214210526315789
"12460","diff3",0.00489473684210535
"12461","diff3",0.0733157894736843
"12462","diff3",0.141736842105263
"12463","diff3",0.0627894736842106
"12464","diff3",0.0943684210526317
"12465","diff3",0.047
"12466","diff3",0.0206842105263157
"12467","diff3",0.0364736842105263
"12468","diff3",0.0522631578947369
"12469","diff3",-0.0372105263157895
"12470","diff3",0.0312105263157894
"12471","diff3",0.0943684210526317
"12472","diff3",0.0996315789473684
"12473","diff3",0.0575263157894737
"12474","diff3",0.0785789473684212
"12475","diff3",-0.00563157894736836
"12476","diff3",0.0733157894736843
"12477","diff3",0.00489473684210535
"12478","diff3",0.010157894736842
"12479","diff3",0.047
"12480","diff3",0.0785789473684212
"12481","diff3",0.0101578947368422
"12482","diff3",0.0206842105263157
"12483","diff3",0.083842105263158
"12484","diff3",0.0627894736842106
"12485","diff3",0.0996315789473686
"12486","diff3",0.0154210526315791
"12487","diff3",0.0680526315789474
"12488","diff3",0.0733157894736843
"12489","diff3",0.0312105263157894
"12490","diff3",0.0417368421052631
"12491","diff3",0.0522631578947369
"12492","diff3",0.0680526315789474
"12493","diff3",0.0259473684210526
"12494","diff3",0.0522631578947369
"12495","diff3",0.047
"12496","diff3",0.0627894736842106
"12497","diff3",0.0891052631578949
"12498","diff3",0.0575263157894737
"12499","diff3",0.110157894736842
"12500","diff3",0.0733157894736843
"12501","diff3",0.0417368421052631
"12502","diff3",0.0996315789473684
"12503","diff3",0.0785789473684212
"12504","diff3",0.0101578947368422
"12505","diff3",0.0627894736842106
"12506","diff3",0.0364736842105263
"12507","diff3",0.0259473684210528
"12508","diff3",0.0627894736842106
"12509","diff3",0.0522631578947369
"12510","diff3",0.0680526315789474
"12511","diff3",0.0206842105263157
"12512","diff3",0.0522631578947369
"12513","diff3",0.0733157894736843
"12514","diff3",0.0575263157894737
"12515","diff3",0.0154210526315791
"12516","diff3",0.0943684210526317
"12517","diff3",0.0785789473684212
"12518","diff3",0.047
"12519","diff3",0.0680526315789474
"12520","diff3",0.0364736842105263
"12521","diff3",0.104894736842105
"12522","diff3",0.0259473684210526
"12523","diff3",0.0785789473684212
"12524","diff3",0.0575263157894737
"12525","diff3",0.0259473684210528
"12526","diff3",-0.00563157894736836
"12527","diff3",0.0206842105263157
"12528","diff3",0.0891052631578949
"12529","diff3",0.0943684210526317
"12530","diff3",0.0417368421052631
"12531","diff3",0.0259473684210528
"12532","diff3",0.0312105263157894
"12533","diff3",0.0364736842105263
"12534","diff3",0.0259473684210526
"12535","diff3",0.125947368421053
"12536","diff3",0.083842105263158
"12537","diff3",0.0680526315789474
"12538","diff3",0.0943684210526315
"12539","diff3",0.0575263157894737
"12540","diff3",0.0101578947368422
"12541","diff3",0.0891052631578949
"12542","diff3",0.0891052631578949
"12543","diff3",0.0785789473684212
"12544","diff3",0.0627894736842106
"12545","diff3",0.120684210526316
"12546","diff3",0.0154210526315788
"12547","diff3",0.0627894736842106
"12548","diff3",0.0575263157894737
"12549","diff3",0.0364736842105263
"12550","diff3",0.0785789473684212
"12551","diff3",0.047
"12552","diff3",0.0206842105263159
"12553","diff3",0.0364736842105263
"12554","diff3",0.0733157894736843
"12555","diff3",0.0206842105263159
"12556","diff3",0.0575263157894737
"12557","diff3",0.047
"12558","diff3",0.0891052631578949
"12559","diff3",0.0259473684210528
"12560","diff3",0.0680526315789474
"12561","diff3",0.0733157894736843
"12562","diff3",0.0522631578947369
"12563","diff3",0.0417368421052631
"12564","diff3",0.0101578947368422
"12565","diff3",0.0733157894736843
"12566","diff3",0.0522631578947369
"12567","diff3",0.0154210526315791
"12568","diff3",0.0785789473684212
"12569","diff3",0.0733157894736843
"12570","diff3",-0.0161578947368421
"12571","diff3",0.0575263157894737
"12572","diff3",0.047
"12573","diff3",0.0522631578947369
"12574","diff3",0.0522631578947369
"12575","diff3",0.083842105263158
"12576","diff3",0.0627894736842106
"12577","diff3",0.00489473684210535
"12578","diff3",0.0733157894736843
"12579","diff3",0.0785789473684212
"12580","diff3",0.0312105263157894
"12581","diff3",0.0206842105263159
"12582","diff3",0.0259473684210526
"12583","diff3",0.0417368421052631
"12584","diff3",-0.000368421052631504
"12585","diff3",0.0206842105263159
"12586","diff3",0.0680526315789474
"12587","diff3",0.0206842105263159
"12588","diff3",0.0575263157894737
"12589","diff3",0.0575263157894737
"12590","diff3",0.0101578947368422
"12591","diff3",0.0785789473684212
"12592","diff3",0.0522631578947369
"12593","diff3",0.0259473684210526
"12594","diff3",0.0417368421052631
"12595","diff3",0.0785789473684212
"12596","diff3",0.0312105263157894
"12597","diff3",0.0206842105263159
"12598","diff3",0.0417368421052631
"12599","diff3",0.0154210526315791
"12600","diff3",0.00489473684210535
"12601","diff3",0.120684210526316
"12602","diff3",0.0417368421052631
"12603","diff3",0.0312105263157896
"12604","diff3",0.0312105263157894
"12605","diff3",0.0733157894736843
"12606","diff3",0.0733157894736843
"12607","diff3",0.047
"12608","diff3",0.083842105263158
"12609","diff3",0.0785789473684212
"12610","diff3",0.0733157894736843
"12611","diff3",0.0259473684210526
"12612","diff3",0.0680526315789474
"12613","diff3",0.047
"12614","diff3",0.083842105263158
"12615","diff3",0.083842105263158
"12616","diff3",0.0206842105263159
"12617","diff3",0.00489473684210535
"12618","diff3",0.0943684210526317
"12619","diff3",0.0522631578947369
"12620","diff3",0.0364736842105263
"12621","diff3",-0.00563157894736836
"12622","diff3",0.047
"12623","diff3",0.0206842105263159
"12624","diff3",0.0575263157894737
"12625","diff3",0.00489473684210535
"12626","diff3",0.0522631578947369
"12627","diff3",-0.00563157894736836
"12628","diff3",0.0206842105263157
"12629","diff3",0.047
"12630","diff3",0.0417368421052631
"12631","diff3",0.0680526315789474
"12632","diff3",0.0680526315789474
"12633","diff3",0.047
"12634","diff3",0.0996315789473686
"12635","diff3",0.047
"12636","diff3",-0.0108947368421052
"12637","diff3",0.047
"12638","diff3",0.0627894736842106
"12639","diff3",0.0312105263157894
"12640","diff3",0.104894736842105
"12641","diff3",0.0680526315789474
"12642","diff3",0.110157894736842
"12643","diff3",0.0627894736842106
"12644","diff3",0.0627894736842106
"12645","diff3",0.0996315789473684
"12646","diff3",0.0259473684210526
"12647","diff3",0.0891052631578949
"12648","diff3",0.0259473684210526
"12649","diff3",0.0522631578947369
"12650","diff3",0.0680526315789474
"12651","diff3",0.0259473684210526
"12652","diff3",-0.0161578947368421
"12653","diff3",0.0680526315789474
"12654","diff3",0.0996315789473684
"12655","diff3",0.0522631578947369
"12656","diff3",0.0522631578947369
"12657","diff3",0.0206842105263159
"12658","diff3",0.047
"12659","diff3",0.0575263157894737
"12660","diff3",0.0364736842105263
"12661","diff3",0.0575263157894737
"12662","diff3",0.0417368421052631
"12663","diff3",0.00489473684210535
"12664","diff3",-0.0161578947368421
"12665","diff3",0.104894736842105
"12666","diff3",0.0575263157894737
"12667","diff3",0.0522631578947369
"12668","diff3",0.0417368421052631
"12669","diff3",0.0417368421052631
"12670","diff3",0.0785789473684212
"12671","diff3",0.141736842105263
"12672","diff3",0.0259473684210526
"12673","diff3",0.0206842105263157
"12674","diff3",0.0733157894736843
"12675","diff3",0.0522631578947369
"12676","diff3",0.0680526315789474
"12677","diff3",0.0575263157894737
"12678","diff3",0.0522631578947369
"12679","diff3",0.0101578947368422
"12680","diff3",0.0154210526315791
"12681","diff3",0.0733157894736843
"12682","diff3",0.00489473684210535
"12683","diff3",0.0575263157894737
"12684","diff3",0.047
"12685","diff3",0.0522631578947369
"12686","diff3",0.0522631578947369
"12687","diff3",0.0259473684210528
"12688","diff3",0.083842105263158
"12689","diff3",0.0206842105263159
"12690","diff3",0.0522631578947369
"12691","diff3",-0.0161578947368421
"12692","diff3",0.0259473684210528
"12693","diff3",-0.0161578947368421
"12694","diff3",0.047
"12695","diff3",0.00489473684210535
"12696","diff3",0.0364736842105263
"12697","diff3",0.0785789473684212
"12698","diff3",0.0101578947368422
"12699","diff3",0.047
"12700","diff3",0.0522631578947369
"12701","diff3",0.047
"12702","diff3",0.047
"12703","diff3",0.047
"12704","diff3",0.0575263157894737
"12705","diff3",0.0891052631578949
"12706","diff3",0.0733157894736843
"12707","diff3",0.0101578947368422
"12708","diff3",0.0364736842105263
"12709","diff3",0.131210526315789
"12710","diff3",0.0627894736842106
"12711","diff3",0.0943684210526317
"12712","diff3",0.120684210526316
"12713","diff3",0.0680526315789474
"12714","diff3",0.0891052631578949
"12715","diff3",0.083842105263158
"12716","diff3",0.0680526315789474
"12717","diff3",0.0785789473684212
"12718","diff3",0.047
"12719","diff3",0.0575263157894737
"12720","diff3",0.0627894736842106
"12721","diff3",0.0680526315789474
"12722","diff3",0.047
"12723","diff3",0.115421052631579
"12724","diff3",0.0943684210526317
"12725","diff3",0.0943684210526315
"12726","diff3",0.0627894736842106
"12727","diff3",0.0891052631578949
"12728","diff3",0.0259473684210526
"12729","diff3",0.0680526315789474
"12730","diff3",0.0785789473684212
"12731","diff3",0.0364736842105263
"12732","diff3",0.131210526315789
"12733","diff3",0.0627894736842106
"12734","diff3",-0.00563157894736836
"12735","diff3",0.00489473684210535
"12736","diff3",-0.00563157894736836
"12737","diff3",0.0733157894736843
"12738","diff3",0.0627894736842106
"12739","diff3",0.0101578947368422
"12740","diff3",0.0891052631578949
"12741","diff3",0.00489473684210535
"12742","diff3",0.0891052631578949
"12743","diff3",0.0259473684210526
"12744","diff3",0.0259473684210526
"12745","diff3",0.0101578947368422
"12746","diff3",0.0891052631578949
"12747","diff3",0.0154210526315791
"12748","diff3",0.0312105263157894
"12749","diff3",0.115421052631579
"12750","diff3",-0.0161578947368421
"12751","diff3",0.0996315789473686
"12752","diff3",0.0154210526315791
"12753","diff3",0.0943684210526317
"12754","diff3",0.0417368421052631
"12755","diff3",0.0154210526315791
"12756","diff3",0.047
"12757","diff3",0.083842105263158
"12758","diff3",0.0627894736842106
"12759","diff3",0.0522631578947369
"12760","diff3",0.0312105263157894
"12761","diff3",0.0627894736842106
"12762","diff3",-0.000368421052631504
"12763","diff3",-0.0319473684210527
"12764","diff3",0.0680526315789474
"12765","diff3",0.0312105263157894
"12766","diff3",0.0312105263157894
"12767","diff3",0.0627894736842106
"12768","diff3",0.083842105263158
"12769","diff3",0.083842105263158
"12770","diff3",0.0206842105263159
"12771","diff3",0.0575263157894737
"12772","diff3",0.0996315789473686
"12773","diff3",0.047
"12774","diff3",0.0417368421052631
"12775","diff3",0.083842105263158
"12776","diff3",0.0996315789473686
"12777","diff3",0.083842105263158
"12778","diff3",0.0417368421052631
"12779","diff3",0.0627894736842106
"12780","diff3",0.0733157894736843
"12781","diff3",0.00489473684210535
"12782","diff3",0.0259473684210528
"12783","diff3",0.0206842105263157
"12784","diff3",0.0943684210526317
"12785","diff3",0.0575263157894737
"12786","diff3",0.0575263157894737
"12787","diff3",0.00489473684210535
"12788","diff3",0.0680526315789474
"12789","diff3",0.0680526315789474
"12790","diff3",0.0996315789473684
"12791","diff3",0.083842105263158
"12792","diff3",0.0417368421052631
"12793","diff3",0.0575263157894737
"12794","diff3",0.0364736842105263
"12795","diff3",0.0522631578947369
"12796","diff3",-0.000368421052631504
"12797","diff3",0.0733157894736843
"12798","diff3",0.083842105263158
"12799","diff3",0.0522631578947369
"12800","diff3",0.0417368421052631
"12801","diff3",0.0680526315789474
"12802","diff3",0.0891052631578949
"12803","diff3",0.0417368421052631
"12804","diff3",0.0680526315789474
"12805","diff3",0.0733157894736843
"12806","diff3",0.0733157894736843
"12807","diff3",0.0943684210526317
"12808","diff3",0.0364736842105263
"12809","diff3",0.115421052631579
"12810","diff3",0.0364736842105263
"12811","diff3",0.0259473684210528
"12812","diff3",0.0627894736842106
"12813","diff3",0.0417368421052631
"12814","diff3",0.0575263157894737
"12815","diff3",0.0575263157894737
"12816","diff3",0.0575263157894737
"12817","diff3",-0.0582631578947367
"12818","diff3",0.083842105263158
"12819","diff3",0.0364736842105263
"12820","diff3",0.0627894736842106
"12821","diff3",0.0733157894736843
"12822","diff3",0.0364736842105263
"12823","diff3",0.0891052631578949
"12824","diff3",-0.0161578947368421
"12825","diff3",0.0575263157894737
"12826","diff3",0.0733157894736843
"12827","diff3",0.115421052631579
"12828","diff3",0.0943684210526317
"12829","diff3",0.00489473684210535
"12830","diff3",0.0259473684210526
"12831","diff3",0.0996315789473686
"12832","diff3",0.00489473684210535
"12833","diff3",0.0364736842105263
"12834","diff3",0.0522631578947369
"12835","diff3",0.0364736842105263
"12836","diff3",0.0101578947368422
"12837","diff3",0.0996315789473686
"12838","diff3",0.0627894736842106
"12839","diff3",0.0575263157894737
"12840","diff3",0.0575263157894737
"12841","diff3",0.110157894736842
"12842","diff3",0.047
"12843","diff3",0.0575263157894737
"12844","diff3",0.110157894736842
"12845","diff3",0.047
"12846","diff3",0.0575263157894737
"12847","diff3",0.0259473684210528
"12848","diff3",0.0996315789473686
"12849","diff3",0.0417368421052631
"12850","diff3",0.0417368421052631
"12851","diff3",0.0206842105263157
"12852","diff3",0.0364736842105263
"12853","diff3",0.083842105263158
"12854","diff3",0.0575263157894737
"12855","diff3",0.047
"12856","diff3",0.0154210526315791
"12857","diff3",0.083842105263158
"12858","diff3",0.0680526315789474
"12859","diff3",0.0522631578947369
"12860","diff3",0.0733157894736843
"12861","diff3",0.047
"12862","diff3",0.125947368421053
"12863","diff3",0.047
"12864","diff3",0.083842105263158
"12865","diff3",0.0943684210526317
"12866","diff3",0.00489473684210535
"12867","diff3",0.0627894736842106
"12868","diff3",0.0522631578947369
"12869","diff3",0.0627894736842106
"12870","diff3",0.0522631578947369
"12871","diff3",0.0733157894736843
"12872","diff3",0.00489473684210535
"12873","diff3",0.0733157894736843
"12874","diff3",0.0312105263157894
"12875","diff3",0.0785789473684212
"12876","diff3",0.047
"12877","diff3",0.0364736842105263
"12878","diff3",0.0627894736842106
"12879","diff3",0.0785789473684212
"12880","diff3",0.083842105263158
"12881","diff3",0.0733157894736843
"12882","diff3",0.0680526315789474
"12883","diff3",0.0680526315789474
"12884","diff3",0.0101578947368422
"12885","diff3",0.047
"12886","diff3",0.0733157894736843
"12887","diff3",0.0575263157894737
"12888","diff3",0.0785789473684212
"12889","diff3",0.0575263157894737
"12890","diff3",0.047
"12891","diff3",0.083842105263158
"12892","diff3",0.083842105263158
"12893","diff3",0.0996315789473684
"12894","diff3",0.0943684210526317
"12895","diff3",0.0627894736842106
"12896","diff3",0.0785789473684212
"12897","diff3",0.0101578947368422
"12898","diff3",0.0785789473684212
"12899","diff3",0.0575263157894737
"12900","diff3",0.0627894736842106
"12901","diff3",0.0733157894736843
"12902","diff3",0.0996315789473684
"12903","diff3",0.0154210526315791
"12904","diff3",0.0627894736842106
"12905","diff3",0.0522631578947369
"12906","diff3",0.0575263157894737
"12907","diff3",0.0891052631578949
"12908","diff3",-0.0214210526315789
"12909","diff3",0.0891052631578949
"12910","diff3",0.0364736842105263
"12911","diff3",0.0522631578947369
"12912","diff3",0.104894736842105
"12913","diff3",-0.00563157894736836
"12914","diff3",0.0575263157894737
"12915","diff3",0.0364736842105263
"12916","diff3",0.0417368421052631
"12917","diff3",0.0733157894736843
"12918","diff3",0.0522631578947369
"12919","diff3",0.0522631578947369
"12920","diff3",0.0312105263157894
"12921","diff3",0.0627894736842106
"12922","diff3",0.0680526315789474
"12923","diff3",0.0364736842105263
"12924","diff3",0.0417368421052631
"12925","diff3",0.0785789473684212
"12926","diff3",0.0364736842105263
"12927","diff3",0.0259473684210526
"12928","diff3",-0.0266842105263158
"12929","diff3",0.0575263157894737
"12930","diff3",-0.000368421052631504
"12931","diff3",0.120684210526316
"12932","diff3",0.0575263157894737
"12933","diff3",0.0417368421052631
"12934","diff3",0.0575263157894737
"12935","diff3",0.0101578947368422
"12936","diff3",0.0575263157894737
"12937","diff3",0.0364736842105263
"12938","diff3",-0.000368421052631504
"12939","diff3",0.047
"12940","diff3",0.120684210526316
"12941","diff3",0.0680526315789474
"12942","diff3",0.0154210526315791
"12943","diff3",0.0259473684210526
"12944","diff3",0.0996315789473684
"12945","diff3",0.0154210526315791
"12946","diff3",0.0417368421052631
"12947","diff3",0.0891052631578949
"12948","diff3",0.0785789473684212
"12949","diff3",0.131210526315789
"12950","diff3",-0.0214210526315789
"12951","diff3",0.0259473684210526
"12952","diff3",0.0522631578947369
"12953","diff3",0.0891052631578949
"12954","diff3",0.0680526315789474
"12955","diff3",0.0312105263157894
"12956","diff3",0.0627894736842106
"12957","diff3",0.0733157894736843
"12958","diff3",0.0627894736842106
"12959","diff3",0.0154210526315791
"12960","diff3",0.0575263157894737
"12961","diff3",-0.00563157894736836
"12962","diff3",0.0785789473684212
"12963","diff3",0.0364736842105263
"12964","diff3",0.0417368421052631
"12965","diff3",0.0101578947368422
"12966","diff3",0.0996315789473684
"12967","diff3",0.0364736842105263
"12968","diff3",0.115421052631579
"12969","diff3",0.0417368421052631
"12970","diff3",-0.000368421052631504
"12971","diff3",0.047
"12972","diff3",0.0522631578947369
"12973","diff3",0.0785789473684212
"12974","diff3",0.0101578947368422
"12975","diff3",0.0206842105263157
"12976","diff3",0.0154210526315791
"12977","diff3",0.083842105263158
"12978","diff3",0.0733157894736843
"12979","diff3",0.0680526315789474
"12980","diff3",0.0206842105263159
"12981","diff3",0.0785789473684212
"12982","diff3",0.104894736842105
"12983","diff3",0.0627894736842106
"12984","diff3",0.0785789473684212
"12985","diff3",0.0996315789473684
"12986","diff3",0.0259473684210528
"12987","diff3",0.047
"12988","diff3",0.0680526315789474
"12989","diff3",0.0364736842105263
"12990","diff3",0.0101578947368422
"12991","diff3",0.0943684210526317
"12992","diff3",-0.0161578947368421
"12993","diff3",0.0733157894736843
"12994","diff3",0.0312105263157894
"12995","diff3",0.00489473684210535
"12996","diff3",-0.0372105263157895
"12997","diff3",0.083842105263158
"12998","diff3",0.0627894736842106
"12999","diff3",0.0417368421052631
"13000","diff3",0.0522631578947369
"13001","diff3",-0.0108947368421052
"13002","diff3",0.0522631578947369
"13003","diff3",0.0206842105263157
"13004","diff3",0.0259473684210526
"13005","diff3",0.0206842105263157
"13006","diff3",0.0312105263157894
"13007","diff3",0.104894736842105
"13008","diff3",0.0996315789473686
"13009","diff3",0.0733157894736843
"13010","diff3",0.0312105263157894
"13011","diff3",0.0312105263157894
"13012","diff3",0.0206842105263159
"13013","diff3",0.0364736842105263
"13014","diff3",0.0259473684210526
"13015","diff3",0.0154210526315791
"13016","diff3",0.0680526315789474
"13017","diff3",0.0417368421052631
"13018","diff3",0.0575263157894737
"13019","diff3",0.00489473684210535
"13020","diff3",0.0627894736842106
"13021","diff3",0.0785789473684212
"13022","diff3",0.0996315789473684
"13023","diff3",0.0575263157894737
"13024","diff3",0.00489473684210535
"13025","diff3",0.0206842105263159
"13026","diff3",-0.0319473684210527
"13027","diff3",0.0733157894736843
"13028","diff3",0.0154210526315791
"13029","diff3",0.0259473684210526
"13030","diff3",0.0733157894736843
"13031","diff3",0.0891052631578949
"13032","diff3",0.0733157894736843
"13033","diff3",0.110157894736842
"13034","diff3",0.0522631578947369
"13035","diff3",0.0575263157894737
"13036","diff3",0.0522631578947369
"13037","diff3",0.083842105263158
"13038","diff3",0.0417368421052631
"13039","diff3",0.0259473684210526
"13040","diff3",0.0733157894736843
"13041","diff3",0.0522631578947369
"13042","diff3",0.0312105263157894
"13043","diff3",0.0627894736842106
"13044","diff3",0.0680526315789474
"13045","diff3",0.0259473684210526
"13046","diff3",-0.00563157894736836
"13047","diff3",0.083842105263158
"13048","diff3",0.0312105263157894
"13049","diff3",0.0312105263157894
"13050","diff3",-0.0214210526315789
"13051","diff3",0.047
"13052","diff3",0.104894736842105
"13053","diff3",0.047
"13054","diff3",0.047
"13055","diff3",0.0364736842105263
"13056","diff3",0.0627894736842106
"13057","diff3",0.0364736842105263
"13058","diff3",0.0417368421052631
"13059","diff3",0.0575263157894737
"13060","diff3",0.0206842105263159
"13061","diff3",0.0943684210526317
"13062","diff3",0.0206842105263159
"13063","diff3",0.0312105263157894
"13064","diff3",0.0364736842105263
"13065","diff3",0.0943684210526317
"13066","diff3",0.0364736842105263
"13067","diff3",0.0680526315789474
"13068","diff3",0.00489473684210535
"13069","diff3",-0.0319473684210527
"13070","diff3",0.0154210526315791
"13071","diff3",0.0364736842105263
"13072","diff3",0.0891052631578949
"13073","diff3",0.047
"13074","diff3",0.0891052631578949
"13075","diff3",0.047
"13076","diff3",0.047
"13077","diff3",0.0312105263157894
"13078","diff3",0.0259473684210526
"13079","diff3",0.047
"13080","diff3",0.0627894736842106
"13081","diff3",0.0154210526315791
"13082","diff3",-0.00563157894736836
"13083","diff3",0.0312105263157894
"13084","diff3",0.0522631578947369
"13085","diff3",0.0575263157894737
"13086","diff3",0.0259473684210526
"13087","diff3",0.0627894736842106
"13088","diff3",0.0101578947368422
"13089","diff3",0.0943684210526315
"13090","diff3",0.0996315789473684
"13091","diff3",0.0943684210526315
"13092","diff3",0.0627894736842106
"13093","diff3",0.0364736842105263
"13094","diff3",0.0575263157894737
"13095","diff3",0.0575263157894737
"13096","diff3",0.083842105263158
"13097","diff3",0.0627894736842106
"13098","diff3",0.115421052631579
"13099","diff3",0.0996315789473684
"13100","diff3",0.0785789473684212
"13101","diff3",0.0364736842105263
"13102","diff3",0.0364736842105263
"13103","diff3",0.0312105263157894
"13104","diff3",0.0943684210526315
"13105","diff3",0.0154210526315791
"13106","diff3",0.0522631578947369
"13107","diff3",0.0785789473684212
"13108","diff3",0.0575263157894737
"13109","diff3",0.0785789473684212
"13110","diff3",0.0364736842105263
"13111","diff3",0.0364736842105263
"13112","diff3",0.0785789473684212
"13113","diff3",0.083842105263158
"13114","diff3",0.0891052631578949
"13115","diff3",0.115421052631579
"13116","diff3",0.00489473684210535
"13117","diff3",0.00489473684210535
"13118","diff3",0.0312105263157894
"13119","diff3",0.104894736842105
"13120","diff3",0.0154210526315791
"13121","diff3",0.083842105263158
"13122","diff3",0.0680526315789474
"13123","diff3",0.0733157894736843
"13124","diff3",0.0206842105263159
"13125","diff3",0.0996315789473686
"13126","diff3",0.0733157894736843
"13127","diff3",0.0891052631578949
"13128","diff3",0.115421052631579
"13129","diff3",0.0785789473684212
"13130","diff3",0.0575263157894737
"13131","diff3",-0.00563157894736836
"13132","diff3",0.125947368421053
"13133","diff3",0.0259473684210526
"13134","diff3",0.0943684210526317
"13135","diff3",-0.000368421052631504
"13136","diff3",0.0627894736842106
"13137","diff3",0.0364736842105263
"13138","diff3",0.0575263157894737
"13139","diff3",0.0417368421052631
"13140","diff3",0.0522631578947369
"13141","diff3",0.0259473684210528
"13142","diff3",0.0785789473684212
"13143","diff3",0.0364736842105263
"13144","diff3",-0.0266842105263158
"13145","diff3",0.0785789473684212
"13146","diff3",0.0627894736842106
"13147","diff3",0.047
"13148","diff3",0.0364736842105263
"13149","diff3",0.0101578947368422
"13150","diff3",0.0312105263157894
"13151","diff3",0.0364736842105263
"13152","diff3",0.047
"13153","diff3",0.0364736842105263
"13154","diff3",-0.0161578947368421
"13155","diff3",0.0627894736842106
"13156","diff3",0.0943684210526315
"13157","diff3",0.104894736842105
"13158","diff3",0.0206842105263159
"13159","diff3",0.0259473684210528
"13160","diff3",0.0154210526315791
"13161","diff3",0.0259473684210526
"13162","diff3",0.0417368421052631
"13163","diff3",0.0154210526315791
"13164","diff3",0.110157894736842
"13165","diff3",0.0943684210526317
"13166","diff3",0.0891052631578949
"13167","diff3",0.0575263157894737
"13168","diff3",0.0522631578947369
"13169","diff3",0.083842105263158
"13170","diff3",0.0627894736842106
"13171","diff3",0.0417368421052631
"13172","diff3",0.0522631578947369
"13173","diff3",0.0312105263157894
"13174","diff3",0.0575263157894737
"13175","diff3",0.0575263157894737
"13176","diff3",0.0522631578947369
"13177","diff3",0.047
"13178","diff3",0.047
"13179","diff3",0.0364736842105263
"13180","diff3",0.0733157894736843
"13181","diff3",0.0891052631578949
"13182","diff3",0.0312105263157894
"13183","diff3",0.0575263157894737
"13184","diff3",0.047
"13185","diff3",-0.00563157894736836
"13186","diff3",0.0575263157894737
"13187","diff3",0.110157894736842
"13188","diff3",0.0206842105263157
"13189","diff3",0.0943684210526317
"13190","diff3",0.0627894736842106
"13191","diff3",0.0522631578947369
"13192","diff3",0.083842105263158
"13193","diff3",0.0575263157894737
"13194","diff3",0.0996315789473684
"13195","diff3",0.047
"13196","diff3",0.0785789473684212
"13197","diff3",0.0627894736842106
"13198","diff3",0.0259473684210526
"13199","diff3",0.0101578947368422
"13200","diff3",0.0417368421052631
"13201","diff3",0.0627894736842106
"13202","diff3",0.0627894736842106
"13203","diff3",0.0522631578947369
"13204","diff3",0.0680526315789474
"13205","diff3",0.0417368421052631
"13206","diff3",0.0417368421052631
"13207","diff3",0.0312105263157894
"13208","diff3",0.0575263157894737
"13209","diff3",0.083842105263158
"13210","diff3",0.0522631578947369
"13211","diff3",0.083842105263158
"13212","diff3",0.0891052631578949
"13213","diff3",0.0101578947368422
"13214","diff3",0.0680526315789474
"13215","diff3",0.0785789473684212
"13216","diff3",-0.000368421052631504
"13217","diff3",0.0364736842105263
"13218","diff3",0.125947368421053
"13219","diff3",0.0575263157894737
"13220","diff3",0.0417368421052631
"13221","diff3",0.0522631578947369
"13222","diff3",0.0575263157894737
"13223","diff3",0.0101578947368422
"13224","diff3",0.0943684210526317
"13225","diff3",0.047
"13226","diff3",0.0259473684210528
"13227","diff3",0.0943684210526317
"13228","diff3",0.0259473684210528
"13229","diff3",0.0206842105263157
"13230","diff3",0.0785789473684212
"13231","diff3",0.0627894736842106
"13232","diff3",0.0259473684210526
"13233","diff3",0.0154210526315791
"13234","diff3",0.0733157894736843
"13235","diff3",0.047
"13236","diff3",0.0733157894736843
"13237","diff3",0.0364736842105263
"13238","diff3",0.0627894736842106
"13239","diff3",0.0996315789473686
"13240","diff3",0.0259473684210526
"13241","diff3",0.0417368421052631
"13242","diff3",0.0785789473684212
"13243","diff3",0.0891052631578949
"13244","diff3",0.083842105263158
"13245","diff3",0.0101578947368422
"13246","diff3",0.0364736842105263
"13247","diff3",0.136473684210526
"13248","diff3",0.0522631578947369
"13249","diff3",-0.000368421052631504
"13250","diff3",0.0312105263157894
"13251","diff3",0.0680526315789474
"13252","diff3",0.0206842105263159
"13253","diff3",0.0733157894736843
"13254","diff3",0.0575263157894737
"13255","diff3",0.0627894736842106
"13256","diff3",0.0259473684210526
"13257","diff3",0.0417368421052631
"13258","diff3",0.120684210526316
"13259","diff3",0.0206842105263157
"13260","diff3",0.0785789473684212
"13261","diff3",0.0312105263157894
"13262","diff3",0.0522631578947369
"13263","diff3",0.0312105263157894
"13264","diff3",0.0522631578947369
"13265","diff3",0.0680526315789474
"13266","diff3",0.0733157894736843
"13267","diff3",-0.00563157894736836
"13268","diff3",0.083842105263158
"13269","diff3",-0.0108947368421052
"13270","diff3",0.0575263157894737
"13271","diff3",0.047
"13272","diff3",0.0154210526315791
"13273","diff3",0.0996315789473686
"13274","diff3",0.0627894736842106
"13275","diff3",0.0575263157894737
"13276","diff3",0.0733157894736843
"13277","diff3",0.0364736842105263
"13278","diff3",0.0259473684210526
"13279","diff3",0.083842105263158
"13280","diff3",0.0575263157894737
"13281","diff3",0.083842105263158
"13282","diff3",0.0680526315789474
"13283","diff3",0.0154210526315791
"13284","diff3",0.0417368421052631
"13285","diff3",0.0891052631578949
"13286","diff3",0.0680526315789474
"13287","diff3",0.0522631578947369
"13288","diff3",0.00489473684210535
"13289","diff3",0.0680526315789474
"13290","diff3",0.00489473684210535
"13291","diff3",0.0680526315789474
"13292","diff3",0.0522631578947369
"13293","diff3",0.0785789473684212
"13294","diff3",-0.00563157894736836
"13295","diff3",0.0259473684210528
"13296","diff3",0.0627894736842106
"13297","diff3",0.047
"13298","diff3",0.0364736842105263
"13299","diff3",0.0575263157894737
"13300","diff3",0.0259473684210526
"13301","diff3",0.047
"13302","diff3",-0.000368421052631504
"13303","diff3",0.0785789473684212
"13304","diff3",0.0575263157894737
"13305","diff3",0.0417368421052631
"13306","diff3",0.047
"13307","diff3",0.0680526315789474
"13308","diff3",0.0733157894736843
"13309","diff3",0.0996315789473686
"13310","diff3",0.0680526315789474
"13311","diff3",-0.00563157894736836
"13312","diff3",0.0733157894736843
"13313","diff3",0.0259473684210528
"13314","diff3",0.0996315789473684
"13315","diff3",0.110157894736842
"13316","diff3",0.0364736842105263
"13317","diff3",0.104894736842105
"13318","diff3",0.0627894736842106
"13319","diff3",0.0627894736842106
"13320","diff3",0.0259473684210526
"13321","diff3",0.104894736842105
"13322","diff3",0.0575263157894737
"13323","diff3",0.047
"13324","diff3",0.0575263157894737
"13325","diff3",0.047
"13326","diff3",0.0733157894736843
"13327","diff3",0.0943684210526317
"13328","diff3",0.083842105263158
"13329","diff3",0.0101578947368422
"13330","diff3",0.0101578947368422
"13331","diff3",0.0522631578947369
"13332","diff3",0.0733157894736843
"13333","diff3",0.0680526315789474
"13334","diff3",0.00489473684210535
"13335","diff3",0.0680526315789474
"13336","diff3",0.0154210526315791
"13337","diff3",0.0101578947368422
"13338","diff3",0.0996315789473686
"13339","diff3",-0.000368421052631504
"13340","diff3",0.0206842105263157
"13341","diff3",0.0417368421052631
"13342","diff3",0.0627894736842106
"13343","diff3",0.0522631578947369
"13344","diff3",0.0785789473684212
"13345","diff3",0.0364736842105263
"13346","diff3",0.0417368421052631
"13347","diff3",0.0154210526315788
"13348","diff3",0.0417368421052631
"13349","diff3",0.047
"13350","diff3",0.0680526315789474
"13351","diff3",0.0101578947368422
"13352","diff3",0.047
"13353","diff3",0.0259473684210526
"13354","diff3",0.104894736842105
"13355","diff3",0.0259473684210526
"13356","diff3",0.0522631578947369
"13357","diff3",0.0364736842105263
"13358","diff3",0.0312105263157894
"13359","diff3",0.0312105263157894
"13360","diff3",0.0312105263157894
"13361","diff3",0.0259473684210526
"13362","diff3",0.0627894736842106
"13363","diff3",0.083842105263158
"13364","diff3",0.047
"13365","diff3",0.0312105263157894
"13366","diff3",0.0785789473684212
"13367","diff3",0.0627894736842106
"13368","diff3",0.0522631578947369
"13369","diff3",0.0259473684210526
"13370","diff3",-0.0108947368421052
"13371","diff3",0.047
"13372","diff3",0.00489473684210535
"13373","diff3",-0.00563157894736836
"13374","diff3",0.083842105263158
"13375","diff3",0.0785789473684212
"13376","diff3",0.0733157894736843
"13377","diff3",0.0154210526315791
"13378","diff3",0.0680526315789474
"13379","diff3",0.0417368421052631
"13380","diff3",0.0154210526315791
"13381","diff3",0.0364736842105263
"13382","diff3",0.0996315789473686
"13383","diff3",0.0364736842105263
"13384","diff3",0.0891052631578949
"13385","diff3",0.047
"13386","diff3",0.0943684210526317
"13387","diff3",-0.0161578947368421
"13388","diff3",0.0101578947368422
"13389","diff3",0.0259473684210526
"13390","diff3",0.0101578947368422
"13391","diff3",0.0154210526315791
"13392","diff3",0.0943684210526317
"13393","diff3",0.0154210526315791
"13394","diff3",0.0575263157894737
"13395","diff3",-0.000368421052631504
"13396","diff3",0.0522631578947369
"13397","diff3",0.0259473684210528
"13398","diff3",0.0522631578947369
"13399","diff3",0.0312105263157894
"13400","diff3",0.0575263157894737
"13401","diff3",-0.000368421052631504
"13402","diff3",0.0364736842105263
"13403","diff3",0.0891052631578949
"13404","diff3",0.0891052631578949
"13405","diff3",-0.0266842105263158
"13406","diff3",0.0680526315789474
"13407","diff3",0.0522631578947369
"13408","diff3",0.0101578947368422
"13409","diff3",0.0891052631578949
"13410","diff3",0.0364736842105263
"13411","diff3",0.120684210526316
"13412","diff3",0.104894736842105
"13413","diff3",0.00489473684210535
"13414","diff3",0.0417368421052631
"13415","diff3",0.0785789473684212
"13416","diff3",0.0680526315789474
"13417","diff3",0.0206842105263159
"13418","diff3",0.0680526315789474
"13419","diff3",-0.00563157894736836
"13420","diff3",-0.000368421052631504
"13421","diff3",-0.0161578947368421
"13422","diff3",0.0101578947368422
"13423","diff3",0.0785789473684209
"13424","diff3",0.047
"13425","diff3",0.0259473684210526
"13426","diff3",0.0259473684210526
"13427","diff3",0.0154210526315791
"13428","diff3",0.0312105263157894
"13429","diff3",0.0627894736842106
"13430","diff3",0.0627894736842106
"13431","diff3",0.110157894736842
"13432","diff3",0.0785789473684212
"13433","diff3",-0.000368421052631504
"13434","diff3",0.0312105263157894
"13435","diff3",0.0733157894736843
"13436","diff3",0.047
"13437","diff3",0.0312105263157894
"13438","diff3",0.0206842105263159
"13439","diff3",0.0417368421052631
"13440","diff3",0.0575263157894737
"13441","diff3",0.083842105263158
"13442","diff3",0.0627894736842106
"13443","diff3",-0.000368421052631504
"13444","diff3",0.0417368421052631
"13445","diff3",0.0522631578947369
"13446","diff3",0.0312105263157894
"13447","diff3",0.0891052631578946
"13448","diff3",0.0522631578947369
"13449","diff3",0.0522631578947369
"13450","diff3",0.0680526315789474
"13451","diff3",0.0733157894736843
"13452","diff3",0.0575263157894737
"13453","diff3",0.0785789473684212
"13454","diff3",0.0680526315789474
"13455","diff3",0.0733157894736843
"13456","diff3",-0.000368421052631504
"13457","diff3",0.0575263157894737
"13458","diff3",0.0943684210526317
"13459","diff3",0.120684210526316
"13460","diff3",0.0785789473684212
"13461","diff3",0.0364736842105263
"13462","diff3",0.104894736842105
"13463","diff3",0.0680526315789474
"13464","diff3",0.0312105263157894
"13465","diff3",0.0627894736842106
"13466","diff3",0.0575263157894737
"13467","diff3",0.0312105263157894
"13468","diff3",0.0206842105263157
"13469","diff3",0.0312105263157894
"13470","diff3",0.115421052631579
"13471","diff3",0.0522631578947369
"13472","diff3",0.0417368421052631
"13473","diff3",0.0417368421052631
"13474","diff3",0.0154210526315791
"13475","diff3",0.0522631578947369
"13476","diff3",0.0417368421052631
"13477","diff3",0.0575263157894737
"13478","diff3",0.0680526315789474
"13479","diff3",0.0680526315789474
"13480","diff3",0.047
"13481","diff3",-0.0214210526315789
"13482","diff3",0.0891052631578949
"13483","diff3",0.0522631578947369
"13484","diff3",0.0575263157894737
"13485","diff3",0.0943684210526317
"13486","diff3",0.0575263157894737
"13487","diff3",0.047
"13488","diff3",0.0733157894736843
"13489","diff3",0.0259473684210528
"13490","diff3",0.0575263157894737
"13491","diff3",0.0785789473684212
"13492","diff3",0.0733157894736843
"13493","diff3",0.0733157894736843
"13494","diff3",0.0680526315789474
"13495","diff3",0.0206842105263159
"13496","diff3",0.0627894736842106
"13497","diff3",0.0364736842105263
"13498","diff3",0.0259473684210526
"13499","diff3",0.0206842105263159
"13500","diff3",0.047
"13501","diff3",0.0154210526315791
"13502","diff3",0.0575263157894737
"13503","diff3",0.0101578947368422
"13504","diff3",0.0785789473684212
"13505","diff3",0.0206842105263159
"13506","diff3",0.083842105263158
"13507","diff3",0.0785789473684212
"13508","diff3",0.0522631578947369
"13509","diff3",0.0785789473684212
"13510","diff3",0.0627894736842106
"13511","diff3",0.0417368421052631
"13512","diff3",0.083842105263158
"13513","diff3",0.0259473684210528
"13514","diff3",0.083842105263158
"13515","diff3",0.0259473684210526
"13516","diff3",0.104894736842105
"13517","diff3",0.0312105263157894
"13518","diff3",0.0417368421052631
"13519","diff3",0.047
"13520","diff3",0.0680526315789474
"13521","diff3",-0.0161578947368421
"13522","diff3",0.0259473684210526
"13523","diff3",0.0733157894736843
"13524","diff3",0.0733157894736843
"13525","diff3",0.047
"13526","diff3",0.0259473684210526
"13527","diff3",0.0417368421052631
"13528","diff3",0.0627894736842106
"13529","diff3",0.0733157894736843
"13530","diff3",0.0733157894736843
"13531","diff3",0.0522631578947369
"13532","diff3",0.0733157894736843
"13533","diff3",0.120684210526316
"13534","diff3",0.0259473684210528
"13535","diff3",0.0680526315789474
"13536","diff3",0.0522631578947369
"13537","diff3",0.0522631578947369
"13538","diff3",0.0522631578947369
"13539","diff3",0.0364736842105263
"13540","diff3",0.0522631578947369
"13541","diff3",0.0891052631578949
"13542","diff3",0.0627894736842106
"13543","diff3",0.0206842105263159
"13544","diff3",0.00489473684210535
"13545","diff3",0.0364736842105263
"13546","diff3",0.0733157894736843
"13547","diff3",0.00489473684210535
"13548","diff3",0.0154210526315791
"13549","diff3",0.0680526315789474
"13550","diff3",0.0733157894736843
"13551","diff3",0.0312105263157894
"13552","diff3",0.0627894736842106
"13553","diff3",0.0259473684210526
"13554","diff3",0.047
"13555","diff3",0.0259473684210526
"13556","diff3",0.0943684210526317
"13557","diff3",0.131210526315789
"13558","diff3",0.0206842105263157
"13559","diff3",0.0522631578947369
"13560","diff3",0.0627894736842106
"13561","diff3",0.0206842105263159
"13562","diff3",0.0259473684210528
"13563","diff3",0.00489473684210535
"13564","diff3",0.0891052631578949
"13565","diff3",-0.0214210526315789
"13566","diff3",0.0522631578947369
"13567","diff3",0.104894736842105
"13568","diff3",0.0996315789473684
"13569","diff3",0.0312105263157894
"13570","diff3",0.0364736842105263
"13571","diff3",0.0522631578947369
"13572","diff3",0.0627894736842106
"13573","diff3",0.047
"13574","diff3",0.0364736842105263
"13575","diff3",0.083842105263158
"13576","diff3",0.0364736842105263
"13577","diff3",0.0575263157894737
"13578","diff3",0.104894736842105
"13579","diff3",0.047
"13580","diff3",0.0522631578947369
"13581","diff3",0.0627894736842106
"13582","diff3",0.0575263157894737
"13583","diff3",0.0627894736842106
"13584","diff3",0.0733157894736843
"13585","diff3",0.0522631578947369
"13586","diff3",0.0259473684210528
"13587","diff3",0.083842105263158
"13588","diff3",0.0891052631578949
"13589","diff3",0.0575263157894737
"13590","diff3",0.0522631578947369
"13591","diff3",0.0575263157894737
"13592","diff3",0.0627894736842106
"13593","diff3",0.083842105263158
"13594","diff3",0.0680526315789474
"13595","diff3",0.0627894736842106
"13596","diff3",0.0522631578947369
"13597","diff3",0.0522631578947369
"13598","diff3",0.0627894736842106
"13599","diff3",0.0785789473684212
"13600","diff3",0.0417368421052631
"13601","diff3",0.0154210526315791
"13602","diff3",0.0522631578947369
"13603","diff3",0.0575263157894737
"13604","diff3",0.0680526315789474
"13605","diff3",0.104894736842105
"13606","diff3",0.0312105263157894
"13607","diff3",0.047
"13608","diff3",0.0206842105263159
"13609","diff3",0.0627894736842106
"13610","diff3",0.0680526315789474
"13611","diff3",0.0943684210526315
"13612","diff3",0.0312105263157894
"13613","diff3",0.131210526315789
"13614","diff3",0.0891052631578949
"13615","diff3",0.0733157894736843
"13616","diff3",0.0206842105263157
"13617","diff3",0.0259473684210526
"13618","diff3",0.0154210526315791
"13619","diff3",0.110157894736842
"13620","diff3",0.0627894736842106
"13621","diff3",0.0154210526315788
"13622","diff3",0.0575263157894737
"13623","diff3",0.0943684210526317
"13624","diff3",0.0312105263157894
"13625","diff3",0.0785789473684212
"13626","diff3",0.0680526315789474
"13627","diff3",0.0522631578947369
"13628","diff3",0.0259473684210526
"13629","diff3",0.0522631578947369
"13630","diff3",0.0312105263157894
"13631","diff3",0.0627894736842106
"13632","diff3",0.0417368421052631
"13633","diff3",0.0575263157894737
"13634","diff3",0.110157894736842
"13635","diff3",0.110157894736842
"13636","diff3",0.0522631578947369
"13637","diff3",0.0101578947368422
"13638","diff3",0.0733157894736843
"13639","diff3",0.083842105263158
"13640","diff3",0.0101578947368422
"13641","diff3",0.047
"13642","diff3",0.0575263157894737
"13643","diff3",0.047
"13644","diff3",0.0575263157894737
"13645","diff3",0.047
"13646","diff3",0.0259473684210528
"13647","diff3",0.0417368421052631
"13648","diff3",0.0522631578947369
"13649","diff3",0.0627894736842106
"13650","diff3",0.0154210526315791
"13651","diff3",0.0733157894736843
"13652","diff3",0.0522631578947369
"13653","diff3",0.047
"13654","diff3",0.0680526315789474
"13655","diff3",0.0259473684210528
"13656","diff3",-0.0214210526315789
"13657","diff3",0.0364736842105263
"13658","diff3",0.0785789473684212
"13659","diff3",0.0575263157894737
"13660","diff3",0.0680526315789474
"13661","diff3",-0.00563157894736836
"13662","diff3",0.0943684210526317
"13663","diff3",0.0259473684210526
"13664","diff3",0.0575263157894737
"13665","diff3",0.115421052631579
"13666","diff3",0.00489473684210535
"13667","diff3",0.0733157894736843
"13668","diff3",0.083842105263158
"13669","diff3",0.0101578947368422
"13670","diff3",0.0627894736842106
"13671","diff3",0.104894736842105
"13672","diff3",0.0259473684210526
"13673","diff3",-0.000368421052631504
"13674","diff3",0.0785789473684212
"13675","diff3",0.0154210526315791
"13676","diff3",0.0417368421052631
"13677","diff3",0.0785789473684212
"13678","diff3",-0.0214210526315789
"13679","diff3",0.0627894736842106
"13680","diff3",0.0364736842105263
"13681","diff3",0.0680526315789474
"13682","diff3",0.0891052631578949
"13683","diff3",0.104894736842105
"13684","diff3",0.104894736842105
"13685","diff3",0.115421052631579
"13686","diff3",0.131210526315789
"13687","diff3",0.0522631578947369
"13688","diff3",0.0522631578947369
"13689","diff3",0.083842105263158
"13690","diff3",0.0312105263157894
"13691","diff3",0.0575263157894737
"13692","diff3",0.0680526315789474
"13693","diff3",0.0364736842105263
"13694","diff3",0.0101578947368422
"13695","diff3",0.0785789473684212
"13696","diff3",0.0101578947368422
"13697","diff3",0.0680526315789474
"13698","diff3",0.0891052631578949
"13699","diff3",0.0680526315789474
"13700","diff3",-0.0108947368421052
"13701","diff3",0.0733157894736843
"13702","diff3",0.0101578947368422
"13703","diff3",0.0364736842105263
"13704","diff3",0.0575263157894737
"13705","diff3",0.0417368421052631
"13706","diff3",0.0364736842105263
"13707","diff3",0.0206842105263159
"13708","diff3",0.0785789473684212
"13709","diff3",0.0785789473684212
"13710","diff3",0.0680526315789474
"13711","diff3",0.0206842105263159
"13712","diff3",0.0680526315789474
"13713","diff3",0.0206842105263157
"13714","diff3",0.0891052631578949
"13715","diff3",0.0259473684210528
"13716","diff3",-0.0214210526315789
"13717","diff3",0.0575263157894737
"13718","diff3",0.047
"13719","diff3",0.125947368421053
"13720","diff3",0.0891052631578949
"13721","diff3",0.0522631578947369
"13722","diff3",0.0733157894736843
"13723","diff3",0.0259473684210528
"13724","diff3",0.0996315789473686
"13725","diff3",0.047
"13726","diff3",0.0259473684210526
"13727","diff3",0.0627894736842106
"13728","diff3",0.0575263157894737
"13729","diff3",0.0733157894736843
"13730","diff3",0.0206842105263159
"13731","diff3",0.0312105263157894
"13732","diff3",0.0680526315789474
"13733","diff3",0.0680526315789474
"13734","diff3",0.083842105263158
"13735","diff3",0.0680526315789474
"13736","diff3",0.0154210526315791
"13737","diff3",0.0627894736842106
"13738","diff3",0.0680526315789474
"13739","diff3",0.0312105263157894
"13740","diff3",0.0575263157894737
"13741","diff3",0.083842105263158
"13742","diff3",0.047
"13743","diff3",0.0627894736842106
"13744","diff3",0.0522631578947369
"13745","diff3",0.0101578947368422
"13746","diff3",0.0154210526315791
"13747","diff3",-0.0108947368421052
"13748","diff3",0.047
"13749","diff3",0.0733157894736843
"13750","diff3",0.0575263157894737
"13751","diff3",-0.000368421052631504
"13752","diff3",0.0522631578947369
"13753","diff3",0.104894736842105
"13754","diff3",0.0627894736842106
"13755","diff3",0.104894736842105
"13756","diff3",0.0785789473684212
"13757","diff3",0.0996315789473684
"13758","diff3",0.0364736842105263
"13759","diff3",0.0627894736842106
"13760","diff3",0.0680526315789474
"13761","diff3",0.0312105263157894
"13762","diff3",0.0154210526315791
"13763","diff3",0.0417368421052631
"13764","diff3",0.0575263157894737
"13765","diff3",0.0417368421052631
"13766","diff3",0.047
"13767","diff3",0.083842105263158
"13768","diff3",-0.0161578947368421
"13769","diff3",0.0680526315789474
"13770","diff3",0.0364736842105263
"13771","diff3",0.0996315789473684
"13772","diff3",0.0206842105263159
"13773","diff3",0.0101578947368422
"13774","diff3",0.0312105263157894
"13775","diff3",-0.0108947368421052
"13776","diff3",0.0627894736842106
"13777","diff3",0.0996315789473684
"13778","diff3",0.0154210526315791
"13779","diff3",0.0627894736842106
"13780","diff3",0.0680526315789474
"13781","diff3",0.0259473684210528
"13782","diff3",0.047
"13783","diff3",0.083842105263158
"13784","diff3",0.0522631578947369
"13785","diff3",-0.0214210526315789
"13786","diff3",0.0259473684210526
"13787","diff3",0.0417368421052631
"13788","diff3",0.141736842105263
"13789","diff3",0.0785789473684212
"13790","diff3",-0.00563157894736836
"13791","diff3",0.0575263157894737
"13792","diff3",0.0101578947368422
"13793","diff3",0.0785789473684212
"13794","diff3",0.0627894736842106
"13795","diff3",0.047
"13796","diff3",0.0891052631578949
"13797","diff3",0.0733157894736843
"13798","diff3",0.0996315789473684
"13799","diff3",0.0627894736842106
"13800","diff3",0.083842105263158
"13801","diff3",0.0417368421052631
"13802","diff3",0.0417368421052631
"13803","diff3",0.0522631578947369
"13804","diff3",0.0154210526315791
"13805","diff3",0.0259473684210528
"13806","diff3",0.047
"13807","diff3",0.0943684210526317
"13808","diff3",0.0680526315789474
"13809","diff3",0.0522631578947369
"13810","diff3",0.0522631578947369
"13811","diff3",0.047
"13812","diff3",0.083842105263158
"13813","diff3",0.0206842105263159
"13814","diff3",-0.00563157894736836
"13815","diff3",0.0522631578947369
"13816","diff3",0.0733157894736843
"13817","diff3",0.0522631578947369
"13818","diff3",0.0312105263157894
"13819","diff3",0.0364736842105263
"13820","diff3",0.0312105263157894
"13821","diff3",0.0891052631578949
"13822","diff3",0.0417368421052631
"13823","diff3",0.0575263157894737
"13824","diff3",0.0891052631578949
"13825","diff3",0.0259473684210526
"13826","diff3",0.0364736842105263
"13827","diff3",-0.0161578947368421
"13828","diff3",0.0312105263157894
"13829","diff3",0.0417368421052631
"13830","diff3",0.0575263157894737
"13831","diff3",0.0943684210526317
"13832","diff3",0.0417368421052631
"13833","diff3",0.0522631578947369
"13834","diff3",0.104894736842105
"13835","diff3",0.0996315789473686
"13836","diff3",0.0943684210526317
"13837","diff3",0.0891052631578949
"13838","diff3",0.0891052631578949
"13839","diff3",0.0154210526315791
"13840","diff3",0.00489473684210535
"13841","diff3",0.0417368421052631
"13842","diff3",0.00489473684210535
"13843","diff3",0.0575263157894737
"13844","diff3",-0.000368421052631504
"13845","diff3",0.0891052631578946
"13846","diff3",0.0364736842105263
"13847","diff3",0.0680526315789474
"13848","diff3",0.0417368421052631
"13849","diff3",0.083842105263158
"13850","diff3",0.00489473684210535
"13851","diff3",0.0417368421052631
"13852","diff3",0.0943684210526317
"13853","diff3",0.0522631578947369
"13854","diff3",0.0733157894736843
"13855","diff3",0.0364736842105263
"13856","diff3",0.0154210526315791
"13857","diff3",0.0733157894736843
"13858","diff3",0.110157894736842
"13859","diff3",0.0522631578947369
"13860","diff3",0.0522631578947369
"13861","diff3",0.0206842105263159
"13862","diff3",0.0312105263157894
"13863","diff3",0.0417368421052631
"13864","diff3",0.0206842105263159
"13865","diff3",0.0259473684210526
"13866","diff3",0.0522631578947369
"13867","diff3",0.0680526315789474
"13868","diff3",0.0417368421052631
"13869","diff3",0.0785789473684212
"13870","diff3",0.0891052631578949
"13871","diff3",0.0575263157894737
"13872","diff3",0.0575263157894737
"13873","diff3",0.0733157894736843
"13874","diff3",0.104894736842105
"13875","diff3",0.0733157894736843
"13876","diff3",0.0206842105263157
"13877","diff3",0.0364736842105263
"13878","diff3",0.120684210526316
"13879","diff3",0.0522631578947369
"13880","diff3",0.0364736842105263
"13881","diff3",0.0364736842105263
"13882","diff3",-0.00563157894736836
"13883","diff3",0.0417368421052631
"13884","diff3",0.0996315789473686
"13885","diff3",0.0154210526315791
"13886","diff3",0.0259473684210526
"13887","diff3",0.047
"13888","diff3",0.120684210526316
"13889","diff3",0.0943684210526317
"13890","diff3",0.047
"13891","diff3",0.0680526315789474
"13892","diff3",-0.0108947368421052
"13893","diff3",0.047
"13894","diff3",0.0785789473684212
"13895","diff3",0.0680526315789474
"13896","diff3",0.0312105263157894
"13897","diff3",0.0364736842105263
"13898","diff3",0.0417368421052631
"13899","diff3",0.0575263157894737
"13900","diff3",0.0627894736842106
"13901","diff3",0.0259473684210526
"13902","diff3",0.0206842105263159
"13903","diff3",0.083842105263158
"13904","diff3",-0.0108947368421052
"13905","diff3",0.0522631578947369
"13906","diff3",0.047
"13907","diff3",0.0206842105263157
"13908","diff3",0.0891052631578949
"13909","diff3",0.0575263157894737
"13910","diff3",0.0206842105263157
"13911","diff3",0.104894736842105
"13912","diff3",0.110157894736842
"13913","diff3",0.0312105263157894
"13914","diff3",0.047
"13915","diff3",0.0575263157894737
"13916","diff3",0.0575263157894737
"13917","diff3",0.0575263157894737
"13918","diff3",0.0627894736842106
"13919","diff3",0.0101578947368422
"13920","diff3",0.0522631578947369
"13921","diff3",0.0785789473684212
"13922","diff3",0.0522631578947369
"13923","diff3",0.083842105263158
"13924","diff3",0.0522631578947369
"13925","diff3",0.0364736842105263
"13926","diff3",-0.00563157894736836
"13927","diff3",0.0785789473684212
"13928","diff3",-0.000368421052631504
"13929","diff3",0.0627894736842106
"13930","diff3",0.0785789473684212
"13931","diff3",0.0627894736842106
"13932","diff3",0.0417368421052631
"13933","diff3",0.0259473684210528
"13934","diff3",0.047
"13935","diff3",0.0627894736842106
"13936","diff3",0.0680526315789474
"13937","diff3",0.083842105263158
"13938","diff3",0.0364736842105263
"13939","diff3",-0.0214210526315789
"13940","diff3",0.0733157894736843
"13941","diff3",0.083842105263158
"13942","diff3",0.0364736842105263
"13943","diff3",0.0364736842105263
"13944","diff3",0.083842105263158
"13945","diff3",0.0259473684210528
"13946","diff3",0.0364736842105263
"13947","diff3",0.0522631578947369
"13948","diff3",0.0680526315789474
"13949","diff3",0.0312105263157894
"13950","diff3",0.0785789473684212
"13951","diff3",-0.0319473684210527
"13952","diff3",0.0154210526315791
"13953","diff3",0.0680526315789474
"13954","diff3",-0.0161578947368421
"13955","diff3",0.0101578947368422
"13956","diff3",0.0259473684210526
"13957","diff3",0.083842105263158
"13958","diff3",0.0522631578947369
"13959","diff3",0.0575263157894737
"13960","diff3",0.0575263157894737
"13961","diff3",0.0417368421052631
"13962","diff3",0.083842105263158
"13963","diff3",0.0522631578947369
"13964","diff3",0.0575263157894737
"13965","diff3",0.0996315789473684
"13966","diff3",0.104894736842105
"13967","diff3",0.0996315789473684
"13968","diff3",0.0522631578947369
"13969","diff3",0.0154210526315791
"13970","diff3",0.0312105263157894
"13971","diff3",0.0680526315789474
"13972","diff3",0.0101578947368422
"13973","diff3",0.0312105263157894
"13974","diff3",0.0154210526315791
"13975","diff3",0.0943684210526317
"13976","diff3",0.0206842105263157
"13977","diff3",0.0312105263157894
"13978","diff3",0.0943684210526317
"13979","diff3",0.125947368421053
"13980","diff3",0.0312105263157894
"13981","diff3",0.0259473684210526
"13982","diff3",0.0996315789473686
"13983","diff3",0.110157894736842
"13984","diff3",0.0522631578947369
"13985","diff3",0.0522631578947369
"13986","diff3",0.0680526315789474
"13987","diff3",-0.0108947368421052
"13988","diff3",0.0154210526315791
"13989","diff3",0.083842105263158
"13990","diff3",-0.0108947368421052
"13991","diff3",0.00489473684210535
"13992","diff3",0.0312105263157894
"13993","diff3",-0.0108947368421052
"13994","diff3",0.0680526315789474
"13995","diff3",0.0680526315789474
"13996","diff3",0.0364736842105263
"13997","diff3",0.0154210526315791
"13998","diff3",0.0259473684210526
"13999","diff3",0.0417368421052631
"14000","diff3",0.047
"14001","diff3",0.104894736842105
"14002","diff3",0.00489473684210535
"14003","diff3",0.047
"14004","diff3",0.00489473684210535
"14005","diff3",0.0364736842105263
"14006","diff3",0.0312105263157894
"14007","diff3",0.0575263157894737
"14008","diff3",0.0312105263157894
"14009","diff3",0.0259473684210528
"14010","diff3",-0.0214210526315789
"14011","diff3",0.0680526315789474
"14012","diff3",0.0522631578947369
"14013","diff3",0.0259473684210528
"14014","diff3",0.0206842105263159
"14015","diff3",0.0838421052631578
"14016","diff3",0.0522631578947369
"14017","diff3",0.0206842105263157
"14018","diff3",0.0575263157894737
"14019","diff3",0.0364736842105263
"14020","diff3",0.147
"14021","diff3",0.0785789473684212
"14022","diff3",0.0312105263157896
"14023","diff3",0.0627894736842106
"14024","diff3",0.0522631578947369
"14025","diff3",0.00489473684210535
"14026","diff3",0.0627894736842106
"14027","diff3",-0.0266842105263158
"14028","diff3",0.0417368421052631
"14029","diff3",0.0891052631578949
"14030","diff3",-0.000368421052631504
"14031","diff3",0.047
"14032","diff3",0.0101578947368422
"14033","diff3",0.0943684210526315
"14034","diff3",0.0627894736842106
"14035","diff3",0.083842105263158
"14036","diff3",0.0891052631578949
"14037","diff3",0.0785789473684212
"14038","diff3",0.00489473684210535
"14039","diff3",0.0575263157894737
"14040","diff3",0.047
"14041","diff3",0.0627894736842106
"14042","diff3",0.0101578947368422
"14043","diff3",-0.0424736842105264
"14044","diff3",0.00489473684210535
"14045","diff3",0.0364736842105263
"14046","diff3",0.0627894736842106
"14047","diff3",0.0680526315789474
"14048","diff3",0.0312105263157894
"14049","diff3",0.0417368421052631
"14050","diff3",0.0206842105263157
"14051","diff3",0.0206842105263159
"14052","diff3",-0.0424736842105264
"14053","diff3",0.0312105263157894
"14054","diff3",0.0575263157894737
"14055","diff3",0.0522631578947369
"14056","diff3",0.0364736842105263
"14057","diff3",0.0891052631578949
"14058","diff3",0.0627894736842106
"14059","diff3",0.00489473684210535
"14060","diff3",0.0891052631578949
"14061","diff3",0.0101578947368422
"14062","diff3",0.0733157894736843
"14063","diff3",0.0154210526315791
"14064","diff3",0.00489473684210535
"14065","diff3",0.0575263157894737
"14066","diff3",0.0627894736842106
"14067","diff3",0.0154210526315791
"14068","diff3",0.0943684210526317
"14069","diff3",0.0312105263157894
"14070","diff3",0.0575263157894737
"14071","diff3",0.0680526315789474
"14072","diff3",0.0364736842105263
"14073","diff3",0.0680526315789474
"14074","diff3",0.0733157894736843
"14075","diff3",0.0312105263157894
"14076","diff3",0.0575263157894737
"14077","diff3",0.0417368421052631
"14078","diff3",0.0627894736842106
"14079","diff3",0.0522631578947369
"14080","diff3",0.0206842105263159
"14081","diff3",0.0891052631578949
"14082","diff3",0.0522631578947369
"14083","diff3",-0.00563157894736836
"14084","diff3",0.0733157894736843
"14085","diff3",0.0943684210526317
"14086","diff3",0.0522631578947369
"14087","diff3",-0.000368421052631504
"14088","diff3",0.00489473684210535
"14089","diff3",0.047
"14090","diff3",0.0733157894736843
"14091","diff3",0.120684210526316
"14092","diff3",0.0575263157894737
"14093","diff3",0.083842105263158
"14094","diff3",0.0996315789473684
"14095","diff3",0.083842105263158
"14096","diff3",0.0259473684210526
"14097","diff3",0.104894736842105
"14098","diff3",0.0206842105263157
"14099","diff3",0.0522631578947369
"14100","diff3",0.0417368421052631
"14101","diff3",0.0522631578947369
"14102","diff3",0.125947368421053
"14103","diff3",0.0364736842105263
"14104","diff3",0.047
"14105","diff3",0.0206842105263159
"14106","diff3",0.0364736842105263
"14107","diff3",0.0680526315789474
"14108","diff3",0.083842105263158
"14109","diff3",0.0101578947368422
"14110","diff3",0.0522631578947369
"14111","diff3",-0.0319473684210527
"14112","diff3",0.115421052631579
"14113","diff3",0.0417368421052631
"14114","diff3",0.0417368421052631
"14115","diff3",0.0575263157894737
"14116","diff3",0.0522631578947369
"14117","diff3",0.0785789473684212
"14118","diff3",0.0575263157894737
"14119","diff3",0.0522631578947369
"14120","diff3",0.0312105263157894
"14121","diff3",0.0312105263157894
"14122","diff3",0.083842105263158
"14123","diff3",0.104894736842105
"14124","diff3",0.0785789473684212
"14125","diff3",0.0522631578947369
"14126","diff3",0.0259473684210526
"14127","diff3",0.0259473684210526
"14128","diff3",0.00489473684210535
"14129","diff3",0.0259473684210526
"14130","diff3",0.0206842105263157
"14131","diff3",0.0733157894736843
"14132","diff3",0.0154210526315791
"14133","diff3",0.0522631578947369
"14134","diff3",0.0417368421052631
"14135","diff3",0.0101578947368422
"14136","diff3",0.0891052631578949
"14137","diff3",0.0312105263157894
"14138","diff3",0.0417368421052631
"14139","diff3",0.0627894736842106
"14140","diff3",0.0785789473684212
"14141","diff3",0.0575263157894737
"14142","diff3",0.083842105263158
"14143","diff3",0.0417368421052631
"14144","diff3",0.047
"14145","diff3",0.0364736842105263
"14146","diff3",0.047
"14147","diff3",0.0259473684210526
"14148","diff3",0.0627894736842106
"14149","diff3",0.0259473684210526
"14150","diff3",0.0259473684210526
"14151","diff3",0.0154210526315791
"14152","diff3",0.0575263157894737
"14153","diff3",0.0522631578947369
"14154","diff3",0.0259473684210528
"14155","diff3",0.0575263157894737
"14156","diff3",0.0312105263157894
"14157","diff3",0.0312105263157894
"14158","diff3",0.0312105263157894
"14159","diff3",0.0154210526315791
"14160","diff3",0.0206842105263159
"14161","diff3",0.0417368421052631
"14162","diff3",-0.000368421052631504
"14163","diff3",0.0101578947368422
"14164","diff3",0.0680526315789474
"14165","diff3",0.0785789473684212
"14166","diff3",-0.0214210526315789
"14167","diff3",0.00489473684210535
"14168","diff3",0.0206842105263159
"14169","diff3",0.0733157894736843
"14170","diff3",0.0733157894736843
"14171","diff3",0.0154210526315791
"14172","diff3",0.0417368421052631
"14173","diff3",0.0417368421052631
"14174","diff3",0.0154210526315788
"14175","diff3",0.0522631578947369
"14176","diff3",0.0996315789473686
"14177","diff3",0.0943684210526317
"14178","diff3",0.0417368421052631
"14179","diff3",0.0312105263157894
"14180","diff3",0.0996315789473686
"14181","diff3",0.0891052631578949
"14182","diff3",0.0575263157894737
"14183","diff3",0.0733157894736843
"14184","diff3",0.047
"14185","diff3",0.0785789473684212
"14186","diff3",0.0101578947368422
"14187","diff3",0.0417368421052631
"14188","diff3",0.0733157894736843
"14189","diff3",0.0627894736842106
"14190","diff3",0.0154210526315791
"14191","diff3",0.0733157894736843
"14192","diff3",0.083842105263158
"14193","diff3",0.0785789473684212
"14194","diff3",0.0101578947368422
"14195","diff3",0.047
"14196","diff3",-0.0108947368421052
"14197","diff3",0.0312105263157894
"14198","diff3",0.131210526315789
"14199","diff3",0.0206842105263157
"14200","diff3",0.0575263157894737
"14201","diff3",0.0154210526315791
"14202","diff3",0.0364736842105263
"14203","diff3",0.0206842105263159
"14204","diff3",0.047
"14205","diff3",-0.0214210526315789
"14206","diff3",0.0575263157894737
"14207","diff3",0.0154210526315791
"14208","diff3",0.0996315789473684
"14209","diff3",0.0575263157894737
"14210","diff3",0.0943684210526317
"14211","diff3",0.0206842105263159
"14212","diff3",0.0785789473684212
"14213","diff3",0.0154210526315791
"14214","diff3",0.047
"14215","diff3",0.0364736842105263
"14216","diff3",0.047
"14217","diff3",0.0627894736842106
"14218","diff3",-0.00563157894736836
"14219","diff3",0.0364736842105263
"14220","diff3",0.0627894736842106
"14221","diff3",0.0259473684210528
"14222","diff3",0.0680526315789474
"14223","diff3",0.0101578947368422
"14224","diff3",0.0206842105263157
"14225","diff3",0.0522631578947369
"14226","diff3",0.0364736842105263
"14227","diff3",0.131210526315789
"14228","diff3",0.0154210526315791
"14229","diff3",0.0206842105263159
"14230","diff3",0.0733157894736843
"14231","diff3",0.104894736842105
"14232","diff3",0.0259473684210526
"14233","diff3",0.0575263157894737
"14234","diff3",0.0312105263157894
"14235","diff3",0.0312105263157894
"14236","diff3",0.0575263157894737
"14237","diff3",0.0417368421052631
"14238","diff3",0.0680526315789474
"14239","diff3",0.0575263157894737
"14240","diff3",0.047
"14241","diff3",0.0101578947368422
"14242","diff3",0.0943684210526317
"14243","diff3",0.0206842105263159
"14244","diff3",0.0575263157894737
"14245","diff3",0.0575263157894737
"14246","diff3",0.0627894736842106
"14247","diff3",0.047
"14248","diff3",0.0785789473684212
"14249","diff3",0.047
"14250","diff3",0.0680526315789474
"14251","diff3",0.110157894736842
"14252","diff3",-0.000368421052631504
"14253","diff3",0.0680526315789474
"14254","diff3",0.0627894736842106
"14255","diff3",0.0417368421052631
"14256","diff3",0.0522631578947369
"14257","diff3",0.0680526315789474
"14258","diff3",0.0627894736842106
"14259","diff3",0.0575263157894737
"14260","diff3",0.104894736842105
"14261","diff3",0.0575263157894737
"14262","diff3",0.0154210526315791
"14263","diff3",0.0522631578947369
"14264","diff3",0.0943684210526317
"14265","diff3",0.0891052631578949
"14266","diff3",0.0417368421052631
"14267","diff3",0.0891052631578949
"14268","diff3",0.125947368421053
"14269","diff3",0.0364736842105263
"14270","diff3",0.0522631578947369
"14271","diff3",-0.0214210526315789
"14272","diff3",0.0522631578947369
"14273","diff3",0.0417368421052631
"14274","diff3",0.0680526315789474
"14275","diff3",0.0891052631578949
"14276","diff3",0.0101578947368422
"14277","diff3",0.0575263157894737
"14278","diff3",0.047
"14279","diff3",0.0575263157894737
"14280","diff3",-0.00563157894736836
"14281","diff3",0.0733157894736843
"14282","diff3",0.0575263157894737
"14283","diff3",0.0206842105263157
"14284","diff3",0.0627894736842106
"14285","diff3",0.0312105263157894
"14286","diff3",0.0996315789473684
"14287","diff3",0.0733157894736843
"14288","diff3",0.0680526315789474
"14289","diff3",0.0996315789473684
"14290","diff3",0.0417368421052631
"14291","diff3",0.00489473684210535
"14292","diff3",0.0627894736842106
"14293","diff3",0.0312105263157894
"14294","diff3",0.0206842105263159
"14295","diff3",0.0575263157894737
"14296","diff3",0.0733157894736843
"14297","diff3",-0.0108947368421052
"14298","diff3",0.0575263157894737
"14299","diff3",0.0364736842105263
"14300","diff3",0.0575263157894737
"14301","diff3",0.0785789473684212
"14302","diff3",0.0259473684210526
"14303","diff3",0.0785789473684212
"14304","diff3",0.0417368421052631
"14305","diff3",0.0680526315789474
"14306","diff3",0.0680526315789474
"14307","diff3",0.0312105263157894
"14308","diff3",0.0680526315789474
"14309","diff3",0.0733157894736843
"14310","diff3",0.0312105263157894
"14311","diff3",0.0101578947368422
"14312","diff3",-0.000368421052631504
"14313","diff3",0.0154210526315791
"14314","diff3",0.047
"14315","diff3",0.0154210526315791
"14316","diff3",0.0785789473684212
"14317","diff3",0.047
"14318","diff3",0.047
"14319","diff3",0.0154210526315791
"14320","diff3",0.00489473684210535
"14321","diff3",0.0891052631578949
"14322","diff3",0.0364736842105263
"14323","diff3",0.0627894736842106
"14324","diff3",0.0575263157894737
"14325","diff3",0.0627894736842106
"14326","diff3",0.115421052631579
"14327","diff3",0.0575263157894737
"14328","diff3",0.0259473684210526
"14329","diff3",0.0364736842105263
"14330","diff3",0.0364736842105263
"14331","diff3",0.0522631578947369
"14332","diff3",0.047
"14333","diff3",0.0522631578947369
"14334","diff3",0.0364736842105263
"14335","diff3",0.0101578947368422
"14336","diff3",0.047
"14337","diff3",0.0364736842105263
"14338","diff3",0.0575263157894737
"14339","diff3",0.125947368421053
"14340","diff3",0.0733157894736843
"14341","diff3",0.0733157894736843
"14342","diff3",0.0943684210526317
"14343","diff3",0.047
"14344","diff3",0.0891052631578949
"14345","diff3",0.0680526315789474
"14346","diff3",0.083842105263158
"14347","diff3",0.0101578947368422
"14348","diff3",0.047
"14349","diff3",-0.00563157894736836
"14350","diff3",0.0627894736842106
"14351","diff3",0.0522631578947369
"14352","diff3",0.083842105263158
"14353","diff3",0.0417368421052631
"14354","diff3",0.0785789473684212
"14355","diff3",0.0575263157894737
"14356","diff3",0.0364736842105263
"14357","diff3",0.0575263157894737
"14358","diff3",0.0154210526315791
"14359","diff3",0.0522631578947369
"14360","diff3",0.083842105263158
"14361","diff3",0.0154210526315791
"14362","diff3",0.0785789473684212
"14363","diff3",0.0785789473684212
"14364","diff3",0.0417368421052631
"14365","diff3",0.0996315789473684
"14366","diff3",0.0680526315789474
"14367","diff3",0.0627894736842106
"14368","diff3",0.0575263157894737
"14369","diff3",0.0575263157894737
"14370","diff3",0.0259473684210526
"14371","diff3",0.047
"14372","diff3",0.083842105263158
"14373","diff3",0.0417368421052631
"14374","diff3",0.0627894736842106
"14375","diff3",0.0627894736842106
"14376","diff3",0.0627894736842106
"14377","diff3",0.0680526315789474
"14378","diff3",0.00489473684210535
"14379","diff3",0.162789473684211
"14380","diff3",0.0522631578947369
"14381","diff3",0.110157894736842
"14382","diff3",0.0364736842105263
"14383","diff3",0.047
"14384","diff3",0.110157894736842
"14385","diff3",0.0785789473684212
"14386","diff3",0.083842105263158
"14387","diff3",0.0364736842105263
"14388","diff3",0.083842105263158
"14389","diff3",0.0364736842105263
"14390","diff3",0.0259473684210526
"14391","diff3",0.0575263157894737
"14392","diff3",0.0154210526315791
"14393","diff3",0.0154210526315791
"14394","diff3",0.0680526315789474
"14395","diff3",0.0154210526315791
"14396","diff3",0.120684210526316
"14397","diff3",0.0206842105263157
"14398","diff3",0.104894736842105
"14399","diff3",0.0943684210526315
"14400","diff3",0.047
"14401","diff3",0.0575263157894737
"14402","diff3",0.083842105263158
"14403","diff3",0.0206842105263157
"14404","diff3",0.0891052631578949
"14405","diff3",0.047
"14406","diff3",0.0996315789473686
"14407","diff3",0.0417368421052631
"14408","diff3",-0.00563157894736836
"14409","diff3",0.0312105263157894
"14410","diff3",0.0680526315789474
"14411","diff3",0.0417368421052631
"14412","diff3",0.0575263157894737
"14413","diff3",0.0417368421052631
"14414","diff3",0.083842105263158
"14415","diff3",0.104894736842105
"14416","diff3",0.0943684210526317
"14417","diff3",0.0417368421052631
"14418","diff3",0.0680526315789474
"14419","diff3",0.0101578947368422
"14420","diff3",0.0101578947368422
"14421","diff3",-0.0214210526315789
"14422","diff3",0.0364736842105263
"14423","diff3",0.0206842105263159
"14424","diff3",0.0943684210526315
"14425","diff3",0.0259473684210526
"14426","diff3",0.0364736842105263
"14427","diff3",0.0575263157894737
"14428","diff3",0.0627894736842106
"14429","diff3",0.0259473684210528
"14430","diff3",0.0417368421052631
"14431","diff3",0.115421052631579
"14432","diff3",0.0785789473684212
"14433","diff3",0.0627894736842106
"14434","diff3",0.047
"14435","diff3",0.0575263157894737
"14436","diff3",0.0522631578947369
"14437","diff3",0.0417368421052631
"14438","diff3",0.0522631578947369
"14439","diff3",0.0522631578947369
"14440","diff3",0.0154210526315791
"14441","diff3",0.0575263157894737
"14442","diff3",0.047
"14443","diff3",0.0627894736842106
"14444","diff3",0.0785789473684212
"14445","diff3",0.0259473684210526
"14446","diff3",0.0733157894736843
"14447","diff3",0.0627894736842106
"14448","diff3",0.0733157894736843
"14449","diff3",0.047
"14450","diff3",0.0364736842105263
"14451","diff3",0.0891052631578949
"14452","diff3",0.0785789473684212
"14453","diff3",0.0996315789473686
"14454","diff3",0.0996315789473686
"14455","diff3",0.00489473684210535
"14456","diff3",0.110157894736842
"14457","diff3",0.110157894736842
"14458","diff3",0.0522631578947369
"14459","diff3",0.0259473684210526
"14460","diff3",0.0733157894736843
"14461","diff3",0.0680526315789474
"14462","diff3",0.0785789473684212
"14463","diff3",0.0627894736842106
"14464","diff3",0.0575263157894737
"14465","diff3",-0.0266842105263158
"14466","diff3",-0.00563157894736836
"14467","diff3",0.0522631578947369
"14468","diff3",0.0680526315789474
"14469","diff3",0.0312105263157894
"14470","diff3",0.0259473684210526
"14471","diff3",0.0364736842105263
"14472","diff3",0.0891052631578949
"14473","diff3",0.0259473684210528
"14474","diff3",0.00489473684210535
"14475","diff3",0.0417368421052631
"14476","diff3",0.047
"14477","diff3",0.104894736842105
"14478","diff3",0.0522631578947369
"14479","diff3",0.0785789473684212
"14480","diff3",0.110157894736842
"14481","diff3",0.0259473684210528
"14482","diff3",0.110157894736842
"14483","diff3",0.0259473684210526
"14484","diff3",0.0364736842105263
"14485","diff3",0.0364736842105263
"14486","diff3",0.0627894736842106
"14487","diff3",-0.000368421052631504
"14488","diff3",-0.000368421052631504
"14489","diff3",0.0891052631578949
"14490","diff3",0.0417368421052631
"14491","diff3",0.0733157894736843
"14492","diff3",-0.0161578947368421
"14493","diff3",0.0364736842105263
"14494","diff3",0.0101578947368422
"14495","diff3",0.0575263157894737
"14496","diff3",0.0364736842105263
"14497","diff3",0.083842105263158
"14498","diff3",0.0259473684210528
"14499","diff3",0.083842105263158
"14500","diff3",0.0259473684210528
"14501","diff3",0.0785789473684212
"14502","diff3",0.0943684210526317
"14503","diff3",0.083842105263158
"14504","diff3",0.0312105263157894
"14505","diff3",0.0785789473684212
"14506","diff3",0.0259473684210528
"14507","diff3",0.0785789473684212
"14508","diff3",-0.0214210526315789
"14509","diff3",0.0733157894736843
"14510","diff3",0.047
"14511","diff3",0.0364736842105263
"14512","diff3",0.0891052631578949
"14513","diff3",0.0680526315789474
"14514","diff3",0.047
"14515","diff3",0.0259473684210526
"14516","diff3",0.0206842105263157
"14517","diff3",0.0364736842105263
"14518","diff3",0.0206842105263157
"14519","diff3",0.136473684210526
"14520","diff3",0.0154210526315791
"14521","diff3",0.0785789473684212
"14522","diff3",0.0101578947368422
"14523","diff3",0.0364736842105263
"14524","diff3",-0.0214210526315789
"14525","diff3",0.0996315789473686
"14526","diff3",0.0312105263157894
"14527","diff3",0.0575263157894737
"14528","diff3",0.0312105263157894
"14529","diff3",0.0417368421052631
"14530","diff3",0.047
"14531","diff3",0.0996315789473686
"14532","diff3",0.0680526315789474
"14533","diff3",0.0206842105263157
"14534","diff3",-0.0108947368421052
"14535","diff3",0.0733157894736843
"14536","diff3",0.047
"14537","diff3",-0.00563157894736836
"14538","diff3",0.0996315789473684
"14539","diff3",0.0522631578947369
"14540","diff3",-0.000368421052631504
"14541","diff3",0.0733157894736843
"14542","diff3",0.0627894736842106
"14543","diff3",0.120684210526316
"14544","diff3",0.0417368421052631
"14545","diff3",0.0733157894736843
"14546","diff3",0.0206842105263159
"14547","diff3",0.0154210526315791
"14548","diff3",-0.000368421052631504
"14549","diff3",0.0312105263157894
"14550","diff3",0.0312105263157894
"14551","diff3",0.0627894736842106
"14552","diff3",-0.000368421052631504
"14553","diff3",0.00489473684210535
"14554","diff3",0.115421052631579
"14555","diff3",0.0312105263157894
"14556","diff3",0.083842105263158
"14557","diff3",0.0575263157894737
"14558","diff3",0.0627894736842106
"14559","diff3",0.047
"14560","diff3",0.0680526315789474
"14561","diff3",0.0575263157894737
"14562","diff3",0.0364736842105263
"14563","diff3",-0.0108947368421052
"14564","diff3",0.00489473684210535
"14565","diff3",0.0575263157894737
"14566","diff3",0.0575263157894737
"14567","diff3",0.0101578947368422
"14568","diff3",0.0206842105263159
"14569","diff3",0.0101578947368422
"14570","diff3",0.0733157894736843
"14571","diff3",0.0575263157894737
"14572","diff3",0.0996315789473684
"14573","diff3",0.0417368421052631
"14574","diff3",0.0785789473684212
"14575","diff3",0.0943684210526315
"14576","diff3",0.0522631578947369
"14577","diff3",0.0312105263157894
"14578","diff3",0.083842105263158
"14579","diff3",0.0364736842105263
"14580","diff3",0.0627894736842106
"14581","diff3",-0.000368421052631504
"14582","diff3",0.115421052631579
"14583","diff3",0.0680526315789474
"14584","diff3",0.083842105263158
"14585","diff3",0.0522631578947369
"14586","diff3",0.0259473684210526
"14587","diff3",-0.0214210526315789
"14588","diff3",0.0522631578947369
"14589","diff3",0.0522631578947369
"14590","diff3",0.0364736842105263
"14591","diff3",0.0101578947368422
"14592","diff3",0.0733157894736843
"14593","diff3",0.0312105263157894
"14594","diff3",0.0364736842105263
"14595","diff3",-0.0108947368421052
"14596","diff3",0.083842105263158
"14597","diff3",-0.0108947368421052
"14598","diff3",0.0680526315789474
"14599","diff3",0.0680526315789474
"14600","diff3",-0.00563157894736836
"14601","diff3",0.0996315789473684
"14602","diff3",0.0259473684210526
"14603","diff3",0.0417368421052631
"14604","diff3",0.083842105263158
"14605","diff3",0.047
"14606","diff3",0.00489473684210535
"14607","diff3",0.047
"14608","diff3",0.0364736842105263
"14609","diff3",0.047
"14610","diff3",0.047
"14611","diff3",0.083842105263158
"14612","diff3",0.0627894736842106
"14613","diff3",0.0522631578947369
"14614","diff3",-0.00563157894736836
"14615","diff3",0.047
"14616","diff3",0.047
"14617","diff3",0.0259473684210526
"14618","diff3",0.0891052631578949
"14619","diff3",0.00489473684210535
"14620","diff3",0.0364736842105263
"14621","diff3",0.0206842105263159
"14622","diff3",0.0522631578947369
"14623","diff3",0.0417368421052631
"14624","diff3",0.047
"14625","diff3",0.0733157894736843
"14626","diff3",0.0364736842105263
"14627","diff3",0.083842105263158
"14628","diff3",0.047
"14629","diff3",0.0417368421052631
"14630","diff3",0.104894736842105
"14631","diff3",0.0154210526315791
"14632","diff3",0.0575263157894737
"14633","diff3",0.0259473684210526
"14634","diff3",0.0101578947368422
"14635","diff3",0.0996315789473686
"14636","diff3",0.0312105263157894
"14637","diff3",0.104894736842105
"14638","diff3",0.0943684210526317
"14639","diff3",0.0259473684210526
"14640","diff3",0.0259473684210526
"14641","diff3",-0.0108947368421052
"14642","diff3",0.047
"14643","diff3",0.0891052631578949
"14644","diff3",0.047
"14645","diff3",0.0785789473684212
"14646","diff3",0.0364736842105263
"14647","diff3",0.047
"14648","diff3",0.0575263157894737
"14649","diff3",-0.0266842105263158
"14650","diff3",0.0101578947368422
"14651","diff3",0.0575263157894737
"14652","diff3",0.00489473684210535
"14653","diff3",0.115421052631579
"14654","diff3",0.0259473684210526
"14655","diff3",0.083842105263158
"14656","diff3",0.0627894736842106
"14657","diff3",0.047
"14658","diff3",0.0417368421052631
"14659","diff3",0.0417368421052631
"14660","diff3",0.0312105263157894
"14661","diff3",-0.0161578947368421
"14662","diff3",0.0522631578947369
"14663","diff3",0.0627894736842106
"14664","diff3",0.00489473684210535
"14665","diff3",0.0417368421052631
"14666","diff3",0.047
"14667","diff3",0.0996315789473686
"14668","diff3",0.0522631578947369
"14669","diff3",0.0364736842105263
"14670","diff3",0.0785789473684212
"14671","diff3",0.0364736842105263
"14672","diff3",0.047
"14673","diff3",0.0206842105263159
"14674","diff3",0.0364736842105263
"14675","diff3",0.0417368421052631
"14676","diff3",0.0680526315789474
"14677","diff3",0.0154210526315791
"14678","diff3",0.047
"14679","diff3",0.0785789473684212
"14680","diff3",0.083842105263158
"14681","diff3",0.0785789473684212
"14682","diff3",0.0785789473684212
"14683","diff3",0.0312105263157894
"14684","diff3",0.0575263157894737
"14685","diff3",0.0364736842105263
"14686","diff3",-0.000368421052631504
"14687","diff3",0.0522631578947369
"14688","diff3",0.0627894736842106
"14689","diff3",0.0364736842105263
"14690","diff3",0.0891052631578949
"14691","diff3",0.0259473684210526
"14692","diff3",0.0312105263157894
"14693","diff3",0.0522631578947369
"14694","diff3",0.0891052631578949
"14695","diff3",0.0627894736842106
"14696","diff3",0.0996315789473684
"14697","diff3",-0.0161578947368421
"14698","diff3",0.047
"14699","diff3",0.136473684210526
"14700","diff3",-0.0161578947368421
"14701","diff3",0.0259473684210526
"14702","diff3",0.0891052631578949
"14703","diff3",0.00489473684210535
"14704","diff3",0.047
"14705","diff3",0.0733157894736843
"14706","diff3",0.0733157894736843
"14707","diff3",0.0364736842105263
"14708","diff3",0.0733157894736843
"14709","diff3",0.00489473684210535
"14710","diff3",0.0785789473684212
"14711","diff3",0.0733157894736843
"14712","diff3",0.0206842105263159
"14713","diff3",0.0259473684210526
"14714","diff3",0.104894736842105
"14715","diff3",0.125947368421053
"14716","diff3",-0.00563157894736836
"14717","diff3",0.0364736842105263
"14718","diff3",0.0259473684210528
"14719","diff3",0.00489473684210535
"14720","diff3",0.0101578947368422
"14721","diff3",0.0680526315789474
"14722","diff3",0.0891052631578949
"14723","diff3",-0.0161578947368421
"14724","diff3",0.0522631578947369
"14725","diff3",0.115421052631579
"14726","diff3",0.047
"14727","diff3",0.083842105263158
"14728","diff3",0.0154210526315788
"14729","diff3",0.0364736842105263
"14730","diff3",0.0312105263157894
"14731","diff3",0.0785789473684212
"14732","diff3",0.0891052631578949
"14733","diff3",0.0575263157894737
"14734","diff3",0.00489473684210535
"14735","diff3",0.0627894736842106
"14736","diff3",0.0733157894736843
"14737","diff3",0.0417368421052631
"14738","diff3",0.0522631578947369
"14739","diff3",-0.000368421052631504
"14740","diff3",0.083842105263158
"14741","diff3",0.00489473684210535
"14742","diff3",0.047
"14743","diff3",0.0680526315789474
"14744","diff3",0.0364736842105263
"14745","diff3",0.0996315789473684
"14746","diff3",0.047
"14747","diff3",0.110157894736842
"14748","diff3",0.0259473684210528
"14749","diff3",-0.00563157894736836
"14750","diff3",0.0364736842105263
"14751","diff3",0.0154210526315788
"14752","diff3",0.0785789473684212
"14753","diff3",0.141736842105263
"14754","diff3",-0.0214210526315789
"14755","diff3",-0.00563157894736836
"14756","diff3",0.0891052631578949
"14757","diff3",0.083842105263158
"14758","diff3",0.0417368421052631
"14759","diff3",0.0522631578947369
"14760","diff3",0.0627894736842106
"14761","diff3",0.00489473684210535
"14762","diff3",0.0522631578947369
"14763","diff3",0.0627894736842106
"14764","diff3",0.0206842105263157
"14765","diff3",0.0627894736842106
"14766","diff3",0.0680526315789474
"14767","diff3",0.0259473684210526
"14768","diff3",0.0680526315789474
"14769","diff3",0.0627894736842106
"14770","diff3",0.0680526315789474
"14771","diff3",0.0522631578947369
"14772","diff3",0.0891052631578949
"14773","diff3",0.083842105263158
"14774","diff3",-0.000368421052631504
"14775","diff3",0.0522631578947369
"14776","diff3",0.125947368421053
"14777","diff3",0.083842105263158
"14778","diff3",0.0891052631578949
"14779","diff3",0.0575263157894737
"14780","diff3",0.0101578947368422
"14781","diff3",0.047
"14782","diff3",0.0417368421052631
"14783","diff3",-0.0477368421052632
"14784","diff3",0.083842105263158
"14785","diff3",0.0206842105263157
"14786","diff3",0.0785789473684212
"14787","diff3",0.0575263157894737
"14788","diff3",0.0785789473684212
"14789","diff3",0.0522631578947369
"14790","diff3",0.0101578947368422
"14791","diff3",0.115421052631579
"14792","diff3",0.110157894736842
"14793","diff3",-0.00563157894736836
"14794","diff3",0.0680526315789474
"14795","diff3",0.0417368421052631
"14796","diff3",0.0206842105263157
"14797","diff3",0.047
"14798","diff3",0.00489473684210535
"14799","diff3",0.0522631578947369
"14800","diff3",0.0627894736842106
"14801","diff3",0.0206842105263159
"14802","diff3",0.0522631578947369
"14803","diff3",0.0627894736842106
"14804","diff3",0.0364736842105263
"14805","diff3",0.0785789473684212
"14806","diff3",0.047
"14807","diff3",0.0312105263157894
"14808","diff3",0.0417368421052631
"14809","diff3",0.0259473684210526
"14810","diff3",0.0891052631578949
"14811","diff3",0.0259473684210526
"14812","diff3",0.0417368421052631
"14813","diff3",0.0943684210526317
"14814","diff3",0.115421052631579
"14815","diff3",0.0417368421052631
"14816","diff3",0.0417368421052631
"14817","diff3",0.0891052631578949
"14818","diff3",0.0417368421052631
"14819","diff3",0.047
"14820","diff3",0.0364736842105263
"14821","diff3",0.115421052631579
"14822","diff3",0.0785789473684212
"14823","diff3",0.083842105263158
"14824","diff3",0.0575263157894737
"14825","diff3",0.0575263157894737
"14826","diff3",0.0206842105263159
"14827","diff3",0.0522631578947369
"14828","diff3",0.0575263157894737
"14829","diff3",0.0680526315789474
"14830","diff3",0.0785789473684212
"14831","diff3",0.00489473684210535
"14832","diff3",0.0627894736842106
"14833","diff3",0.0575263157894737
"14834","diff3",0.0364736842105263
"14835","diff3",0.0996315789473684
"14836","diff3",0.047
"14837","diff3",0.0785789473684212
"14838","diff3",0.0154210526315791
"14839","diff3",0.120684210526316
"14840","diff3",0.115421052631579
"14841","diff3",0.0627894736842106
"14842","diff3",0.0522631578947369
"14843","diff3",0.0785789473684212
"14844","diff3",0.0154210526315791
"14845","diff3",0.0364736842105263
"14846","diff3",0.083842105263158
"14847","diff3",0.0206842105263159
"14848","diff3",0.0206842105263159
"14849","diff3",0.0101578947368422
"14850","diff3",0.0101578947368422
"14851","diff3",0.0417368421052631
"14852","diff3",0.083842105263158
"14853","diff3",0.047
"14854","diff3",0.0364736842105263
"14855","diff3",0.0943684210526317
"14856","diff3",0.120684210526316
"14857","diff3",0.0785789473684212
"14858","diff3",0.0312105263157894
"14859","diff3",0.0154210526315791
"14860","diff3",0.0417368421052631
"14861","diff3",0.0259473684210528
"14862","diff3",0.0154210526315791
"14863","diff3",-0.0108947368421052
"14864","diff3",0.0733157894736843
"14865","diff3",0.104894736842105
"14866","diff3",0.0312105263157894
"14867","diff3",0.0154210526315791
"14868","diff3",0.0627894736842106
"14869","diff3",0.0312105263157894
"14870","diff3",0.0680526315789474
"14871","diff3",0.0575263157894737
"14872","diff3",0.083842105263158
"14873","diff3",0.0733157894736843
"14874","diff3",0.0680526315789474
"14875","diff3",0.125947368421053
"14876","diff3",0.0891052631578949
"14877","diff3",0.0733157894736843
"14878","diff3",0.0733157894736843
"14879","diff3",0.0259473684210528
"14880","diff3",0.0154210526315791
"14881","diff3",0.083842105263158
"14882","diff3",0.0259473684210526
"14883","diff3",0.0259473684210526
"14884","diff3",0.0364736842105263
"14885","diff3",0.0943684210526317
"14886","diff3",0.0364736842105263
"14887","diff3",0.0312105263157894
"14888","diff3",0.0996315789473684
"14889","diff3",0.0522631578947369
"14890","diff3",0.0680526315789474
"14891","diff3",0.0417368421052631
"14892","diff3",0.125947368421053
"14893","diff3",0.0680526315789474
"14894","diff3",0.0101578947368422
"14895","diff3",0.0891052631578949
"14896","diff3",0.104894736842105
"14897","diff3",0.00489473684210535
"14898","diff3",0.0154210526315791
"14899","diff3",0.0627894736842106
"14900","diff3",0.0627894736842106
"14901","diff3",0.0943684210526317
"14902","diff3",0.0575263157894737
"14903","diff3",0.0733157894736843
"14904","diff3",0.0575263157894737
"14905","diff3",0.0364736842105263
"14906","diff3",0.0364736842105263
"14907","diff3",0.0312105263157894
"14908","diff3",0.0996315789473684
"14909","diff3",-0.000368421052631504
"14910","diff3",0.0259473684210528
"14911","diff3",-0.00563157894736836
"14912","diff3",0.0627894736842106
"14913","diff3",0.0312105263157894
"14914","diff3",0.0680526315789474
"14915","diff3",0.0627894736842106
"14916","diff3",0.0206842105263159
"14917","diff3",0.00489473684210535
"14918","diff3",0.0206842105263159
"14919","diff3",0.0312105263157894
"14920","diff3",0.0364736842105263
"14921","diff3",0.0996315789473684
"14922","diff3",0.0364736842105263
"14923","diff3",0.0680526315789474
"14924","diff3",0.0522631578947369
"14925","diff3",0.0417368421052631
"14926","diff3",0.0417368421052631
"14927","diff3",0.083842105263158
"14928","diff3",0.0627894736842106
"14929","diff3",0.047
"14930","diff3",0.0522631578947369
"14931","diff3",0.0627894736842106
"14932","diff3",0.0575263157894737
"14933","diff3",0.0733157894736843
"14934","diff3",-0.0266842105263158
"14935","diff3",0.0364736842105263
"14936","diff3",0.0522631578947369
"14937","diff3",0.0522631578947369
"14938","diff3",0.0785789473684212
"14939","diff3",0.083842105263158
"14940","diff3",0.0733157894736843
"14941","diff3",0.0522631578947369
"14942","diff3",0.104894736842105
"14943","diff3",0.0417368421052631
"14944","diff3",0.0101578947368422
"14945","diff3",0.0943684210526315
"14946","diff3",0.0627894736842106
"14947","diff3",0.0206842105263159
"14948","diff3",0.0206842105263159
"14949","diff3",0.047
"14950","diff3",0.0154210526315788
"14951","diff3",0.0417368421052631
"14952","diff3",0.0364736842105263
"14953","diff3",0.0312105263157894
"14954","diff3",0.0364736842105263
"14955","diff3",0.0417368421052631
"14956","diff3",0.083842105263158
"14957","diff3",0.0154210526315791
"14958","diff3",0.141736842105263
"14959","diff3",0.047
"14960","diff3",0.0575263157894737
"14961","diff3",-0.00563157894736836
"14962","diff3",0.0891052631578949
"14963","diff3",0.0312105263157894
"14964","diff3",0.047
"14965","diff3",0.0417368421052631
"14966","diff3",0.0206842105263157
"14967","diff3",0.0364736842105263
"14968","diff3",0.0575263157894737
"14969","diff3",-0.000368421052631504
"14970","diff3",0.047
"14971","diff3",0.0364736842105263
"14972","diff3",0.0996315789473684
"14973","diff3",0.0627894736842106
"14974","diff3",0.0417368421052631
"14975","diff3",0.0627894736842106
"14976","diff3",0.0417368421052631
"14977","diff3",0.0101578947368422
"14978","diff3",0.0575263157894737
"14979","diff3",0.0312105263157894
"14980","diff3",0.0259473684210526
"14981","diff3",0.0312105263157894
"14982","diff3",0.0417368421052631
"14983","diff3",-0.0161578947368421
"14984","diff3",0.0522631578947369
"14985","diff3",0.0259473684210528
"14986","diff3",0.0101578947368422
"14987","diff3",0.0417368421052631
"14988","diff3",-0.0266842105263158
"14989","diff3",0.0943684210526317
"14990","diff3",0.0154210526315791
"14991","diff3",0.0522631578947369
"14992","diff3",0.083842105263158
"14993","diff3",0.047
"14994","diff3",0.0575263157894737
"14995","diff3",0.0785789473684212
"14996","diff3",0.104894736842105
"14997","diff3",0.0522631578947369
"14998","diff3",0.0680526315789474
"14999","diff3",-0.000368421052631504
"15000","diff3",0.0101578947368422
"15001","diff3",0.0154210526315791
"15002","diff3",0.0891052631578949
"15003","diff3",0.0680526315789474
"15004","diff3",0.00489473684210535
"15005","diff3",0.047
"15006","diff3",0.0417368421052631
"15007","diff3",0.0522631578947369
"15008","diff3",0.0680526315789474
"15009","diff3",0.0943684210526317
"15010","diff3",-0.000368421052631504
"15011","diff3",0.0364736842105263
"15012","diff3",-0.0108947368421052
"15013","diff3",0.047
"15014","diff3",0.0312105263157894
"15015","diff3",0.0996315789473684
"15016","diff3",0.0733157894736843
"15017","diff3",0.0206842105263159
"15018","diff3",0.0680526315789474
"15019","diff3",0.0680526315789474
"15020","diff3",0.0522631578947369
"15021","diff3",0.047
"15022","diff3",0.083842105263158
"15023","diff3",0.0575263157894737
"15024","diff3",0.0259473684210526
"15025","diff3",0.0627894736842106
"15026","diff3",0.0259473684210528
"15027","diff3",0.0522631578947369
"15028","diff3",0.0101578947368422
"15029","diff3",0.0996315789473684
"15030","diff3",0.0627894736842106
"15031","diff3",0.0522631578947369
"15032","diff3",-0.0372105263157895
"15033","diff3",0.083842105263158
"15034","diff3",0.0733157894736843
"15035","diff3",0.0522631578947369
"15036","diff3",0.0101578947368422
"15037","diff3",0.0891052631578949
"15038","diff3",0.0943684210526317
"15039","diff3",0.0733157894736843
"15040","diff3",0.0312105263157894
"15041","diff3",0.0627894736842106
"15042","diff3",0.0785789473684212
"15043","diff3",0.0680526315789474
"15044","diff3",0.0733157894736843
"15045","diff3",0.0996315789473684
"15046","diff3",0.0259473684210526
"15047","diff3",0.115421052631579
"15048","diff3",0.0733157894736843
"15049","diff3",0.00489473684210535
"15050","diff3",0.0312105263157894
"15051","diff3",0.0627894736842106
"15052","diff3",0.0417368421052631
"15053","diff3",0.0522631578947369
"15054","diff3",0.0891052631578949
"15055","diff3",0.0733157894736843
"15056","diff3",0.047
"15057","diff3",0.0891052631578949
"15058","diff3",0.0259473684210526
"15059","diff3",0.0680526315789474
"15060","diff3",0.0312105263157894
"15061","diff3",0.0364736842105263
"15062","diff3",0.0206842105263159
"15063","diff3",0.0417368421052631
"15064","diff3",0.0101578947368422
"15065","diff3",0.0364736842105263
"15066","diff3",0.0206842105263159
"15067","diff3",0.0154210526315791
"15068","diff3",0.0891052631578949
"15069","diff3",0.0575263157894737
"15070","diff3",0.0943684210526317
"15071","diff3",0.0733157894736843
"15072","diff3",0.0891052631578949
"15073","diff3",0.0312105263157894
"15074","diff3",0.0259473684210528
"15075","diff3",-0.00563157894736836
"15076","diff3",0.0627894736842106
"15077","diff3",0.0680526315789474
"15078","diff3",0.0575263157894737
"15079","diff3",0.0312105263157894
"15080","diff3",-0.0108947368421052
"15081","diff3",0.0575263157894737
"15082","diff3",0.0627894736842106
"15083","diff3",0.0259473684210526
"15084","diff3",0.0891052631578949
"15085","diff3",0.083842105263158
"15086","diff3",0.0680526315789474
"15087","diff3",0.0312105263157894
"15088","diff3",0.047
"15089","diff3",0.0733157894736843
"15090","diff3",0.0733157894736843
"15091","diff3",0.083842105263158
"15092","diff3",0.110157894736842
"15093","diff3",0.0312105263157894
"15094","diff3",0.0259473684210528
"15095","diff3",0.0364736842105263
"15096","diff3",0.0312105263157894
"15097","diff3",0.0575263157894737
"15098","diff3",0.083842105263158
"15099","diff3",0.0206842105263157
"15100","diff3",0.047
"15101","diff3",0.0154210526315791
"15102","diff3",0.0364736842105263
"15103","diff3",0.0206842105263157
"15104","diff3",0.0417368421052631
"15105","diff3",0.0364736842105263
"15106","diff3",0.0575263157894737
"15107","diff3",0.0364736842105263
"15108","diff3",0.0417368421052631
"15109","diff3",0.0575263157894737
"15110","diff3",0.0522631578947369
"15111","diff3",0.0627894736842106
"15112","diff3",0.047
"15113","diff3",0.047
"15114","diff3",0.0259473684210526
"15115","diff3",0.0627894736842106
"15116","diff3",0.0206842105263159
"15117","diff3",0.0312105263157894
"15118","diff3",0.0785789473684212
"15119","diff3",0.00489473684210535
"15120","diff3",-0.0108947368421052
"15121","diff3",0.0733157894736843
"15122","diff3",0.00489473684210535
"15123","diff3",0.0680526315789474
"15124","diff3",0.0785789473684212
"15125","diff3",0.0154210526315791
"15126","diff3",0.047
"15127","diff3",0.0785789473684212
"15128","diff3",0.0154210526315791
"15129","diff3",0.0575263157894737
"15130","diff3",0.0259473684210526
"15131","diff3",0.0627894736842106
"15132","diff3",0.0733157894736843
"15133","diff3",0.00489473684210535
"15134","diff3",0.0733157894736843
"15135","diff3",0.0785789473684212
"15136","diff3",0.0733157894736843
"15137","diff3",0.083842105263158
"15138","diff3",0.047
"15139","diff3",0.0996315789473686
"15140","diff3",0.083842105263158
"15141","diff3",0.0101578947368422
"15142","diff3",-0.00563157894736836
"15143","diff3",0.047
"15144","diff3",0.0259473684210526
"15145","diff3",0.0996315789473686
"15146","diff3",0.0259473684210526
"15147","diff3",0.0206842105263159
"15148","diff3",0.0785789473684212
"15149","diff3",0.0522631578947369
"15150","diff3",0.0627894736842106
"15151","diff3",0.0154210526315791
"15152","diff3",0.083842105263158
"15153","diff3",-0.0161578947368421
"15154","diff3",0.0522631578947369
"15155","diff3",0.0627894736842106
"15156","diff3",0.0627894736842106
"15157","diff3",0.00489473684210535
"15158","diff3",0.0259473684210528
"15159","diff3",0.131210526315789
"15160","diff3",0.0522631578947369
"15161","diff3",0.0522631578947369
"15162","diff3",0.0364736842105263
"15163","diff3",0.0259473684210526
"15164","diff3",0.0627894736842106
"15165","diff3",0.0627894736842106
"15166","diff3",0.0522631578947369
"15167","diff3",0.0312105263157894
"15168","diff3",0.0733157894736843
"15169","diff3",0.0733157894736843
"15170","diff3",0.083842105263158
"15171","diff3",0.0312105263157894
"15172","diff3",0.0522631578947369
"15173","diff3",0.0575263157894737
"15174","diff3",-0.00563157894736836
"15175","diff3",0.0680526315789474
"15176","diff3",0.0259473684210528
"15177","diff3",0.0680526315789474
"15178","diff3",0.0312105263157894
"15179","diff3",0.047
"15180","diff3",0.0575263157894737
"15181","diff3",0.0206842105263157
"15182","diff3",0.0364736842105263
"15183","diff3",0.0627894736842106
"15184","diff3",0.0627894736842106
"15185","diff3",0.0364736842105263
"15186","diff3",0.0996315789473684
"15187","diff3",0.0206842105263157
"15188","diff3",0.0364736842105263
"15189","diff3",0.0785789473684212
"15190","diff3",0.0417368421052631
"15191","diff3",0.0733157894736843
"15192","diff3",0.0680526315789474
"15193","diff3",0.0417368421052631
"15194","diff3",0.083842105263158
"15195","diff3",0.0627894736842106
"15196","diff3",0.0680526315789474
"15197","diff3",0.0575263157894737
"15198","diff3",0.120684210526316
"15199","diff3",0.0364736842105263
"15200","diff3",0.0575263157894737
"15201","diff3",0.047
"15202","diff3",0.0364736842105263
"15203","diff3",0.0943684210526315
"15204","diff3",0.0891052631578949
"15205","diff3",0.0943684210526315
"15206","diff3",0.0417368421052631
"15207","diff3",-0.000368421052631504
"15208","diff3",0.0627894736842106
"15209","diff3",0.0996315789473686
"15210","diff3",0.0891052631578949
"15211","diff3",0.00489473684210535
"15212","diff3",0.0627894736842106
"15213","diff3",0.120684210526316
"15214","diff3",0.083842105263158
"15215","diff3",0.047
"15216","diff3",0.0206842105263159
"15217","diff3",0.0996315789473684
"15218","diff3",-0.00563157894736836
"15219","diff3",0.0364736842105263
"15220","diff3",0.0627894736842106
"15221","diff3",0.141736842105263
"15222","diff3",0.0522631578947369
"15223","diff3",0.0627894736842106
"15224","diff3",-0.0161578947368421
"15225","diff3",0.0785789473684212
"15226","diff3",0.0627894736842106
"15227","diff3",0.0364736842105263
"15228","diff3",0.0312105263157894
"15229","diff3",0.0206842105263159
"15230","diff3",0.0785789473684212
"15231","diff3",0.0733157894736843
"15232","diff3",0.0364736842105263
"15233","diff3",-0.00563157894736836
"15234","diff3",0.0522631578947369
"15235","diff3",0.0259473684210526
"15236","diff3",0.0733157894736843
"15237","diff3",0.0259473684210528
"15238","diff3",0.0364736842105263
"15239","diff3",0.0627894736842106
"15240","diff3",0.047
"15241","diff3",0.0627894736842106
"15242","diff3",0.047
"15243","diff3",0.0417368421052631
"15244","diff3",0.083842105263158
"15245","diff3",0.0101578947368422
"15246","diff3",0.0627894736842106
"15247","diff3",0.0943684210526317
"15248","diff3",0.0575263157894737
"15249","diff3",0.0627894736842106
"15250","diff3",0.0627894736842106
"15251","diff3",0.0417368421052631
"15252","diff3",0.125947368421053
"15253","diff3",0.0522631578947369
"15254","diff3",0.0364736842105263
"15255","diff3",0.0627894736842106
"15256","diff3",0.0206842105263157
"15257","diff3",0.0522631578947369
"15258","diff3",0.0522631578947369
"15259","diff3",0.0312105263157894
"15260","diff3",0.120684210526316
"15261","diff3",0.0891052631578949
"15262","diff3",0.0417368421052631
"15263","diff3",0.0996315789473684
"15264","diff3",0.0206842105263159
"15265","diff3",0.0364736842105263
"15266","diff3",0.0891052631578949
"15267","diff3",0.00489473684210535
"15268","diff3",0.047
"15269","diff3",0.0417368421052631
"15270","diff3",-0.0214210526315789
"15271","diff3",-0.00563157894736836
"15272","diff3",0.0312105263157894
"15273","diff3",0.0364736842105263
"15274","diff3",-0.00563157894736836
"15275","diff3",0.0101578947368422
"15276","diff3",0.083842105263158
"15277","diff3",0.0733157894736843
"15278","diff3",0.0627894736842106
"15279","diff3",0.0417368421052631
"15280","diff3",0.0206842105263159
"15281","diff3",0.0733157894736843
"15282","diff3",0.0154210526315791
"15283","diff3",0.0417368421052631
"15284","diff3",0.0627894736842106
"15285","diff3",0.0680526315789474
"15286","diff3",0.115421052631579
"15287","diff3",0.047
"15288","diff3",0.0522631578947369
"15289","diff3",0.0312105263157894
"15290","diff3",0.0417368421052631
"15291","diff3",0.0206842105263159
"15292","diff3",0.0627894736842106
"15293","diff3",0.0312105263157894
"15294","diff3",0.0680526315789474
"15295","diff3",0.0627894736842106
"15296","diff3",0.0575263157894737
"15297","diff3",0.0627894736842106
"15298","diff3",0.0522631578947369
"15299","diff3",0.0680526315789474
"15300","diff3",0.0522631578947369
"15301","diff3",0.0627894736842106
"15302","diff3",0.0943684210526317
"15303","diff3",0.0312105263157894
"15304","diff3",0.0522631578947369
"15305","diff3",0.0364736842105263
"15306","diff3",0.0680526315789474
"15307","diff3",0.0891052631578949
"15308","diff3",0.0627894736842106
"15309","diff3",0.0680526315789474
"15310","diff3",0.0206842105263159
"15311","diff3",0.0259473684210526
"15312","diff3",0.047
"15313","diff3",0.0101578947368422
"15314","diff3",0.0417368421052631
"15315","diff3",0.0680526315789474
"15316","diff3",-0.0161578947368421
"15317","diff3",0.0943684210526317
"15318","diff3",0.0785789473684212
"15319","diff3",0.0575263157894737
"15320","diff3",0.0259473684210526
"15321","diff3",0.110157894736842
"15322","diff3",0.0627894736842106
"15323","diff3",0.047
"15324","diff3",0.0891052631578949
"15325","diff3",0.120684210526316
"15326","diff3",0.0206842105263157
"15327","diff3",0.0259473684210526
"15328","diff3",0.0891052631578949
"15329","diff3",0.0154210526315791
"15330","diff3",0.0417368421052631
"15331","diff3",0.0206842105263157
"15332","diff3",0.0101578947368422
"15333","diff3",-0.00563157894736836
"15334","diff3",0.0943684210526315
"15335","diff3",0.0522631578947369
"15336","diff3",0.0627894736842106
"15337","diff3",0.0259473684210526
"15338","diff3",0.0785789473684212
"15339","diff3",0.0312105263157894
"15340","diff3",0.0259473684210526
"15341","diff3",0.0943684210526317
"15342","diff3",0.0364736842105263
"15343","diff3",0.0417368421052631
"15344","diff3",0.0785789473684212
"15345","diff3",0.0996315789473684
"15346","diff3",0.0522631578947369
"15347","diff3",0.0996315789473684
"15348","diff3",0.0733157894736843
"15349","diff3",0.0891052631578949
"15350","diff3",0.083842105263158
"15351","diff3",0.0733157894736843
"15352","diff3",0.0575263157894737
"15353","diff3",0.104894736842105
"15354","diff3",0.0891052631578949
"15355","diff3",0.0627894736842106
"15356","diff3",0.0522631578947369
"15357","diff3",0.0891052631578949
"15358","diff3",0.0522631578947369
"15359","diff3",0.0575263157894737
"15360","diff3",0.0575263157894737
"15361","diff3",0.00489473684210535
"15362","diff3",0.0522631578947369
"15363","diff3",0.0154210526315791
"15364","diff3",0.0785789473684212
"15365","diff3",0.0364736842105263
"15366","diff3",-0.0161578947368421
"15367","diff3",0.0522631578947369
"15368","diff3",0.083842105263158
"15369","diff3",0.0522631578947369
"15370","diff3",0.0101578947368422
"15371","diff3",0.0891052631578949
"15372","diff3",0.0101578947368422
"15373","diff3",0.0627894736842106
"15374","diff3",0.0259473684210526
"15375","diff3",0.0154210526315791
"15376","diff3",0.0522631578947369
"15377","diff3",0.0417368421052631
"15378","diff3",0.0522631578947369
"15379","diff3",0.0364736842105263
"15380","diff3",0.0785789473684212
"15381","diff3",0.0680526315789474
"15382","diff3",0.0785789473684212
"15383","diff3",0.0101578947368422
"15384","diff3",0.0627894736842106
"15385","diff3",0.0733157894736843
"15386","diff3",0.0154210526315791
"15387","diff3",0.0417368421052631
"15388","diff3",0.0627894736842106
"15389","diff3",0.131210526315789
"15390","diff3",0.0101578947368422
"15391","diff3",0.0575263157894737
"15392","diff3",0.0680526315789474
"15393","diff3",0.0785789473684212
"15394","diff3",0.0154210526315791
"15395","diff3",0.0101578947368422
"15396","diff3",0.0627894736842106
"15397","diff3",0.0627894736842106
"15398","diff3",0.0627894736842106
"15399","diff3",0.047
"15400","diff3",0.0259473684210526
"15401","diff3",0.0364736842105263
"15402","diff3",0.0627894736842106
"15403","diff3",0.0785789473684212
"15404","diff3",0.0312105263157894
"15405","diff3",0.0259473684210526
"15406","diff3",0.0943684210526317
"15407","diff3",-0.000368421052631504
"15408","diff3",0.0943684210526317
"15409","diff3",-0.000368421052631504
"15410","diff3",0.0575263157894737
"15411","diff3",0.083842105263158
"15412","diff3",0.0259473684210526
"15413","diff3",0.0417368421052631
"15414","diff3",0.0785789473684212
"15415","diff3",0.047
"15416","diff3",0.083842105263158
"15417","diff3",0.0101578947368422
"15418","diff3",0.0733157894736843
"15419","diff3",0.047
"15420","diff3",0.047
"15421","diff3",-0.0161578947368421
"15422","diff3",0.0733157894736843
"15423","diff3",0.0680526315789474
"15424","diff3",0.0154210526315791
"15425","diff3",0.0733157894736843
"15426","diff3",0.0312105263157894
"15427","diff3",0.0996315789473684
"15428","diff3",0.0206842105263159
"15429","diff3",0.0996315789473684
"15430","diff3",0.00489473684210535
"15431","diff3",0.0627894736842106
"15432","diff3",0.0101578947368422
"15433","diff3",0.0627894736842106
"15434","diff3",0.0312105263157894
"15435","diff3",0.0627894736842106
"15436","diff3",0.047
"15437","diff3",0.0364736842105263
"15438","diff3",0.0312105263157894
"15439","diff3",0.0417368421052631
"15440","diff3",0.110157894736842
"15441","diff3",0.0101578947368422
"15442","diff3",0.0206842105263157
"15443","diff3",0.047
"15444","diff3",0.0996315789473684
"15445","diff3",0.0522631578947369
"15446","diff3",0.0101578947368422
"15447","diff3",0.00489473684210535
"15448","diff3",0.0259473684210526
"15449","diff3",0.0206842105263159
"15450","diff3",0.0785789473684212
"15451","diff3",0.0417368421052631
"15452","diff3",0.0680526315789474
"15453","diff3",0.0891052631578949
"15454","diff3",0.0733157894736843
"15455","diff3",0.0312105263157894
"15456","diff3",-0.0161578947368421
"15457","diff3",0.0259473684210526
"15458","diff3",0.0891052631578949
"15459","diff3",0.047
"15460","diff3",0.104894736842105
"15461","diff3",0.0733157894736843
"15462","diff3",0.0154210526315791
"15463","diff3",0.0627894736842106
"15464","diff3",0.0891052631578949
"15465","diff3",0.0627894736842106
"15466","diff3",0.083842105263158
"15467","diff3",0.0312105263157896
"15468","diff3",0.0312105263157894
"15469","diff3",0.0206842105263159
"15470","diff3",0.047
"15471","diff3",0.0627894736842106
"15472","diff3",-0.00563157894736836
"15473","diff3",-0.000368421052631504
"15474","diff3",-0.00563157894736836
"15475","diff3",0.0417368421052631
"15476","diff3",0.147
"15477","diff3",0.0312105263157894
"15478","diff3",0.0259473684210526
"15479","diff3",0.0785789473684212
"15480","diff3",0.125947368421053
"15481","diff3",0.0206842105263157
"15482","diff3",0.0101578947368422
"15483","diff3",0.0522631578947369
"15484","diff3",0.083842105263158
"15485","diff3",0.0575263157894737
"15486","diff3",0.0943684210526317
"15487","diff3",0.0154210526315791
"15488","diff3",0.0417368421052631
"15489","diff3",0.0627894736842106
"15490","diff3",0.0680526315789474
"15491","diff3",-0.000368421052631504
"15492","diff3",0.0312105263157896
"15493","diff3",0.0522631578947369
"15494","diff3",0.0943684210526317
"15495","diff3",0.083842105263158
"15496","diff3",0.083842105263158
"15497","diff3",0.0522631578947369
"15498","diff3",0.0206842105263159
"15499","diff3",0.0680526315789474
"15500","diff3",0.0680526315789474
"15501","diff3",0.0891052631578949
"15502","diff3",0.0206842105263159
"15503","diff3",0.047
"15504","diff3",0.0891052631578949
"15505","diff3",0.0101578947368422
"15506","diff3",0.00489473684210535
"15507","diff3",0.047
"15508","diff3",-0.0108947368421052
"15509","diff3",0.0154210526315791
"15510","diff3",0.0575263157894737
"15511","diff3",0.0522631578947369
"15512","diff3",0.0996315789473686
"15513","diff3",0.0101578947368422
"15514","diff3",0.104894736842105
"15515","diff3",0.0522631578947369
"15516","diff3",-0.0477368421052632
"15517","diff3",0.047
"15518","diff3",0.0785789473684212
"15519","diff3",0.0733157894736843
"15520","diff3",0.110157894736842
"15521","diff3",0.0680526315789474
"15522","diff3",0.0206842105263159
"15523","diff3",0.0785789473684212
"15524","diff3",0.0364736842105263
"15525","diff3",0.0417368421052631
"15526","diff3",0.0364736842105263
"15527","diff3",0.0680526315789474
"15528","diff3",0.0259473684210528
"15529","diff3",0.0627894736842106
"15530","diff3",0.0575263157894737
"15531","diff3",0.0417368421052631
"15532","diff3",0.104894736842105
"15533","diff3",0.00489473684210535
"15534","diff3",0.047
"15535","diff3",0.0417368421052631
"15536","diff3",0.120684210526316
"15537","diff3",0.0522631578947369
"15538","diff3",0.047
"15539","diff3",0.0206842105263159
"15540","diff3",-0.000368421052631504
"15541","diff3",0.120684210526316
"15542","diff3",0.0680526315789474
"15543","diff3",0.083842105263158
"15544","diff3",0.0522631578947369
"15545","diff3",0.0575263157894737
"15546","diff3",0.0627894736842106
"15547","diff3",0.0364736842105263
"15548","diff3",0.0154210526315791
"15549","diff3",0.115421052631579
"15550","diff3",0.047
"15551","diff3",0.0364736842105263
"15552","diff3",0.0733157894736843
"15553","diff3",0.0522631578947369
"15554","diff3",0.047
"15555","diff3",0.0259473684210526
"15556","diff3",0.0785789473684212
"15557","diff3",0.083842105263158
"15558","diff3",0.0733157894736843
"15559","diff3",0.0627894736842106
"15560","diff3",0.0891052631578949
"15561","diff3",0.0364736842105263
"15562","diff3",0.0733157894736843
"15563","diff3",0.047
"15564","diff3",0.0417368421052631
"15565","diff3",0.0943684210526317
"15566","diff3",0.00489473684210535
"15567","diff3",0.0206842105263157
"15568","diff3",0.0364736842105263
"15569","diff3",0.0680526315789474
"15570","diff3",0.0312105263157894
"15571","diff3",0.131210526315789
"15572","diff3",0.0891052631578949
"15573","diff3",0.0101578947368422
"15574","diff3",0.083842105263158
"15575","diff3",0.0680526315789474
"15576","diff3",-0.000368421052631504
"15577","diff3",-0.00563157894736836
"15578","diff3",0.0627894736842106
"15579","diff3",0.083842105263158
"15580","diff3",0.0417368421052631
"15581","diff3",0.0785789473684212
"15582","diff3",0.0206842105263159
"15583","diff3",0.0680526315789474
"15584","diff3",-0.000368421052631504
"15585","diff3",0.0312105263157896
"15586","diff3",-0.000368421052631504
"15587","diff3",0.0575263157894737
"15588","diff3",0.0627894736842106
"15589","diff3",0.0733157894736843
"15590","diff3",0.0312105263157894
"15591","diff3",0.0417368421052631
"15592","diff3",0.047
"15593","diff3",0.0627894736842106
"15594","diff3",0.0417368421052631
"15595","diff3",0.0259473684210526
"15596","diff3",-0.0319473684210527
"15597","diff3",-0.0108947368421052
"15598","diff3",0.0733157894736843
"15599","diff3",0.0364736842105263
"15600","diff3",0.0575263157894737
"15601","diff3",0.0891052631578949
"15602","diff3",0.0364736842105263
"15603","diff3",0.0575263157894737
"15604","diff3",0.047
"15605","diff3",0.047
"15606","diff3",0.0522631578947369
"15607","diff3",0.0522631578947369
"15608","diff3",0.0522631578947369
"15609","diff3",0.0680526315789474
"15610","diff3",0.0154210526315791
"15611","diff3",0.0680526315789474
"15612","diff3",-0.000368421052631504
"15613","diff3",-0.000368421052631504
"15614","diff3",0.0259473684210526
"15615","diff3",0.0522631578947369
"15616","diff3",0.0206842105263159
"15617","diff3",0.00489473684210535
"15618","diff3",0.115421052631579
"15619","diff3",0.0312105263157894
"15620","diff3",0.0627894736842106
"15621","diff3",0.0206842105263159
"15622","diff3",0.0522631578947369
"15623","diff3",0.0575263157894737
"15624","diff3",0.0522631578947369
"15625","diff3",0.0417368421052631
"15626","diff3",0.047
"15627","diff3",0.0312105263157894
"15628","diff3",0.047
"15629","diff3",0.0680526315789474
"15630","diff3",-0.000368421052631504
"15631","diff3",0.0417368421052631
"15632","diff3",0.0733157894736843
"15633","diff3",0.0733157894736843
"15634","diff3",0.083842105263158
"15635","diff3",0.0259473684210528
"15636","diff3",0.0417368421052631
"15637","diff3",0.0733157894736843
"15638","diff3",0.0575263157894737
"15639","diff3",0.083842105263158
"15640","diff3",0.0259473684210528
"15641","diff3",0.0680526315789474
"15642","diff3",0.0627894736842106
"15643","diff3",0.0259473684210526
"15644","diff3",0.047
"15645","diff3",-0.0108947368421052
"15646","diff3",0.0154210526315791
"15647","diff3",0.047
"15648","diff3",0.104894736842105
"15649","diff3",0.0154210526315791
"15650","diff3",0.0364736842105263
"15651","diff3",0.0996315789473684
"15652","diff3",0.0575263157894737
"15653","diff3",0.0206842105263157
"15654","diff3",0.0627894736842106
"15655","diff3",0.115421052631579
"15656","diff3",0.0312105263157894
"15657","diff3",0.0575263157894737
"15658","diff3",0.00489473684210535
"15659","diff3",-0.00563157894736836
"15660","diff3",0.0680526315789474
"15661","diff3",0.0364736842105263
"15662","diff3",0.0680526315789474
"15663","diff3",0.110157894736842
"15664","diff3",0.125947368421053
"15665","diff3",0.0996315789473686
"15666","diff3",-0.0161578947368421
"15667","diff3",0.0312105263157894
"15668","diff3",0.0575263157894737
"15669","diff3",0.0417368421052631
"15670","diff3",0.0575263157894737
"15671","diff3",0.0785789473684212
"15672","diff3",0.0522631578947369
"15673","diff3",0.0522631578947369
"15674","diff3",0.0733157894736843
"15675","diff3",0.0575263157894737
"15676","diff3",0.0627894736842106
"15677","diff3",0.0680526315789474
"15678","diff3",0.0259473684210526
"15679","diff3",0.047
"15680","diff3",0.0206842105263159
"15681","diff3",0.0891052631578949
"15682","diff3",0.0364736842105263
"15683","diff3",0.0312105263157894
"15684","diff3",0.110157894736842
"15685","diff3",0.110157894736842
"15686","diff3",0.0259473684210526
"15687","diff3",0.0785789473684212
"15688","diff3",0.0364736842105263
"15689","diff3",0.0575263157894737
"15690","diff3",0.0522631578947369
"15691","diff3",0.0154210526315791
"15692","diff3",0.0891052631578949
"15693","diff3",0.0680526315789474
"15694","diff3",0.0575263157894737
"15695","diff3",0.0943684210526317
"15696","diff3",0.0259473684210526
"15697","diff3",0.0259473684210526
"15698","diff3",0.0364736842105263
"15699","diff3",0.0417368421052631
"15700","diff3",0.0733157894736843
"15701","diff3",0.0522631578947369
"15702","diff3",0.0733157894736843
"15703","diff3",0.0364736842105263
"15704","diff3",0.0680526315789474
"15705","diff3",0.0522631578947369
"15706","diff3",0.0785789473684212
"15707","diff3",0.0785789473684212
"15708","diff3",0.00489473684210535
"15709","diff3",0.0522631578947369
"15710","diff3",-0.00563157894736836
"15711","diff3",0.0101578947368422
"15712","diff3",0.104894736842105
"15713","diff3",0.0891052631578949
"15714","diff3",0.0364736842105263
"15715","diff3",0.0785789473684212
"15716","diff3",0.047
"15717","diff3",0.0312105263157894
"15718","diff3",0.0522631578947369
"15719","diff3",0.0206842105263159
"15720","diff3",0.083842105263158
"15721","diff3",0.0627894736842106
"15722","diff3",0.0206842105263159
"15723","diff3",0.047
"15724","diff3",0.0785789473684212
"15725","diff3",0.0785789473684212
"15726","diff3",0.0891052631578949
"15727","diff3",0.0522631578947369
"15728","diff3",0.0785789473684212
"15729","diff3",0.0364736842105263
"15730","diff3",0.0680526315789474
"15731","diff3",0.083842105263158
"15732","diff3",0.0627894736842106
"15733","diff3",0.0312105263157894
"15734","diff3",0.0259473684210526
"15735","diff3",0.115421052631579
"15736","diff3",-0.000368421052631504
"15737","diff3",0.0417368421052631
"15738","diff3",0.0417368421052631
"15739","diff3",0.0575263157894737
"15740","diff3",0.0154210526315791
"15741","diff3",-0.00563157894736836
"15742","diff3",0.0312105263157894
"15743","diff3",0.0891052631578949
"15744","diff3",0.0522631578947369
"15745","diff3",0.0785789473684212
"15746","diff3",0.162789473684211
"15747","diff3",0.0575263157894737
"15748","diff3",0.0522631578947369
"15749","diff3",0.104894736842105
"15750","diff3",0.0627894736842106
"15751","diff3",0.0680526315789474
"15752","diff3",0.0575263157894737
"15753","diff3",0.0680526315789474
"15754","diff3",0.0996315789473684
"15755","diff3",0.0522631578947369
"15756","diff3",0.0575263157894737
"15757","diff3",0.0206842105263159
"15758","diff3",0.00489473684210535
"15759","diff3",0.0891052631578949
"15760","diff3",0.110157894736842
"15761","diff3",0.0785789473684212
"15762","diff3",0.0522631578947369
"15763","diff3",0.0943684210526315
"15764","diff3",0.0259473684210526
"15765","diff3",0.0364736842105263
"15766","diff3",0.0996315789473686
"15767","diff3",0.115421052631579
"15768","diff3",0.0891052631578949
"15769","diff3",0.110157894736842
"15770","diff3",-0.0214210526315789
"15771","diff3",0.0575263157894737
"15772","diff3",0.0680526315789474
"15773","diff3",0.083842105263158
"15774","diff3",0.0206842105263159
"15775","diff3",0.0417368421052631
"15776","diff3",0.131210526315789
"15777","diff3",0.0312105263157894
"15778","diff3",0.00489473684210535
"15779","diff3",0.0101578947368422
"15780","diff3",0.0680526315789474
"15781","diff3",0.047
"15782","diff3",0.0522631578947369
"15783","diff3",0.0312105263157894
"15784","diff3",0.125947368421053
"15785","diff3",0.0312105263157894
"15786","diff3",0.0785789473684212
"15787","diff3",0.083842105263158
"15788","diff3",0.00489473684210535
"15789","diff3",0.0417368421052631
"15790","diff3",0.0312105263157894
"15791","diff3",0.0101578947368422
"15792","diff3",0.0312105263157894
"15793","diff3",0.0943684210526315
"15794","diff3",0.0206842105263157
"15795","diff3",0.0575263157894737
"15796","diff3",0.0943684210526317
"15797","diff3",-0.0161578947368421
"15798","diff3",-0.00563157894736836
"15799","diff3",0.047
"15800","diff3",0.083842105263158
"15801","diff3",0.00489473684210535
"15802","diff3",0.0312105263157894
"15803","diff3",0.0627894736842106
"15804","diff3",0.0891052631578949
"15805","diff3",0.0943684210526317
"15806","diff3",0.0733157894736843
"15807","diff3",0.0522631578947369
"15808","diff3",0.0680526315789474
"15809","diff3",0.0522631578947369
"15810","diff3",0.0943684210526317
"15811","diff3",0.0259473684210526
"15812","diff3",0.0259473684210526
"15813","diff3",0.0680526315789474
"15814","diff3",0.0733157894736843
"15815","diff3",0.047
"15816","diff3",0.047
"15817","diff3",0.0891052631578949
"15818","diff3",0.0101578947368422
"15819","diff3",-0.0108947368421052
"15820","diff3",0.0680526315789474
"15821","diff3",0.0259473684210528
"15822","diff3",0.0312105263157894
"15823","diff3",0.0364736842105263
"15824","diff3",0.0996315789473684
"15825","diff3",0.0206842105263157
"15826","diff3",0.0627894736842106
"15827","diff3",0.104894736842105
"15828","diff3",0.0575263157894737
"15829","diff3",0.0522631578947369
"15830","diff3",0.0891052631578949
"15831","diff3",0.0154210526315788
"15832","diff3",0.0206842105263157
"15833","diff3",0.0154210526315791
"15834","diff3",0.0259473684210528
"15835","diff3",0.083842105263158
"15836","diff3",0.0417368421052631
"15837","diff3",-0.0214210526315789
"15838","diff3",0.131210526315789
"15839","diff3",-0.0161578947368421
"15840","diff3",0.0996315789473684
"15841","diff3",0.0733157894736843
"15842","diff3",0.110157894736842
"15843","diff3",0.047
"15844","diff3",0.0680526315789474
"15845","diff3",0.0785789473684212
"15846","diff3",0.0522631578947369
"15847","diff3",0.0312105263157894
"15848","diff3",0.0417368421052631
"15849","diff3",0.0522631578947369
"15850","diff3",0.0575263157894737
"15851","diff3",0.0680526315789474
"15852","diff3",0.0206842105263159
"15853","diff3",0.083842105263158
"15854","diff3",0.0101578947368422
"15855","diff3",0.0417368421052631
"15856","diff3",0.0364736842105263
"15857","diff3",0.0154210526315791
"15858","diff3",0.083842105263158
"15859","diff3",0.0680526315789474
"15860","diff3",-0.00563157894736836
"15861","diff3",0.0680526315789474
"15862","diff3",-0.000368421052631504
"15863","diff3",0.0680526315789474
"15864","diff3",0.0312105263157894
"15865","diff3",0.0417368421052631
"15866","diff3",0.0259473684210528
"15867","diff3",0.047
"15868","diff3",-0.0161578947368421
"15869","diff3",0.0312105263157894
"15870","diff3",0.0522631578947369
"15871","diff3",0.0575263157894737
"15872","diff3",0.0154210526315788
"15873","diff3",0.083842105263158
"15874","diff3",0.0364736842105263
"15875","diff3",0.0364736842105263
"15876","diff3",0.083842105263158
"15877","diff3",0.047
"15878","diff3",0.0522631578947369
"15879","diff3",0.0575263157894737
"15880","diff3",0.047
"15881","diff3",0.0259473684210526
"15882","diff3",0.110157894736842
"15883","diff3",0.0206842105263159
"15884","diff3",0.0101578947368422
"15885","diff3",0.0417368421052631
"15886","diff3",0.0417368421052631
"15887","diff3",0.0417368421052631
"15888","diff3",0.047
"15889","diff3",0.047
"15890","diff3",0.0417368421052631
"15891","diff3",-0.000368421052631504
"15892","diff3",0.0575263157894737
"15893","diff3",0.047
"15894","diff3",0.0312105263157894
"15895","diff3",0.0627894736842106
"15896","diff3",0.0575263157894737
"15897","diff3",0.0417368421052631
"15898","diff3",0.0522631578947369
"15899","diff3",0.0680526315789474
"15900","diff3",0.0312105263157894
"15901","diff3",0.0522631578947369
"15902","diff3",0.0417368421052631
"15903","diff3",0.0575263157894737
"15904","diff3",0.0522631578947369
"15905","diff3",0.0522631578947369
"15906","diff3",0.0733157894736843
"15907","diff3",0.0312105263157894
"15908","diff3",0.0785789473684212
"15909","diff3",0.0733157894736843
"15910","diff3",0.0417368421052631
"15911","diff3",0.0680526315789474
"15912","diff3",0.0785789473684212
"15913","diff3",0.0891052631578949
"15914","diff3",0.0364736842105263
"15915","diff3",0.0680526315789474
"15916","diff3",0.0627894736842106
"15917","diff3",0.0680526315789474
"15918","diff3",0.104894736842105
"15919","diff3",0.0891052631578949
"15920","diff3",0.0312105263157894
"15921","diff3",0.0417368421052631
"15922","diff3",-0.000368421052631504
"15923","diff3",0.0259473684210526
"15924","diff3",0.0206842105263159
"15925","diff3",0.0206842105263157
"15926","diff3",0.047
"15927","diff3",0.00489473684210535
"15928","diff3",0.0575263157894737
"15929","diff3",0.0312105263157894
"15930","diff3",0.0575263157894737
"15931","diff3",0.0943684210526317
"15932","diff3",0.0680526315789474
"15933","diff3",0.0522631578947369
"15934","diff3",0.0680526315789474
"15935","diff3",0.125947368421053
"15936","diff3",0.047
"15937","diff3",0.0259473684210528
"15938","diff3",0.0996315789473686
"15939","diff3",0.0891052631578949
"15940","diff3",0.0206842105263157
"15941","diff3",0.083842105263158
"15942","diff3",0.0785789473684212
"15943","diff3",0.0312105263157894
"15944","diff3",0.0785789473684212
"15945","diff3",0.0785789473684212
"15946","diff3",0.0575263157894737
"15947","diff3",0.0259473684210528
"15948","diff3",0.0206842105263159
"15949","diff3",0.0259473684210528
"15950","diff3",0.0206842105263159
"15951","diff3",0.0101578947368422
"15952","diff3",0.0785789473684212
"15953","diff3",0.0627894736842106
"15954","diff3",0.047
"15955","diff3",0.0733157894736843
"15956","diff3",0.0996315789473686
"15957","diff3",0.083842105263158
"15958","diff3",0.0733157894736843
"15959","diff3",-0.000368421052631504
"15960","diff3",0.0733157894736843
"15961","diff3",0.0364736842105263
"15962","diff3",0.0733157894736843
"15963","diff3",0.0154210526315791
"15964","diff3",0.125947368421053
"15965","diff3",0.0312105263157894
"15966","diff3",0.0312105263157894
"15967","diff3",0.0522631578947369
"15968","diff3",0.0417368421052631
"15969","diff3",0.0364736842105263
"15970","diff3",0.0627894736842106
"15971","diff3",0.0627894736842106
"15972","diff3",0.0627894736842106
"15973","diff3",0.047
"15974","diff3",-0.0214210526315789
"15975","diff3",-0.0108947368421052
"15976","diff3",0.0680526315789474
"15977","diff3",0.0259473684210526
"15978","diff3",0.0943684210526317
"15979","diff3",0.047
"15980","diff3",0.0943684210526315
"15981","diff3",0.0206842105263159
"15982","diff3",0.0417368421052631
"15983","diff3",0.0785789473684212
"15984","diff3",0.0996315789473684
"15985","diff3",0.0785789473684212
"15986","diff3",0.0259473684210526
"15987","diff3",0.0575263157894737
"15988","diff3",0.083842105263158
"15989","diff3",0.0680526315789474
"15990","diff3",0.0364736842105263
"15991","diff3",0.0206842105263159
"15992","diff3",0.0733157894736843
"15993","diff3",0.0417368421052631
"15994","diff3",0.083842105263158
"15995","diff3",0.0206842105263159
"15996","diff3",-0.00563157894736836
"15997","diff3",0.0154210526315791
"15998","diff3",0.0417368421052631
"15999","diff3",0.0259473684210526
"16000","diff3",0.0785789473684212
"16001","diff3",0.0680526315789474
"16002","diff3",0.0364736842105263
"16003","diff3",0.0733157894736843
"16004","diff3",0.0680526315789474
"16005","diff3",0.0154210526315791
"16006","diff3",0.141736842105263
"16007","diff3",0.0785789473684212
"16008","diff3",0.0417368421052631
"16009","diff3",0.104894736842105
"16010","diff3",0.0154210526315791
"16011","diff3",0.0996315789473684
"16012","diff3",-0.0424736842105264
"16013","diff3",0.0627894736842106
"16014","diff3",0.115421052631579
"16015","diff3",0.0312105263157894
"16016","diff3",0.0575263157894737
"16017","diff3",0.0996315789473686
"16018","diff3",0.0680526315789474
"16019","diff3",0.0891052631578949
"16020","diff3",0.0785789473684212
"16021","diff3",-0.000368421052631504
"16022","diff3",0.0785789473684212
"16023","diff3",0.0259473684210526
"16024","diff3",0.047
"16025","diff3",0.0522631578947369
"16026","diff3",0.0575263157894737
"16027","diff3",0.0312105263157894
"16028","diff3",0.0627894736842106
"16029","diff3",0.047
"16030","diff3",0.00489473684210535
"16031","diff3",0.047
"16032","diff3",0.0733157894736843
"16033","diff3",0.0575263157894737
"16034","diff3",0.0891052631578949
"16035","diff3",0.0522631578947369
"16036","diff3",0.0680526315789474
"16037","diff3",0.120684210526316
"16038","diff3",0.047
"16039","diff3",0.125947368421053
"16040","diff3",0.0785789473684212
"16041","diff3",0.0364736842105263
"16042","diff3",0.0101578947368422
"16043","diff3",0.0522631578947369
"16044","diff3",0.0680526315789474
"16045","diff3",0.0943684210526315
"16046","diff3",-0.00563157894736836
"16047","diff3",0.0312105263157894
"16048","diff3",0.00489473684210535
"16049","diff3",0.104894736842105
"16050","diff3",0.0312105263157894
"16051","diff3",0.0785789473684212
"16052","diff3",0.047
"16053","diff3",0.0680526315789474
"16054","diff3",0.120684210526316
"16055","diff3",0.0733157894736843
"16056","diff3",0.0733157894736843
"16057","diff3",0.0417368421052631
"16058","diff3",0.0733157894736843
"16059","diff3",0.0575263157894737
"16060","diff3",0.0417368421052631
"16061","diff3",0.00489473684210535
"16062","diff3",0.136473684210526
"16063","diff3",0.0101578947368422
"16064","diff3",0.083842105263158
"16065","diff3",0.0785789473684212
"16066","diff3",0.0206842105263157
"16067","diff3",0.0259473684210526
"16068","diff3",0.0680526315789474
"16069","diff3",0.0417368421052631
"16070","diff3",0.0627894736842106
"16071","diff3",0.0785789473684212
"16072","diff3",0.0943684210526317
"16073","diff3",0.0891052631578949
"16074","diff3",0.0996315789473684
"16075","diff3",0.0364736842105263
"16076","diff3",0.110157894736842
"16077","diff3",0.047
"16078","diff3",0.047
"16079","diff3",0.110157894736842
"16080","diff3",0.0522631578947369
"16081","diff3",0.0312105263157894
"16082","diff3",0.0312105263157894
"16083","diff3",0.0522631578947369
"16084","diff3",0.0417368421052631
"16085","diff3",0.0733157894736843
"16086","diff3",0.0312105263157894
"16087","diff3",0.0154210526315791
"16088","diff3",0.0101578947368422
"16089","diff3",0.0101578947368422
"16090","diff3",0.120684210526316
"16091","diff3",0.047
"16092","diff3",0.0733157894736843
"16093","diff3",0.00489473684210535
"16094","diff3",-0.00563157894736836
"16095","diff3",0.0575263157894737
"16096","diff3",0.0785789473684212
"16097","diff3",0.0785789473684212
"16098","diff3",0.0785789473684212
"16099","diff3",-0.00563157894736836
"16100","diff3",0.131210526315789
"16101","diff3",0.0259473684210526
"16102","diff3",0.0101578947368422
"16103","diff3",0.0154210526315791
"16104","diff3",0.0996315789473686
"16105","diff3",0.0101578947368422
"16106","diff3",0.0206842105263159
"16107","diff3",0.0785789473684212
"16108","diff3",0.0627894736842106
"16109","diff3",0.083842105263158
"16110","diff3",0.104894736842105
"16111","diff3",0.0522631578947369
"16112","diff3",0.0996315789473686
"16113","diff3",0.0680526315789474
"16114","diff3",0.0733157894736843
"16115","diff3",0.0680526315789474
"16116","diff3",0.0364736842105263
"16117","diff3",0.0259473684210526
"16118","diff3",0.0364736842105263
"16119","diff3",-0.00563157894736836
"16120","diff3",0.047
"16121","diff3",0.0154210526315788
"16122","diff3",0.0417368421052631
"16123","diff3",0.0627894736842106
"16124","diff3",0.0312105263157894
"16125","diff3",0.0312105263157894
"16126","diff3",0.0417368421052631
"16127","diff3",0.0785789473684212
"16128","diff3",0.0891052631578949
"16129","diff3",0.0312105263157894
"16130","diff3",0.0259473684210528
"16131","diff3",0.0312105263157894
"16132","diff3",0.083842105263158
"16133","diff3",0.0627894736842106
"16134","diff3",0.0733157894736843
"16135","diff3",0.0996315789473684
"16136","diff3",0.0627894736842106
"16137","diff3",0.125947368421053
"16138","diff3",-0.0108947368421052
"16139","diff3",0.0627894736842106
"16140","diff3",0.0206842105263157
"16141","diff3",0.0417368421052631
"16142","diff3",-0.0319473684210527
"16143","diff3",0.083842105263158
"16144","diff3",0.0680526315789474
"16145","diff3",0.047
"16146","diff3",0.0259473684210526
"16147","diff3",0.110157894736842
"16148","diff3",0.047
"16149","diff3",0.0154210526315788
"16150","diff3",0.0417368421052631
"16151","diff3",0.047
"16152","diff3",0.0996315789473686
"16153","diff3",-0.000368421052631504
"16154","diff3",0.047
"16155","diff3",0.0680526315789474
"16156","diff3",0.0364736842105263
"16157","diff3",0.0417368421052631
"16158","diff3",0.0312105263157894
"16159","diff3",0.0259473684210526
"16160","diff3",0.0785789473684212
"16161","diff3",0.0733157894736843
"16162","diff3",0.0312105263157894
"16163","diff3",0.083842105263158
"16164","diff3",0.0364736842105263
"16165","diff3",0.0680526315789474
"16166","diff3",0.0733157894736843
"16167","diff3",0.00489473684210535
"16168","diff3",0.0364736842105263
"16169","diff3",0.0785789473684212
"16170","diff3",0.0680526315789474
"16171","diff3",0.0785789473684212
"16172","diff3",0.0943684210526317
"16173","diff3",0.047
"16174","diff3",0.0785789473684212
"16175","diff3",0.0575263157894737
"16176","diff3",0.0785789473684212
"16177","diff3",0.0627894736842106
"16178","diff3",0.0417368421052631
"16179","diff3",0.0680526315789474
"16180","diff3",0.047
"16181","diff3",0.047
"16182","diff3",0.0312105263157894
"16183","diff3",0.0522631578947369
"16184","diff3",0.0522631578947369
"16185","diff3",0.0785789473684212
"16186","diff3",0.0575263157894737
"16187","diff3",0.0680526315789474
"16188","diff3",0.0259473684210528
"16189","diff3",0.00489473684210535
"16190","diff3",0.0522631578947369
"16191","diff3",0.0259473684210528
"16192","diff3",0.0364736842105263
"16193","diff3",0.0417368421052631
"16194","diff3",0.083842105263158
"16195","diff3",0.0206842105263157
"16196","diff3",0.0522631578947369
"16197","diff3",0.0575263157894737
"16198","diff3",0.047
"16199","diff3",0.0101578947368422
"16200","diff3",0.0522631578947369
"16201","diff3",0.0680526315789474
"16202","diff3",0.0522631578947369
"16203","diff3",0.0522631578947369
"16204","diff3",0.0312105263157894
"16205","diff3",0.141736842105263
"16206","diff3",0.0522631578947369
"16207","diff3",0.0575263157894737
"16208","diff3",0.0417368421052631
"16209","diff3",0.047
"16210","diff3",0.0785789473684212
"16211","diff3",0.0312105263157896
"16212","diff3",0.0101578947368422
"16213","diff3",0.00489473684210535
"16214","diff3",0.0943684210526315
"16215","diff3",0.0206842105263157
"16216","diff3",0.0259473684210526
"16217","diff3",0.0312105263157894
"16218","diff3",0.0259473684210528
"16219","diff3",0.0154210526315791
"16220","diff3",0.0785789473684212
"16221","diff3",0.0154210526315791
"16222","diff3",0.0312105263157894
"16223","diff3",0.0154210526315791
"16224","diff3",0.0522631578947369
"16225","diff3",0.0206842105263159
"16226","diff3",0.0575263157894737
"16227","diff3",0.0364736842105263
"16228","diff3",0.0891052631578949
"16229","diff3",0.0575263157894737
"16230","diff3",0.0417368421052631
"16231","diff3",0.0785789473684212
"16232","diff3",0.00489473684210535
"16233","diff3",0.0785789473684212
"16234","diff3",0.104894736842105
"16235","diff3",0.0417368421052631
"16236","diff3",0.0785789473684212
"16237","diff3",0.120684210526316
"16238","diff3",0.110157894736842
"16239","diff3",0.0996315789473684
"16240","diff3",0.110157894736842
"16241","diff3",0.0364736842105263
"16242","diff3",0.0522631578947369
"16243","diff3",0.047
"16244","diff3",0.131210526315789
"16245","diff3",0.0154210526315791
"16246","diff3",0.0627894736842106
"16247","diff3",0.0627894736842106
"16248","diff3",0.0733157894736843
"16249","diff3",0.0312105263157894
"16250","diff3",0.00489473684210535
"16251","diff3",0.0101578947368422
"16252","diff3",0.0627894736842106
"16253","diff3",0.0206842105263159
"16254","diff3",0.0417368421052631
"16255","diff3",0.0154210526315791
"16256","diff3",0.0680526315789474
"16257","diff3",0.0206842105263159
"16258","diff3",0.0575263157894737
"16259","diff3",0.047
"16260","diff3",0.00489473684210535
"16261","diff3",0.0575263157894737
"16262","diff3",0.0680526315789474
"16263","diff3",0.0891052631578949
"16264","diff3",0.00489473684210535
"16265","diff3",0.0680526315789474
"16266","diff3",-0.0108947368421052
"16267","diff3",0.0627894736842106
"16268","diff3",0.0522631578947369
"16269","diff3",0.0575263157894737
"16270","diff3",0.0575263157894737
"16271","diff3",0.0733157894736843
"16272","diff3",0.0417368421052631
"16273","diff3",0.0364736842105263
"16274","diff3",0.083842105263158
"16275","diff3",0.0259473684210526
"16276","diff3",-0.0161578947368421
"16277","diff3",-0.0372105263157895
"16278","diff3",0.115421052631579
"16279","diff3",0.131210526315789
"16280","diff3",0.0417368421052631
"16281","diff3",0.104894736842105
"16282","diff3",0.047
"16283","diff3",0.00489473684210535
"16284","diff3",0.0785789473684212
"16285","diff3",0.0154210526315791
"16286","diff3",0.047
"16287","diff3",0.0522631578947369
"16288","diff3",0.0575263157894737
"16289","diff3",0.0575263157894737
"16290","diff3",0.0785789473684212
"16291","diff3",0.047
"16292","diff3",0.0785789473684212
"16293","diff3",0.0943684210526317
"16294","diff3",-0.000368421052631504
"16295","diff3",0.0522631578947369
"16296","diff3",0.0312105263157894
"16297","diff3",0.0312105263157894
"16298","diff3",0.0522631578947369
"16299","diff3",0.0522631578947369
"16300","diff3",0.0364736842105263
"16301","diff3",0.0575263157894737
"16302","diff3",0.104894736842105
"16303","diff3",0.0785789473684212
"16304","diff3",0.047
"16305","diff3",0.0154210526315791
"16306","diff3",0.0522631578947369
"16307","diff3",0.0417368421052631
"16308","diff3",0.0943684210526317
"16309","diff3",0.0154210526315791
"16310","diff3",0.0154210526315791
"16311","diff3",0.0575263157894737
"16312","diff3",0.0259473684210526
"16313","diff3",0.0522631578947369
"16314","diff3",0.0206842105263159
"16315","diff3",0.0312105263157894
"16316","diff3",0.0364736842105263
"16317","diff3",0.125947368421053
"16318","diff3",0.0206842105263157
"16319","diff3",0.0206842105263157
"16320","diff3",0.0680526315789474
"16321","diff3",0.0259473684210526
"16322","diff3",0.0891052631578949
"16323","diff3",0.083842105263158
"16324","diff3",0.047
"16325","diff3",0.0522631578947369
"16326","diff3",0.0733157894736843
"16327","diff3",0.0680526315789474
"16328","diff3",0.00489473684210535
"16329","diff3",0.047
"16330","diff3",0.0733157894736843
"16331","diff3",0.0575263157894737
"16332","diff3",0.0206842105263159
"16333","diff3",0.0312105263157894
"16334","diff3",0.0996315789473686
"16335","diff3",0.0733157894736843
"16336","diff3",0.0996315789473684
"16337","diff3",0.0943684210526317
"16338","diff3",0.0733157894736843
"16339","diff3",0.0101578947368422
"16340","diff3",0.0996315789473686
"16341","diff3",0.0364736842105263
"16342","diff3",0.0522631578947369
"16343","diff3",0.0680526315789474
"16344","diff3",0.115421052631579
"16345","diff3",0.0575263157894737
"16346","diff3",0.0522631578947369
"16347","diff3",0.0154210526315791
"16348","diff3",0.0364736842105263
"16349","diff3",0.0575263157894737
"16350","diff3",0.0101578947368422
"16351","diff3",0.0733157894736843
"16352","diff3",0.0680526315789474
"16353","diff3",-0.0161578947368421
"16354","diff3",0.0364736842105263
"16355","diff3",0.0575263157894737
"16356","diff3",0.083842105263158
"16357","diff3",0.0259473684210526
"16358","diff3",0.0785789473684212
"16359","diff3",0.083842105263158
"16360","diff3",0.0259473684210526
"16361","diff3",0.0943684210526317
"16362","diff3",0.0206842105263159
"16363","diff3",0.0154210526315791
"16364","diff3",0.0996315789473684
"16365","diff3",0.0891052631578949
"16366","diff3",0.0206842105263157
"16367","diff3",0.0206842105263157
"16368","diff3",0.047
"16369","diff3",0.0154210526315791
"16370","diff3",0.0785789473684212
"16371","diff3",0.0101578947368422
"16372","diff3",0.0522631578947369
"16373","diff3",0.047
"16374","diff3",0.0101578947368422
"16375","diff3",-0.0161578947368421
"16376","diff3",-0.00563157894736836
"16377","diff3",0.0312105263157894
"16378","diff3",0.0943684210526317
"16379","diff3",0.0680526315789474
"16380","diff3",0.0206842105263157
"16381","diff3",0.104894736842105
"16382","diff3",0.110157894736842
"16383","diff3",-0.000368421052631504
"16384","diff3",0.0101578947368422
"16385","diff3",0.0259473684210526
"16386","diff3",0.083842105263158
"16387","diff3",0.0101578947368422
"16388","diff3",0.0259473684210526
"16389","diff3",0.0575263157894737
"16390","diff3",0.047
"16391","diff3",0.136473684210526
"16392","diff3",0.0996315789473684
"16393","diff3",0.047
"16394","diff3",0.0627894736842106
"16395","diff3",0.0417368421052631
"16396","diff3",0.0522631578947369
"16397","diff3",0.0575263157894737
"16398","diff3",0.0680526315789474
"16399","diff3",0.0733157894736843
"16400","diff3",0.0627894736842106
"16401","diff3",0.00489473684210535
"16402","diff3",0.0312105263157894
"16403","diff3",0.0101578947368422
"16404","diff3",0.0101578947368422
"16405","diff3",0.0785789473684212
"16406","diff3",0.0627894736842106
"16407","diff3",-0.00563157894736836
"16408","diff3",0.0101578947368422
"16409","diff3",0.0312105263157894
"16410","diff3",0.0891052631578949
"16411","diff3",0.083842105263158
"16412","diff3",0.0206842105263159
"16413","diff3",0.0417368421052631
"16414","diff3",0.047
"16415","diff3",0.0891052631578949
"16416","diff3",0.0417368421052631
"16417","diff3",0.0627894736842106
"16418","diff3",0.0627894736842106
"16419","diff3",0.0733157894736843
"16420","diff3",0.0206842105263157
"16421","diff3",0.0680526315789474
"16422","diff3",0.047
"16423","diff3",0.0364736842105263
"16424","diff3",0.0943684210526317
"16425","diff3",0.0364736842105263
"16426","diff3",0.0785789473684212
"16427","diff3",0.0575263157894737
"16428","diff3",0.0943684210526317
"16429","diff3",0.0575263157894737
"16430","diff3",0.0575263157894737
"16431","diff3",0.0943684210526317
"16432","diff3",0.083842105263158
"16433","diff3",0.0575263157894737
"16434","diff3",-0.00563157894736836
"16435","diff3",0.0522631578947369
"16436","diff3",0.0206842105263159
"16437","diff3",-0.0108947368421052
"16438","diff3",0.0680526315789474
"16439","diff3",0.00489473684210535
"16440","diff3",-0.0161578947368421
"16441","diff3",0.0575263157894737
"16442","diff3",0.0627894736842106
"16443","diff3",0.0101578947368422
"16444","diff3",0.0627894736842106
"16445","diff3",0.0259473684210526
"16446","diff3",0.0627894736842106
"16447","diff3",0.0680526315789474
"16448","diff3",0.00489473684210535
"16449","diff3",0.0680526315789474
"16450","diff3",-0.00563157894736836
"16451","diff3",0.0417368421052631
"16452","diff3",0.0785789473684212
"16453","diff3",0.047
"16454","diff3",0.0259473684210526
"16455","diff3",0.083842105263158
"16456","diff3",0.083842105263158
"16457","diff3",-0.0161578947368421
"16458","diff3",0.0206842105263157
"16459","diff3",0.0259473684210526
"16460","diff3",0.0154210526315791
"16461","diff3",-0.0161578947368421
"16462","diff3",0.0785789473684212
"16463","diff3",0.083842105263158
"16464","diff3",0.0891052631578949
"16465","diff3",-0.000368421052631504
"16466","diff3",0.0101578947368422
"16467","diff3",-0.000368421052631504
"16468","diff3",0.0733157894736843
"16469","diff3",0.0733157894736843
"16470","diff3",0.0575263157894737
"16471","diff3",0.0417368421052631
"16472","diff3",0.0312105263157894
"16473","diff3",0.0575263157894737
"16474","diff3",0.0575263157894737
"16475","diff3",0.0154210526315791
"16476","diff3",0.0943684210526317
"16477","diff3",0.0680526315789474
"16478","diff3",0.0680526315789474
"16479","diff3",0.0101578947368422
"16480","diff3",0.0259473684210526
"16481","diff3",0.0154210526315791
"16482","diff3",0.0312105263157894
"16483","diff3",0.0522631578947369
"16484","diff3",0.0206842105263159
"16485","diff3",0.0891052631578949
"16486","diff3",0.0417368421052631
"16487","diff3",0.0522631578947369
"16488","diff3",0.0417368421052631
"16489","diff3",0.110157894736842
"16490","diff3",0.0891052631578949
"16491","diff3",0.0733157894736843
"16492","diff3",0.0575263157894737
"16493","diff3",0.0943684210526317
"16494","diff3",0.0575263157894737
"16495","diff3",0.0680526315789474
"16496","diff3",0.0733157894736843
"16497","diff3",0.0259473684210526
"16498","diff3",0.0154210526315791
"16499","diff3",0.0575263157894737
"16500","diff3",0.047
"16501","diff3",0.0417368421052631
"16502","diff3",0.0733157894736843
"16503","diff3",0.0680526315789474
"16504","diff3",0.104894736842105
"16505","diff3",0.0733157894736843
"16506","diff3",0.0259473684210526
"16507","diff3",0.0206842105263159
"16508","diff3",0.0259473684210526
"16509","diff3",0.0364736842105263
"16510","diff3",0.0733157894736843
"16511","diff3",0.0154210526315791
"16512","diff3",0.0575263157894737
"16513","diff3",0.0312105263157894
"16514","diff3",0.0575263157894737
"16515","diff3",0.0627894736842106
"16516","diff3",0.0154210526315791
"16517","diff3",0.083842105263158
"16518","diff3",0.0364736842105263
"16519","diff3",0.0312105263157894
"16520","diff3",0.047
"16521","diff3",0.047
"16522","diff3",-0.00563157894736836
"16523","diff3",0.0627894736842106
"16524","diff3",0.0627894736842106
"16525","diff3",0.0312105263157894
"16526","diff3",0.0101578947368422
"16527","diff3",0.0891052631578949
"16528","diff3",0.0575263157894737
"16529","diff3",0.0522631578947369
"16530","diff3",0.0733157894736843
"16531","diff3",0.0522631578947369
"16532","diff3",0.0101578947368422
"16533","diff3",0.0259473684210528
"16534","diff3",0.0154210526315791
"16535","diff3",0.0417368421052631
"16536","diff3",0.0943684210526315
"16537","diff3",0.0206842105263159
"16538","diff3",0.0575263157894737
"16539","diff3",-0.0266842105263158
"16540","diff3",0.0627894736842106
"16541","diff3",0.0522631578947369
"16542","diff3",0.0417368421052631
"16543","diff3",0.115421052631579
"16544","diff3",-0.0214210526315789
"16545","diff3",0.0417368421052631
"16546","diff3",0.0891052631578949
"16547","diff3",-0.0161578947368421
"16548","diff3",0.0785789473684212
"16549","diff3",-0.000368421052631504
"16550","diff3",0.00489473684210535
"16551","diff3",0.0891052631578949
"16552","diff3",0.0364736842105263
"16553","diff3",0.0259473684210526
"16554","diff3",0.0364736842105263
"16555","diff3",0.0627894736842106
"16556","diff3",-0.000368421052631504
"16557","diff3",0.0733157894736843
"16558","diff3",0.0575263157894737
"16559","diff3",0.0891052631578949
"16560","diff3",0.0312105263157896
"16561","diff3",0.0154210526315791
"16562","diff3",0.0364736842105263
"16563","diff3",0.0891052631578949
"16564","diff3",0.0364736842105263
"16565","diff3",0.0364736842105263
"16566","diff3",0.047
"16567","diff3",0.0627894736842106
"16568","diff3",-0.00563157894736836
"16569","diff3",0.047
"16570","diff3",0.0417368421052631
"16571","diff3",0.0575263157894737
"16572","diff3",0.0206842105263159
"16573","diff3",0.083842105263158
"16574","diff3",0.0417368421052631
"16575","diff3",0.0891052631578949
"16576","diff3",0.125947368421053
"16577","diff3",0.0891052631578949
"16578","diff3",0.0680526315789474
"16579","diff3",0.0417368421052631
"16580","diff3",0.0312105263157894
"16581","diff3",0.0575263157894737
"16582","diff3",0.0785789473684212
"16583","diff3",0.120684210526316
"16584","diff3",0.0575263157894737
"16585","diff3",0.047
"16586","diff3",0.0680526315789474
"16587","diff3",0.115421052631579
"16588","diff3",0.0785789473684212
"16589","diff3",0.0364736842105263
"16590","diff3",0.0417368421052631
"16591","diff3",0.0575263157894737
"16592","diff3",0.0996315789473684
"16593","diff3",0.0259473684210526
"16594","diff3",0.0733157894736843
"16595","diff3",0.0575263157894737
"16596","diff3",0.0891052631578949
"16597","diff3",0.0891052631578949
"16598","diff3",0.047
"16599","diff3",0.00489473684210535
"16600","diff3",0.0733157894736843
"16601","diff3",0.0312105263157894
"16602","diff3",0.0943684210526317
"16603","diff3",0.047
"16604","diff3",0.0943684210526317
"16605","diff3",0.0312105263157894
"16606","diff3",0.0627894736842106
"16607","diff3",0.0627894736842106
"16608","diff3",0.0101578947368422
"16609","diff3",0.083842105263158
"16610","diff3",0.0259473684210528
"16611","diff3",0.0733157894736843
"16612","diff3",0.0312105263157894
"16613","diff3",-0.0582631578947367
"16614","diff3",0.125947368421053
"16615","diff3",0.0259473684210526
"16616","diff3",0.0417368421052631
"16617","diff3",0.0575263157894737
"16618","diff3",0.0785789473684212
"16619","diff3",0.0733157894736843
"16620","diff3",0.0785789473684212
"16621","diff3",-0.000368421052631504
"16622","diff3",-0.0161578947368421
"16623","diff3",0.047
"16624","diff3",0.0206842105263157
"16625","diff3",-0.0108947368421052
"16626","diff3",0.0733157894736843
"16627","diff3",0.0943684210526315
"16628","diff3",0.0785789473684212
"16629","diff3",0.0943684210526317
"16630","diff3",0.0364736842105263
"16631","diff3",0.083842105263158
"16632","diff3",0.0627894736842106
"16633","diff3",0.0996315789473684
"16634","diff3",0.047
"16635","diff3",-0.000368421052631504
"16636","diff3",0.083842105263158
"16637","diff3",0.0522631578947369
"16638","diff3",0.0312105263157894
"16639","diff3",0.083842105263158
"16640","diff3",0.104894736842105
"16641","diff3",0.083842105263158
"16642","diff3",0.0312105263157894
"16643","diff3",-0.0108947368421052
"16644","diff3",0.0206842105263159
"16645","diff3",0.0680526315789474
"16646","diff3",0.0680526315789474
"16647","diff3",0.0206842105263159
"16648","diff3",0.0154210526315791
"16649","diff3",0.0943684210526317
"16650","diff3",0.0312105263157894
"16651","diff3",0.0417368421052631
"16652","diff3",0.0522631578947369
"16653","diff3",0.0785789473684212
"16654","diff3",0.110157894736842
"16655","diff3",0.0733157894736843
"16656","diff3",0.0259473684210526
"16657","diff3",0.047
"16658","diff3",0.0417368421052631
"16659","diff3",0.00489473684210535
"16660","diff3",0.0733157894736843
"16661","diff3",0.0312105263157894
"16662","diff3",0.0364736842105263
"16663","diff3",0.0680526315789474
"16664","diff3",0.0680526315789474
"16665","diff3",0.0785789473684212
"16666","diff3",0.0733157894736843
"16667","diff3",0.047
"16668","diff3",0.0996315789473684
"16669","diff3",-0.0319473684210527
"16670","diff3",0.0785789473684212
"16671","diff3",0.0417368421052631
"16672","diff3",0.0364736842105263
"16673","diff3",-0.000368421052631504
"16674","diff3",-0.0266842105263158
"16675","diff3",0.0891052631578949
"16676","diff3",0.047
"16677","diff3",0.0522631578947369
"16678","diff3",0.0680526315789474
"16679","diff3",0.0417368421052631
"16680","diff3",0.104894736842105
"16681","diff3",0.0891052631578949
"16682","diff3",0.0733157894736843
"16683","diff3",0.0154210526315791
"16684","diff3",0.0680526315789474
"16685","diff3",0.0101578947368422
"16686","diff3",0.0154210526315791
"16687","diff3",0.047
"16688","diff3",0.0312105263157894
"16689","diff3",0.104894736842105
"16690","diff3",0.0627894736842106
"16691","diff3",-0.0161578947368421
"16692","diff3",-0.0161578947368421
"16693","diff3",0.0891052631578949
"16694","diff3",0.0627894736842106
"16695","diff3",0.0891052631578946
"16696","diff3",0.0627894736842106
"16697","diff3",0.120684210526316
"16698","diff3",0.157526315789474
"16699","diff3",0.0259473684210528
"16700","diff3",0.0733157894736843
"16701","diff3",-0.0266842105263158
"16702","diff3",0.0206842105263159
"16703","diff3",0.0522631578947369
"16704","diff3",0.0312105263157896
"16705","diff3",0.047
"16706","diff3",0.0733157894736843
"16707","diff3",-0.000368421052631504
"16708","diff3",0.0364736842105263
"16709","diff3",0.0575263157894737
"16710","diff3",0.0259473684210528
"16711","diff3",0.0680526315789474
"16712","diff3",0.0312105263157894
"16713","diff3",0.0891052631578949
"16714","diff3",0.0417368421052631
"16715","diff3",0.0312105263157894
"16716","diff3",-0.0108947368421052
"16717","diff3",0.0575263157894737
"16718","diff3",0.120684210526316
"16719","diff3",-0.0161578947368421
"16720","diff3",0.0891052631578949
"16721","diff3",-0.0214210526315789
"16722","diff3",0.0733157894736843
"16723","diff3",0.0627894736842106
"16724","diff3",0.0206842105263159
"16725","diff3",-0.0161578947368421
"16726","diff3",0.0522631578947369
"16727","diff3",0.0996315789473686
"16728","diff3",0.0522631578947369
"16729","diff3",0.0575263157894737
"16730","diff3",0.136473684210526
"16731","diff3",0.0312105263157894
"16732","diff3",0.0733157894736843
"16733","diff3",-0.0319473684210527
"16734","diff3",0.0259473684210526
"16735","diff3",0.0522631578947369
"16736","diff3",0.083842105263158
"16737","diff3",0.0943684210526315
"16738","diff3",0.0206842105263159
"16739","diff3",0.047
"16740","diff3",0.0680526315789474
"16741","diff3",0.0627894736842106
"16742","diff3",0.0522631578947369
"16743","diff3",0.0627894736842106
"16744","diff3",-0.0161578947368421
"16745","diff3",0.0522631578947369
"16746","diff3",0.0996315789473684
"16747","diff3",0.110157894736842
"16748","diff3",0.0785789473684212
"16749","diff3",0.0259473684210528
"16750","diff3",0.0575263157894737
"16751","diff3",0.0522631578947369
"16752","diff3",-0.0108947368421052
"16753","diff3",0.0417368421052631
"16754","diff3",0.00489473684210535
"16755","diff3",0.0206842105263159
"16756","diff3",-0.0108947368421052
"16757","diff3",0.0680526315789474
"16758","diff3",0.0733157894736843
"16759","diff3",0.083842105263158
"16760","diff3",0.0522631578947369
"16761","diff3",0.0943684210526315
"16762","diff3",0.0101578947368422
"16763","diff3",0.0417368421052631
"16764","diff3",0.0680526315789474
"16765","diff3",0.047
"16766","diff3",0.104894736842105
"16767","diff3",0.0785789473684212
"16768","diff3",0.0154210526315788
"16769","diff3",0.0417368421052631
"16770","diff3",0.0575263157894737
"16771","diff3",0.0996315789473686
"16772","diff3",-0.0108947368421052
"16773","diff3",0.0733157894736843
"16774","diff3",0.0575263157894737
"16775","diff3",0.0364736842105263
"16776","diff3",0.0101578947368422
"16777","diff3",0.0575263157894737
"16778","diff3",0.047
"16779","diff3",0.0575263157894737
"16780","diff3",0.0627894736842106
"16781","diff3",0.0312105263157894
"16782","diff3",0.0312105263157894
"16783","diff3",0.00489473684210535
"16784","diff3",0.047
"16785","diff3",0.0417368421052631
"16786","diff3",0.00489473684210535
"16787","diff3",0.0785789473684212
"16788","diff3",0.0206842105263157
"16789","diff3",0.0785789473684212
"16790","diff3",0.0891052631578949
"16791","diff3",0.0891052631578949
"16792","diff3",0.0891052631578949
"16793","diff3",0.0785789473684212
"16794","diff3",0.0364736842105263
"16795","diff3",0.0259473684210526
"16796","diff3",0.0785789473684212
"16797","diff3",0.0733157894736843
"16798","diff3",0.0364736842105263
"16799","diff3",0.0575263157894737
"16800","diff3",0.047
"16801","diff3",0.136473684210526
"16802","diff3",0.0785789473684212
"16803","diff3",0.0259473684210526
"16804","diff3",0.083842105263158
"16805","diff3",0.0522631578947369
"16806","diff3",0.131210526315789
"16807","diff3",0.0154210526315791
"16808","diff3",0.0364736842105263
"16809","diff3",0.0259473684210528
"16810","diff3",0.0417368421052631
"16811","diff3",-0.0635263157894736
"16812","diff3",0.0627894736842106
"16813","diff3",0.0364736842105263
"16814","diff3",0.0417368421052631
"16815","diff3",0.0627894736842106
"16816","diff3",0.0891052631578949
"16817","diff3",0.0575263157894737
"16818","diff3",-0.000368421052631504
"16819","diff3",0.0101578947368422
"16820","diff3",0.104894736842105
"16821","diff3",0.0522631578947369
"16822","diff3",0.083842105263158
"16823","diff3",-0.0214210526315789
"16824","diff3",0.0417368421052631
"16825","diff3",0.0364736842105263
"16826","diff3",0.0259473684210528
"16827","diff3",0.0259473684210526
"16828","diff3",0.0259473684210526
"16829","diff3",0.0680526315789474
"16830","diff3",0.0364736842105263
"16831","diff3",0.0364736842105263
"16832","diff3",0.0680526315789474
"16833","diff3",0.0522631578947369
"16834","diff3",0.0733157894736843
"16835","diff3",0.0943684210526317
"16836","diff3",0.0680526315789474
"16837","diff3",0.0364736842105263
"16838","diff3",0.0364736842105263
"16839","diff3",0.0627894736842106
"16840","diff3",0.083842105263158
"16841","diff3",0.0522631578947369
"16842","diff3",0.0785789473684212
"16843","diff3",0.0417368421052631
"16844","diff3",0.0259473684210526
"16845","diff3",-0.00563157894736836
"16846","diff3",0.0259473684210526
"16847","diff3",0.0680526315789474
"16848","diff3",0.0259473684210528
"16849","diff3",0.0312105263157894
"16850","diff3",0.0206842105263159
"16851","diff3",0.0996315789473684
"16852","diff3",0.0680526315789474
"16853","diff3",0.0417368421052631
"16854","diff3",0.0206842105263157
"16855","diff3",0.0312105263157894
"16856","diff3",0.0785789473684212
"16857","diff3",0.0417368421052631
"16858","diff3",0.0575263157894737
"16859","diff3",0.0154210526315791
"16860","diff3",0.0417368421052631
"16861","diff3",0.0154210526315791
"16862","diff3",0.0575263157894737
"16863","diff3",-0.0424736842105264
"16864","diff3",0.0575263157894737
"16865","diff3",0.0575263157894737
"16866","diff3",0.0943684210526315
"16867","diff3",0.0996315789473686
"16868","diff3",0.0522631578947369
"16869","diff3",0.0575263157894737
"16870","diff3",-0.0161578947368421
"16871","diff3",0.0364736842105263
"16872","diff3",0.0575263157894737
"16873","diff3",0.0259473684210526
"16874","diff3",0.110157894736842
"16875","diff3",0.0259473684210526
"16876","diff3",0.0522631578947369
"16877","diff3",0.0627894736842106
"16878","diff3",0.0154210526315788
"16879","diff3",0.0206842105263157
"16880","diff3",0.0733157894736843
"16881","diff3",0.0785789473684212
"16882","diff3",0.0364736842105263
"16883","diff3",0.0364736842105263
"16884","diff3",0.047
"16885","diff3",0.0627894736842106
"16886","diff3",0.0259473684210526
"16887","diff3",0.0785789473684212
"16888","diff3",0.0680526315789474
"16889","diff3",0.0312105263157894
"16890","diff3",0.0259473684210526
"16891","diff3",0.0680526315789474
"16892","diff3",0.047
"16893","diff3",0.0259473684210526
"16894","diff3",0.0364736842105263
"16895","diff3",0.110157894736842
"16896","diff3",0.0312105263157894
"16897","diff3",0.125947368421053
"16898","diff3",-0.00563157894736836
"16899","diff3",0.047
"16900","diff3",0.047
"16901","diff3",0.0522631578947369
"16902","diff3",0.0575263157894737
"16903","diff3",-0.0214210526315789
"16904","diff3",0.0891052631578946
"16905","diff3",0.0417368421052631
"16906","diff3",0.104894736842105
"16907","diff3",0.0101578947368422
"16908","diff3",0.0943684210526317
"16909","diff3",0.0101578947368422
"16910","diff3",0.0996315789473686
"16911","diff3",0.0627894736842106
"16912","diff3",0.0680526315789474
"16913","diff3",0.0259473684210528
"16914","diff3",0.0417368421052631
"16915","diff3",0.0417368421052631
"16916","diff3",0.0785789473684212
"16917","diff3",0.0101578947368422
"16918","diff3",0.0943684210526317
"16919","diff3",0.0206842105263157
"16920","diff3",0.0575263157894737
"16921","diff3",0.0943684210526315
"16922","diff3",0.0206842105263157
"16923","diff3",0.0627894736842106
"16924","diff3",0.0680526315789474
"16925","diff3",0.0417368421052631
"16926","diff3",0.0259473684210526
"16927","diff3",0.0996315789473684
"16928","diff3",0.0680526315789474
"16929","diff3",0.0154210526315788
"16930","diff3",0.0785789473684212
"16931","diff3",0.0891052631578949
"16932","diff3",0.110157894736842
"16933","diff3",0.0785789473684212
"16934","diff3",0.0312105263157894
"16935","diff3",0.0417368421052631
"16936","diff3",0.0417368421052631
"16937","diff3",0.0627894736842106
"16938","diff3",0.0312105263157894
"16939","diff3",-0.0319473684210527
"16940","diff3",0.0943684210526315
"16941","diff3",0.0312105263157894
"16942","diff3",0.0259473684210526
"16943","diff3",0.0680526315789474
"16944","diff3",0.0943684210526317
"16945","diff3",0.0733157894736843
"16946","diff3",0.0522631578947369
"16947","diff3",0.0364736842105263
"16948","diff3",0.0522631578947369
"16949","diff3",0.0206842105263157
"16950","diff3",0.0943684210526317
"16951","diff3",0.047
"16952","diff3",0.0785789473684212
"16953","diff3",0.0522631578947369
"16954","diff3",-0.000368421052631504
"16955","diff3",0.0891052631578949
"16956","diff3",0.0680526315789474
"16957","diff3",0.047
"16958","diff3",0.120684210526316
"16959","diff3",0.110157894736842
"16960","diff3",0.0101578947368422
"16961","diff3",0.0733157894736843
"16962","diff3",0.0101578947368422
"16963","diff3",0.0206842105263157
"16964","diff3",0.0680526315789474
"16965","diff3",0.0522631578947369
"16966","diff3",0.0627894736842106
"16967","diff3",-0.00563157894736836
"16968","diff3",0.0259473684210526
"16969","diff3",0.0259473684210526
"16970","diff3",0.0312105263157894
"16971","diff3",0.0627894736842106
"16972","diff3",0.104894736842105
"16973","diff3",0.0627894736842106
"16974","diff3",0.0680526315789474
"16975","diff3",0.0627894736842106
"16976","diff3",0.0996315789473684
"16977","diff3",0.0627894736842106
"16978","diff3",0.0364736842105263
"16979","diff3",0.0364736842105263
"16980","diff3",0.0417368421052631
"16981","diff3",0.083842105263158
"16982","diff3",0.0101578947368422
"16983","diff3",0.047
"16984","diff3",0.0785789473684212
"16985","diff3",0.0154210526315791
"16986","diff3",0.0891052631578949
"16987","diff3",0.047
"16988","diff3",0.0522631578947369
"16989","diff3",0.0785789473684212
"16990","diff3",0.0417368421052631
"16991","diff3",0.0259473684210526
"16992","diff3",0.0627894736842106
"16993","diff3",0.0627894736842106
"16994","diff3",0.0575263157894737
"16995","diff3",-0.0161578947368421
"16996","diff3",0.0154210526315791
"16997","diff3",0.0417368421052631
"16998","diff3",0.0312105263157894
"16999","diff3",0.047
"17000","diff3",0.083842105263158
"17001","diff3",0.0206842105263159
"17002","diff3",0.104894736842105
"17003","diff3",0.0733157894736843
"17004","diff3",0.0785789473684212
"17005","diff3",0.0522631578947369
"17006","diff3",0.0259473684210528
"17007","diff3",0.0101578947368422
"17008","diff3",0.0417368421052631
"17009","diff3",0.0680526315789474
"17010","diff3",0.0101578947368422
"17011","diff3",-0.00563157894736836
"17012","diff3",0.0364736842105263
"17013","diff3",0.047
"17014","diff3",0.0206842105263159
"17015","diff3",0.00489473684210535
"17016","diff3",0.0364736842105263
"17017","diff3",0.0627894736842106
"17018","diff3",0.0259473684210528
"17019","diff3",0.0627894736842106
"17020","diff3",0.110157894736842
"17021","diff3",0.047
"17022","diff3",0.136473684210526
"17023","diff3",0.0364736842105263
"17024","diff3",0.0785789473684212
"17025","diff3",0.0575263157894737
"17026","diff3",0.0259473684210526
"17027","diff3",0.0627894736842106
"17028","diff3",0.083842105263158
"17029","diff3",0.0785789473684212
"17030","diff3",0.115421052631579
"17031","diff3",0.110157894736842
"17032","diff3",0.0575263157894737
"17033","diff3",0.0627894736842106
"17034","diff3",0.0312105263157894
"17035","diff3",0.00489473684210535
"17036","diff3",0.0417368421052631
"17037","diff3",0.0680526315789474
"17038","diff3",0.0627894736842106
"17039","diff3",-0.00563157894736836
"17040","diff3",0.0575263157894737
"17041","diff3",0.0575263157894737
"17042","diff3",0.0627894736842106
"17043","diff3",0.0575263157894737
"17044","diff3",0.0522631578947369
"17045","diff3",0.0101578947368422
"17046","diff3",0.0680526315789474
"17047","diff3",0.0680526315789474
"17048","diff3",0.115421052631579
"17049","diff3",0.0259473684210526
"17050","diff3",0.0522631578947369
"17051","diff3",0.0943684210526317
"17052","diff3",0.0785789473684212
"17053","diff3",0.00489473684210535
"17054","diff3",0.0996315789473684
"17055","diff3",0.0364736842105263
"17056","diff3",0.0154210526315788
"17057","diff3",0.0575263157894737
"17058","diff3",0.0312105263157894
"17059","diff3",0.0312105263157894
"17060","diff3",0.083842105263158
"17061","diff3",0.0680526315789474
"17062","diff3",0.0154210526315791
"17063","diff3",0.125947368421053
"17064","diff3",0.0522631578947369
"17065","diff3",0.0943684210526317
"17066","diff3",0.0154210526315791
"17067","diff3",0.083842105263158
"17068","diff3",0.0627894736842106
"17069","diff3",0.0627894736842106
"17070","diff3",0.0680526315789474
"17071","diff3",0.0364736842105263
"17072","diff3",-0.00563157894736836
"17073","diff3",0.0364736842105263
"17074","diff3",0.0627894736842106
"17075","diff3",0.0206842105263159
"17076","diff3",0.0680526315789474
"17077","diff3",0.047
"17078","diff3",0.0312105263157894
"17079","diff3",0.0417368421052631
"17080","diff3",0.0575263157894737
"17081","diff3",-0.000368421052631504
"17082","diff3",-0.0108947368421052
"17083","diff3",0.0733157894736843
"17084","diff3",0.047
"17085","diff3",0.0364736842105263
"17086","diff3",0.115421052631579
"17087","diff3",0.0733157894736843
"17088","diff3",0.0522631578947369
"17089","diff3",0.0364736842105263
"17090","diff3",0.115421052631579
"17091","diff3",0.0785789473684212
"17092","diff3",0.0996315789473686
"17093","diff3",0.0785789473684212
"17094","diff3",0.125947368421053
"17095","diff3",0.0680526315789474
"17096","diff3",0.0154210526315791
"17097","diff3",0.0206842105263159
"17098","diff3",0.0364736842105263
"17099","diff3",0.0943684210526315
"17100","diff3",0.0680526315789474
"17101","diff3",0.0627894736842106
"17102","diff3",0.0680526315789474
"17103","diff3",0.120684210526316
"17104","diff3",-0.0108947368421052
"17105","diff3",0.0259473684210526
"17106","diff3",-0.0372105263157895
"17107","diff3",0.083842105263158
"17108","diff3",0.0996315789473684
"17109","diff3",0.0575263157894737
"17110","diff3",0.0575263157894737
"17111","diff3",0.0575263157894737
"17112","diff3",0.0575263157894737
"17113","diff3",0.0680526315789474
"17114","diff3",0.0891052631578949
"17115","diff3",0.0785789473684212
"17116","diff3",0.125947368421053
"17117","diff3",0.0154210526315791
"17118","diff3",0.0575263157894737
"17119","diff3",0.0364736842105263
"17120","diff3",0.047
"17121","diff3",-0.000368421052631504
"17122","diff3",0.0417368421052631
"17123","diff3",-0.000368421052631504
"17124","diff3",0.0785789473684212
"17125","diff3",0.0891052631578949
"17126","diff3",0.083842105263158
"17127","diff3",0.0522631578947369
"17128","diff3",0.115421052631579
"17129","diff3",0.0996315789473684
"17130","diff3",-0.0108947368421052
"17131","diff3",0.0627894736842106
"17132","diff3",0.0364736842105263
"17133","diff3",0.047
"17134","diff3",0.0575263157894737
"17135","diff3",0.0943684210526315
"17136","diff3",0.047
"17137","diff3",0.0417368421052631
"17138","diff3",0.0575263157894737
"17139","diff3",0.0575263157894737
"17140","diff3",0.0733157894736843
"17141","diff3",0.0575263157894737
"17142","diff3",0.0364736842105263
"17143","diff3",0.0522631578947369
"17144","diff3",0.083842105263158
"17145","diff3",0.0996315789473684
"17146","diff3",0.0312105263157894
"17147","diff3",0.0680526315789474
"17148","diff3",0.0522631578947369
"17149","diff3",0.083842105263158
"17150","diff3",0.120684210526316
"17151","diff3",-0.00563157894736836
"17152","diff3",0.0785789473684212
"17153","diff3",0.0575263157894737
"17154","diff3",0.0364736842105263
"17155","diff3",-0.0108947368421052
"17156","diff3",0.0417368421052631
"17157","diff3",0.083842105263158
"17158","diff3",0.0575263157894737
"17159","diff3",0.0627894736842106
"17160","diff3",0.115421052631579
"17161","diff3",0.0522631578947369
"17162","diff3",0.0259473684210528
"17163","diff3",0.0206842105263157
"17164","diff3",0.0785789473684212
"17165","diff3",0.0312105263157894
"17166","diff3",0.0312105263157894
"17167","diff3",0.0943684210526317
"17168","diff3",0.0312105263157894
"17169","diff3",0.0785789473684212
"17170","diff3",0.047
"17171","diff3",0.0364736842105263
"17172","diff3",0.0259473684210526
"17173","diff3",0.141736842105263
"17174","diff3",0.0575263157894737
"17175","diff3",0.0943684210526317
"17176","diff3",0.047
"17177","diff3",0.0680526315789474
"17178","diff3",0.00489473684210535
"17179","diff3",0.0364736842105263
"17180","diff3",0.0785789473684212
"17181","diff3",0.104894736842105
"17182","diff3",0.0259473684210526
"17183","diff3",0.0312105263157894
"17184","diff3",0.104894736842105
"17185","diff3",0.0733157894736843
"17186","diff3",0.0259473684210526
"17187","diff3",0.0364736842105263
"17188","diff3",0.0417368421052631
"17189","diff3",0.0101578947368422
"17190","diff3",0.0891052631578949
"17191","diff3",0.0364736842105263
"17192","diff3",0.047
"17193","diff3",0.0417368421052631
"17194","diff3",0.0417368421052631
"17195","diff3",0.0733157894736843
"17196","diff3",0.0733157894736843
"17197","diff3",0.0417368421052631
"17198","diff3",0.0785789473684212
"17199","diff3",0.0522631578947369
"17200","diff3",0.0891052631578949
"17201","diff3",0.0417368421052631
"17202","diff3",-0.000368421052631504
"17203","diff3",-0.0214210526315789
"17204","diff3",0.0733157894736843
"17205","diff3",0.0785789473684212
"17206","diff3",0.0154210526315791
"17207","diff3",0.0417368421052631
"17208","diff3",0.0785789473684212
"17209","diff3",0.0733157894736843
"17210","diff3",0.0522631578947369
"17211","diff3",0.047
"17212","diff3",0.115421052631579
"17213","diff3",0.0364736842105263
"17214","diff3",0.0575263157894737
"17215","diff3",-0.0635263157894736
"17216","diff3",-0.000368421052631504
"17217","diff3",0.0785789473684212
"17218","diff3",0.0575263157894737
"17219","diff3",0.0996315789473686
"17220","diff3",0.083842105263158
"17221","diff3",-0.00563157894736836
"17222","diff3",0.0101578947368422
"17223","diff3",0.0312105263157894
"17224","diff3",0.0943684210526315
"17225","diff3",-0.000368421052631504
"17226","diff3",0.0312105263157894
"17227","diff3",0.0891052631578949
"17228","diff3",0.0417368421052631
"17229","diff3",0.0733157894736843
"17230","diff3",0.0417368421052631
"17231","diff3",0.0417368421052631
"17232","diff3",-0.0108947368421052
"17233","diff3",-0.0161578947368421
"17234","diff3",0.0259473684210526
"17235","diff3",0.0206842105263159
"17236","diff3",0.0733157894736843
"17237","diff3",0.047
"17238","diff3",0.0627894736842106
"17239","diff3",0.0996315789473686
"17240","diff3",0.047
"17241","diff3",0.0522631578947369
"17242","diff3",0.0891052631578949
"17243","diff3",0.0733157894736843
"17244","diff3",0.0575263157894737
"17245","diff3",-0.047736842105263
"17246","diff3",0.0627894736842106
"17247","diff3",0.125947368421053
"17248","diff3",0.0259473684210526
"17249","diff3",0.047
"17250","diff3",0.083842105263158
"17251","diff3",0.0101578947368422
"17252","diff3",0.0522631578947369
"17253","diff3",0.0943684210526317
"17254","diff3",0.047
"17255","diff3",-0.0161578947368421
"17256","diff3",0.0154210526315791
"17257","diff3",0.0417368421052631
"17258","diff3",0.0575263157894737
"17259","diff3",0.0259473684210526
"17260","diff3",0.0259473684210526
"17261","diff3",-0.000368421052631504
"17262","diff3",0.0943684210526317
"17263","diff3",0.0312105263157894
"17264","diff3",0.110157894736842
"17265","diff3",0.0575263157894737
"17266","diff3",0.0417368421052631
"17267","diff3",0.047
"17268","diff3",0.0627894736842106
"17269","diff3",0.00489473684210535
"17270","diff3",-0.000368421052631504
"17271","diff3",0.0259473684210526
"17272","diff3",0.0733157894736843
"17273","diff3",-0.0108947368421052
"17274","diff3",0.083842105263158
"17275","diff3",0.120684210526316
"17276","diff3",0.047
"17277","diff3",0.0943684210526317
"17278","diff3",0.0627894736842106
"17279","diff3",0.0154210526315791
"17280","diff3",0.0891052631578949
"17281","diff3",0.0259473684210528
"17282","diff3",0.0785789473684212
"17283","diff3",0.0733157894736843
"17284","diff3",0.0101578947368422
"17285","diff3",0.0522631578947369
"17286","diff3",0.0627894736842106
"17287","diff3",0.0364736842105263
"17288","diff3",0.083842105263158
"17289","diff3",0.0627894736842106
"17290","diff3",0.083842105263158
"17291","diff3",0.0522631578947369
"17292","diff3",0.0785789473684212
"17293","diff3",0.0364736842105263
"17294","diff3",0.0154210526315791
"17295","diff3",0.0627894736842106
"17296","diff3",0.0943684210526317
"17297","diff3",0.0259473684210526
"17298","diff3",0.047
"17299","diff3",0.0627894736842106
"17300","diff3",0.0943684210526317
"17301","diff3",0.0680526315789474
"17302","diff3",-0.00563157894736836
"17303","diff3",0.0206842105263159
"17304","diff3",0.047
"17305","diff3",0.0575263157894737
"17306","diff3",0.0575263157894737
"17307","diff3",0.0891052631578949
"17308","diff4",0.0575263157894737
"17309","diff4",0.0259473684210526
"17310","diff4",0.0575263157894737
"17311","diff4",-0.000368421052631504
"17312","diff4",0.0312105263157894
"17313","diff4",0.0206842105263157
"17314","diff4",0.0627894736842106
"17315","diff4",0.0206842105263157
"17316","diff4",0.0627894736842106
"17317","diff4",0.0417368421052631
"17318","diff4",0.0364736842105263
"17319","diff4",0.0733157894736841
"17320","diff4",-0.0424736842105264
"17321","diff4",0.00489473684210513
"17322","diff4",0.0364736842105263
"17323","diff4",-0.0477368421052632
"17324","diff4",0.0417368421052631
"17325","diff4",0.0417368421052631
"17326","diff4",0.0154210526315788
"17327","diff4",0.00489473684210513
"17328","diff4",-0.0214210526315789
"17329","diff4",0.0891052631578946
"17330","diff4",0.0785789473684209
"17331","diff4",0.0575263157894737
"17332","diff4",-0.00563157894736836
"17333","diff4",0.0417368421052631
"17334","diff4",-0.0161578947368421
"17335","diff4",0.047
"17336","diff4",-0.0161578947368423
"17337","diff4",-0.0740526315789475
"17338","diff4",-0.000368421052631726
"17339","diff4",0.00489473684210513
"17340","diff4",0.0259473684210526
"17341","diff4",0.0417368421052631
"17342","diff4",0.0943684210526315
"17343","diff4",0.0522631578947369
"17344","diff4",0.0154210526315788
"17345","diff4",0.047
"17346","diff4",-0.0161578947368421
"17347","diff4",-0.0108947368421054
"17348","diff4",-0.0108947368421052
"17349","diff4",0.0259473684210526
"17350","diff4",0.0364736842105263
"17351","diff4",0.047
"17352","diff4",-0.000368421052631726
"17353","diff4",0.047
"17354","diff4",0.0522631578947369
"17355","diff4",-0.0108947368421052
"17356","diff4",-0.0319473684210527
"17357","diff4",0.0627894736842106
"17358","diff4",0.0680526315789474
"17359","diff4",0.0312105263157894
"17360","diff4",0.010157894736842
"17361","diff4",0.0206842105263157
"17362","diff4",-0.0214210526315789
"17363","diff4",0.0206842105263157
"17364","diff4",0.010157894736842
"17365","diff4",0.00489473684210513
"17366","diff4",0.0206842105263157
"17367","diff4",-0.0530000000000001
"17368","diff4",0.047
"17369","diff4",-0.0161578947368423
"17370","diff4",0.010157894736842
"17371","diff4",-0.0108947368421052
"17372","diff4",-0.0319473684210527
"17373","diff4",-0.000368421052631726
"17374","diff4",0.0838421052631578
"17375","diff4",-0.0108947368421052
"17376","diff4",0.0680526315789474
"17377","diff4",0.0259473684210526
"17378","diff4",0.0259473684210526
"17379","diff4",0.0259473684210526
"17380","diff4",-0.0214210526315789
"17381","diff4",0.047
"17382","diff4",0.0154210526315788
"17383","diff4",0.0627894736842106
"17384","diff4",0.0154210526315788
"17385","diff4",0.0364736842105263
"17386","diff4",0.047
"17387","diff4",-0.0214210526315789
"17388","diff4",0.0312105263157894
"17389","diff4",0.010157894736842
"17390","diff4",-0.0214210526315789
"17391","diff4",0.0733157894736841
"17392","diff4",0.047
"17393","diff4",0.0259473684210526
"17394","diff4",0.00489473684210513
"17395","diff4",0.0417368421052631
"17396","diff4",0.0154210526315788
"17397","diff4",0.0417368421052631
"17398","diff4",0.0312105263157894
"17399","diff4",0.047
"17400","diff4",0.047
"17401","diff4",0.010157894736842
"17402","diff4",-0.0266842105263158
"17403","diff4",0.0522631578947369
"17404","diff4",0.0417368421052631
"17405","diff4",0.047
"17406","diff4",-0.0214210526315789
"17407","diff4",0.0206842105263157
"17408","diff4",-0.0319473684210527
"17409","diff4",0.047
"17410","diff4",-0.000368421052631726
"17411","diff4",0.0206842105263157
"17412","diff4",0.0259473684210526
"17413","diff4",-0.0214210526315789
"17414","diff4",0.00489473684210513
"17415","diff4",0.0522631578947369
"17416","diff4",-0.000368421052631726
"17417","diff4",0.0522631578947369
"17418","diff4",-0.0582631578947369
"17419","diff4",0.131210526315789
"17420","diff4",0.0312105263157894
"17421","diff4",0.0259473684210526
"17422","diff4",0.0154210526315788
"17423","diff4",0.0996315789473684
"17424","diff4",-0.0161578947368421
"17425","diff4",0.0417368421052631
"17426","diff4",0.010157894736842
"17427","diff4",0.0154210526315788
"17428","diff4",0.0891052631578946
"17429","diff4",0.0259473684210526
"17430","diff4",0.0312105263157894
"17431","diff4",-0.0214210526315789
"17432","diff4",0.0259473684210526
"17433","diff4",-0.0266842105263158
"17434","diff4",0.010157894736842
"17435","diff4",0.0522631578947369
"17436","diff4",0.0522631578947369
"17437","diff4",-0.0108947368421052
"17438","diff4",0.0364736842105263
"17439","diff4",0.0154210526315788
"17440","diff4",0.0206842105263157
"17441","diff4",-0.0424736842105264
"17442","diff4",0.0522631578947369
"17443","diff4",0.00489473684210535
"17444","diff4",0.0206842105263157
"17445","diff4",-0.0266842105263158
"17446","diff4",0.047
"17447","diff4",0.0259473684210526
"17448","diff4",0.0522631578947369
"17449","diff4",0.0417368421052631
"17450","diff4",0.0154210526315788
"17451","diff4",0.047
"17452","diff4",0.0206842105263157
"17453","diff4",0.0206842105263157
"17454","diff4",0.047
"17455","diff4",0.0312105263157894
"17456","diff4",0.0154210526315788
"17457","diff4",0.0364736842105263
"17458","diff4",0.00489473684210513
"17459","diff4",0.0417368421052631
"17460","diff4",0.047
"17461","diff4",-0.00563157894736836
"17462","diff4",0.0522631578947369
"17463","diff4",-0.000368421052631504
"17464","diff4",0.010157894736842
"17465","diff4",0.0206842105263157
"17466","diff4",0.0575263157894737
"17467","diff4",0.010157894736842
"17468","diff4",-0.000368421052631726
"17469","diff4",0.0417368421052631
"17470","diff4",0.010157894736842
"17471","diff4",-0.000368421052631726
"17472","diff4",-0.0108947368421052
"17473","diff4",0.047
"17474","diff4",-0.000368421052631726
"17475","diff4",0.0154210526315788
"17476","diff4",0.0680526315789474
"17477","diff4",-0.0372105263157895
"17478","diff4",0.0206842105263157
"17479","diff4",0.0364736842105263
"17480","diff4",0.0522631578947369
"17481","diff4",0.0364736842105263
"17482","diff4",-0.00563157894736858
"17483","diff4",-0.00563157894736836
"17484","diff4",0.0206842105263157
"17485","diff4",0.010157894736842
"17486","diff4",-0.0266842105263158
"17487","diff4",0.0680526315789474
"17488","diff4",0.0733157894736841
"17489","diff4",-0.0108947368421052
"17490","diff4",0.0417368421052631
"17491","diff4",0.0364736842105263
"17492","diff4",0.0259473684210526
"17493","diff4",0.0522631578947369
"17494","diff4",-0.00563157894736836
"17495","diff4",0.0417368421052631
"17496","diff4",-0.0266842105263158
"17497","diff4",0.0312105263157894
"17498","diff4",0.0364736842105263
"17499","diff4",0.0733157894736841
"17500","diff4",-0.0424736842105264
"17501","diff4",0.110157894736842
"17502","diff4",0.010157894736842
"17503","diff4",-0.0161578947368421
"17504","diff4",-0.000368421052631504
"17505","diff4",0.0154210526315788
"17506","diff4",0.0364736842105263
"17507","diff4",0.0259473684210526
"17508","diff4",0.0785789473684209
"17509","diff4",0.0680526315789474
"17510","diff4",0.0575263157894737
"17511","diff4",0.00489473684210513
"17512","diff4",0.0417368421052631
"17513","diff4",0.0364736842105263
"17514","diff4",0.0522631578947369
"17515","diff4",0.0785789473684209
"17516","diff4",-0.0266842105263158
"17517","diff4",-0.000368421052631726
"17518","diff4",-0.0214210526315789
"17519","diff4",0.0943684210526315
"17520","diff4",0.0785789473684209
"17521","diff4",0.00489473684210513
"17522","diff4",0.0680526315789472
"17523","diff4",-0.0214210526315789
"17524","diff4",0.0417368421052631
"17525","diff4",-0.0108947368421052
"17526","diff4",0.0259473684210526
"17527","diff4",0.0206842105263157
"17528","diff4",0.0259473684210526
"17529","diff4",0.0733157894736843
"17530","diff4",0.0891052631578946
"17531","diff4",0.0417368421052631
"17532","diff4",0.0364736842105263
"17533","diff4",0.0522631578947369
"17534","diff4",0.0154210526315788
"17535","diff4",-0.00563157894736836
"17536","diff4",0.047
"17537","diff4",-0.000368421052631726
"17538","diff4",0.0312105263157894
"17539","diff4",-0.00563157894736836
"17540","diff4",0.0364736842105263
"17541","diff4",0.0206842105263157
"17542","diff4",-0.000368421052631726
"17543","diff4",0.047
"17544","diff4",0.0417368421052631
"17545","diff4",0.0417368421052631
"17546","diff4",-0.0214210526315789
"17547","diff4",-0.0108947368421052
"17548","diff4",0.0522631578947369
"17549","diff4",0.0312105263157894
"17550","diff4",0.010157894736842
"17551","diff4",0.010157894736842
"17552","diff4",0.0364736842105263
"17553","diff4",0.0364736842105263
"17554","diff4",-0.0266842105263158
"17555","diff4",-0.000368421052631726
"17556","diff4",-0.0108947368421052
"17557","diff4",0.0206842105263157
"17558","diff4",0.0733157894736841
"17559","diff4",-0.0477368421052632
"17560","diff4",-0.00563157894736836
"17561","diff4",0.0364736842105263
"17562","diff4",0.0259473684210526
"17563","diff4",0.0259473684210526
"17564","diff4",0.0733157894736841
"17565","diff4",0.047
"17566","diff4",0.0627894736842106
"17567","diff4",0.0312105263157894
"17568","diff4",0.0417368421052631
"17569","diff4",0.0627894736842106
"17570","diff4",0.0733157894736843
"17571","diff4",0.00489473684210513
"17572","diff4",0.0522631578947369
"17573","diff4",0.0312105263157894
"17574","diff4",0.0575263157894737
"17575","diff4",0.0417368421052631
"17576","diff4",-0.000368421052631726
"17577","diff4",0.0364736842105263
"17578","diff4",-0.0108947368421052
"17579","diff4",0.0312105263157894
"17580","diff4",0.0522631578947369
"17581","diff4",0.0522631578947369
"17582","diff4",-0.00563157894736836
"17583","diff4",0.047
"17584","diff4",-0.000368421052631726
"17585","diff4",0.0575263157894737
"17586","diff4",0.0154210526315788
"17587","diff4",-0.0266842105263158
"17588","diff4",0.047
"17589","diff4",0.0522631578947369
"17590","diff4",0.0522631578947369
"17591","diff4",0.0312105263157894
"17592","diff4",-0.0108947368421052
"17593","diff4",0.0364736842105263
"17594","diff4",0.0417368421052631
"17595","diff4",-0.0319473684210527
"17596","diff4",0.0627894736842106
"17597","diff4",0.0575263157894737
"17598","diff4",0.010157894736842
"17599","diff4",0.0627894736842106
"17600","diff4",0.0627894736842106
"17601","diff4",-0.0582631578947369
"17602","diff4",-0.0108947368421052
"17603","diff4",-0.000368421052631726
"17604","diff4",0.0259473684210526
"17605","diff4",0.0627894736842104
"17606","diff4",0.0206842105263157
"17607","diff4",0.047
"17608","diff4",-0.000368421052631726
"17609","diff4",0.0154210526315788
"17610","diff4",0.0312105263157894
"17611","diff4",0.0417368421052631
"17612","diff4",0.0312105263157894
"17613","diff4",0.0627894736842106
"17614","diff4",0.010157894736842
"17615","diff4",0.0259473684210526
"17616","diff4",0.0522631578947369
"17617","diff4",0.0680526315789474
"17618","diff4",0.0627894736842106
"17619","diff4",0.00489473684210513
"17620","diff4",0.0417368421052631
"17621","diff4",0.00489473684210513
"17622","diff4",0.0154210526315788
"17623","diff4",0.0733157894736841
"17624","diff4",-0.0108947368421052
"17625","diff4",0.00489473684210513
"17626","diff4",0.0575263157894737
"17627","diff4",0.0627894736842106
"17628","diff4",0.0259473684210526
"17629","diff4",0.0627894736842106
"17630","diff4",0.0364736842105263
"17631","diff4",0.010157894736842
"17632","diff4",-0.0108947368421052
"17633","diff4",0.0891052631578946
"17634","diff4",0.0733157894736841
"17635","diff4",0.00489473684210513
"17636","diff4",0.0364736842105263
"17637","diff4",-0.0214210526315789
"17638","diff4",0.00489473684210513
"17639","diff4",0.0417368421052631
"17640","diff4",-0.000368421052631504
"17641","diff4",-0.000368421052631726
"17642","diff4",0.0312105263157894
"17643","diff4",0.0627894736842106
"17644","diff4",0.0522631578947369
"17645","diff4",0.010157894736842
"17646","diff4",0.010157894736842
"17647","diff4",0.0417368421052631
"17648","diff4",-0.00563157894736858
"17649","diff4",0.0680526315789474
"17650","diff4",0.00489473684210513
"17651","diff4",0.0575263157894737
"17652","diff4",0.0312105263157894
"17653","diff4",-0.000368421052631726
"17654","diff4",0.0259473684210526
"17655","diff4",0.010157894736842
"17656","diff4",0.0417368421052631
"17657","diff4",-0.0214210526315789
"17658","diff4",0.0627894736842106
"17659","diff4",-0.0161578947368421
"17660","diff4",0.0575263157894737
"17661","diff4",-0.0477368421052632
"17662","diff4",0.0364736842105263
"17663","diff4",0.0364736842105263
"17664","diff4",0.0733157894736843
"17665","diff4",0.010157894736842
"17666","diff4",0.0627894736842106
"17667","diff4",0.0206842105263157
"17668","diff4",-0.00563157894736836
"17669","diff4",0.0417368421052631
"17670","diff4",-0.0108947368421052
"17671","diff4",0.0680526315789474
"17672","diff4",0.0259473684210526
"17673","diff4",0.010157894736842
"17674","diff4",-0.0108947368421052
"17675","diff4",0.0996315789473684
"17676","diff4",0.0417368421052631
"17677","diff4",0.0154210526315788
"17678","diff4",0.0312105263157894
"17679","diff4",0.0680526315789474
"17680","diff4",0.010157894736842
"17681","diff4",0.0259473684210526
"17682","diff4",0.0891052631578946
"17683","diff4",0.010157894736842
"17684","diff4",0.0206842105263157
"17685","diff4",0.010157894736842
"17686","diff4",0.0627894736842106
"17687","diff4",-0.0108947368421052
"17688","diff4",0.0206842105263157
"17689","diff4",0.0154210526315788
"17690","diff4",0.0627894736842106
"17691","diff4",-0.0108947368421052
"17692","diff4",0.0259473684210526
"17693","diff4",0.0627894736842106
"17694","diff4",0.0785789473684209
"17695","diff4",0.0312105263157894
"17696","diff4",-0.0161578947368421
"17697","diff4",-0.00563157894736836
"17698","diff4",0.010157894736842
"17699","diff4",0.047
"17700","diff4",0.047
"17701","diff4",0.0154210526315788
"17702","diff4",-0.0266842105263158
"17703","diff4",0.0154210526315788
"17704","diff4",0.0417368421052631
"17705","diff4",0.0206842105263157
"17706","diff4",-0.00563157894736858
"17707","diff4",-0.0161578947368421
"17708","diff4",0.0417368421052631
"17709","diff4",0.0417368421052631
"17710","diff4",0.0364736842105263
"17711","diff4",0.0312105263157894
"17712","diff4",0.0575263157894737
"17713","diff4",0.0259473684210526
"17714","diff4",0.0206842105263157
"17715","diff4",0.0575263157894735
"17716","diff4",0.0312105263157894
"17717","diff4",0.00489473684210513
"17718","diff4",0.0627894736842106
"17719","diff4",-0.084578947368421
"17720","diff4",0.0312105263157894
"17721","diff4",0.0206842105263157
"17722","diff4",0.0417368421052631
"17723","diff4",-0.0108947368421052
"17724","diff4",0.0312105263157894
"17725","diff4",-0.0108947368421052
"17726","diff4",-0.0161578947368421
"17727","diff4",-0.0477368421052632
"17728","diff4",0.0364736842105263
"17729","diff4",0.0575263157894737
"17730","diff4",-0.0108947368421054
"17731","diff4",0.0154210526315788
"17732","diff4",0.0259473684210526
"17733","diff4",0.0417368421052631
"17734","diff4",0.0259473684210526
"17735","diff4",0.010157894736842
"17736","diff4",0.0154210526315788
"17737","diff4",0.0206842105263157
"17738","diff4",0.010157894736842
"17739","diff4",0.0312105263157894
"17740","diff4",0.0312105263157894
"17741","diff4",0.010157894736842
"17742","diff4",0.0522631578947369
"17743","diff4",0.0364736842105263
"17744","diff4",0.0364736842105263
"17745","diff4",0.0417368421052631
"17746","diff4",-0.0266842105263158
"17747","diff4",0.0733157894736841
"17748","diff4",0.0312105263157894
"17749","diff4",0.0627894736842106
"17750","diff4",0.0417368421052631
"17751","diff4",0.0312105263157894
"17752","diff4",0.00489473684210513
"17753","diff4",0.0206842105263157
"17754","diff4",0.0680526315789474
"17755","diff4",0.0891052631578946
"17756","diff4",0.0312105263157894
"17757","diff4",0.0364736842105263
"17758","diff4",0.0259473684210526
"17759","diff4",-0.0319473684210527
"17760","diff4",-0.0108947368421052
"17761","diff4",0.0154210526315788
"17762","diff4",0.0154210526315788
"17763","diff4",0.0733157894736841
"17764","diff4",-0.000368421052631726
"17765","diff4",0.0417368421052631
"17766","diff4",-0.0214210526315789
"17767","diff4",0.0417368421052631
"17768","diff4",0.0154210526315788
"17769","diff4",0.0312105263157894
"17770","diff4",0.0259473684210526
"17771","diff4",-0.00563157894736836
"17772","diff4",0.0364736842105263
"17773","diff4",0.0522631578947369
"17774","diff4",0.0417368421052631
"17775","diff4",0.0312105263157894
"17776","diff4",0.0259473684210526
"17777","diff4",0.0364736842105263
"17778","diff4",0.047
"17779","diff4",0.0785789473684209
"17780","diff4",0.0206842105263157
"17781","diff4",0.0206842105263157
"17782","diff4",-0.0214210526315789
"17783","diff4",-0.0108947368421052
"17784","diff4",0.0417368421052631
"17785","diff4",0.0259473684210526
"17786","diff4",0.0259473684210526
"17787","diff4",0.0417368421052631
"17788","diff4",0.0522631578947369
"17789","diff4",0.010157894736842
"17790","diff4",0.0417368421052631
"17791","diff4",0.0417368421052631
"17792","diff4",0.0206842105263157
"17793","diff4",0.047
"17794","diff4",-0.00563157894736858
"17795","diff4",0.0522631578947369
"17796","diff4",0.0575263157894737
"17797","diff4",0.00489473684210513
"17798","diff4",0.0364736842105263
"17799","diff4",0.00489473684210513
"17800","diff4",0.0733157894736841
"17801","diff4",0.0680526315789472
"17802","diff4",-0.0214210526315789
"17803","diff4",0.0627894736842106
"17804","diff4",0.0259473684210526
"17805","diff4",0.0312105263157894
"17806","diff4",0.0259473684210526
"17807","diff4",0.047
"17808","diff4",0.047
"17809","diff4",0.047
"17810","diff4",0.047
"17811","diff4",0.047
"17812","diff4",0.047
"17813","diff4",0.047
"17814","diff4",0.047
"17815","diff4",0.047
"17816","diff4",0.047
"17817","diff4",0.047
"17818","diff4",0.047
"17819","diff4",0.047
"17820","diff4",0.047
"17821","diff4",0.047
"17822","diff4",0.047
"17823","diff4",0.047
"17824","diff4",0.047
"17825","diff4",0.047
"17826","diff4",0.047
"17827","diff4",0.047
"17828","diff4",0.047
"17829","diff4",0.047
"17830","diff4",0.047
"17831","diff4",0.047
"17832","diff4",0.047
"17833","diff4",0.047
"17834","diff4",0.047
"17835","diff4",0.047
"17836","diff4",0.047
"17837","diff4",0.047
"17838","diff4",-0.000368421052631504
"17839","diff4",-0.0108947368421052
"17840","diff4",0.0259473684210526
"17841","diff4",-0.0108947368421052
"17842","diff4",0.0522631578947369
"17843","diff4",0.0522631578947369
"17844","diff4",0.0312105263157894
"17845","diff4",0.0785789473684209
"17846","diff4",-0.0582631578947369
"17847","diff4",0.0838421052631578
"17848","diff4",0.00489473684210513
"17849","diff4",0.0417368421052631
"17850","diff4",0.0259473684210526
"17851","diff4",0.047
"17852","diff4",-0.00563157894736836
"17853","diff4",0.0627894736842106
"17854","diff4",0.0259473684210526
"17855","diff4",0.00489473684210513
"17856","diff4",0.0364736842105263
"17857","diff4",0.0154210526315788
"17858","diff4",-0.0108947368421052
"17859","diff4",0.0154210526315788
"17860","diff4",0.047
"17861","diff4",-0.00563157894736836
"17862","diff4",-0.0161578947368421
"17863","diff4",0.0206842105263157
"17864","diff4",0.010157894736842
"17865","diff4",0.0522631578947369
"17866","diff4",0.0312105263157894
"17867","diff4",0.0838421052631578
"17868","diff4",0.0259473684210526
"17869","diff4",0.0364736842105263
"17870","diff4",0.0206842105263157
"17871","diff4",0.0417368421052631
"17872","diff4",-0.0266842105263158
"17873","diff4",-0.00563157894736836
"17874","diff4",0.0891052631578946
"17875","diff4",0.0364736842105263
"17876","diff4",-0.0319473684210527
"17877","diff4",0.0364736842105263
"17878","diff4",0.0259473684210526
"17879","diff4",0.00489473684210513
"17880","diff4",0.0312105263157894
"17881","diff4",0.0154210526315788
"17882","diff4",0.0838421052631578
"17883","diff4",0.010157894736842
"17884","diff4",0.0575263157894737
"17885","diff4",-0.000368421052631726
"17886","diff4",0.0417368421052631
"17887","diff4",0.0891052631578946
"17888","diff4",0.0364736842105263
"17889","diff4",0.0785789473684209
"17890","diff4",0.0154210526315788
"17891","diff4",-0.0372105263157895
"17892","diff4",0.010157894736842
"17893","diff4",0.00489473684210513
"17894","diff4",0.0312105263157894
"17895","diff4",0.0259473684210526
"17896","diff4",0.047
"17897","diff4",0.0259473684210526
"17898","diff4",0.0417368421052631
"17899","diff4",-0.0214210526315789
"17900","diff4",0.0259473684210526
"17901","diff4",0.047
"17902","diff4",0.0154210526315788
"17903","diff4",-0.0266842105263158
"17904","diff4",0.131210526315789
"17905","diff4",0.00489473684210513
"17906","diff4",0.0680526315789472
"17907","diff4",0.00489473684210513
"17908","diff4",0.047
"17909","diff4",0.0154210526315788
"17910","diff4",0.0206842105263157
"17911","diff4",0.0259473684210526
"17912","diff4",0.00489473684210535
"17913","diff4",0.010157894736842
"17914","diff4",0.0838421052631578
"17915","diff4",-0.000368421052631726
"17916","diff4",0.0417368421052631
"17917","diff4",0.0417368421052631
"17918","diff4",-0.0845789473684212
"17919","diff4",-0.000368421052631726
"17920","diff4",-0.0319473684210527
"17921","diff4",-0.000368421052631726
"17922","diff4",0.0259473684210526
"17923","diff4",0.0206842105263157
"17924","diff4",0.010157894736842
"17925","diff4",-0.000368421052631726
"17926","diff4",0.010157894736842
"17927","diff4",0.0627894736842106
"17928","diff4",0.0522631578947369
"17929","diff4",0.0996315789473684
"17930","diff4",0.0206842105263157
"17931","diff4",-0.0266842105263158
"17932","diff4",0.0206842105263157
"17933","diff4",-0.0161578947368421
"17934","diff4",0.00489473684210513
"17935","diff4",0.0522631578947369
"17936","diff4",-0.0214210526315789
"17937","diff4",-0.0108947368421052
"17938","diff4",0.0206842105263157
"17939","diff4",0.0522631578947369
"17940","diff4",0.010157894736842
"17941","diff4",0.047
"17942","diff4",0.0206842105263157
"17943","diff4",0.047
"17944","diff4",0.047
"17945","diff4",0.0312105263157894
"17946","diff4",0.00489473684210513
"17947","diff4",0.0206842105263157
"17948","diff4",-0.00563157894736858
"17949","diff4",0.00489473684210513
"17950","diff4",0.0259473684210526
"17951","diff4",0.0891052631578946
"17952","diff4",0.010157894736842
"17953","diff4",0.0206842105263157
"17954","diff4",0.0575263157894737
"17955","diff4",0.0259473684210526
"17956","diff4",-0.0214210526315789
"17957","diff4",0.010157894736842
"17958","diff4",0.0996315789473684
"17959","diff4",0.00489473684210513
"17960","diff4",0.010157894736842
"17961","diff4",0.0154210526315788
"17962","diff4",0.0259473684210526
"17963","diff4",0.0575263157894737
"17964","diff4",0.047
"17965","diff4",0.0206842105263157
"17966","diff4",0.0154210526315788
"17967","diff4",-0.000368421052631726
"17968","diff4",0.0154210526315788
"17969","diff4",0.0627894736842106
"17970","diff4",0.0312105263157894
"17971","diff4",0.00489473684210513
"17972","diff4",0.0259473684210526
"17973","diff4",0.0522631578947369
"17974","diff4",0.0891052631578946
"17975","diff4",0.0259473684210526
"17976","diff4",0.0259473684210526
"17977","diff4",0.010157894736842
"17978","diff4",0.0206842105263157
"17979","diff4",0.0206842105263157
"17980","diff4",-0.00563157894736836
"17981","diff4",0.0627894736842106
"17982","diff4",0.047
"17983","diff4",-0.0372105263157895
"17984","diff4",0.0785789473684209
"17985","diff4",0.0364736842105263
"17986","diff4",0.0154210526315788
"17987","diff4",0.0259473684210526
"17988","diff4",0.0575263157894737
"17989","diff4",-0.0582631578947369
"17990","diff4",0.0364736842105263
"17991","diff4",0.0522631578947369
"17992","diff4",0.047
"17993","diff4",0.0627894736842106
"17994","diff4",-0.0424736842105264
"17995","diff4",-0.00563157894736858
"17996","diff4",0.010157894736842
"17997","diff4",0.0522631578947369
"17998","diff4",0.0206842105263157
"17999","diff4",0.010157894736842
"18000","diff4",-0.0161578947368421
"18001","diff4",-0.0319473684210527
"18002","diff4",0.0522631578947369
"18003","diff4",0.047
"18004","diff4",0.00489473684210513
"18005","diff4",0.0417368421052631
"18006","diff4",0.0206842105263157
"18007","diff4",0.0417368421052631
"18008","diff4",0.0417368421052631
"18009","diff4",0.0312105263157894
"18010","diff4",0.0312105263157894
"18011","diff4",-0.0108947368421052
"18012","diff4",0.0259473684210526
"18013","diff4",-0.0424736842105264
"18014","diff4",0.0417368421052631
"18015","diff4",0.00489473684210513
"18016","diff4",0.010157894736842
"18017","diff4",0.0575263157894737
"18018","diff4",-0.00563157894736858
"18019","diff4",-0.0582631578947369
"18020","diff4",-0.0161578947368421
"18021","diff4",0.047
"18022","diff4",0.0259473684210526
"18023","diff4",0.0154210526315788
"18024","diff4",-0.0161578947368421
"18025","diff4",0.0522631578947369
"18026","diff4",0.00489473684210513
"18027","diff4",-0.0530000000000001
"18028","diff4",0.0364736842105263
"18029","diff4",0.047
"18030","diff4",0.0417368421052631
"18031","diff4",0.010157894736842
"18032","diff4",0.047
"18033","diff4",0.0891052631578946
"18034","diff4",0.0522631578947369
"18035","diff4",0.010157894736842
"18036","diff4",-0.00563157894736836
"18037","diff4",0.115421052631579
"18038","diff4",0.110157894736842
"18039","diff4",0.0364736842105263
"18040","diff4",-0.00563157894736836
"18041","diff4",0.0154210526315788
"18042","diff4",0.0312105263157894
"18043","diff4",0.0206842105263157
"18044","diff4",0.047
"18045","diff4",0.0312105263157894
"18046","diff4",0.0312105263157894
"18047","diff4",0.0680526315789474
"18048","diff4",0.0417368421052631
"18049","diff4",0.0154210526315788
"18050","diff4",-0.0161578947368421
"18051","diff4",0.0206842105263157
"18052","diff4",0.047
"18053","diff4",0.047
"18054","diff4",0.00489473684210513
"18055","diff4",0.0259473684210526
"18056","diff4",0.0206842105263157
"18057","diff4",0.0364736842105263
"18058","diff4",0.0627894736842106
"18059","diff4",0.0733157894736841
"18060","diff4",-0.0161578947368421
"18061","diff4",0.0417368421052631
"18062","diff4",0.0364736842105263
"18063","diff4",0.0785789473684209
"18064","diff4",0.0575263157894737
"18065","diff4",0.00489473684210513
"18066","diff4",0.0575263157894737
"18067","diff4",0.00489473684210513
"18068","diff4",0.010157894736842
"18069","diff4",0.047
"18070","diff4",0.0838421052631578
"18071","diff4",0.0785789473684209
"18072","diff4",0.010157894736842
"18073","diff4",0.0154210526315788
"18074","diff4",-0.0108947368421052
"18075","diff4",0.047
"18076","diff4",0.047
"18077","diff4",0.0206842105263157
"18078","diff4",-0.00563157894736858
"18079","diff4",0.0364736842105263
"18080","diff4",0.047
"18081","diff4",0.0417368421052631
"18082","diff4",0.110157894736842
"18083","diff4",0.047
"18084","diff4",-0.000368421052631726
"18085","diff4",0.0259473684210526
"18086","diff4",0.0206842105263157
"18087","diff4",0.0364736842105263
"18088","diff4",0.0364736842105263
"18089","diff4",0.0206842105263157
"18090","diff4",0.0312105263157894
"18091","diff4",-0.0108947368421052
"18092","diff4",-0.00563157894736836
"18093","diff4",0.0364736842105263
"18094","diff4",0.0364736842105263
"18095","diff4",0.047
"18096","diff4",0.0312105263157894
"18097","diff4",0.0838421052631578
"18098","diff4",-0.0161578947368421
"18099","diff4",0.0259473684210526
"18100","diff4",0.0417368421052631
"18101","diff4",0.0206842105263157
"18102","diff4",0.0154210526315788
"18103","diff4",0.0680526315789474
"18104","diff4",0.0522631578947369
"18105","diff4",0.0206842105263157
"18106","diff4",0.0364736842105263
"18107","diff4",0.0154210526315788
"18108","diff4",0.0312105263157894
"18109","diff4",0.0575263157894737
"18110","diff4",0.0154210526315788
"18111","diff4",0.0259473684210526
"18112","diff4",-0.0108947368421052
"18113","diff4",0.0733157894736841
"18114","diff4",0.0943684210526315
"18115","diff4",0.047
"18116","diff4",0.0522631578947369
"18117","diff4",0.0417368421052631
"18118","diff4",0.0259473684210526
"18119","diff4",0.0575263157894737
"18120","diff4",0.0364736842105263
"18121","diff4",0.0417368421052631
"18122","diff4",0.0206842105263157
"18123","diff4",-0.0530000000000001
"18124","diff4",0.0417368421052631
"18125","diff4",0.0417368421052631
"18126","diff4",0.0417368421052631
"18127","diff4",0.00489473684210513
"18128","diff4",-0.0161578947368421
"18129","diff4",0.0680526315789474
"18130","diff4",0.047
"18131","diff4",0.0627894736842106
"18132","diff4",0.0259473684210526
"18133","diff4",0.00489473684210513
"18134","diff4",0.0417368421052631
"18135","diff4",0.047
"18136","diff4",0.0364736842105263
"18137","diff4",0.0364736842105263
"18138","diff4",0.0206842105263157
"18139","diff4",0.0575263157894737
"18140","diff4",0.0154210526315788
"18141","diff4",-0.00563157894736836
"18142","diff4",-0.00563157894736836
"18143","diff4",0.0312105263157894
"18144","diff4",0.0154210526315788
"18145","diff4",0.0154210526315788
"18146","diff4",0.0627894736842106
"18147","diff4",0.0522631578947369
"18148","diff4",-0.0108947368421052
"18149","diff4",0.0680526315789474
"18150","diff4",0.0891052631578946
"18151","diff4",-0.0161578947368421
"18152","diff4",0.0364736842105263
"18153","diff4",0.0785789473684212
"18154","diff4",0.047
"18155","diff4",-0.0108947368421052
"18156","diff4",-0.0108947368421052
"18157","diff4",0.0259473684210526
"18158","diff4",0.0417368421052631
"18159","diff4",0.047
"18160","diff4",0.010157894736842
"18161","diff4",0.0312105263157894
"18162","diff4",0.0364736842105263
"18163","diff4",0.0417368421052631
"18164","diff4",0.00489473684210513
"18165","diff4",0.010157894736842
"18166","diff4",-0.000368421052631726
"18167","diff4",0.010157894736842
"18168","diff4",0.0733157894736841
"18169","diff4",-0.0161578947368421
"18170","diff4",-0.0372105263157895
"18171","diff4",0.0838421052631578
"18172","diff4",0.0627894736842106
"18173","diff4",0.0522631578947369
"18174","diff4",0.0522631578947369
"18175","diff4",0.0206842105263157
"18176","diff4",-0.0266842105263158
"18177","diff4",0.0891052631578946
"18178","diff4",0.0891052631578946
"18179","diff4",0.0154210526315788
"18180","diff4",0.0259473684210526
"18181","diff4",0.0364736842105263
"18182","diff4",0.0312105263157894
"18183","diff4",0.0206842105263157
"18184","diff4",-0.00563157894736836
"18185","diff4",0.0522631578947369
"18186","diff4",0.0943684210526315
"18187","diff4",-0.0319473684210527
"18188","diff4",0.0785789473684209
"18189","diff4",0.0522631578947369
"18190","diff4",0.0206842105263157
"18191","diff4",0.047
"18192","diff4",0.0154210526315788
"18193","diff4",0.0996315789473684
"18194","diff4",-0.0108947368421052
"18195","diff4",0.0206842105263157
"18196","diff4",0.0259473684210526
"18197","diff4",0.0206842105263157
"18198","diff4",0.0154210526315788
"18199","diff4",0.0312105263157894
"18200","diff4",0.0627894736842106
"18201","diff4",0.0522631578947369
"18202","diff4",0.0364736842105263
"18203","diff4",0.0206842105263157
"18204","diff4",0.0733157894736841
"18205","diff4",0.0364736842105263
"18206","diff4",0.0417368421052631
"18207","diff4",-0.00563157894736836
"18208","diff4",-0.0635263157894738
"18209","diff4",-0.0161578947368421
"18210","diff4",0.0259473684210526
"18211","diff4",0.0154210526315788
"18212","diff4",-0.0214210526315789
"18213","diff4",-0.0424736842105264
"18214","diff4",0.0206842105263157
"18215","diff4",0.0943684210526315
"18216","diff4",0.0522631578947369
"18217","diff4",0.047
"18218","diff4",0.0312105263157894
"18219","diff4",0.0838421052631578
"18220","diff4",0.0206842105263157
"18221","diff4",0.0154210526315788
"18222","diff4",-0.0161578947368421
"18223","diff4",0.0943684210526315
"18224","diff4",0.0312105263157894
"18225","diff4",0.047
"18226","diff4",-0.00563157894736836
"18227","diff4",-0.0108947368421052
"18228","diff4",-0.0582631578947369
"18229","diff4",-0.0214210526315789
"18230","diff4",0.0417368421052631
"18231","diff4",0.0943684210526315
"18232","diff4",0.047
"18233","diff4",0.0680526315789474
"18234","diff4",0.0312105263157894
"18235","diff4",0.00489473684210513
"18236","diff4",0.010157894736842
"18237","diff4",0.0312105263157894
"18238","diff4",-0.0687894736842107
"18239","diff4",0.00489473684210513
"18240","diff4",0.0575263157894737
"18241","diff4",0.0680526315789472
"18242","diff4",0.0259473684210526
"18243","diff4",0.0575263157894737
"18244","diff4",-0.0372105263157895
"18245","diff4",0.0575263157894737
"18246","diff4",-0.0108947368421052
"18247","diff4",-0.000368421052631726
"18248","diff4",0.0364736842105263
"18249","diff4",0.0364736842105263
"18250","diff4",-0.0108947368421052
"18251","diff4",-0.000368421052631726
"18252","diff4",0.0522631578947369
"18253","diff4",0.0259473684210526
"18254","diff4",0.0785789473684212
"18255","diff4",-0.00563157894736836
"18256","diff4",0.0364736842105263
"18257","diff4",0.0522631578947369
"18258","diff4",-0.000368421052631726
"18259","diff4",0.010157894736842
"18260","diff4",0.0259473684210526
"18261","diff4",0.0575263157894737
"18262","diff4",0.010157894736842
"18263","diff4",0.0206842105263157
"18264","diff4",0.0154210526315788
"18265","diff4",0.0312105263157894
"18266","diff4",0.0680526315789474
"18267","diff4",0.047
"18268","diff4",0.0891052631578946
"18269","diff4",0.047
"18270","diff4",0.010157894736842
"18271","diff4",0.0838421052631578
"18272","diff4",0.0417368421052631
"18273","diff4",0.00489473684210535
"18274","diff4",0.0312105263157894
"18275","diff4",0.010157894736842
"18276","diff4",0.00489473684210535
"18277","diff4",0.0417368421052631
"18278","diff4",0.0259473684210526
"18279","diff4",0.0312105263157894
"18280","diff4",0.00489473684210513
"18281","diff4",0.0206842105263157
"18282","diff4",0.0417368421052631
"18283","diff4",0.0417368421052631
"18284","diff4",-0.000368421052631504
"18285","diff4",0.0627894736842106
"18286","diff4",0.0522631578947369
"18287","diff4",0.0206842105263157
"18288","diff4",0.0364736842105263
"18289","diff4",0.0206842105263157
"18290","diff4",0.0785789473684209
"18291","diff4",-0.000368421052631726
"18292","diff4",0.0417368421052631
"18293","diff4",0.0154210526315788
"18294","diff4",-0.0108947368421052
"18295","diff4",-0.0372105263157895
"18296","diff4",-0.000368421052631726
"18297","diff4",0.0680526315789474
"18298","diff4",0.0575263157894737
"18299","diff4",0.0154210526315788
"18300","diff4",-0.0108947368421052
"18301","diff4",0.010157894736842
"18302","diff4",0.0206842105263157
"18303","diff4",-0.00563157894736858
"18304","diff4",0.110157894736842
"18305","diff4",0.0733157894736843
"18306","diff4",0.0364736842105263
"18307","diff4",0.0785789473684209
"18308","diff4",0.0312105263157894
"18309","diff4",-0.0161578947368421
"18310","diff4",0.0733157894736843
"18311","diff4",0.0627894736842106
"18312","diff4",0.0364736842105263
"18313","diff4",0.0312105263157894
"18314","diff4",0.0891052631578946
"18315","diff4",0.00489473684210513
"18316","diff4",0.0364736842105263
"18317","diff4",0.0417368421052631
"18318","diff4",0.0206842105263157
"18319","diff4",0.047
"18320","diff4",0.010157894736842
"18321","diff4",-0.00563157894736836
"18322","diff4",0.0206842105263157
"18323","diff4",0.0364736842105263
"18324","diff4",-0.00563157894736836
"18325","diff4",0.0364736842105263
"18326","diff4",0.0206842105263157
"18327","diff4",0.0627894736842106
"18328","diff4",-0.0108947368421052
"18329","diff4",0.0364736842105263
"18330","diff4",0.0364736842105263
"18331","diff4",0.0206842105263157
"18332","diff4",0.010157894736842
"18333","diff4",-0.0214210526315789
"18334","diff4",0.0312105263157894
"18335","diff4",0.0417368421052631
"18336","diff4",-0.0108947368421052
"18337","diff4",0.0522631578947369
"18338","diff4",0.0364736842105263
"18339","diff4",-0.0424736842105264
"18340","diff4",0.0259473684210526
"18341","diff4",0.0259473684210526
"18342","diff4",0.0259473684210526
"18343","diff4",0.0154210526315788
"18344","diff4",0.0575263157894737
"18345","diff4",0.0364736842105263
"18346","diff4",-0.0108947368421052
"18347","diff4",0.047
"18348","diff4",0.0522631578947369
"18349","diff4",-0.000368421052631726
"18350","diff4",-0.00563157894736836
"18351","diff4",0.010157894736842
"18352","diff4",0.0154210526315788
"18353","diff4",-0.0214210526315789
"18354","diff4",-0.0214210526315789
"18355","diff4",0.0312105263157894
"18356","diff4",-0.0108947368421052
"18357","diff4",0.0312105263157894
"18358","diff4",0.0417368421052631
"18359","diff4",-0.0214210526315789
"18360","diff4",0.047
"18361","diff4",0.0417368421052631
"18362","diff4",0.00489473684210513
"18363","diff4",0.0154210526315788
"18364","diff4",0.047
"18365","diff4",0.00489473684210513
"18366","diff4",-0.00563157894736836
"18367","diff4",0.0206842105263157
"18368","diff4",-0.0108947368421052
"18369","diff4",-0.0214210526315789
"18370","diff4",0.0943684210526315
"18371","diff4",0.0206842105263157
"18372","diff4",-0.000368421052631504
"18373","diff4",0.010157894736842
"18374","diff4",0.0417368421052631
"18375","diff4",0.0417368421052631
"18376","diff4",0.0259473684210526
"18377","diff4",0.0680526315789474
"18378","diff4",0.0417368421052631
"18379","diff4",0.0417368421052631
"18380","diff4",0.00489473684210513
"18381","diff4",0.0417368421052631
"18382","diff4",0.0312105263157894
"18383","diff4",0.0680526315789474
"18384","diff4",0.0522631578947369
"18385","diff4",-0.000368421052631504
"18386","diff4",-0.0214210526315789
"18387","diff4",0.0575263157894737
"18388","diff4",0.0312105263157894
"18389","diff4",0.010157894736842
"18390","diff4",-0.0266842105263158
"18391","diff4",0.0312105263157894
"18392","diff4",-0.0108947368421052
"18393","diff4",0.0364736842105263
"18394","diff4",-0.0214210526315789
"18395","diff4",0.0312105263157894
"18396","diff4",-0.0319473684210527
"18397","diff4",-0.00563157894736858
"18398","diff4",0.0312105263157894
"18399","diff4",0.0312105263157894
"18400","diff4",0.0627894736842106
"18401","diff4",0.0364736842105263
"18402","diff4",0.0259473684210526
"18403","diff4",0.0680526315789474
"18404","diff4",0.0206842105263157
"18405","diff4",-0.0372105263157895
"18406","diff4",0.0206842105263157
"18407","diff4",0.0417368421052631
"18408","diff4",0.010157894736842
"18409","diff4",0.0838421052631578
"18410","diff4",0.0312105263157894
"18411","diff4",0.0733157894736841
"18412","diff4",0.0417368421052631
"18413","diff4",0.0417368421052631
"18414","diff4",0.0785789473684209
"18415","diff4",-0.00563157894736858
"18416","diff4",0.0627894736842106
"18417","diff4",0.010157894736842
"18418","diff4",0.0206842105263157
"18419","diff4",0.0312105263157894
"18420","diff4",-0.000368421052631726
"18421","diff4",-0.0372105263157895
"18422","diff4",0.0364736842105263
"18423","diff4",0.0785789473684209
"18424","diff4",0.0154210526315788
"18425","diff4",0.0312105263157894
"18426","diff4",-0.00563157894736836
"18427","diff4",0.0206842105263157
"18428","diff4",0.0364736842105263
"18429","diff4",0.00489473684210513
"18430","diff4",0.0417368421052631
"18431","diff4",0.0206842105263157
"18432","diff4",-0.0214210526315789
"18433","diff4",-0.0372105263157895
"18434","diff4",0.0680526315789472
"18435","diff4",0.0259473684210526
"18436","diff4",0.0312105263157894
"18437","diff4",0.010157894736842
"18438","diff4",0.0154210526315788
"18439","diff4",0.0522631578947369
"18440","diff4",0.115421052631579
"18441","diff4",0.00489473684210513
"18442","diff4",0.00489473684210513
"18443","diff4",0.0575263157894737
"18444","diff4",0.0154210526315788
"18445","diff4",0.0312105263157894
"18446","diff4",0.0312105263157894
"18447","diff4",0.0154210526315788
"18448","diff4",-0.00563157894736836
"18449","diff4",-0.00563157894736836
"18450","diff4",0.0522631578947369
"18451","diff4",-0.0161578947368421
"18452","diff4",0.0154210526315788
"18453","diff4",0.0154210526315788
"18454","diff4",0.0259473684210526
"18455","diff4",0.0206842105263157
"18456","diff4",-0.00563157894736836
"18457","diff4",0.0680526315789474
"18458","diff4",-0.00563157894736836
"18459","diff4",0.010157894736842
"18460","diff4",-0.0372105263157895
"18461","diff4",-0.00563157894736836
"18462","diff4",-0.0372105263157895
"18463","diff4",0.0206842105263157
"18464","diff4",-0.0161578947368421
"18465","diff4",0.0154210526315788
"18466","diff4",0.0522631578947369
"18467","diff4",-0.0214210526315789
"18468","diff4",0.0154210526315788
"18469","diff4",0.0312105263157894
"18470","diff4",0.0259473684210526
"18471","diff4",0.0259473684210526
"18472","diff4",0.0206842105263157
"18473","diff4",0.0312105263157894
"18474","diff4",0.0680526315789474
"18475","diff4",0.0259473684210526
"18476","diff4",-0.0214210526315789
"18477","diff4",-0.000368421052631726
"18478","diff4",0.0943684210526315
"18479","diff4",0.0417368421052631
"18480","diff4",0.0680526315789474
"18481","diff4",0.0838421052631578
"18482","diff4",0.0417368421052631
"18483","diff4",0.0785789473684212
"18484","diff4",0.047
"18485","diff4",0.0417368421052631
"18486","diff4",0.047
"18487","diff4",0.0206842105263157
"18488","diff4",0.0312105263157894
"18489","diff4",0.0312105263157894
"18490","diff4",0.0522631578947369
"18491","diff4",0.0206842105263157
"18492","diff4",0.0943684210526315
"18493","diff4",0.0680526315789474
"18494","diff4",0.0785789473684209
"18495","diff4",0.047
"18496","diff4",0.0575263157894737
"18497","diff4",0.00489473684210513
"18498","diff4",0.047
"18499","diff4",0.0575263157894737
"18500","diff4",0.010157894736842
"18501","diff4",0.0996315789473684
"18502","diff4",0.0522631578947369
"18503","diff4",-0.0319473684210527
"18504","diff4",-0.0266842105263158
"18505","diff4",-0.0214210526315789
"18506","diff4",0.047
"18507","diff4",0.047
"18508","diff4",-0.0161578947368421
"18509","diff4",0.0575263157894737
"18510","diff4",-0.0266842105263158
"18511","diff4",0.0627894736842106
"18512","diff4",0.00489473684210513
"18513","diff4",0.00489473684210513
"18514","diff4",-0.0214210526315789
"18515","diff4",0.0575263157894737
"18516","diff4",-0.0108947368421052
"18517","diff4",0.0154210526315788
"18518","diff4",0.0838421052631578
"18519","diff4",-0.0424736842105264
"18520","diff4",0.0627894736842106
"18521","diff4",-0.000368421052631504
"18522","diff4",0.0733157894736843
"18523","diff4",0.010157894736842
"18524","diff4",-0.0161578947368421
"18525","diff4",0.0206842105263157
"18526","diff4",0.047
"18527","diff4",0.0417368421052631
"18528","diff4",0.0154210526315788
"18529","diff4",0.010157894736842
"18530","diff4",0.0312105263157894
"18531","diff4",-0.0319473684210527
"18532","diff4",-0.0477368421052632
"18533","diff4",0.047
"18534","diff4",-0.000368421052631726
"18535","diff4",0.010157894736842
"18536","diff4",0.0312105263157894
"18537","diff4",0.0575263157894737
"18538","diff4",0.0575263157894737
"18539","diff4",-0.00563157894736836
"18540","diff4",0.0417368421052631
"18541","diff4",0.0680526315789474
"18542","diff4",0.0312105263157894
"18543","diff4",0.0154210526315788
"18544","diff4",0.0627894736842106
"18545","diff4",0.0680526315789474
"18546","diff4",0.0627894736842106
"18547","diff4",0.0259473684210526
"18548","diff4",0.0312105263157894
"18549","diff4",0.0575263157894737
"18550","diff4",-0.0161578947368421
"18551","diff4",-0.00563157894736836
"18552","diff4",-0.000368421052631726
"18553","diff4",0.0680526315789474
"18554","diff4",0.0312105263157894
"18555","diff4",0.0259473684210526
"18556","diff4",-0.0214210526315789
"18557","diff4",0.0417368421052631
"18558","diff4",0.0312105263157894
"18559","diff4",0.0733157894736841
"18560","diff4",0.0522631578947369
"18561","diff4",0.0154210526315788
"18562","diff4",0.0206842105263157
"18563","diff4",0.0206842105263157
"18564","diff4",0.0259473684210526
"18565","diff4",-0.0319473684210527
"18566","diff4",0.047
"18567","diff4",0.0522631578947369
"18568","diff4",0.0206842105263157
"18569","diff4",-0.000368421052631726
"18570","diff4",0.0364736842105263
"18571","diff4",0.0680526315789474
"18572","diff4",0.0206842105263157
"18573","diff4",0.047
"18574","diff4",0.0312105263157894
"18575","diff4",0.0417368421052631
"18576","diff4",0.0680526315789474
"18577","diff4",0.0154210526315788
"18578","diff4",0.0785789473684209
"18579","diff4",-0.000368421052631726
"18580","diff4",0.00489473684210535
"18581","diff4",0.0259473684210526
"18582","diff4",0.00489473684210513
"18583","diff4",0.0206842105263157
"18584","diff4",0.0206842105263157
"18585","diff4",0.0312105263157894
"18586","diff4",-0.084578947368421
"18587","diff4",0.0575263157894737
"18588","diff4",0.00489473684210513
"18589","diff4",0.0417368421052631
"18590","diff4",0.0522631578947369
"18591","diff4",0.0154210526315788
"18592","diff4",0.0733157894736843
"18593","diff4",-0.0319473684210527
"18594","diff4",0.0312105263157894
"18595","diff4",0.047
"18596","diff4",0.0891052631578946
"18597","diff4",0.0627894736842106
"18598","diff4",-0.0161578947368421
"18599","diff4",-0.000368421052631726
"18600","diff4",0.0680526315789474
"18601","diff4",-0.0266842105263158
"18602","diff4",0.0154210526315788
"18603","diff4",0.0417368421052631
"18604","diff4",0.00489473684210513
"18605","diff4",-0.0161578947368421
"18606","diff4",0.0733157894736843
"18607","diff4",0.0364736842105263
"18608","diff4",0.0154210526315788
"18609","diff4",0.0259473684210526
"18610","diff4",0.0838421052631578
"18611","diff4",0.0154210526315788
"18612","diff4",0.0312105263157894
"18613","diff4",0.0785789473684209
"18614","diff4",0.0154210526315788
"18615","diff4",0.0312105263157894
"18616","diff4",-0.00563157894736836
"18617","diff4",0.0680526315789474
"18618","diff4",-0.00563157894736858
"18619","diff4",0.00489473684210513
"18620","diff4",0.010157894736842
"18621","diff4",0.0154210526315788
"18622","diff4",0.0627894736842106
"18623","diff4",0.0364736842105263
"18624","diff4",0.0206842105263157
"18625","diff4",-0.00563157894736836
"18626","diff4",0.0575263157894737
"18627","diff4",0.0575263157894737
"18628","diff4",0.0259473684210526
"18629","diff4",0.0522631578947369
"18630","diff4",0.0364736842105263
"18631","diff4",0.0943684210526315
"18632","diff4",0.0312105263157894
"18633","diff4",0.0680526315789474
"18634","diff4",0.0575263157894737
"18635","diff4",-0.0214210526315789
"18636","diff4",0.0417368421052631
"18637","diff4",0.0312105263157894
"18638","diff4",0.0364736842105263
"18639","diff4",0.0312105263157894
"18640","diff4",0.047
"18641","diff4",-0.0108947368421052
"18642","diff4",0.0417368421052631
"18643","diff4",-0.000368421052631726
"18644","diff4",0.0680526315789474
"18645","diff4",0.0154210526315788
"18646","diff4",0.0259473684210526
"18647","diff4",0.0364736842105263
"18648","diff4",0.047
"18649","diff4",0.0575263157894737
"18650","diff4",0.0417368421052631
"18651","diff4",0.047
"18652","diff4",0.0259473684210526
"18653","diff4",-0.0108947368421052
"18654","diff4",0.0206842105263157
"18655","diff4",0.0417368421052631
"18656","diff4",0.0259473684210526
"18657","diff4",0.0417368421052631
"18658","diff4",0.0259473684210526
"18659","diff4",0.00489473684210513
"18660","diff4",0.0575263157894737
"18661","diff4",0.047
"18662","diff4",0.0785789473684209
"18663","diff4",0.0680526315789474
"18664","diff4",0.0417368421052631
"18665","diff4",0.0417368421052631
"18666","diff4",-0.0161578947368421
"18667","diff4",0.047
"18668","diff4",0.0364736842105263
"18669","diff4",0.0417368421052631
"18670","diff4",0.047
"18671","diff4",0.0733157894736841
"18672","diff4",-0.00563157894736836
"18673","diff4",0.0364736842105263
"18674","diff4",0.0364736842105263
"18675","diff4",0.0417368421052631
"18676","diff4",0.0627894736842106
"18677","diff4",-0.0477368421052632
"18678","diff4",0.0680526315789474
"18679","diff4",-0.000368421052631726
"18680","diff4",0.0312105263157894
"18681","diff4",0.0838421052631578
"18682","diff4",-0.0372105263157895
"18683","diff4",0.0206842105263157
"18684","diff4",0.010157894736842
"18685","diff4",0.010157894736842
"18686","diff4",0.0417368421052631
"18687","diff4",0.0206842105263157
"18688","diff4",0.0154210526315788
"18689","diff4",0.010157894736842
"18690","diff4",0.0259473684210526
"18691","diff4",0.0417368421052631
"18692","diff4",0.010157894736842
"18693","diff4",0.0259473684210526
"18694","diff4",0.0575263157894737
"18695","diff4",0.010157894736842
"18696","diff4",0.00489473684210513
"18697","diff4",-0.0582631578947369
"18698","diff4",0.0206842105263157
"18699","diff4",-0.0214210526315789
"18700","diff4",0.0838421052631578
"18701","diff4",0.0259473684210526
"18702","diff4",0.0206842105263157
"18703","diff4",0.0312105263157894
"18704","diff4",-0.0266842105263158
"18705","diff4",0.0312105263157894
"18706","diff4",0.00489473684210513
"18707","diff4",-0.0214210526315789
"18708","diff4",0.0206842105263157
"18709","diff4",0.0943684210526315
"18710","diff4",0.0522631578947369
"18711","diff4",-0.0161578947368421
"18712","diff4",-0.000368421052631726
"18713","diff4",0.0785789473684209
"18714","diff4",-0.0161578947368421
"18715","diff4",0.0154210526315788
"18716","diff4",0.0680526315789474
"18717","diff4",0.0522631578947369
"18718","diff4",0.115421052631579
"18719","diff4",-0.0477368421052632
"18720","diff4",-0.000368421052631726
"18721","diff4",0.0259473684210526
"18722","diff4",0.0627894736842106
"18723","diff4",0.0417368421052631
"18724","diff4",-0.000368421052631726
"18725","diff4",0.0417368421052631
"18726","diff4",0.0364736842105263
"18727","diff4",0.0206842105263157
"18728","diff4",-0.0108947368421052
"18729","diff4",0.0312105263157894
"18730","diff4",-0.0266842105263158
"18731","diff4",0.0627894736842106
"18732","diff4",0.010157894736842
"18733","diff4",0.0206842105263157
"18734","diff4",-0.00563157894736836
"18735","diff4",0.0785789473684209
"18736","diff4",-0.00563157894736858
"18737","diff4",0.0891052631578946
"18738","diff4",0.0206842105263157
"18739","diff4",-0.0214210526315789
"18740","diff4",0.0259473684210526
"18741","diff4",0.0154210526315788
"18742","diff4",0.0575263157894737
"18743","diff4",-0.0108947368421052
"18744","diff4",0.0154210526315788
"18745","diff4",-0.0108947368421052
"18746","diff4",0.0575263157894737
"18747","diff4",0.0417368421052631
"18748","diff4",0.0364736842105263
"18749","diff4",0.00489473684210535
"18750","diff4",0.047
"18751","diff4",0.0680526315789472
"18752","diff4",0.047
"18753","diff4",0.047
"18754","diff4",0.0680526315789472
"18755","diff4",-0.000368421052631504
"18756","diff4",0.0259473684210526
"18757","diff4",0.0312105263157894
"18758","diff4",0.0154210526315788
"18759","diff4",-0.0161578947368421
"18760","diff4",0.0627894736842106
"18761","diff4",-0.0372105263157895
"18762","diff4",0.0417368421052631
"18763","diff4",0.00489473684210513
"18764","diff4",-0.0266842105263158
"18765","diff4",-0.0687894736842107
"18766","diff4",0.0522631578947369
"18767","diff4",0.0364736842105263
"18768","diff4",0.010157894736842
"18769","diff4",0.0206842105263157
"18770","diff4",-0.0319473684210527
"18771","diff4",0.0312105263157894
"18772","diff4",-0.000368421052631726
"18773","diff4",-0.000368421052631726
"18774","diff4",-0.0108947368421054
"18775","diff4",-0.000368421052631726
"18776","diff4",0.0785789473684209
"18777","diff4",0.0680526315789474
"18778","diff4",0.0417368421052631
"18779","diff4",0.010157894736842
"18780","diff4",0.00489473684210513
"18781","diff4",-0.000368421052631504
"18782","diff4",0.0206842105263157
"18783","diff4",-0.000368421052631726
"18784","diff4",-0.0161578947368421
"18785","diff4",0.0364736842105263
"18786","diff4",0.0206842105263157
"18787","diff4",0.0206842105263157
"18788","diff4",-0.0161578947368421
"18789","diff4",0.0312105263157894
"18790","diff4",0.0522631578947369
"18791","diff4",0.0733157894736841
"18792","diff4",0.0312105263157894
"18793","diff4",-0.0214210526315789
"18794","diff4",-0.00563157894736836
"18795","diff4",-0.0530000000000001
"18796","diff4",0.0575263157894737
"18797","diff4",-0.0161578947368421
"18798","diff4",0.0259473684210526
"18799","diff4",0.047
"18800","diff4",0.0522631578947369
"18801","diff4",0.047
"18802","diff4",0.0943684210526315
"18803","diff4",0.0206842105263157
"18804","diff4",0.0312105263157894
"18805","diff4",0.0312105263157894
"18806","diff4",0.0627894736842106
"18807","diff4",0.0206842105263157
"18808","diff4",0.00489473684210513
"18809","diff4",0.047
"18810","diff4",0.0154210526315788
"18811","diff4",-0.000368421052631726
"18812","diff4",0.0259473684210526
"18813","diff4",0.0522631578947369
"18814","diff4",-0.000368421052631726
"18815","diff4",-0.0214210526315789
"18816","diff4",0.047
"18817","diff4",0.00489473684210513
"18818","diff4",0.00489473684210513
"18819","diff4",-0.0530000000000001
"18820","diff4",0.010157894736842
"18821","diff4",0.0627894736842106
"18822","diff4",0.0259473684210526
"18823","diff4",0.0259473684210526
"18824","diff4",0.00489473684210513
"18825","diff4",0.047
"18826","diff4",-0.000368421052631726
"18827","diff4",0.0206842105263157
"18828","diff4",0.0259473684210526
"18829","diff4",-0.00563157894736836
"18830","diff4",0.0680526315789474
"18831","diff4",-0.000368421052631504
"18832","diff4",-0.000368421052631726
"18833","diff4",0.010157894736842
"18834","diff4",0.0680526315789474
"18835","diff4",0.0206842105263157
"18836","diff4",0.0417368421052631
"18837","diff4",-0.0214210526315789
"18838","diff4",-0.0372105263157895
"18839","diff4",-0.0161578947368421
"18840","diff4",0.010157894736842
"18841","diff4",0.0627894736842106
"18842","diff4",0.0259473684210526
"18843","diff4",0.0575263157894737
"18844","diff4",0.0206842105263157
"18845","diff4",0.0154210526315788
"18846","diff4",-0.0108947368421054
"18847","diff4",0.00489473684210513
"18848","diff4",0.0259473684210526
"18849","diff4",0.0364736842105263
"18850","diff4",-0.00563157894736836
"18851","diff4",-0.0266842105263158
"18852","diff4",0.0154210526315788
"18853","diff4",0.0417368421052631
"18854","diff4",0.0206842105263157
"18855","diff4",-0.00563157894736858
"18856","diff4",0.0259473684210526
"18857","diff4",-0.0108947368421052
"18858","diff4",0.0733157894736841
"18859","diff4",0.0680526315789472
"18860","diff4",0.0785789473684209
"18861","diff4",0.0312105263157894
"18862","diff4",0.0259473684210526
"18863","diff4",0.0364736842105263
"18864","diff4",0.0364736842105263
"18865","diff4",0.0680526315789474
"18866","diff4",0.0522631578947369
"18867","diff4",0.104894736842105
"18868","diff4",0.0891052631578946
"18869","diff4",0.0522631578947369
"18870","diff4",0.0259473684210526
"18871","diff4",0.010157894736842
"18872","diff4",-0.000368421052631726
"18873","diff4",0.0680526315789472
"18874","diff4",-0.0108947368421052
"18875","diff4",0.0206842105263157
"18876","diff4",0.0733157894736843
"18877","diff4",0.0417368421052631
"18878","diff4",0.0522631578947369
"18879","diff4",0.0154210526315788
"18880","diff4",0.010157894736842
"18881","diff4",0.0575263157894737
"18882","diff4",0.0627894736842106
"18883","diff4",0.0680526315789474
"18884","diff4",0.0838421052631578
"18885","diff4",-0.0161578947368421
"18886","diff4",-0.0108947368421052
"18887","diff4",0.010157894736842
"18888","diff4",0.0838421052631578
"18889","diff4",-0.0108947368421052
"18890","diff4",0.0627894736842106
"18891","diff4",0.0680526315789474
"18892","diff4",0.047
"18893","diff4",-0.00563157894736836
"18894","diff4",0.0522631578947369
"18895","diff4",0.0417368421052631
"18896","diff4",0.0575263157894737
"18897","diff4",0.0943684210526315
"18898","diff4",0.047
"18899","diff4",0.0259473684210526
"18900","diff4",-0.0266842105263158
"18901","diff4",0.0943684210526315
"18902","diff4",0.0154210526315788
"18903","diff4",0.0680526315789474
"18904","diff4",-0.0266842105263158
"18905","diff4",0.0417368421052631
"18906","diff4",0.0206842105263157
"18907","diff4",0.0259473684210526
"18908","diff4",0.0154210526315788
"18909","diff4",0.0312105263157894
"18910","diff4",-0.0108947368421052
"18911","diff4",0.0522631578947369
"18912","diff4",0.0154210526315788
"18913","diff4",-0.0477368421052632
"18914","diff4",0.0522631578947369
"18915","diff4",0.047
"18916","diff4",0.0312105263157894
"18917","diff4",0.00489473684210513
"18918","diff4",-0.00563157894736836
"18919","diff4",0.00489473684210513
"18920","diff4",0.0206842105263157
"18921","diff4",0.0259473684210526
"18922","diff4",-0.000368421052631726
"18923","diff4",-0.0372105263157895
"18924","diff4",0.0417368421052631
"18925","diff4",0.0838421052631578
"18926","diff4",0.0680526315789472
"18927","diff4",-0.0108947368421052
"18928","diff4",-0.00563157894736836
"18929","diff4",-0.0108947368421052
"18930","diff4",0.010157894736842
"18931","diff4",0.0154210526315788
"18932","diff4",-0.0214210526315789
"18933","diff4",0.0680526315789472
"18934","diff4",0.0627894736842106
"18935","diff4",0.0627894736842106
"18936","diff4",0.0417368421052631
"18937","diff4",0.0364736842105263
"18938","diff4",0.0627894736842106
"18939","diff4",0.0312105263157894
"18940","diff4",0.0154210526315788
"18941","diff4",0.0312105263157894
"18942","diff4",0.010157894736842
"18943","diff4",0.0206842105263157
"18944","diff4",0.0312105263157894
"18945","diff4",0.0259473684210526
"18946","diff4",0.0206842105263157
"18947","diff4",0.0312105263157894
"18948","diff4",0.0154210526315788
"18949","diff4",0.0575263157894737
"18950","diff4",0.0627894736842106
"18951","diff4",0.010157894736842
"18952","diff4",0.0259473684210526
"18953","diff4",0.0154210526315788
"18954","diff4",-0.0372105263157895
"18955","diff4",0.0364736842105263
"18956","diff4",0.0785789473684209
"18957","diff4",0.00489473684210513
"18958","diff4",0.0627894736842106
"18959","diff4",0.047
"18960","diff4",0.0364736842105263
"18961","diff4",0.0575263157894737
"18962","diff4",0.0364736842105263
"18963","diff4",0.0838421052631578
"18964","diff4",0.0154210526315788
"18965","diff4",0.047
"18966","diff4",0.0312105263157894
"18967","diff4",0.010157894736842
"18968","diff4",-0.0161578947368421
"18969","diff4",0.010157894736842
"18970","diff4",0.0312105263157894
"18971","diff4",0.0417368421052631
"18972","diff4",0.0206842105263157
"18973","diff4",0.047
"18974","diff4",-0.000368421052631726
"18975","diff4",0.0206842105263157
"18976","diff4",0.0154210526315788
"18977","diff4",0.0312105263157894
"18978","diff4",0.0575263157894737
"18979","diff4",0.0206842105263157
"18980","diff4",0.0575263157894737
"18981","diff4",0.0680526315789474
"18982","diff4",-0.0108947368421052
"18983","diff4",0.0417368421052631
"18984","diff4",0.0522631578947369
"18985","diff4",-0.0372105263157895
"18986","diff4",0.0154210526315788
"18987","diff4",0.0838421052631578
"18988","diff4",0.0364736842105263
"18989","diff4",-0.000368421052631726
"18990","diff4",0.0312105263157894
"18991","diff4",0.0312105263157894
"18992","diff4",-0.0161578947368421
"18993","diff4",0.0575263157894737
"18994","diff4",0.0259473684210526
"18995","diff4",-0.000368421052631504
"18996","diff4",0.0575263157894737
"18997","diff4",-0.00563157894736836
"18998","diff4",0.00489473684210513
"18999","diff4",0.0627894736842106
"19000","diff4",0.0417368421052631
"19001","diff4",-0.00563157894736858
"19002","diff4",-0.0108947368421052
"19003","diff4",0.0364736842105263
"19004","diff4",0.0312105263157894
"19005","diff4",0.047
"19006","diff4",0.0154210526315788
"19007","diff4",0.0417368421052631
"19008","diff4",0.0575263157894737
"19009","diff4",-0.00563157894736858
"19010","diff4",0.0154210526315788
"19011","diff4",0.0575263157894737
"19012","diff4",0.047
"19013","diff4",0.0627894736842106
"19014","diff4",-0.0108947368421052
"19015","diff4",0.0154210526315788
"19016","diff4",0.110157894736842
"19017","diff4",0.0259473684210526
"19018","diff4",-0.0214210526315789
"19019","diff4",0.0154210526315788
"19020","diff4",0.0312105263157894
"19021","diff4",-0.00563157894736836
"19022","diff4",0.0364736842105263
"19023","diff4",0.0206842105263157
"19024","diff4",0.0312105263157894
"19025","diff4",0.00489473684210513
"19026","diff4",0.0259473684210526
"19027","diff4",0.0943684210526315
"19028","diff4",-0.000368421052631726
"19029","diff4",0.0575263157894737
"19030","diff4",0.0154210526315788
"19031","diff4",0.0206842105263157
"19032","diff4",-0.000368421052631726
"19033","diff4",0.0206842105263157
"19034","diff4",0.0417368421052631
"19035","diff4",0.0364736842105263
"19036","diff4",-0.0372105263157895
"19037","diff4",0.0575263157894737
"19038","diff4",-0.0372105263157895
"19039","diff4",0.0259473684210526
"19040","diff4",0.0364736842105263
"19041","diff4",-0.0161578947368421
"19042","diff4",0.0627894736842106
"19043","diff4",0.0259473684210526
"19044","diff4",0.0312105263157894
"19045","diff4",0.047
"19046","diff4",0.0154210526315788
"19047","diff4",-0.000368421052631726
"19048","diff4",0.0575263157894737
"19049","diff4",0.0154210526315788
"19050","diff4",0.0522631578947369
"19051","diff4",0.0312105263157894
"19052","diff4",-0.00563157894736836
"19053","diff4",0.0206842105263157
"19054","diff4",0.0733157894736843
"19055","diff4",0.047
"19056","diff4",0.0312105263157894
"19057","diff4",-0.0266842105263158
"19058","diff4",0.0522631578947369
"19059","diff4",-0.0108947368421052
"19060","diff4",0.0312105263157894
"19061","diff4",0.0206842105263157
"19062","diff4",0.0575263157894737
"19063","diff4",-0.0266842105263158
"19064","diff4",-0.0108947368421052
"19065","diff4",0.0417368421052631
"19066","diff4",0.0259473684210526
"19067","diff4",0.010157894736842
"19068","diff4",0.0417368421052631
"19069","diff4",0.00489473684210513
"19070","diff4",0.0312105263157894
"19071","diff4",-0.0161578947368421
"19072","diff4",0.047
"19073","diff4",0.0364736842105263
"19074","diff4",-0.000368421052631726
"19075","diff4",0.0312105263157894
"19076","diff4",0.0312105263157894
"19077","diff4",0.0522631578947369
"19078","diff4",0.0627894736842106
"19079","diff4",0.047
"19080","diff4",-0.0266842105263158
"19081","diff4",0.047
"19082","diff4",-0.000368421052631504
"19083","diff4",0.0680526315789472
"19084","diff4",0.0680526315789472
"19085","diff4",0.00489473684210513
"19086","diff4",0.0680526315789472
"19087","diff4",0.0259473684210526
"19088","diff4",0.047
"19089","diff4",-0.000368421052631726
"19090","diff4",0.0785789473684209
"19091","diff4",0.0364736842105263
"19092","diff4",0.0206842105263157
"19093","diff4",0.0312105263157894
"19094","diff4",0.0259473684210526
"19095","diff4",0.047
"19096","diff4",0.0680526315789474
"19097","diff4",0.0522631578947369
"19098","diff4",-0.0161578947368421
"19099","diff4",-0.00563157894736836
"19100","diff4",0.0259473684210526
"19101","diff4",0.0575263157894737
"19102","diff4",0.0364736842105263
"19103","diff4",-0.0161578947368421
"19104","diff4",0.0312105263157894
"19105","diff4",-0.0108947368421052
"19106","diff4",-0.0214210526315789
"19107","diff4",0.0575263157894737
"19108","diff4",-0.0319473684210527
"19109","diff4",0.010157894736842
"19110","diff4",0.0206842105263157
"19111","diff4",0.0312105263157894
"19112","diff4",0.0312105263157894
"19113","diff4",0.0417368421052631
"19114","diff4",0.0259473684210526
"19115","diff4",0.0206842105263157
"19116","diff4",-0.000368421052631726
"19117","diff4",0.010157894736842
"19118","diff4",0.0312105263157894
"19119","diff4",0.0364736842105263
"19120","diff4",-0.0214210526315789
"19121","diff4",0.0259473684210526
"19122","diff4",0.00489473684210513
"19123","diff4",0.0785789473684209
"19124","diff4",-0.000368421052631726
"19125","diff4",0.0364736842105263
"19126","diff4",0.0259473684210526
"19127","diff4",-0.0108947368421054
"19128","diff4",0.00489473684210513
"19129","diff4",-0.000368421052631726
"19130","diff4",-0.0108947368421054
"19131","diff4",0.0364736842105263
"19132","diff4",0.047
"19133","diff4",0.0206842105263157
"19134","diff4",0.0154210526315788
"19135","diff4",0.0522631578947369
"19136","diff4",0.0364736842105263
"19137","diff4",0.0312105263157894
"19138","diff4",-0.000368421052631726
"19139","diff4",-0.0319473684210527
"19140","diff4",0.0259473684210526
"19141","diff4",-0.0161578947368421
"19142","diff4",-0.0319473684210527
"19143","diff4",0.0680526315789474
"19144","diff4",0.0522631578947369
"19145","diff4",0.0522631578947369
"19146","diff4",-0.0108947368421052
"19147","diff4",0.0417368421052631
"19148","diff4",0.0206842105263157
"19149","diff4",-0.0161578947368421
"19150","diff4",0.00489473684210513
"19151","diff4",0.0575263157894737
"19152","diff4",0.0206842105263157
"19153","diff4",0.0575263157894737
"19154","diff4",0.0206842105263157
"19155","diff4",0.0575263157894737
"19156","diff4",-0.0319473684210527
"19157","diff4",-0.0319473684210527
"19158","diff4",-0.0108947368421054
"19159","diff4",-0.0108947368421052
"19160","diff4",-0.0214210526315789
"19161","diff4",0.0680526315789474
"19162","diff4",-0.0108947368421052
"19163","diff4",0.0259473684210526
"19164","diff4",-0.0319473684210527
"19165","diff4",0.0259473684210526
"19166","diff4",-0.00563157894736836
"19167","diff4",0.0259473684210526
"19168","diff4",-0.00563157894736858
"19169","diff4",0.0417368421052631
"19170","diff4",-0.0266842105263158
"19171","diff4",0.00489473684210513
"19172","diff4",0.0522631578947369
"19173","diff4",0.0522631578947369
"19174","diff4",-0.0530000000000001
"19175","diff4",0.0417368421052631
"19176","diff4",0.0312105263157894
"19177","diff4",-0.0108947368421052
"19178","diff4",0.0680526315789474
"19179","diff4",0.010157894736842
"19180","diff4",0.0891052631578946
"19181","diff4",0.0733157894736841
"19182","diff4",-0.0266842105263158
"19183","diff4",0.00489473684210513
"19184","diff4",0.0627894736842106
"19185","diff4",0.0259473684210526
"19186","diff4",-0.000368421052631504
"19187","diff4",0.0417368421052631
"19188","diff4",-0.0319473684210527
"19189","diff4",-0.0214210526315789
"19190","diff4",-0.0424736842105264
"19191","diff4",-0.0214210526315789
"19192","diff4",0.0733157894736841
"19193","diff4",0.0154210526315788
"19194","diff4",-0.0108947368421054
"19195","diff4",0.010157894736842
"19196","diff4",-0.0108947368421052
"19197","diff4",0.010157894736842
"19198","diff4",0.0364736842105263
"19199","diff4",0.0259473684210526
"19200","diff4",0.0838421052631578
"19201","diff4",0.0575263157894737
"19202","diff4",-0.0319473684210527
"19203","diff4",0.00489473684210513
"19204","diff4",0.047
"19205","diff4",-0.000368421052631726
"19206","diff4",-0.000368421052631726
"19207","diff4",-0.00563157894736836
"19208","diff4",0.010157894736842
"19209","diff4",0.0364736842105263
"19210","diff4",0.0627894736842106
"19211","diff4",0.0417368421052631
"19212","diff4",-0.0319473684210527
"19213","diff4",0.00489473684210513
"19214","diff4",0.0312105263157894
"19215","diff4",-0.000368421052631726
"19216","diff4",0.0680526315789472
"19217","diff4",0.0206842105263157
"19218","diff4",0.0364736842105263
"19219","diff4",0.0417368421052631
"19220","diff4",0.0575263157894737
"19221","diff4",0.0259473684210526
"19222","diff4",0.047
"19223","diff4",0.047
"19224","diff4",0.0522631578947369
"19225","diff4",-0.0214210526315789
"19226","diff4",0.0259473684210526
"19227","diff4",0.0785789473684212
"19228","diff4",0.0891052631578946
"19229","diff4",0.0575263157894737
"19230","diff4",0.0154210526315788
"19231","diff4",0.0838421052631578
"19232","diff4",0.0364736842105263
"19233","diff4",-0.00563157894736858
"19234","diff4",0.0364736842105263
"19235","diff4",0.0259473684210526
"19236","diff4",-0.0108947368421054
"19237","diff4",-0.00563157894736858
"19238","diff4",-0.00563157894736858
"19239","diff4",0.0838421052631578
"19240","diff4",0.0206842105263157
"19241","diff4",0.010157894736842
"19242","diff4",0.0312105263157894
"19243","diff4",-0.00563157894736836
"19244","diff4",0.0312105263157894
"19245","diff4",0.0206842105263157
"19246","diff4",0.0259473684210526
"19247","diff4",0.0417368421052631
"19248","diff4",0.0417368421052631
"19249","diff4",0.0364736842105263
"19250","diff4",-0.0530000000000001
"19251","diff4",0.0680526315789474
"19252","diff4",0.0259473684210526
"19253","diff4",0.0259473684210526
"19254","diff4",0.0733157894736843
"19255","diff4",0.0206842105263157
"19256","diff4",0.0206842105263157
"19257","diff4",0.0417368421052631
"19258","diff4",-0.00563157894736836
"19259","diff4",0.0312105263157894
"19260","diff4",0.047
"19261","diff4",0.047
"19262","diff4",0.0417368421052631
"19263","diff4",0.047
"19264","diff4",-0.0108947368421052
"19265","diff4",0.0417368421052631
"19266","diff4",0.0154210526315788
"19267","diff4",-0.000368421052631726
"19268","diff4",-0.0108947368421052
"19269","diff4",0.010157894736842
"19270","diff4",-0.0108947368421052
"19271","diff4",0.0312105263157894
"19272","diff4",-0.0214210526315789
"19273","diff4",0.047
"19274","diff4",-0.000368421052631504
"19275","diff4",0.0417368421052631
"19276","diff4",0.047
"19277","diff4",0.0259473684210526
"19278","diff4",0.0575263157894737
"19279","diff4",0.0417368421052631
"19280","diff4",0.010157894736842
"19281","diff4",0.0417368421052631
"19282","diff4",-0.00563157894736836
"19283","diff4",0.0575263157894737
"19284","diff4",0.010157894736842
"19285","diff4",0.0785789473684209
"19286","diff4",0.010157894736842
"19287","diff4",0.0154210526315788
"19288","diff4",0.0154210526315788
"19289","diff4",0.0312105263157894
"19290","diff4",-0.0319473684210527
"19291","diff4",-0.00563157894736858
"19292","diff4",0.0206842105263157
"19293","diff4",0.0417368421052631
"19294","diff4",0.0312105263157894
"19295","diff4",-0.00563157894736858
"19296","diff4",0.010157894736842
"19297","diff4",0.0364736842105263
"19298","diff4",0.047
"19299","diff4",0.047
"19300","diff4",0.0154210526315788
"19301","diff4",0.0417368421052631
"19302","diff4",0.104894736842105
"19303","diff4",-0.0161578947368421
"19304","diff4",0.047
"19305","diff4",0.0312105263157894
"19306","diff4",0.0312105263157894
"19307","diff4",0.0312105263157894
"19308","diff4",0.010157894736842
"19309","diff4",0.0364736842105263
"19310","diff4",0.0627894736842106
"19311","diff4",0.0312105263157894
"19312","diff4",-0.000368421052631504
"19313","diff4",-0.0266842105263158
"19314","diff4",0.010157894736842
"19315","diff4",0.047
"19316","diff4",-0.0214210526315789
"19317","diff4",-0.000368421052631504
"19318","diff4",0.0417368421052631
"19319","diff4",0.0417368421052631
"19320","diff4",-0.000368421052631726
"19321","diff4",0.0417368421052631
"19322","diff4",-0.000368421052631726
"19323","diff4",0.0259473684210526
"19324","diff4",0.00489473684210513
"19325","diff4",0.0680526315789474
"19326","diff4",0.0996315789473684
"19327","diff4",0.00489473684210513
"19328","diff4",0.0312105263157894
"19329","diff4",0.0417368421052631
"19330","diff4",-0.000368421052631504
"19331","diff4",-0.000368421052631504
"19332","diff4",-0.0161578947368421
"19333","diff4",0.0680526315789474
"19334","diff4",-0.0530000000000001
"19335","diff4",0.0259473684210526
"19336","diff4",0.0891052631578946
"19337","diff4",0.0733157894736841
"19338","diff4",0.00489473684210513
"19339","diff4",0.010157894736842
"19340","diff4",0.0259473684210526
"19341","diff4",0.0417368421052631
"19342","diff4",0.0259473684210526
"19343","diff4",0.010157894736842
"19344","diff4",0.0522631578947369
"19345","diff4",-0.000368421052631726
"19346","diff4",0.0364736842105263
"19347","diff4",0.0785789473684209
"19348","diff4",0.00489473684210513
"19349","diff4",0.0312105263157894
"19350","diff4",0.0417368421052631
"19351","diff4",0.0364736842105263
"19352","diff4",0.0312105263157894
"19353","diff4",0.047
"19354","diff4",0.0259473684210526
"19355","diff4",-0.000368421052631504
"19356","diff4",0.0417368421052631
"19357","diff4",0.0575263157894737
"19358","diff4",0.0364736842105263
"19359","diff4",0.0312105263157894
"19360","diff4",0.0417368421052631
"19361","diff4",0.0312105263157894
"19362","diff4",0.0575263157894737
"19363","diff4",0.0312105263157894
"19364","diff4",0.0364736842105263
"19365","diff4",0.0206842105263157
"19366","diff4",0.0364736842105263
"19367","diff4",0.0259473684210526
"19368","diff4",0.0522631578947369
"19369","diff4",0.0154210526315788
"19370","diff4",-0.0108947368421052
"19371","diff4",0.0154210526315788
"19372","diff4",0.0364736842105263
"19373","diff4",0.0417368421052631
"19374","diff4",0.0785789473684209
"19375","diff4",-0.000368421052631726
"19376","diff4",0.0154210526315788
"19377","diff4",-0.0161578947368421
"19378","diff4",0.0364736842105263
"19379","diff4",0.047
"19380","diff4",0.0680526315789472
"19381","diff4",-0.000368421052631726
"19382","diff4",0.0996315789473684
"19383","diff4",0.0627894736842106
"19384","diff4",0.047
"19385","diff4",-0.000368421052631726
"19386","diff4",0.0206842105263157
"19387","diff4",-0.00563157894736836
"19388","diff4",0.0838421052631578
"19389","diff4",0.0312105263157894
"19390","diff4",0.00489473684210513
"19391","diff4",0.0417368421052631
"19392","diff4",0.0575263157894737
"19393","diff4",-0.00563157894736858
"19394","diff4",0.0522631578947369
"19395","diff4",0.0417368421052631
"19396","diff4",0.0259473684210526
"19397","diff4",0.010157894736842
"19398","diff4",0.0154210526315788
"19399","diff4",-0.000368421052631726
"19400","diff4",0.0259473684210526
"19401","diff4",0.0312105263157894
"19402","diff4",0.0364736842105263
"19403","diff4",0.0891052631578946
"19404","diff4",0.0943684210526315
"19405","diff4",0.0312105263157894
"19406","diff4",-0.0214210526315789
"19407","diff4",0.0522631578947369
"19408","diff4",0.0627894736842106
"19409","diff4",-0.0214210526315789
"19410","diff4",0.0206842105263157
"19411","diff4",0.0206842105263157
"19412","diff4",0.0154210526315788
"19413","diff4",0.0364736842105263
"19414","diff4",0.0154210526315788
"19415","diff4",0.0101578947368422
"19416","diff4",0.010157894736842
"19417","diff4",0.0312105263157894
"19418","diff4",0.0206842105263157
"19419","diff4",-0.0108947368421052
"19420","diff4",0.0417368421052631
"19421","diff4",0.0206842105263157
"19422","diff4",0.0206842105263157
"19423","diff4",0.0417368421052631
"19424","diff4",-0.00563157894736836
"19425","diff4",-0.0477368421052632
"19426","diff4",0.0154210526315788
"19427","diff4",0.0417368421052631
"19428","diff4",0.0364736842105263
"19429","diff4",0.0364736842105263
"19430","diff4",-0.0266842105263158
"19431","diff4",0.0680526315789474
"19432","diff4",0.010157894736842
"19433","diff4",0.0312105263157894
"19434","diff4",0.0891052631578946
"19435","diff4",-0.0161578947368421
"19436","diff4",0.0522631578947369
"19437","diff4",0.0627894736842106
"19438","diff4",-0.0214210526315789
"19439","diff4",0.0206842105263157
"19440","diff4",0.0838421052631578
"19441","diff4",-0.000368421052631726
"19442","diff4",-0.0214210526315789
"19443","diff4",0.0364736842105263
"19444","diff4",-0.0108947368421052
"19445","diff4",0.0154210526315788
"19446","diff4",0.0627894736842106
"19447","diff4",-0.0530000000000001
"19448","diff4",0.0312105263157894
"19449","diff4",-0.000368421052631726
"19450","diff4",0.0522631578947369
"19451","diff4",0.0627894736842106
"19452","diff4",0.0733157894736841
"19453","diff4",0.0733157894736841
"19454","diff4",0.0891052631578946
"19455","diff4",0.110157894736842
"19456","diff4",0.0312105263157894
"19457","diff4",0.0206842105263157
"19458","diff4",0.0522631578947369
"19459","diff4",0.0259473684210526
"19460","diff4",0.0206842105263157
"19461","diff4",0.0364736842105263
"19462","diff4",0.0154210526315788
"19463","diff4",-0.00563157894736836
"19464","diff4",0.047
"19465","diff4",-0.0161578947368421
"19466","diff4",0.0417368421052631
"19467","diff4",0.0627894736842106
"19468","diff4",0.0417368421052631
"19469","diff4",-0.0424736842105264
"19470","diff4",0.0522631578947369
"19471","diff4",-0.0161578947368421
"19472","diff4",0.0259473684210526
"19473","diff4",0.0259473684210526
"19474","diff4",0.0154210526315788
"19475","diff4",0.010157894736842
"19476","diff4",-0.0108947368421052
"19477","diff4",0.0522631578947369
"19478","diff4",0.0522631578947369
"19479","diff4",0.0417368421052631
"19480","diff4",-0.0214210526315789
"19481","diff4",0.0364736842105263
"19482","diff4",-0.00563157894736858
"19483","diff4",0.0680526315789474
"19484","diff4",-0.00563157894736836
"19485","diff4",-0.0530000000000001
"19486","diff4",0.0364736842105263
"19487","diff4",0.0259473684210526
"19488","diff4",0.0891052631578946
"19489","diff4",0.0627894736842106
"19490","diff4",0.0364736842105263
"19491","diff4",0.047
"19492","diff4",-0.00563157894736836
"19493","diff4",0.0627894736842106
"19494","diff4",0.0206842105263157
"19495","diff4",-0.000368421052631726
"19496","diff4",0.0522631578947369
"19497","diff4",0.0364736842105263
"19498","diff4",0.0575263157894737
"19499","diff4",-0.0214210526315789
"19500","diff4",0.00489473684210513
"19501","diff4",0.0417368421052631
"19502","diff4",0.0522631578947369
"19503","diff4",0.0627894736842106
"19504","diff4",0.0312105263157894
"19505","diff4",-0.00563157894736836
"19506","diff4",0.0312105263157894
"19507","diff4",0.0312105263157894
"19508","diff4",-0.000368421052631726
"19509","diff4",0.0312105263157894
"19510","diff4",0.0522631578947369
"19511","diff4",0.0154210526315788
"19512","diff4",0.0312105263157894
"19513","diff4",0.0312105263157894
"19514","diff4",-0.0108947368421052
"19515","diff4",-0.0108947368421052
"19516","diff4",-0.0319473684210527
"19517","diff4",0.0154210526315788
"19518","diff4",0.047
"19519","diff4",0.0364736842105263
"19520","diff4",-0.0214210526315789
"19521","diff4",0.0417368421052631
"19522","diff4",0.0838421052631578
"19523","diff4",0.0417368421052631
"19524","diff4",0.0785789473684209
"19525","diff4",0.047
"19526","diff4",0.0733157894736841
"19527","diff4",0.010157894736842
"19528","diff4",0.0364736842105263
"19529","diff4",0.0312105263157894
"19530","diff4",0.010157894736842
"19531","diff4",-0.0161578947368421
"19532","diff4",0.0206842105263157
"19533","diff4",0.0364736842105263
"19534","diff4",0.0154210526315788
"19535","diff4",0.0154210526315788
"19536","diff4",0.0575263157894737
"19537","diff4",-0.0319473684210527
"19538","diff4",0.047
"19539","diff4",0.010157894736842
"19540","diff4",0.0785789473684209
"19541","diff4",-0.00563157894736836
"19542","diff4",-0.0108947368421052
"19543","diff4",0.00489473684210513
"19544","diff4",-0.0424736842105264
"19545","diff4",0.0364736842105263
"19546","diff4",0.0733157894736841
"19547","diff4",-0.00563157894736836
"19548","diff4",0.0259473684210526
"19549","diff4",0.0522631578947369
"19550","diff4",-0.00563157894736836
"19551","diff4",0.0259473684210526
"19552","diff4",0.0680526315789474
"19553","diff4",0.0259473684210526
"19554","diff4",-0.0372105263157895
"19555","diff4",-0.000368421052631726
"19556","diff4",0.0206842105263157
"19557","diff4",0.120684210526316
"19558","diff4",0.0575263157894737
"19559","diff4",-0.0161578947368421
"19560","diff4",0.0312105263157894
"19561","diff4",-0.0214210526315789
"19562","diff4",0.0575263157894737
"19563","diff4",0.0312105263157894
"19564","diff4",0.0154210526315788
"19565","diff4",0.0680526315789474
"19566","diff4",0.047
"19567","diff4",0.0733157894736841
"19568","diff4",0.0364736842105263
"19569","diff4",0.0680526315789474
"19570","diff4",0.010157894736842
"19571","diff4",0.0154210526315788
"19572","diff4",0.0259473684210526
"19573","diff4",-0.00563157894736836
"19574","diff4",-0.0108947368421052
"19575","diff4",0.0154210526315788
"19576","diff4",0.0522631578947369
"19577","diff4",0.0312105263157894
"19578","diff4",0.0259473684210526
"19579","diff4",0.0259473684210526
"19580","diff4",0.0312105263157894
"19581","diff4",0.0627894736842106
"19582","diff4",-0.000368421052631504
"19583","diff4",-0.0161578947368421
"19584","diff4",0.0259473684210526
"19585","diff4",0.0522631578947369
"19586","diff4",0.0259473684210526
"19587","diff4",0.0154210526315788
"19588","diff4",0.010157894736842
"19589","diff4",0.00489473684210513
"19590","diff4",0.0680526315789474
"19591","diff4",0.0154210526315788
"19592","diff4",0.0312105263157894
"19593","diff4",0.0575263157894737
"19594","diff4",0.00489473684210513
"19595","diff4",0.010157894736842
"19596","diff4",-0.0372105263157895
"19597","diff4",0.010157894736842
"19598","diff4",0.00489473684210513
"19599","diff4",0.0364736842105263
"19600","diff4",0.0733157894736843
"19601","diff4",0.00489473684210513
"19602","diff4",0.0259473684210526
"19603","diff4",0.0733157894736841
"19604","diff4",0.0627894736842106
"19605","diff4",0.0680526315789474
"19606","diff4",0.0522631578947369
"19607","diff4",0.0680526315789474
"19608","diff4",-0.0161578947368421
"19609","diff4",-0.0214210526315789
"19610","diff4",0.010157894736842
"19611","diff4",-0.0214210526315789
"19612","diff4",0.0312105263157894
"19613","diff4",-0.0161578947368421
"19614","diff4",0.0680526315789472
"19615","diff4",0.010157894736842
"19616","diff4",0.047
"19617","diff4",0.0154210526315788
"19618","diff4",0.0575263157894737
"19619","diff4",-0.0266842105263158
"19620","diff4",0.0206842105263157
"19621","diff4",0.0627894736842106
"19622","diff4",0.0259473684210526
"19623","diff4",0.0627894736842106
"19624","diff4",0.010157894736842
"19625","diff4",-0.0161578947368421
"19626","diff4",0.0417368421052631
"19627","diff4",0.0785789473684209
"19628","diff4",0.0259473684210526
"19629","diff4",0.0364736842105263
"19630","diff4",-0.00563157894736836
"19631","diff4",0.0154210526315788
"19632","diff4",0.0206842105263157
"19633","diff4",-0.00563157894736836
"19634","diff4",0.00489473684210513
"19635","diff4",0.0154210526315788
"19636","diff4",0.0522631578947369
"19637","diff4",0.010157894736842
"19638","diff4",0.0522631578947369
"19639","diff4",0.0627894736842106
"19640","diff4",0.0417368421052631
"19641","diff4",0.0154210526315788
"19642","diff4",0.0364736842105263
"19643","diff4",0.0733157894736841
"19644","diff4",0.0417368421052631
"19645","diff4",-0.000368421052631726
"19646","diff4",0.0154210526315788
"19647","diff4",0.0996315789473684
"19648","diff4",0.0259473684210526
"19649","diff4",0.00489473684210513
"19650","diff4",0.0154210526315788
"19651","diff4",-0.0319473684210527
"19652","diff4",0.0259473684210526
"19653","diff4",0.0627894736842106
"19654","diff4",-0.0214210526315789
"19655","diff4",0.00489473684210513
"19656","diff4",0.0154210526315788
"19657","diff4",0.0891052631578946
"19658","diff4",0.0680526315789474
"19659","diff4",0.0206842105263157
"19660","diff4",0.0522631578947369
"19661","diff4",-0.0319473684210527
"19662","diff4",0.0154210526315788
"19663","diff4",0.0575263157894737
"19664","diff4",0.047
"19665","diff4",0.00489473684210513
"19666","diff4",0.010157894736842
"19667","diff4",0.0206842105263157
"19668","diff4",0.010157894736842
"19669","diff4",0.0417368421052631
"19670","diff4",-0.00563157894736858
"19671","diff4",-0.00563157894736836
"19672","diff4",0.0575263157894737
"19673","diff4",-0.0319473684210527
"19674","diff4",0.0312105263157894
"19675","diff4",0.010157894736842
"19676","diff4",0.010157894736842
"19677","diff4",0.0680526315789474
"19678","diff4",0.0206842105263157
"19679","diff4",-0.000368421052631726
"19680","diff4",0.0733157894736841
"19681","diff4",0.0943684210526315
"19682","diff4",-0.000368421052631726
"19683","diff4",0.0312105263157894
"19684","diff4",0.0312105263157894
"19685","diff4",0.0259473684210526
"19686","diff4",0.0259473684210526
"19687","diff4",0.0364736842105263
"19688","diff4",-0.00563157894736836
"19689","diff4",0.0259473684210526
"19690","diff4",0.0522631578947369
"19691","diff4",0.0206842105263157
"19692","diff4",0.047
"19693","diff4",0.0154210526315788
"19694","diff4",0.0259473684210526
"19695","diff4",-0.0266842105263158
"19696","diff4",0.0575263157894737
"19697","diff4",-0.0266842105263158
"19698","diff4",0.0312105263157894
"19699","diff4",0.0522631578947369
"19700","diff4",0.0417368421052631
"19701","diff4",0.0154210526315788
"19702","diff4",0.00489473684210535
"19703","diff4",0.0259473684210526
"19704","diff4",0.0312105263157894
"19705","diff4",0.047
"19706","diff4",0.0522631578947369
"19707","diff4",0.0154210526315788
"19708","diff4",-0.0424736842105264
"19709","diff4",0.0417368421052631
"19710","diff4",0.0627894736842106
"19711","diff4",0.0154210526315788
"19712","diff4",0.00489473684210513
"19713","diff4",0.0575263157894737
"19714","diff4",-0.000368421052631504
"19715","diff4",0.0154210526315788
"19716","diff4",0.0259473684210526
"19717","diff4",0.047
"19718","diff4",0.00489473684210513
"19719","diff4",0.0522631578947369
"19720","diff4",-0.0635263157894738
"19721","diff4",-0.0108947368421052
"19722","diff4",0.0364736842105263
"19723","diff4",-0.0424736842105264
"19724","diff4",-0.0161578947368421
"19725","diff4",-0.000368421052631726
"19726","diff4",0.0522631578947369
"19727","diff4",0.0312105263157894
"19728","diff4",0.0312105263157894
"19729","diff4",0.0417368421052631
"19730","diff4",0.0206842105263157
"19731","diff4",0.0522631578947369
"19732","diff4",0.0259473684210526
"19733","diff4",0.0259473684210526
"19734","diff4",0.0785789473684209
"19735","diff4",0.0891052631578946
"19736","diff4",0.0733157894736841
"19737","diff4",0.0259473684210526
"19738","diff4",-0.0214210526315789
"19739","diff4",0.0154210526315788
"19740","diff4",0.047
"19741","diff4",-0.0266842105263158
"19742","diff4",0.010157894736842
"19743","diff4",-0.0108947368421052
"19744","diff4",0.0785789473684212
"19745","diff4",-0.000368421052631726
"19746","diff4",0.0154210526315788
"19747","diff4",0.0575263157894737
"19748","diff4",0.0891052631578946
"19749","diff4",0.010157894736842
"19750","diff4",0.00489473684210513
"19751","diff4",0.0627894736842106
"19752","diff4",0.0733157894736841
"19753","diff4",0.0364736842105263
"19754","diff4",0.0259473684210526
"19755","diff4",0.0312105263157894
"19756","diff4",-0.0424736842105264
"19757","diff4",-0.0108947368421052
"19758","diff4",0.0364736842105263
"19759","diff4",-0.0266842105263158
"19760","diff4",-0.0214210526315789
"19761","diff4",0.010157894736842
"19762","diff4",-0.0424736842105264
"19763","diff4",0.0417368421052631
"19764","diff4",0.0364736842105263
"19765","diff4",0.0154210526315788
"19766","diff4",-0.0108947368421052
"19767","diff4",0.00489473684210513
"19768","diff4",0.0154210526315788
"19769","diff4",0.0259473684210526
"19770","diff4",0.0733157894736841
"19771","diff4",-0.0214210526315789
"19772","diff4",0.0312105263157894
"19773","diff4",-0.0214210526315789
"19774","diff4",0.010157894736842
"19775","diff4",-0.00563157894736858
"19776","diff4",0.0312105263157894
"19777","diff4",0.00489473684210513
"19778","diff4",-0.000368421052631504
"19779","diff4",-0.0372105263157895
"19780","diff4",0.047
"19781","diff4",0.0154210526315788
"19782","diff4",-0.0108947368421052
"19783","diff4",-0.000368421052631504
"19784","diff4",0.0838421052631578
"19785","diff4",0.0312105263157894
"19786","diff4",-0.00563157894736858
"19787","diff4",0.0312105263157894
"19788","diff4",0.00489473684210513
"19789","diff4",0.125947368421053
"19790","diff4",0.0417368421052631
"19791","diff4",-0.0161578947368421
"19792","diff4",0.047
"19793","diff4",0.010157894736842
"19794","diff4",-0.0319473684210527
"19795","diff4",0.0417368421052631
"19796","diff4",-0.0530000000000001
"19797","diff4",0.0206842105263157
"19798","diff4",0.0522631578947369
"19799","diff4",-0.0214210526315789
"19800","diff4",0.0206842105263157
"19801","diff4",-0.0161578947368421
"19802","diff4",0.0785789473684209
"19803","diff4",0.0206842105263157
"19804","diff4",0.047
"19805","diff4",0.0522631578947369
"19806","diff4",0.0417368421052631
"19807","diff4",-0.0214210526315789
"19808","diff4",0.0312105263157894
"19809","diff4",0.010157894736842
"19810","diff4",0.0364736842105263
"19811","diff4",-0.0214210526315789
"19812","diff4",-0.0582631578947369
"19813","diff4",-0.0161578947368421
"19814","diff4",0.00489473684210513
"19815","diff4",0.0417368421052631
"19816","diff4",0.0417368421052631
"19817","diff4",-0.00563157894736858
"19818","diff4",0.0154210526315788
"19819","diff4",-0.000368421052631726
"19820","diff4",-0.00563157894736836
"19821","diff4",-0.0635263157894738
"19822","diff4",0.00489473684210513
"19823","diff4",0.010157894736842
"19824","diff4",0.0364736842105263
"19825","diff4",0.010157894736842
"19826","diff4",0.0627894736842106
"19827","diff4",0.0364736842105263
"19828","diff4",-0.0161578947368421
"19829","diff4",0.0680526315789474
"19830","diff4",-0.0161578947368421
"19831","diff4",0.047
"19832","diff4",-0.000368421052631504
"19833","diff4",-0.0266842105263158
"19834","diff4",0.0206842105263157
"19835","diff4",0.047
"19836","diff4",-0.0108947368421052
"19837","diff4",0.0680526315789474
"19838","diff4",-0.000368421052631726
"19839","diff4",0.0312105263157894
"19840","diff4",0.0364736842105263
"19841","diff4",0.010157894736842
"19842","diff4",0.0417368421052631
"19843","diff4",0.0522631578947369
"19844","diff4",0.010157894736842
"19845","diff4",0.0312105263157894
"19846","diff4",0.0206842105263157
"19847","diff4",0.0312105263157894
"19848","diff4",0.010157894736842
"19849","diff4",-0.0214210526315789
"19850","diff4",0.0627894736842106
"19851","diff4",0.0259473684210526
"19852","diff4",-0.0214210526315789
"19853","diff4",0.047
"19854","diff4",0.0575263157894737
"19855","diff4",0.0259473684210526
"19856","diff4",-0.0319473684210527
"19857","diff4",-0.0266842105263158
"19858","diff4",0.0312105263157894
"19859","diff4",0.0417368421052631
"19860","diff4",0.0891052631578946
"19861","diff4",0.0154210526315788
"19862","diff4",0.0680526315789474
"19863","diff4",0.0733157894736841
"19864","diff4",0.0575263157894737
"19865","diff4",-0.000368421052631726
"19866","diff4",0.0838421052631578
"19867","diff4",0.010157894736842
"19868","diff4",0.0206842105263157
"19869","diff4",0.0154210526315788
"19870","diff4",0.0364736842105263
"19871","diff4",0.104894736842105
"19872","diff4",0.010157894736842
"19873","diff4",0.0154210526315788
"19874","diff4",0.00489473684210535
"19875","diff4",0.00489473684210513
"19876","diff4",0.047
"19877","diff4",0.047
"19878","diff4",-0.0161578947368421
"19879","diff4",0.0312105263157894
"19880","diff4",-0.0582631578947369
"19881","diff4",0.0838421052631578
"19882","diff4",0.00489473684210513
"19883","diff4",0.0206842105263157
"19884","diff4",0.0312105263157894
"19885","diff4",0.0206842105263157
"19886","diff4",0.0522631578947369
"19887","diff4",0.0206842105263157
"19888","diff4",0.0312105263157894
"19889","diff4",0.0154210526315788
"19890","diff4",0.0206842105263157
"19891","diff4",0.0627894736842106
"19892","diff4",0.0733157894736843
"19893","diff4",0.0627894736842106
"19894","diff4",0.0206842105263157
"19895","diff4",0.010157894736842
"19896","diff4",-0.000368421052631726
"19897","diff4",-0.0319473684210527
"19898","diff4",0.00489473684210513
"19899","diff4",-0.00563157894736858
"19900","diff4",0.0522631578947369
"19901","diff4",-0.000368421052631504
"19902","diff4",0.0417368421052631
"19903","diff4",0.0154210526315788
"19904","diff4",-0.00563157894736836
"19905","diff4",0.0680526315789474
"19906","diff4",0.010157894736842
"19907","diff4",0.0206842105263157
"19908","diff4",0.0364736842105263
"19909","diff4",0.0575263157894737
"19910","diff4",0.0312105263157894
"19911","diff4",0.0522631578947369
"19912","diff4",0.010157894736842
"19913","diff4",0.0259473684210526
"19914","diff4",-0.000368421052631726
"19915","diff4",0.0259473684210526
"19916","diff4",-0.0108947368421054
"19917","diff4",0.0364736842105263
"19918","diff4",0.00489473684210513
"19919","diff4",0.0154210526315788
"19920","diff4",-0.0161578947368421
"19921","diff4",0.0364736842105263
"19922","diff4",0.0259473684210526
"19923","diff4",-0.00563157894736836
"19924","diff4",0.0312105263157894
"19925","diff4",-0.000368421052631726
"19926","diff4",0.010157894736842
"19927","diff4",-0.000368421052631726
"19928","diff4",-0.000368421052631504
"19929","diff4",-0.000368421052631504
"19930","diff4",0.00489473684210513
"19931","diff4",-0.0266842105263158
"19932","diff4",-0.00563157894736836
"19933","diff4",0.0417368421052631
"19934","diff4",0.0522631578947369
"19935","diff4",-0.0477368421052632
"19936","diff4",-0.0266842105263158
"19937","diff4",-0.00563157894736836
"19938","diff4",0.0627894736842106
"19939","diff4",0.0417368421052631
"19940","diff4",-0.0214210526315789
"19941","diff4",0.0259473684210526
"19942","diff4",-0.00563157894736858
"19943","diff4",-0.0108947368421054
"19944","diff4",0.0206842105263157
"19945","diff4",0.0627894736842106
"19946","diff4",0.0575263157894737
"19947","diff4",0.0259473684210526
"19948","diff4",0.010157894736842
"19949","diff4",0.0785789473684212
"19950","diff4",0.0522631578947369
"19951","diff4",0.0259473684210526
"19952","diff4",0.0522631578947369
"19953","diff4",0.00489473684210513
"19954","diff4",0.0575263157894737
"19955","diff4",-0.0108947368421052
"19956","diff4",0.0259473684210526
"19957","diff4",0.0417368421052631
"19958","diff4",0.0312105263157894
"19959","diff4",-0.0108947368421052
"19960","diff4",0.047
"19961","diff4",0.0575263157894737
"19962","diff4",0.0522631578947369
"19963","diff4",-0.0108947368421052
"19964","diff4",0.0206842105263157
"19965","diff4",-0.0266842105263158
"19966","diff4",0.00489473684210513
"19967","diff4",0.0943684210526315
"19968","diff4",-0.0108947368421054
"19969","diff4",0.0364736842105263
"19970","diff4",-0.0108947368421052
"19971","diff4",0.00489473684210513
"19972","diff4",-0.0108947368421052
"19973","diff4",0.0259473684210526
"19974","diff4",-0.0477368421052632
"19975","diff4",0.0417368421052631
"19976","diff4",-0.0108947368421052
"19977","diff4",0.0838421052631578
"19978","diff4",0.0259473684210526
"19979","diff4",0.0680526315789474
"19980","diff4",-0.00563157894736836
"19981","diff4",0.0575263157894737
"19982","diff4",-0.0161578947368421
"19983","diff4",0.0206842105263157
"19984","diff4",0.00489473684210513
"19985","diff4",0.010157894736842
"19986","diff4",0.0417368421052631
"19987","diff4",-0.0266842105263158
"19988","diff4",0.0259473684210526
"19989","diff4",0.0364736842105263
"19990","diff4",-0.00563157894736836
"19991","diff4",0.0522631578947369
"19992","diff4",-0.0214210526315789
"19993","diff4",0.00489473684210513
"19994","diff4",0.0206842105263157
"19995","diff4",0.010157894736842
"19996","diff4",0.104894736842105
"19997","diff4",-0.0161578947368421
"19998","diff4",-0.00563157894736836
"19999","diff4",0.0575263157894737
"20000","diff4",0.0680526315789472
"20001","diff4",-0.000368421052631726
"20002","diff4",0.0312105263157894
"20003","diff4",0.0206842105263157
"20004","diff4",-0.000368421052631726
"20005","diff4",0.047
"20006","diff4",0.010157894736842
"20007","diff4",0.0417368421052631
"20008","diff4",0.0259473684210526
"20009","diff4",0.0206842105263157
"20010","diff4",-0.0214210526315789
"20011","diff4",0.0627894736842106
"20012","diff4",-0.00563157894736836
"20013","diff4",0.0312105263157894
"20014","diff4",0.0259473684210526
"20015","diff4",0.0417368421052631
"20016","diff4",0.0259473684210526
"20017","diff4",0.0417368421052631
"20018","diff4",0.00489473684210513
"20019","diff4",0.0522631578947369
"20020","diff4",0.0838421052631578
"20021","diff4",-0.0161578947368421
"20022","diff4",0.0417368421052631
"20023","diff4",0.0417368421052631
"20024","diff4",-0.000368421052631726
"20025","diff4",0.0206842105263157
"20026","diff4",0.0312105263157894
"20027","diff4",0.0259473684210526
"20028","diff4",0.0364736842105263
"20029","diff4",0.0680526315789472
"20030","diff4",0.0154210526315788
"20031","diff4",-0.000368421052631504
"20032","diff4",0.0259473684210526
"20033","diff4",0.0733157894736843
"20034","diff4",0.0575263157894737
"20035","diff4",0.0154210526315788
"20036","diff4",0.047
"20037","diff4",0.0891052631578946
"20038","diff4",0.010157894736842
"20039","diff4",0.0206842105263157
"20040","diff4",-0.0424736842105264
"20041","diff4",0.0259473684210526
"20042","diff4",0.0154210526315788
"20043","diff4",0.047
"20044","diff4",0.0627894736842106
"20045","diff4",-0.0161578947368421
"20046","diff4",0.0312105263157894
"20047","diff4",0.0259473684210526
"20048","diff4",0.0259473684210526
"20049","diff4",-0.0266842105263158
"20050","diff4",0.0417368421052631
"20051","diff4",0.0312105263157894
"20052","diff4",-0.00563157894736858
"20053","diff4",0.0364736842105263
"20054","diff4",-0.000368421052631726
"20055","diff4",0.0733157894736841
"20056","diff4",0.0417368421052631
"20057","diff4",0.0364736842105263
"20058","diff4",0.0733157894736841
"20059","diff4",0.0154210526315788
"20060","diff4",-0.0266842105263158
"20061","diff4",0.0259473684210526
"20062","diff4",0.00489473684210513
"20063","diff4",-0.00563157894736836
"20064","diff4",0.0364736842105263
"20065","diff4",0.0522631578947369
"20066","diff4",-0.0372105263157895
"20067","diff4",0.0417368421052631
"20068","diff4",0.010157894736842
"20069","diff4",0.0312105263157894
"20070","diff4",0.0522631578947369
"20071","diff4",0.010157894736842
"20072","diff4",0.0417368421052631
"20073","diff4",0.0259473684210526
"20074","diff4",0.0364736842105263
"20075","diff4",0.0364736842105263
"20076","diff4",0.0154210526315788
"20077","diff4",0.0364736842105263
"20078","diff4",0.0522631578947369
"20079","diff4",-0.000368421052631726
"20080","diff4",-0.0108947368421052
"20081","diff4",-0.0214210526315789
"20082","diff4",-0.0161578947368421
"20083","diff4",0.0206842105263157
"20084","diff4",-0.00563157894736836
"20085","diff4",0.0522631578947369
"20086","diff4",0.0206842105263157
"20087","diff4",0.0259473684210526
"20088","diff4",-0.0108947368421052
"20089","diff4",-0.0266842105263158
"20090","diff4",0.0522631578947369
"20091","diff4",0.010157894736842
"20092","diff4",0.0417368421052631
"20093","diff4",0.0312105263157894
"20094","diff4",0.0364736842105263
"20095","diff4",0.0838421052631578
"20096","diff4",0.0312105263157894
"20097","diff4",0.010157894736842
"20098","diff4",0.00489473684210513
"20099","diff4",-0.000368421052631726
"20100","diff4",0.0259473684210526
"20101","diff4",0.0154210526315788
"20102","diff4",0.0259473684210526
"20103","diff4",-0.000368421052631726
"20104","diff4",-0.0108947368421052
"20105","diff4",0.0154210526315788
"20106","diff4",0.00489473684210513
"20107","diff4",0.0417368421052631
"20108","diff4",0.104894736842105
"20109","diff4",0.047
"20110","diff4",0.0522631578947369
"20111","diff4",0.0627894736842106
"20112","diff4",0.0259473684210526
"20113","diff4",0.0680526315789474
"20114","diff4",0.0364736842105263
"20115","diff4",0.0575263157894737
"20116","diff4",-0.0161578947368421
"20117","diff4",0.0206842105263157
"20118","diff4",-0.0319473684210527
"20119","diff4",0.047
"20120","diff4",0.0364736842105263
"20121","diff4",0.0575263157894737
"20122","diff4",0.0154210526315788
"20123","diff4",0.0522631578947369
"20124","diff4",0.0364736842105263
"20125","diff4",0.0154210526315788
"20126","diff4",0.0259473684210526
"20127","diff4",-0.0108947368421052
"20128","diff4",0.0154210526315788
"20129","diff4",0.0627894736842106
"20130","diff4",-0.0161578947368421
"20131","diff4",0.0522631578947369
"20132","diff4",0.0575263157894737
"20133","diff4",0.0154210526315788
"20134","diff4",0.0680526315789472
"20135","diff4",0.0364736842105263
"20136","diff4",0.0259473684210526
"20137","diff4",0.0154210526315788
"20138","diff4",0.0364736842105263
"20139","diff4",-0.000368421052631726
"20140","diff4",0.0259473684210526
"20141","diff4",0.0575263157894737
"20142","diff4",0.0206842105263157
"20143","diff4",0.0417368421052631
"20144","diff4",0.0417368421052631
"20145","diff4",0.0417368421052631
"20146","diff4",0.0364736842105263
"20147","diff4",-0.0214210526315789
"20148","diff4",0.131210526315789
"20149","diff4",0.0259473684210526
"20150","diff4",0.0680526315789472
"20151","diff4",0.0154210526315788
"20152","diff4",0.0312105263157894
"20153","diff4",0.0838421052631578
"20154","diff4",0.047
"20155","diff4",0.0522631578947369
"20156","diff4",0.00489473684210513
"20157","diff4",0.0575263157894737
"20158","diff4",0.010157894736842
"20159","diff4",-0.000368421052631726
"20160","diff4",0.0364736842105263
"20161","diff4",-0.0161578947368421
"20162","diff4",-0.00563157894736836
"20163","diff4",0.0364736842105263
"20164","diff4",-0.00563157894736836
"20165","diff4",0.0891052631578946
"20166","diff4",0.00489473684210513
"20167","diff4",0.0785789473684209
"20168","diff4",0.0680526315789472
"20169","diff4",0.00489473684210513
"20170","diff4",0.0312105263157894
"20171","diff4",0.0680526315789474
"20172","diff4",-0.000368421052631726
"20173","diff4",0.0522631578947369
"20174","diff4",0.0154210526315788
"20175","diff4",0.0627894736842106
"20176","diff4",0.0154210526315788
"20177","diff4",-0.0372105263157895
"20178","diff4",0.00489473684210513
"20179","diff4",0.0364736842105263
"20180","diff4",0.010157894736842
"20181","diff4",0.0312105263157894
"20182","diff4",0.010157894736842
"20183","diff4",0.0627894736842106
"20184","diff4",0.0733157894736841
"20185","diff4",0.0785789473684212
"20186","diff4",0.0154210526315788
"20187","diff4",0.0364736842105263
"20188","diff4",-0.00563157894736836
"20189","diff4",-0.0161578947368421
"20190","diff4",-0.0319473684210527
"20191","diff4",0.0154210526315788
"20192","diff4",0.00489473684210535
"20193","diff4",0.0680526315789472
"20194","diff4",-0.000368421052631726
"20195","diff4",-0.000368421052631726
"20196","diff4",0.0364736842105263
"20197","diff4",0.0312105263157894
"20198","diff4",-0.0108947368421052
"20199","diff4",0.0206842105263157
"20200","diff4",0.0785789473684209
"20201","diff4",0.0627894736842106
"20202","diff4",0.0364736842105263
"20203","diff4",0.0259473684210526
"20204","diff4",0.0312105263157894
"20205","diff4",0.010157894736842
"20206","diff4",0.0259473684210526
"20207","diff4",0.0259473684210526
"20208","diff4",0.0206842105263157
"20209","diff4",-0.00563157894736836
"20210","diff4",0.0364736842105263
"20211","diff4",0.0206842105263157
"20212","diff4",0.0206842105263157
"20213","diff4",0.0522631578947369
"20214","diff4",-0.000368421052631726
"20215","diff4",0.047
"20216","diff4",0.0364736842105263
"20217","diff4",0.047
"20218","diff4",0.0154210526315788
"20219","diff4",0.010157894736842
"20220","diff4",0.0680526315789474
"20221","diff4",0.047
"20222","diff4",0.0785789473684212
"20223","diff4",0.0575263157894737
"20224","diff4",-0.0214210526315789
"20225","diff4",0.0943684210526315
"20226","diff4",0.0785789473684209
"20227","diff4",0.0312105263157894
"20228","diff4",-0.0108947368421054
"20229","diff4",0.0417368421052631
"20230","diff4",0.0312105263157894
"20231","diff4",0.047
"20232","diff4",0.0312105263157894
"20233","diff4",0.0312105263157894
"20234","diff4",-0.0372105263157895
"20235","diff4",-0.0319473684210527
"20236","diff4",0.010157894736842
"20237","diff4",0.0312105263157894
"20238","diff4",0.010157894736842
"20239","diff4",0.00489473684210513
"20240","diff4",0.0154210526315788
"20241","diff4",0.0522631578947369
"20242","diff4",-0.0161578947368421
"20243","diff4",-0.0108947368421052
"20244","diff4",0.0206842105263157
"20245","diff4",0.010157894736842
"20246","diff4",0.0891052631578946
"20247","diff4",0.0259473684210526
"20248","diff4",0.0522631578947369
"20249","diff4",0.0891052631578946
"20250","diff4",-0.000368421052631504
"20251","diff4",0.0838421052631578
"20252","diff4",0.010157894736842
"20253","diff4",0.0206842105263157
"20254","diff4",0.0154210526315788
"20255","diff4",0.0417368421052631
"20256","diff4",-0.0319473684210527
"20257","diff4",-0.0214210526315789
"20258","diff4",0.047
"20259","diff4",0.0206842105263157
"20260","diff4",0.0575263157894737
"20261","diff4",-0.0424736842105264
"20262","diff4",0.0154210526315788
"20263","diff4",-0.0266842105263158
"20264","diff4",0.0259473684210526
"20265","diff4",0.010157894736842
"20266","diff4",0.0575263157894737
"20267","diff4",0.00489473684210535
"20268","diff4",0.047
"20269","diff4",-0.0108947368421052
"20270","diff4",0.0575263157894737
"20271","diff4",0.0575263157894737
"20272","diff4",0.0575263157894737
"20273","diff4",0.00489473684210513
"20274","diff4",0.0575263157894737
"20275","diff4",-0.0161578947368421
"20276","diff4",0.0522631578947369
"20277","diff4",-0.0477368421052632
"20278","diff4",0.0522631578947369
"20279","diff4",0.010157894736842
"20280","diff4",0.010157894736842
"20281","diff4",0.0575263157894737
"20282","diff4",0.0417368421052631
"20283","diff4",0.0312105263157894
"20284","diff4",-0.00563157894736858
"20285","diff4",0.00489473684210513
"20286","diff4",-0.000368421052631726
"20287","diff4",-0.00563157894736858
"20288","diff4",0.0996315789473684
"20289","diff4",-0.0214210526315789
"20290","diff4",0.047
"20291","diff4",-0.0161578947368421
"20292","diff4",0.010157894736842
"20293","diff4",-0.0477368421052632
"20294","diff4",0.0627894736842106
"20295","diff4",-0.000368421052631726
"20296","diff4",0.0312105263157894
"20297","diff4",-0.000368421052631726
"20298","diff4",0.010157894736842
"20299","diff4",0.0154210526315788
"20300","diff4",0.0680526315789474
"20301","diff4",0.0364736842105263
"20302","diff4",-0.000368421052631726
"20303","diff4",-0.0372105263157895
"20304","diff4",0.047
"20305","diff4",0.0206842105263157
"20306","diff4",-0.0372105263157895
"20307","diff4",0.0733157894736841
"20308","diff4",0.0259473684210526
"20309","diff4",-0.0372105263157895
"20310","diff4",0.047
"20311","diff4",0.0259473684210526
"20312","diff4",0.0733157894736841
"20313","diff4",0.0154210526315788
"20314","diff4",0.0575263157894737
"20315","diff4",-0.0108947368421052
"20316","diff4",-0.0161578947368421
"20317","diff4",-0.0266842105263158
"20318","diff4",0.00489473684210513
"20319","diff4",-0.000368421052631726
"20320","diff4",0.0312105263157894
"20321","diff4",-0.0266842105263158
"20322","diff4",-0.0214210526315789
"20323","diff4",0.0785789473684209
"20324","diff4",0.0206842105263157
"20325","diff4",0.0575263157894737
"20326","diff4",0.0364736842105263
"20327","diff4",0.0259473684210526
"20328","diff4",0.0154210526315788
"20329","diff4",0.047
"20330","diff4",0.0259473684210526
"20331","diff4",0.010157894736842
"20332","diff4",-0.0214210526315789
"20333","diff4",-0.0161578947368421
"20334","diff4",0.0312105263157894
"20335","diff4",0.0312105263157894
"20336","diff4",-0.0161578947368421
"20337","diff4",-0.000368421052631504
"20338","diff4",-0.0266842105263158
"20339","diff4",0.0627894736842106
"20340","diff4",0.0364736842105263
"20341","diff4",0.0785789473684209
"20342","diff4",0.00489473684210513
"20343","diff4",0.047
"20344","diff4",0.0733157894736841
"20345","diff4",0.0417368421052631
"20346","diff4",-0.00563157894736858
"20347","diff4",0.047
"20348","diff4",0.010157894736842
"20349","diff4",0.0312105263157894
"20350","diff4",-0.0214210526315789
"20351","diff4",0.0891052631578946
"20352","diff4",0.0259473684210526
"20353","diff4",0.0627894736842106
"20354","diff4",0.0259473684210526
"20355","diff4",0.010157894736842
"20356","diff4",-0.0372105263157895
"20357","diff4",0.0154210526315788
"20358","diff4",0.0259473684210526
"20359","diff4",0.010157894736842
"20360","diff4",-0.00563157894736836
"20361","diff4",0.047
"20362","diff4",0.010157894736842
"20363","diff4",0.010157894736842
"20364","diff4",-0.0372105263157895
"20365","diff4",0.0522631578947369
"20366","diff4",-0.0424736842105264
"20367","diff4",0.0364736842105263
"20368","diff4",0.0364736842105263
"20369","diff4",-0.0319473684210527
"20370","diff4",0.0733157894736841
"20371","diff4",0.00489473684210513
"20372","diff4",0.0312105263157894
"20373","diff4",0.0575263157894737
"20374","diff4",0.0259473684210526
"20375","diff4",-0.0161578947368421
"20376","diff4",0.010157894736842
"20377","diff4",0.010157894736842
"20378","diff4",0.0312105263157894
"20379","diff4",0.0259473684210526
"20380","diff4",0.0627894736842106
"20381","diff4",0.0364736842105263
"20382","diff4",0.0206842105263157
"20383","diff4",-0.0319473684210527
"20384","diff4",0.0154210526315788
"20385","diff4",0.0259473684210526
"20386","diff4",0.00489473684210513
"20387","diff4",0.0627894736842106
"20388","diff4",-0.0266842105263158
"20389","diff4",0.010157894736842
"20390","diff4",-0.00563157894736836
"20391","diff4",0.0206842105263157
"20392","diff4",0.0206842105263157
"20393","diff4",0.010157894736842
"20394","diff4",0.047
"20395","diff4",0.010157894736842
"20396","diff4",0.047
"20397","diff4",0.0154210526315788
"20398","diff4",0.0154210526315788
"20399","diff4",0.0785789473684209
"20400","diff4",-0.0108947368421052
"20401","diff4",0.0154210526315788
"20402","diff4",-0.0108947368421054
"20403","diff4",-0.0214210526315789
"20404","diff4",0.0575263157894737
"20405","diff4",-0.000368421052631726
"20406","diff4",0.0838421052631578
"20407","diff4",0.0522631578947369
"20408","diff4",0.010157894736842
"20409","diff4",-0.000368421052631726
"20410","diff4",-0.0266842105263158
"20411","diff4",0.0364736842105263
"20412","diff4",0.0522631578947369
"20413","diff4",0.0312105263157894
"20414","diff4",0.0575263157894737
"20415","diff4",0.0154210526315788
"20416","diff4",0.0312105263157894
"20417","diff4",0.0417368421052631
"20418","diff4",-0.0582631578947369
"20419","diff4",-0.00563157894736836
"20420","diff4",0.0312105263157894
"20421","diff4",-0.0161578947368421
"20422","diff4",0.0891052631578946
"20423","diff4",-0.00563157894736858
"20424","diff4",0.0575263157894737
"20425","diff4",0.0312105263157894
"20426","diff4",0.0206842105263157
"20427","diff4",0.0154210526315788
"20428","diff4",0.010157894736842
"20429","diff4",0.010157894736842
"20430","diff4",-0.0372105263157895
"20431","diff4",0.0312105263157894
"20432","diff4",0.0259473684210526
"20433","diff4",-0.0266842105263158
"20434","diff4",0.010157894736842
"20435","diff4",0.0259473684210526
"20436","diff4",0.0627894736842106
"20437","diff4",0.0206842105263157
"20438","diff4",0.0206842105263157
"20439","diff4",0.047
"20440","diff4",0.00489473684210513
"20441","diff4",0.0259473684210526
"20442","diff4",-0.000368421052631504
"20443","diff4",0.0206842105263157
"20444","diff4",0.010157894736842
"20445","diff4",0.0364736842105263
"20446","diff4",-0.0108947368421052
"20447","diff4",-0.000368421052631726
"20448","diff4",0.0417368421052631
"20449","diff4",0.0417368421052631
"20450","diff4",0.0522631578947369
"20451","diff4",0.047
"20452","diff4",0.00489473684210513
"20453","diff4",0.0417368421052631
"20454","diff4",0.010157894736842
"20455","diff4",-0.0214210526315789
"20456","diff4",0.010157894736842
"20457","diff4",0.0259473684210526
"20458","diff4",0.0206842105263157
"20459","diff4",0.0627894736842106
"20460","diff4",-0.00563157894736858
"20461","diff4",0.0154210526315788
"20462","diff4",0.0259473684210526
"20463","diff4",0.0627894736842106
"20464","diff4",0.0364736842105263
"20465","diff4",0.0733157894736841
"20466","diff4",-0.0372105263157895
"20467","diff4",0.0312105263157894
"20468","diff4",0.110157894736842
"20469","diff4",-0.0372105263157895
"20470","diff4",0.0206842105263157
"20471","diff4",0.0575263157894737
"20472","diff4",-0.0266842105263158
"20473","diff4",0.0206842105263157
"20474","diff4",0.0522631578947369
"20475","diff4",0.0522631578947369
"20476","diff4",-0.000368421052631726
"20477","diff4",0.0522631578947369
"20478","diff4",-0.0214210526315789
"20479","diff4",0.0522631578947369
"20480","diff4",0.0575263157894737
"20481","diff4",0.00489473684210535
"20482","diff4",-0.000368421052631726
"20483","diff4",0.0891052631578946
"20484","diff4",0.104894736842105
"20485","diff4",-0.0372105263157895
"20486","diff4",0.0154210526315788
"20487","diff4",-0.0108947368421052
"20488","diff4",-0.0214210526315789
"20489","diff4",-0.0108947368421052
"20490","diff4",0.0364736842105263
"20491","diff4",0.0627894736842106
"20492","diff4",-0.0319473684210527
"20493","diff4",0.0206842105263157
"20494","diff4",0.0943684210526315
"20495","diff4",0.0206842105263157
"20496","diff4",0.0522631578947369
"20497","diff4",0.00489473684210513
"20498","diff4",0.0259473684210526
"20499","diff4",-0.000368421052631726
"20500","diff4",0.0522631578947369
"20501","diff4",0.0575263157894737
"20502","diff4",0.0364736842105263
"20503","diff4",-0.0319473684210527
"20504","diff4",0.047
"20505","diff4",0.0364736842105263
"20506","diff4",0.0206842105263157
"20507","diff4",0.0259473684210526
"20508","diff4",-0.0161578947368421
"20509","diff4",0.0575263157894737
"20510","diff4",-0.0161578947368421
"20511","diff4",0.0259473684210526
"20512","diff4",0.0364736842105263
"20513","diff4",-0.000368421052631726
"20514","diff4",0.0680526315789472
"20515","diff4",0.0259473684210526
"20516","diff4",0.0838421052631578
"20517","diff4",-0.000368421052631504
"20518","diff4",-0.0266842105263158
"20519","diff4",0.0154210526315788
"20520","diff4",-0.000368421052631726
"20521","diff4",0.0522631578947369
"20522","diff4",0.120684210526316
"20523","diff4",-0.0372105263157895
"20524","diff4",-0.0424736842105264
"20525","diff4",0.0575263157894737
"20526","diff4",0.047
"20527","diff4",0.0259473684210526
"20528","diff4",0.0259473684210526
"20529","diff4",0.0364736842105263
"20530","diff4",-0.0214210526315789
"20531","diff4",0.0259473684210526
"20532","diff4",0.0364736842105263
"20533","diff4",0.00489473684210513
"20534","diff4",0.0364736842105263
"20535","diff4",0.0364736842105263
"20536","diff4",0.00489473684210513
"20537","diff4",0.0417368421052631
"20538","diff4",0.0522631578947369
"20539","diff4",0.047
"20540","diff4",0.0206842105263157
"20541","diff4",0.0522631578947369
"20542","diff4",0.0522631578947369
"20543","diff4",-0.0214210526315789
"20544","diff4",0.0259473684210526
"20545","diff4",0.0943684210526315
"20546","diff4",0.047
"20547","diff4",0.0575263157894737
"20548","diff4",0.0259473684210526
"20549","diff4",-0.0108947368421052
"20550","diff4",0.0206842105263157
"20551","diff4",0.010157894736842
"20552","diff4",-0.0687894736842107
"20553","diff4",0.0575263157894737
"20554","diff4",-0.000368421052631726
"20555","diff4",0.047
"20556","diff4",0.0312105263157894
"20557","diff4",0.047
"20558","diff4",0.0259473684210526
"20559","diff4",-0.0214210526315789
"20560","diff4",0.0891052631578946
"20561","diff4",0.0838421052631578
"20562","diff4",-0.0372105263157895
"20563","diff4",0.0417368421052631
"20564","diff4",-0.000368421052631726
"20565","diff4",-0.0108947368421054
"20566","diff4",0.0206842105263157
"20567","diff4",-0.0214210526315789
"20568","diff4",0.0206842105263157
"20569","diff4",0.0259473684210526
"20570","diff4",-0.0108947368421052
"20571","diff4",0.0417368421052631
"20572","diff4",0.0417368421052631
"20573","diff4",0.0154210526315788
"20574","diff4",0.047
"20575","diff4",0.0312105263157894
"20576","diff4",0.010157894736842
"20577","diff4",0.0154210526315788
"20578","diff4",0.00489473684210513
"20579","diff4",0.0575263157894737
"20580","diff4",0.00489473684210513
"20581","diff4",0.0154210526315788
"20582","diff4",0.0627894736842106
"20583","diff4",0.0733157894736841
"20584","diff4",0.0154210526315788
"20585","diff4",0.0206842105263157
"20586","diff4",0.0522631578947369
"20587","diff4",0.0206842105263157
"20588","diff4",0.0259473684210526
"20589","diff4",0.0154210526315788
"20590","diff4",0.0785789473684209
"20591","diff4",0.0417368421052631
"20592","diff4",0.0575263157894737
"20593","diff4",0.0206842105263157
"20594","diff4",0.0417368421052631
"20595","diff4",-0.00563157894736836
"20596","diff4",0.0206842105263157
"20597","diff4",0.0364736842105263
"20598","diff4",0.047
"20599","diff4",0.047
"20600","diff4",-0.0266842105263158
"20601","diff4",0.0364736842105263
"20602","diff4",0.0364736842105263
"20603","diff4",0.00489473684210513
"20604","diff4",0.0733157894736841
"20605","diff4",0.0206842105263157
"20606","diff4",0.047
"20607","diff4",-0.0108947368421052
"20608","diff4",0.0943684210526315
"20609","diff4",0.0996315789473684
"20610","diff4",0.0417368421052631
"20611","diff4",0.0312105263157894
"20612","diff4",0.0417368421052631
"20613","diff4",-0.00563157894736836
"20614","diff4",0.010157894736842
"20615","diff4",0.0575263157894737
"20616","diff4",-0.0214210526315789
"20617","diff4",-0.0161578947368421
"20618","diff4",-0.0161578947368421
"20619","diff4",-0.00563157894736836
"20620","diff4",0.0312105263157894
"20621","diff4",0.0680526315789474
"20622","diff4",0.0312105263157894
"20623","diff4",0.0154210526315788
"20624","diff4",0.0680526315789474
"20625","diff4",0.0891052631578946
"20626","diff4",0.0417368421052631
"20627","diff4",0.010157894736842
"20628","diff4",-0.0161578947368421
"20629","diff4",0.0206842105263157
"20630","diff4",0.00489473684210535
"20631","diff4",-0.00563157894736836
"20632","diff4",-0.0372105263157895
"20633","diff4",0.047
"20634","diff4",0.0733157894736841
"20635","diff4",-0.000368421052631726
"20636","diff4",-0.0161578947368421
"20637","diff4",0.0259473684210526
"20638","diff4",-0.00563157894736858
"20639","diff4",0.047
"20640","diff4",0.0312105263157894
"20641","diff4",0.0680526315789474
"20642","diff4",0.0364736842105263
"20643","diff4",0.0364736842105263
"20644","diff4",0.0943684210526315
"20645","diff4",0.0680526315789474
"20646","diff4",0.0522631578947369
"20647","diff4",0.0312105263157894
"20648","diff4",-0.00563157894736836
"20649","diff4",-0.00563157894736836
"20650","diff4",0.0680526315789474
"20651","diff4",-0.00563157894736858
"20652","diff4",-0.000368421052631726
"20653","diff4",0.00489473684210513
"20654","diff4",0.0627894736842106
"20655","diff4",0.010157894736842
"20656","diff4",0.0206842105263157
"20657","diff4",0.0785789473684209
"20658","diff4",0.0364736842105263
"20659","diff4",0.0364736842105263
"20660","diff4",-0.000368421052631726
"20661","diff4",0.0943684210526315
"20662","diff4",0.0417368421052631
"20663","diff4",-0.0266842105263158
"20664","diff4",0.0522631578947369
"20665","diff4",0.0733157894736841
"20666","diff4",-0.0319473684210527
"20667","diff4",-0.00563157894736836
"20668","diff4",0.0312105263157894
"20669","diff4",0.0259473684210526
"20670","diff4",0.0627894736842106
"20671","diff4",0.0206842105263157
"20672","diff4",0.047
"20673","diff4",0.0259473684210526
"20674","diff4",0.010157894736842
"20675","diff4",0.0154210526315788
"20676","diff4",0.010157894736842
"20677","diff4",0.0680526315789472
"20678","diff4",-0.0214210526315789
"20679","diff4",-0.0108947368421052
"20680","diff4",-0.0266842105263158
"20681","diff4",0.0312105263157894
"20682","diff4",0.010157894736842
"20683","diff4",0.0364736842105263
"20684","diff4",0.0312105263157894
"20685","diff4",-0.0108947368421052
"20686","diff4",-0.0214210526315789
"20687","diff4",-0.00563157894736836
"20688","diff4",-0.00563157894736858
"20689","diff4",0.0154210526315788
"20690","diff4",0.0733157894736841
"20691","diff4",0.0154210526315788
"20692","diff4",0.047
"20693","diff4",0.0154210526315788
"20694","diff4",0.010157894736842
"20695","diff4",0.0206842105263157
"20696","diff4",0.0522631578947369
"20697","diff4",0.0364736842105263
"20698","diff4",0.0206842105263157
"20699","diff4",0.0312105263157894
"20700","diff4",0.0364736842105263
"20701","diff4",0.0259473684210526
"20702","diff4",0.0417368421052631
"20703","diff4",-0.0582631578947369
"20704","diff4",0.010157894736842
"20705","diff4",0.0259473684210526
"20706","diff4",0.0259473684210526
"20707","diff4",0.0417368421052631
"20708","diff4",0.0680526315789474
"20709","diff4",0.0522631578947369
"20710","diff4",0.0312105263157894
"20711","diff4",0.0680526315789472
"20712","diff4",0.00489473684210513
"20713","diff4",-0.0214210526315789
"20714","diff4",0.0785789473684209
"20715","diff4",0.0312105263157894
"20716","diff4",-0.000368421052631504
"20717","diff4",-0.000368421052631504
"20718","diff4",0.0154210526315788
"20719","diff4",0.00489473684210513
"20720","diff4",0.00489473684210513
"20721","diff4",0.010157894736842
"20722","diff4",-0.00563157894736858
"20723","diff4",0.00489473684210513
"20724","diff4",0.00489473684210513
"20725","diff4",0.0522631578947369
"20726","diff4",-0.0161578947368421
"20727","diff4",0.131210526315789
"20728","diff4",0.0259473684210526
"20729","diff4",0.0206842105263157
"20730","diff4",-0.0319473684210527
"20731","diff4",0.0575263157894737
"20732","diff4",0.00489473684210513
"20733","diff4",0.0154210526315788
"20734","diff4",0.0154210526315788
"20735","diff4",0.00489473684210513
"20736","diff4",-0.000368421052631726
"20737","diff4",0.0364736842105263
"20738","diff4",-0.0266842105263158
"20739","diff4",0.0259473684210526
"20740","diff4",0.010157894736842
"20741","diff4",0.0838421052631578
"20742","diff4",0.047
"20743","diff4",0.010157894736842
"20744","diff4",0.0259473684210526
"20745","diff4",0.0154210526315788
"20746","diff4",-0.0266842105263158
"20747","diff4",0.0312105263157894
"20748","diff4",0.00489473684210513
"20749","diff4",0.00489473684210513
"20750","diff4",-0.000368421052631726
"20751","diff4",0.010157894736842
"20752","diff4",-0.0372105263157895
"20753","diff4",0.0312105263157894
"20754","diff4",0.00489473684210535
"20755","diff4",-0.0214210526315789
"20756","diff4",0.010157894736842
"20757","diff4",-0.0530000000000001
"20758","diff4",0.0522631578947369
"20759","diff4",-0.0108947368421052
"20760","diff4",0.0312105263157894
"20761","diff4",0.0575263157894737
"20762","diff4",0.0206842105263157
"20763","diff4",0.0312105263157894
"20764","diff4",0.0417368421052631
"20765","diff4",0.0627894736842104
"20766","diff4",0.0259473684210526
"20767","diff4",0.047
"20768","diff4",-0.0266842105263158
"20769","diff4",-0.0319473684210527
"20770","diff4",-0.0214210526315789
"20771","diff4",0.0680526315789474
"20772","diff4",0.047
"20773","diff4",-0.0161578947368421
"20774","diff4",0.0154210526315788
"20775","diff4",0.00489473684210513
"20776","diff4",0.0417368421052631
"20777","diff4",0.0364736842105263
"20778","diff4",0.0680526315789474
"20779","diff4",-0.0161578947368421
"20780","diff4",0.010157894736842
"20781","diff4",-0.0477368421052632
"20782","diff4",0.0206842105263157
"20783","diff4",0.010157894736842
"20784","diff4",0.0943684210526315
"20785","diff4",0.0522631578947369
"20786","diff4",-0.000368421052631504
"20787","diff4",0.047
"20788","diff4",0.0312105263157894
"20789","diff4",0.0417368421052631
"20790","diff4",0.0312105263157894
"20791","diff4",0.0522631578947369
"20792","diff4",0.0206842105263157
"20793","diff4",-0.0108947368421054
"20794","diff4",0.0417368421052631
"20795","diff4",-0.000368421052631504
"20796","diff4",0.0312105263157894
"20797","diff4",-0.0161578947368421
"20798","diff4",0.0785789473684209
"20799","diff4",0.0417368421052631
"20800","diff4",0.0259473684210526
"20801","diff4",-0.0740526315789475
"20802","diff4",0.0575263157894737
"20803","diff4",0.0259473684210526
"20804","diff4",0.0206842105263157
"20805","diff4",-0.0161578947368421
"20806","diff4",0.0575263157894737
"20807","diff4",0.0575263157894737
"20808","diff4",0.0364736842105263
"20809","diff4",0.010157894736842
"20810","diff4",0.0364736842105263
"20811","diff4",0.0522631578947369
"20812","diff4",0.0364736842105263
"20813","diff4",0.0364736842105263
"20814","diff4",0.0785789473684209
"20815","diff4",0.00489473684210513
"20816","diff4",0.0838421052631578
"20817","diff4",0.0417368421052631
"20818","diff4",-0.0161578947368421
"20819","diff4",0.0154210526315788
"20820","diff4",0.0364736842105263
"20821","diff4",0.0206842105263157
"20822","diff4",0.0259473684210526
"20823","diff4",0.0417368421052631
"20824","diff4",0.0364736842105263
"20825","diff4",0.0206842105263157
"20826","diff4",0.0680526315789474
"20827","diff4",0.00489473684210513
"20828","diff4",0.0417368421052631
"20829","diff4",0.00489473684210513
"20830","diff4",0.0154210526315788
"20831","diff4",-0.000368421052631504
"20832","diff4",0.010157894736842
"20833","diff4",-0.0214210526315789
"20834","diff4",0.00489473684210513
"20835","diff4",-0.0108947368421052
"20836","diff4",-0.00563157894736836
"20837","diff4",0.0575263157894737
"20838","diff4",0.0312105263157894
"20839","diff4",0.0680526315789474
"20840","diff4",0.0417368421052631
"20841","diff4",0.0627894736842106
"20842","diff4",-0.000368421052631726
"20843","diff4",-0.00563157894736836
"20844","diff4",-0.0319473684210527
"20845","diff4",0.0417368421052631
"20846","diff4",0.0364736842105263
"20847","diff4",0.0312105263157894
"20848","diff4",-0.000368421052631726
"20849","diff4",-0.0477368421052632
"20850","diff4",0.0312105263157894
"20851","diff4",0.0364736842105263
"20852","diff4",0.00489473684210513
"20853","diff4",0.0680526315789474
"20854","diff4",0.0575263157894737
"20855","diff4",0.0312105263157894
"20856","diff4",-0.000368421052631726
"20857","diff4",0.0206842105263157
"20858","diff4",0.0522631578947369
"20859","diff4",0.0522631578947369
"20860","diff4",0.0522631578947369
"20861","diff4",0.0943684210526315
"20862","diff4",0.00489473684210513
"20863","diff4",-0.0108947368421052
"20864","diff4",0.010157894736842
"20865","diff4",-0.000368421052631726
"20866","diff4",0.0417368421052631
"20867","diff4",0.0680526315789474
"20868","diff4",-0.0108947368421054
"20869","diff4",0.0154210526315788
"20870","diff4",-0.0161578947368421
"20871","diff4",0.0154210526315788
"20872","diff4",0.00489473684210513
"20873","diff4",0.0206842105263157
"20874","diff4",-0.00563157894736858
"20875","diff4",0.0259473684210526
"20876","diff4",0.00489473684210513
"20877","diff4",0.0206842105263157
"20878","diff4",0.0312105263157894
"20879","diff4",0.0259473684210526
"20880","diff4",0.0364736842105263
"20881","diff4",0.00489473684210513
"20882","diff4",0.00489473684210513
"20883","diff4",0.00489473684210513
"20884","diff4",0.0259473684210526
"20885","diff4",-0.0161578947368421
"20886","diff4",0.00489473684210513
"20887","diff4",0.0522631578947369
"20888","diff4",-0.0161578947368421
"20889","diff4",-0.0319473684210527
"20890","diff4",0.0417368421052631
"20891","diff4",-0.0108947368421052
"20892","diff4",0.0364736842105263
"20893","diff4",0.0575263157894737
"20894","diff4",-0.0266842105263158
"20895","diff4",0.0154210526315788
"20896","diff4",0.047
"20897","diff4",-0.0108947368421052
"20898","diff4",0.0417368421052631
"20899","diff4",0.00489473684210513
"20900","diff4",0.0312105263157894
"20901","diff4",0.0522631578947369
"20902","diff4",-0.0214210526315789
"20903","diff4",0.047
"20904","diff4",0.0417368421052631
"20905","diff4",0.0364736842105263
"20906","diff4",0.0627894736842106
"20907","diff4",0.0312105263157894
"20908","diff4",0.0627894736842106
"20909","diff4",0.047
"20910","diff4",-0.0214210526315789
"20911","diff4",-0.0372105263157895
"20912","diff4",0.00489473684210513
"20913","diff4",0.00489473684210513
"20914","diff4",0.0680526315789474
"20915","diff4",0.00489473684210513
"20916","diff4",-0.00563157894736836
"20917","diff4",0.0575263157894737
"20918","diff4",0.0312105263157894
"20919","diff4",0.0312105263157894
"20920","diff4",-0.0108947368421052
"20921","diff4",0.0417368421052631
"20922","diff4",-0.0319473684210527
"20923","diff4",0.0154210526315788
"20924","diff4",0.0312105263157894
"20925","diff4",0.0312105263157894
"20926","diff4",-0.0161578947368421
"20927","diff4",-0.0108947368421052
"20928","diff4",0.104894736842105
"20929","diff4",0.0206842105263157
"20930","diff4",0.0154210526315788
"20931","diff4",0.010157894736842
"20932","diff4",0.010157894736842
"20933","diff4",0.0312105263157894
"20934","diff4",0.0364736842105263
"20935","diff4",0.0206842105263157
"20936","diff4",0.00489473684210513
"20937","diff4",0.0417368421052631
"20938","diff4",0.047
"20939","diff4",0.047
"20940","diff4",0.0154210526315788
"20941","diff4",0.0206842105263157
"20942","diff4",0.0312105263157894
"20943","diff4",-0.0214210526315789
"20944","diff4",0.0364736842105263
"20945","diff4",-0.00563157894736836
"20946","diff4",0.0522631578947369
"20947","diff4",0.00489473684210513
"20948","diff4",0.0206842105263157
"20949","diff4",0.0312105263157894
"20950","diff4",0.0154210526315788
"20951","diff4",-0.000368421052631726
"20952","diff4",0.0417368421052631
"20953","diff4",0.0417368421052631
"20954","diff4",0.0154210526315788
"20955","diff4",0.0838421052631578
"20956","diff4",0.00489473684210513
"20957","diff4",0.010157894736842
"20958","diff4",0.0575263157894737
"20959","diff4",0.0154210526315788
"20960","diff4",0.047
"20961","diff4",0.0312105263157894
"20962","diff4",0.0154210526315788
"20963","diff4",0.0627894736842106
"20964","diff4",0.0312105263157894
"20965","diff4",0.0417368421052631
"20966","diff4",0.0206842105263157
"20967","diff4",0.0943684210526315
"20968","diff4",0.00489473684210513
"20969","diff4",0.0417368421052631
"20970","diff4",0.0206842105263157
"20971","diff4",0.0154210526315788
"20972","diff4",0.0680526315789472
"20973","diff4",0.0575263157894737
"20974","diff4",0.0733157894736841
"20975","diff4",0.0259473684210526
"20976","diff4",-0.0424736842105264
"20977","diff4",0.0364736842105263
"20978","diff4",0.0733157894736843
"20979","diff4",0.0522631578947369
"20980","diff4",-0.0266842105263158
"20981","diff4",0.0364736842105263
"20982","diff4",0.0996315789473684
"20983","diff4",0.0627894736842106
"20984","diff4",0.0312105263157894
"20985","diff4",-0.00563157894736836
"20986","diff4",0.0733157894736841
"20987","diff4",-0.0424736842105264
"20988","diff4",-0.000368421052631726
"20989","diff4",0.0364736842105263
"20990","diff4",0.0943684210526315
"20991","diff4",0.0206842105263157
"20992","diff4",0.0417368421052631
"20993","diff4",-0.0372105263157895
"20994","diff4",0.0417368421052631
"20995","diff4",0.0312105263157894
"20996","diff4",0.0154210526315788
"20997","diff4",0.010157894736842
"20998","diff4",-0.0108947368421052
"20999","diff4",0.0364736842105263
"21000","diff4",0.0522631578947369
"21001","diff4",0.010157894736842
"21002","diff4",-0.0266842105263158
"21003","diff4",0.0312105263157894
"21004","diff4",0.00489473684210513
"21005","diff4",0.0417368421052631
"21006","diff4",-0.000368421052631504
"21007","diff4",-0.000368421052631726
"21008","diff4",0.0259473684210526
"21009","diff4",0.0259473684210526
"21010","diff4",0.0417368421052631
"21011","diff4",0.0154210526315788
"21012","diff4",0.00489473684210513
"21013","diff4",0.0575263157894737
"21014","diff4",-0.0108947368421052
"21015","diff4",0.0364736842105263
"21016","diff4",0.0733157894736843
"21017","diff4",0.0364736842105263
"21018","diff4",0.0259473684210526
"21019","diff4",0.0312105263157894
"21020","diff4",0.0259473684210526
"21021","diff4",0.0838421052631578
"21022","diff4",0.0259473684210526
"21023","diff4",0.010157894736842
"21024","diff4",0.0312105263157894
"21025","diff4",0.00489473684210513
"21026","diff4",0.0312105263157894
"21027","diff4",0.0364736842105263
"21028","diff4",0.00489473684210513
"21029","diff4",0.0891052631578946
"21030","diff4",0.0627894736842106
"21031","diff4",0.00489473684210513
"21032","diff4",0.0733157894736841
"21033","diff4",-0.000368421052631504
"21034","diff4",0.010157894736842
"21035","diff4",0.0575263157894737
"21036","diff4",-0.0214210526315789
"21037","diff4",0.00489473684210513
"21038","diff4",0.010157894736842
"21039","diff4",-0.0477368421052632
"21040","diff4",-0.0214210526315789
"21041","diff4",0.0154210526315788
"21042","diff4",0.010157894736842
"21043","diff4",-0.0424736842105264
"21044","diff4",-0.0108947368421052
"21045","diff4",0.0575263157894737
"21046","diff4",0.0417368421052631
"21047","diff4",0.0417368421052631
"21048","diff4",0.0154210526315788
"21049","diff4",-0.00563157894736836
"21050","diff4",0.0522631578947369
"21051","diff4",-0.0108947368421052
"21052","diff4",0.0206842105263157
"21053","diff4",0.0259473684210526
"21054","diff4",0.047
"21055","diff4",0.0838421052631578
"21056","diff4",0.0154210526315788
"21057","diff4",0.0259473684210526
"21058","diff4",-0.000368421052631726
"21059","diff4",0.00489473684210513
"21060","diff4",-0.0108947368421052
"21061","diff4",0.0259473684210526
"21062","diff4",0.00489473684210513
"21063","diff4",0.0364736842105263
"21064","diff4",0.0259473684210526
"21065","diff4",0.0259473684210526
"21066","diff4",0.0364736842105263
"21067","diff4",0.0259473684210526
"21068","diff4",0.0417368421052631
"21069","diff4",0.0312105263157894
"21070","diff4",0.0259473684210526
"21071","diff4",0.0680526315789474
"21072","diff4",-0.000368421052631726
"21073","diff4",0.0206842105263157
"21074","diff4",0.010157894736842
"21075","diff4",0.047
"21076","diff4",0.0627894736842106
"21077","diff4",0.0259473684210526
"21078","diff4",0.0312105263157894
"21079","diff4",-0.000368421052631504
"21080","diff4",-0.000368421052631726
"21081","diff4",0.0259473684210526
"21082","diff4",-0.0108947368421052
"21083","diff4",0.0154210526315788
"21084","diff4",0.047
"21085","diff4",-0.0477368421052632
"21086","diff4",0.0680526315789474
"21087","diff4",0.047
"21088","diff4",0.0259473684210526
"21089","diff4",-0.00563157894736858
"21090","diff4",0.0733157894736841
"21091","diff4",0.0417368421052631
"21092","diff4",0.010157894736842
"21093","diff4",0.0417368421052631
"21094","diff4",0.0996315789473684
"21095","diff4",-0.000368421052631726
"21096","diff4",-0.000368421052631726
"21097","diff4",0.0733157894736843
"21098","diff4",-0.0161578947368421
"21099","diff4",0.010157894736842
"21100","diff4",0.010157894736842
"21101","diff4",-0.0214210526315789
"21102","diff4",-0.0214210526315789
"21103","diff4",0.0785789473684209
"21104","diff4",0.0312105263157894
"21105","diff4",0.0364736842105263
"21106","diff4",-0.0108947368421054
"21107","diff4",0.0312105263157894
"21108","diff4",0.0154210526315788
"21109","diff4",0.00489473684210513
"21110","diff4",0.0522631578947369
"21111","diff4",0.00489473684210513
"21112","diff4",0.010157894736842
"21113","diff4",0.0627894736842106
"21114","diff4",0.0838421052631578
"21115","diff4",0.0259473684210526
"21116","diff4",0.0627894736842104
"21117","diff4",0.0522631578947369
"21118","diff4",0.0575263157894737
"21119","diff4",0.0680526315789474
"21120","diff4",0.0312105263157894
"21121","diff4",0.0417368421052631
"21122","diff4",0.0785789473684209
"21123","diff4",0.0680526315789474
"21124","diff4",0.0206842105263157
"21125","diff4",0.0312105263157894
"21126","diff4",0.0680526315789474
"21127","diff4",0.0312105263157894
"21128","diff4",0.0206842105263157
"21129","diff4",0.0364736842105263
"21130","diff4",-0.0372105263157895
"21131","diff4",0.0259473684210526
"21132","diff4",-0.000368421052631504
"21133","diff4",0.0627894736842106
"21134","diff4",0.010157894736842
"21135","diff4",-0.0424736842105264
"21136","diff4",0.0364736842105263
"21137","diff4",0.047
"21138","diff4",0.0206842105263157
"21139","diff4",-0.0161578947368421
"21140","diff4",0.0627894736842106
"21141","diff4",-0.00563157894736836
"21142","diff4",0.0312105263157894
"21143","diff4",0.010157894736842
"21144","diff4",-0.0108947368421052
"21145","diff4",0.0259473684210526
"21146","diff4",-0.000368421052631726
"21147","diff4",0.0259473684210526
"21148","diff4",0.00489473684210513
"21149","diff4",0.0364736842105263
"21150","diff4",0.0417368421052631
"21151","diff4",0.0417368421052631
"21152","diff4",-0.0108947368421052
"21153","diff4",0.047
"21154","diff4",0.047
"21155","diff4",-0.0108947368421052
"21156","diff4",0.0154210526315788
"21157","diff4",0.0364736842105263
"21158","diff4",0.104894736842105
"21159","diff4",-0.00563157894736836
"21160","diff4",0.0417368421052631
"21161","diff4",0.0417368421052631
"21162","diff4",0.0522631578947369
"21163","diff4",-0.0161578947368421
"21164","diff4",-0.0108947368421052
"21165","diff4",0.0364736842105263
"21166","diff4",0.0364736842105263
"21167","diff4",0.0417368421052631
"21168","diff4",0.0417368421052631
"21169","diff4",-0.000368421052631726
"21170","diff4",0.00489473684210513
"21171","diff4",0.0259473684210526
"21172","diff4",0.0627894736842106
"21173","diff4",0.010157894736842
"21174","diff4",0.010157894736842
"21175","diff4",0.0680526315789474
"21176","diff4",-0.0266842105263158
"21177","diff4",0.0627894736842106
"21178","diff4",-0.0266842105263158
"21179","diff4",0.0312105263157894
"21180","diff4",0.0627894736842106
"21181","diff4",-0.00563157894736858
"21182","diff4",0.0154210526315788
"21183","diff4",0.0417368421052631
"21184","diff4",0.010157894736842
"21185","diff4",0.0627894736842106
"21186","diff4",-0.0161578947368421
"21187","diff4",0.0522631578947369
"21188","diff4",0.0259473684210526
"21189","diff4",0.0206842105263157
"21190","diff4",-0.0530000000000001
"21191","diff4",0.0522631578947369
"21192","diff4",0.047
"21193","diff4",-0.0108947368421052
"21194","diff4",0.0364736842105263
"21195","diff4",-0.00563157894736858
"21196","diff4",0.0733157894736841
"21197","diff4",-0.0108947368421052
"21198","diff4",0.0891052631578946
"21199","diff4",-0.0266842105263158
"21200","diff4",0.0364736842105263
"21201","diff4",-0.00563157894736836
"21202","diff4",0.0364736842105263
"21203","diff4",0.010157894736842
"21204","diff4",0.0417368421052631
"21205","diff4",0.010157894736842
"21206","diff4",0.010157894736842
"21207","diff4",0.010157894736842
"21208","diff4",0.0154210526315788
"21209","diff4",0.0733157894736841
"21210","diff4",-0.0161578947368421
"21211","diff4",-0.00563157894736858
"21212","diff4",0.0154210526315788
"21213","diff4",0.0680526315789472
"21214","diff4",0.0312105263157894
"21215","diff4",-0.0266842105263158
"21216","diff4",-0.0161578947368421
"21217","diff4",0.00489473684210513
"21218","diff4",-0.00563157894736836
"21219","diff4",0.0522631578947369
"21220","diff4",0.0206842105263157
"21221","diff4",0.0417368421052631
"21222","diff4",0.0733157894736843
"21223","diff4",0.0417368421052631
"21224","diff4",-0.000368421052631726
"21225","diff4",-0.0424736842105264
"21226","diff4",0.010157894736842
"21227","diff4",0.0627894736842106
"21228","diff4",0.0206842105263157
"21229","diff4",0.0785789473684209
"21230","diff4",0.0575263157894737
"21231","diff4",-0.000368421052631504
"21232","diff4",0.0259473684210526
"21233","diff4",0.0575263157894737
"21234","diff4",0.047
"21235","diff4",0.0417368421052631
"21236","diff4",-0.0161578947368421
"21237","diff4",-0.000368421052631726
"21238","diff4",0.00489473684210535
"21239","diff4",0.0206842105263157
"21240","diff4",0.0417368421052631
"21241","diff4",-0.0477368421052632
"21242","diff4",-0.0319473684210527
"21243","diff4",-0.0477368421052632
"21244","diff4",0.0206842105263157
"21245","diff4",0.125947368421053
"21246","diff4",0.00489473684210513
"21247","diff4",-0.00563157894736858
"21248","diff4",0.0522631578947369
"21249","diff4",0.0996315789473684
"21250","diff4",-0.00563157894736858
"21251","diff4",-0.0108947368421052
"21252","diff4",0.0312105263157894
"21253","diff4",0.0680526315789474
"21254","diff4",0.0364736842105263
"21255","diff4",0.0575263157894737
"21256","diff4",-0.0108947368421052
"21257","diff4",0.010157894736842
"21258","diff4",0.0417368421052631
"21259","diff4",0.047
"21260","diff4",-0.0266842105263158
"21261","diff4",-0.00563157894736836
"21262","diff4",0.0259473684210526
"21263","diff4",0.0733157894736843
"21264","diff4",0.0522631578947369
"21265","diff4",0.0522631578947369
"21266","diff4",0.0154210526315788
"21267","diff4",-0.000368421052631504
"21268","diff4",0.0312105263157894
"21269","diff4",0.0364736842105263
"21270","diff4",0.0575263157894737
"21271","diff4",-0.0108947368421052
"21272","diff4",0.0259473684210526
"21273","diff4",0.0522631578947369
"21274","diff4",-0.0214210526315789
"21275","diff4",-0.0161578947368421
"21276","diff4",0.0154210526315788
"21277","diff4",-0.0424736842105264
"21278","diff4",-0.0108947368421052
"21279","diff4",0.0259473684210526
"21280","diff4",0.0259473684210526
"21281","diff4",0.0680526315789474
"21282","diff4",-0.0319473684210527
"21283","diff4",0.0838421052631578
"21284","diff4",0.010157894736842
"21285","diff4",-0.0740526315789475
"21286","diff4",0.010157894736842
"21287","diff4",0.0522631578947369
"21288","diff4",0.047
"21289","diff4",0.0838421052631578
"21290","diff4",0.0364736842105263
"21291","diff4",-0.0214210526315789
"21292","diff4",0.0575263157894737
"21293","diff4",0.00489473684210513
"21294","diff4",0.0154210526315788
"21295","diff4",0.0154210526315788
"21296","diff4",0.0417368421052631
"21297","diff4",-0.00563157894736836
"21298","diff4",0.0364736842105263
"21299","diff4",0.0312105263157894
"21300","diff4",0.0154210526315788
"21301","diff4",0.0733157894736841
"21302","diff4",-0.0108947368421052
"21303","diff4",0.0206842105263157
"21304","diff4",0.0259473684210526
"21305","diff4",0.0891052631578946
"21306","diff4",0.0206842105263157
"21307","diff4",0.0206842105263157
"21308","diff4",-0.00563157894736836
"21309","diff4",-0.0424736842105264
"21310","diff4",0.0891052631578946
"21311","diff4",0.0522631578947369
"21312","diff4",0.0627894736842106
"21313","diff4",0.0259473684210526
"21314","diff4",0.0312105263157894
"21315","diff4",0.0417368421052631
"21316","diff4",0.0206842105263157
"21317","diff4",-0.0108947368421052
"21318","diff4",0.0785789473684209
"21319","diff4",0.0206842105263157
"21320","diff4",-0.000368421052631726
"21321","diff4",0.0417368421052631
"21322","diff4",0.0312105263157894
"21323","diff4",0.0259473684210526
"21324","diff4",-0.000368421052631726
"21325","diff4",0.0522631578947369
"21326","diff4",0.0575263157894737
"21327","diff4",0.0575263157894737
"21328","diff4",0.0364736842105263
"21329","diff4",0.0575263157894737
"21330","diff4",0.00489473684210513
"21331","diff4",0.0575263157894737
"21332","diff4",0.0312105263157894
"21333","diff4",-0.000368421052631726
"21334","diff4",0.0627894736842106
"21335","diff4",-0.0266842105263158
"21336","diff4",-0.0108947368421054
"21337","diff4",0.00489473684210513
"21338","diff4",0.0522631578947369
"21339","diff4",0.00489473684210513
"21340","diff4",0.0996315789473684
"21341","diff4",0.0575263157894737
"21342","diff4",-0.0214210526315789
"21343","diff4",0.0627894736842106
"21344","diff4",0.0364736842105263
"21345","diff4",-0.0266842105263158
"21346","diff4",-0.0372105263157895
"21347","diff4",0.0259473684210526
"21348","diff4",0.0680526315789474
"21349","diff4",0.0154210526315788
"21350","diff4",0.0522631578947369
"21351","diff4",-0.0108947368421052
"21352","diff4",0.0364736842105263
"21353","diff4",-0.0319473684210527
"21354","diff4",-0.000368421052631504
"21355","diff4",-0.0214210526315789
"21356","diff4",0.0364736842105263
"21357","diff4",0.0364736842105263
"21358","diff4",0.0417368421052631
"21359","diff4",-0.000368421052631726
"21360","diff4",0.010157894736842
"21361","diff4",0.010157894736842
"21362","diff4",0.0312105263157894
"21363","diff4",0.0206842105263157
"21364","diff4",-0.00563157894736858
"21365","diff4",-0.0582631578947369
"21366","diff4",-0.0372105263157895
"21367","diff4",0.0364736842105263
"21368","diff4",-0.000368421052631726
"21369","diff4",0.0259473684210526
"21370","diff4",0.0627894736842106
"21371","diff4",0.00489473684210513
"21372","diff4",0.0259473684210526
"21373","diff4",-0.000368421052631726
"21374","diff4",0.0206842105263157
"21375","diff4",0.0154210526315788
"21376","diff4",0.0206842105263157
"21377","diff4",0.0259473684210526
"21378","diff4",0.0364736842105263
"21379","diff4",0.00489473684210535
"21380","diff4",0.047
"21381","diff4",-0.0214210526315789
"21382","diff4",-0.0319473684210527
"21383","diff4",-0.000368421052631726
"21384","diff4",0.0206842105263157
"21385","diff4",-0.00563157894736836
"21386","diff4",-0.0214210526315789
"21387","diff4",0.0838421052631578
"21388","diff4",0.010157894736842
"21389","diff4",0.0312105263157894
"21390","diff4",-0.000368421052631504
"21391","diff4",0.0206842105263157
"21392","diff4",0.0259473684210526
"21393","diff4",0.0364736842105263
"21394","diff4",0.010157894736842
"21395","diff4",0.0259473684210526
"21396","diff4",0.00489473684210513
"21397","diff4",0.0364736842105263
"21398","diff4",0.0417368421052631
"21399","diff4",-0.0266842105263158
"21400","diff4",0.0206842105263157
"21401","diff4",0.0575263157894737
"21402","diff4",0.0417368421052631
"21403","diff4",0.047
"21404","diff4",-0.00563157894736836
"21405","diff4",-0.00563157894736858
"21406","diff4",0.0312105263157894
"21407","diff4",0.0364736842105263
"21408","diff4",0.0575263157894737
"21409","diff4",-0.00563157894736836
"21410","diff4",0.0417368421052631
"21411","diff4",0.0417368421052631
"21412","diff4",0.010157894736842
"21413","diff4",0.010157894736842
"21414","diff4",-0.0424736842105264
"21415","diff4",-0.00563157894736836
"21416","diff4",0.0259473684210526
"21417","diff4",0.0785789473684209
"21418","diff4",-0.0161578947368421
"21419","diff4",-0.00563157894736858
"21420","diff4",0.0733157894736841
"21421","diff4",0.0154210526315788
"21422","diff4",0.00489473684210513
"21423","diff4",0.0312105263157894
"21424","diff4",0.0891052631578946
"21425","diff4",0.00489473684210513
"21426","diff4",0.0312105263157894
"21427","diff4",-0.0214210526315789
"21428","diff4",-0.0372105263157895
"21429","diff4",0.0312105263157894
"21430","diff4",0.0206842105263157
"21431","diff4",0.0417368421052631
"21432","diff4",0.0838421052631578
"21433","diff4",0.104894736842105
"21434","diff4",0.0627894736842106
"21435","diff4",-0.0372105263157895
"21436","diff4",0.00489473684210513
"21437","diff4",0.0312105263157894
"21438","diff4",0.0206842105263157
"21439","diff4",0.0259473684210526
"21440","diff4",0.047
"21441","diff4",0.0259473684210526
"21442","diff4",0.0259473684210526
"21443","diff4",0.0627894736842106
"21444","diff4",0.0259473684210526
"21445","diff4",0.0364736842105263
"21446","diff4",0.0312105263157894
"21447","diff4",0.00489473684210513
"21448","diff4",0.010157894736842
"21449","diff4",-0.000368421052631504
"21450","diff4",0.0575263157894737
"21451","diff4",0.010157894736842
"21452","diff4",-0.00563157894736858
"21453","diff4",0.0943684210526315
"21454","diff4",0.0838421052631578
"21455","diff4",-0.000368421052631726
"21456","diff4",0.047
"21457","diff4",0.0154210526315788
"21458","diff4",0.0206842105263157
"21459","diff4",0.0206842105263157
"21460","diff4",-0.00563157894736836
"21461","diff4",0.0627894736842106
"21462","diff4",0.0259473684210526
"21463","diff4",0.0312105263157894
"21464","diff4",0.0680526315789474
"21465","diff4",0.00489473684210513
"21466","diff4",-0.000368421052631726
"21467","diff4",-0.00563157894736858
"21468","diff4",0.00489473684210513
"21469","diff4",0.0417368421052631
"21470","diff4",0.0259473684210526
"21471","diff4",0.0522631578947369
"21472","diff4",0.00489473684210513
"21473","diff4",0.047
"21474","diff4",0.0206842105263157
"21475","diff4",0.0575263157894737
"21476","diff4",0.047
"21477","diff4",-0.0266842105263158
"21478","diff4",0.0206842105263157
"21479","diff4",-0.0372105263157895
"21480","diff4",-0.0161578947368421
"21481","diff4",0.0733157894736841
"21482","diff4",0.0680526315789474
"21483","diff4",0.010157894736842
"21484","diff4",0.0522631578947369
"21485","diff4",0.0312105263157894
"21486","diff4",0.00489473684210513
"21487","diff4",0.0312105263157894
"21488","diff4",-0.00563157894736836
"21489","diff4",0.0680526315789474
"21490","diff4",0.0312105263157894
"21491","diff4",-0.000368421052631504
"21492","diff4",0.0259473684210526
"21493","diff4",0.0522631578947369
"21494","diff4",0.0575263157894737
"21495","diff4",0.0575263157894737
"21496","diff4",0.010157894736842
"21497","diff4",0.0627894736842106
"21498","diff4",0.010157894736842
"21499","diff4",0.0417368421052631
"21500","diff4",0.0575263157894737
"21501","diff4",0.0364736842105263
"21502","diff4",-0.00563157894736858
"21503","diff4",0.00489473684210513
"21504","diff4",0.0943684210526315
"21505","diff4",-0.0266842105263158
"21506","diff4",0.0154210526315788
"21507","diff4",0.010157894736842
"21508","diff4",0.010157894736842
"21509","diff4",-0.0108947368421052
"21510","diff4",-0.0372105263157895
"21511","diff4",-0.000368421052631726
"21512","diff4",0.047
"21513","diff4",0.0206842105263157
"21514","diff4",0.0522631578947369
"21515","diff4",0.131210526315789
"21516","diff4",0.0417368421052631
"21517","diff4",0.0206842105263157
"21518","diff4",0.0733157894736841
"21519","diff4",0.0312105263157894
"21520","diff4",0.0364736842105263
"21521","diff4",0.0417368421052631
"21522","diff4",0.047
"21523","diff4",0.0627894736842104
"21524","diff4",0.0259473684210526
"21525","diff4",0.0206842105263157
"21526","diff4",-0.0108947368421052
"21527","diff4",-0.00563157894736836
"21528","diff4",0.047
"21529","diff4",0.0838421052631578
"21530","diff4",0.0627894736842106
"21531","diff4",0.0206842105263157
"21532","diff4",0.0838421052631578
"21533","diff4",0.010157894736842
"21534","diff4",0.010157894736842
"21535","diff4",0.0680526315789474
"21536","diff4",0.0996315789473684
"21537","diff4",0.0627894736842106
"21538","diff4",0.0733157894736841
"21539","diff4",-0.0424736842105264
"21540","diff4",0.0259473684210526
"21541","diff4",0.0364736842105263
"21542","diff4",0.0627894736842106
"21543","diff4",-0.0161578947368421
"21544","diff4",0.0154210526315788
"21545","diff4",0.120684210526316
"21546","diff4",-0.000368421052631726
"21547","diff4",-0.0108947368421052
"21548","diff4",-0.0161578947368421
"21549","diff4",0.0364736842105263
"21550","diff4",0.0312105263157894
"21551","diff4",0.0154210526315788
"21552","diff4",-0.00563157894736858
"21553","diff4",0.110157894736842
"21554","diff4",-0.000368421052631726
"21555","diff4",0.047
"21556","diff4",0.0680526315789474
"21557","diff4",-0.0319473684210527
"21558","diff4",0.010157894736842
"21559","diff4",0.00489473684210513
"21560","diff4",-0.0214210526315789
"21561","diff4",0.00489473684210513
"21562","diff4",0.0733157894736841
"21563","diff4",0.00489473684210513
"21564","diff4",0.0259473684210526
"21565","diff4",0.0680526315789474
"21566","diff4",-0.0372105263157895
"21567","diff4",-0.0319473684210527
"21568","diff4",0.0417368421052631
"21569","diff4",0.0575263157894737
"21570","diff4",-0.0266842105263158
"21571","diff4",0.010157894736842
"21572","diff4",0.0364736842105263
"21573","diff4",0.0733157894736843
"21574","diff4",0.0575263157894737
"21575","diff4",0.0575263157894737
"21576","diff4",0.0206842105263157
"21577","diff4",0.0417368421052631
"21578","diff4",0.0259473684210526
"21579","diff4",0.0627894736842106
"21580","diff4",0.010157894736842
"21581","diff4",0.00489473684210513
"21582","diff4",0.0417368421052631
"21583","diff4",0.047
"21584","diff4",0.0312105263157894
"21585","diff4",0.0206842105263157
"21586","diff4",0.0575263157894737
"21587","diff4",-0.0161578947368421
"21588","diff4",-0.0372105263157895
"21589","diff4",0.0364736842105263
"21590","diff4",-0.0161578947368421
"21591","diff4",0.0206842105263157
"21592","diff4",0.00489473684210513
"21593","diff4",0.0680526315789472
"21594","diff4",-0.00563157894736858
"21595","diff4",0.0259473684210526
"21596","diff4",0.0733157894736841
"21597","diff4",0.0312105263157894
"21598","diff4",0.0259473684210526
"21599","diff4",0.0627894736842106
"21600","diff4",-0.00563157894736858
"21601","diff4",0.0154210526315788
"21602","diff4",-0.000368421052631504
"21603","diff4",-0.00563157894736836
"21604","diff4",0.0364736842105263
"21605","diff4",0.0154210526315788
"21606","diff4",-0.0477368421052632
"21607","diff4",0.104894736842105
"21608","diff4",-0.0372105263157895
"21609","diff4",0.0838421052631578
"21610","diff4",0.047
"21611","diff4",0.0838421052631578
"21612","diff4",0.0206842105263157
"21613","diff4",0.0312105263157894
"21614","diff4",0.0417368421052631
"21615","diff4",0.0312105263157894
"21616","diff4",0.010157894736842
"21617","diff4",0.0259473684210526
"21618","diff4",0.0154210526315788
"21619","diff4",0.0417368421052631
"21620","diff4",0.0312105263157894
"21621","diff4",-0.0161578947368421
"21622","diff4",0.0680526315789474
"21623","diff4",-0.0319473684210527
"21624","diff4",0.010157894736842
"21625","diff4",0.010157894736842
"21626","diff4",-0.000368421052631504
"21627","diff4",0.0522631578947369
"21628","diff4",0.047
"21629","diff4",-0.0266842105263158
"21630","diff4",0.047
"21631","diff4",-0.0214210526315789
"21632","diff4",0.047
"21633","diff4",0.00489473684210513
"21634","diff4",0.0154210526315788
"21635","diff4",-0.0161578947368421
"21636","diff4",0.0154210526315788
"21637","diff4",-0.0477368421052632
"21638","diff4",0.010157894736842
"21639","diff4",0.0259473684210526
"21640","diff4",0.0364736842105263
"21641","diff4",0.00489473684210513
"21642","diff4",0.0522631578947369
"21643","diff4",0.0154210526315788
"21644","diff4",0.010157894736842
"21645","diff4",0.0627894736842106
"21646","diff4",0.0312105263157894
"21647","diff4",0.0364736842105263
"21648","diff4",0.0259473684210526
"21649","diff4",0.0154210526315788
"21650","diff4",-0.000368421052631726
"21651","diff4",0.0733157894736841
"21652","diff4",-0.0108947368421052
"21653","diff4",-0.0108947368421052
"21654","diff4",0.0259473684210526
"21655","diff4",0.00489473684210513
"21656","diff4",0.0154210526315788
"21657","diff4",0.0312105263157894
"21658","diff4",0.0206842105263157
"21659","diff4",0.0206842105263157
"21660","diff4",-0.0266842105263158
"21661","diff4",0.0364736842105263
"21662","diff4",0.010157894736842
"21663","diff4",0.010157894736842
"21664","diff4",0.047
"21665","diff4",0.0364736842105263
"21666","diff4",0.010157894736842
"21667","diff4",0.0206842105263157
"21668","diff4",0.047
"21669","diff4",0.00489473684210513
"21670","diff4",0.0206842105263157
"21671","diff4",0.00489473684210513
"21672","diff4",0.0417368421052631
"21673","diff4",0.0312105263157894
"21674","diff4",0.0259473684210526
"21675","diff4",0.047
"21676","diff4",0.00489473684210513
"21677","diff4",0.0522631578947369
"21678","diff4",0.0417368421052631
"21679","diff4",0.0312105263157894
"21680","diff4",0.0417368421052631
"21681","diff4",0.0522631578947369
"21682","diff4",0.0575263157894737
"21683","diff4",0.010157894736842
"21684","diff4",0.0417368421052631
"21685","diff4",0.0312105263157894
"21686","diff4",0.0364736842105263
"21687","diff4",0.0733157894736841
"21688","diff4",0.0522631578947369
"21689","diff4",0.00489473684210513
"21690","diff4",0.0206842105263157
"21691","diff4",-0.0214210526315789
"21692","diff4",-0.00563157894736858
"21693","diff4",-0.00563157894736836
"21694","diff4",-0.000368421052631726
"21695","diff4",0.010157894736842
"21696","diff4",-0.0266842105263158
"21697","diff4",0.0312105263157894
"21698","diff4",0.0206842105263157
"21699","diff4",0.0312105263157894
"21700","diff4",0.0522631578947369
"21701","diff4",0.047
"21702","diff4",0.0364736842105263
"21703","diff4",0.0522631578947369
"21704","diff4",0.110157894736842
"21705","diff4",0.0312105263157894
"21706","diff4",-0.000368421052631504
"21707","diff4",0.0733157894736843
"21708","diff4",0.0627894736842106
"21709","diff4",-0.00563157894736858
"21710","diff4",0.0522631578947369
"21711","diff4",0.0575263157894737
"21712","diff4",0.0154210526315788
"21713","diff4",0.0627894736842106
"21714","diff4",0.0575263157894737
"21715","diff4",0.0259473684210526
"21716","diff4",-0.00563157894736836
"21717","diff4",-0.0161578947368421
"21718","diff4",0.00489473684210535
"21719","diff4",-0.00563157894736836
"21720","diff4",-0.0161578947368421
"21721","diff4",0.047
"21722","diff4",0.0417368421052631
"21723","diff4",0.0259473684210526
"21724","diff4",0.0522631578947369
"21725","diff4",0.0680526315789474
"21726","diff4",0.0575263157894737
"21727","diff4",0.0364736842105263
"21728","diff4",-0.0266842105263158
"21729","diff4",0.0417368421052631
"21730","diff4",-0.000368421052631726
"21731","diff4",0.047
"21732","diff4",-0.000368421052631504
"21733","diff4",0.0943684210526315
"21734","diff4",-0.000368421052631726
"21735","diff4",0.010157894736842
"21736","diff4",0.0364736842105263
"21737","diff4",0.0259473684210526
"21738","diff4",0.010157894736842
"21739","diff4",0.0364736842105263
"21740","diff4",0.0364736842105263
"21741","diff4",0.0364736842105263
"21742","diff4",0.0206842105263157
"21743","diff4",-0.0424736842105264
"21744","diff4",-0.0372105263157895
"21745","diff4",0.0417368421052631
"21746","diff4",0.00489473684210513
"21747","diff4",0.0627894736842106
"21748","diff4",0.0206842105263157
"21749","diff4",0.0785789473684209
"21750","diff4",-0.00563157894736836
"21751","diff4",0.0206842105263157
"21752","diff4",0.047
"21753","diff4",0.0838421052631578
"21754","diff4",0.0522631578947369
"21755","diff4",-0.000368421052631726
"21756","diff4",0.0364736842105263
"21757","diff4",0.047
"21758","diff4",0.047
"21759","diff4",0.010157894736842
"21760","diff4",-0.00563157894736836
"21761","diff4",0.0417368421052631
"21762","diff4",0.0206842105263157
"21763","diff4",0.0522631578947369
"21764","diff4",-0.00563157894736836
"21765","diff4",-0.0372105263157895
"21766","diff4",-0.0108947368421052
"21767","diff4",0.00489473684210513
"21768","diff4",-0.000368421052631726
"21769","diff4",0.0417368421052631
"21770","diff4",0.0364736842105263
"21771","diff4",-0.00563157894736858
"21772","diff4",0.047
"21773","diff4",0.0364736842105263
"21774","diff4",-0.0108947368421052
"21775","diff4",0.104894736842105
"21776","diff4",0.0522631578947369
"21777","diff4",0.0154210526315788
"21778","diff4",0.0680526315789472
"21779","diff4",-0.000368421052631504
"21780","diff4",0.0680526315789472
"21781","diff4",-0.0635263157894738
"21782","diff4",0.0312105263157894
"21783","diff4",0.0785789473684209
"21784","diff4",0.00489473684210513
"21785","diff4",0.0259473684210526
"21786","diff4",0.0680526315789474
"21787","diff4",0.047
"21788","diff4",0.0627894736842106
"21789","diff4",0.0575263157894737
"21790","diff4",-0.0266842105263158
"21791","diff4",0.0575263157894737
"21792","diff4",-0.000368421052631726
"21793","diff4",0.0206842105263157
"21794","diff4",0.0259473684210526
"21795","diff4",0.0364736842105263
"21796","diff4",0.010157894736842
"21797","diff4",0.0417368421052631
"21798","diff4",0.0206842105263157
"21799","diff4",-0.0214210526315789
"21800","diff4",0.0206842105263157
"21801","diff4",0.0627894736842106
"21802","diff4",0.0312105263157894
"21803","diff4",0.0733157894736843
"21804","diff4",0.0206842105263157
"21805","diff4",0.0364736842105263
"21806","diff4",0.0838421052631578
"21807","diff4",0.0312105263157894
"21808","diff4",0.0996315789473684
"21809","diff4",0.0522631578947369
"21810","diff4",-0.00563157894736858
"21811","diff4",-0.00563157894736836
"21812","diff4",0.0206842105263157
"21813","diff4",0.0417368421052631
"21814","diff4",0.0785789473684209
"21815","diff4",-0.0319473684210527
"21816","diff4",0.0154210526315788
"21817","diff4",-0.0266842105263158
"21818","diff4",0.0785789473684209
"21819","diff4",0.00489473684210513
"21820","diff4",0.0522631578947369
"21821","diff4",0.0259473684210526
"21822","diff4",0.0522631578947369
"21823","diff4",0.0891052631578946
"21824","diff4",0.047
"21825","diff4",0.0417368421052631
"21826","diff4",0.010157894736842
"21827","diff4",0.047
"21828","diff4",0.0259473684210526
"21829","diff4",0.0206842105263157
"21830","diff4",-0.0266842105263158
"21831","diff4",0.0996315789473684
"21832","diff4",-0.0161578947368421
"21833","diff4",0.047
"21834","diff4",0.0522631578947369
"21835","diff4",0.00489473684210513
"21836","diff4",-0.000368421052631726
"21837","diff4",0.0364736842105263
"21838","diff4",0.010157894736842
"21839","diff4",0.0417368421052631
"21840","diff4",0.0417368421052631
"21841","diff4",0.0733157894736843
"21842","diff4",0.0680526315789474
"21843","diff4",0.0733157894736841
"21844","diff4",0.0154210526315788
"21845","diff4",0.0785789473684209
"21846","diff4",0.0259473684210526
"21847","diff4",0.0364736842105263
"21848","diff4",0.0838421052631578
"21849","diff4",0.0312105263157894
"21850","diff4",0.0154210526315788
"21851","diff4",0.00489473684210513
"21852","diff4",0.0364736842105263
"21853","diff4",-0.000368421052631726
"21854","diff4",0.047
"21855","diff4",0.010157894736842
"21856","diff4",-0.000368421052631504
"21857","diff4",-0.0161578947368421
"21858","diff4",-0.00563157894736836
"21859","diff4",0.0996315789473684
"21860","diff4",0.010157894736842
"21861","diff4",0.047
"21862","diff4",-0.0214210526315789
"21863","diff4",-0.0372105263157895
"21864","diff4",0.0259473684210526
"21865","diff4",0.0522631578947369
"21866","diff4",0.0575263157894737
"21867","diff4",0.047
"21868","diff4",-0.0319473684210527
"21869","diff4",0.115421052631579
"21870","diff4",-0.000368421052631726
"21871","diff4",-0.00563157894736836
"21872","diff4",-0.0108947368421052
"21873","diff4",0.0785789473684212
"21874","diff4",-0.00563157894736836
"21875","diff4",0.00489473684210535
"21876","diff4",0.0575263157894737
"21877","diff4",0.0312105263157894
"21878","diff4",0.0733157894736843
"21879","diff4",0.0575263157894737
"21880","diff4",0.0259473684210526
"21881","diff4",0.0680526315789474
"21882","diff4",0.0417368421052631
"21883","diff4",0.0417368421052631
"21884","diff4",0.0312105263157894
"21885","diff4",0.00489473684210513
"21886","diff4",0.00489473684210513
"21887","diff4",0.00489473684210513
"21888","diff4",-0.0372105263157895
"21889","diff4",0.0206842105263157
"21890","diff4",-0.000368421052631726
"21891","diff4",0.00489473684210513
"21892","diff4",0.0259473684210526
"21893","diff4",0.0206842105263157
"21894","diff4",-0.000368421052631726
"21895","diff4",0.00489473684210513
"21896","diff4",0.047
"21897","diff4",0.0522631578947369
"21898","diff4",0.010157894736842
"21899","diff4",-0.000368421052631504
"21900","diff4",-0.00563157894736858
"21901","diff4",0.0680526315789474
"21902","diff4",0.0364736842105263
"21903","diff4",0.047
"21904","diff4",0.0733157894736841
"21905","diff4",0.0259473684210526
"21906","diff4",0.104894736842105
"21907","diff4",-0.0424736842105264
"21908","diff4",0.0522631578947369
"21909","diff4",-0.000368421052631726
"21910","diff4",0.0154210526315788
"21911","diff4",-0.0530000000000001
"21912","diff4",0.0575263157894737
"21913","diff4",0.0522631578947369
"21914","diff4",0.0259473684210526
"21915","diff4",-0.000368421052631726
"21916","diff4",0.0838421052631578
"21917","diff4",0.00489473684210513
"21918","diff4",-0.00563157894736858
"21919","diff4",0.0206842105263157
"21920","diff4",0.0154210526315788
"21921","diff4",0.0733157894736843
"21922","diff4",-0.0214210526315789
"21923","diff4",0.0259473684210526
"21924","diff4",0.047
"21925","diff4",0.010157894736842
"21926","diff4",0.0206842105263157
"21927","diff4",0.00489473684210513
"21928","diff4",-0.00563157894736858
"21929","diff4",0.0627894736842106
"21930","diff4",0.047
"21931","diff4",0.0206842105263157
"21932","diff4",0.0627894736842106
"21933","diff4",0.010157894736842
"21934","diff4",0.0312105263157894
"21935","diff4",0.047
"21936","diff4",-0.0161578947368421
"21937","diff4",0.010157894736842
"21938","diff4",0.047
"21939","diff4",0.047
"21940","diff4",0.0522631578947369
"21941","diff4",0.0627894736842106
"21942","diff4",0.0206842105263157
"21943","diff4",0.0575263157894737
"21944","diff4",0.0417368421052631
"21945","diff4",0.0627894736842106
"21946","diff4",0.0259473684210526
"21947","diff4",-0.000368421052631726
"21948","diff4",0.0522631578947369
"21949","diff4",0.0206842105263157
"21950","diff4",0.0259473684210526
"21951","diff4",0.010157894736842
"21952","diff4",0.010157894736842
"21953","diff4",0.0259473684210526
"21954","diff4",0.0575263157894737
"21955","diff4",0.0364736842105263
"21956","diff4",0.0364736842105263
"21957","diff4",-0.00563157894736836
"21958","diff4",-0.0214210526315789
"21959","diff4",0.0417368421052631
"21960","diff4",-0.00563157894736836
"21961","diff4",0.0154210526315788
"21962","diff4",0.0206842105263157
"21963","diff4",0.047
"21964","diff4",0.010157894736842
"21965","diff4",0.0312105263157894
"21966","diff4",0.0259473684210526
"21967","diff4",0.0154210526315788
"21968","diff4",-0.0161578947368421
"21969","diff4",0.0154210526315788
"21970","diff4",0.0364736842105263
"21971","diff4",0.0259473684210526
"21972","diff4",0.0312105263157894
"21973","diff4",-0.000368421052631726
"21974","diff4",0.110157894736842
"21975","diff4",0.0312105263157894
"21976","diff4",0.0259473684210526
"21977","diff4",0.010157894736842
"21978","diff4",0.0206842105263157
"21979","diff4",0.0522631578947369
"21980","diff4",-0.000368421052631504
"21981","diff4",-0.00563157894736836
"21982","diff4",-0.0108947368421052
"21983","diff4",0.0733157894736841
"21984","diff4",0.00489473684210513
"21985","diff4",-0.000368421052631726
"21986","diff4",0.00489473684210513
"21987","diff4",-0.00563157894736836
"21988","diff4",-0.00563157894736836
"21989","diff4",0.0364736842105263
"21990","diff4",-0.0214210526315789
"21991","diff4",0.00489473684210513
"21992","diff4",-0.00563157894736836
"21993","diff4",0.0312105263157894
"21994","diff4",-0.0108947368421052
"21995","diff4",0.0312105263157894
"21996","diff4",0.00489473684210513
"21997","diff4",0.0575263157894737
"21998","diff4",0.0364736842105263
"21999","diff4",0.00489473684210513
"22000","diff4",0.0312105263157894
"22001","diff4",-0.0214210526315789
"22002","diff4",0.0522631578947369
"22003","diff4",0.0891052631578946
"22004","diff4",0.0154210526315788
"22005","diff4",0.0522631578947369
"22006","diff4",0.0943684210526315
"22007","diff4",0.0838421052631578
"22008","diff4",0.0733157894736841
"22009","diff4",0.0785789473684209
"22010","diff4",0.010157894736842
"22011","diff4",0.0206842105263157
"22012","diff4",0.0206842105263157
"22013","diff4",0.0943684210526315
"22014","diff4",-0.00563157894736836
"22015","diff4",0.0312105263157894
"22016","diff4",0.047
"22017","diff4",0.0522631578947369
"22018","diff4",0.010157894736842
"22019","diff4",-0.0214210526315789
"22020","diff4",-0.0214210526315789
"22021","diff4",0.0417368421052631
"22022","diff4",-0.0161578947368421
"22023","diff4",0.0206842105263157
"22024","diff4",-0.0108947368421052
"22025","diff4",0.0364736842105263
"22026","diff4",-0.0214210526315789
"22027","diff4",0.0364736842105263
"22028","diff4",0.0206842105263157
"22029","diff4",-0.0161578947368421
"22030","diff4",0.0417368421052631
"22031","diff4",0.047
"22032","diff4",0.0575263157894737
"22033","diff4",-0.0161578947368421
"22034","diff4",0.0417368421052631
"22035","diff4",-0.0214210526315789
"22036","diff4",0.0364736842105263
"22037","diff4",0.0312105263157894
"22038","diff4",0.0312105263157894
"22039","diff4",0.0154210526315788
"22040","diff4",0.0259473684210526
"22041","diff4",0.0206842105263157
"22042","diff4",0.0154210526315788
"22043","diff4",0.0575263157894737
"22044","diff4",-0.000368421052631726
"22045","diff4",-0.0319473684210527
"22046","diff4",-0.0635263157894738
"22047","diff4",0.0891052631578946
"22048","diff4",0.0943684210526315
"22049","diff4",0.0154210526315788
"22050","diff4",0.0680526315789472
"22051","diff4",0.0154210526315788
"22052","diff4",-0.0319473684210527
"22053","diff4",0.0575263157894737
"22054","diff4",-0.0214210526315789
"22055","diff4",0.010157894736842
"22056","diff4",0.0259473684210526
"22057","diff4",0.0259473684210526
"22058","diff4",0.0312105263157894
"22059","diff4",0.0522631578947369
"22060","diff4",0.0206842105263157
"22061","diff4",0.0417368421052631
"22062","diff4",0.0522631578947369
"22063","diff4",-0.0266842105263158
"22064","diff4",0.0154210526315788
"22065","diff4",0.010157894736842
"22066","diff4",0.00489473684210513
"22067","diff4",0.0312105263157894
"22068","diff4",0.0259473684210526
"22069","diff4",0.0154210526315788
"22070","diff4",0.0364736842105263
"22071","diff4",0.0733157894736841
"22072","diff4",0.0522631578947369
"22073","diff4",0.0206842105263157
"22074","diff4",-0.0108947368421052
"22075","diff4",0.0259473684210526
"22076","diff4",0.0259473684210526
"22077","diff4",0.0575263157894737
"22078","diff4",-0.0108947368421052
"22079","diff4",-0.0108947368421052
"22080","diff4",0.0312105263157894
"22081","diff4",-0.000368421052631726
"22082","diff4",0.0364736842105263
"22083","diff4",-0.00563157894736836
"22084","diff4",0.00489473684210513
"22085","diff4",0.010157894736842
"22086","diff4",0.0996315789473684
"22087","diff4",0.00489473684210513
"22088","diff4",-0.000368421052631726
"22089","diff4",0.047
"22090","diff4",-0.000368421052631726
"22091","diff4",0.0575263157894737
"22092","diff4",0.047
"22093","diff4",0.0312105263157894
"22094","diff4",0.0312105263157894
"22095","diff4",0.047
"22096","diff4",0.047
"22097","diff4",-0.0161578947368421
"22098","diff4",0.0154210526315788
"22099","diff4",0.047
"22100","diff4",0.0364736842105263
"22101","diff4",-0.00563157894736836
"22102","diff4",0.00489473684210513
"22103","diff4",0.0575263157894737
"22104","diff4",0.0417368421052631
"22105","diff4",0.0785789473684209
"22106","diff4",0.0733157894736843
"22107","diff4",0.0417368421052631
"22108","diff4",-0.00563157894736836
"22109","diff4",0.0575263157894737
"22110","diff4",0.0154210526315788
"22111","diff4",0.0312105263157894
"22112","diff4",0.0364736842105263
"22113","diff4",0.0943684210526315
"22114","diff4",0.0259473684210526
"22115","diff4",0.0154210526315788
"22116","diff4",-0.00563157894736836
"22117","diff4",0.00489473684210513
"22118","diff4",0.047
"22119","diff4",-0.00563157894736836
"22120","diff4",0.0417368421052631
"22121","diff4",0.0417368421052631
"22122","diff4",-0.0424736842105264
"22123","diff4",0.00489473684210513
"22124","diff4",0.0312105263157894
"22125","diff4",0.0575263157894737
"22126","diff4",-0.000368421052631726
"22127","diff4",0.0522631578947369
"22128","diff4",0.0522631578947369
"22129","diff4",-0.00563157894736858
"22130","diff4",0.0680526315789474
"22131","diff4",0.00489473684210535
"22132","diff4",-0.0161578947368421
"22133","diff4",0.0785789473684209
"22134","diff4",0.0627894736842106
"22135","diff4",0.010157894736842
"22136","diff4",-0.000368421052631726
"22137","diff4",0.010157894736842
"22138","diff4",-0.00563157894736836
"22139","diff4",0.0575263157894737
"22140","diff4",-0.0108947368421052
"22141","diff4",0.0364736842105263
"22142","diff4",0.0154210526315788
"22143","diff4",-0.0108947368421052
"22144","diff4",-0.0372105263157895
"22145","diff4",-0.0214210526315789
"22146","diff4",0.00489473684210513
"22147","diff4",0.0627894736842106
"22148","diff4",0.0627894736842106
"22149","diff4",-0.000368421052631726
"22150","diff4",0.0785789473684209
"22151","diff4",0.0891052631578946
"22152","diff4",-0.0266842105263158
"22153","diff4",-0.0161578947368421
"22154","diff4",-0.000368421052631726
"22155","diff4",0.0575263157894737
"22156","diff4",-0.0161578947368421
"22157","diff4",0.00489473684210513
"22158","diff4",0.0259473684210526
"22159","diff4",0.0364736842105263
"22160","diff4",0.115421052631579
"22161","diff4",0.0680526315789472
"22162","diff4",0.0206842105263157
"22163","diff4",0.0259473684210526
"22164","diff4",0.0154210526315788
"22165","diff4",0.0154210526315788
"22166","diff4",0.0259473684210526
"22167","diff4",0.0364736842105263
"22168","diff4",0.047
"22169","diff4",0.0312105263157894
"22170","diff4",-0.0214210526315789
"22171","diff4",0.010157894736842
"22172","diff4",-0.0161578947368421
"22173","diff4",-0.0266842105263158
"22174","diff4",0.0522631578947369
"22175","diff4",0.0312105263157894
"22176","diff4",-0.0161578947368421
"22177","diff4",-0.0161578947368421
"22178","diff4",0.010157894736842
"22179","diff4",0.0680526315789474
"22180","diff4",0.0522631578947369
"22181","diff4",-0.000368421052631504
"22182","diff4",0.0206842105263157
"22183","diff4",0.0154210526315788
"22184","diff4",0.0627894736842106
"22185","diff4",0.0154210526315788
"22186","diff4",0.0417368421052631
"22187","diff4",0.047
"22188","diff4",0.047
"22189","diff4",-0.00563157894736858
"22190","diff4",0.047
"22191","diff4",0.010157894736842
"22192","diff4",0.0154210526315788
"22193","diff4",0.0680526315789474
"22194","diff4",0.00489473684210513
"22195","diff4",0.0575263157894737
"22196","diff4",0.0259473684210526
"22197","diff4",0.0733157894736843
"22198","diff4",0.0417368421052631
"22199","diff4",0.0417368421052631
"22200","diff4",0.0680526315789474
"22201","diff4",0.0627894736842106
"22202","diff4",0.0312105263157894
"22203","diff4",-0.0372105263157895
"22204","diff4",0.0312105263157894
"22205","diff4",-0.0108947368421052
"22206","diff4",-0.0372105263157895
"22207","diff4",0.0364736842105263
"22208","diff4",-0.0214210526315789
"22209","diff4",-0.0477368421052632
"22210","diff4",0.0259473684210526
"22211","diff4",0.0417368421052631
"22212","diff4",-0.0161578947368421
"22213","diff4",0.0417368421052631
"22214","diff4",0.010157894736842
"22215","diff4",0.0206842105263157
"22216","diff4",0.0312105263157894
"22217","diff4",-0.0161578947368421
"22218","diff4",0.0522631578947369
"22219","diff4",-0.0266842105263158
"22220","diff4",0.0154210526315788
"22221","diff4",0.047
"22222","diff4",0.0364736842105263
"22223","diff4",-0.00563157894736858
"22224","diff4",0.0627894736842106
"22225","diff4",0.047
"22226","diff4",-0.0424736842105264
"22227","diff4",0.00489473684210513
"22228","diff4",0.00489473684210513
"22229","diff4",-0.0214210526315789
"22230","diff4",-0.0372105263157895
"22231","diff4",0.047
"22232","diff4",0.0522631578947369
"22233","diff4",0.0785789473684212
"22234","diff4",-0.0161578947368421
"22235","diff4",-0.0108947368421052
"22236","diff4",-0.0319473684210527
"22237","diff4",0.0575263157894737
"22238","diff4",0.0417368421052631
"22239","diff4",0.0417368421052631
"22240","diff4",0.0154210526315788
"22241","diff4",-0.00563157894736858
"22242","diff4",0.0417368421052631
"22243","diff4",0.0312105263157894
"22244","diff4",-0.0108947368421052
"22245","diff4",0.0680526315789474
"22246","diff4",0.0364736842105263
"22247","diff4",0.0364736842105263
"22248","diff4",-0.0108947368421052
"22249","diff4",-0.000368421052631726
"22250","diff4",-0.000368421052631504
"22251","diff4",-0.000368421052631726
"22252","diff4",0.0154210526315788
"22253","diff4",-0.00563157894736836
"22254","diff4",0.0575263157894737
"22255","diff4",0.0206842105263157
"22256","diff4",0.0312105263157894
"22257","diff4",0.0206842105263157
"22258","diff4",0.0785789473684209
"22259","diff4",0.0575263157894737
"22260","diff4",0.0364736842105263
"22261","diff4",0.0417368421052631
"22262","diff4",0.0627894736842106
"22263","diff4",0.0259473684210526
"22264","diff4",0.047
"22265","diff4",0.0364736842105263
"22266","diff4",-0.000368421052631726
"22267","diff4",-0.0108947368421052
"22268","diff4",0.0364736842105263
"22269","diff4",0.0312105263157894
"22270","diff4",0.010157894736842
"22271","diff4",0.0522631578947369
"22272","diff4",0.0417368421052631
"22273","diff4",0.0891052631578946
"22274","diff4",0.047
"22275","diff4",0.010157894736842
"22276","diff4",-0.000368421052631504
"22277","diff4",0.00489473684210513
"22278","diff4",-0.00563157894736858
"22279","diff4",0.0417368421052631
"22280","diff4",-0.0161578947368421
"22281","diff4",0.0206842105263157
"22282","diff4",0.00489473684210513
"22283","diff4",0.0364736842105263
"22284","diff4",0.0364736842105263
"22285","diff4",-0.0108947368421052
"22286","diff4",0.047
"22287","diff4",0.0206842105263157
"22288","diff4",0.010157894736842
"22289","diff4",0.0154210526315788
"22290","diff4",0.0206842105263157
"22291","diff4",-0.0266842105263158
"22292","diff4",0.0364736842105263
"22293","diff4",0.0417368421052631
"22294","diff4",0.00489473684210513
"22295","diff4",-0.0108947368421052
"22296","diff4",0.0575263157894737
"22297","diff4",0.0206842105263157
"22298","diff4",0.0154210526315788
"22299","diff4",0.0627894736842106
"22300","diff4",0.0364736842105263
"22301","diff4",-0.0214210526315789
"22302","diff4",-0.000368421052631504
"22303","diff4",-0.0214210526315789
"22304","diff4",0.010157894736842
"22305","diff4",0.0838421052631578
"22306","diff4",-0.0161578947368421
"22307","diff4",0.0312105263157894
"22308","diff4",-0.0530000000000001
"22309","diff4",0.0259473684210526
"22310","diff4",0.0312105263157894
"22311","diff4",0.0154210526315788
"22312","diff4",0.0943684210526315
"22313","diff4",-0.0530000000000001
"22314","diff4",0.010157894736842
"22315","diff4",0.0627894736842106
"22316","diff4",-0.0266842105263158
"22317","diff4",0.0417368421052631
"22318","diff4",-0.0372105263157895
"22319","diff4",-0.0266842105263158
"22320","diff4",0.0575263157894737
"22321","diff4",0.00489473684210513
"22322","diff4",-0.000368421052631726
"22323","diff4",0.0154210526315788
"22324","diff4",0.0364736842105263
"22325","diff4",-0.0266842105263158
"22326","diff4",0.047
"22327","diff4",0.0154210526315788
"22328","diff4",0.047
"22329","diff4",-0.00563157894736836
"22330","diff4",-0.0214210526315789
"22331","diff4",0.00489473684210513
"22332","diff4",0.0733157894736843
"22333","diff4",0.010157894736842
"22334","diff4",0.0206842105263157
"22335","diff4",0.0259473684210526
"22336","diff4",0.0417368421052631
"22337","diff4",-0.0319473684210527
"22338","diff4",0.0259473684210526
"22339","diff4",0.0154210526315788
"22340","diff4",0.0312105263157894
"22341","diff4",-0.0108947368421052
"22342","diff4",0.0733157894736843
"22343","diff4",0.0154210526315788
"22344","diff4",0.0575263157894737
"22345","diff4",0.115421052631579
"22346","diff4",0.0522631578947369
"22347","diff4",0.0259473684210526
"22348","diff4",0.0259473684210526
"22349","diff4",0.010157894736842
"22350","diff4",0.0259473684210526
"22351","diff4",0.047
"22352","diff4",0.0891052631578946
"22353","diff4",0.0259473684210526
"22354","diff4",0.0259473684210526
"22355","diff4",0.0417368421052631
"22356","diff4",0.0891052631578946
"22357","diff4",0.047
"22358","diff4",0.00489473684210513
"22359","diff4",0.00489473684210513
"22360","diff4",0.0259473684210526
"22361","diff4",0.0680526315789472
"22362","diff4",0.010157894736842
"22363","diff4",0.0575263157894737
"22364","diff4",0.0259473684210526
"22365","diff4",0.0680526315789474
"22366","diff4",0.0733157894736843
"22367","diff4",0.0154210526315788
"22368","diff4",-0.00563157894736836
"22369","diff4",0.0417368421052631
"22370","diff4",0.00489473684210513
"22371","diff4",0.0627894736842106
"22372","diff4",0.0206842105263157
"22373","diff4",0.0680526315789474
"22374","diff4",0.010157894736842
"22375","diff4",0.0312105263157894
"22376","diff4",0.0206842105263157
"22377","diff4",-0.0214210526315789
"22378","diff4",0.0680526315789474
"22379","diff4",-0.00563157894736836
"22380","diff4",0.047
"22381","diff4",0.010157894736842
"22382","diff4",-0.0793157894736842
"22383","diff4",0.0943684210526315
"22384","diff4",-0.00563157894736858
"22385","diff4",0.010157894736842
"22386","diff4",0.0364736842105263
"22387","diff4",0.0680526315789474
"22388","diff4",0.0364736842105263
"22389","diff4",0.0627894736842106
"22390","diff4",-0.0319473684210527
"22391","diff4",-0.0319473684210527
"22392","diff4",0.0206842105263157
"22393","diff4",-0.000368421052631726
"22394","diff4",-0.0319473684210527
"22395","diff4",0.047
"22396","diff4",0.0680526315789472
"22397","diff4",0.0522631578947369
"22398","diff4",0.0680526315789474
"22399","diff4",0.010157894736842
"22400","diff4",0.0575263157894737
"22401","diff4",0.0417368421052631
"22402","diff4",0.0733157894736841
"22403","diff4",0.0206842105263157
"22404","diff4",-0.0214210526315789
"22405","diff4",0.0522631578947369
"22406","diff4",0.0259473684210526
"22407","diff4",-0.000368421052631726
"22408","diff4",0.0522631578947369
"22409","diff4",0.0838421052631578
"22410","diff4",0.0417368421052631
"22411","diff4",0.010157894736842
"22412","diff4",-0.0372105263157895
"22413","diff4",-0.0161578947368421
"22414","diff4",0.0312105263157894
"22415","diff4",0.0522631578947369
"22416","diff4",-0.000368421052631504
"22417","diff4",-0.0161578947368421
"22418","diff4",0.0680526315789474
"22419","diff4",0.00489473684210513
"22420","diff4",0.010157894736842
"22421","diff4",0.0312105263157894
"22422","diff4",0.0575263157894737
"22423","diff4",0.0785789473684209
"22424","diff4",0.0522631578947369
"22425","diff4",0.010157894736842
"22426","diff4",0.0206842105263157
"22427","diff4",0.010157894736842
"22428","diff4",-0.0214210526315789
"22429","diff4",0.0522631578947369
"22430","diff4",-0.00563157894736858
"22431","diff4",0.0154210526315788
"22432","diff4",0.0364736842105263
"22433","diff4",0.047
"22434","diff4",0.0627894736842106
"22435","diff4",0.047
"22436","diff4",0.0312105263157894
"22437","diff4",0.0733157894736841
"22438","diff4",-0.0530000000000001
"22439","diff4",0.0417368421052631
"22440","diff4",0.0206842105263157
"22441","diff4",0.00489473684210513
"22442","diff4",-0.0319473684210527
"22443","diff4",-0.0582631578947369
"22444","diff4",0.0522631578947369
"22445","diff4",0.0154210526315788
"22446","diff4",0.0206842105263157
"22447","diff4",0.0522631578947369
"22448","diff4",0.0206842105263157
"22449","diff4",0.0733157894736841
"22450","diff4",0.0522631578947369
"22451","diff4",0.047
"22452","diff4",-0.0108947368421052
"22453","diff4",0.0417368421052631
"22454","diff4",-0.0161578947368421
"22455","diff4",-0.0161578947368421
"22456","diff4",0.0364736842105263
"22457","diff4",0.00489473684210513
"22458","diff4",0.0891052631578946
"22459","diff4",0.0259473684210526
"22460","diff4",-0.0424736842105264
"22461","diff4",-0.0266842105263158
"22462","diff4",0.0680526315789474
"22463","diff4",0.0364736842105263
"22464","diff4",0.0785789473684209
"22465","diff4",0.0312105263157894
"22466","diff4",0.0996315789473684
"22467","diff4",0.125947368421053
"22468","diff4",-0.00563157894736836
"22469","diff4",0.0522631578947369
"22470","diff4",-0.0635263157894738
"22471","diff4",-0.0108947368421052
"22472","diff4",0.0206842105263157
"22473","diff4",-0.000368421052631504
"22474","diff4",0.0312105263157894
"22475","diff4",0.0417368421052631
"22476","diff4",-0.0319473684210527
"22477","diff4",0.0154210526315788
"22478","diff4",0.0417368421052631
"22479","diff4",-0.000368421052631504
"22480","diff4",0.047
"22481","diff4",-0.00563157894736858
"22482","diff4",0.0522631578947369
"22483","diff4",0.010157894736842
"22484","diff4",0.010157894736842
"22485","diff4",-0.0372105263157895
"22486","diff4",0.0364736842105263
"22487","diff4",0.0943684210526315
"22488","diff4",-0.0319473684210527
"22489","diff4",0.0627894736842106
"22490","diff4",-0.0635263157894738
"22491","diff4",0.0417368421052631
"22492","diff4",0.0312105263157894
"22493","diff4",-0.0108947368421052
"22494","diff4",-0.0424736842105264
"22495","diff4",0.0259473684210526
"22496","diff4",0.0522631578947369
"22497","diff4",0.010157894736842
"22498","diff4",0.0259473684210526
"22499","diff4",0.104894736842105
"22500","diff4",-0.000368421052631726
"22501","diff4",0.0417368421052631
"22502","diff4",-0.0424736842105264
"22503","diff4",-0.000368421052631726
"22504","diff4",0.0312105263157894
"22505","diff4",0.0680526315789474
"22506","diff4",0.0733157894736841
"22507","diff4",-0.0108947368421052
"22508","diff4",0.0312105263157894
"22509","diff4",0.047
"22510","diff4",0.0417368421052631
"22511","diff4",0.0206842105263157
"22512","diff4",0.0417368421052631
"22513","diff4",-0.0477368421052632
"22514","diff4",0.0312105263157894
"22515","diff4",0.0785789473684209
"22516","diff4",0.0891052631578946
"22517","diff4",0.0522631578947369
"22518","diff4",-0.000368421052631504
"22519","diff4",0.0206842105263157
"22520","diff4",0.0154210526315788
"22521","diff4",-0.0319473684210527
"22522","diff4",0.0154210526315788
"22523","diff4",-0.0266842105263158
"22524","diff4",-0.00563157894736836
"22525","diff4",-0.0319473684210527
"22526","diff4",0.047
"22527","diff4",0.0575263157894737
"22528","diff4",0.0627894736842106
"22529","diff4",0.0312105263157894
"22530","diff4",0.0627894736842104
"22531","diff4",-0.0108947368421052
"22532","diff4",0.0154210526315788
"22533","diff4",0.0417368421052631
"22534","diff4",0.0154210526315788
"22535","diff4",0.0733157894736841
"22536","diff4",0.0575263157894737
"22537","diff4",-0.000368421052631726
"22538","diff4",0.0259473684210526
"22539","diff4",0.0312105263157894
"22540","diff4",0.0627894736842106
"22541","diff4",-0.0319473684210527
"22542","diff4",0.0680526315789474
"22543","diff4",0.0364736842105263
"22544","diff4",0.0154210526315788
"22545","diff4",-0.00563157894736836
"22546","diff4",0.0312105263157894
"22547","diff4",0.0206842105263157
"22548","diff4",0.0259473684210526
"22549","diff4",0.0364736842105263
"22550","diff4",-0.000368421052631726
"22551","diff4",-0.000368421052631726
"22552","diff4",-0.0214210526315789
"22553","diff4",0.010157894736842
"22554","diff4",0.0154210526315788
"22555","diff4",-0.00563157894736836
"22556","diff4",0.0417368421052631
"22557","diff4",-0.0108947368421054
"22558","diff4",0.047
"22559","diff4",0.0680526315789474
"22560","diff4",0.0627894736842106
"22561","diff4",0.0733157894736843
"22562","diff4",0.0575263157894737
"22563","diff4",0.0154210526315788
"22564","diff4",-0.000368421052631726
"22565","diff4",0.0522631578947369
"22566","diff4",0.0364736842105263
"22567","diff4",0.0312105263157894
"22568","diff4",0.0259473684210526
"22569","diff4",0.0312105263157894
"22570","diff4",0.110157894736842
"22571","diff4",0.0522631578947369
"22572","diff4",-0.000368421052631726
"22573","diff4",0.0522631578947369
"22574","diff4",0.0259473684210526
"22575","diff4",0.104894736842105
"22576","diff4",-0.0161578947368421
"22577","diff4",0.0206842105263157
"22578","diff4",-0.0161578947368421
"22579","diff4",0.0259473684210526
"22580","diff4",-0.0793157894736842
"22581","diff4",0.047
"22582","diff4",0.010157894736842
"22583","diff4",0.010157894736842
"22584","diff4",0.047
"22585","diff4",0.0627894736842106
"22586","diff4",0.0259473684210526
"22587","diff4",-0.0319473684210527
"22588","diff4",-0.0214210526315789
"22589","diff4",0.0838421052631578
"22590","diff4",0.0206842105263157
"22591","diff4",0.0575263157894737
"22592","diff4",-0.0530000000000001
"22593","diff4",0.0154210526315788
"22594","diff4",0.010157894736842
"22595","diff4",-0.0108947368421052
"22596","diff4",-0.000368421052631726
"22597","diff4",0.00489473684210513
"22598","diff4",0.047
"22599","diff4",0.010157894736842
"22600","diff4",0.0154210526315788
"22601","diff4",0.047
"22602","diff4",0.0206842105263157
"22603","diff4",0.0522631578947369
"22604","diff4",0.0627894736842106
"22605","diff4",0.0312105263157894
"22606","diff4",0.00489473684210513
"22607","diff4",-0.00563157894736858
"22608","diff4",0.0259473684210526
"22609","diff4",0.0627894736842106
"22610","diff4",0.0259473684210526
"22611","diff4",0.047
"22612","diff4",0.00489473684210513
"22613","diff4",-0.000368421052631726
"22614","diff4",-0.0477368421052632
"22615","diff4",-0.00563157894736858
"22616","diff4",0.047
"22617","diff4",-0.00563157894736836
"22618","diff4",0.010157894736842
"22619","diff4",-0.00563157894736836
"22620","diff4",0.0733157894736841
"22621","diff4",0.0364736842105263
"22622","diff4",0.0312105263157894
"22623","diff4",-0.0108947368421054
"22624","diff4",-0.000368421052631726
"22625","diff4",0.0522631578947369
"22626","diff4",0.00489473684210513
"22627","diff4",0.0312105263157894
"22628","diff4",-0.00563157894736836
"22629","diff4",0.0154210526315788
"22630","diff4",-0.0161578947368421
"22631","diff4",0.0312105263157894
"22632","diff4",-0.0530000000000001
"22633","diff4",0.0259473684210526
"22634","diff4",0.0259473684210526
"22635","diff4",0.0838421052631578
"22636","diff4",0.0627894736842106
"22637","diff4",0.0312105263157894
"22638","diff4",0.0364736842105263
"22639","diff4",-0.0319473684210527
"22640","diff4",0.0312105263157894
"22641","diff4",0.0259473684210526
"22642","diff4",-0.0108947368421054
"22643","diff4",0.0733157894736841
"22644","diff4",0.00489473684210513
"22645","diff4",0.0312105263157894
"22646","diff4",0.0417368421052631
"22647","diff4",-0.000368421052631726
"22648","diff4",0.010157894736842
"22649","diff4",0.047
"22650","diff4",0.0575263157894737
"22651","diff4",0.0206842105263157
"22652","diff4",-0.000368421052631726
"22653","diff4",0.0312105263157894
"22654","diff4",0.0417368421052631
"22655","diff4",0.00489473684210513
"22656","diff4",0.0575263157894737
"22657","diff4",0.047
"22658","diff4",0.010157894736842
"22659","diff4",0.010157894736842
"22660","diff4",0.0259473684210526
"22661","diff4",0.0206842105263157
"22662","diff4",-0.00563157894736858
"22663","diff4",0.00489473684210513
"22664","diff4",0.0838421052631578
"22665","diff4",0.00489473684210513
"22666","diff4",0.0996315789473684
"22667","diff4",-0.0214210526315789
"22668","diff4",0.0154210526315788
"22669","diff4",0.0154210526315788
"22670","diff4",0.0417368421052631
"22671","diff4",0.0312105263157894
"22672","diff4",-0.0477368421052632
"22673","diff4",0.0733157894736841
"22674","diff4",0.010157894736842
"22675","diff4",0.0627894736842106
"22676","diff4",-0.0214210526315789
"22677","diff4",0.0627894736842106
"22678","diff4",-0.0214210526315789
"22679","diff4",0.0733157894736843
"22680","diff4",0.047
"22681","diff4",0.0575263157894737
"22682","diff4",-0.0108947368421052
"22683","diff4",0.010157894736842
"22684","diff4",0.010157894736842
"22685","diff4",0.047
"22686","diff4",-0.0214210526315789
"22687","diff4",0.0627894736842106
"22688","diff4",0.00489473684210513
"22689","diff4",0.0312105263157894
"22690","diff4",0.0733157894736841
"22691","diff4",0.00489473684210513
"22692","diff4",0.0312105263157894
"22693","diff4",0.047
"22694","diff4",0.0154210526315788
"22695","diff4",-0.000368421052631726
"22696","diff4",0.0733157894736841
"22697","diff4",0.0364736842105263
"22698","diff4",0.00489473684210513
"22699","diff4",0.0522631578947369
"22700","diff4",0.0522631578947369
"22701","diff4",0.0785789473684209
"22702","diff4",0.0522631578947369
"22703","diff4",-0.00563157894736858
"22704","diff4",0.0259473684210526
"22705","diff4",0.0154210526315788
"22706","diff4",0.0312105263157894
"22707","diff4",0.0206842105263157
"22708","diff4",-0.0582631578947369
"22709","diff4",0.0733157894736841
"22710","diff4",-0.0108947368421054
"22711","diff4",0.00489473684210513
"22712","diff4",0.0522631578947369
"22713","diff4",0.0575263157894737
"22714","diff4",0.0364736842105263
"22715","diff4",0.0206842105263157
"22716","diff4",-0.000368421052631726
"22717","diff4",0.0312105263157894
"22718","diff4",0.010157894736842
"22719","diff4",0.0627894736842106
"22720","diff4",0.0154210526315788
"22721","diff4",0.0575263157894737
"22722","diff4",0.010157894736842
"22723","diff4",-0.0214210526315789
"22724","diff4",0.0575263157894737
"22725","diff4",0.0364736842105263
"22726","diff4",0.0364736842105263
"22727","diff4",0.0996315789473684
"22728","diff4",0.0838421052631578
"22729","diff4",-0.0108947368421052
"22730","diff4",0.0575263157894737
"22731","diff4",-0.00563157894736836
"22732","diff4",-0.000368421052631726
"22733","diff4",0.0312105263157894
"22734","diff4",0.0206842105263157
"22735","diff4",0.0259473684210526
"22736","diff4",-0.0424736842105264
"22737","diff4",-0.000368421052631726
"22738","diff4",-0.000368421052631726
"22739","diff4",-0.000368421052631726
"22740","diff4",0.0364736842105263
"22741","diff4",0.0838421052631578
"22742","diff4",0.0364736842105263
"22743","diff4",0.047
"22744","diff4",0.0364736842105263
"22745","diff4",0.0680526315789472
"22746","diff4",0.0364736842105263
"22747","diff4",0.0206842105263157
"22748","diff4",0.0154210526315788
"22749","diff4",0.0154210526315788
"22750","diff4",0.0522631578947369
"22751","diff4",-0.0214210526315789
"22752","diff4",0.010157894736842
"22753","diff4",0.0417368421052631
"22754","diff4",-0.00563157894736836
"22755","diff4",0.0575263157894737
"22756","diff4",0.0312105263157894
"22757","diff4",0.0259473684210526
"22758","diff4",0.0627894736842106
"22759","diff4",0.0206842105263157
"22760","diff4",-0.000368421052631726
"22761","diff4",0.0312105263157894
"22762","diff4",0.0259473684210526
"22763","diff4",0.0312105263157894
"22764","diff4",-0.0266842105263158
"22765","diff4",-0.0214210526315789
"22766","diff4",0.010157894736842
"22767","diff4",0.00489473684210513
"22768","diff4",0.0312105263157894
"22769","diff4",0.0575263157894737
"22770","diff4",-0.000368421052631504
"22771","diff4",0.0838421052631578
"22772","diff4",0.0522631578947369
"22773","diff4",0.047
"22774","diff4",0.0206842105263157
"22775","diff4",-0.00563157894736836
"22776","diff4",-0.0161578947368421
"22777","diff4",0.0259473684210526
"22778","diff4",0.0364736842105263
"22779","diff4",-0.0266842105263158
"22780","diff4",-0.0319473684210527
"22781","diff4",-0.000368421052631726
"22782","diff4",0.0154210526315788
"22783","diff4",0.00489473684210535
"22784","diff4",-0.0266842105263158
"22785","diff4",0.010157894736842
"22786","diff4",0.0312105263157894
"22787","diff4",-0.0108947368421052
"22788","diff4",0.0364736842105263
"22789","diff4",0.0943684210526315
"22790","diff4",0.010157894736842
"22791","diff4",0.120684210526316
"22792","diff4",0.0154210526315788
"22793","diff4",0.0417368421052631
"22794","diff4",0.0312105263157894
"22795","diff4",-0.000368421052631726
"22796","diff4",0.0259473684210526
"22797","diff4",0.0627894736842106
"22798","diff4",0.0417368421052631
"22799","diff4",0.0943684210526315
"22800","diff4",0.0891052631578946
"22801","diff4",0.0364736842105263
"22802","diff4",0.0364736842105263
"22803","diff4",-0.000368421052631726
"22804","diff4",-0.0319473684210527
"22805","diff4",0.010157894736842
"22806","diff4",0.0417368421052631
"22807","diff4",0.047
"22808","diff4",-0.0266842105263158
"22809","diff4",0.0312105263157894
"22810","diff4",0.0259473684210526
"22811","diff4",0.0417368421052631
"22812","diff4",0.0364736842105263
"22813","diff4",0.0364736842105263
"22814","diff4",-0.0214210526315789
"22815","diff4",0.0312105263157894
"22816","diff4",0.0259473684210526
"22817","diff4",0.0627894736842104
"22818","diff4",-0.00563157894736858
"22819","diff4",0.0206842105263157
"22820","diff4",0.0680526315789474
"22821","diff4",0.047
"22822","diff4",-0.0214210526315789
"22823","diff4",0.0733157894736841
"22824","diff4",0.010157894736842
"22825","diff4",0.010157894736842
"22826","diff4",0.0417368421052631
"22827","diff4",-0.00563157894736858
"22828","diff4",-0.000368421052631726
"22829","diff4",0.0522631578947369
"22830","diff4",0.0364736842105263
"22831","diff4",-0.000368421052631504
"22832","diff4",0.115421052631579
"22833","diff4",0.0259473684210526
"22834","diff4",0.0575263157894737
"22835","diff4",-0.000368421052631504
"22836","diff4",0.0575263157894737
"22837","diff4",0.0575263157894737
"22838","diff4",0.0312105263157894
"22839","diff4",0.0417368421052631
"22840","diff4",0.0154210526315788
"22841","diff4",-0.0372105263157895
"22842","diff4",0.0154210526315788
"22843","diff4",0.047
"22844","diff4",-0.00563157894736836
"22845","diff4",0.0312105263157894
"22846","diff4",0.0364736842105263
"22847","diff4",0.00489473684210513
"22848","diff4",0.010157894736842
"22849","diff4",0.0417368421052631
"22850","diff4",-0.0266842105263158
"22851","diff4",-0.0424736842105264
"22852","diff4",0.0575263157894737
"22853","diff4",0.0259473684210526
"22854","diff4",0.00489473684210513
"22855","diff4",0.0785789473684209
"22856","diff4",0.0312105263157894
"22857","diff4",0.0312105263157894
"22858","diff4",0.0154210526315788
"22859","diff4",0.0785789473684209
"22860","diff4",0.047
"22861","diff4",0.0680526315789474
"22862","diff4",0.0522631578947369
"22863","diff4",0.0996315789473684
"22864","diff4",0.0259473684210526
"22865","diff4",-0.0161578947368421
"22866","diff4",-0.0161578947368421
"22867","diff4",0.010157894736842
"22868","diff4",0.0680526315789472
"22869","diff4",0.0312105263157894
"22870","diff4",0.0312105263157894
"22871","diff4",0.0364736842105263
"22872","diff4",0.0838421052631578
"22873","diff4",-0.0266842105263158
"22874","diff4",-0.00563157894736858
"22875","diff4",-0.0530000000000001
"22876","diff4",0.0575263157894737
"22877","diff4",0.0785789473684209
"22878","diff4",0.0312105263157894
"22879","diff4",0.0364736842105263
"22880","diff4",0.0206842105263157
"22881","diff4",0.0312105263157894
"22882","diff4",0.047
"22883","diff4",0.0575263157894737
"22884","diff4",0.0417368421052631
"22885","diff4",0.0996315789473684
"22886","diff4",-0.0266842105263158
"22887","diff4",0.0206842105263157
"22888","diff4",-0.000368421052631726
"22889","diff4",0.00489473684210513
"22890","diff4",-0.0214210526315789
"22891","diff4",0.010157894736842
"22892","diff4",-0.0319473684210527
"22893","diff4",0.0575263157894737
"22894","diff4",0.0522631578947369
"22895","diff4",0.0575263157894737
"22896","diff4",0.0259473684210526
"22897","diff4",0.0838421052631578
"22898","diff4",0.0680526315789472
"22899","diff4",-0.0266842105263158
"22900","diff4",0.0312105263157894
"22901","diff4",0.00489473684210513
"22902","diff4",0.010157894736842
"22903","diff4",0.0259473684210526
"22904","diff4",0.0680526315789472
"22905","diff4",0.0259473684210526
"22906","diff4",0.0206842105263157
"22907","diff4",0.0364736842105263
"22908","diff4",0.0364736842105263
"22909","diff4",0.047
"22910","diff4",0.0364736842105263
"22911","diff4",0.0154210526315788
"22912","diff4",0.0206842105263157
"22913","diff4",0.0627894736842106
"22914","diff4",0.0838421052631578
"22915","diff4",-0.00563157894736858
"22916","diff4",0.047
"22917","diff4",0.0312105263157894
"22918","diff4",0.047
"22919","diff4",0.0838421052631578
"22920","diff4",-0.0424736842105264
"22921","diff4",0.047
"22922","diff4",0.0364736842105263
"22923","diff4",0.0206842105263157
"22924","diff4",-0.0319473684210527
"22925","diff4",0.0312105263157894
"22926","diff4",0.0522631578947369
"22927","diff4",0.0312105263157894
"22928","diff4",0.0417368421052631
"22929","diff4",0.0891052631578946
"22930","diff4",0.0206842105263157
"22931","diff4",-0.000368421052631504
"22932","diff4",0.010157894736842
"22933","diff4",0.0522631578947369
"22934","diff4",-0.000368421052631726
"22935","diff4",0.010157894736842
"22936","diff4",0.0627894736842106
"22937","diff4",-0.000368421052631726
"22938","diff4",0.0575263157894737
"22939","diff4",0.0154210526315788
"22940","diff4",0.00489473684210513
"22941","diff4",0.00489473684210513
"22942","diff4",0.110157894736842
"22943","diff4",0.0206842105263157
"22944","diff4",0.0627894736842106
"22945","diff4",0.0206842105263157
"22946","diff4",0.0417368421052631
"22947","diff4",-0.0161578947368421
"22948","diff4",0.00489473684210513
"22949","diff4",0.0364736842105263
"22950","diff4",0.0838421052631578
"22951","diff4",0.010157894736842
"22952","diff4",0.0206842105263157
"22953","diff4",0.0891052631578946
"22954","diff4",0.047
"22955","diff4",-0.00563157894736858
"22956","diff4",-0.000368421052631726
"22957","diff4",0.00489473684210513
"22958","diff4",-0.0161578947368421
"22959","diff4",0.0680526315789474
"22960","diff4",-0.000368421052631726
"22961","diff4",0.0206842105263157
"22962","diff4",0.010157894736842
"22963","diff4",0.0154210526315788
"22964","diff4",0.0522631578947369
"22965","diff4",0.0522631578947369
"22966","diff4",0.0154210526315788
"22967","diff4",0.0575263157894737
"22968","diff4",0.0154210526315788
"22969","diff4",0.0522631578947369
"22970","diff4",-0.000368421052631726
"22971","diff4",-0.0214210526315789
"22972","diff4",-0.0477368421052632
"22973","diff4",0.0522631578947369
"22974","diff4",0.0417368421052631
"22975","diff4",0.00489473684210535
"22976","diff4",0.00489473684210513
"22977","diff4",0.0627894736842106
"22978","diff4",0.047
"22979","diff4",0.0259473684210526
"22980","diff4",0.0259473684210526
"22981","diff4",0.0891052631578946
"22982","diff4",0.0154210526315788
"22983","diff4",0.0364736842105263
"22984","diff4",-0.084578947368421
"22985","diff4",-0.0161578947368421
"22986","diff4",0.0417368421052631
"22987","diff4",0.0259473684210526
"22988","diff4",0.0627894736842106
"22989","diff4",0.0575263157894737
"22990","diff4",-0.0266842105263158
"22991","diff4",-0.0108947368421052
"22992","diff4",0.00489473684210513
"22993","diff4",0.0785789473684209
"22994","diff4",-0.0319473684210527
"22995","diff4",-0.000368421052631726
"22996","diff4",0.0680526315789474
"22997","diff4",0.0154210526315788
"22998","diff4",0.047
"22999","diff4",0.010157894736842
"23000","diff4",0.00489473684210513
"23001","diff4",-0.0424736842105264
"23002","diff4",-0.0424736842105264
"23003","diff4",-0.000368421052631726
"23004","diff4",-0.00563157894736836
"23005","diff4",0.0522631578947369
"23006","diff4",0.0259473684210526
"23007","diff4",0.047
"23008","diff4",0.0680526315789474
"23009","diff4",0.010157894736842
"23010","diff4",0.0259473684210526
"23011","diff4",0.0575263157894737
"23012","diff4",0.047
"23013","diff4",0.0417368421052631
"23014","diff4",-0.0793157894736842
"23015","diff4",0.0364736842105263
"23016","diff4",0.0891052631578946
"23017","diff4",0.00489473684210513
"23018","diff4",0.0154210526315788
"23019","diff4",0.0522631578947369
"23020","diff4",-0.0161578947368421
"23021","diff4",0.0364736842105263
"23022","diff4",0.0575263157894737
"23023","diff4",0.010157894736842
"23024","diff4",-0.0372105263157895
"23025","diff4",-0.0108947368421052
"23026","diff4",0.0259473684210526
"23027","diff4",0.0364736842105263
"23028","diff4",0.010157894736842
"23029","diff4",-0.000368421052631726
"23030","diff4",-0.0161578947368421
"23031","diff4",0.0627894736842106
"23032","diff4",0.0154210526315788
"23033","diff4",0.0838421052631578
"23034","diff4",0.0312105263157894
"23035","diff4",0.0154210526315788
"23036","diff4",0.0364736842105263
"23037","diff4",0.0417368421052631
"23038","diff4",-0.0266842105263158
"23039","diff4",-0.0266842105263158
"23040","diff4",0.010157894736842
"23041","diff4",0.047
"23042","diff4",-0.0319473684210527
"23043","diff4",0.0575263157894737
"23044","diff4",0.0891052631578946
"23045","diff4",0.0154210526315788
"23046","diff4",0.0575263157894737
"23047","diff4",0.0364736842105263
"23048","diff4",-0.0161578947368421
"23049","diff4",0.0680526315789474
"23050","diff4",-0.000368421052631504
"23051","diff4",0.0417368421052631
"23052","diff4",0.047
"23053","diff4",-0.0214210526315789
"23054","diff4",0.0206842105263157
"23055","diff4",0.0364736842105263
"23056","diff4",0.010157894736842
"23057","diff4",0.0680526315789474
"23058","diff4",0.0522631578947369
"23059","diff4",0.0575263157894737
"23060","diff4",0.0206842105263157
"23061","diff4",0.047
"23062","diff4",0.010157894736842
"23063","diff4",-0.0108947368421052
"23064","diff4",0.0312105263157894
"23065","diff4",0.0733157894736843
"23066","diff4",-0.000368421052631726
"23067","diff4",0.0206842105263157
"23068","diff4",0.0417368421052631
"23069","diff4",0.0627894736842106
"23070","diff4",0.0312105263157894
"23071","diff4",-0.0424736842105264
"23072","diff4",-0.0161578947368421
"23073","diff4",0.0206842105263157
"23074","diff4",0.0364736842105263
"23075","diff4",0.0206842105263157
"23076","diff4",0.0575263157894737
"23077","diff5",0.0891052631578949
"23078","diff5",0.0627894736842106
"23079","diff5",0.0943684210526317
"23080","diff5",0.0206842105263159
"23081","diff5",0.0522631578947369
"23082","diff5",0.0680526315789474
"23083","diff5",0.083842105263158
"23084","diff5",0.0522631578947369
"23085","diff5",0.0891052631578949
"23086","diff5",0.0680526315789474
"23087","diff5",0.0785789473684212
"23088","diff5",0.104894736842105
"23089","diff5",-0.0214210526315789
"23090","diff5",0.0312105263157894
"23091","diff5",0.0680526315789474
"23092","diff5",-0.0108947368421052
"23093","diff5",0.0680526315789474
"23094","diff5",0.0680526315789474
"23095","diff5",0.0417368421052631
"23096","diff5",0.0312105263157894
"23097","diff5",0.0154210526315791
"23098","diff5",0.104894736842105
"23099","diff5",0.104894736842105
"23100","diff5",0.0891052631578949
"23101","diff5",0.0154210526315791
"23102","diff5",0.0627894736842106
"23103","diff5",0.0206842105263159
"23104","diff5",0.0733157894736843
"23105","diff5",0.0312105263157894
"23106","diff5",-0.0319473684210527
"23107","diff5",0.0312105263157894
"23108","diff5",0.0417368421052631
"23109","diff5",0.0627894736842106
"23110","diff5",0.0680526315789474
"23111","diff5",0.125947368421053
"23112","diff5",0.083842105263158
"23113","diff5",0.0417368421052631
"23114","diff5",0.083842105263158
"23115","diff5",0.00489473684210535
"23116","diff5",0.0312105263157894
"23117","diff5",0.0206842105263159
"23118","diff5",0.0575263157894737
"23119","diff5",0.0627894736842106
"23120","diff5",0.083842105263158
"23121","diff5",0.0312105263157894
"23122","diff5",0.0733157894736843
"23123","diff5",0.083842105263158
"23124","diff5",0.0312105263157896
"23125","diff5",-0.000368421052631504
"23126","diff5",0.0891052631578949
"23127","diff5",0.110157894736842
"23128","diff5",0.0733157894736843
"23129","diff5",0.0312105263157894
"23130","diff5",0.047
"23131","diff5",0.0206842105263159
"23132","diff5",0.0575263157894737
"23133","diff5",0.0364736842105263
"23134","diff5",0.0259473684210526
"23135","diff5",0.0522631578947369
"23136","diff5",-0.0266842105263158
"23137","diff5",0.0785789473684212
"23138","diff5",0.0312105263157894
"23139","diff5",0.047
"23140","diff5",0.0154210526315791
"23141","diff5",-0.00563157894736836
"23142","diff5",0.0259473684210526
"23143","diff5",0.104894736842105
"23144","diff5",0.0206842105263159
"23145","diff5",0.0943684210526317
"23146","diff5",0.0575263157894737
"23147","diff5",0.0575263157894737
"23148","diff5",0.0522631578947369
"23149","diff5",0.0101578947368422
"23150","diff5",0.0891052631578949
"23151","diff5",0.0522631578947369
"23152","diff5",0.0891052631578949
"23153","diff5",0.0575263157894737
"23154","diff5",0.0733157894736843
"23155","diff5",0.0733157894736843
"23156","diff5",0.0101578947368422
"23157","diff5",0.0733157894736843
"23158","diff5",0.0312105263157894
"23159","diff5",0.0259473684210528
"23160","diff5",0.0996315789473684
"23161","diff5",0.0680526315789474
"23162","diff5",0.0575263157894737
"23163","diff5",0.0364736842105263
"23164","diff5",0.083842105263158
"23165","diff5",0.047
"23166","diff5",0.083842105263158
"23167","diff5",0.0522631578947369
"23168","diff5",0.0680526315789474
"23169","diff5",0.0733157894736843
"23170","diff5",0.0417368421052631
"23171","diff5",-0.00563157894736836
"23172","diff5",0.0891052631578949
"23173","diff5",0.0785789473684212
"23174","diff5",0.0785789473684212
"23175","diff5",-0.000368421052631504
"23176","diff5",0.0522631578947369
"23177","diff5",0.00489473684210535
"23178","diff5",0.0627894736842106
"23179","diff5",0.0312105263157894
"23180","diff5",0.047
"23181","diff5",0.0575263157894737
"23182","diff5",0.0206842105263159
"23183","diff5",0.0417368421052631
"23184","diff5",0.0891052631578949
"23185","diff5",0.0364736842105263
"23186","diff5",0.0785789473684212
"23187","diff5",-0.0319473684210527
"23188","diff5",0.168052631578948
"23189","diff5",0.0575263157894737
"23190","diff5",0.0680526315789474
"23191","diff5",0.0312105263157894
"23192","diff5",0.115421052631579
"23193","diff5",0.0154210526315791
"23194","diff5",0.0733157894736843
"23195","diff5",0.0364736842105263
"23196","diff5",0.0417368421052631
"23197","diff5",0.125947368421053
"23198","diff5",0.0627894736842106
"23199","diff5",0.0627894736842106
"23200","diff5",0.00489473684210535
"23201","diff5",0.0575263157894737
"23202","diff5",0.0154210526315791
"23203","diff5",0.0522631578947369
"23204","diff5",0.083842105263158
"23205","diff5",0.083842105263158
"23206","diff5",0.0206842105263159
"23207","diff5",0.0627894736842106
"23208","diff5",0.0522631578947369
"23209","diff5",0.0575263157894737
"23210","diff5",-0.0266842105263158
"23211","diff5",0.083842105263158
"23212","diff5",0.0206842105263159
"23213","diff5",0.0575263157894737
"23214","diff5",0.00489473684210535
"23215","diff5",0.083842105263158
"23216","diff5",0.047
"23217","diff5",0.083842105263158
"23218","diff5",0.0733157894736843
"23219","diff5",0.0417368421052631
"23220","diff5",0.0733157894736843
"23221","diff5",0.0417368421052631
"23222","diff5",0.0575263157894737
"23223","diff5",0.0785789473684212
"23224","diff5",0.0575263157894737
"23225","diff5",0.0627894736842106
"23226","diff5",0.0680526315789474
"23227","diff5",0.0417368421052631
"23228","diff5",0.0733157894736843
"23229","diff5",0.083842105263158
"23230","diff5",0.0259473684210528
"23231","diff5",0.0996315789473686
"23232","diff5",0.0259473684210528
"23233","diff5",0.0312105263157894
"23234","diff5",0.0522631578947369
"23235","diff5",0.083842105263158
"23236","diff5",0.0417368421052631
"23237","diff5",0.0364736842105263
"23238","diff5",0.0733157894736843
"23239","diff5",0.047
"23240","diff5",0.0312105263157894
"23241","diff5",0.0206842105263159
"23242","diff5",0.0891052631578949
"23243","diff5",0.0364736842105263
"23244","diff5",0.0364736842105263
"23245","diff5",0.0943684210526317
"23246","diff5",-0.00563157894736836
"23247","diff5",0.0522631578947369
"23248","diff5",0.0680526315789474
"23249","diff5",0.0785789473684212
"23250","diff5",0.0733157894736843
"23251","diff5",0.0259473684210526
"23252","diff5",0.0259473684210528
"23253","diff5",0.0680526315789474
"23254","diff5",0.047
"23255","diff5",0.0101578947368422
"23256","diff5",0.0943684210526317
"23257","diff5",0.110157894736842
"23258","diff5",0.0206842105263159
"23259","diff5",0.0785789473684212
"23260","diff5",0.083842105263158
"23261","diff5",0.0417368421052631
"23262","diff5",0.0733157894736843
"23263","diff5",0.0154210526315791
"23264","diff5",0.0733157894736843
"23265","diff5",0.0101578947368422
"23266","diff5",0.0575263157894737
"23267","diff5",0.0680526315789474
"23268","diff5",0.110157894736842
"23269","diff5",-0.0108947368421052
"23270","diff5",0.136473684210526
"23271","diff5",0.0417368421052631
"23272","diff5",0.0259473684210528
"23273","diff5",0.0259473684210528
"23274","diff5",0.047
"23275","diff5",0.0680526315789474
"23276","diff5",0.0522631578947369
"23277","diff5",0.120684210526316
"23278","diff5",0.0891052631578949
"23279","diff5",0.0891052631578949
"23280","diff5",0.0364736842105263
"23281","diff5",0.083842105263158
"23282","diff5",0.0575263157894737
"23283","diff5",0.0680526315789474
"23284","diff5",0.104894736842105
"23285","diff5",0.00489473684210535
"23286","diff5",0.0364736842105263
"23287","diff5",0.0154210526315791
"23288","diff5",0.115421052631579
"23289","diff5",0.115421052631579
"23290","diff5",0.0364736842105263
"23291","diff5",0.0996315789473684
"23292","diff5",0.0259473684210528
"23293","diff5",0.0733157894736843
"23294","diff5",0.0259473684210528
"23295","diff5",0.0522631578947369
"23296","diff5",0.0575263157894737
"23297","diff5",0.0522631578947369
"23298","diff5",0.0943684210526317
"23299","diff5",0.120684210526316
"23300","diff5",0.0680526315789474
"23301","diff5",0.0680526315789474
"23302","diff5",0.0733157894736843
"23303","diff5",0.047
"23304","diff5",0.0259473684210528
"23305","diff5",0.0680526315789474
"23306","diff5",0.0259473684210526
"23307","diff5",0.0627894736842106
"23308","diff5",0.0259473684210528
"23309","diff5",0.0627894736842106
"23310","diff5",0.0680526315789474
"23311","diff5",0.0417368421052631
"23312","diff5",0.0627894736842106
"23313","diff5",0.0733157894736843
"23314","diff5",0.0733157894736843
"23315","diff5",0.0101578947368422
"23316","diff5",0.0206842105263159
"23317","diff5",0.0943684210526317
"23318","diff5",0.0575263157894737
"23319","diff5",0.0312105263157894
"23320","diff5",0.047
"23321","diff5",0.0627894736842106
"23322","diff5",0.0680526315789474
"23323","diff5",0.0206842105263159
"23324","diff5",0.0364736842105263
"23325","diff5",0.0259473684210528
"23326","diff5",0.0575263157894737
"23327","diff5",0.104894736842105
"23328","diff5",0.00489473684210535
"23329","diff5",0.0259473684210528
"23330","diff5",0.0575263157894737
"23331","diff5",0.0522631578947369
"23332","diff5",0.0627894736842106
"23333","diff5",0.110157894736842
"23334","diff5",0.083842105263158
"23335","diff5",0.0891052631578949
"23336","diff5",0.0627894736842106
"23337","diff5",0.0733157894736843
"23338","diff5",0.083842105263158
"23339","diff5",0.0996315789473686
"23340","diff5",0.0417368421052631
"23341","diff5",0.083842105263158
"23342","diff5",0.0575263157894737
"23343","diff5",0.083842105263158
"23344","diff5",0.0733157894736843
"23345","diff5",0.0364736842105263
"23346","diff5",0.0575263157894737
"23347","diff5",0.0206842105263159
"23348","diff5",0.0627894736842106
"23349","diff5",0.083842105263158
"23350","diff5",0.0733157894736843
"23351","diff5",0.0312105263157896
"23352","diff5",0.0943684210526317
"23353","diff5",0.0364736842105263
"23354","diff5",0.083842105263158
"23355","diff5",0.0259473684210526
"23356","diff5",-0.00563157894736836
"23357","diff5",0.083842105263158
"23358","diff5",0.0627894736842106
"23359","diff5",0.0943684210526317
"23360","diff5",0.0575263157894737
"23361","diff5",0.0312105263157896
"23362","diff5",0.0522631578947369
"23363","diff5",0.0733157894736843
"23364","diff5",-0.00563157894736836
"23365","diff5",0.0943684210526317
"23366","diff5",0.0785789473684212
"23367","diff5",0.047
"23368","diff5",0.110157894736842
"23369","diff5",0.0996315789473686
"23370","diff5",-0.0161578947368421
"23371","diff5",-0.000368421052631504
"23372","diff5",0.0312105263157894
"23373","diff5",0.0575263157894737
"23374","diff5",0.104894736842105
"23375","diff5",0.047
"23376","diff5",0.0733157894736843
"23377","diff5",0.0259473684210526
"23378","diff5",0.0417368421052631
"23379","diff5",0.0627894736842106
"23380","diff5",0.0785789473684212
"23381","diff5",0.0575263157894737
"23382","diff5",0.104894736842105
"23383","diff5",0.0364736842105263
"23384","diff5",0.0522631578947369
"23385","diff5",0.083842105263158
"23386","diff5",0.0891052631578949
"23387","diff5",0.0891052631578949
"23388","diff5",0.0417368421052631
"23389","diff5",0.0733157894736843
"23390","diff5",0.0312105263157894
"23391","diff5",0.0364736842105263
"23392","diff5",0.104894736842105
"23393","diff5",0.0206842105263159
"23394","diff5",0.0364736842105263
"23395","diff5",0.0943684210526317
"23396","diff5",0.0891052631578949
"23397","diff5",0.0575263157894737
"23398","diff5",0.0943684210526317
"23399","diff5",0.0733157894736843
"23400","diff5",0.047
"23401","diff5",0.0259473684210528
"23402","diff5",0.131210526315789
"23403","diff5",0.104894736842105
"23404","diff5",0.0312105263157894
"23405","diff5",0.0575263157894737
"23406","diff5",0.0259473684210528
"23407","diff5",0.0417368421052631
"23408","diff5",0.0627894736842106
"23409","diff5",0.0312105263157896
"23410","diff5",0.0364736842105263
"23411","diff5",0.0575263157894737
"23412","diff5",0.0996315789473686
"23413","diff5",0.0891052631578949
"23414","diff5",0.047
"23415","diff5",0.0364736842105263
"23416","diff5",0.0680526315789474
"23417","diff5",0.0259473684210526
"23418","diff5",0.0891052631578949
"23419","diff5",0.0364736842105263
"23420","diff5",0.0891052631578949
"23421","diff5",0.0680526315789474
"23422","diff5",0.0364736842105263
"23423","diff5",0.0522631578947369
"23424","diff5",0.0522631578947369
"23425","diff5",0.0575263157894737
"23426","diff5",0.0154210526315791
"23427","diff5",0.0733157894736843
"23428","diff5",0.0312105263157896
"23429","diff5",0.0891052631578949
"23430","diff5",-0.0108947368421052
"23431","diff5",0.0627894736842106
"23432","diff5",0.0785789473684212
"23433","diff5",0.104894736842105
"23434","diff5",0.047
"23435","diff5",0.0943684210526317
"23436","diff5",0.0575263157894737
"23437","diff5",0.0259473684210528
"23438","diff5",0.0733157894736843
"23439","diff5",0.0312105263157896
"23440","diff5",0.0943684210526317
"23441","diff5",0.0575263157894737
"23442","diff5",0.0364736842105263
"23443","diff5",0.0259473684210528
"23444","diff5",0.115421052631579
"23445","diff5",0.0680526315789474
"23446","diff5",0.0522631578947369
"23447","diff5",0.0522631578947369
"23448","diff5",0.0943684210526317
"23449","diff5",0.0522631578947369
"23450","diff5",0.0627894736842106
"23451","diff5",0.115421052631579
"23452","diff5",0.0364736842105263
"23453","diff5",0.0575263157894737
"23454","diff5",0.0417368421052631
"23455","diff5",0.0891052631578949
"23456","diff5",0.0154210526315791
"23457","diff5",0.0575263157894737
"23458","diff5",0.0575263157894737
"23459","diff5",0.0996315789473686
"23460","diff5",0.0259473684210528
"23461","diff5",0.0680526315789474
"23462","diff5",0.0891052631578949
"23463","diff5",0.110157894736842
"23464","diff5",0.0575263157894737
"23465","diff5",0.0312105263157896
"23466","diff5",0.0101578947368422
"23467","diff5",0.047
"23468","diff5",0.083842105263158
"23469","diff5",0.083842105263158
"23470","diff5",0.047
"23471","diff5",0.0101578947368422
"23472","diff5",0.0417368421052631
"23473","diff5",0.0733157894736843
"23474","diff5",0.0575263157894737
"23475","diff5",0.0364736842105263
"23476","diff5",0.0206842105263159
"23477","diff5",0.083842105263158
"23478","diff5",0.0733157894736843
"23479","diff5",0.0575263157894737
"23480","diff5",0.0680526315789474
"23481","diff5",0.0785789473684212
"23482","diff5",0.0575263157894737
"23483","diff5",0.047
"23484","diff5",0.0996315789473684
"23485","diff5",0.0680526315789474
"23486","diff5",0.047
"23487","diff5",0.0943684210526317
"23488","diff5",-0.0529999999999999
"23489","diff5",0.0575263157894737
"23490","diff5",0.0627894736842106
"23491","diff5",0.0785789473684212
"23492","diff5",0.0259473684210528
"23493","diff5",0.0680526315789474
"23494","diff5",0.0259473684210528
"23495","diff5",0.0154210526315791
"23496","diff5",-0.0108947368421052
"23497","diff5",0.0785789473684212
"23498","diff5",0.0943684210526317
"23499","diff5",0.0259473684210526
"23500","diff5",0.047
"23501","diff5",0.0627894736842106
"23502","diff5",0.0680526315789474
"23503","diff5",0.0522631578947369
"23504","diff5",0.047
"23505","diff5",0.0522631578947369
"23506","diff5",0.0522631578947369
"23507","diff5",0.0364736842105263
"23508","diff5",0.0627894736842106
"23509","diff5",0.0575263157894737
"23510","diff5",0.0417368421052631
"23511","diff5",0.0785789473684212
"23512","diff5",0.0733157894736843
"23513","diff5",0.0733157894736843
"23514","diff5",0.0680526315789474
"23515","diff5",0.0101578947368422
"23516","diff5",0.0996315789473684
"23517","diff5",0.0680526315789474
"23518","diff5",0.0943684210526317
"23519","diff5",0.0785789473684212
"23520","diff5",0.0733157894736843
"23521","diff5",0.0364736842105263
"23522","diff5",0.0627894736842106
"23523","diff5",0.0891052631578949
"23524","diff5",0.120684210526316
"23525","diff5",0.0575263157894737
"23526","diff5",0.0680526315789474
"23527","diff5",0.0522631578947369
"23528","diff5",-0.00563157894736836
"23529","diff5",0.0154210526315791
"23530","diff5",0.0364736842105263
"23531","diff5",0.0522631578947369
"23532","diff5",0.110157894736842
"23533","diff5",0.0417368421052631
"23534","diff5",0.0680526315789474
"23535","diff5",0.0101578947368422
"23536","diff5",0.0680526315789474
"23537","diff5",0.0522631578947369
"23538","diff5",0.0627894736842106
"23539","diff5",0.0627894736842106
"23540","diff5",0.0259473684210528
"23541","diff5",0.0680526315789474
"23542","diff5",0.0891052631578949
"23543","diff5",0.0733157894736843
"23544","diff5",0.0627894736842106
"23545","diff5",0.0575263157894737
"23546","diff5",0.0680526315789474
"23547","diff5",0.0785789473684212
"23548","diff5",0.0996315789473684
"23549","diff5",0.0522631578947369
"23550","diff5",0.0575263157894737
"23551","diff5",0.0154210526315791
"23552","diff5",0.0312105263157896
"23553","diff5",0.0785789473684212
"23554","diff5",0.0575263157894737
"23555","diff5",0.0575263157894737
"23556","diff5",0.0785789473684212
"23557","diff5",0.0891052631578949
"23558","diff5",0.0364736842105263
"23559","diff5",0.0680526315789474
"23560","diff5",0.0417368421052631
"23561","diff5",0.0522631578947369
"23562","diff5",0.0680526315789474
"23563","diff5",0.0312105263157894
"23564","diff5",0.083842105263158
"23565","diff5",0.0996315789473686
"23566","diff5",0.0417368421052631
"23567","diff5",0.0733157894736843
"23568","diff5",0.0206842105263157
"23569","diff5",0.110157894736842
"23570","diff5",0.104894736842105
"23571","diff5",0.0154210526315791
"23572","diff5",0.0891052631578949
"23573","diff5",0.0575263157894737
"23574","diff5",0.0627894736842106
"23575","diff5",0.0627894736842106
"23576","diff5",0.047
"23577","diff5",0.047
"23578","diff5",0.047
"23579","diff5",0.047
"23580","diff5",0.047
"23581","diff5",0.047
"23582","diff5",0.047
"23583","diff5",0.047
"23584","diff5",0.047
"23585","diff5",0.047
"23586","diff5",0.047
"23587","diff5",0.047
"23588","diff5",0.047
"23589","diff5",0.047
"23590","diff5",0.047
"23591","diff5",0.047
"23592","diff5",0.047
"23593","diff5",0.047
"23594","diff5",0.047
"23595","diff5",0.047
"23596","diff5",0.047
"23597","diff5",0.047
"23598","diff5",0.047
"23599","diff5",0.047
"23600","diff5",0.047
"23601","diff5",0.047
"23602","diff5",0.047
"23603","diff5",0.047
"23604","diff5",0.047
"23605","diff5",0.047
"23606","diff5",0.047
"23607","diff5",0.0206842105263159
"23608","diff5",0.0312105263157896
"23609","diff5",0.0522631578947369
"23610","diff5",0.0154210526315791
"23611","diff5",0.0785789473684212
"23612","diff5",0.083842105263158
"23613","diff5",0.0575263157894737
"23614","diff5",0.110157894736842
"23615","diff5",-0.0214210526315789
"23616","diff5",0.120684210526316
"23617","diff5",0.0259473684210526
"23618","diff5",0.0733157894736843
"23619","diff5",0.0522631578947369
"23620","diff5",0.0733157894736843
"23621","diff5",0.0206842105263159
"23622","diff5",0.0785789473684212
"23623","diff5",0.0522631578947369
"23624","diff5",0.0417368421052631
"23625","diff5",0.0733157894736843
"23626","diff5",0.0522631578947369
"23627","diff5",0.0364736842105265
"23628","diff5",0.0417368421052631
"23629","diff5",0.0733157894736843
"23630","diff5",0.0154210526315791
"23631","diff5",0.0154210526315791
"23632","diff5",0.0417368421052631
"23633","diff5",0.0417368421052631
"23634","diff5",0.083842105263158
"23635","diff5",0.0522631578947369
"23636","diff5",0.115421052631579
"23637","diff5",0.0680526315789474
"23638","diff5",0.0627894736842106
"23639","diff5",0.0627894736842106
"23640","diff5",0.0733157894736843
"23641","diff5",0.00489473684210535
"23642","diff5",0.0206842105263159
"23643","diff5",0.115421052631579
"23644","diff5",0.0680526315789474
"23645","diff5",-0.00563157894736836
"23646","diff5",0.0575263157894737
"23647","diff5",0.0627894736842106
"23648","diff5",0.047
"23649","diff5",0.0575263157894737
"23650","diff5",0.0575263157894737
"23651","diff5",0.115421052631579
"23652","diff5",0.0522631578947369
"23653","diff5",0.0891052631578949
"23654","diff5",0.0312105263157894
"23655","diff5",0.0575263157894737
"23656","diff5",0.110157894736842
"23657","diff5",0.0733157894736843
"23658","diff5",0.0943684210526315
"23659","diff5",0.047
"23660","diff5",-0.000368421052631504
"23661","diff5",0.0364736842105263
"23662","diff5",0.0259473684210526
"23663","diff5",0.0627894736842106
"23664","diff5",0.0627894736842106
"23665","diff5",0.0785789473684212
"23666","diff5",0.0627894736842106
"23667","diff5",0.0891052631578949
"23668","diff5",0.00489473684210535
"23669","diff5",0.0522631578947369
"23670","diff5",0.083842105263158
"23671","diff5",0.0364736842105263
"23672","diff5",-0.000368421052631504
"23673","diff5",0.162789473684211
"23674","diff5",0.0259473684210526
"23675","diff5",0.104894736842105
"23676","diff5",0.0364736842105263
"23677","diff5",0.083842105263158
"23678","diff5",0.0575263157894737
"23679","diff5",0.0575263157894737
"23680","diff5",0.0522631578947369
"23681","diff5",0.0312105263157896
"23682","diff5",0.0364736842105263
"23683","diff5",0.120684210526316
"23684","diff5",0.047
"23685","diff5",0.0733157894736843
"23686","diff5",0.0733157894736843
"23687","diff5",-0.0372105263157895
"23688","diff5",0.047
"23689","diff5",-0.000368421052631504
"23690","diff5",0.0364736842105263
"23691","diff5",0.0575263157894737
"23692","diff5",0.0575263157894737
"23693","diff5",0.0364736842105263
"23694","diff5",0.0364736842105263
"23695","diff5",0.0259473684210526
"23696","diff5",0.0943684210526317
"23697","diff5",0.083842105263158
"23698","diff5",0.136473684210526
"23699","diff5",0.0364736842105263
"23700","diff5",0.0101578947368422
"23701","diff5",0.0522631578947369
"23702","diff5",0.0206842105263159
"23703","diff5",0.0364736842105263
"23704","diff5",0.0733157894736843
"23705","diff5",0.0206842105263159
"23706","diff5",0.0206842105263159
"23707","diff5",0.0575263157894737
"23708","diff5",0.0943684210526317
"23709","diff5",0.0417368421052631
"23710","diff5",0.0733157894736843
"23711","diff5",0.0522631578947369
"23712","diff5",0.0785789473684212
"23713","diff5",0.0785789473684212
"23714","diff5",0.0627894736842106
"23715","diff5",0.0364736842105263
"23716","diff5",0.0417368421052631
"23717","diff5",0.0364736842105263
"23718","diff5",0.047
"23719","diff5",0.0627894736842106
"23720","diff5",0.110157894736842
"23721","diff5",0.0312105263157894
"23722","diff5",0.0680526315789474
"23723","diff5",0.0996315789473686
"23724","diff5",0.0627894736842106
"23725","diff5",0.0206842105263159
"23726","diff5",0.0312105263157894
"23727","diff5",0.125947368421053
"23728","diff5",0.0417368421052631
"23729","diff5",0.047
"23730","diff5",0.0312105263157894
"23731","diff5",0.0627894736842106
"23732","diff5",0.083842105263158
"23733","diff5",0.083842105263158
"23734","diff5",0.0417368421052631
"23735","diff5",0.0417368421052631
"23736","diff5",0.0312105263157894
"23737","diff5",0.0522631578947369
"23738","diff5",0.0943684210526317
"23739","diff5",0.0680526315789474
"23740","diff5",0.0312105263157894
"23741","diff5",0.0627894736842106
"23742","diff5",0.0785789473684212
"23743","diff5",0.120684210526316
"23744","diff5",0.047
"23745","diff5",0.047
"23746","diff5",0.0522631578947369
"23747","diff5",0.047
"23748","diff5",0.0627894736842106
"23749","diff5",0.0259473684210528
"23750","diff5",0.083842105263158
"23751","diff5",0.0891052631578949
"23752","diff5",-0.0108947368421052
"23753","diff5",0.110157894736842
"23754","diff5",0.0680526315789474
"23755","diff5",0.0417368421052631
"23756","diff5",0.0575263157894737
"23757","diff5",0.0943684210526317
"23758","diff5",-0.0319473684210527
"23759","diff5",0.0680526315789474
"23760","diff5",0.0891052631578949
"23761","diff5",0.0733157894736843
"23762","diff5",0.0996315789473686
"23763","diff5",-0.0161578947368421
"23764","diff5",0.0417368421052631
"23765","diff5",0.0417368421052631
"23766","diff5",0.0785789473684212
"23767","diff5",0.0627894736842106
"23768","diff5",0.047
"23769","diff5",-0.000368421052631504
"23770","diff5",0.00489473684210535
"23771","diff5",0.0785789473684212
"23772","diff5",0.0627894736842106
"23773","diff5",0.0312105263157894
"23774","diff5",0.0680526315789474
"23775","diff5",0.0522631578947369
"23776","diff5",0.0733157894736843
"23777","diff5",0.0575263157894737
"23778","diff5",0.0680526315789474
"23779","diff5",0.0522631578947369
"23780","diff5",0.0259473684210528
"23781","diff5",0.0522631578947369
"23782","diff5",-0.0108947368421052
"23783","diff5",0.0733157894736843
"23784","diff5",0.0417368421052631
"23785","diff5",0.0312105263157894
"23786","diff5",0.0891052631578949
"23787","diff5",0.0259473684210526
"23788","diff5",-0.0214210526315789
"23789","diff5",0.0206842105263159
"23790","diff5",0.0785789473684212
"23791","diff5",0.047
"23792","diff5",0.047
"23793","diff5",0.0206842105263159
"23794","diff5",0.083842105263158
"23795","diff5",0.0522631578947369
"23796","diff5",-0.0214210526315789
"23797","diff5",0.0680526315789474
"23798","diff5",0.083842105263158
"23799","diff5",0.0785789473684212
"23800","diff5",0.0417368421052631
"23801","diff5",0.0785789473684212
"23802","diff5",0.115421052631579
"23803","diff5",0.0733157894736843
"23804","diff5",0.0417368421052631
"23805","diff5",0.0206842105263159
"23806","diff5",0.141736842105263
"23807","diff5",0.131210526315789
"23808","diff5",0.0733157894736843
"23809","diff5",0.0312105263157896
"23810","diff5",0.047
"23811","diff5",0.0733157894736843
"23812","diff5",0.047
"23813","diff5",0.0785789473684212
"23814","diff5",0.0522631578947369
"23815","diff5",0.0680526315789474
"23816","diff5",0.0943684210526317
"23817","diff5",0.0733157894736843
"23818","diff5",0.0522631578947369
"23819","diff5",0.0101578947368422
"23820","diff5",0.047
"23821","diff5",0.0785789473684212
"23822","diff5",0.0680526315789474
"23823","diff5",0.0364736842105263
"23824","diff5",0.0522631578947369
"23825","diff5",0.047
"23826","diff5",0.0680526315789474
"23827","diff5",0.083842105263158
"23828","diff5",0.110157894736842
"23829","diff5",0.0154210526315791
"23830","diff5",0.0733157894736843
"23831","diff5",0.0733157894736843
"23832","diff5",0.0943684210526315
"23833","diff5",0.083842105263158
"23834","diff5",0.0417368421052631
"23835","diff5",0.0733157894736843
"23836","diff5",0.0417368421052631
"23837","diff5",0.0364736842105263
"23838","diff5",0.0680526315789474
"23839","diff5",0.120684210526316
"23840","diff5",0.110157894736842
"23841","diff5",0.0522631578947369
"23842","diff5",0.047
"23843","diff5",0.0206842105263159
"23844","diff5",0.0733157894736843
"23845","diff5",0.0627894736842106
"23846","diff5",0.047
"23847","diff5",0.0312105263157894
"23848","diff5",0.0627894736842106
"23849","diff5",0.0733157894736843
"23850","diff5",0.0785789473684212
"23851","diff5",0.141736842105263
"23852","diff5",0.0733157894736843
"23853","diff5",0.0312105263157894
"23854","diff5",0.0575263157894737
"23855","diff5",0.0575263157894737
"23856","diff5",0.0680526315789474
"23857","diff5",0.0575263157894737
"23858","diff5",0.0364736842105263
"23859","diff5",0.0733157894736843
"23860","diff5",0.0154210526315791
"23861","diff5",0.0259473684210528
"23862","diff5",0.0575263157894737
"23863","diff5",0.0680526315789474
"23864","diff5",0.0733157894736843
"23865","diff5",0.0680526315789474
"23866","diff5",0.115421052631579
"23867","diff5",0.0154210526315791
"23868","diff5",0.0627894736842106
"23869","diff5",0.0575263157894737
"23870","diff5",0.0417368421052631
"23871","diff5",0.0417368421052631
"23872","diff5",0.083842105263158
"23873","diff5",0.0785789473684212
"23874","diff5",0.0575263157894737
"23875","diff5",0.0627894736842106
"23876","diff5",0.0417368421052631
"23877","diff5",0.0627894736842106
"23878","diff5",0.0891052631578949
"23879","diff5",0.0575263157894737
"23880","diff5",0.0522631578947369
"23881","diff5",0.0154210526315791
"23882","diff5",0.115421052631579
"23883","diff5",0.120684210526316
"23884","diff5",0.0733157894736843
"23885","diff5",0.0733157894736843
"23886","diff5",0.0733157894736843
"23887","diff5",0.0522631578947369
"23888","diff5",0.083842105263158
"23889","diff5",0.0733157894736843
"23890","diff5",0.0733157894736843
"23891","diff5",0.0575263157894737
"23892","diff5",-0.0214210526315789
"23893","diff5",0.0785789473684212
"23894","diff5",0.0680526315789474
"23895","diff5",0.0891052631578949
"23896","diff5",0.0364736842105263
"23897","diff5",0.0206842105263159
"23898","diff5",0.0943684210526317
"23899","diff5",0.083842105263158
"23900","diff5",0.083842105263158
"23901","diff5",0.0575263157894737
"23902","diff5",0.0206842105263157
"23903","diff5",0.083842105263158
"23904","diff5",0.0733157894736843
"23905","diff5",0.0680526315789474
"23906","diff5",0.0680526315789474
"23907","diff5",0.0575263157894737
"23908","diff5",0.0943684210526317
"23909","diff5",0.0364736842105263
"23910","diff5",0.0206842105263159
"23911","diff5",0.0312105263157896
"23912","diff5",0.047
"23913","diff5",0.047
"23914","diff5",0.0575263157894737
"23915","diff5",0.0891052631578949
"23916","diff5",0.0785789473684212
"23917","diff5",0.0206842105263159
"23918","diff5",0.0996315789473686
"23919","diff5",0.120684210526316
"23920","diff5",0.0259473684210528
"23921","diff5",0.0627894736842106
"23922","diff5",0.104894736842105
"23923","diff5",0.0785789473684212
"23924","diff5",0.0154210526315791
"23925","diff5",0.0206842105263159
"23926","diff5",0.047
"23927","diff5",0.0785789473684212
"23928","diff5",0.083842105263158
"23929","diff5",0.0312105263157894
"23930","diff5",0.0785789473684212
"23931","diff5",0.0627894736842106
"23932","diff5",0.0680526315789474
"23933","diff5",0.0312105263157894
"23934","diff5",0.0259473684210526
"23935","diff5",0.0312105263157894
"23936","diff5",0.0364736842105263
"23937","diff5",0.104894736842105
"23938","diff5",0.0259473684210528
"23939","diff5",-0.0108947368421052
"23940","diff5",0.104894736842105
"23941","diff5",0.0943684210526317
"23942","diff5",0.0733157894736843
"23943","diff5",0.083842105263158
"23944","diff5",0.0522631578947369
"23945","diff5",0.0101578947368422
"23946","diff5",0.115421052631579
"23947","diff5",0.115421052631579
"23948","diff5",0.0417368421052631
"23949","diff5",0.0627894736842106
"23950","diff5",0.0627894736842106
"23951","diff5",0.0627894736842106
"23952","diff5",0.0627894736842106
"23953","diff5",0.0259473684210528
"23954","diff5",0.0785789473684212
"23955","diff5",0.125947368421053
"23956","diff5",-0.00563157894736836
"23957","diff5",0.104894736842105
"23958","diff5",0.0733157894736843
"23959","diff5",0.0680526315789474
"23960","diff5",0.0733157894736843
"23961","diff5",0.0417368421052631
"23962","diff5",0.131210526315789
"23963","diff5",0.0206842105263159
"23964","diff5",0.0522631578947369
"23965","diff5",0.0522631578947369
"23966","diff5",0.0575263157894737
"23967","diff5",0.0364736842105263
"23968","diff5",0.0575263157894737
"23969","diff5",0.0943684210526317
"23970","diff5",0.0943684210526317
"23971","diff5",0.0627894736842106
"23972","diff5",0.0417368421052631
"23973","diff5",0.115421052631579
"23974","diff5",0.0785789473684212
"23975","diff5",0.0785789473684212
"23976","diff5",0.0312105263157896
"23977","diff5",-0.0266842105263158
"23978","diff5",0.0206842105263159
"23979","diff5",0.0627894736842106
"23980","diff5",0.0417368421052631
"23981","diff5",0.0101578947368422
"23982","diff5",-0.00563157894736836
"23983","diff5",0.0627894736842106
"23984","diff5",0.115421052631579
"23985","diff5",0.0943684210526317
"23986","diff5",0.083842105263158
"23987","diff5",0.0575263157894737
"23988","diff5",0.110157894736842
"23989","diff5",0.047
"23990","diff5",0.0522631578947369
"23991","diff5",0.0259473684210528
"23992","diff5",0.125947368421053
"23993","diff5",0.0522631578947369
"23994","diff5",0.083842105263158
"23995","diff5",0.0259473684210528
"23996","diff5",0.0154210526315791
"23997","diff5",-0.0214210526315789
"23998","diff5",0.0206842105263159
"23999","diff5",0.083842105263158
"24000","diff5",0.136473684210526
"24001","diff5",0.083842105263158
"24002","diff5",0.0996315789473686
"24003","diff5",0.0627894736842106
"24004","diff5",0.0364736842105263
"24005","diff5",0.0312105263157894
"24006","diff5",0.0785789473684212
"24007","diff5",-0.0372105263157895
"24008","diff5",0.0364736842105263
"24009","diff5",0.0943684210526317
"24010","diff5",0.0996315789473684
"24011","diff5",0.0680526315789474
"24012","diff5",0.0943684210526317
"24013","diff5",-0.000368421052631504
"24014","diff5",0.0785789473684212
"24015","diff5",0.0154210526315791
"24016","diff5",0.0312105263157894
"24017","diff5",0.0680526315789474
"24018","diff5",0.0733157894736843
"24019","diff5",0.0154210526315791
"24020","diff5",0.0312105263157894
"24021","diff5",0.0891052631578949
"24022","diff5",0.0575263157894737
"24023","diff5",0.104894736842105
"24024","diff5",0.0259473684210528
"24025","diff5",0.0785789473684212
"24026","diff5",0.0891052631578949
"24027","diff5",0.0312105263157894
"24028","diff5",0.0364736842105263
"24029","diff5",0.0575263157894737
"24030","diff5",0.083842105263158
"24031","diff5",0.0312105263157894
"24032","diff5",0.0522631578947369
"24033","diff5",0.047
"24034","diff5",0.0680526315789474
"24035","diff5",0.0943684210526317
"24036","diff5",0.0627894736842106
"24037","diff5",0.115421052631579
"24038","diff5",0.0733157894736843
"24039","diff5",0.047
"24040","diff5",0.0996315789473684
"24041","diff5",0.0733157894736843
"24042","diff5",0.0259473684210528
"24043","diff5",0.0575263157894737
"24044","diff5",0.0417368421052631
"24045","diff5",0.0206842105263159
"24046","diff5",0.0733157894736843
"24047","diff5",0.0575263157894737
"24048","diff5",0.0680526315789474
"24049","diff5",0.0312105263157894
"24050","diff5",0.0575263157894737
"24051","diff5",0.0733157894736843
"24052","diff5",0.0575263157894737
"24053","diff5",0.0259473684210528
"24054","diff5",0.115421052631579
"24055","diff5",0.083842105263158
"24056","diff5",0.0575263157894737
"24057","diff5",0.0733157894736843
"24058","diff5",0.0417368421052631
"24059","diff5",0.104894736842105
"24060","diff5",0.0364736842105263
"24061","diff5",0.083842105263158
"24062","diff5",0.0575263157894737
"24063","diff5",0.0259473684210528
"24064","diff5",-0.00563157894736836
"24065","diff5",0.0364736842105263
"24066","diff5",0.083842105263158
"24067","diff5",0.0943684210526317
"24068","diff5",0.047
"24069","diff5",0.0154210526315791
"24070","diff5",0.0259473684210526
"24071","diff5",0.0575263157894737
"24072","diff5",0.0312105263157894
"24073","diff5",0.141736842105263
"24074","diff5",0.0891052631578949
"24075","diff5",0.0627894736842106
"24076","diff5",0.115421052631579
"24077","diff5",0.0575263157894737
"24078","diff5",0.00489473684210535
"24079","diff5",0.104894736842105
"24080","diff5",0.0891052631578949
"24081","diff5",0.0785789473684212
"24082","diff5",0.0733157894736843
"24083","diff5",0.115421052631579
"24084","diff5",0.0312105263157894
"24085","diff5",0.0733157894736843
"24086","diff5",0.0680526315789474
"24087","diff5",0.0417368421052631
"24088","diff5",0.0785789473684212
"24089","diff5",0.0575263157894737
"24090","diff5",0.0312105263157896
"24091","diff5",0.0522631578947369
"24092","diff5",0.0785789473684212
"24093","diff5",0.0206842105263159
"24094","diff5",0.0627894736842106
"24095","diff5",0.0417368421052631
"24096","diff5",0.0996315789473686
"24097","diff5",0.0259473684210528
"24098","diff5",0.0785789473684212
"24099","diff5",0.0733157894736843
"24100","diff5",0.0522631578947369
"24101","diff5",0.047
"24102","diff5",0.0206842105263159
"24103","diff5",0.0627894736842106
"24104","diff5",0.0838421052631578
"24105","diff5",0.0364736842105265
"24106","diff5",0.0785789473684212
"24107","diff5",0.0785789473684212
"24108","diff5",-0.0108947368421052
"24109","diff5",0.0627894736842106
"24110","diff5",0.0522631578947369
"24111","diff5",0.0680526315789474
"24112","diff5",0.047
"24113","diff5",0.083842105263158
"24114","diff5",0.0627894736842106
"24115","diff5",0.0154210526315791
"24116","diff5",0.083842105263158
"24117","diff5",0.083842105263158
"24118","diff5",0.0259473684210526
"24119","diff5",0.0206842105263159
"24120","diff5",0.0312105263157894
"24121","diff5",0.0522631578947369
"24122","diff5",0.0154210526315791
"24123","diff5",0.0154210526315791
"24124","diff5",0.0733157894736843
"24125","diff5",0.0312105263157896
"24126","diff5",0.0627894736842106
"24127","diff5",0.0627894736842106
"24128","diff5",0.0101578947368422
"24129","diff5",0.083842105263158
"24130","diff5",0.0680526315789474
"24131","diff5",0.0364736842105263
"24132","diff5",0.0575263157894737
"24133","diff5",0.0785789473684212
"24134","diff5",0.0312105263157894
"24135","diff5",0.0154210526315791
"24136","diff5",0.0522631578947369
"24137","diff5",0.0259473684210528
"24138","diff5",0.00489473684210535
"24139","diff5",0.120684210526316
"24140","diff5",0.047
"24141","diff5",0.0312105263157896
"24142","diff5",0.0364736842105263
"24143","diff5",0.0785789473684212
"24144","diff5",0.0733157894736843
"24145","diff5",0.0627894736842106
"24146","diff5",0.0943684210526317
"24147","diff5",0.0785789473684212
"24148","diff5",0.0733157894736843
"24149","diff5",0.0364736842105263
"24150","diff5",0.0733157894736843
"24151","diff5",0.0627894736842106
"24152","diff5",0.0996315789473686
"24153","diff5",0.083842105263158
"24154","diff5",0.0312105263157896
"24155","diff5",0.0101578947368422
"24156","diff5",0.0943684210526317
"24157","diff5",0.0575263157894737
"24158","diff5",0.0417368421052631
"24159","diff5",0.0101578947368422
"24160","diff5",0.0627894736842106
"24161","diff5",0.0206842105263159
"24162","diff5",0.0733157894736843
"24163","diff5",0.0101578947368422
"24164","diff5",0.0522631578947369
"24165","diff5",0.00489473684210535
"24166","diff5",0.0312105263157894
"24167","diff5",0.0575263157894737
"24168","diff5",0.047
"24169","diff5",0.083842105263158
"24170","diff5",0.0627894736842106
"24171","diff5",0.0575263157894737
"24172","diff5",0.0996315789473686
"24173","diff5",0.0627894736842106
"24174","diff5",-0.0161578947368421
"24175","diff5",0.0522631578947369
"24176","diff5",0.0733157894736843
"24177","diff5",0.0364736842105263
"24178","diff5",0.110157894736842
"24179","diff5",0.0733157894736843
"24180","diff5",0.110157894736842
"24181","diff5",0.0733157894736843
"24182","diff5",0.0680526315789474
"24183","diff5",0.110157894736842
"24184","diff5",0.047
"24185","diff5",0.0891052631578949
"24186","diff5",0.0417368421052631
"24187","diff5",0.0575263157894737
"24188","diff5",0.0733157894736843
"24189","diff5",0.0417368421052631
"24190","diff5",-0.0161578947368421
"24191","diff5",0.0680526315789474
"24192","diff5",0.104894736842105
"24193","diff5",0.0627894736842106
"24194","diff5",0.0627894736842106
"24195","diff5",0.0259473684210528
"24196","diff5",0.0522631578947369
"24197","diff5",0.0627894736842106
"24198","diff5",0.0364736842105263
"24199","diff5",0.0733157894736843
"24200","diff5",0.0522631578947369
"24201","diff5",0.0101578947368422
"24202","diff5",-0.0108947368421052
"24203","diff5",0.104894736842105
"24204","diff5",0.0522631578947369
"24205","diff5",0.0522631578947369
"24206","diff5",0.0417368421052631
"24207","diff5",0.0417368421052631
"24208","diff5",0.0891052631578949
"24209","diff5",0.141736842105263
"24210","diff5",0.0206842105263157
"24211","diff5",0.0364736842105263
"24212","diff5",0.0785789473684212
"24213","diff5",0.0522631578947369
"24214","diff5",0.0627894736842106
"24215","diff5",0.0680526315789474
"24216","diff5",0.0417368421052631
"24217","diff5",0.0206842105263159
"24218","diff5",0.0206842105263159
"24219","diff5",0.083842105263158
"24220","diff5",0.0101578947368422
"24221","diff5",0.0522631578947369
"24222","diff5",0.0575263157894737
"24223","diff5",0.0680526315789474
"24224","diff5",0.0575263157894737
"24225","diff5",0.0259473684210528
"24226","diff5",0.083842105263158
"24227","diff5",0.0312105263157896
"24228","diff5",0.0417368421052631
"24229","diff5",-0.000368421052631504
"24230","diff5",0.0259473684210528
"24231","diff5",-0.00563157894736836
"24232","diff5",0.0417368421052631
"24233","diff5",0.0101578947368422
"24234","diff5",0.0364736842105263
"24235","diff5",0.083842105263158
"24236","diff5",0.0154210526315791
"24237","diff5",0.0417368421052631
"24238","diff5",0.0680526315789474
"24239","diff5",0.047
"24240","diff5",0.047
"24241","diff5",0.047
"24242","diff5",0.0627894736842106
"24243","diff5",0.0996315789473686
"24244","diff5",0.0627894736842106
"24245","diff5",0.0206842105263159
"24246","diff5",0.0364736842105263
"24247","diff5",0.125947368421053
"24248","diff5",0.0733157894736843
"24249","diff5",0.104894736842105
"24250","diff5",0.115421052631579
"24251","diff5",0.0733157894736843
"24252","diff5",0.104894736842105
"24253","diff5",0.0785789473684212
"24254","diff5",0.0733157894736843
"24255","diff5",0.0680526315789474
"24256","diff5",0.0575263157894737
"24257","diff5",0.047
"24258","diff5",0.0733157894736843
"24259","diff5",0.0785789473684212
"24260","diff5",0.047
"24261","diff5",0.120684210526316
"24262","diff5",0.110157894736842
"24263","diff5",0.110157894736842
"24264","diff5",0.0733157894736843
"24265","diff5",0.0943684210526317
"24266","diff5",0.0259473684210526
"24267","diff5",0.0785789473684212
"24268","diff5",0.0891052631578949
"24269","diff5",0.0312105263157894
"24270","diff5",0.131210526315789
"24271","diff5",0.0785789473684212
"24272","diff5",-0.000368421052631504
"24273","diff5",-0.00563157894736836
"24274","diff5",0.0154210526315791
"24275","diff5",0.0785789473684212
"24276","diff5",0.0627894736842106
"24277","diff5",0.0206842105263159
"24278","diff5",0.0891052631578949
"24279","diff5",0.0101578947368422
"24280","diff5",0.0891052631578949
"24281","diff5",0.0364736842105263
"24282","diff5",0.0312105263157894
"24283","diff5",0.00489473684210535
"24284","diff5",0.0943684210526317
"24285","diff5",0.0154210526315791
"24286","diff5",0.0312105263157894
"24287","diff5",0.120684210526316
"24288","diff5",-0.00563157894736836
"24289","diff5",0.0996315789473686
"24290","diff5",0.0154210526315791
"24291","diff5",0.0943684210526317
"24292","diff5",0.0575263157894737
"24293","diff5",0.0206842105263159
"24294","diff5",0.0522631578947369
"24295","diff5",0.083842105263158
"24296","diff5",0.0785789473684212
"24297","diff5",0.047
"24298","diff5",0.047
"24299","diff5",0.0733157894736843
"24300","diff5",0.00489473684210535
"24301","diff5",-0.0161578947368421
"24302","diff5",0.0733157894736843
"24303","diff5",0.0364736842105263
"24304","diff5",0.0364736842105263
"24305","diff5",0.0680526315789474
"24306","diff5",0.0891052631578949
"24307","diff5",0.083842105263158
"24308","diff5",0.0259473684210528
"24309","diff5",0.083842105263158
"24310","diff5",0.0943684210526317
"24311","diff5",0.0575263157894737
"24312","diff5",0.0417368421052631
"24313","diff5",0.0891052631578949
"24314","diff5",0.0891052631578949
"24315","diff5",0.083842105263158
"24316","diff5",0.0522631578947369
"24317","diff5",0.0575263157894737
"24318","diff5",0.083842105263158
"24319","diff5",0.0154210526315791
"24320","diff5",0.0259473684210528
"24321","diff5",0.0206842105263157
"24322","diff5",0.0943684210526317
"24323","diff5",0.0680526315789474
"24324","diff5",0.0575263157894737
"24325","diff5",0.0206842105263159
"24326","diff5",0.0680526315789474
"24327","diff5",0.0785789473684212
"24328","diff5",0.104894736842105
"24329","diff5",0.0891052631578949
"24330","diff5",0.047
"24331","diff5",0.0522631578947369
"24332","diff5",0.047
"24333","diff5",0.0575263157894737
"24334","diff5",-0.000368421052631504
"24335","diff5",0.0891052631578949
"24336","diff5",0.0785789473684212
"24337","diff5",0.047
"24338","diff5",0.047
"24339","diff5",0.0680526315789474
"24340","diff5",0.0891052631578949
"24341","diff5",0.0364736842105263
"24342","diff5",0.0733157894736843
"24343","diff5",0.0575263157894737
"24344","diff5",0.083842105263158
"24345","diff5",0.0943684210526317
"24346","diff5",0.0364736842105263
"24347","diff5",0.120684210526316
"24348","diff5",0.0417368421052631
"24349","diff5",0.0259473684210528
"24350","diff5",0.0680526315789474
"24351","diff5",0.0364736842105263
"24352","diff5",0.0575263157894737
"24353","diff5",0.0627894736842106
"24354","diff5",0.0627894736842106
"24355","diff5",-0.0529999999999999
"24356","diff5",0.083842105263158
"24357","diff5",0.0417368421052631
"24358","diff5",0.0627894736842106
"24359","diff5",0.0785789473684212
"24360","diff5",0.047
"24361","diff5",0.104894736842105
"24362","diff5",-0.0161578947368421
"24363","diff5",0.047
"24364","diff5",0.0733157894736843
"24365","diff5",0.131210526315789
"24366","diff5",0.0943684210526317
"24367","diff5",0.0154210526315791
"24368","diff5",0.0417368421052631
"24369","diff5",0.110157894736842
"24370","diff5",0.00489473684210535
"24371","diff5",0.0417368421052631
"24372","diff5",0.0733157894736843
"24373","diff5",0.0417368421052631
"24374","diff5",0.0101578947368422
"24375","diff5",0.104894736842105
"24376","diff5",0.0627894736842106
"24377","diff5",0.0522631578947369
"24378","diff5",0.0575263157894737
"24379","diff5",0.120684210526316
"24380","diff5",0.0522631578947369
"24381","diff5",0.0575263157894737
"24382","diff5",0.120684210526316
"24383","diff5",0.0627894736842106
"24384","diff5",0.0680526315789474
"24385","diff5",0.0417368421052634
"24386","diff5",0.0996315789473686
"24387","diff5",0.0259473684210526
"24388","diff5",0.0364736842105263
"24389","diff5",0.0364736842105263
"24390","diff5",0.047
"24391","diff5",0.0891052631578949
"24392","diff5",0.0522631578947369
"24393","diff5",0.0522631578947369
"24394","diff5",0.0206842105263159
"24395","diff5",0.083842105263158
"24396","diff5",0.0733157894736843
"24397","diff5",0.0575263157894737
"24398","diff5",0.083842105263158
"24399","diff5",0.0575263157894737
"24400","diff5",0.125947368421053
"24401","diff5",0.0627894736842106
"24402","diff5",0.0943684210526317
"24403","diff5",0.0943684210526317
"24404","diff5",0.0101578947368422
"24405","diff5",0.0627894736842106
"24406","diff5",0.0627894736842106
"24407","diff5",0.0680526315789474
"24408","diff5",0.047
"24409","diff5",0.0785789473684212
"24410","diff5",0.0154210526315791
"24411","diff5",0.083842105263158
"24412","diff5",0.0364736842105263
"24413","diff5",0.0891052631578949
"24414","diff5",0.047
"24415","diff5",0.0627894736842106
"24416","diff5",0.0627894736842106
"24417","diff5",0.083842105263158
"24418","diff5",0.083842105263158
"24419","diff5",0.083842105263158
"24420","diff5",0.083842105263158
"24421","diff5",0.0733157894736843
"24422","diff5",0.0206842105263159
"24423","diff5",0.0680526315789474
"24424","diff5",0.0785789473684212
"24425","diff5",0.0575263157894737
"24426","diff5",0.0680526315789474
"24427","diff5",0.0575263157894737
"24428","diff5",0.0417368421052631
"24429","diff5",0.083842105263158
"24430","diff5",0.0996315789473686
"24431","diff5",0.0996315789473684
"24432","diff5",0.0891052631578949
"24433","diff5",0.0680526315789474
"24434","diff5",0.0733157894736843
"24435","diff5",0.0259473684210528
"24436","diff5",0.0785789473684212
"24437","diff5",0.0680526315789474
"24438","diff5",0.0680526315789474
"24439","diff5",0.0785789473684212
"24440","diff5",0.104894736842105
"24441","diff5",0.0259473684210528
"24442","diff5",0.0733157894736843
"24443","diff5",0.0627894736842106
"24444","diff5",0.0627894736842106
"24445","diff5",0.110157894736842
"24446","diff5",-0.0214210526315789
"24447","diff5",0.0996315789473686
"24448","diff5",0.0364736842105263
"24449","diff5",0.0680526315789474
"24450","diff5",0.110157894736842
"24451","diff5",-0.00563157894736836
"24452","diff5",0.0627894736842106
"24453","diff5",0.0312105263157894
"24454","diff5",0.0575263157894737
"24455","diff5",0.0785789473684212
"24456","diff5",0.0522631578947369
"24457","diff5",0.047
"24458","diff5",0.0417368421052631
"24459","diff5",0.0575263157894737
"24460","diff5",0.0733157894736843
"24461","diff5",0.0575263157894737
"24462","diff5",0.0575263157894737
"24463","diff5",0.0943684210526317
"24464","diff5",0.047
"24465","diff5",0.0312105263157894
"24466","diff5",-0.0266842105263158
"24467","diff5",0.0575263157894737
"24468","diff5",-0.000368421052631504
"24469","diff5",0.115421052631579
"24470","diff5",0.0522631578947369
"24471","diff5",0.0417368421052631
"24472","diff5",0.0575263157894737
"24473","diff5",0.0101578947368422
"24474","diff5",0.0627894736842106
"24475","diff5",0.0417368421052631
"24476","diff5",-0.000368421052631504
"24477","diff5",0.0575263157894737
"24478","diff5",0.125947368421053
"24479","diff5",0.0891052631578949
"24480","diff5",0.0154210526315791
"24481","diff5",0.0417368421052631
"24482","diff5",0.110157894736842
"24483","diff5",0.0206842105263159
"24484","diff5",0.047
"24485","diff5",0.0891052631578949
"24486","diff5",0.0733157894736843
"24487","diff5",0.141736842105263
"24488","diff5",-0.000368421052631504
"24489","diff5",0.0417368421052631
"24490","diff5",0.0575263157894737
"24491","diff5",0.0943684210526317
"24492","diff5",0.0680526315789474
"24493","diff5",0.0259473684210526
"24494","diff5",0.0733157894736843
"24495","diff5",0.0733157894736843
"24496","diff5",0.0575263157894737
"24497","diff5",0.0206842105263159
"24498","diff5",0.0575263157894737
"24499","diff5",0.0154210526315791
"24500","diff5",0.0891052631578949
"24501","diff5",0.0312105263157894
"24502","diff5",0.047
"24503","diff5",0.0259473684210528
"24504","diff5",0.104894736842105
"24505","diff5",0.0312105263157894
"24506","diff5",0.125947368421053
"24507","diff5",0.047
"24508","diff5",-0.00563157894736836
"24509","diff5",0.0522631578947369
"24510","diff5",0.0627894736842106
"24511","diff5",0.083842105263158
"24512","diff5",0.0101578947368422
"24513","diff5",0.0259473684210526
"24514","diff5",0.0206842105263159
"24515","diff5",0.083842105263158
"24516","diff5",0.083842105263158
"24517","diff5",0.0680526315789474
"24518","diff5",0.0259473684210528
"24519","diff5",0.0891052631578949
"24520","diff5",0.115421052631579
"24521","diff5",0.0733157894736843
"24522","diff5",0.0733157894736843
"24523","diff5",0.120684210526316
"24524","diff5",0.0259473684210528
"24525","diff5",0.047
"24526","diff5",0.0680526315789474
"24527","diff5",0.047
"24528","diff5",0.0206842105263159
"24529","diff5",0.104894736842105
"24530","diff5",-0.00563157894736836
"24531","diff5",0.0733157894736843
"24532","diff5",0.0364736842105263
"24533","diff5",-0.000368421052631504
"24534","diff5",-0.0372105263157895
"24535","diff5",0.0891052631578949
"24536","diff5",0.0733157894736843
"24537","diff5",0.047
"24538","diff5",0.0522631578947369
"24539","diff5",-0.000368421052631504
"24540","diff5",0.0575263157894737
"24541","diff5",0.0364736842105263
"24542","diff5",0.0364736842105263
"24543","diff5",0.0312105263157894
"24544","diff5",0.0364736842105263
"24545","diff5",0.110157894736842
"24546","diff5",0.0996315789473686
"24547","diff5",0.0733157894736843
"24548","diff5",0.0312105263157894
"24549","diff5",0.0417368421052631
"24550","diff5",0.0259473684210528
"24551","diff5",0.047
"24552","diff5",0.0312105263157894
"24553","diff5",0.0101578947368422
"24554","diff5",0.0733157894736843
"24555","diff5",0.0417368421052631
"24556","diff5",0.0575263157894737
"24557","diff5",0.0101578947368422
"24558","diff5",0.0627894736842106
"24559","diff5",0.0785789473684212
"24560","diff5",0.0996315789473684
"24561","diff5",0.0575263157894737
"24562","diff5",0.00489473684210535
"24563","diff5",0.0312105263157896
"24564","diff5",-0.0266842105263158
"24565","diff5",0.083842105263158
"24566","diff5",0.0206842105263159
"24567","diff5",0.047
"24568","diff5",0.0785789473684212
"24569","diff5",0.083842105263158
"24570","diff5",0.083842105263158
"24571","diff5",0.125947368421053
"24572","diff5",0.0522631578947369
"24573","diff5",0.0733157894736843
"24574","diff5",0.0680526315789474
"24575","diff5",0.0943684210526317
"24576","diff5",0.0364736842105263
"24577","diff5",0.0364736842105263
"24578","diff5",0.0785789473684212
"24579","diff5",0.0575263157894737
"24580","diff5",0.0364736842105263
"24581","diff5",0.0733157894736843
"24582","diff5",0.0733157894736843
"24583","diff5",0.0364736842105263
"24584","diff5",0.0154210526315791
"24585","diff5",0.083842105263158
"24586","diff5",0.0364736842105263
"24587","diff5",0.0259473684210526
"24588","diff5",-0.0161578947368421
"24589","diff5",0.047
"24590","diff5",0.104894736842105
"24591","diff5",0.0575263157894737
"24592","diff5",0.047
"24593","diff5",0.0417368421052631
"24594","diff5",0.0680526315789474
"24595","diff5",0.0364736842105263
"24596","diff5",0.0364736842105263
"24597","diff5",0.047
"24598","diff5",0.0312105263157896
"24599","diff5",0.104894736842105
"24600","diff5",0.0259473684210528
"24601","diff5",0.0364736842105263
"24602","diff5",0.0417368421052631
"24603","diff5",0.0943684210526317
"24604","diff5",0.0522631578947369
"24605","diff5",0.0785789473684212
"24606","diff5",0.0154210526315791
"24607","diff5",-0.0214210526315789
"24608","diff5",0.0312105263157896
"24609","diff5",0.0364736842105263
"24610","diff5",0.0943684210526317
"24611","diff5",0.0522631578947369
"24612","diff5",0.0943684210526317
"24613","diff5",0.047
"24614","diff5",0.047
"24615","diff5",0.0259473684210526
"24616","diff5",0.0259473684210526
"24617","diff5",0.0680526315789474
"24618","diff5",0.0575263157894737
"24619","diff5",0.0259473684210528
"24620","diff5",-0.00563157894736836
"24621","diff5",0.047
"24622","diff5",0.0575263157894737
"24623","diff5",0.0627894736842106
"24624","diff5",0.0312105263157894
"24625","diff5",0.0680526315789474
"24626","diff5",0.0206842105263159
"24627","diff5",0.104894736842105
"24628","diff5",0.104894736842105
"24629","diff5",0.115421052631579
"24630","diff5",0.0627894736842106
"24631","diff5",0.0522631578947369
"24632","diff5",0.0680526315789474
"24633","diff5",0.0680526315789474
"24634","diff5",0.0943684210526317
"24635","diff5",0.0785789473684212
"24636","diff5",0.131210526315789
"24637","diff5",0.125947368421053
"24638","diff5",0.0785789473684212
"24639","diff5",0.0575263157894737
"24640","diff5",0.0522631578947369
"24641","diff5",0.0259473684210526
"24642","diff5",0.110157894736842
"24643","diff5",0.0206842105263159
"24644","diff5",0.0522631578947369
"24645","diff5",0.0891052631578949
"24646","diff5",0.0733157894736843
"24647","diff5",0.0891052631578949
"24648","diff5",0.0364736842105263
"24649","diff5",0.0364736842105263
"24650","diff5",0.0891052631578949
"24651","diff5",0.0996315789473686
"24652","diff5",0.0943684210526317
"24653","diff5",0.125947368421053
"24654","diff5",0.0154210526315791
"24655","diff5",0.00489473684210535
"24656","diff5",0.0259473684210526
"24657","diff5",0.0996315789473684
"24658","diff5",0.0259473684210528
"24659","diff5",0.083842105263158
"24660","diff5",0.083842105263158
"24661","diff5",0.0785789473684212
"24662","diff5",0.0259473684210528
"24663","diff5",0.0891052631578949
"24664","diff5",0.0785789473684212
"24665","diff5",0.0943684210526317
"24666","diff5",0.125947368421053
"24667","diff5",0.0891052631578949
"24668","diff5",0.0627894736842106
"24669","diff5",-0.000368421052631504
"24670","diff5",0.125947368421053
"24671","diff5",0.0417368421052631
"24672","diff5",0.104894736842105
"24673","diff5",0.00489473684210535
"24674","diff5",0.0680526315789474
"24675","diff5",0.0417368421052631
"24676","diff5",0.0575263157894737
"24677","diff5",0.0312105263157894
"24678","diff5",0.0680526315789474
"24679","diff5",0.0259473684210528
"24680","diff5",0.0891052631578949
"24681","diff5",0.0522631578947369
"24682","diff5",-0.0214210526315789
"24683","diff5",0.0785789473684212
"24684","diff5",0.0627894736842106
"24685","diff5",0.0575263157894737
"24686","diff5",0.0364736842105263
"24687","diff5",0.0259473684210528
"24688","diff5",0.0364736842105263
"24689","diff5",0.0522631578947369
"24690","diff5",0.0627894736842106
"24691","diff5",0.047
"24692","diff5",-0.0108947368421052
"24693","diff5",0.0733157894736843
"24694","diff5",0.110157894736842
"24695","diff5",0.0996315789473684
"24696","diff5",0.0154210526315791
"24697","diff5",0.0312105263157896
"24698","diff5",0.0312105263157896
"24699","diff5",0.0312105263157894
"24700","diff5",0.0575263157894737
"24701","diff5",0.0259473684210528
"24702","diff5",0.110157894736842
"24703","diff5",0.104894736842105
"24704","diff5",0.0891052631578949
"24705","diff5",0.0680526315789474
"24706","diff5",0.0627894736842106
"24707","diff5",0.0996315789473686
"24708","diff5",0.0943684210526315
"24709","diff5",0.047
"24710","diff5",0.0522631578947369
"24711","diff5",0.0364736842105263
"24712","diff5",0.0627894736842106
"24713","diff5",0.0627894736842106
"24714","diff5",0.047
"24715","diff5",0.0575263157894737
"24716","diff5",0.0627894736842106
"24717","diff5",0.0522631578947369
"24718","diff5",0.0733157894736843
"24719","diff5",0.0996315789473686
"24720","diff5",0.0364736842105263
"24721","diff5",0.0522631578947369
"24722","diff5",0.0417368421052631
"24723","diff5",-0.00563157894736836
"24724","diff5",0.0627894736842106
"24725","diff5",0.115421052631579
"24726","diff5",0.0364736842105263
"24727","diff5",0.0996315789473686
"24728","diff5",0.0785789473684212
"24729","diff5",0.0575263157894737
"24730","diff5",0.0891052631578949
"24731","diff5",0.0627894736842106
"24732","diff5",0.120684210526316
"24733","diff5",0.0417368421052631
"24734","diff5",0.0785789473684212
"24735","diff5",0.0627894736842106
"24736","diff5",0.0417368421052631
"24737","diff5",0.0101578947368422
"24738","diff5",0.0417368421052631
"24739","diff5",0.0733157894736843
"24740","diff5",0.0627894736842106
"24741","diff5",0.047
"24742","diff5",0.083842105263158
"24743","diff5",0.0417368421052631
"24744","diff5",0.047
"24745","diff5",0.0417368421052631
"24746","diff5",0.0733157894736843
"24747","diff5",0.0785789473684212
"24748","diff5",0.0627894736842106
"24749","diff5",0.0891052631578949
"24750","diff5",0.0943684210526317
"24751","diff5",0.0206842105263159
"24752","diff5",0.0575263157894737
"24753","diff5",0.083842105263158
"24754","diff5",-0.000368421052631504
"24755","diff5",0.0364736842105263
"24756","diff5",0.131210526315789
"24757","diff5",0.0575263157894737
"24758","diff5",0.0364736842105263
"24759","diff5",0.0627894736842106
"24760","diff5",0.0575263157894737
"24761","diff5",0.0101578947368422
"24762","diff5",0.104894736842105
"24763","diff5",0.0522631578947369
"24764","diff5",0.0206842105263159
"24765","diff5",0.0996315789473686
"24766","diff5",0.0259473684210528
"24767","diff5",0.0206842105263157
"24768","diff5",0.0943684210526317
"24769","diff5",0.0575263157894737
"24770","diff5",0.0312105263157894
"24771","diff5",0.0206842105263159
"24772","diff5",0.0680526315789474
"24773","diff5",0.0575263157894737
"24774","diff5",0.0680526315789474
"24775","diff5",0.0417368421052631
"24776","diff5",0.0733157894736843
"24777","diff5",0.0891052631578949
"24778","diff5",0.0259473684210526
"24779","diff5",0.047
"24780","diff5",0.0891052631578949
"24781","diff5",0.083842105263158
"24782","diff5",0.083842105263158
"24783","diff5",0.0206842105263159
"24784","diff5",0.0522631578947369
"24785","diff5",0.131210526315789
"24786","diff5",0.0575263157894737
"24787","diff5",0.00489473684210535
"24788","diff5",0.0417368421052631
"24789","diff5",0.0733157894736843
"24790","diff5",0.0154210526315791
"24791","diff5",0.0680526315789474
"24792","diff5",0.0417368421052631
"24793","diff5",0.0575263157894737
"24794","diff5",0.0312105263157894
"24795","diff5",0.0627894736842106
"24796","diff5",0.115421052631579
"24797","diff5",0.0312105263157894
"24798","diff5",0.0891052631578949
"24799","diff5",0.0364736842105263
"24800","diff5",0.0627894736842106
"24801","diff5",0.0364736842105263
"24802","diff5",0.0522631578947369
"24803","diff5",0.0680526315789474
"24804","diff5",0.0785789473684212
"24805","diff5",-0.00563157894736836
"24806","diff5",0.0891052631578949
"24807","diff5",0.00489473684210535
"24808","diff5",0.0575263157894737
"24809","diff5",0.0733157894736843
"24810","diff5",0.0206842105263159
"24811","diff5",0.0891052631578949
"24812","diff5",0.0575263157894737
"24813","diff5",0.0627894736842106
"24814","diff5",0.083842105263158
"24815","diff5",0.0575263157894737
"24816","diff5",0.0259473684210526
"24817","diff5",0.0891052631578949
"24818","diff5",0.0575263157894737
"24819","diff5",0.0891052631578949
"24820","diff5",0.0733157894736843
"24821","diff5",0.0206842105263159
"24822","diff5",0.047
"24823","diff5",0.0943684210526317
"24824","diff5",0.083842105263158
"24825","diff5",0.0575263157894737
"24826","diff5",0.0154210526315791
"24827","diff5",0.0891052631578949
"24828","diff5",0.0154210526315791
"24829","diff5",0.0575263157894737
"24830","diff5",0.0575263157894737
"24831","diff5",0.083842105263158
"24832","diff5",0.0101578947368422
"24833","diff5",0.0259473684210528
"24834","diff5",0.0680526315789474
"24835","diff5",0.0522631578947369
"24836","diff5",0.0575263157894737
"24837","diff5",0.0733157894736843
"24838","diff5",0.0364736842105263
"24839","diff5",0.0627894736842106
"24840","diff5",-0.0108947368421052
"24841","diff5",0.0891052631578949
"24842","diff5",0.0575263157894737
"24843","diff5",0.0364736842105263
"24844","diff5",0.0575263157894737
"24845","diff5",0.0627894736842106
"24846","diff5",0.083842105263158
"24847","diff5",0.0996315789473686
"24848","diff5",0.0680526315789474
"24849","diff5",0.00489473684210535
"24850","diff5",0.0785789473684212
"24851","diff5",0.0259473684210528
"24852","diff5",0.104894736842105
"24853","diff5",0.115421052631579
"24854","diff5",0.0312105263157894
"24855","diff5",0.104894736842105
"24856","diff5",0.0575263157894737
"24857","diff5",0.0733157894736843
"24858","diff5",0.0312105263157894
"24859","diff5",0.115421052631579
"24860","diff5",0.0627894736842106
"24861","diff5",0.0680526315789474
"24862","diff5",0.0733157894736843
"24863","diff5",0.047
"24864","diff5",0.0733157894736843
"24865","diff5",0.083842105263158
"24866","diff5",0.0733157894736843
"24867","diff5",0.0154210526315791
"24868","diff5",0.0101578947368422
"24869","diff5",0.0575263157894737
"24870","diff5",0.0943684210526317
"24871","diff5",0.0733157894736843
"24872","diff5",0.0101578947368422
"24873","diff5",0.0680526315789474
"24874","diff5",0.0154210526315791
"24875","diff5",0.0101578947368422
"24876","diff5",0.0996315789473686
"24877","diff5",-0.000368421052631504
"24878","diff5",0.0364736842105263
"24879","diff5",0.0417368421052631
"24880","diff5",0.0680526315789474
"24881","diff5",0.0575263157894737
"24882","diff5",0.083842105263158
"24883","diff5",0.0522631578947369
"24884","diff5",0.0575263157894737
"24885","diff5",0.0312105263157894
"24886","diff5",0.047
"24887","diff5",0.0627894736842106
"24888","diff5",0.0627894736842106
"24889","diff5",0.0101578947368422
"24890","diff5",0.0627894736842106
"24891","diff5",0.0364736842105263
"24892","diff5",0.110157894736842
"24893","diff5",0.0364736842105263
"24894","diff5",0.0627894736842106
"24895","diff5",0.0417368421052631
"24896","diff5",0.0312105263157894
"24897","diff5",0.0259473684210526
"24898","diff5",0.0312105263157894
"24899","diff5",0.0206842105263157
"24900","diff5",0.0680526315789474
"24901","diff5",0.0891052631578949
"24902","diff5",0.0364736842105263
"24903","diff5",0.0417368421052631
"24904","diff5",0.0785789473684212
"24905","diff5",0.0733157894736843
"24906","diff5",0.0522631578947369
"24907","diff5",0.0417368421052631
"24908","diff5",-0.00563157894736836
"24909","diff5",0.0575263157894737
"24910","diff5",0.0206842105263159
"24911","diff5",0.00489473684210535
"24912","diff5",0.104894736842105
"24913","diff5",0.083842105263158
"24914","diff5",0.0943684210526317
"24915","diff5",0.0154210526315791
"24916","diff5",0.0627894736842106
"24917","diff5",0.047
"24918","diff5",0.0206842105263159
"24919","diff5",0.0364736842105263
"24920","diff5",0.0996315789473686
"24921","diff5",0.047
"24922","diff5",0.0996315789473686
"24923","diff5",0.0522631578947369
"24924","diff5",0.104894736842105
"24925","diff5",0.00489473684210535
"24926","diff5",0.0101578947368422
"24927","diff5",0.0206842105263157
"24928","diff5",0.0259473684210528
"24929","diff5",0.0101578947368422
"24930","diff5",0.0996315789473686
"24931","diff5",0.0259473684210528
"24932","diff5",0.0627894736842106
"24933","diff5",0.00489473684210535
"24934","diff5",0.0627894736842106
"24935","diff5",0.0206842105263159
"24936","diff5",0.0680526315789474
"24937","diff5",0.0364736842105263
"24938","diff5",0.0785789473684212
"24939","diff5",-0.000368421052631504
"24940","diff5",0.0522631578947369
"24941","diff5",0.0891052631578949
"24942","diff5",0.083842105263158
"24943","diff5",-0.0108947368421052
"24944","diff5",0.0733157894736843
"24945","diff5",0.0680526315789474
"24946","diff5",0.0259473684210528
"24947","diff5",0.0943684210526317
"24948","diff5",0.0364736842105263
"24949","diff5",0.120684210526316
"24950","diff5",0.104894736842105
"24951","diff5",-0.000368421052631504
"24952","diff5",0.0364736842105263
"24953","diff5",0.083842105263158
"24954","diff5",0.0680526315789474
"24955","diff5",0.0312105263157896
"24956","diff5",0.0785789473684212
"24957","diff5",-0.000368421052631504
"24958","diff5",-0.000368421052631504
"24959","diff5",0.00489473684210535
"24960","diff5",0.0101578947368422
"24961","diff5",0.115421052631579
"24962","diff5",0.047
"24963","diff5",0.0364736842105263
"24964","diff5",0.0312105263157894
"24965","diff5",0.0206842105263159
"24966","diff5",0.0417368421052631
"24967","diff5",0.0627894736842106
"24968","diff5",0.0627894736842106
"24969","diff5",0.115421052631579
"24970","diff5",0.083842105263158
"24971","diff5",-0.000368421052631504
"24972","diff5",0.0259473684210526
"24973","diff5",0.0891052631578949
"24974","diff5",0.047
"24975","diff5",0.0259473684210526
"24976","diff5",0.0259473684210528
"24977","diff5",0.047
"24978","diff5",0.0733157894736843
"24979","diff5",0.0891052631578949
"24980","diff5",0.0785789473684212
"24981","diff5",-0.00563157894736836
"24982","diff5",0.047
"24983","diff5",0.0733157894736843
"24984","diff5",0.0364736842105263
"24985","diff5",0.104894736842105
"24986","diff5",0.0522631578947369
"24987","diff5",0.0680526315789474
"24988","diff5",0.0785789473684212
"24989","diff5",0.0785789473684212
"24990","diff5",0.0680526315789474
"24991","diff5",0.0943684210526317
"24992","diff5",0.0785789473684212
"24993","diff5",0.0943684210526317
"24994","diff5",0.0154210526315791
"24995","diff5",0.0575263157894737
"24996","diff5",0.0943684210526317
"24997","diff5",0.115421052631579
"24998","diff5",0.0891052631578949
"24999","diff5",0.0522631578947369
"25000","diff5",0.120684210526316
"25001","diff5",0.0785789473684212
"25002","diff5",0.0364736842105263
"25003","diff5",0.0575263157894737
"25004","diff5",0.0627894736842106
"25005","diff5",0.0312105263157894
"25006","diff5",0.0312105263157894
"25007","diff5",0.0312105263157894
"25008","diff5",0.110157894736842
"25009","diff5",0.0575263157894737
"25010","diff5",0.0312105263157894
"25011","diff5",0.0575263157894737
"25012","diff5",0.0206842105263159
"25013","diff5",0.0522631578947369
"25014","diff5",0.047
"25015","diff5",0.0575263157894737
"25016","diff5",0.083842105263158
"25017","diff5",0.083842105263158
"25018","diff5",0.0627894736842106
"25019","diff5",-0.0214210526315789
"25020","diff5",0.104894736842105
"25021","diff5",0.0627894736842106
"25022","diff5",0.0627894736842106
"25023","diff5",0.0996315789473686
"25024","diff5",0.0575263157894737
"25025","diff5",0.047
"25026","diff5",0.083842105263158
"25027","diff5",0.0312105263157896
"25028","diff5",0.0575263157894737
"25029","diff5",0.0785789473684212
"25030","diff5",0.0733157894736843
"25031","diff5",0.0627894736842106
"25032","diff5",0.083842105263158
"25033","diff5",0.0206842105263159
"25034","diff5",0.0733157894736843
"25035","diff5",0.047
"25036","diff5",0.0364736842105263
"25037","diff5",0.0259473684210528
"25038","diff5",0.0522631578947369
"25039","diff5",0.0259473684210528
"25040","diff5",0.0627894736842106
"25041","diff5",0.0154210526315791
"25042","diff5",0.0785789473684212
"25043","diff5",0.0259473684210528
"25044","diff5",0.083842105263158
"25045","diff5",0.0785789473684212
"25046","diff5",0.0575263157894737
"25047","diff5",0.0891052631578949
"25048","diff5",0.0733157894736843
"25049","diff5",0.0522631578947369
"25050","diff5",0.083842105263158
"25051","diff5",0.0364736842105265
"25052","diff5",0.083842105263158
"25053","diff5",0.0364736842105263
"25054","diff5",0.104894736842105
"25055","diff5",0.0522631578947369
"25056","diff5",0.047
"25057","diff5",0.047
"25058","diff5",0.0627894736842106
"25059","diff5",-0.00563157894736836
"25060","diff5",0.047
"25061","diff5",0.0733157894736843
"25062","diff5",0.0785789473684212
"25063","diff5",0.0522631578947369
"25064","diff5",0.0312105263157894
"25065","diff5",0.0575263157894737
"25066","diff5",0.0680526315789474
"25067","diff5",0.0785789473684212
"25068","diff5",0.083842105263158
"25069","diff5",0.0522631578947369
"25070","diff5",0.0680526315789474
"25071","diff5",0.131210526315789
"25072","diff5",0.0364736842105265
"25073","diff5",0.0627894736842106
"25074","diff5",0.0627894736842106
"25075","diff5",0.0575263157894737
"25076","diff5",0.0575263157894737
"25077","diff5",0.0522631578947369
"25078","diff5",0.0680526315789474
"25079","diff5",0.0996315789473686
"25080","diff5",0.0680526315789474
"25081","diff5",0.0206842105263159
"25082","diff5",0.0101578947368422
"25083","diff5",0.0364736842105263
"25084","diff5",0.0733157894736843
"25085","diff5",0.0206842105263159
"25086","diff5",0.0364736842105265
"25087","diff5",0.0785789473684212
"25088","diff5",0.0733157894736843
"25089","diff5",0.0364736842105263
"25090","diff5",0.0785789473684212
"25091","diff5",0.0312105263157894
"25092","diff5",0.047
"25093","diff5",0.0364736842105263
"25094","diff5",0.0943684210526317
"25095","diff5",0.136473684210526
"25096","diff5",0.0312105263157894
"25097","diff5",0.0627894736842106
"25098","diff5",0.0733157894736843
"25099","diff5",0.0312105263157896
"25100","diff5",0.0259473684210528
"25101","diff5",0.0101578947368422
"25102","diff5",0.104894736842105
"25103","diff5",-0.000368421052631504
"25104","diff5",0.0522631578947369
"25105","diff5",0.115421052631579
"25106","diff5",0.104894736842105
"25107","diff5",0.0417368421052631
"25108","diff5",0.0417368421052631
"25109","diff5",0.0575263157894737
"25110","diff5",0.0785789473684212
"25111","diff5",0.0627894736842106
"25112","diff5",0.0417368421052631
"25113","diff5",0.0943684210526317
"25114","diff5",0.0417368421052631
"25115","diff5",0.0733157894736843
"25116","diff5",0.104894736842105
"25117","diff5",0.0417368421052631
"25118","diff5",0.0522631578947369
"25119","diff5",0.0575263157894737
"25120","diff5",0.0627894736842106
"25121","diff5",0.0680526315789474
"25122","diff5",0.0733157894736843
"25123","diff5",0.0627894736842106
"25124","diff5",0.0206842105263159
"25125","diff5",0.0785789473684212
"25126","diff5",0.0891052631578949
"25127","diff5",0.0733157894736843
"25128","diff5",0.0417368421052631
"25129","diff5",0.0733157894736843
"25130","diff5",0.0627894736842106
"25131","diff5",0.083842105263158
"25132","diff5",0.0733157894736843
"25133","diff5",0.0575263157894737
"25134","diff5",0.0417368421052631
"25135","diff5",0.047
"25136","diff5",0.0627894736842106
"25137","diff5",0.083842105263158
"25138","diff5",0.0522631578947369
"25139","diff5",0.0206842105263159
"25140","diff5",0.0522631578947369
"25141","diff5",0.0627894736842106
"25142","diff5",0.0733157894736843
"25143","diff5",0.104894736842105
"25144","diff5",0.0312105263157894
"25145","diff5",0.0522631578947369
"25146","diff5",0.0259473684210528
"25147","diff5",0.0627894736842106
"25148","diff5",0.0680526315789474
"25149","diff5",0.0996315789473684
"25150","diff5",0.0364736842105263
"25151","diff5",0.131210526315789
"25152","diff5",0.083842105263158
"25153","diff5",0.0891052631578949
"25154","diff5",0.0364736842105263
"25155","diff5",0.047
"25156","diff5",0.0259473684210528
"25157","diff5",0.110157894736842
"25158","diff5",0.0575263157894737
"25159","diff5",0.0259473684210526
"25160","diff5",0.0680526315789474
"25161","diff5",0.0891052631578949
"25162","diff5",0.0312105263157894
"25163","diff5",0.083842105263158
"25164","diff5",0.083842105263158
"25165","diff5",0.0575263157894737
"25166","diff5",0.0312105263157894
"25167","diff5",0.0575263157894737
"25168","diff5",0.0364736842105263
"25169","diff5",0.0627894736842106
"25170","diff5",0.047
"25171","diff5",0.0575263157894737
"25172","diff5",0.115421052631579
"25173","diff5",0.115421052631579
"25174","diff5",0.0627894736842106
"25175","diff5",0.0101578947368422
"25176","diff5",0.083842105263158
"25177","diff5",0.0996315789473686
"25178","diff5",0.0206842105263159
"25179","diff5",0.0522631578947369
"25180","diff5",0.0575263157894737
"25181","diff5",0.0522631578947369
"25182","diff5",0.0575263157894737
"25183","diff5",0.0575263157894737
"25184","diff5",0.0206842105263159
"25185","diff5",0.0575263157894737
"25186","diff5",0.0522631578947369
"25187","diff5",0.0575263157894737
"25188","diff5",0.0154210526315791
"25189","diff5",0.0680526315789474
"25190","diff5",0.047
"25191","diff5",0.0522631578947369
"25192","diff5",0.0785789473684212
"25193","diff5",0.0206842105263159
"25194","diff5",-0.0108947368421052
"25195","diff5",0.0417368421052631
"25196","diff5",0.0785789473684212
"25197","diff5",0.0627894736842106
"25198","diff5",0.0680526315789474
"25199","diff5",0.0101578947368422
"25200","diff5",0.110157894736842
"25201","diff5",0.0417368421052631
"25202","diff5",0.0627894736842106
"25203","diff5",0.115421052631579
"25204","diff5",0.0154210526315791
"25205","diff5",0.0785789473684212
"25206","diff5",0.083842105263158
"25207","diff5",-0.000368421052631504
"25208","diff5",0.0627894736842106
"25209","diff5",0.110157894736842
"25210","diff5",0.0312105263157894
"25211","diff5",0.0101578947368422
"25212","diff5",0.0785789473684212
"25213","diff5",0.0206842105263159
"25214","diff5",0.047
"25215","diff5",0.0891052631578949
"25216","diff5",-0.0319473684210527
"25217","diff5",0.0680526315789474
"25218","diff5",0.0364736842105263
"25219","diff5",0.0891052631578949
"25220","diff5",0.083842105263158
"25221","diff5",0.115421052631579
"25222","diff5",0.110157894736842
"25223","diff5",0.120684210526316
"25224","diff5",0.141736842105263
"25225","diff5",0.0522631578947369
"25226","diff5",0.0522631578947369
"25227","diff5",0.0891052631578949
"25228","diff5",0.0522631578947369
"25229","diff5",0.0627894736842106
"25230","diff5",0.0680526315789474
"25231","diff5",0.0364736842105263
"25232","diff5",0.0206842105263159
"25233","diff5",0.0733157894736843
"25234","diff5",0.0154210526315791
"25235","diff5",0.0733157894736843
"25236","diff5",0.0996315789473686
"25237","diff5",0.0627894736842106
"25238","diff5",-0.0161578947368421
"25239","diff5",0.0733157894736843
"25240","diff5",0.0206842105263159
"25241","diff5",0.0575263157894737
"25242","diff5",0.0680526315789474
"25243","diff5",0.0522631578947369
"25244","diff5",0.0417368421052631
"25245","diff5",0.0259473684210528
"25246","diff5",0.0891052631578949
"25247","diff5",0.0785789473684212
"25248","diff5",0.0785789473684212
"25249","diff5",0.0154210526315791
"25250","diff5",0.0785789473684212
"25251","diff5",0.0259473684210526
"25252","diff5",0.0891052631578949
"25253","diff5",0.0206842105263159
"25254","diff5",-0.0161578947368421
"25255","diff5",0.0733157894736843
"25256","diff5",0.0575263157894737
"25257","diff5",0.125947368421053
"25258","diff5",0.0943684210526317
"25259","diff5",0.0680526315789474
"25260","diff5",0.083842105263158
"25261","diff5",0.0206842105263159
"25262","diff5",0.104894736842105
"25263","diff5",0.047
"25264","diff5",0.0312105263157894
"25265","diff5",0.0627894736842106
"25266","diff5",0.0733157894736843
"25267","diff5",0.083842105263158
"25268","diff5",0.0206842105263159
"25269","diff5",0.0364736842105263
"25270","diff5",0.083842105263158
"25271","diff5",0.083842105263158
"25272","diff5",0.083842105263158
"25273","diff5",0.0785789473684212
"25274","diff5",0.0259473684210528
"25275","diff5",0.0680526315789474
"25276","diff5",0.0627894736842106
"25277","diff5",0.0417368421052631
"25278","diff5",0.0680526315789474
"25279","diff5",0.083842105263158
"25280","diff5",0.0522631578947369
"25281","diff5",0.0733157894736843
"25282","diff5",0.0627894736842106
"25283","diff5",0.0154210526315791
"25284","diff5",0.0154210526315791
"25285","diff5",0.0101578947368422
"25286","diff5",0.0522631578947369
"25287","diff5",0.0733157894736843
"25288","diff5",0.0627894736842106
"25289","diff5",0.00489473684210535
"25290","diff5",0.0575263157894737
"25291","diff5",0.110157894736842
"25292","diff5",0.0575263157894737
"25293","diff5",0.104894736842105
"25294","diff5",0.083842105263158
"25295","diff5",0.104894736842105
"25296","diff5",0.047
"25297","diff5",0.0627894736842106
"25298","diff5",0.0680526315789474
"25299","diff5",0.047
"25300","diff5",0.0206842105263159
"25301","diff5",0.0575263157894737
"25302","diff5",0.0575263157894737
"25303","diff5",0.0575263157894737
"25304","diff5",0.0575263157894737
"25305","diff5",0.0891052631578949
"25306","diff5",-0.0108947368421052
"25307","diff5",0.083842105263158
"25308","diff5",0.047
"25309","diff5",0.104894736842105
"25310","diff5",0.0259473684210528
"25311","diff5",0.0101578947368422
"25312","diff5",0.0312105263157894
"25313","diff5",-0.00563157894736836
"25314","diff5",0.0627894736842106
"25315","diff5",0.115421052631579
"25316","diff5",0.0259473684210528
"25317","diff5",0.0680526315789474
"25318","diff5",0.083842105263158
"25319","diff5",0.0312105263157896
"25320","diff5",0.0522631578947369
"25321","diff5",0.104894736842105
"25322","diff5",0.0522631578947369
"25323","diff5",-0.0108947368421052
"25324","diff5",0.0417368421052631
"25325","diff5",0.0522631578947369
"25326","diff5",0.152263157894737
"25327","diff5",0.0943684210526317
"25328","diff5",0.0206842105263159
"25329","diff5",0.0575263157894737
"25330","diff5",0.0154210526315791
"25331","diff5",0.0891052631578949
"25332","diff5",0.0575263157894737
"25333","diff5",0.0522631578947369
"25334","diff5",0.0943684210526317
"25335","diff5",0.0891052631578949
"25336","diff5",0.104894736842105
"25337","diff5",0.0680526315789474
"25338","diff5",0.0996315789473686
"25339","diff5",0.0364736842105263
"25340","diff5",0.0522631578947369
"25341","diff5",0.0522631578947369
"25342","diff5",0.0259473684210528
"25343","diff5",0.0206842105263159
"25344","diff5",0.0522631578947369
"25345","diff5",0.0785789473684212
"25346","diff5",0.0733157894736843
"25347","diff5",0.0522631578947369
"25348","diff5",0.0522631578947369
"25349","diff5",0.0627894736842106
"25350","diff5",0.0785789473684212
"25351","diff5",0.0206842105263159
"25352","diff5",0.0154210526315791
"25353","diff5",0.047
"25354","diff5",0.0680526315789474
"25355","diff5",0.0627894736842106
"25356","diff5",0.0417368421052631
"25357","diff5",0.0522631578947369
"25358","diff5",0.0364736842105263
"25359","diff5",0.0943684210526317
"25360","diff5",0.0575263157894737
"25361","diff5",0.0680526315789474
"25362","diff5",0.0943684210526317
"25363","diff5",0.047
"25364","diff5",0.0575263157894737
"25365","diff5",-0.00563157894736836
"25366","diff5",0.0417368421052631
"25367","diff5",0.0312105263157894
"25368","diff5",0.0680526315789474
"25369","diff5",0.110157894736842
"25370","diff5",0.0364736842105263
"25371","diff5",0.0575263157894737
"25372","diff5",0.110157894736842
"25373","diff5",0.104894736842105
"25374","diff5",0.0996315789473686
"25375","diff5",0.083842105263158
"25376","diff5",0.0996315789473686
"25377","diff5",0.0206842105263159
"25378","diff5",0.0101578947368422
"25379","diff5",0.0417368421052631
"25380","diff5",0.0101578947368422
"25381","diff5",0.0522631578947369
"25382","diff5",0.0101578947368422
"25383","diff5",0.104894736842105
"25384","diff5",0.0259473684210526
"25385","diff5",0.0733157894736843
"25386","diff5",0.0522631578947369
"25387","diff5",0.0891052631578949
"25388","diff5",0.0154210526315791
"25389","diff5",0.0575263157894737
"25390","diff5",0.0943684210526317
"25391","diff5",0.0627894736842106
"25392","diff5",0.0785789473684212
"25393","diff5",0.0417368421052631
"25394","diff5",0.0154210526315791
"25395","diff5",0.0680526315789474
"25396","diff5",0.110157894736842
"25397","diff5",0.0575263157894737
"25398","diff5",0.0575263157894737
"25399","diff5",0.0259473684210528
"25400","diff5",0.0417368421052631
"25401","diff5",0.047
"25402","diff5",0.0259473684210528
"25403","diff5",0.0364736842105263
"25404","diff5",0.0680526315789474
"25405","diff5",0.0680526315789474
"25406","diff5",0.047
"25407","diff5",0.083842105263158
"25408","diff5",0.083842105263158
"25409","diff5",0.0733157894736843
"25410","diff5",0.0575263157894737
"25411","diff5",0.0733157894736843
"25412","diff5",0.104894736842105
"25413","diff5",0.0785789473684212
"25414","diff5",0.0312105263157894
"25415","diff5",0.0522631578947369
"25416","diff5",0.131210526315789
"25417","diff5",0.0575263157894737
"25418","diff5",0.0417368421052631
"25419","diff5",0.0417368421052631
"25420","diff5",-0.0108947368421052
"25421","diff5",0.0522631578947369
"25422","diff5",0.0996315789473686
"25423","diff5",0.0101578947368422
"25424","diff5",0.0417368421052631
"25425","diff5",0.0312105263157894
"25426","diff5",0.131210526315789
"25427","diff5",0.0943684210526317
"25428","diff5",0.0575263157894737
"25429","diff5",0.0733157894736843
"25430","diff5",-0.0108947368421052
"25431","diff5",0.047
"25432","diff5",0.0785789473684212
"25433","diff5",0.0785789473684212
"25434","diff5",0.047
"25435","diff5",0.0417368421052631
"25436","diff5",0.0364736842105263
"25437","diff5",0.0575263157894737
"25438","diff5",0.0785789473684212
"25439","diff5",0.0259473684210526
"25440","diff5",0.0154210526315791
"25441","diff5",0.0785789473684212
"25442","diff5",0.00489473684210535
"25443","diff5",0.0627894736842106
"25444","diff5",0.0522631578947369
"25445","diff5",0.0312105263157894
"25446","diff5",0.0891052631578949
"25447","diff5",0.0417368421052631
"25448","diff5",0.0312105263157894
"25449","diff5",0.110157894736842
"25450","diff5",0.115421052631579
"25451","diff5",0.0312105263157894
"25452","diff5",0.047
"25453","diff5",0.0627894736842106
"25454","diff5",0.0680526315789474
"25455","diff5",0.0522631578947369
"25456","diff5",0.0733157894736843
"25457","diff5",0.0206842105263159
"25458","diff5",0.0627894736842106
"25459","diff5",0.0785789473684212
"25460","diff5",0.0575263157894737
"25461","diff5",0.0733157894736843
"25462","diff5",0.0575263157894737
"25463","diff5",0.047
"25464","diff5",0.0154210526315791
"25465","diff5",0.0891052631578949
"25466","diff5",0.00489473684210535
"25467","diff5",0.0575263157894737
"25468","diff5",0.0891052631578949
"25469","diff5",0.0733157894736843
"25470","diff5",0.047
"25471","diff5",0.0154210526315791
"25472","diff5",0.0575263157894737
"25473","diff5",0.0575263157894737
"25474","diff5",0.083842105263158
"25475","diff5",0.0891052631578949
"25476","diff5",0.0364736842105263
"25477","diff5",-0.0108947368421052
"25478","diff5",0.0680526315789474
"25479","diff5",0.0891052631578949
"25480","diff5",0.0575263157894737
"25481","diff5",0.0364736842105263
"25482","diff5",0.0943684210526317
"25483","diff5",0.0312105263157896
"25484","diff5",0.0417368421052631
"25485","diff5",0.0627894736842106
"25486","diff5",0.0785789473684212
"25487","diff5",0.0312105263157894
"25488","diff5",0.083842105263158
"25489","diff5",-0.0319473684210527
"25490","diff5",0.0206842105263159
"25491","diff5",0.0733157894736843
"25492","diff5",-0.0108947368421052
"25493","diff5",0.0206842105263159
"25494","diff5",0.0206842105263157
"25495","diff5",0.0733157894736843
"25496","diff5",0.0627894736842106
"25497","diff5",0.0627894736842106
"25498","diff5",0.0680526315789474
"25499","diff5",0.0417368421052631
"25500","diff5",0.0891052631578949
"25501","diff5",0.0627894736842106
"25502","diff5",0.0522631578947369
"25503","diff5",0.110157894736842
"25504","diff5",0.120684210526316
"25505","diff5",0.110157894736842
"25506","diff5",0.0575263157894737
"25507","diff5",0.0206842105263159
"25508","diff5",0.047
"25509","diff5",0.0733157894736843
"25510","diff5",0.0206842105263159
"25511","diff5",0.0417368421052631
"25512","diff5",0.0206842105263159
"25513","diff5",0.104894736842105
"25514","diff5",0.0259473684210526
"25515","diff5",0.0417368421052631
"25516","diff5",0.0996315789473686
"25517","diff5",0.136473684210526
"25518","diff5",0.0417368421052631
"25519","diff5",0.0312105263157894
"25520","diff5",0.0996315789473686
"25521","diff5",0.110157894736842
"25522","diff5",0.0575263157894737
"25523","diff5",0.0522631578947369
"25524","diff5",0.0680526315789474
"25525","diff5",-0.0161578947368421
"25526","diff5",0.0206842105263159
"25527","diff5",0.0733157894736843
"25528","diff5",-0.00563157894736836
"25529","diff5",0.0154210526315791
"25530","diff5",0.0417368421052631
"25531","diff5",-0.00563157894736836
"25532","diff5",0.0785789473684212
"25533","diff5",0.0785789473684212
"25534","diff5",0.047
"25535","diff5",0.0259473684210528
"25536","diff5",0.0364736842105263
"25537","diff5",0.0522631578947369
"25538","diff5",0.0522631578947369
"25539","diff5",0.110157894736842
"25540","diff5",0.0154210526315791
"25541","diff5",0.0522631578947369
"25542","diff5",0.0154210526315791
"25543","diff5",0.0364736842105263
"25544","diff5",0.0364736842105263
"25545","diff5",0.0680526315789474
"25546","diff5",0.0417368421052631
"25547","diff5",0.0206842105263159
"25548","diff5",-0.0108947368421052
"25549","diff5",0.0680526315789474
"25550","diff5",0.0417368421052631
"25551","diff5",0.0259473684210528
"25552","diff5",0.0206842105263159
"25553","diff5",0.0996315789473684
"25554","diff5",0.0627894736842106
"25555","diff5",0.0364736842105263
"25556","diff5",0.0680526315789474
"25557","diff5",0.0417368421052631
"25558","diff5",0.141736842105263
"25559","diff5",0.083842105263158
"25560","diff5",0.0259473684210528
"25561","diff5",0.0680526315789474
"25562","diff5",0.0522631578947369
"25563","diff5",0.0154210526315791
"25564","diff5",0.0733157894736843
"25565","diff5",-0.0161578947368421
"25566","diff5",0.0575263157894737
"25567","diff5",0.0996315789473686
"25568","diff5",0.00489473684210535
"25569","diff5",0.0417368421052631
"25570","diff5",0.0154210526315791
"25571","diff5",0.0996315789473684
"25572","diff5",0.0627894736842106
"25573","diff5",0.0680526315789474
"25574","diff5",0.083842105263158
"25575","diff5",0.0733157894736843
"25576","diff5",0.0101578947368422
"25577","diff5",0.0522631578947369
"25578","diff5",0.0417368421052631
"25579","diff5",0.0785789473684212
"25580","diff5",0.0206842105263159
"25581","diff5",-0.0319473684210527
"25582","diff5",0.0206842105263159
"25583","diff5",0.0417368421052631
"25584","diff5",0.0785789473684212
"25585","diff5",0.0733157894736843
"25586","diff5",0.0364736842105263
"25587","diff5",0.0364736842105263
"25588","diff5",0.0206842105263157
"25589","diff5",0.0259473684210528
"25590","diff5",-0.0319473684210527
"25591","diff5",0.0259473684210526
"25592","diff5",0.0627894736842106
"25593","diff5",0.0733157894736843
"25594","diff5",0.0364736842105263
"25595","diff5",0.0891052631578949
"25596","diff5",0.0733157894736843
"25597","diff5",0.00489473684210535
"25598","diff5",0.0943684210526317
"25599","diff5",0.00489473684210535
"25600","diff5",0.0785789473684212
"25601","diff5",0.0259473684210528
"25602","diff5",0.00489473684210535
"25603","diff5",0.0627894736842106
"25604","diff5",0.083842105263158
"25605","diff5",0.0101578947368422
"25606","diff5",0.104894736842105
"25607","diff5",0.0364736842105263
"25608","diff5",0.0575263157894737
"25609","diff5",0.0575263157894737
"25610","diff5",0.0575263157894737
"25611","diff5",0.0733157894736843
"25612","diff5",0.0733157894736843
"25613","diff5",0.0364736842105263
"25614","diff5",0.0680526315789474
"25615","diff5",0.0575263157894737
"25616","diff5",0.0680526315789474
"25617","diff5",0.047
"25618","diff5",0.0206842105263159
"25619","diff5",0.0996315789473686
"25620","diff5",0.0522631578947369
"25621","diff5",-0.000368421052631504
"25622","diff5",0.0785789473684212
"25623","diff5",0.0943684210526317
"25624","diff5",0.047
"25625","diff5",0.0101578947368422
"25626","diff5",0.00489473684210535
"25627","diff5",0.0627894736842106
"25628","diff5",0.0785789473684212
"25629","diff5",0.120684210526316
"25630","diff5",0.047
"25631","diff5",0.104894736842105
"25632","diff5",0.104894736842105
"25633","diff5",0.0943684210526317
"25634","diff5",0.0312105263157894
"25635","diff5",0.115421052631579
"25636","diff5",0.0417368421052631
"25637","diff5",0.0522631578947369
"25638","diff5",0.0522631578947369
"25639","diff5",0.0680526315789474
"25640","diff5",0.125947368421053
"25641","diff5",0.0417368421052631
"25642","diff5",0.0417368421052631
"25643","diff5",0.0259473684210528
"25644","diff5",0.0417368421052631
"25645","diff5",0.0785789473684212
"25646","diff5",0.0891052631578949
"25647","diff5",0.0154210526315791
"25648","diff5",0.0627894736842106
"25649","diff5",-0.0319473684210527
"25650","diff5",0.115421052631579
"25651","diff5",0.0417368421052631
"25652","diff5",0.047
"25653","diff5",0.0733157894736843
"25654","diff5",0.0680526315789474
"25655","diff5",0.0891052631578949
"25656","diff5",0.0680526315789474
"25657","diff5",0.0522631578947369
"25658","diff5",0.0417368421052631
"25659","diff5",0.0417368421052631
"25660","diff5",0.0891052631578949
"25661","diff5",0.110157894736842
"25662","diff5",0.083842105263158
"25663","diff5",0.0680526315789474
"25664","diff5",0.0417368421052631
"25665","diff5",0.0417368421052631
"25666","diff5",0.0154210526315791
"25667","diff5",0.0312105263157894
"25668","diff5",0.0312105263157894
"25669","diff5",0.083842105263158
"25670","diff5",0.0206842105263159
"25671","diff5",0.0627894736842106
"25672","diff5",0.0575263157894737
"25673","diff5",0.0259473684210528
"25674","diff5",0.104894736842105
"25675","diff5",0.0259473684210526
"25676","diff5",0.0575263157894737
"25677","diff5",0.0680526315789474
"25678","diff5",0.0891052631578949
"25679","diff5",0.0680526315789474
"25680","diff5",0.0996315789473686
"25681","diff5",0.0417368421052631
"25682","diff5",0.0522631578947369
"25683","diff5",0.0364736842105263
"25684","diff5",0.0522631578947369
"25685","diff5",0.0364736842105263
"25686","diff5",0.0627894736842106
"25687","diff5",0.0312105263157894
"25688","diff5",0.0259473684210526
"25689","diff5",0.0154210526315791
"25690","diff5",0.083842105263158
"25691","diff5",0.0627894736842106
"25692","diff5",0.0364736842105265
"25693","diff5",0.047
"25694","diff5",0.0364736842105263
"25695","diff5",0.0417368421052631
"25696","diff5",0.0312105263157894
"25697","diff5",0.0259473684210528
"25698","diff5",0.0206842105263159
"25699","diff5",0.047
"25700","diff5",0.0154210526315791
"25701","diff5",0.0259473684210528
"25702","diff5",0.0680526315789474
"25703","diff5",0.083842105263158
"25704","diff5",-0.0161578947368421
"25705","diff5",0.00489473684210535
"25706","diff5",0.0206842105263159
"25707","diff5",0.083842105263158
"25708","diff5",0.0733157894736843
"25709","diff5",-0.000368421052631504
"25710","diff5",0.047
"25711","diff5",0.0417368421052631
"25712","diff5",0.0206842105263157
"25713","diff5",0.047
"25714","diff5",0.0996315789473686
"25715","diff5",0.0943684210526317
"25716","diff5",0.047
"25717","diff5",0.0364736842105263
"25718","diff5",0.0996315789473686
"25719","diff5",0.0943684210526317
"25720","diff5",0.0522631578947369
"25721","diff5",0.083842105263158
"25722","diff5",0.0417368421052631
"25723","diff5",0.0891052631578949
"25724","diff5",0.0154210526315791
"25725","diff5",0.0522631578947369
"25726","diff5",0.083842105263158
"25727","diff5",0.0680526315789474
"25728","diff5",0.0259473684210528
"25729","diff5",0.0680526315789474
"25730","diff5",0.0943684210526317
"25731","diff5",0.0943684210526317
"25732","diff5",0.0154210526315791
"25733","diff5",0.0627894736842106
"25734","diff5",0.00489473684210535
"25735","diff5",0.047
"25736","diff5",0.136473684210526
"25737","diff5",0.0312105263157894
"25738","diff5",0.0680526315789474
"25739","diff5",0.0206842105263159
"25740","diff5",0.047
"25741","diff5",0.0206842105263159
"25742","diff5",0.0522631578947369
"25743","diff5",-0.0161578947368421
"25744","diff5",0.0680526315789474
"25745","diff5",0.0101578947368422
"25746","diff5",0.120684210526316
"25747","diff5",0.0575263157894737
"25748","diff5",0.0943684210526317
"25749","diff5",0.0206842105263159
"25750","diff5",0.0891052631578949
"25751","diff5",0.0259473684210528
"25752","diff5",0.0575263157894737
"25753","diff5",0.0417368421052631
"25754","diff5",0.047
"25755","diff5",0.0575263157894737
"25756","diff5",-0.000368421052631504
"25757","diff5",0.0417368421052631
"25758","diff5",0.0785789473684212
"25759","diff5",0.0312105263157896
"25760","diff5",0.0680526315789474
"25761","diff5",0.0206842105263159
"25762","diff5",0.0312105263157894
"25763","diff5",0.0522631578947369
"25764","diff5",0.047
"25765","diff5",0.141736842105263
"25766","diff5",0.0206842105263159
"25767","diff5",0.0259473684210528
"25768","diff5",0.0785789473684212
"25769","diff5",0.115421052631579
"25770","diff5",0.0312105263157894
"25771","diff5",0.0575263157894737
"25772","diff5",0.047
"25773","diff5",0.0417368421052631
"25774","diff5",0.0680526315789474
"25775","diff5",0.047
"25776","diff5",0.0627894736842106
"25777","diff5",0.0417368421052631
"25778","diff5",0.0575263157894737
"25779","diff5",0.0206842105263159
"25780","diff5",0.0943684210526317
"25781","diff5",0.0206842105263159
"25782","diff5",0.0627894736842106
"25783","diff5",0.0627894736842106
"25784","diff5",0.0680526315789474
"25785","diff5",0.0522631578947369
"25786","diff5",0.0891052631578949
"25787","diff5",0.047
"25788","diff5",0.0785789473684212
"25789","diff5",0.115421052631579
"25790","diff5",0.0206842105263159
"25791","diff5",0.0680526315789474
"25792","diff5",0.0627894736842106
"25793","diff5",0.0417368421052631
"25794","diff5",0.0522631578947369
"25795","diff5",0.0680526315789474
"25796","diff5",0.0627894736842106
"25797","diff5",0.0627894736842106
"25798","diff5",0.104894736842105
"25799","diff5",0.0627894736842106
"25800","diff5",0.0259473684210528
"25801","diff5",0.0627894736842106
"25802","diff5",0.0891052631578949
"25803","diff5",0.0943684210526317
"25804","diff5",0.0522631578947369
"25805","diff5",0.083842105263158
"25806","diff5",0.125947368421053
"25807","diff5",0.0417368421052631
"25808","diff5",0.047
"25809","diff5",-0.00563157894736836
"25810","diff5",0.0627894736842106
"25811","diff5",0.0522631578947369
"25812","diff5",0.0733157894736843
"25813","diff5",0.0785789473684212
"25814","diff5",0.0154210526315791
"25815","diff5",0.0522631578947369
"25816","diff5",0.0522631578947369
"25817","diff5",0.0627894736842106
"25818","diff5",-0.000368421052631504
"25819","diff5",0.0785789473684212
"25820","diff5",0.0627894736842106
"25821","diff5",0.0364736842105263
"25822","diff5",0.0785789473684212
"25823","diff5",0.0417368421052631
"25824","diff5",0.110157894736842
"25825","diff5",0.0891052631578949
"25826","diff5",0.0627894736842106
"25827","diff5",0.115421052631579
"25828","diff5",0.0364736842105263
"25829","diff5",0.00489473684210535
"25830","diff5",0.0680526315789474
"25831","diff5",0.0417368421052631
"25832","diff5",0.0259473684210528
"25833","diff5",0.0680526315789474
"25834","diff5",0.0785789473684212
"25835","diff5",-0.00563157894736836
"25836","diff5",0.0627894736842106
"25837","diff5",0.0417368421052631
"25838","diff5",0.0627894736842106
"25839","diff5",0.0943684210526317
"25840","diff5",0.0259473684210526
"25841","diff5",0.083842105263158
"25842","diff5",0.047
"25843","diff5",0.0680526315789474
"25844","diff5",0.083842105263158
"25845","diff5",0.0417368421052631
"25846","diff5",0.0627894736842106
"25847","diff5",0.0733157894736843
"25848","diff5",0.0312105263157894
"25849","diff5",0.0259473684210528
"25850","diff5",0.00489473684210535
"25851","diff5",0.0259473684210528
"25852","diff5",0.0522631578947369
"25853","diff5",0.0206842105263159
"25854","diff5",0.0891052631578949
"25855","diff5",0.047
"25856","diff5",0.0575263157894737
"25857","diff5",0.0101578947368422
"25858","diff5",-0.000368421052631504
"25859","diff5",0.0943684210526317
"25860","diff5",0.0364736842105263
"25861","diff5",0.0680526315789474
"25862","diff5",0.0680526315789474
"25863","diff5",0.0627894736842106
"25864","diff5",0.115421052631579
"25865","diff5",0.0522631578947369
"25866","diff5",0.0364736842105263
"25867","diff5",0.047
"25868","diff5",0.0364736842105263
"25869","diff5",0.0733157894736843
"25870","diff5",0.0575263157894737
"25871","diff5",0.0575263157894737
"25872","diff5",0.0417368421052631
"25873","diff5",0.0259473684210528
"25874","diff5",0.0680526315789474
"25875","diff5",0.0312105263157894
"25876","diff5",0.0627894736842106
"25877","diff5",0.125947368421053
"25878","diff5",0.0680526315789474
"25879","diff5",0.0785789473684212
"25880","diff5",0.0943684210526317
"25881","diff5",0.0522631578947369
"25882","diff5",0.0891052631578949
"25883","diff5",0.0733157894736843
"25884","diff5",0.083842105263158
"25885","diff5",0.0154210526315791
"25886","diff5",0.0522631578947369
"25887","diff5",-0.0108947368421052
"25888","diff5",0.0680526315789474
"25889","diff5",0.0733157894736843
"25890","diff5",0.0996315789473686
"25891","diff5",0.0522631578947369
"25892","diff5",0.0996315789473686
"25893","diff5",0.0680526315789474
"25894","diff5",0.0417368421052631
"25895","diff5",0.0575263157894737
"25896","diff5",0.0259473684210528
"25897","diff5",0.0575263157894737
"25898","diff5",0.083842105263158
"25899","diff5",0.0206842105263159
"25900","diff5",0.083842105263158
"25901","diff5",0.083842105263158
"25902","diff5",0.0522631578947369
"25903","diff5",0.115421052631579
"25904","diff5",0.0733157894736843
"25905","diff5",0.0575263157894737
"25906","diff5",0.047
"25907","diff5",0.0680526315789474
"25908","diff5",0.0312105263157894
"25909","diff5",0.0575263157894737
"25910","diff5",0.083842105263158
"25911","diff5",0.0522631578947369
"25912","diff5",0.0733157894736843
"25913","diff5",0.0733157894736843
"25914","diff5",0.0733157894736843
"25915","diff5",0.0733157894736843
"25916","diff5",0.0101578947368422
"25917","diff5",0.168052631578948
"25918","diff5",0.0627894736842106
"25919","diff5",0.110157894736842
"25920","diff5",0.047
"25921","diff5",0.0627894736842106
"25922","diff5",0.110157894736842
"25923","diff5",0.083842105263158
"25924","diff5",0.0996315789473686
"25925","diff5",0.0575263157894737
"25926","diff5",0.083842105263158
"25927","diff5",0.047
"25928","diff5",0.0312105263157894
"25929","diff5",0.0522631578947369
"25930","diff5",0.0312105263157896
"25931","diff5",0.0259473684210528
"25932","diff5",0.0627894736842106
"25933","diff5",0.0206842105263159
"25934","diff5",0.125947368421053
"25935","diff5",0.0312105263157894
"25936","diff5",0.0996315789473684
"25937","diff5",0.104894736842105
"25938","diff5",0.0312105263157894
"25939","diff5",0.0627894736842106
"25940","diff5",0.0891052631578949
"25941","diff5",0.0312105263157894
"25942","diff5",0.0891052631578949
"25943","diff5",0.0575263157894737
"25944","diff5",0.0943684210526317
"25945","diff5",0.0522631578947369
"25946","diff5",-0.000368421052631504
"25947","diff5",0.0364736842105263
"25948","diff5",0.0733157894736843
"25949","diff5",0.0417368421052631
"25950","diff5",0.0733157894736843
"25951","diff5",0.047
"25952","diff5",0.0891052631578949
"25953","diff5",0.0996315789473684
"25954","diff5",0.104894736842105
"25955","diff5",0.047
"25956","diff5",0.0575263157894737
"25957","diff5",0.0101578947368422
"25958","diff5",0.00489473684210535
"25959","diff5",-0.00563157894736836
"25960","diff5",0.0417368421052631
"25961","diff5",0.0259473684210528
"25962","diff5",0.104894736842105
"25963","diff5",0.0259473684210526
"25964","diff5",0.0364736842105263
"25965","diff5",0.0627894736842106
"25966","diff5",0.0575263157894737
"25967","diff5",0.0101578947368422
"25968","diff5",0.0417368421052631
"25969","diff5",0.115421052631579
"25970","diff5",0.0891052631578949
"25971","diff5",0.0733157894736843
"25972","diff5",0.0522631578947369
"25973","diff5",0.0627894736842106
"25974","diff5",0.0522631578947369
"25975","diff5",0.0575263157894737
"25976","diff5",0.0522631578947369
"25977","diff5",0.0522631578947369
"25978","diff5",0.0206842105263159
"25979","diff5",0.0680526315789474
"25980","diff5",0.0522631578947369
"25981","diff5",0.0522631578947369
"25982","diff5",0.083842105263158
"25983","diff5",0.0417368421052631
"25984","diff5",0.0785789473684212
"25985","diff5",0.0733157894736843
"25986","diff5",0.0733157894736843
"25987","diff5",0.047
"25988","diff5",0.0417368421052631
"25989","diff5",0.0891052631578949
"25990","diff5",0.083842105263158
"25991","diff5",0.0943684210526317
"25992","diff5",0.0996315789473686
"25993","diff5",0.00489473684210535
"25994","diff5",0.125947368421053
"25995","diff5",0.110157894736842
"25996","diff5",0.0627894736842106
"25997","diff5",0.0206842105263157
"25998","diff5",0.0943684210526317
"25999","diff5",0.0627894736842106
"26000","diff5",0.0785789473684212
"26001","diff5",0.0733157894736843
"26002","diff5",0.0522631578947369
"26003","diff5",-0.0108947368421052
"26004","diff5",-0.00563157894736836
"26005","diff5",0.0417368421052631
"26006","diff5",0.0680526315789474
"26007","diff5",0.0364736842105263
"26008","diff5",0.0312105263157894
"26009","diff5",0.0364736842105263
"26010","diff5",0.0891052631578949
"26011","diff5",0.0364736842105265
"26012","diff5",0.0101578947368422
"26013","diff5",0.0522631578947369
"26014","diff5",0.0627894736842106
"26015","diff5",0.104894736842105
"26016","diff5",0.0575263157894737
"26017","diff5",0.0891052631578949
"26018","diff5",0.110157894736842
"26019","diff5",0.0312105263157896
"26020","diff5",0.115421052631579
"26021","diff5",0.0312105263157894
"26022","diff5",0.047
"26023","diff5",0.0417368421052631
"26024","diff5",0.0627894736842106
"26025","diff5",0.0101578947368422
"26026","diff5",0.0101578947368422
"26027","diff5",0.0785789473684212
"26028","diff5",0.0417368421052631
"26029","diff5",0.083842105263158
"26030","diff5",-0.0161578947368421
"26031","diff5",0.0364736842105263
"26032","diff5",0.00489473684210535
"26033","diff5",0.0627894736842106
"26034","diff5",0.047
"26035","diff5",0.0943684210526317
"26036","diff5",0.0364736842105265
"26037","diff5",0.083842105263158
"26038","diff5",0.0259473684210528
"26039","diff5",0.083842105263158
"26040","diff5",0.0943684210526317
"26041","diff5",0.0891052631578949
"26042","diff5",0.0312105263157894
"26043","diff5",0.0891052631578949
"26044","diff5",0.0259473684210528
"26045","diff5",0.0996315789473686
"26046","diff5",-0.0161578947368421
"26047","diff5",0.0891052631578949
"26048","diff5",0.0522631578947369
"26049","diff5",0.0364736842105263
"26050","diff5",0.0891052631578949
"26051","diff5",0.0733157894736843
"26052","diff5",0.0522631578947369
"26053","diff5",0.0312105263157894
"26054","diff5",0.0259473684210526
"26055","diff5",0.0364736842105263
"26056","diff5",0.0364736842105263
"26057","diff5",0.141736842105263
"26058","diff5",0.0206842105263159
"26059","diff5",0.083842105263158
"26060","diff5",0.0154210526315791
"26061","diff5",0.0312105263157894
"26062","diff5",-0.00563157894736836
"26063","diff5",0.104894736842105
"26064","diff5",0.0312105263157894
"26065","diff5",0.0680526315789474
"26066","diff5",0.0312105263157894
"26067","diff5",0.0417368421052631
"26068","diff5",0.047
"26069","diff5",0.104894736842105
"26070","diff5",0.0785789473684212
"26071","diff5",0.0259473684210526
"26072","diff5",-0.000368421052631504
"26073","diff5",0.0785789473684212
"26074","diff5",0.0522631578947369
"26075","diff5",-0.00563157894736836
"26076","diff5",0.104894736842105
"26077","diff5",0.0627894736842106
"26078","diff5",0.00489473684210535
"26079","diff5",0.0680526315789474
"26080","diff5",0.0785789473684212
"26081","diff5",0.115421052631579
"26082","diff5",0.0522631578947369
"26083","diff5",0.083842105263158
"26084","diff5",0.0259473684210528
"26085","diff5",0.0101578947368422
"26086","diff5",0.0101578947368422
"26087","diff5",0.0312105263157894
"26088","diff5",0.0364736842105263
"26089","diff5",0.0575263157894737
"26090","diff5",-0.000368421052631504
"26091","diff5",0.0101578947368422
"26092","diff5",0.115421052631579
"26093","diff5",0.0417368421052631
"26094","diff5",0.083842105263158
"26095","diff5",0.0627894736842106
"26096","diff5",0.0522631578947369
"26097","diff5",0.0364736842105263
"26098","diff5",0.0680526315789474
"26099","diff5",0.0627894736842106
"26100","diff5",0.0417368421052631
"26101","diff5",-0.000368421052631504
"26102","diff5",0.0206842105263159
"26103","diff5",0.0522631578947369
"26104","diff5",0.0627894736842106
"26105","diff5",0.0154210526315791
"26106","diff5",0.0154210526315791
"26107","diff5",0.0101578947368422
"26108","diff5",0.083842105263158
"26109","diff5",0.0575263157894737
"26110","diff5",0.110157894736842
"26111","diff5",0.0417368421052631
"26112","diff5",0.0785789473684212
"26113","diff5",0.104894736842105
"26114","diff5",0.0680526315789474
"26115","diff5",0.0206842105263157
"26116","diff5",0.0891052631578949
"26117","diff5",0.0364736842105263
"26118","diff5",0.0627894736842106
"26119","diff5",0.0101578947368422
"26120","diff5",0.120684210526316
"26121","diff5",0.0627894736842106
"26122","diff5",0.0996315789473686
"26123","diff5",0.0522631578947369
"26124","diff5",0.0417368421052631
"26125","diff5",-0.00563157894736836
"26126","diff5",0.0575263157894737
"26127","diff5",0.047
"26128","diff5",0.047
"26129","diff5",0.0154210526315791
"26130","diff5",0.0891052631578949
"26131","diff5",0.0417368421052631
"26132","diff5",0.0417368421052631
"26133","diff5",-0.000368421052631504
"26134","diff5",0.083842105263158
"26135","diff5",-0.0108947368421052
"26136","diff5",0.0785789473684212
"26137","diff5",0.0680526315789474
"26138","diff5",-0.000368421052631504
"26139","diff5",0.110157894736842
"26140","diff5",0.0312105263157894
"26141","diff5",0.047
"26142","diff5",0.0785789473684212
"26143","diff5",0.047
"26144","diff5",0.0206842105263159
"26145","diff5",0.047
"26146","diff5",0.0364736842105263
"26147","diff5",0.0627894736842106
"26148","diff5",0.0522631578947369
"26149","diff5",0.0943684210526317
"26150","diff5",0.0785789473684212
"26151","diff5",0.047
"26152","diff5",-0.000368421052631504
"26153","diff5",0.047
"26154","diff5",0.0522631578947369
"26155","diff5",0.0522631578947369
"26156","diff5",0.0891052631578949
"26157","diff5",0.00489473684210535
"26158","diff5",0.0364736842105263
"26159","diff5",0.0364736842105265
"26160","diff5",0.0575263157894737
"26161","diff5",0.0522631578947369
"26162","diff5",0.0417368421052631
"26163","diff5",0.0785789473684212
"26164","diff5",0.0417368421052631
"26165","diff5",0.083842105263158
"26166","diff5",0.047
"26167","diff5",0.0417368421052631
"26168","diff5",0.0996315789473684
"26169","diff5",0.0154210526315791
"26170","diff5",0.0575263157894737
"26171","diff5",0.0312105263157894
"26172","diff5",0.0154210526315791
"26173","diff5",0.0996315789473686
"26174","diff5",0.047
"26175","diff5",0.104894736842105
"26176","diff5",0.0996315789473686
"26177","diff5",0.047
"26178","diff5",0.0312105263157894
"26179","diff5",-0.000368421052631504
"26180","diff5",0.0627894736842106
"26181","diff5",0.0891052631578949
"26182","diff5",0.0575263157894737
"26183","diff5",0.0943684210526317
"26184","diff5",0.0417368421052631
"26185","diff5",0.0522631578947369
"26186","diff5",0.0680526315789474
"26187","diff5",-0.0108947368421052
"26188","diff5",0.0259473684210528
"26189","diff5",0.0733157894736843
"26190","diff5",0.0154210526315791
"26191","diff5",0.110157894736842
"26192","diff5",0.0312105263157894
"26193","diff5",0.0891052631578949
"26194","diff5",0.0733157894736843
"26195","diff5",0.0522631578947369
"26196","diff5",0.0417368421052631
"26197","diff5",0.0417368421052631
"26198","diff5",0.0417368421052631
"26199","diff5",-0.0108947368421052
"26200","diff5",0.0680526315789474
"26201","diff5",0.0680526315789474
"26202","diff5",0.0101578947368422
"26203","diff5",0.047
"26204","diff5",0.0522631578947369
"26205","diff5",0.0891052631578949
"26206","diff5",0.0575263157894737
"26207","diff5",0.0417368421052631
"26208","diff5",0.0680526315789474
"26209","diff5",0.0417368421052631
"26210","diff5",0.0364736842105263
"26211","diff5",0.0259473684210528
"26212","diff5",0.0417368421052631
"26213","diff5",0.047
"26214","diff5",0.0733157894736843
"26215","diff5",0.0154210526315791
"26216","diff5",0.0364736842105263
"26217","diff5",0.0785789473684212
"26218","diff5",0.0891052631578949
"26219","diff5",0.083842105263158
"26220","diff5",0.083842105263158
"26221","diff5",0.0417368421052631
"26222","diff5",0.0733157894736843
"26223","diff5",0.0417368421052631
"26224","diff5",0.00489473684210535
"26225","diff5",0.0575263157894737
"26226","diff5",0.0627894736842106
"26227","diff5",0.047
"26228","diff5",0.0891052631578949
"26229","diff5",0.0417368421052631
"26230","diff5",0.0522631578947369
"26231","diff5",0.0627894736842106
"26232","diff5",0.0891052631578949
"26233","diff5",0.0733157894736843
"26234","diff5",0.0996315789473684
"26235","diff5",-0.000368421052631504
"26236","diff5",0.0522631578947369
"26237","diff5",0.157526315789474
"26238","diff5",-0.000368421052631504
"26239","diff5",0.0417368421052631
"26240","diff5",0.0891052631578949
"26241","diff5",-0.000368421052631504
"26242","diff5",0.047
"26243","diff5",0.0785789473684212
"26244","diff5",0.0785789473684212
"26245","diff5",0.0364736842105263
"26246","diff5",0.0785789473684212
"26247","diff5",0.0206842105263159
"26248","diff5",0.083842105263158
"26249","diff5",0.0785789473684212
"26250","diff5",0.0364736842105265
"26251","diff5",0.0312105263157894
"26252","diff5",0.115421052631579
"26253","diff5",0.131210526315789
"26254","diff5",-0.00563157894736836
"26255","diff5",0.0364736842105263
"26256","diff5",0.0312105263157896
"26257","diff5",0.0101578947368422
"26258","diff5",0.0259473684210528
"26259","diff5",0.0733157894736843
"26260","diff5",0.0785789473684212
"26261","diff5",-0.0108947368421052
"26262","diff5",0.0575263157894737
"26263","diff5",0.115421052631579
"26264","diff5",0.0417368421052631
"26265","diff5",0.0891052631578949
"26266","diff5",0.0364736842105263
"26267","diff5",0.047
"26268","diff5",0.0259473684210526
"26269","diff5",0.0785789473684212
"26270","diff5",0.0891052631578949
"26271","diff5",0.0627894736842106
"26272","diff5",0.00489473684210535
"26273","diff5",0.0733157894736843
"26274","diff5",0.0733157894736843
"26275","diff5",0.0627894736842106
"26276","diff5",0.0575263157894737
"26277","diff5",0.0154210526315791
"26278","diff5",0.083842105263158
"26279","diff5",0.00489473684210535
"26280","diff5",0.047
"26281","diff5",0.0785789473684212
"26282","diff5",0.0417368421052631
"26283","diff5",0.0996315789473684
"26284","diff5",0.0627894736842106
"26285","diff5",0.131210526315789
"26286","diff5",0.0259473684210528
"26287","diff5",-0.00563157894736836
"26288","diff5",0.0522631578947369
"26289","diff5",0.0312105263157894
"26290","diff5",0.0891052631578949
"26291","diff5",0.152263157894737
"26292","diff5",-0.0214210526315789
"26293","diff5",-0.00563157894736836
"26294","diff5",0.083842105263158
"26295","diff5",0.0891052631578949
"26296","diff5",0.0522631578947369
"26297","diff5",0.0575263157894737
"26298","diff5",0.0785789473684212
"26299","diff5",0.0101578947368422
"26300","diff5",0.0575263157894737
"26301","diff5",0.0680526315789474
"26302","diff5",0.0364736842105263
"26303","diff5",0.0680526315789474
"26304","diff5",0.0785789473684212
"26305","diff5",0.0364736842105263
"26306","diff5",0.0785789473684212
"26307","diff5",0.0785789473684212
"26308","diff5",0.0785789473684212
"26309","diff5",0.0522631578947369
"26310","diff5",0.0943684210526317
"26311","diff5",0.083842105263158
"26312","diff5",0.00489473684210535
"26313","diff5",0.0575263157894737
"26314","diff5",0.136473684210526
"26315","diff5",0.0943684210526317
"26316","diff5",0.0996315789473686
"26317","diff5",0.0575263157894737
"26318","diff5",0.0206842105263159
"26319","diff5",0.047
"26320","diff5",0.0575263157894737
"26321","diff5",-0.0372105263157895
"26322","diff5",0.0785789473684212
"26323","diff5",0.0259473684210526
"26324","diff5",0.0785789473684212
"26325","diff5",0.0575263157894737
"26326","diff5",0.0733157894736843
"26327","diff5",0.0522631578947369
"26328","diff5",0.0154210526315791
"26329","diff5",0.131210526315789
"26330","diff5",0.115421052631579
"26331","diff5",-0.000368421052631504
"26332","diff5",0.0785789473684212
"26333","diff5",0.0259473684210526
"26334","diff5",0.0206842105263157
"26335","diff5",0.0522631578947369
"26336","diff5",0.0101578947368422
"26337","diff5",0.0627894736842106
"26338","diff5",0.0575263157894737
"26339","diff5",0.0259473684210528
"26340","diff5",0.0575263157894737
"26341","diff5",0.083842105263158
"26342","diff5",0.047
"26343","diff5",0.083842105263158
"26344","diff5",0.0627894736842106
"26345","diff5",0.0364736842105263
"26346","diff5",0.047
"26347","diff5",0.0364736842105263
"26348","diff5",0.0943684210526317
"26349","diff5",0.0364736842105263
"26350","diff5",0.047
"26351","diff5",0.0996315789473686
"26352","diff5",0.0996315789473684
"26353","diff5",0.047
"26354","diff5",0.0522631578947369
"26355","diff5",0.083842105263158
"26356","diff5",0.0522631578947369
"26357","diff5",0.0575263157894737
"26358","diff5",0.0364736842105263
"26359","diff5",0.110157894736842
"26360","diff5",0.083842105263158
"26361","diff5",0.083842105263158
"26362","diff5",0.0522631578947369
"26363","diff5",0.0733157894736843
"26364","diff5",0.00489473684210535
"26365","diff5",0.0575263157894737
"26366","diff5",0.0627894736842106
"26367","diff5",0.0785789473684212
"26368","diff5",0.0891052631578949
"26369","diff5",0.0101578947368422
"26370","diff5",0.0733157894736843
"26371","diff5",0.047
"26372","diff5",0.0312105263157894
"26373","diff5",0.0996315789473684
"26374","diff5",0.047
"26375","diff5",0.0943684210526317
"26376","diff5",0.0206842105263159
"26377","diff5",0.131210526315789
"26378","diff5",0.115421052631579
"26379","diff5",0.0627894736842106
"26380","diff5",0.0680526315789474
"26381","diff5",0.0785789473684212
"26382","diff5",0.0259473684210528
"26383","diff5",0.0522631578947369
"26384","diff5",0.083842105263158
"26385","diff5",0.0154210526315791
"26386","diff5",0.0154210526315791
"26387","diff5",0.0154210526315791
"26388","diff5",0.0154210526315791
"26389","diff5",0.0575263157894737
"26390","diff5",0.0943684210526317
"26391","diff5",0.0627894736842106
"26392","diff5",0.0364736842105263
"26393","diff5",0.0996315789473686
"26394","diff5",0.120684210526316
"26395","diff5",0.0891052631578949
"26396","diff5",0.047
"26397","diff5",0.0101578947368422
"26398","diff5",0.0364736842105263
"26399","diff5",0.0259473684210528
"26400","diff5",0.0259473684210528
"26401","diff5",-0.00563157894736836
"26402","diff5",0.0891052631578949
"26403","diff5",0.0943684210526315
"26404","diff5",0.0259473684210526
"26405","diff5",0.0206842105263159
"26406","diff5",0.0575263157894737
"26407","diff5",0.0312105263157894
"26408","diff5",0.0891052631578949
"26409","diff5",0.0575263157894737
"26410","diff5",0.0996315789473686
"26411","diff5",0.0680526315789474
"26412","diff5",0.0680526315789474
"26413","diff5",0.120684210526316
"26414","diff5",0.0943684210526317
"26415","diff5",0.0733157894736843
"26416","diff5",0.0680526315789474
"26417","diff5",0.0154210526315791
"26418","diff5",0.0206842105263159
"26419","diff5",0.083842105263158
"26420","diff5",0.0312105263157894
"26421","diff5",0.0364736842105263
"26422","diff5",0.047
"26423","diff5",0.0996315789473686
"26424","diff5",0.0522631578947369
"26425","diff5",0.047
"26426","diff5",0.0996315789473684
"26427","diff5",0.0627894736842106
"26428","diff5",0.0733157894736843
"26429","diff5",0.0417368421052631
"26430","diff5",0.120684210526316
"26431","diff5",0.0733157894736843
"26432","diff5",0.0312105263157896
"26433","diff5",0.083842105263158
"26434","diff5",0.110157894736842
"26435","diff5",0.0154210526315791
"26436","diff5",0.0259473684210528
"26437","diff5",0.0680526315789474
"26438","diff5",0.0680526315789474
"26439","diff5",0.0733157894736843
"26440","diff5",0.0627894736842106
"26441","diff5",0.0785789473684212
"26442","diff5",0.0575263157894737
"26443","diff5",0.0417368421052631
"26444","diff5",0.047
"26445","diff5",0.0364736842105263
"26446","diff5",0.104894736842105
"26447","diff5",0.0206842105263159
"26448","diff5",0.0259473684210528
"26449","diff5",0.0101578947368422
"26450","diff5",0.0522631578947369
"26451","diff5",0.0312105263157894
"26452","diff5",0.0733157894736843
"26453","diff5",0.0627894736842106
"26454","diff5",0.0206842105263159
"26455","diff5",0.0154210526315791
"26456","diff5",0.0154210526315791
"26457","diff5",0.047
"26458","diff5",0.0575263157894737
"26459","diff5",0.0996315789473684
"26460","diff5",0.0522631578947369
"26461","diff5",0.0680526315789474
"26462","diff5",0.0575263157894737
"26463","diff5",0.0522631578947369
"26464","diff5",0.0364736842105263
"26465","diff5",0.0943684210526317
"26466","diff5",0.0627894736842106
"26467","diff5",0.0575263157894737
"26468","diff5",0.0627894736842106
"26469","diff5",0.0680526315789474
"26470","diff5",0.0680526315789474
"26471","diff5",0.0785789473684212
"26472","diff5",-0.0214210526315789
"26473","diff5",0.0417368421052631
"26474","diff5",0.0680526315789474
"26475","diff5",0.0575263157894737
"26476","diff5",0.0943684210526317
"26477","diff5",0.0891052631578949
"26478","diff5",0.0785789473684212
"26479","diff5",0.0575263157894737
"26480","diff5",0.104894736842105
"26481","diff5",0.047
"26482","diff5",0.0154210526315791
"26483","diff5",0.110157894736842
"26484","diff5",0.0627894736842106
"26485","diff5",0.0312105263157896
"26486","diff5",0.0206842105263159
"26487","diff5",0.0417368421052631
"26488","diff5",0.0364736842105263
"26489","diff5",0.0522631578947369
"26490","diff5",0.0522631578947369
"26491","diff5",0.0312105263157894
"26492","diff5",0.0417368421052631
"26493","diff5",0.0417368421052631
"26494","diff5",0.083842105263158
"26495","diff5",0.0206842105263159
"26496","diff5",0.141736842105263
"26497","diff5",0.0522631578947369
"26498","diff5",0.0522631578947369
"26499","diff5",-0.000368421052631504
"26500","diff5",0.0943684210526317
"26501","diff5",0.0364736842105263
"26502","diff5",0.0522631578947369
"26503","diff5",0.047
"26504","diff5",0.0312105263157894
"26505","diff5",0.0364736842105263
"26506","diff5",0.0733157894736843
"26507","diff5",0.00489473684210535
"26508","diff5",0.0627894736842106
"26509","diff5",0.0364736842105263
"26510","diff5",0.120684210526316
"26511","diff5",0.0680526315789474
"26512","diff5",0.047
"26513","diff5",0.0627894736842106
"26514","diff5",0.047
"26515","diff5",0.0154210526315791
"26516","diff5",0.0575263157894737
"26517","diff5",0.0417368421052631
"26518","diff5",0.0417368421052631
"26519","diff5",0.0364736842105263
"26520","diff5",0.0364736842105263
"26521","diff5",-0.00563157894736836
"26522","diff5",0.0522631578947369
"26523","diff5",0.0312105263157896
"26524","diff5",0.0101578947368422
"26525","diff5",0.0417368421052631
"26526","diff5",-0.0266842105263158
"26527","diff5",0.0891052631578949
"26528","diff5",0.0206842105263159
"26529","diff5",0.0522631578947369
"26530","diff5",0.0996315789473686
"26531","diff5",0.0522631578947369
"26532","diff5",0.0733157894736843
"26533","diff5",0.0785789473684212
"26534","diff5",0.104894736842105
"26535","diff5",0.0522631578947369
"26536","diff5",0.0733157894736843
"26537","diff5",0.00489473684210535
"26538","diff5",-0.000368421052631504
"26539","diff5",0.0154210526315791
"26540","diff5",0.0943684210526317
"26541","diff5",0.083842105263158
"26542","diff5",0.00489473684210535
"26543","diff5",0.047
"26544","diff5",0.047
"26545","diff5",0.0627894736842106
"26546","diff5",0.0785789473684212
"26547","diff5",0.083842105263158
"26548","diff5",0.0101578947368422
"26549","diff5",0.0259473684210526
"26550","diff5",-0.000368421052631504
"26551","diff5",0.047
"26552","diff5",0.0417368421052631
"26553","diff5",0.110157894736842
"26554","diff5",0.0680526315789474
"26555","diff5",0.0154210526315791
"26556","diff5",0.0733157894736843
"26557","diff5",0.0733157894736843
"26558","diff5",0.0680526315789474
"26559","diff5",0.0575263157894737
"26560","diff5",0.0891052631578949
"26561","diff5",0.047
"26562","diff5",0.0206842105263157
"26563","diff5",0.0785789473684212
"26564","diff5",0.0312105263157896
"26565","diff5",0.0575263157894737
"26566","diff5",0.0206842105263159
"26567","diff5",0.104894736842105
"26568","diff5",0.0733157894736843
"26569","diff5",0.0627894736842106
"26570","diff5",-0.0319473684210527
"26571","diff5",0.083842105263158
"26572","diff5",0.0627894736842106
"26573","diff5",0.0522631578947369
"26574","diff5",0.0154210526315791
"26575","diff5",0.0996315789473686
"26576","diff5",0.104894736842105
"26577","diff5",0.0575263157894737
"26578","diff5",0.047
"26579","diff5",0.0680526315789474
"26580","diff5",0.083842105263158
"26581","diff5",0.0785789473684212
"26582","diff5",0.0733157894736843
"26583","diff5",0.104894736842105
"26584","diff5",0.0364736842105263
"26585","diff5",0.131210526315789
"26586","diff5",0.0785789473684212
"26587","diff5",0.0154210526315791
"26588","diff5",0.0417368421052631
"26589","diff5",0.0575263157894737
"26590","diff5",0.0522631578947369
"26591","diff5",0.0627894736842106
"26592","diff5",0.0785789473684212
"26593","diff5",0.0733157894736843
"26594","diff5",0.0417368421052631
"26595","diff5",0.0996315789473686
"26596","diff5",0.0364736842105263
"26597","diff5",0.0680526315789474
"26598","diff5",0.0312105263157894
"26599","diff5",0.0312105263157894
"26600","diff5",0.0259473684210528
"26601","diff5",0.0364736842105263
"26602","diff5",0.0101578947368422
"26603","diff5",0.0364736842105263
"26604","diff5",0.0154210526315791
"26605","diff5",0.0312105263157896
"26606","diff5",0.083842105263158
"26607","diff5",0.0627894736842106
"26608","diff5",0.104894736842105
"26609","diff5",0.083842105263158
"26610","diff5",0.0943684210526317
"26611","diff5",0.0312105263157894
"26612","diff5",0.0206842105263159
"26613","diff5",-0.00563157894736836
"26614","diff5",0.0733157894736843
"26615","diff5",0.0733157894736843
"26616","diff5",0.0575263157894737
"26617","diff5",0.0417368421052631
"26618","diff5",-0.0108947368421052
"26619","diff5",0.0627894736842106
"26620","diff5",0.0627894736842106
"26621","diff5",0.047
"26622","diff5",0.104894736842105
"26623","diff5",0.0996315789473686
"26624","diff5",0.0733157894736843
"26625","diff5",0.0417368421052631
"26626","diff5",0.0522631578947369
"26627","diff5",0.0733157894736843
"26628","diff5",0.0785789473684212
"26629","diff5",0.0943684210526317
"26630","diff5",0.120684210526316
"26631","diff5",0.0417368421052631
"26632","diff5",0.0312105263157896
"26633","diff5",0.0417368421052631
"26634","diff5",0.0312105263157894
"26635","diff5",0.0680526315789474
"26636","diff5",0.0996315789473686
"26637","diff5",0.0364736842105263
"26638","diff5",0.0522631578947369
"26639","diff5",0.0154210526315791
"26640","diff5",0.047
"26641","diff5",0.0312105263157894
"26642","diff5",0.0575263157894737
"26643","diff5",0.0312105263157894
"26644","diff5",0.0680526315789474
"26645","diff5",0.0417368421052631
"26646","diff5",0.0417368421052631
"26647","diff5",0.0627894736842106
"26648","diff5",0.0522631578947369
"26649","diff5",0.0680526315789474
"26650","diff5",0.047
"26651","diff5",0.0417368421052631
"26652","diff5",0.0417368421052631
"26653","diff5",0.0627894736842106
"26654","diff5",0.0154210526315791
"26655","diff5",0.0364736842105263
"26656","diff5",0.083842105263158
"26657","diff5",0.0101578947368422
"26658","diff5",-0.000368421052631504
"26659","diff5",0.0733157894736843
"26660","diff5",0.0154210526315791
"26661","diff5",0.0785789473684212
"26662","diff5",0.0891052631578949
"26663","diff5",0.0101578947368422
"26664","diff5",0.0522631578947369
"26665","diff5",0.0785789473684212
"26666","diff5",0.0154210526315791
"26667","diff5",0.0733157894736843
"26668","diff5",0.0417368421052631
"26669","diff5",0.0680526315789474
"26670","diff5",0.0891052631578949
"26671","diff5",0.00489473684210535
"26672","diff5",0.0785789473684212
"26673","diff5",0.0680526315789474
"26674","diff5",0.0680526315789474
"26675","diff5",0.0943684210526317
"26676","diff5",0.0575263157894737
"26677","diff5",0.0996315789473686
"26678","diff5",0.083842105263158
"26679","diff5",0.0101578947368422
"26680","diff5",-0.0108947368421052
"26681","diff5",0.047
"26682","diff5",0.0312105263157894
"26683","diff5",0.0891052631578949
"26684","diff5",0.0417368421052631
"26685","diff5",0.0312105263157896
"26686","diff5",0.0785789473684212
"26687","diff5",0.0575263157894737
"26688","diff5",0.0627894736842106
"26689","diff5",0.0259473684210528
"26690","diff5",0.0785789473684212
"26691","diff5",0.00489473684210535
"26692","diff5",0.0575263157894737
"26693","diff5",0.0627894736842106
"26694","diff5",0.0680526315789474
"26695","diff5",0.0154210526315791
"26696","diff5",0.0259473684210528
"26697","diff5",0.136473684210526
"26698","diff5",0.0627894736842106
"26699","diff5",0.0522631578947369
"26700","diff5",0.0522631578947369
"26701","diff5",0.0364736842105263
"26702","diff5",0.0575263157894737
"26703","diff5",0.0627894736842106
"26704","diff5",0.0522631578947369
"26705","diff5",0.0312105263157894
"26706","diff5",0.0785789473684212
"26707","diff5",0.083842105263158
"26708","diff5",0.083842105263158
"26709","diff5",0.0417368421052631
"26710","diff5",0.047
"26711","diff5",0.0575263157894737
"26712","diff5",0.0101578947368422
"26713","diff5",0.0680526315789474
"26714","diff5",0.0206842105263159
"26715","diff5",0.0733157894736843
"26716","diff5",0.0417368421052631
"26717","diff5",0.0575263157894737
"26718","diff5",0.0627894736842106
"26719","diff5",0.0364736842105263
"26720","diff5",0.0364736842105263
"26721","diff5",0.0785789473684212
"26722","diff5",0.083842105263158
"26723","diff5",0.0417368421052631
"26724","diff5",0.110157894736842
"26725","diff5",0.0417368421052631
"26726","diff5",0.0417368421052631
"26727","diff5",0.0891052631578949
"26728","diff5",0.0417368421052631
"26729","diff5",0.083842105263158
"26730","diff5",0.0522631578947369
"26731","diff5",0.0522631578947369
"26732","diff5",0.0943684210526317
"26733","diff5",0.0627894736842106
"26734","diff5",0.0733157894736843
"26735","diff5",0.047
"26736","diff5",0.120684210526316
"26737","diff5",0.0417368421052631
"26738","diff5",0.0680526315789474
"26739","diff5",0.0575263157894737
"26740","diff5",0.0522631578947369
"26741","diff5",0.104894736842105
"26742","diff5",0.0891052631578949
"26743","diff5",0.104894736842105
"26744","diff5",0.0575263157894737
"26745","diff5",-0.00563157894736836
"26746","diff5",0.0785789473684212
"26747","diff5",0.0891052631578949
"26748","diff5",0.083842105263158
"26749","diff5",0.0206842105263159
"26750","diff5",0.0680526315789474
"26751","diff5",0.131210526315789
"26752","diff5",0.0943684210526317
"26753","diff5",0.0627894736842106
"26754","diff5",0.0259473684210528
"26755","diff5",0.110157894736842
"26756","diff5",0.00489473684210535
"26757","diff5",0.0312105263157894
"26758","diff5",0.0575263157894737
"26759","diff5",0.136473684210526
"26760","diff5",0.0522631578947369
"26761","diff5",0.0627894736842106
"26762","diff5",-0.000368421052631504
"26763","diff5",0.083842105263158
"26764","diff5",0.0733157894736843
"26765","diff5",0.047
"26766","diff5",0.0364736842105263
"26767","diff5",0.0206842105263159
"26768","diff5",0.0733157894736843
"26769","diff5",0.083842105263158
"26770","diff5",0.047
"26771","diff5",0.00489473684210535
"26772","diff5",0.0575263157894737
"26773","diff5",0.0364736842105263
"26774","diff5",0.0733157894736843
"26775","diff5",0.0259473684210528
"26776","diff5",0.0417368421052631
"26777","diff5",0.0627894736842106
"26778","diff5",0.0522631578947369
"26779","diff5",0.0733157894736843
"26780","diff5",0.0522631578947369
"26781","diff5",0.047
"26782","diff5",0.0891052631578949
"26783","diff5",0.0154210526315791
"26784","diff5",0.0627894736842106
"26785","diff5",0.0996315789473686
"26786","diff5",0.0575263157894737
"26787","diff5",0.0627894736842106
"26788","diff5",0.0733157894736843
"26789","diff5",0.0417368421052631
"26790","diff5",0.120684210526316
"26791","diff5",0.0627894736842106
"26792","diff5",0.0364736842105263
"26793","diff5",0.0785789473684212
"26794","diff5",0.0206842105263157
"26795","diff5",0.0575263157894737
"26796","diff5",0.0575263157894737
"26797","diff5",0.0522631578947369
"26798","diff5",0.125947368421053
"26799","diff5",0.0943684210526317
"26800","diff5",0.0417368421052631
"26801","diff5",0.0996315789473684
"26802","diff5",0.0259473684210528
"26803","diff5",0.0364736842105263
"26804","diff5",0.104894736842105
"26805","diff5",0.00489473684210535
"26806","diff5",0.0417368421052631
"26807","diff5",0.047
"26808","diff5",-0.0108947368421052
"26809","diff5",0.00489473684210535
"26810","diff5",0.047
"26811","diff5",0.0417368421052631
"26812","diff5",-0.00563157894736836
"26813","diff5",0.0206842105263159
"26814","diff5",0.0785789473684212
"26815","diff5",0.083842105263158
"26816","diff5",0.0733157894736843
"26817","diff5",0.047
"26818","diff5",0.0312105263157896
"26819","diff5",0.0785789473684212
"26820","diff5",0.0312105263157896
"26821","diff5",0.0417368421052631
"26822","diff5",0.0680526315789474
"26823","diff5",0.0733157894736843
"26824","diff5",0.125947368421053
"26825","diff5",0.0522631578947369
"26826","diff5",0.0680526315789474
"26827","diff5",0.0364736842105263
"26828","diff5",0.0417368421052631
"26829","diff5",0.0206842105263159
"26830","diff5",0.0627894736842106
"26831","diff5",0.0364736842105263
"26832","diff5",0.0733157894736843
"26833","diff5",0.0680526315789474
"26834","diff5",0.0627894736842106
"26835","diff5",0.0680526315789474
"26836","diff5",0.0627894736842106
"26837","diff5",0.083842105263158
"26838","diff5",0.0627894736842106
"26839","diff5",0.0680526315789474
"26840","diff5",0.0891052631578949
"26841","diff5",0.0312105263157894
"26842","diff5",0.0522631578947369
"26843","diff5",0.0522631578947369
"26844","diff5",0.0627894736842106
"26845","diff5",0.083842105263158
"26846","diff5",0.0627894736842106
"26847","diff5",0.0627894736842106
"26848","diff5",0.0259473684210528
"26849","diff5",0.047
"26850","diff5",0.0575263157894737
"26851","diff5",0.0259473684210528
"26852","diff5",0.047
"26853","diff5",0.0680526315789474
"26854","diff5",-0.0108947368421052
"26855","diff5",0.0943684210526317
"26856","diff5",0.0733157894736843
"26857","diff5",0.0627894736842106
"26858","diff5",0.0312105263157894
"26859","diff5",0.110157894736842
"26860","diff5",0.0733157894736843
"26861","diff5",0.0522631578947369
"26862","diff5",0.0785789473684212
"26863","diff5",0.136473684210526
"26864","diff5",0.0312105263157894
"26865","diff5",0.0312105263157894
"26866","diff5",0.0996315789473686
"26867","diff5",0.0259473684210528
"26868","diff5",0.047
"26869","diff5",0.0364736842105263
"26870","diff5",0.0101578947368422
"26871","diff5",-0.000368421052631504
"26872","diff5",0.0996315789473684
"26873","diff5",0.0627894736842106
"26874","diff5",0.0522631578947369
"26875","diff5",0.0364736842105263
"26876","diff5",0.0627894736842106
"26877","diff5",0.0364736842105263
"26878","diff5",0.0364736842105263
"26879","diff5",0.0996315789473686
"26880","diff5",0.0312105263157894
"26881","diff5",0.0417368421052631
"26882","diff5",0.0943684210526317
"26883","diff5",0.104894736842105
"26884","diff5",0.0575263157894737
"26885","diff5",0.0996315789473684
"26886","diff5",0.083842105263158
"26887","diff5",0.083842105263158
"26888","diff5",0.0891052631578949
"26889","diff5",0.0680526315789474
"26890","diff5",0.0680526315789474
"26891","diff5",0.104894736842105
"26892","diff5",0.0943684210526317
"26893","diff5",0.0522631578947369
"26894","diff5",0.0575263157894737
"26895","diff5",0.0943684210526317
"26896","diff5",0.0680526315789474
"26897","diff5",0.0627894736842106
"26898","diff5",0.0680526315789474
"26899","diff5",0.00489473684210535
"26900","diff5",0.0575263157894737
"26901","diff5",0.0259473684210528
"26902","diff5",0.0785789473684212
"26903","diff5",0.0417368421052631
"26904","diff5",-0.00563157894736836
"26905","diff5",0.0680526315789474
"26906","diff5",0.0891052631578949
"26907","diff5",0.0522631578947369
"26908","diff5",0.0206842105263159
"26909","diff5",0.104894736842105
"26910","diff5",0.0259473684210528
"26911","diff5",0.0575263157894737
"26912","diff5",0.0417368421052631
"26913","diff5",0.0259473684210528
"26914","diff5",0.0575263157894737
"26915","diff5",0.0417368421052631
"26916","diff5",0.047
"26917","diff5",0.0417368421052631
"26918","diff5",0.0891052631578949
"26919","diff5",0.0733157894736843
"26920","diff5",0.0733157894736843
"26921","diff5",0.0206842105263159
"26922","diff5",0.0680526315789474
"26923","diff5",0.083842105263158
"26924","diff5",0.0312105263157896
"26925","diff5",0.0364736842105263
"26926","diff5",0.0680526315789474
"26927","diff5",0.131210526315789
"26928","diff5",0.0206842105263159
"26929","diff5",0.0680526315789474
"26930","diff5",0.0785789473684212
"26931","diff5",0.0891052631578949
"26932","diff5",0.0206842105263159
"26933","diff5",0.0206842105263159
"26934","diff5",0.0680526315789474
"26935","diff5",0.0733157894736843
"26936","diff5",0.0680526315789474
"26937","diff5",0.0680526315789474
"26938","diff5",0.0312105263157894
"26939","diff5",0.0364736842105263
"26940","diff5",0.0522631578947369
"26941","diff5",0.0943684210526317
"26942","diff5",0.0364736842105263
"26943","diff5",0.0364736842105263
"26944","diff5",0.083842105263158
"26945","diff5",0.0101578947368422
"26946","diff5",0.115421052631579
"26947","diff5",-0.000368421052631504
"26948","diff5",0.0522631578947369
"26949","diff5",0.083842105263158
"26950","diff5",0.0312105263157894
"26951","diff5",0.0417368421052631
"26952","diff5",0.083842105263158
"26953","diff5",0.0364736842105263
"26954","diff5",0.0891052631578949
"26955","diff5",0.0154210526315791
"26956","diff5",0.0785789473684212
"26957","diff5",0.0522631578947369
"26958","diff5",0.047
"26959","diff5",-0.0161578947368421
"26960","diff5",0.0785789473684212
"26961","diff5",0.0785789473684212
"26962","diff5",0.0312105263157896
"26963","diff5",0.0733157894736843
"26964","diff5",0.0312105263157894
"26965","diff5",0.115421052631579
"26966","diff5",0.0206842105263159
"26967","diff5",0.115421052631579
"26968","diff5",-0.000368421052631504
"26969","diff5",0.0627894736842106
"26970","diff5",0.0206842105263159
"26971","diff5",0.0733157894736843
"26972","diff5",0.047
"26973","diff5",0.0680526315789474
"26974","diff5",0.0575263157894737
"26975","diff5",0.0364736842105263
"26976","diff5",0.0364736842105263
"26977","diff5",0.047
"26978","diff5",0.110157894736842
"26979","diff5",0.0154210526315791
"26980","diff5",0.0312105263157894
"26981","diff5",0.0417368421052631
"26982","diff5",0.115421052631579
"26983","diff5",0.0627894736842106
"26984","diff5",0.0154210526315791
"26985","diff5",0.0101578947368422
"26986","diff5",0.0417368421052631
"26987","diff5",0.0259473684210528
"26988","diff5",0.0733157894736843
"26989","diff5",0.0627894736842106
"26990","diff5",0.0680526315789474
"26991","diff5",0.0996315789473686
"26992","diff5",0.0891052631578949
"26993","diff5",0.047
"26994","diff5",-0.0108947368421052
"26995","diff5",0.0417368421052631
"26996","diff5",0.0943684210526317
"26997","diff5",0.0575263157894737
"26998","diff5",0.110157894736842
"26999","diff5",0.083842105263158
"27000","diff5",0.0206842105263159
"27001","diff5",0.0680526315789474
"27002","diff5",0.0943684210526317
"27003","diff5",0.0627894736842106
"27004","diff5",0.0891052631578949
"27005","diff5",0.0206842105263159
"27006","diff5",0.0312105263157894
"27007","diff5",0.0259473684210528
"27008","diff5",0.047
"27009","diff5",0.0785789473684212
"27010","diff5",-0.0161578947368421
"27011","diff5",0.00489473684210535
"27012","diff5",-0.000368421052631504
"27013","diff5",0.0575263157894737
"27014","diff5",0.152263157894737
"27015","diff5",0.0312105263157894
"27016","diff5",0.0312105263157894
"27017","diff5",0.0785789473684212
"27018","diff5",0.120684210526316
"27019","diff5",0.0312105263157894
"27020","diff5",0.0206842105263159
"27021","diff5",0.0575263157894737
"27022","diff5",0.0943684210526317
"27023","diff5",0.0733157894736843
"27024","diff5",0.0996315789473686
"27025","diff5",0.0154210526315791
"27026","diff5",0.0417368421052631
"27027","diff5",0.0785789473684212
"27028","diff5",0.0575263157894737
"27029","diff5",0.0154210526315791
"27030","diff5",0.0259473684210528
"27031","diff5",0.0575263157894737
"27032","diff5",0.104894736842105
"27033","diff5",0.083842105263158
"27034","diff5",0.0943684210526317
"27035","diff5",0.0522631578947369
"27036","diff5",0.0312105263157896
"27037","diff5",0.0680526315789474
"27038","diff5",0.083842105263158
"27039","diff5",0.0943684210526317
"27040","diff5",0.0206842105263159
"27041","diff5",0.0522631578947369
"27042","diff5",0.0943684210526317
"27043","diff5",0.0154210526315791
"27044","diff5",0.0206842105263159
"27045","diff5",0.0417368421052631
"27046","diff5",0.0101578947368422
"27047","diff5",0.0206842105263159
"27048","diff5",0.0627894736842106
"27049","diff5",0.0522631578947369
"27050","diff5",0.0996315789473686
"27051","diff5",0.00489473684210535
"27052","diff5",0.110157894736842
"27053","diff5",0.0522631578947369
"27054","diff5",-0.0424736842105264
"27055","diff5",0.047
"27056","diff5",0.0785789473684212
"27057","diff5",0.0785789473684212
"27058","diff5",0.115421052631579
"27059","diff5",0.0627894736842106
"27060","diff5",0.0206842105263159
"27061","diff5",0.0785789473684212
"27062","diff5",0.047
"27063","diff5",0.047
"27064","diff5",0.0417368421052631
"27065","diff5",0.083842105263158
"27066","diff5",0.0259473684210528
"27067","diff5",0.0680526315789474
"27068","diff5",0.0627894736842106
"27069","diff5",0.047
"27070","diff5",0.104894736842105
"27071","diff5",0.0206842105263159
"27072","diff5",0.0575263157894737
"27073","diff5",0.0680526315789474
"27074","diff5",0.125947368421053
"27075","diff5",0.0575263157894737
"27076","diff5",0.047
"27077","diff5",0.0312105263157896
"27078","diff5",-0.000368421052631504
"27079","diff5",0.120684210526316
"27080","diff5",0.0785789473684212
"27081","diff5",0.0943684210526317
"27082","diff5",0.0627894736842106
"27083","diff5",0.0680526315789474
"27084","diff5",0.083842105263158
"27085","diff5",0.047
"27086","diff5",0.0259473684210528
"27087","diff5",0.115421052631579
"27088","diff5",0.0522631578947369
"27089","diff5",0.0364736842105263
"27090","diff5",0.083842105263158
"27091","diff5",0.0575263157894737
"27092","diff5",0.0575263157894737
"27093","diff5",0.0259473684210526
"27094","diff5",0.083842105263158
"27095","diff5",0.0943684210526317
"27096","diff5",0.0785789473684212
"27097","diff5",0.0522631578947369
"27098","diff5",0.083842105263158
"27099","diff5",0.0417368421052631
"27100","diff5",0.0891052631578949
"27101","diff5",0.0575263157894737
"27102","diff5",0.0364736842105263
"27103","diff5",0.104894736842105
"27104","diff5",0.00489473684210535
"27105","diff5",0.0312105263157894
"27106","diff5",0.0364736842105263
"27107","diff5",0.0680526315789474
"27108","diff5",0.047
"27109","diff5",0.131210526315789
"27110","diff5",0.0785789473684212
"27111","diff5",0.0154210526315791
"27112","diff5",0.0943684210526317
"27113","diff5",0.0627894736842106
"27114","diff5",0.0154210526315791
"27115","diff5",-0.0108947368421052
"27116","diff5",0.0627894736842106
"27117","diff5",0.083842105263158
"27118","diff5",0.0522631578947369
"27119","diff5",0.083842105263158
"27120","diff5",0.0206842105263159
"27121","diff5",0.0733157894736843
"27122","diff5",0.00489473684210535
"27123","diff5",0.0312105263157896
"27124","diff5",0.0101578947368422
"27125","diff5",0.0680526315789474
"27126","diff5",0.0627894736842106
"27127","diff5",0.0733157894736843
"27128","diff5",0.0364736842105263
"27129","diff5",0.0522631578947369
"27130","diff5",0.047
"27131","diff5",0.0680526315789474
"27132","diff5",0.0575263157894737
"27133","diff5",0.0312105263157894
"27134","diff5",-0.0161578947368421
"27135","diff5",-0.00563157894736836
"27136","diff5",0.0785789473684212
"27137","diff5",0.0364736842105263
"27138","diff5",0.0575263157894737
"27139","diff5",0.0996315789473686
"27140","diff5",0.0417368421052631
"27141","diff5",0.0575263157894737
"27142","diff5",0.0312105263157894
"27143","diff5",0.047
"27144","diff5",0.047
"27145","diff5",0.0680526315789474
"27146","diff5",0.0575263157894737
"27147","diff5",0.083842105263158
"27148","diff5",0.0206842105263159
"27149","diff5",0.0680526315789474
"27150","diff5",0.0206842105263159
"27151","diff5",-0.00563157894736836
"27152","diff5",0.0312105263157894
"27153","diff5",0.0575263157894737
"27154","diff5",0.0206842105263159
"27155","diff5",0.0154210526315791
"27156","diff5",0.125947368421053
"27157","diff5",0.047
"27158","diff5",0.0627894736842106
"27159","diff5",0.0206842105263159
"27160","diff5",0.0575263157894737
"27161","diff5",0.047
"27162","diff5",0.0680526315789474
"27163","diff5",0.0364736842105263
"27164","diff5",0.0627894736842106
"27165","diff5",0.0364736842105263
"27166","diff5",0.0575263157894737
"27167","diff5",0.0680526315789474
"27168","diff5",0.00489473684210535
"27169","diff5",0.0575263157894737
"27170","diff5",0.083842105263158
"27171","diff5",0.0733157894736843
"27172","diff5",0.0891052631578949
"27173","diff5",0.0206842105263159
"27174","diff5",0.0312105263157894
"27175","diff5",0.0680526315789474
"27176","diff5",0.0522631578947369
"27177","diff5",0.083842105263158
"27178","diff5",0.0312105263157896
"27179","diff5",0.0733157894736843
"27180","diff5",0.0733157894736843
"27181","diff5",0.0259473684210526
"27182","diff5",0.0522631578947369
"27183","diff5",-0.0161578947368421
"27184","diff5",0.0259473684210528
"27185","diff5",0.0627894736842106
"27186","diff5",0.120684210526316
"27187","diff5",0.0206842105263159
"27188","diff5",0.0364736842105263
"27189","diff5",0.104894736842105
"27190","diff5",0.0575263157894737
"27191","diff5",0.0312105263157894
"27192","diff5",0.0627894736842106
"27193","diff5",0.115421052631579
"27194","diff5",0.0364736842105263
"27195","diff5",0.0575263157894737
"27196","diff5",0.00489473684210535
"27197","diff5",-0.000368421052631504
"27198","diff5",0.0733157894736843
"27199","diff5",0.0522631578947369
"27200","diff5",0.0785789473684212
"27201","diff5",0.110157894736842
"27202","diff5",0.131210526315789
"27203","diff5",0.0943684210526317
"27204","diff5",-0.0108947368421052
"27205","diff5",0.047
"27206","diff5",0.0627894736842106
"27207","diff5",0.0417368421052631
"27208","diff5",0.0680526315789474
"27209","diff5",0.0785789473684212
"27210","diff5",0.0627894736842106
"27211","diff5",0.0575263157894737
"27212","diff5",0.083842105263158
"27213","diff5",0.0680526315789474
"27214","diff5",0.0575263157894737
"27215","diff5",0.0575263157894737
"27216","diff5",0.047
"27217","diff5",0.0364736842105263
"27218","diff5",0.0312105263157896
"27219","diff5",0.0996315789473686
"27220","diff5",0.0417368421052631
"27221","diff5",0.0417368421052631
"27222","diff5",0.115421052631579
"27223","diff5",0.115421052631579
"27224","diff5",0.0364736842105263
"27225","diff5",0.083842105263158
"27226","diff5",0.047
"27227","diff5",0.0575263157894737
"27228","diff5",0.0575263157894737
"27229","diff5",0.0259473684210528
"27230","diff5",0.083842105263158
"27231","diff5",0.0680526315789474
"27232","diff5",0.0627894736842106
"27233","diff5",0.0943684210526317
"27234","diff5",0.0417368421052631
"27235","diff5",0.0417368421052631
"27236","diff5",0.0259473684210526
"27237","diff5",0.0417368421052631
"27238","diff5",0.0733157894736843
"27239","diff5",0.0627894736842106
"27240","diff5",0.0943684210526317
"27241","diff5",0.0417368421052631
"27242","diff5",0.0785789473684212
"27243","diff5",0.047
"27244","diff5",0.083842105263158
"27245","diff5",0.0680526315789474
"27246","diff5",0.00489473684210535
"27247","diff5",0.047
"27248","diff5",-0.000368421052631504
"27249","diff5",0.0101578947368422
"27250","diff5",0.104894736842105
"27251","diff5",0.0891052631578949
"27252","diff5",0.047
"27253","diff5",0.0785789473684212
"27254","diff5",0.0522631578947369
"27255","diff5",0.0417368421052631
"27256","diff5",0.0627894736842106
"27257","diff5",0.0259473684210528
"27258","diff5",0.083842105263158
"27259","diff5",0.0627894736842106
"27260","diff5",0.0259473684210528
"27261","diff5",0.047
"27262","diff5",0.0891052631578949
"27263","diff5",0.0891052631578949
"27264","diff5",0.0891052631578949
"27265","diff5",0.047
"27266","diff5",0.0891052631578949
"27267","diff5",0.047
"27268","diff5",0.0680526315789474
"27269","diff5",0.0785789473684212
"27270","diff5",0.0733157894736843
"27271","diff5",0.0364736842105263
"27272","diff5",0.0364736842105263
"27273","diff5",0.115421052631579
"27274","diff5",0.0154210526315791
"27275","diff5",0.047
"27276","diff5",0.047
"27277","diff5",0.0522631578947369
"27278","diff5",0.0364736842105265
"27279","diff5",0.0154210526315791
"27280","diff5",0.0417368421052631
"27281","diff5",0.0891052631578949
"27282","diff5",0.0575263157894737
"27283","diff5",0.083842105263158
"27284","diff5",0.162789473684211
"27285","diff5",0.0680526315789474
"27286","diff5",0.0575263157894737
"27287","diff5",0.0996315789473684
"27288","diff5",0.0627894736842106
"27289","diff5",0.0680526315789474
"27290","diff5",0.0575263157894737
"27291","diff5",0.0680526315789474
"27292","diff5",0.104894736842105
"27293","diff5",0.0627894736842106
"27294","diff5",0.0627894736842106
"27295","diff5",0.0259473684210528
"27296","diff5",0.0259473684210528
"27297","diff5",0.0943684210526317
"27298","diff5",0.120684210526316
"27299","diff5",0.083842105263158
"27300","diff5",0.0575263157894737
"27301","diff5",0.104894736842105
"27302","diff5",0.0417368421052631
"27303","diff5",0.0522631578947369
"27304","diff5",0.0996315789473686
"27305","diff5",0.125947368421053
"27306","diff5",0.0943684210526317
"27307","diff5",0.0996315789473684
"27308","diff5",-0.0161578947368421
"27309","diff5",0.0522631578947369
"27310","diff5",0.0785789473684212
"27311","diff5",0.083842105263158
"27312","diff5",0.0154210526315791
"27313","diff5",0.0417368421052631
"27314","diff5",0.141736842105263
"27315","diff5",0.0364736842105263
"27316","diff5",0.0206842105263159
"27317","diff5",0.0206842105263159
"27318","diff5",0.0680526315789474
"27319","diff5",0.047
"27320","diff5",0.0522631578947369
"27321","diff5",0.0364736842105263
"27322","diff5",0.141736842105263
"27323","diff5",0.0312105263157894
"27324","diff5",0.0733157894736843
"27325","diff5",0.0943684210526317
"27326","diff5",0.00489473684210535
"27327","diff5",0.0417368421052631
"27328","diff5",0.047
"27329","diff5",0.0101578947368422
"27330","diff5",0.0259473684210526
"27331","diff5",0.110157894736842
"27332","diff5",0.0259473684210526
"27333","diff5",0.0575263157894737
"27334","diff5",0.0996315789473686
"27335","diff5",-0.0108947368421052
"27336","diff5",0.00489473684210535
"27337","diff5",0.0575263157894737
"27338","diff5",0.0785789473684212
"27339","diff5",0.0206842105263159
"27340","diff5",0.0364736842105263
"27341","diff5",0.0680526315789474
"27342","diff5",0.104894736842105
"27343","diff5",0.0943684210526317
"27344","diff5",0.0627894736842106
"27345","diff5",0.0522631578947369
"27346","diff5",0.0680526315789474
"27347","diff5",0.0575263157894737
"27348","diff5",0.0996315789473686
"27349","diff5",0.0312105263157894
"27350","diff5",0.0364736842105263
"27351","diff5",0.0680526315789474
"27352","diff5",0.0785789473684212
"27353","diff5",0.0627894736842106
"27354","diff5",0.047
"27355","diff5",0.0943684210526317
"27356","diff5",0.0154210526315791
"27357","diff5",0.0101578947368422
"27358","diff5",0.0680526315789474
"27359","diff5",0.0259473684210528
"27360","diff5",0.0417368421052631
"27361","diff5",0.047
"27362","diff5",0.110157894736842
"27363","diff5",0.0417368421052631
"27364","diff5",0.0680526315789474
"27365","diff5",0.120684210526316
"27366","diff5",0.0575263157894737
"27367","diff5",0.0627894736842106
"27368","diff5",0.0891052631578949
"27369","diff5",0.0312105263157894
"27370","diff5",0.0417368421052631
"27371","diff5",0.0206842105263159
"27372","diff5",0.0312105263157896
"27373","diff5",0.0733157894736843
"27374","diff5",0.047
"27375","diff5",-0.0214210526315789
"27376","diff5",0.136473684210526
"27377","diff5",-0.0108947368421052
"27378","diff5",0.115421052631579
"27379","diff5",0.083842105263158
"27380","diff5",0.120684210526316
"27381","diff5",0.0575263157894737
"27382","diff5",0.0680526315789474
"27383","diff5",0.083842105263158
"27384","diff5",0.0627894736842106
"27385","diff5",0.0364736842105263
"27386","diff5",0.0575263157894737
"27387","diff5",0.047
"27388","diff5",0.0680526315789474
"27389","diff5",0.0680526315789474
"27390","diff5",0.0312105263157896
"27391","diff5",0.0943684210526317
"27392","diff5",0.0259473684210528
"27393","diff5",0.0417368421052631
"27394","diff5",0.0364736842105263
"27395","diff5",0.0154210526315791
"27396","diff5",0.0891052631578949
"27397","diff5",0.0733157894736843
"27398","diff5",0.00489473684210535
"27399","diff5",0.0680526315789474
"27400","diff5",0.00489473684210535
"27401","diff5",0.083842105263158
"27402","diff5",0.0259473684210526
"27403","diff5",0.047
"27404","diff5",0.0312105263157896
"27405","diff5",0.0575263157894737
"27406","diff5",-0.00563157894736836
"27407","diff5",0.0417368421052631
"27408","diff5",0.0522631578947369
"27409","diff5",0.0627894736842106
"27410","diff5",0.0312105263157894
"27411","diff5",0.0891052631578949
"27412","diff5",0.0522631578947369
"27413","diff5",0.0312105263157894
"27414","diff5",0.0891052631578949
"27415","diff5",0.0575263157894737
"27416","diff5",0.0627894736842106
"27417","diff5",0.0680526315789474
"27418","diff5",0.0575263157894737
"27419","diff5",0.0312105263157894
"27420","diff5",0.0996315789473684
"27421","diff5",0.0206842105263159
"27422","diff5",0.0259473684210528
"27423","diff5",0.047
"27424","diff5",0.047
"27425","diff5",0.0575263157894737
"27426","diff5",0.0627894736842106
"27427","diff5",0.0417368421052631
"27428","diff5",0.0522631578947369
"27429","diff5",0.0101578947368422
"27430","diff5",0.0627894736842106
"27431","diff5",0.0575263157894737
"27432","diff5",0.0259473684210526
"27433","diff5",0.0733157894736843
"27434","diff5",0.0627894736842106
"27435","diff5",0.0417368421052631
"27436","diff5",0.047
"27437","diff5",0.0680526315789474
"27438","diff5",0.0312105263157894
"27439","diff5",0.0417368421052631
"27440","diff5",0.0522631578947369
"27441","diff5",0.0627894736842106
"27442","diff5",0.0522631578947369
"27443","diff5",0.0522631578947369
"27444","diff5",0.0785789473684212
"27445","diff5",0.047
"27446","diff5",0.0943684210526317
"27447","diff5",0.0733157894736843
"27448","diff5",0.0575263157894737
"27449","diff5",0.0733157894736843
"27450","diff5",0.083842105263158
"27451","diff5",0.0891052631578949
"27452","diff5",0.047
"27453","diff5",0.0680526315789474
"27454","diff5",0.0680526315789474
"27455","diff5",0.0680526315789474
"27456","diff5",0.104894736842105
"27457","diff5",0.083842105263158
"27458","diff5",0.0364736842105263
"27459","diff5",0.047
"27460","diff5",0.0101578947368422
"27461","diff5",0.0312105263157894
"27462","diff5",0.0312105263157896
"27463","diff5",0.0312105263157894
"27464","diff5",0.047
"27465","diff5",0.0101578947368422
"27466","diff5",0.0680526315789474
"27467","diff5",0.047
"27468","diff5",0.0627894736842106
"27469","diff5",0.0943684210526317
"27470","diff5",0.0785789473684212
"27471","diff5",0.0785789473684212
"27472","diff5",0.083842105263158
"27473","diff5",0.136473684210526
"27474","diff5",0.0627894736842106
"27475","diff5",0.0259473684210528
"27476","diff5",0.0996315789473686
"27477","diff5",0.0943684210526317
"27478","diff5",0.0312105263157894
"27479","diff5",0.0943684210526317
"27480","diff5",0.083842105263158
"27481","diff5",0.047
"27482","diff5",0.0943684210526317
"27483","diff5",0.0996315789473686
"27484","diff5",0.0522631578947369
"27485","diff5",0.0154210526315791
"27486","diff5",0.0312105263157896
"27487","diff5",0.0312105263157896
"27488","diff5",0.0206842105263159
"27489","diff5",0.0154210526315791
"27490","diff5",0.0785789473684212
"27491","diff5",0.0680526315789474
"27492","diff5",0.0417368421052631
"27493","diff5",0.0891052631578949
"27494","diff5",0.104894736842105
"27495","diff5",0.0943684210526317
"27496","diff5",0.0680526315789474
"27497","diff5",0.0101578947368422
"27498","diff5",0.0733157894736843
"27499","diff5",0.0417368421052631
"27500","diff5",0.0733157894736843
"27501","diff5",0.0259473684210528
"27502","diff5",0.115421052631579
"27503","diff5",0.0312105263157894
"27504","diff5",0.0312105263157894
"27505","diff5",0.0522631578947369
"27506","diff5",0.0575263157894737
"27507","diff5",0.0417368421052631
"27508","diff5",0.0627894736842106
"27509","diff5",0.0785789473684212
"27510","diff5",0.0680526315789474
"27511","diff5",0.0575263157894737
"27512","diff5",-0.0161578947368421
"27513","diff5",-0.0161578947368421
"27514","diff5",0.0733157894736843
"27515","diff5",0.0259473684210526
"27516","diff5",0.083842105263158
"27517","diff5",0.0522631578947369
"27518","diff5",0.104894736842105
"27519","diff5",0.0259473684210528
"27520","diff5",0.0522631578947369
"27521","diff5",0.0891052631578949
"27522","diff5",0.110157894736842
"27523","diff5",0.083842105263158
"27524","diff5",0.0312105263157894
"27525","diff5",0.0680526315789474
"27526","diff5",0.083842105263158
"27527","diff5",0.0733157894736843
"27528","diff5",0.0417368421052631
"27529","diff5",0.0206842105263159
"27530","diff5",0.0891052631578949
"27531","diff5",0.0522631578947369
"27532","diff5",0.0891052631578949
"27533","diff5",0.0312105263157896
"27534","diff5",-0.000368421052631504
"27535","diff5",0.0101578947368422
"27536","diff5",0.0364736842105263
"27537","diff5",0.0312105263157894
"27538","diff5",0.083842105263158
"27539","diff5",0.0733157894736843
"27540","diff5",0.0417368421052631
"27541","diff5",0.0785789473684212
"27542","diff5",0.0627894736842106
"27543","diff5",0.0259473684210528
"27544","diff5",0.141736842105263
"27545","diff5",0.0733157894736843
"27546","diff5",0.047
"27547","diff5",0.104894736842105
"27548","diff5",0.0259473684210528
"27549","diff5",0.104894736842105
"27550","diff5",-0.0319473684210527
"27551","diff5",0.0733157894736843
"27552","diff5",0.115421052631579
"27553","diff5",0.0364736842105263
"27554","diff5",0.047
"27555","diff5",0.0943684210526317
"27556","diff5",0.0733157894736843
"27557","diff5",0.083842105263158
"27558","diff5",0.083842105263158
"27559","diff5",0.00489473684210535
"27560","diff5",0.083842105263158
"27561","diff5",0.0312105263157894
"27562","diff5",0.0522631578947369
"27563","diff5",0.0627894736842106
"27564","diff5",0.0733157894736843
"27565","diff5",0.047
"27566","diff5",0.0680526315789474
"27567","diff5",0.0575263157894737
"27568","diff5",0.00489473684210535
"27569","diff5",0.0522631578947369
"27570","diff5",0.0891052631578949
"27571","diff5",0.0575263157894737
"27572","diff5",0.104894736842105
"27573","diff5",0.0522631578947369
"27574","diff5",0.0785789473684212
"27575","diff5",0.131210526315789
"27576","diff5",0.0522631578947369
"27577","diff5",0.120684210526316
"27578","diff5",0.0733157894736843
"27579","diff5",0.0417368421052631
"27580","diff5",0.0312105263157896
"27581","diff5",0.0575263157894737
"27582","diff5",0.0733157894736843
"27583","diff5",0.104894736842105
"27584","diff5",-0.000368421052631504
"27585","diff5",0.0312105263157894
"27586","diff5",0.0101578947368422
"27587","diff5",0.110157894736842
"27588","diff5",0.0364736842105263
"27589","diff5",0.0785789473684212
"27590","diff5",0.0575263157894737
"27591","diff5",0.0891052631578949
"27592","diff5",0.120684210526316
"27593","diff5",0.0733157894736843
"27594","diff5",0.083842105263158
"27595","diff5",0.047
"27596","diff5",0.0627894736842106
"27597","diff5",0.0575263157894737
"27598","diff5",0.0522631578947369
"27599","diff5",0.0101578947368422
"27600","diff5",0.125947368421053
"27601","diff5",0.0101578947368422
"27602","diff5",0.083842105263158
"27603","diff5",0.0891052631578949
"27604","diff5",0.0259473684210526
"27605","diff5",0.0206842105263157
"27606","diff5",0.0785789473684212
"27607","diff5",0.047
"27608","diff5",0.0733157894736843
"27609","diff5",0.083842105263158
"27610","diff5",0.0996315789473686
"27611","diff5",0.0943684210526317
"27612","diff5",0.110157894736842
"27613","diff5",0.0417368421052631
"27614","diff5",0.110157894736842
"27615","diff5",0.0627894736842106
"27616","diff5",0.0627894736842106
"27617","diff5",0.115421052631579
"27618","diff5",0.0522631578947369
"27619","diff5",0.0417368421052631
"27620","diff5",0.0364736842105263
"27621","diff5",0.0522631578947369
"27622","diff5",0.0312105263157894
"27623","diff5",0.0733157894736843
"27624","diff5",0.0522631578947369
"27625","diff5",0.0259473684210528
"27626","diff5",0.0101578947368422
"27627","diff5",0.0206842105263159
"27628","diff5",0.131210526315789
"27629","diff5",0.0417368421052631
"27630","diff5",0.0785789473684212
"27631","diff5",-0.000368421052631504
"27632","diff5",-0.000368421052631504
"27633","diff5",0.0627894736842106
"27634","diff5",0.0785789473684212
"27635","diff5",0.0891052631578949
"27636","diff5",0.083842105263158
"27637","diff5",-0.000368421052631504
"27638","diff5",0.141736842105263
"27639","diff5",0.0312105263157894
"27640","diff5",0.0206842105263159
"27641","diff5",0.0259473684210528
"27642","diff5",0.0996315789473686
"27643","diff5",0.0259473684210528
"27644","diff5",0.0312105263157896
"27645","diff5",0.0943684210526317
"27646","diff5",0.0627894736842106
"27647","diff5",0.0891052631578949
"27648","diff5",0.104894736842105
"27649","diff5",0.0627894736842106
"27650","diff5",0.0891052631578949
"27651","diff5",0.0733157894736843
"27652","diff5",0.083842105263158
"27653","diff5",0.0627894736842106
"27654","diff5",0.0312105263157894
"27655","diff5",0.0364736842105263
"27656","diff5",0.0417368421052631
"27657","diff5",0.00489473684210535
"27658","diff5",0.047
"27659","diff5",0.0312105263157894
"27660","diff5",0.0364736842105263
"27661","diff5",0.0680526315789474
"27662","diff5",0.047
"27663","diff5",0.0206842105263157
"27664","diff5",0.0417368421052631
"27665","diff5",0.0733157894736843
"27666","diff5",0.0996315789473686
"27667","diff5",0.0259473684210526
"27668","diff5",0.0259473684210528
"27669","diff5",0.0312105263157894
"27670","diff5",0.0996315789473686
"27671","diff5",0.0627894736842106
"27672","diff5",0.083842105263158
"27673","diff5",0.0996315789473684
"27674","diff5",0.0680526315789474
"27675","diff5",0.131210526315789
"27676","diff5",0.00489473684210535
"27677","diff5",0.0785789473684212
"27678","diff5",0.0206842105263157
"27679","diff5",0.0417368421052631
"27680","diff5",-0.0266842105263158
"27681","diff5",0.083842105263158
"27682","diff5",0.0785789473684212
"27683","diff5",0.047
"27684","diff5",0.0364736842105263
"27685","diff5",0.110157894736842
"27686","diff5",0.0417368421052631
"27687","diff5",0.0312105263157894
"27688","diff5",0.0575263157894737
"27689","diff5",0.0575263157894737
"27690","diff5",0.0996315789473686
"27691","diff5",0.0101578947368422
"27692","diff5",0.0627894736842106
"27693","diff5",0.0891052631578949
"27694","diff5",0.0417368421052631
"27695","diff5",0.0627894736842106
"27696","diff5",0.0364736842105263
"27697","diff5",0.0364736842105263
"27698","diff5",0.083842105263158
"27699","diff5",0.0785789473684212
"27700","diff5",0.0364736842105263
"27701","diff5",0.0891052631578949
"27702","diff5",0.0522631578947369
"27703","diff5",0.0627894736842106
"27704","diff5",0.0733157894736843
"27705","diff5",0.0101578947368422
"27706","diff5",0.0417368421052631
"27707","diff5",0.0785789473684212
"27708","diff5",0.0680526315789474
"27709","diff5",0.0996315789473686
"27710","diff5",0.104894736842105
"27711","diff5",0.0575263157894737
"27712","diff5",0.083842105263158
"27713","diff5",0.0680526315789474
"27714","diff5",0.0943684210526317
"27715","diff5",0.0680526315789474
"27716","diff5",0.0364736842105263
"27717","diff5",0.0891052631578949
"27718","diff5",0.0522631578947369
"27719","diff5",0.047
"27720","diff5",0.0417368421052631
"27721","diff5",0.047
"27722","diff5",0.0575263157894737
"27723","diff5",0.083842105263158
"27724","diff5",0.0575263157894737
"27725","diff5",0.0733157894736843
"27726","diff5",0.0206842105263159
"27727","diff5",0.0154210526315791
"27728","diff5",0.0627894736842106
"27729","diff5",0.0312105263157896
"27730","diff5",0.047
"27731","diff5",0.0522631578947369
"27732","diff5",0.0891052631578949
"27733","diff5",0.047
"27734","diff5",0.0522631578947369
"27735","diff5",0.0575263157894737
"27736","diff5",0.0575263157894737
"27737","diff5",0.0101578947368422
"27738","diff5",0.047
"27739","diff5",0.083842105263158
"27740","diff5",0.0575263157894737
"27741","diff5",0.0522631578947369
"27742","diff5",0.0206842105263157
"27743","diff5",0.147
"27744","diff5",0.0575263157894737
"27745","diff5",0.0522631578947369
"27746","diff5",0.0364736842105263
"27747","diff5",0.047
"27748","diff5",0.0891052631578949
"27749","diff5",0.0259473684210528
"27750","diff5",0.0364736842105265
"27751","diff5",0.0206842105263159
"27752","diff5",0.104894736842105
"27753","diff5",0.0417368421052631
"27754","diff5",0.0312105263157894
"27755","diff5",0.0364736842105263
"27756","diff5",0.0312105263157896
"27757","diff5",0.0259473684210528
"27758","diff5",0.083842105263158
"27759","diff5",0.0206842105263159
"27760","diff5",0.0259473684210526
"27761","diff5",0.0312105263157896
"27762","diff5",0.0627894736842106
"27763","diff5",0.0206842105263159
"27764","diff5",0.0575263157894737
"27765","diff5",0.0312105263157894
"27766","diff5",0.0891052631578949
"27767","diff5",0.0680526315789474
"27768","diff5",0.0417368421052631
"27769","diff5",0.0627894736842106
"27770","diff5",0.0101578947368422
"27771","diff5",0.0891052631578949
"27772","diff5",0.115421052631579
"27773","diff5",0.0364736842105263
"27774","diff5",0.0943684210526317
"27775","diff5",0.115421052631579
"27776","diff5",0.110157894736842
"27777","diff5",0.104894736842105
"27778","diff5",0.104894736842105
"27779","diff5",0.0417368421052631
"27780","diff5",0.0627894736842106
"27781","diff5",0.0522631578947369
"27782","diff5",0.131210526315789
"27783","diff5",0.0312105263157896
"27784","diff5",0.0680526315789474
"27785","diff5",0.0785789473684212
"27786","diff5",0.0785789473684212
"27787","diff5",0.0364736842105263
"27788","diff5",0.0101578947368422
"27789","diff5",0.00489473684210535
"27790","diff5",0.0680526315789474
"27791","diff5",0.0312105263157896
"27792","diff5",0.0522631578947369
"27793","diff5",0.0312105263157896
"27794","diff5",0.0680526315789474
"27795","diff5",0.0206842105263159
"27796","diff5",0.0733157894736843
"27797","diff5",0.0575263157894737
"27798","diff5",0.0206842105263159
"27799","diff5",0.0733157894736843
"27800","diff5",0.083842105263158
"27801","diff5",0.0996315789473686
"27802","diff5",0.00489473684210535
"27803","diff5",0.0627894736842106
"27804","diff5",-0.000368421052631504
"27805","diff5",0.0680526315789474
"27806","diff5",0.0627894736842106
"27807","diff5",0.0627894736842106
"27808","diff5",0.047
"27809","diff5",0.0733157894736843
"27810","diff5",0.0575263157894737
"27811","diff5",0.0575263157894737
"27812","diff5",0.0891052631578949
"27813","diff5",0.0312105263157894
"27814","diff5",0.00489473684210535
"27815","diff5",-0.0214210526315789
"27816","diff5",0.115421052631579
"27817","diff5",0.120684210526316
"27818","diff5",0.0522631578947369
"27819","diff5",0.110157894736842
"27820","diff5",0.0522631578947369
"27821","diff5",-0.00563157894736836
"27822","diff5",0.0733157894736843
"27823","diff5",0.0206842105263159
"27824","diff5",0.0417368421052631
"27825","diff5",0.0627894736842106
"27826","diff5",0.0575263157894737
"27827","diff5",0.0575263157894737
"27828","diff5",0.0891052631578949
"27829","diff5",0.0627894736842106
"27830","diff5",0.083842105263158
"27831","diff5",0.0996315789473686
"27832","diff5",0.00489473684210535
"27833","diff5",0.0522631578947369
"27834","diff5",0.0364736842105263
"27835","diff5",0.0364736842105263
"27836","diff5",0.047
"27837","diff5",0.0522631578947369
"27838","diff5",0.047
"27839","diff5",0.0627894736842106
"27840","diff5",0.110157894736842
"27841","diff5",0.0785789473684212
"27842","diff5",0.0522631578947369
"27843","diff5",0.0417368421052634
"27844","diff5",0.0575263157894737
"27845","diff5",0.0522631578947369
"27846","diff5",0.0943684210526317
"27847","diff5",0.0206842105263159
"27848","diff5",0.0259473684210528
"27849","diff5",0.0680526315789474
"27850","diff5",0.0312105263157894
"27851","diff5",0.0627894736842106
"27852","diff5",0.0259473684210528
"27853","diff5",0.0417368421052631
"27854","diff5",0.0364736842105263
"27855","diff5",0.120684210526316
"27856","diff5",0.0312105263157894
"27857","diff5",0.0206842105263157
"27858","diff5",0.083842105263158
"27859","diff5",0.0364736842105263
"27860","diff5",0.104894736842105
"27861","diff5",0.0785789473684212
"27862","diff5",0.0575263157894737
"27863","diff5",0.0522631578947369
"27864","diff5",0.083842105263158
"27865","diff5",0.0733157894736843
"27866","diff5",0.00489473684210535
"27867","diff5",0.047
"27868","diff5",0.083842105263158
"27869","diff5",0.0680526315789474
"27870","diff5",0.0206842105263159
"27871","diff5",0.0364736842105263
"27872","diff5",0.0943684210526317
"27873","diff5",0.0785789473684212
"27874","diff5",0.115421052631579
"27875","diff5",0.0943684210526317
"27876","diff5",0.0733157894736843
"27877","diff5",0.0154210526315791
"27878","diff5",0.0943684210526317
"27879","diff5",0.0522631578947369
"27880","diff5",0.0575263157894737
"27881","diff5",0.0891052631578949
"27882","diff5",0.125947368421053
"27883","diff5",0.0627894736842106
"27884","diff5",0.047
"27885","diff5",0.0259473684210528
"27886","diff5",0.0364736842105263
"27887","diff5",0.0733157894736843
"27888","diff5",0.0206842105263159
"27889","diff5",0.0627894736842106
"27890","diff5",0.0785789473684212
"27891","diff5",-0.0108947368421052
"27892","diff5",0.0364736842105263
"27893","diff5",0.0680526315789474
"27894","diff5",0.0891052631578949
"27895","diff5",0.0364736842105263
"27896","diff5",0.0785789473684212
"27897","diff5",0.0943684210526317
"27898","diff5",0.0312105263157894
"27899","diff5",0.0996315789473686
"27900","diff5",0.0312105263157896
"27901","diff5",0.0101578947368422
"27902","diff5",0.110157894736842
"27903","diff5",0.0996315789473686
"27904","diff5",0.0312105263157894
"27905","diff5",0.0259473684210526
"27906","diff5",0.0417368421052631
"27907","diff5",0.0259473684210528
"27908","diff5",0.083842105263158
"27909","diff5",0.0206842105263159
"27910","diff5",0.0680526315789474
"27911","diff5",0.0627894736842106
"27912","diff5",0.0206842105263159
"27913","diff5",0.00489473684210535
"27914","diff5",-0.00563157894736836
"27915","diff5",0.0312105263157894
"27916","diff5",0.0943684210526317
"27917","diff5",0.0891052631578949
"27918","diff5",0.0259473684210526
"27919","diff5",0.110157894736842
"27920","diff5",0.115421052631579
"27921","diff5",0.0101578947368422
"27922","diff5",0.0154210526315791
"27923","diff5",0.0312105263157894
"27924","diff5",0.0943684210526317
"27925","diff5",0.0154210526315791
"27926","diff5",0.0259473684210526
"27927","diff5",0.0575263157894737
"27928","diff5",0.0680526315789474
"27929","diff5",0.141736842105263
"27930","diff5",0.110157894736842
"27931","diff5",0.0364736842105263
"27932","diff5",0.0627894736842106
"27933","diff5",0.0522631578947369
"27934","diff5",0.0522631578947369
"27935","diff5",0.0627894736842106
"27936","diff5",0.0680526315789474
"27937","diff5",0.0785789473684212
"27938","diff5",0.0733157894736843
"27939","diff5",0.0206842105263159
"27940","diff5",0.0417368421052631
"27941","diff5",0.0206842105263159
"27942","diff5",0.0101578947368422
"27943","diff5",0.0891052631578949
"27944","diff5",0.0575263157894737
"27945","diff5",0.0101578947368422
"27946","diff5",0.0101578947368422
"27947","diff5",0.047
"27948","diff5",0.0943684210526317
"27949","diff5",0.0891052631578949
"27950","diff5",0.0206842105263159
"27951","diff5",0.0522631578947369
"27952","diff5",0.0522631578947369
"27953","diff5",0.0891052631578949
"27954","diff5",0.0417368421052631
"27955","diff5",0.0785789473684212
"27956","diff5",0.0733157894736843
"27957","diff5",0.083842105263158
"27958","diff5",0.0259473684210526
"27959","diff5",0.0785789473684212
"27960","diff5",0.0312105263157894
"27961","diff5",0.0417368421052631
"27962","diff5",0.0943684210526317
"27963","diff5",0.0364736842105263
"27964","diff5",0.0943684210526317
"27965","diff5",0.0575263157894737
"27966","diff5",0.0943684210526317
"27967","diff5",0.0733157894736843
"27968","diff5",0.0522631578947369
"27969","diff5",0.0943684210526317
"27970","diff5",0.0891052631578949
"27971","diff5",0.0575263157894737
"27972","diff5",-0.0108947368421052
"27973","diff5",0.0522631578947369
"27974","diff5",0.0312105263157896
"27975","diff5",-0.00563157894736836
"27976","diff5",0.0627894736842106
"27977","diff5",0.0101578947368422
"27978","diff5",-0.0108947368421052
"27979","diff5",0.0680526315789474
"27980","diff5",0.0680526315789474
"27981","diff5",0.0101578947368422
"27982","diff5",0.083842105263158
"27983","diff5",0.0417368421052631
"27984","diff5",0.0680526315789474
"27985","diff5",0.0627894736842106
"27986","diff5",0.0101578947368422
"27987","diff5",0.083842105263158
"27988","diff5",0.00489473684210535
"27989","diff5",0.0522631578947369
"27990","diff5",0.0733157894736843
"27991","diff5",0.0627894736842106
"27992","diff5",0.0312105263157894
"27993","diff5",0.083842105263158
"27994","diff5",0.0785789473684212
"27995","diff5",-0.0161578947368421
"27996","diff5",0.0312105263157894
"27997","diff5",0.0312105263157894
"27998","diff5",0.0206842105263159
"27999","diff5",-0.000368421052631504
"28000","diff5",0.0733157894736843
"28001","diff5",0.083842105263158
"28002","diff5",0.0996315789473686
"28003","diff5",0.00489473684210535
"28004","diff5",0.0154210526315791
"28005","diff5",-0.00563157894736836
"28006","diff5",0.0785789473684212
"28007","diff5",0.0733157894736843
"28008","diff5",0.0627894736842106
"28009","diff5",0.0522631578947369
"28010","diff5",0.0364736842105263
"28011","diff5",0.0627894736842106
"28012","diff5",0.0575263157894737
"28013","diff5",0.0312105263157896
"28014","diff5",0.0891052631578949
"28015","diff5",0.0627894736842106
"28016","diff5",0.0680526315789474
"28017","diff5",0.0312105263157896
"28018","diff5",0.0259473684210526
"28019","diff5",0.0259473684210528
"28020","diff5",0.0259473684210526
"28021","diff5",0.0417368421052631
"28022","diff5",0.0259473684210528
"28023","diff5",0.0943684210526317
"28024","diff5",0.047
"28025","diff5",0.0575263157894737
"28026","diff5",0.0575263157894737
"28027","diff5",0.115421052631579
"28028","diff5",0.0996315789473686
"28029","diff5",0.0680526315789474
"28030","diff5",0.0627894736842106
"28031","diff5",0.083842105263158
"28032","diff5",0.0627894736842106
"28033","diff5",0.0733157894736843
"28034","diff5",0.0785789473684212
"28035","diff5",0.0312105263157894
"28036","diff5",0.0364736842105265
"28037","diff5",0.0680526315789474
"28038","diff5",0.0575263157894737
"28039","diff5",0.0417368421052631
"28040","diff5",0.083842105263158
"28041","diff5",0.0575263157894737
"28042","diff5",0.115421052631579
"28043","diff5",0.083842105263158
"28044","diff5",0.0364736842105263
"28045","diff5",0.0259473684210528
"28046","diff5",0.0417368421052631
"28047","diff5",0.0312105263157894
"28048","diff5",0.0680526315789474
"28049","diff5",0.0206842105263159
"28050","diff5",0.0522631578947369
"28051","diff5",0.0417368421052631
"28052","diff5",0.0680526315789474
"28053","diff5",0.0733157894736843
"28054","diff5",0.0206842105263159
"28055","diff5",0.0943684210526317
"28056","diff5",0.0627894736842106
"28057","diff5",0.0417368421052631
"28058","diff5",0.0364736842105263
"28059","diff5",0.0417368421052631
"28060","diff5",-0.000368421052631504
"28061","diff5",0.0680526315789474
"28062","diff5",0.0733157894736843
"28063","diff5",0.0259473684210526
"28064","diff5",0.0312105263157896
"28065","diff5",0.0785789473684212
"28066","diff5",0.0575263157894737
"28067","diff5",0.0575263157894737
"28068","diff5",0.0891052631578949
"28069","diff5",0.0627894736842106
"28070","diff5",0.0101578947368422
"28071","diff5",0.0259473684210528
"28072","diff5",0.0101578947368422
"28073","diff5",0.047
"28074","diff5",0.110157894736842
"28075","diff5",0.0312105263157896
"28076","diff5",0.0680526315789474
"28077","diff5",-0.0266842105263158
"28078","diff5",0.0627894736842106
"28079","diff5",0.0680526315789474
"28080","diff5",0.0417368421052631
"28081","diff5",0.120684210526316
"28082","diff5",-0.0214210526315789
"28083","diff5",0.0522631578947369
"28084","diff5",0.0943684210526317
"28085","diff5",-0.0108947368421052
"28086","diff5",0.0785789473684212
"28087","diff5",-0.0108947368421052
"28088","diff5",-0.000368421052631504
"28089","diff5",0.0891052631578949
"28090","diff5",0.047
"28091","diff5",0.0364736842105263
"28092","diff5",0.047
"28093","diff5",0.0680526315789474
"28094","diff5",-0.000368421052631504
"28095","diff5",0.0733157894736843
"28096","diff5",0.0522631578947369
"28097","diff5",0.0785789473684212
"28098","diff5",0.0259473684210528
"28099","diff5",0.0312105263157896
"28100","diff5",0.0417368421052631
"28101","diff5",0.0891052631578949
"28102","diff5",0.047
"28103","diff5",0.0522631578947369
"28104","diff5",0.0522631578947369
"28105","diff5",0.0785789473684212
"28106","diff5",-0.000368421052631504
"28107","diff5",0.0627894736842106
"28108","diff5",0.0417368421052631
"28109","diff5",0.0680526315789474
"28110","diff5",0.0206842105263159
"28111","diff5",0.0943684210526317
"28112","diff5",0.0522631578947369
"28113","diff5",0.0943684210526317
"28114","diff5",0.125947368421053
"28115","diff5",0.0785789473684212
"28116","diff5",0.0680526315789474
"28117","diff5",0.0627894736842106
"28118","diff5",0.0312105263157894
"28119","diff5",0.0680526315789474
"28120","diff5",0.0785789473684212
"28121","diff5",0.125947368421053
"28122","diff5",0.0627894736842106
"28123","diff5",0.0575263157894737
"28124","diff5",0.0785789473684212
"28125","diff5",0.115421052631579
"28126","diff5",0.083842105263158
"28127","diff5",0.0522631578947369
"28128","diff5",0.0417368421052631
"28129","diff5",0.0575263157894737
"28130","diff5",0.104894736842105
"28131","diff5",0.0364736842105263
"28132","diff5",0.083842105263158
"28133","diff5",0.0575263157894737
"28134","diff5",0.0996315789473686
"28135","diff5",0.0996315789473686
"28136","diff5",0.0575263157894737
"28137","diff5",0.0154210526315791
"28138","diff5",0.0733157894736843
"28139","diff5",0.0364736842105263
"28140","diff5",0.0996315789473686
"28141","diff5",0.0522631578947369
"28142","diff5",0.0996315789473686
"28143","diff5",0.0417368421052631
"28144","diff5",0.0575263157894737
"28145","diff5",0.0627894736842106
"28146","diff5",0.0259473684210528
"28147","diff5",0.0996315789473686
"28148","diff5",0.0206842105263159
"28149","diff5",0.0680526315789474
"28150","diff5",0.0364736842105263
"28151","diff5",-0.0529999999999999
"28152","diff5",0.141736842105263
"28153","diff5",0.0206842105263157
"28154","diff5",0.0575263157894737
"28155","diff5",0.0627894736842106
"28156","diff5",0.0891052631578949
"28157","diff5",0.0680526315789474
"28158","diff5",0.0943684210526317
"28159","diff5",-0.000368421052631504
"28160","diff5",-0.00563157894736836
"28161","diff5",0.0522631578947369
"28162","diff5",0.0312105263157894
"28163","diff5",-0.00563157894736836
"28164","diff5",0.0943684210526317
"28165","diff5",0.0996315789473684
"28166","diff5",0.0785789473684212
"28167","diff5",0.0996315789473686
"28168","diff5",0.0417368421052631
"28169","diff5",0.0891052631578949
"28170","diff5",0.0785789473684212
"28171","diff5",0.104894736842105
"28172","diff5",0.0627894736842106
"28173","diff5",0.0101578947368422
"28174","diff5",0.0785789473684212
"28175","diff5",0.0627894736842106
"28176","diff5",0.0364736842105263
"28177","diff5",0.083842105263158
"28178","diff5",0.0996315789473684
"28179","diff5",0.0733157894736843
"28180","diff5",0.0312105263157894
"28181","diff5",-0.0108947368421052
"28182","diff5",0.0206842105263159
"28183","diff5",0.0680526315789474
"28184","diff5",0.0733157894736843
"28185","diff5",0.0364736842105265
"28186","diff5",0.0206842105263159
"28187","diff5",0.0891052631578949
"28188","diff5",0.0364736842105263
"28189","diff5",0.0417368421052631
"28190","diff5",0.0575263157894737
"28191","diff5",0.083842105263158
"28192","diff5",0.110157894736842
"28193","diff5",0.0785789473684212
"28194","diff5",0.0364736842105263
"28195","diff5",0.0417368421052631
"28196","diff5",0.047
"28197","diff5",0.00489473684210535
"28198","diff5",0.083842105263158
"28199","diff5",0.0312105263157894
"28200","diff5",0.0417368421052631
"28201","diff5",0.0785789473684212
"28202","diff5",0.0733157894736843
"28203","diff5",0.0891052631578949
"28204","diff5",0.0733157894736843
"28205","diff5",0.0575263157894737
"28206","diff5",0.110157894736842
"28207","diff5",-0.0266842105263158
"28208","diff5",0.083842105263158
"28209","diff5",0.047
"28210","diff5",0.0312105263157894
"28211","diff5",0.0101578947368422
"28212","diff5",-0.0319473684210527
"28213","diff5",0.0891052631578949
"28214","diff5",0.0522631578947369
"28215","diff5",0.0522631578947369
"28216","diff5",0.0785789473684212
"28217","diff5",0.047
"28218","diff5",0.104894736842105
"28219","diff5",0.083842105263158
"28220","diff5",0.0785789473684212
"28221","diff5",0.0154210526315791
"28222","diff5",0.0733157894736843
"28223","diff5",0.0259473684210528
"28224","diff5",0.00489473684210535
"28225","diff5",0.047
"28226","diff5",0.0312105263157894
"28227","diff5",0.104894736842105
"28228","diff5",0.0627894736842106
"28229","diff5",-0.0214210526315789
"28230","diff5",-0.0108947368421052
"28231","diff5",0.0891052631578949
"28232","diff5",0.0522631578947369
"28233","diff5",0.0996315789473684
"28234","diff5",0.0680526315789474
"28235","diff5",0.136473684210526
"28236","diff5",0.162789473684211
"28237","diff5",0.0206842105263159
"28238","diff5",0.0785789473684212
"28239","diff5",-0.0214210526315789
"28240","diff5",0.0206842105263159
"28241","diff5",0.0627894736842106
"28242","diff5",0.0259473684210528
"28243","diff5",0.0575263157894737
"28244","diff5",0.083842105263158
"28245","diff5",0.0101578947368422
"28246","diff5",0.047
"28247","diff5",0.0733157894736843
"28248","diff5",0.0259473684210528
"28249","diff5",0.0627894736842106
"28250","diff5",0.0206842105263157
"28251","diff5",0.0943684210526317
"28252","diff5",0.047
"28253","diff5",0.0364736842105263
"28254","diff5",-0.0108947368421052
"28255","diff5",0.0680526315789474
"28256","diff5",0.115421052631579
"28257","diff5",-0.0108947368421052
"28258","diff5",0.0996315789473686
"28259","diff5",-0.0214210526315789
"28260","diff5",0.0785789473684212
"28261","diff5",0.0680526315789474
"28262","diff5",0.0312105263157896
"28263","diff5",-0.0214210526315789
"28264","diff5",0.0680526315789474
"28265","diff5",0.0943684210526317
"28266","diff5",0.047
"28267","diff5",0.0733157894736843
"28268","diff5",0.141736842105263
"28269","diff5",0.0312105263157894
"28270","diff5",0.0943684210526317
"28271","diff5",-0.0214210526315789
"28272","diff5",0.0364736842105263
"28273","diff5",0.0522631578947369
"28274","diff5",0.0996315789473686
"28275","diff5",0.115421052631579
"28276","diff5",0.0259473684210528
"28277","diff5",0.0680526315789474
"28278","diff5",0.0733157894736843
"28279","diff5",0.0627894736842106
"28280","diff5",0.047
"28281","diff5",0.0733157894736843
"28282","diff5",-0.0161578947368421
"28283","diff5",0.0733157894736843
"28284","diff5",0.104894736842105
"28285","diff5",0.115421052631579
"28286","diff5",0.0785789473684212
"28287","diff5",0.0312105263157896
"28288","diff5",0.0522631578947369
"28289","diff5",0.0417368421052631
"28290","diff5",-0.00563157894736836
"28291","diff5",0.047
"28292","diff5",0.0206842105263159
"28293","diff5",0.0259473684210528
"28294","diff5",-0.0108947368421052
"28295","diff5",0.0785789473684212
"28296","diff5",0.0785789473684212
"28297","diff5",0.0891052631578949
"28298","diff5",0.0522631578947369
"28299","diff5",0.104894736842105
"28300","diff5",0.0101578947368422
"28301","diff5",0.0575263157894737
"28302","diff5",0.0785789473684212
"28303","diff5",0.047
"28304","diff5",0.115421052631579
"28305","diff5",0.083842105263158
"28306","diff5",0.0312105263157894
"28307","diff5",0.0417368421052631
"28308","diff5",0.0627894736842106
"28309","diff5",0.104894736842105
"28310","diff5",-0.000368421052631504
"28311","diff5",0.083842105263158
"28312","diff5",0.0733157894736843
"28313","diff5",0.0522631578947369
"28314","diff5",0.0206842105263159
"28315","diff5",0.0627894736842106
"28316","diff5",0.047
"28317","diff5",0.0627894736842106
"28318","diff5",0.0680526315789474
"28319","diff5",0.0312105263157894
"28320","diff5",0.047
"28321","diff5",0.00489473684210535
"28322","diff5",0.047
"28323","diff5",0.0364736842105263
"28324","diff5",0.0154210526315791
"28325","diff5",0.0785789473684212
"28326","diff5",0.0312105263157894
"28327","diff5",0.0785789473684212
"28328","diff5",0.0996315789473686
"28329","diff5",0.0943684210526317
"28330","diff5",0.0996315789473686
"28331","diff5",0.0891052631578949
"28332","diff5",0.0364736842105263
"28333","diff5",0.0259473684210526
"28334","diff5",0.083842105263158
"28335","diff5",0.0785789473684212
"28336","diff5",0.0522631578947369
"28337","diff5",0.0627894736842106
"28338","diff5",0.0627894736842106
"28339","diff5",0.141736842105263
"28340","diff5",0.083842105263158
"28341","diff5",0.0364736842105263
"28342","diff5",0.083842105263158
"28343","diff5",0.0627894736842106
"28344","diff5",0.125947368421053
"28345","diff5",0.0206842105263159
"28346","diff5",0.047
"28347","diff5",0.0259473684210528
"28348","diff5",0.0522631578947369
"28349","diff5",-0.047736842105263
"28350","diff5",0.0575263157894737
"28351","diff5",0.047
"28352","diff5",0.047
"28353","diff5",0.0785789473684212
"28354","diff5",0.0891052631578949
"28355","diff5",0.0522631578947369
"28356","diff5",-0.000368421052631504
"28357","diff5",0.0101578947368422
"28358","diff5",0.115421052631579
"28359","diff5",0.047
"28360","diff5",0.0785789473684212
"28361","diff5",-0.0108947368421052
"28362","diff5",0.047
"28363","diff5",0.0417368421052631
"28364","diff5",0.0206842105263159
"28365","diff5",0.0364736842105263
"28366","diff5",0.0364736842105263
"28367","diff5",0.0733157894736843
"28368","diff5",0.0312105263157894
"28369","diff5",0.0417368421052631
"28370","diff5",0.0785789473684212
"28371","diff5",0.0522631578947369
"28372","diff5",0.0891052631578949
"28373","diff5",0.0996315789473686
"28374","diff5",0.0733157894736843
"28375","diff5",0.0417368421052631
"28376","diff5",0.0364736842105263
"28377","diff5",0.0680526315789474
"28378","diff5",0.0943684210526317
"28379","diff5",0.0575263157894737
"28380","diff5",0.083842105263158
"28381","diff5",0.047
"28382","diff5",0.0312105263157894
"28383","diff5",-0.000368421052631504
"28384","diff5",0.0312105263157894
"28385","diff5",0.0785789473684212
"28386","diff5",0.0312105263157896
"28387","diff5",0.0364736842105263
"28388","diff5",0.0206842105263159
"28389","diff5",0.0996315789473684
"28390","diff5",0.0733157894736843
"28391","diff5",0.047
"28392","diff5",0.0312105263157894
"28393","diff5",0.0312105263157894
"28394","diff5",0.083842105263158
"28395","diff5",0.0364736842105263
"28396","diff5",0.0627894736842106
"28397","diff5",0.0206842105263159
"28398","diff5",0.0364736842105263
"28399","diff5",0.0154210526315791
"28400","diff5",0.0627894736842106
"28401","diff5",-0.0266842105263158
"28402","diff5",0.0627894736842106
"28403","diff5",0.0575263157894737
"28404","diff5",0.110157894736842
"28405","diff5",0.0996315789473686
"28406","diff5",0.0627894736842106
"28407","diff5",0.0680526315789474
"28408","diff5",-0.0108947368421052
"28409","diff5",0.047
"28410","diff5",0.0627894736842106
"28411","diff5",0.0312105263157894
"28412","diff5",0.0996315789473684
"28413","diff5",0.0312105263157894
"28414","diff5",0.0522631578947369
"28415","diff5",0.0575263157894737
"28416","diff5",0.0364736842105263
"28417","diff5",0.0364736842105263
"28418","diff5",0.0785789473684212
"28419","diff5",0.083842105263158
"28420","diff5",0.0522631578947369
"28421","diff5",0.0364736842105263
"28422","diff5",0.0417368421052631
"28423","diff5",0.0733157894736843
"28424","diff5",0.0364736842105263
"28425","diff5",0.0891052631578949
"28426","diff5",0.083842105263158
"28427","diff5",0.0259473684210526
"28428","diff5",0.0312105263157894
"28429","diff5",0.0680526315789474
"28430","diff5",0.0522631578947369
"28431","diff5",0.0417368421052631
"28432","diff5",0.0417368421052631
"28433","diff5",0.115421052631579
"28434","diff5",0.0312105263157894
"28435","diff5",0.136473684210526
"28436","diff5",0.0154210526315791
"28437","diff5",0.0417368421052631
"28438","diff5",0.0522631578947369
"28439","diff5",0.0627894736842106
"28440","diff5",0.0575263157894737
"28441","diff5",-0.0161578947368421
"28442","diff5",0.110157894736842
"28443","diff5",0.0312105263157894
"28444","diff5",0.0996315789473686
"28445","diff5",0.0206842105263159
"28446","diff5",0.0891052631578949
"28447","diff5",0.0259473684210528
"28448","diff5",0.0996315789473686
"28449","diff5",0.0680526315789474
"28450","diff5",0.0733157894736843
"28451","diff5",0.0206842105263159
"28452","diff5",0.047
"28453","diff5",0.047
"28454","diff5",0.0785789473684212
"28455","diff5",0.0206842105263159
"28456","diff5",0.0996315789473686
"28457","diff5",0.0312105263157894
"28458","diff5",0.0680526315789474
"28459","diff5",0.110157894736842
"28460","diff5",0.0312105263157894
"28461","diff5",0.0680526315789474
"28462","diff5",0.083842105263158
"28463","diff5",0.0417368421052631
"28464","diff5",0.0364736842105263
"28465","diff5",0.110157894736842
"28466","diff5",0.0627894736842106
"28467","diff5",0.0259473684210526
"28468","diff5",0.083842105263158
"28469","diff5",0.0891052631578949
"28470","diff5",0.104894736842105
"28471","diff5",0.0785789473684212
"28472","diff5",0.0364736842105263
"28473","diff5",0.0575263157894737
"28474","diff5",0.0575263157894737
"28475","diff5",0.0575263157894737
"28476","diff5",0.0312105263157894
"28477","diff5",-0.0319473684210527
"28478","diff5",0.104894736842105
"28479","diff5",0.0417368421052631
"28480","diff5",0.0312105263157894
"28481","diff5",0.083842105263158
"28482","diff5",0.0943684210526317
"28483","diff5",0.0785789473684212
"28484","diff5",0.0627894736842106
"28485","diff5",0.0312105263157894
"28486","diff5",0.047
"28487","diff5",0.0417368421052631
"28488","diff5",0.0996315789473686
"28489","diff5",0.047
"28490","diff5",0.083842105263158
"28491","diff5",0.0575263157894737
"28492","diff5",0.0154210526315791
"28493","diff5",0.083842105263158
"28494","diff5",0.0680526315789474
"28495","diff5",0.0680526315789474
"28496","diff5",0.131210526315789
"28497","diff5",0.125947368421053
"28498","diff5",0.00489473684210535
"28499","diff5",0.083842105263158
"28500","diff5",0.0312105263157896
"28501","diff5",0.0312105263157894
"28502","diff5",0.0680526315789474
"28503","diff5",0.0627894736842106
"28504","diff5",0.0680526315789474
"28505","diff5",-0.00563157894736836
"28506","diff5",0.0259473684210526
"28507","diff5",0.0364736842105263
"28508","diff5",0.0364736842105263
"28509","diff5",0.0627894736842106
"28510","diff5",0.120684210526316
"28511","diff5",0.0733157894736843
"28512","diff5",0.0785789473684212
"28513","diff5",0.0680526315789474
"28514","diff5",0.104894736842105
"28515","diff5",0.0680526315789474
"28516","diff5",0.0364736842105263
"28517","diff5",0.047
"28518","diff5",0.047
"28519","diff5",0.0785789473684212
"28520","diff5",0.0206842105263159
"28521","diff5",0.047
"28522","diff5",0.0733157894736843
"28523","diff5",0.0206842105263159
"28524","diff5",0.083842105263158
"28525","diff5",0.0680526315789474
"28526","diff5",0.0627894736842106
"28527","diff5",0.0891052631578949
"28528","diff5",0.0417368421052631
"28529","diff5",0.0364736842105263
"28530","diff5",0.0627894736842106
"28531","diff5",0.0680526315789474
"28532","diff5",0.0680526315789474
"28533","diff5",-0.00563157894736836
"28534","diff5",-0.000368421052631504
"28535","diff5",0.047
"28536","diff5",0.0417368421052631
"28537","diff5",0.0575263157894737
"28538","diff5",0.0891052631578949
"28539","diff5",0.0312105263157896
"28540","diff5",0.104894736842105
"28541","diff5",0.083842105263158
"28542","diff5",0.0943684210526317
"28543","diff5",0.047
"28544","diff5",0.0312105263157896
"28545","diff5",0.0259473684210528
"28546","diff5",0.0522631578947369
"28547","diff5",0.0733157894736843
"28548","diff5",-0.000368421052631504
"28549","diff5",-0.000368421052631504
"28550","diff5",0.0364736842105263
"28551","diff5",0.047
"28552","diff5",0.0259473684210528
"28553","diff5",0.0101578947368422
"28554","diff5",0.0417368421052631
"28555","diff5",0.0627894736842106
"28556","diff5",0.0312105263157896
"28557","diff5",0.0627894736842106
"28558","diff5",0.131210526315789
"28559","diff5",0.0522631578947369
"28560","diff5",0.141736842105263
"28561","diff5",0.047
"28562","diff5",0.0785789473684212
"28563","diff5",0.0627894736842106
"28564","diff5",0.0364736842105263
"28565","diff5",0.0627894736842106
"28566","diff5",0.083842105263158
"28567","diff5",0.0785789473684212
"28568","diff5",0.131210526315789
"28569","diff5",0.125947368421053
"28570","diff5",0.0575263157894737
"28571","diff5",0.0680526315789474
"28572","diff5",0.0259473684210526
"28573","diff5",0.0154210526315791
"28574","diff5",0.0575263157894737
"28575","diff5",0.0627894736842106
"28576","diff5",0.0680526315789474
"28577","diff5",0.00489473684210535
"28578","diff5",0.047
"28579","diff5",0.0522631578947369
"28580","diff5",0.0733157894736843
"28581","diff5",0.0575263157894737
"28582","diff5",0.0627894736842106
"28583","diff5",0.0101578947368422
"28584","diff5",0.0680526315789474
"28585","diff5",0.0627894736842106
"28586","diff5",0.110157894736842
"28587","diff5",0.0364736842105263
"28588","diff5",0.0522631578947369
"28589","diff5",0.0996315789473686
"28590","diff5",0.083842105263158
"28591","diff5",-0.000368421052631504
"28592","diff5",0.0996315789473684
"28593","diff5",0.047
"28594","diff5",0.0259473684210526
"28595","diff5",0.0627894736842106
"28596","diff5",0.0364736842105263
"28597","diff5",0.0417368421052631
"28598","diff5",0.0996315789473686
"28599","diff5",0.0733157894736843
"28600","diff5",0.0312105263157896
"28601","diff5",0.125947368421053
"28602","diff5",0.0627894736842106
"28603","diff5",0.083842105263158
"28604","diff5",0.0364736842105265
"28605","diff5",0.0785789473684212
"28606","diff5",0.0785789473684212
"28607","diff5",0.0680526315789474
"28608","diff5",0.0680526315789474
"28609","diff5",0.047
"28610","diff5",0.00489473684210535
"28611","diff5",0.0417368421052631
"28612","diff5",0.083842105263158
"28613","diff5",0.0312105263157896
"28614","diff5",0.0785789473684212
"28615","diff5",0.0680526315789474
"28616","diff5",0.0364736842105263
"28617","diff5",0.0417368421052631
"28618","diff5",0.0575263157894737
"28619","diff5",-0.000368421052631504
"28620","diff5",-0.000368421052631504
"28621","diff5",0.083842105263158
"28622","diff5",0.0522631578947369
"28623","diff5",0.0417368421052631
"28624","diff5",0.110157894736842
"28625","diff5",0.0733157894736843
"28626","diff5",0.0627894736842106
"28627","diff5",0.047
"28628","diff5",0.131210526315789
"28629","diff5",0.0891052631578949
"28630","diff5",0.0996315789473686
"28631","diff5",0.0943684210526317
"28632","diff5",0.131210526315789
"28633","diff5",0.0627894736842106
"28634","diff5",0.0206842105263159
"28635","diff5",0.0259473684210528
"28636","diff5",0.047
"28637","diff5",0.110157894736842
"28638","diff5",0.0680526315789474
"28639","diff5",0.0680526315789474
"28640","diff5",0.0785789473684212
"28641","diff5",0.131210526315789
"28642","diff5",0.0154210526315791
"28643","diff5",0.0312105263157894
"28644","diff5",-0.0161578947368421
"28645","diff5",0.0891052631578949
"28646","diff5",0.110157894736842
"28647","diff5",0.0575263157894737
"28648","diff5",0.0680526315789474
"28649","diff5",0.0627894736842106
"28650","diff5",0.0680526315789474
"28651","diff5",0.0785789473684212
"28652","diff5",0.083842105263158
"28653","diff5",0.0733157894736843
"28654","diff5",0.131210526315789
"28655","diff5",0.0154210526315791
"28656","diff5",0.0733157894736843
"28657","diff5",0.0312105263157894
"28658","diff5",0.0417368421052631
"28659","diff5",0.0101578947368422
"28660","diff5",0.0417368421052631
"28661","diff5",-0.000368421052631504
"28662","diff5",0.0891052631578949
"28663","diff5",0.0891052631578949
"28664","diff5",0.0943684210526317
"28665","diff5",0.047
"28666","diff5",0.120684210526316
"28667","diff5",0.104894736842105
"28668","diff5",0.00489473684210535
"28669","diff5",0.0627894736842106
"28670","diff5",0.0417368421052631
"28671","diff5",0.0575263157894737
"28672","diff5",0.0627894736842106
"28673","diff5",0.110157894736842
"28674","diff5",0.0522631578947369
"28675","diff5",0.047
"28676","diff5",0.0575263157894737
"28677","diff5",0.0627894736842106
"28678","diff5",0.0785789473684212
"28679","diff5",0.0627894736842106
"28680","diff5",0.0364736842105263
"28681","diff5",0.0627894736842106
"28682","diff5",0.083842105263158
"28683","diff5",0.0996315789473684
"28684","diff5",0.0364736842105263
"28685","diff5",0.0733157894736843
"28686","diff5",0.0627894736842106
"28687","diff5",0.0943684210526317
"28688","diff5",0.104894736842105
"28689","diff5",-0.00563157894736836
"28690","diff5",0.0891052631578949
"28691","diff5",0.0627894736842106
"28692","diff5",0.047
"28693","diff5",-0.000368421052631504
"28694","diff5",0.0575263157894737
"28695","diff5",0.0785789473684212
"28696","diff5",0.0522631578947369
"28697","diff5",0.0680526315789474
"28698","diff5",0.125947368421053
"28699","diff5",0.0522631578947369
"28700","diff5",0.0259473684210528
"28701","diff5",0.0312105263157894
"28702","diff5",0.0943684210526317
"28703","diff5",0.0417368421052631
"28704","diff5",0.0364736842105263
"28705","diff5",0.0943684210526317
"28706","diff5",0.0364736842105263
"28707","diff5",0.0785789473684212
"28708","diff5",0.0417368421052631
"28709","diff5",0.0364736842105263
"28710","diff5",0.0259473684210526
"28711","diff5",0.147
"28712","diff5",0.0575263157894737
"28713","diff5",0.0996315789473686
"28714","diff5",0.047
"28715","diff5",0.0733157894736843
"28716","diff5",0.0101578947368422
"28717","diff5",0.0417368421052631
"28718","diff5",0.0680526315789474
"28719","diff5",0.110157894736842
"28720","diff5",0.0259473684210526
"28721","diff5",0.0417368421052631
"28722","diff5",0.120684210526316
"28723","diff5",0.083842105263158
"28724","diff5",0.0364736842105263
"28725","diff5",0.0364736842105263
"28726","diff5",0.0417368421052631
"28727","diff5",0.0206842105263159
"28728","diff5",0.0891052631578949
"28729","diff5",0.0364736842105263
"28730","diff5",0.0522631578947369
"28731","diff5",0.0522631578947369
"28732","diff5",0.0575263157894737
"28733","diff5",0.0785789473684212
"28734","diff5",0.083842105263158
"28735","diff5",0.0522631578947369
"28736","diff5",0.0891052631578949
"28737","diff5",0.047
"28738","diff5",0.083842105263158
"28739","diff5",0.0417368421052631
"28740","diff5",0.0101578947368422
"28741","diff5",-0.00563157894736836
"28742","diff5",0.0891052631578949
"28743","diff5",0.0785789473684212
"28744","diff5",0.0101578947368422
"28745","diff5",0.0312105263157894
"28746","diff5",0.0943684210526317
"28747","diff5",0.0680526315789474
"28748","diff5",0.0627894736842106
"28749","diff5",0.0522631578947369
"28750","diff5",0.131210526315789
"28751","diff5",0.047
"28752","diff5",0.0627894736842106
"28753","diff5",-0.0635263157894736
"28754","diff5",0.0101578947368422
"28755","diff5",0.0733157894736843
"28756","diff5",0.0575263157894737
"28757","diff5",0.0943684210526317
"28758","diff5",0.0943684210526317
"28759","diff5",0.00489473684210535
"28760","diff5",0.0206842105263159
"28761","diff5",0.0417368421052631
"28762","diff5",0.104894736842105
"28763","diff5",0.00489473684210535
"28764","diff5",0.0364736842105263
"28765","diff5",0.083842105263158
"28766","diff5",0.047
"28767","diff5",0.0785789473684212
"28768","diff5",0.0312105263157894
"28769","diff5",0.047
"28770","diff5",-0.0161578947368421
"28771","diff5",-0.00563157894736836
"28772","diff5",0.0312105263157894
"28773","diff5",0.0206842105263159
"28774","diff5",0.0943684210526317
"28775","diff5",0.0627894736842106
"28776","diff5",0.0785789473684212
"28777","diff5",0.0943684210526317
"28778","diff5",0.0522631578947369
"28779","diff5",0.0575263157894737
"28780","diff5",0.0943684210526317
"28781","diff5",0.0680526315789474
"28782","diff5",0.0627894736842106
"28783","diff5",-0.0529999999999999
"28784","diff5",0.0627894736842106
"28785","diff5",0.115421052631579
"28786","diff5",0.0417368421052631
"28787","diff5",0.0417368421052631
"28788","diff5",0.083842105263158
"28789","diff5",0.0206842105263159
"28790","diff5",0.0680526315789474
"28791","diff5",0.0996315789473686
"28792","diff5",0.0522631578947369
"28793","diff5",-0.00563157894736836
"28794","diff5",0.0364736842105265
"28795","diff5",0.0627894736842106
"28796","diff5",0.0575263157894737
"28797","diff5",0.0417368421052631
"28798","diff5",0.0312105263157894
"28799","diff5",-0.000368421052631504
"28800","diff5",0.0891052631578949
"28801","diff5",0.0312105263157894
"28802","diff5",0.115421052631579
"28803","diff5",0.0680526315789474
"28804","diff5",0.047
"28805","diff5",0.0627894736842106
"28806","diff5",0.0680526315789474
"28807","diff5",0.0154210526315791
"28808","diff5",0.0101578947368422
"28809","diff5",0.0312105263157894
"28810","diff5",0.083842105263158
"28811","diff5",0.00489473684210535
"28812","diff5",0.0733157894736843
"28813","diff5",0.110157894736842
"28814","diff5",0.047
"28815","diff5",0.0996315789473686
"28816","diff5",0.0785789473684212
"28817","diff5",0.0206842105263159
"28818","diff5",0.0943684210526317
"28819","diff5",0.0312105263157896
"28820","diff5",0.0785789473684212
"28821","diff5",0.0785789473684212
"28822","diff5",0.0206842105263159
"28823","diff5",0.0575263157894737
"28824","diff5",0.0575263157894737
"28825","diff5",0.0417368421052631
"28826","diff5",0.104894736842105
"28827","diff5",0.083842105263158
"28828","diff5",0.0943684210526317
"28829","diff5",0.0522631578947369
"28830","diff5",0.0680526315789474
"28831","diff5",0.0417368421052631
"28832","diff5",0.0259473684210528
"28833","diff5",0.0680526315789474
"28834","diff5",0.0943684210526317
"28835","diff5",0.0312105263157894
"28836","diff5",0.0522631578947369
"28837","diff5",0.0785789473684212
"28838","diff5",0.0996315789473686
"28839","diff5",0.0627894736842106
"28840","diff5",-0.0108947368421052
"28841","diff5",0.0101578947368422
"28842","diff5",0.047
"28843","diff5",0.0627894736842106
"28844","diff5",0.0627894736842106
"28845","diff5",0.0891052631578949
