"","variable","value"
"1","uncleaned",1.78947368421053
"2","uncleaned",1.95263157894737
"3","uncleaned",1.35789473684211
"4","uncleaned",2.47368421052632
"5","uncleaned",2.12105263157895
"6","uncleaned",1.20526315789474
"7","uncleaned",2.97368421052632
"8","uncleaned",0.826315789473684
"9","uncleaned",2.33684210526316
"10","uncleaned",2.22631578947368
"11","uncleaned",1.99473684210526
"12","uncleaned",1.35263157894737
"13","uncleaned",2.84736842105263
"14","uncleaned",1.38421052631579
"15","uncleaned",3.40526315789474
"16","uncleaned",2.13157894736842
"17","uncleaned",1.7
"18","uncleaned",2.06842105263158
"19","uncleaned",2.75789473684211
"20","uncleaned",1.52631578947368
"21","uncleaned",0.847368421052632
"22","uncleaned",2.09473684210526
"23","uncleaned",1.86315789473684
"24","uncleaned",2.03684210526316
"25","uncleaned",1.36842105263158
"26","uncleaned",1.05789473684211
"27","uncleaned",1.65789473684211
"28","uncleaned",2.53157894736842
"29","uncleaned",2.01578947368421
"30","uncleaned",2.33157894736842
"31","uncleaned",1.73157894736842
"32","uncleaned",2.82105263157895
"33","uncleaned",1.30526315789474
"34","uncleaned",1.86315789473684
"35","uncleaned",1.41052631578947
"36","uncleaned",2.08421052631579
"37","uncleaned",2.26315789473684
"38","uncleaned",2.23684210526316
"39","uncleaned",2.75263157894737
"40","uncleaned",1.46315789473684
"41","uncleaned",1.6
"42","uncleaned",1.47894736842105
"43","uncleaned",1.97368421052632
"44","uncleaned",2.02105263157895
"45","uncleaned",2.29473684210526
"46","uncleaned",1.86842105263158
"47","uncleaned",0.889473684210526
"48","uncleaned",1.79473684210526
"49","uncleaned",1.16842105263158
"50","uncleaned",1.62105263157895
"51","uncleaned",2.43157894736842
"52","uncleaned",2.65263157894737
"53","uncleaned",2.05263157894737
"54","uncleaned",1.64736842105263
"55","uncleaned",1.32631578947368
"56","uncleaned",0.626315789473684
"57","uncleaned",2.13684210526316
"58","uncleaned",2.32631578947368
"59","uncleaned",2.26842105263158
"60","uncleaned",1.68421052631579
"61","uncleaned",1.91052631578947
"62","uncleaned",1.67894736842105
"63","uncleaned",1.94736842105263
"64","uncleaned",1.8
"65","uncleaned",1.75263157894737
"66","uncleaned",1.64736842105263
"67","uncleaned",1.84736842105263
"68","uncleaned",1.37894736842105
"69","uncleaned",1.72105263157895
"70","uncleaned",2.68947368421053
"71","uncleaned",1.75789473684211
"72","uncleaned",2.14210526315789
"73","uncleaned",1.99473684210526
"74","uncleaned",1.66842105263158
"75","uncleaned",1.85263157894737
"76","uncleaned",1.98421052631579
"77","uncleaned",1.83684210526316
"78","uncleaned",1.88421052631579
"79","uncleaned",1.97368421052632
"80","uncleaned",1.61052631578947
"81","uncleaned",2.16315789473684
"82","uncleaned",1.25263157894737
"83","uncleaned",1.74210526315789
"84","uncleaned",2.7
"85","uncleaned",1.55263157894737
"86","uncleaned",1.7
"87","uncleaned",1.87894736842105
"88","uncleaned",2.27368421052632
"89","uncleaned",1.43157894736842
"90","uncleaned",2.37894736842105
"91","uncleaned",2.18421052631579
"92","uncleaned",1.94210526315789
"93","uncleaned",2.07894736842105
"94","uncleaned",1.78421052631579
"95","uncleaned",1.84736842105263
"96","uncleaned",1.65789473684211
"97","uncleaned",1.38947368421053
"98","uncleaned",1.28421052631579
"99","uncleaned",2.17368421052632
"100","uncleaned",1.34736842105263
"101","uncleaned",2.35263157894737
"102","uncleaned",1.45263157894737
"103","uncleaned",1.97368421052632
"104","uncleaned",2.11052631578947
"105","uncleaned",1.87894736842105
"106","uncleaned",1.34736842105263
"107","uncleaned",2.86842105263158
"108","uncleaned",1.43684210526316
"109","uncleaned",2.62631578947368
"110","uncleaned",1.66842105263158
"111","uncleaned",2.09473684210526
"112","uncleaned",1.94736842105263
"113","uncleaned",1.31052631578947
"114","uncleaned",2.51052631578947
"115","uncleaned",2.02105263157895
"116","uncleaned",1.96315789473684
"117","uncleaned",1.67368421052632
"118","uncleaned",1.32631578947368
"119","uncleaned",1.88421052631579
"120","uncleaned",2.66315789473684
"121","uncleaned",0.705263157894737
"122","uncleaned",1.33684210526316
"123","uncleaned",1.39473684210526
"124","uncleaned",2.19473684210526
"125","uncleaned",2.31578947368421
"126","uncleaned",2.17368421052632
"127","uncleaned",1.7
"128","uncleaned",1.63684210526316
"129","uncleaned",1.06842105263158
"130","uncleaned",2.87368421052632
"131","uncleaned",1.44210526315789
"132","uncleaned",2.03157894736842
"133","uncleaned",1.92631578947368
"134","uncleaned",2.25263157894737
"135","uncleaned",1.93684210526316
"136","uncleaned",1.45263157894737
"137","uncleaned",1.98947368421053
"138","uncleaned",1.68421052631579
"139","uncleaned",1.68947368421053
"140","uncleaned",1.67368421052632
"141","uncleaned",2.14210526315789
"142","uncleaned",2.48421052631579
"143","uncleaned",1.69473684210526
"144","uncleaned",2.28421052631579
"145","uncleaned",2.10526315789474
"146","uncleaned",1.59473684210526
"147","uncleaned",1.55789473684211
"148","uncleaned",1.45789473684211
"149","uncleaned",1.49473684210526
"150","uncleaned",2.47894736842105
"151","uncleaned",1.39473684210526
"152","uncleaned",1.77894736842105
"153","uncleaned",1.72631578947368
"154","uncleaned",1.35263157894737
"155","uncleaned",1.60526315789474
"156","uncleaned",2.19473684210526
"157","uncleaned",0.947368421052632
"158","uncleaned",2.12631578947368
"159","uncleaned",2.02631578947368
"160","uncleaned",2.90526315789474
"161","uncleaned",0.626315789473684
"162","uncleaned",1.20526315789474
"163","uncleaned",1.63157894736842
"164","uncleaned",1.46315789473684
"165","uncleaned",2.29473684210526
"166","uncleaned",2.20526315789474
"167","uncleaned",1.78947368421053
"168","uncleaned",1.41578947368421
"169","uncleaned",1.82631578947368
"170","uncleaned",3
"171","uncleaned",1.96842105263158
"172","uncleaned",1.31578947368421
"173","uncleaned",2.81052631578947
"174","uncleaned",1.46315789473684
"175","uncleaned",1.65789473684211
"176","uncleaned",1.47894736842105
"177","uncleaned",2.03684210526316
"178","uncleaned",2.50526315789474
"179","uncleaned",1.71052631578947
"180","uncleaned",2.15789473684211
"181","uncleaned",2.15263157894737
"182","uncleaned",1.72631578947368
"183","uncleaned",1.42631578947368
"184","uncleaned",1.70526315789474
"185","uncleaned",2.65263157894737
"186","uncleaned",2.16842105263158
"187","uncleaned",1.65789473684211
"188","uncleaned",0.705263157894737
"189","uncleaned",2.3
"190","uncleaned",1.88947368421053
"191","uncleaned",1.21052631578947
"192","uncleaned",1.54736842105263
"193","uncleaned",1.90526315789474
"194","uncleaned",2.38421052631579
"195","uncleaned",1.60526315789474
"196","uncleaned",1.59473684210526
"197","uncleaned",1.6
"198","uncleaned",2.05789473684211
"199","uncleaned",1.67894736842105
"200","uncleaned",1.66842105263158
"201","uncleaned",0.726315789473684
"202","uncleaned",2.38421052631579
"203","uncleaned",1.81052631578947
"204","uncleaned",2.03684210526316
"205","uncleaned",1.89473684210526
"206","uncleaned",1.51052631578947
"207","uncleaned",2.61052631578947
"208","uncleaned",1.96842105263158
"209","uncleaned",1.82105263157895
"210","uncleaned",2.20526315789474
"211","uncleaned",1.74210526315789
"212","uncleaned",2.08947368421053
"213","uncleaned",1.85789473684211
"214","uncleaned",1.86842105263158
"215","uncleaned",1.08947368421053
"216","uncleaned",1.61052631578947
"217","uncleaned",1.87368421052632
"218","uncleaned",1.71578947368421
"219","uncleaned",2.27894736842105
"220","uncleaned",2.14210526315789
"221","uncleaned",2.63157894736842
"222","uncleaned",2.57894736842105
"223","uncleaned",1.72631578947368
"224","uncleaned",2.17368421052632
"225","uncleaned",2.2
"226","uncleaned",1.92105263157895
"227","uncleaned",2.76842105263158
"228","uncleaned",2.23157894736842
"229","uncleaned",0.926315789473684
"230","uncleaned",1.18421052631579
"231","uncleaned",1.63684210526316
"232","uncleaned",3.44736842105263
"233","uncleaned",2.62105263157895
"234","uncleaned",1.27368421052632
"235","uncleaned",1.71578947368421
"236","uncleaned",1.75789473684211
"237","uncleaned",2.21578947368421
"238","uncleaned",1.49473684210526
"239","uncleaned",1.88947368421053
"240","uncleaned",2.4
"241","uncleaned",2.53157894736842
"242","uncleaned",2.48421052631579
"243","uncleaned",1.49473684210526
"244","uncleaned",1.08421052631579
"245","uncleaned",1.83157894736842
"246","uncleaned",2.31578947368421
"247","uncleaned",1.37368421052632
"248","uncleaned",2.05263157894737
"249","uncleaned",2.02105263157895
"250","uncleaned",1.9
"251","uncleaned",2.15263157894737
"252","uncleaned",1.53157894736842
"253","uncleaned",1.59473684210526
"254","uncleaned",1.71578947368421
"255","uncleaned",2.5
"256","uncleaned",1.84736842105263
"257","uncleaned",1.36315789473684
"258","uncleaned",2.35789473684211
"259","uncleaned",1.67368421052632
"260","uncleaned",2.02105263157895
"261","uncleaned",2.07894736842105
"262","uncleaned",2.14210526315789
"263","uncleaned",1.99473684210526
"264","uncleaned",1.25789473684211
"265","uncleaned",1.17368421052632
"266","uncleaned",2.01578947368421
"267","uncleaned",0.9
"268","uncleaned",2.00526315789474
"269","uncleaned",2.55263157894737
"270","uncleaned",2.01578947368421
"271","uncleaned",1.62105263157895
"272","uncleaned",2.01578947368421
"273","uncleaned",1.70526315789474
"274","uncleaned",1.81578947368421
"275","uncleaned",1.84736842105263
"276","uncleaned",1.72105263157895
"277","uncleaned",1.05263157894737
"278","uncleaned",1.56842105263158
"279","uncleaned",1.31578947368421
"280","uncleaned",2.27894736842105
"281","uncleaned",2.43684210526316
"282","uncleaned",2.36842105263158
"283","uncleaned",1.92631578947368
"284","uncleaned",2.35263157894737
"285","uncleaned",1.91578947368421
"286","uncleaned",1.4
"287","uncleaned",1.42631578947368
"288","uncleaned",2.30526315789474
"289","uncleaned",0.694736842105263
"290","uncleaned",2.05789473684211
"291","uncleaned",1.41052631578947
"292","uncleaned",1.80526315789474
"293","uncleaned",2.12105263157895
"294","uncleaned",0.242105263157895
"295","uncleaned",1.98947368421053
"296","uncleaned",1.67894736842105
"297","uncleaned",1.43157894736842
"298","uncleaned",1.25263157894737
"299","uncleaned",1.60526315789474
"300","uncleaned",1.16315789473684
"301","uncleaned",2.56842105263158
"302","uncleaned",1.26842105263158
"303","uncleaned",2.13157894736842
"304","uncleaned",2.26842105263158
"305","uncleaned",2.15789473684211
"306","uncleaned",2.55789473684211
"307","uncleaned",1.16315789473684
"308","uncleaned",2.52631578947368
"309","uncleaned",1.90526315789474
"310","uncleaned",0.763157894736842
"311","uncleaned",1.99473684210526
"312","uncleaned",1.72105263157895
"313","uncleaned",1.56842105263158
"314","uncleaned",2.11052631578947
"315","uncleaned",2.44736842105263
"316","uncleaned",1.33684210526316
"317","uncleaned",3.01578947368421
"318","uncleaned",1.52631578947368
"319","uncleaned",1.66842105263158
"320","uncleaned",2.86842105263158
"321","uncleaned",2.71578947368421
"322","uncleaned",1.75263157894737
"323","uncleaned",1.25789473684211
"324","uncleaned",1.8
"325","uncleaned",0.984210526315789
"326","uncleaned",1.76842105263158
"327","uncleaned",1.98421052631579
"328","uncleaned",1.48947368421053
"329","uncleaned",2.13684210526316
"330","uncleaned",3.11052631578947
"331","uncleaned",1.46842105263158
"332","uncleaned",1.42631578947368
"333","uncleaned",1.3
"334","uncleaned",1.67894736842105
"335","uncleaned",2.07368421052632
"336","uncleaned",2.02631578947368
"337","uncleaned",1.31578947368421
"338","uncleaned",2.24736842105263
"339","uncleaned",2.16842105263158
"340","uncleaned",2.37894736842105
"341","uncleaned",0.684210526315789
"342","uncleaned",2.04736842105263
"343","uncleaned",2.67368421052632
"344","uncleaned",1.85263157894737
"345","uncleaned",1.53157894736842
"346","uncleaned",1.76842105263158
"347","uncleaned",2.43157894736842
"348","uncleaned",1.99473684210526
"349","uncleaned",2.26842105263158
"350","uncleaned",2.36842105263158
"351","uncleaned",1.29473684210526
"352","uncleaned",1.46842105263158
"353","uncleaned",1.06842105263158
"354","uncleaned",1.32105263157895
"355","uncleaned",2.16315789473684
"356","uncleaned",1.73157894736842
"357","uncleaned",1.28947368421053
"358","uncleaned",2.20526315789474
"359","uncleaned",1.76842105263158
"360","uncleaned",1.31052631578947
"361","uncleaned",2.07894736842105
"362","uncleaned",2.02105263157895
"363","uncleaned",2.02631578947368
"364","uncleaned",2.59473684210526
"365","uncleaned",1.62105263157895
"366","uncleaned",1.10526315789474
"367","uncleaned",1.61052631578947
"368","uncleaned",2.32105263157895
"369","uncleaned",1.99473684210526
"370","uncleaned",2.34210526315789
"371","uncleaned",1.84210526315789
"372","uncleaned",1.64210526315789
"373","uncleaned",2.07368421052632
"374","uncleaned",1.92105263157895
"375","uncleaned",2.05263157894737
"376","uncleaned",1.43157894736842
"377","uncleaned",2.15789473684211
"378","uncleaned",2.32105263157895
"379","uncleaned",1.86842105263158
"380","uncleaned",1.58421052631579
"381","uncleaned",2.01052631578947
"382","uncleaned",1.12631578947368
"383","uncleaned",1.84736842105263
"384","uncleaned",2.21052631578947
"385","uncleaned",3.12105263157895
"386","uncleaned",1.52631578947368
"387","uncleaned",1.96315789473684
"388","uncleaned",1.23157894736842
"389","uncleaned",1.75263157894737
"390","uncleaned",1.82105263157895
"391","uncleaned",1.38421052631579
"392","uncleaned",2.39473684210526
"393","uncleaned",2.00526315789474
"394","uncleaned",1.47368421052632
"395","uncleaned",2.12631578947368
"396","uncleaned",1.98947368421053
"397","uncleaned",2.66315789473684
"398","uncleaned",1.03684210526316
"399","uncleaned",1.93157894736842
"400","uncleaned",1.95789473684211
"401","uncleaned",2.48947368421053
"402","uncleaned",1.71052631578947
"403","uncleaned",2.07368421052632
"404","uncleaned",2.55789473684211
"405","uncleaned",2.28421052631579
"406","uncleaned",1.20526315789474
"407","uncleaned",2.11578947368421
"408","uncleaned",1.07368421052632
"409","uncleaned",2.90526315789474
"410","uncleaned",2.04210526315789
"411","uncleaned",0.894736842105263
"412","uncleaned",2.87894736842105
"413","uncleaned",1.97368421052632
"414","uncleaned",1.87368421052632
"415","uncleaned",0.973684210526316
"416","uncleaned",1.6
"417","uncleaned",2.06842105263158
"418","uncleaned",2.13684210526316
"419","uncleaned",1.51052631578947
"420","uncleaned",1.63684210526316
"421","uncleaned",2.04210526315789
"422","uncleaned",1.63684210526316
"423","uncleaned",1.80526315789474
"424","uncleaned",2.60526315789474
"425","uncleaned",1.48421052631579
"426","uncleaned",1.57894736842105
"427","uncleaned",1.22105263157895
"428","uncleaned",1.8
"429","uncleaned",1.33157894736842
"430","uncleaned",1.38421052631579
"431","uncleaned",2.16315789473684
"432","uncleaned",1.97368421052632
"433","uncleaned",1.72105263157895
"434","uncleaned",1.47894736842105
"435","uncleaned",1.76315789473684
"436","uncleaned",2.25263157894737
"437","uncleaned",1.83157894736842
"438","uncleaned",1.44210526315789
"439","uncleaned",1.31052631578947
"440","uncleaned",0.173684210526316
"441","uncleaned",2.12631578947368
"442","uncleaned",2.07368421052632
"443","uncleaned",1.67368421052632
"444","uncleaned",1.5
"445","uncleaned",1.20526315789474
"446","uncleaned",0.826315789473684
"447","uncleaned",0.889473684210526
"448","uncleaned",2.42105263157895
"449","uncleaned",2.18421052631579
"450","uncleaned",2.37894736842105
"451","uncleaned",1.48947368421053
"452","uncleaned",2.21052631578947
"453","uncleaned",2.02105263157895
"454","uncleaned",1.98947368421053
"455","uncleaned",1.51578947368421
"456","uncleaned",2.07894736842105
"457","uncleaned",2.32631578947368
"458","uncleaned",1.86315789473684
"459","uncleaned",1.78421052631579
"460","uncleaned",1.14736842105263
"461","uncleaned",1.92631578947368
"462","uncleaned",1.66842105263158
"463","uncleaned",1.38421052631579
"464","uncleaned",2.09473684210526
"465","uncleaned",2.47368421052632
"466","uncleaned",2.51052631578947
"467","uncleaned",1.60526315789474
"468","uncleaned",1.64210526315789
"469","uncleaned",2.02631578947368
"470","uncleaned",1.67894736842105
"471","uncleaned",2.44210526315789
"472","uncleaned",1.88947368421053
"473","uncleaned",1.96315789473684
"474","uncleaned",1.91052631578947
"475","uncleaned",1.53157894736842
"476","uncleaned",2.03684210526316
"477","uncleaned",1.90526315789474
"478","uncleaned",0.952631578947368
"479","uncleaned",2.47894736842105
"480","uncleaned",1.31578947368421
"481","uncleaned",1.3
"482","uncleaned",1.92631578947368
"483","uncleaned",1.33157894736842
"484","uncleaned",2.48947368421053
"485","uncleaned",1.91578947368421
"486","uncleaned",1.68947368421053
"487","uncleaned",1.02105263157895
"488","uncleaned",1.63157894736842
"489","uncleaned",1.16842105263158
"490","uncleaned",2.11052631578947
"491","uncleaned",2.12631578947368
"492","uncleaned",2.68421052631579
"493","uncleaned",1.94210526315789
"494","uncleaned",1.48947368421053
"495","uncleaned",2.47894736842105
"496","uncleaned",2.21578947368421
"497","uncleaned",2.03684210526316
"498","uncleaned",1.88421052631579
"499","uncleaned",2.26842105263158
"500","uncleaned",1.73157894736842
"501","uncleaned",2.66842105263158
"502","uncleaned",1.57368421052632
"503","uncleaned",2.76315789473684
"504","uncleaned",2
"505","uncleaned",2.52631578947368
"506","uncleaned",0.789473684210526
"507","uncleaned",1.84736842105263
"508","uncleaned",1.24210526315789
"509","uncleaned",1.53684210526316
"510","uncleaned",1.92631578947368
"511","uncleaned",1.68421052631579
"512","uncleaned",1.15263157894737
"513","uncleaned",1.45789473684211
"514","uncleaned",1.63157894736842
"515","uncleaned",2.55263157894737
"516","uncleaned",1.55263157894737
"517","uncleaned",3.41052631578947
"518","uncleaned",1.46315789473684
"519","uncleaned",1.11052631578947
"520","uncleaned",0.994736842105263
"521","uncleaned",1.54210526315789
"522","uncleaned",1.55789473684211
"523","uncleaned",1.72631578947368
"524","uncleaned",1.28421052631579
"525","uncleaned",1.95789473684211
"526","uncleaned",1.35789473684211
"527","uncleaned",1.9
"528","uncleaned",1.83684210526316
"529","uncleaned",2.03157894736842
"530","uncleaned",2.51052631578947
"531","uncleaned",1.4
"532","uncleaned",0.836842105263158
"533","uncleaned",2.44736842105263
"534","uncleaned",1.55789473684211
"535","uncleaned",2.38421052631579
"536","uncleaned",1.95263157894737
"537","uncleaned",1.62631578947368
"538","uncleaned",1.24736842105263
"539","uncleaned",1.27894736842105
"540","uncleaned",3.03684210526316
"541","uncleaned",0.484210526315789
"542","uncleaned",2.17894736842105
"543","uncleaned",1.56315789473684
"544","uncleaned",2.03157894736842
"545","uncleaned",1.46842105263158
"546","uncleaned",2.50526315789474
"547","uncleaned",3.16315789473684
"548","uncleaned",1.37894736842105
"549","uncleaned",2.46315789473684
"550","uncleaned",1.72631578947368
"551","uncleaned",3.17894736842105
"552","uncleaned",1.34736842105263
"553","uncleaned",1.36842105263158
"554","uncleaned",2.13684210526316
"555","uncleaned",2.18947368421053
"556","uncleaned",1.17894736842105
"557","uncleaned",2.02631578947368
"558","uncleaned",2.91578947368421
"559","uncleaned",2.40526315789474
"560","uncleaned",1.90526315789474
"561","uncleaned",2.43684210526316
"562","uncleaned",1.22105263157895
"563","uncleaned",1.5
"564","uncleaned",2.28421052631579
"565","uncleaned",1.62105263157895
"566","uncleaned",2.17368421052632
"567","uncleaned",0.4
"568","uncleaned",1.84210526315789
"569","uncleaned",1.36842105263158
"570","uncleaned",1.77368421052632
"571","uncleaned",1.63684210526316
"572","uncleaned",2.00526315789474
"573","uncleaned",2.16315789473684
"574","uncleaned",3.34210526315789
"575","uncleaned",2
"576","uncleaned",1.8
"577","uncleaned",2.24210526315789
"578","uncleaned",1.73684210526316
"579","uncleaned",1.4
"580","uncleaned",1.58421052631579
"581","uncleaned",2.07894736842105
"582","uncleaned",1.21578947368421
"583","uncleaned",2.27368421052632
"584","uncleaned",1.91052631578947
"585","uncleaned",2.41578947368421
"586","uncleaned",1.54210526315789
"587","uncleaned",2.57894736842105
"588","uncleaned",2.12631578947368
"589","uncleaned",1.75263157894737
"590","uncleaned",2.53157894736842
"591","uncleaned",2.7
"592","uncleaned",1.5
"593","uncleaned",1.35789473684211
"594","uncleaned",1.87368421052632
"595","uncleaned",1.57894736842105
"596","uncleaned",1.86842105263158
"597","uncleaned",1.14736842105263
"598","uncleaned",2.48421052631579
"599","uncleaned",1.43684210526316
"600","uncleaned",0.789473684210526
"601","uncleaned",1.27894736842105
"602","uncleaned",2.20526315789474
"603","uncleaned",2.52105263157895
"604","uncleaned",3.28947368421053
"605","uncleaned",2.6
"606","uncleaned",2.28421052631579
"607","uncleaned",2.64736842105263
"608","uncleaned",1.2
"609","uncleaned",2.37894736842105
"610","uncleaned",1.32105263157895
"611","uncleaned",2.02631578947368
"612","uncleaned",1.43157894736842
"613","uncleaned",1.94210526315789
"614","uncleaned",1.73684210526316
"615","uncleaned",1.03684210526316
"616","uncleaned",0.768421052631579
"617","uncleaned",0.721052631578947
"618","uncleaned",1.78947368421053
"619","uncleaned",1.84736842105263
"620","uncleaned",1.97894736842105
"621","uncleaned",1.67368421052632
"622","uncleaned",2.07894736842105
"623","uncleaned",1.70526315789474
"624","uncleaned",2.42105263157895
"625","uncleaned",2.12105263157895
"626","uncleaned",2.45263157894737
"627","uncleaned",0.731578947368421
"628","uncleaned",1.53157894736842
"629","uncleaned",1.54736842105263
"630","uncleaned",1.57894736842105
"631","uncleaned",1.98421052631579
"632","uncleaned",1.5
"633","uncleaned",2.80526315789474
"634","uncleaned",2.5
"635","uncleaned",2.89473684210526
"636","uncleaned",1.62105263157895
"637","uncleaned",0.91578947368421
"638","uncleaned",1.6
"639","uncleaned",1.88421052631579
"640","uncleaned",2.50526315789474
"641","uncleaned",1.56842105263158
"642","uncleaned",1.35789473684211
"643","uncleaned",2.08947368421053
"644","uncleaned",0.826315789473684
"645","uncleaned",1.98947368421053
"646","uncleaned",1.07894736842105
"647","uncleaned",1.95263157894737
"648","uncleaned",1.62105263157895
"649","uncleaned",0.605263157894737
"650","uncleaned",2.13157894736842
"651","uncleaned",1.89473684210526
"652","uncleaned",1.83684210526316
"653","uncleaned",2.73157894736842
"654","uncleaned",2.14210526315789
"655","uncleaned",2.28421052631579
"656","uncleaned",2.88947368421053
"657","uncleaned",1.98947368421053
"658","uncleaned",2.37368421052632
"659","uncleaned",2.48947368421053
"660","uncleaned",1.66842105263158
"661","uncleaned",2.23157894736842
"662","uncleaned",3.38421052631579
"663","uncleaned",2.18947368421053
"664","uncleaned",1.83157894736842
"665","uncleaned",1.79473684210526
"666","uncleaned",2.76842105263158
"667","uncleaned",2.16315789473684
"668","uncleaned",1.58421052631579
"669","uncleaned",1.54210526315789
"670","uncleaned",2.27368421052632
"671","uncleaned",1.39473684210526
"672","uncleaned",2.30526315789474
"673","uncleaned",1.55263157894737
"674","uncleaned",1.16315789473684
"675","uncleaned",2.86315789473684
"676","uncleaned",1.35789473684211
"677","uncleaned",1.72105263157895
"678","uncleaned",1.88421052631579
"679","uncleaned",1.38947368421053
"680","uncleaned",1.88947368421053
"681","uncleaned",0.815789473684211
"682","uncleaned",2.32631578947368
"683","uncleaned",0.58421052631579
"684","uncleaned",1.84736842105263
"685","uncleaned",2.45789473684211
"686","uncleaned",1.77894736842105
"687","uncleaned",1.53684210526316
"688","uncleaned",1.51052631578947
"689","uncleaned",2.51052631578947
"690","uncleaned",2.40526315789474
"691","uncleaned",2.18421052631579
"692","uncleaned",1.72105263157895
"693","uncleaned",1.64210526315789
"694","uncleaned",2.91052631578947
"695","uncleaned",0.889473684210526
"696","uncleaned",2.39473684210526
"697","uncleaned",2.13157894736842
"698","uncleaned",2.01052631578947
"699","uncleaned",1.43157894736842
"700","uncleaned",2
"701","uncleaned",2.46842105263158
"702","uncleaned",1.82105263157895
"703","uncleaned",1.53684210526316
"704","uncleaned",1.26842105263158
"705","uncleaned",2.30526315789474
"706","uncleaned",1.72631578947368
"707","uncleaned",2.08421052631579
"708","uncleaned",1.32105263157895
"709","uncleaned",1.55263157894737
"710","uncleaned",1.82105263157895
"711","uncleaned",2.29473684210526
"712","uncleaned",2.97368421052632
"713","uncleaned",1.74210526315789
"714","uncleaned",1.80526315789474
"715","uncleaned",1.48421052631579
"716","uncleaned",1.43157894736842
"717","uncleaned",1.73684210526316
"718","uncleaned",2.11578947368421
"719","uncleaned",1.35263157894737
"720","uncleaned",1.76842105263158
"721","uncleaned",2.13684210526316
"722","uncleaned",2.42631578947368
"723","uncleaned",1.86842105263158
"724","uncleaned",1.1
"725","uncleaned",1.45789473684211
"726","uncleaned",1.48421052631579
"727","uncleaned",2.1
"728","uncleaned",2.13684210526316
"729","uncleaned",1.75263157894737
"730","uncleaned",2.24736842105263
"731","uncleaned",2.36842105263158
"732","uncleaned",1.74210526315789
"733","uncleaned",1.70526315789474
"734","uncleaned",1.08947368421053
"735","uncleaned",1.63684210526316
"736","uncleaned",1.40526315789474
"737","uncleaned",2.36315789473684
"738","uncleaned",2.5
"739","uncleaned",2.07894736842105
"740","uncleaned",1.52105263157895
"741","uncleaned",1.31052631578947
"742","uncleaned",0.710526315789474
"743","uncleaned",2.05789473684211
"744","uncleaned",1.85789473684211
"745","uncleaned",2.2
"746","uncleaned",2.48947368421053
"747","uncleaned",1.16842105263158
"748","uncleaned",2.45263157894737
"749","uncleaned",1.43157894736842
"750","uncleaned",2.19473684210526
"751","uncleaned",2.23157894736842
"752","uncleaned",1.94736842105263
"753","uncleaned",2.89473684210526
"754","uncleaned",2.28421052631579
"755","uncleaned",0.973684210526316
"756","uncleaned",1.99473684210526
"757","uncleaned",1.46842105263158
"758","uncleaned",1.73684210526316
"759","uncleaned",2.02631578947368
"760","uncleaned",1.68947368421053
"761","uncleaned",1.24736842105263
"762","uncleaned",1.51578947368421
"763","uncleaned",1.06315789473684
"764","uncleaned",1.72631578947368
"765","uncleaned",2.78947368421053
"766","uncleaned",1.87894736842105
"767","uncleaned",2.03157894736842
"768","uncleaned",2.05263157894737
"769","uncleaned",1.77894736842105
"770","uncleaned",1.77368421052632
"771","uncleaned",0.626315789473684
"772","uncleaned",1.41052631578947
"773","uncleaned",2.16842105263158
"774","uncleaned",1.7
"775","uncleaned",1.30526315789474
"776","uncleaned",1.56315789473684
"777","uncleaned",1.78947368421053
"778","uncleaned",1.42105263157895
"779","uncleaned",2.37894736842105
"780","uncleaned",1.05263157894737
"781","uncleaned",1.68947368421053
"782","uncleaned",1.57368421052632
"783","uncleaned",2.49473684210526
"784","uncleaned",3.02631578947368
"785","uncleaned",1.58421052631579
"786","uncleaned",2.16315789473684
"787","uncleaned",2.16842105263158
"788","uncleaned",1.5
"789","uncleaned",2.26842105263158
"790","uncleaned",2.18947368421053
"791","uncleaned",1.86842105263158
"792","uncleaned",3.13157894736842
"793","uncleaned",1.94210526315789
"794","uncleaned",1.96842105263158
"795","uncleaned",1.85789473684211
"796","uncleaned",1.42631578947368
"797","uncleaned",1.44736842105263
"798","uncleaned",1.34210526315789
"799","uncleaned",1.92631578947368
"800","uncleaned",1.91052631578947
"801","uncleaned",1.7
"802","uncleaned",1.76315789473684
"803","uncleaned",2.34210526315789
"804","uncleaned",1.57894736842105
"805","uncleaned",1.87894736842105
"806","uncleaned",2.22105263157895
"807","uncleaned",1.64736842105263
"808","uncleaned",1.37894736842105
"809","uncleaned",1.86315789473684
"810","uncleaned",1.55789473684211
"811","uncleaned",1.63157894736842
"812","uncleaned",1.58947368421053
"813","uncleaned",1.5
"814","uncleaned",1.58947368421053
"815","uncleaned",1.21578947368421
"816","uncleaned",2.3
"817","uncleaned",1.64210526315789
"818","uncleaned",1.84210526315789
"819","uncleaned",1.58947368421053
"820","uncleaned",1.97894736842105
"821","uncleaned",1.77894736842105
"822","uncleaned",1.85263157894737
"823","uncleaned",1.70526315789474
"824","uncleaned",1.26842105263158
"825","uncleaned",2.17894736842105
"826","uncleaned",1.62105263157895
"827","uncleaned",2.66842105263158
"828","uncleaned",1.82105263157895
"829","uncleaned",2.66315789473684
"830","uncleaned",2.67368421052632
"831","uncleaned",2.5
"832","uncleaned",1.62631578947368
"833","uncleaned",2.02105263157895
"834","uncleaned",1.67894736842105
"835","uncleaned",1.85263157894737
"836","uncleaned",1.28421052631579
"837","uncleaned",2.35263157894737
"838","uncleaned",2.32105263157895
"839","uncleaned",1.56842105263158
"840","uncleaned",1.5
"841","uncleaned",1.32631578947368
"842","uncleaned",1.45789473684211
"843","uncleaned",2.15263157894737
"844","uncleaned",2.65263157894737
"845","uncleaned",1.43684210526316
"846","uncleaned",1.01052631578947
"847","uncleaned",2.38947368421053
"848","uncleaned",1.20526315789474
"849","uncleaned",1.36315789473684
"850","uncleaned",0.826315789473684
"851","uncleaned",1.8
"852","uncleaned",2.19473684210526
"853","uncleaned",1.07368421052632
"854","uncleaned",2.01578947368421
"855","uncleaned",0.578947368421053
"856","uncleaned",1.81578947368421
"857","uncleaned",1.57894736842105
"858","uncleaned",1.97368421052632
"859","uncleaned",2.39473684210526
"860","uncleaned",2.00526315789474
"861","uncleaned",2.10526315789474
"862","uncleaned",1.86315789473684
"863","uncleaned",1.12631578947368
"864","uncleaned",1.98421052631579
"865","uncleaned",2.22631578947368
"866","uncleaned",2.25263157894737
"867","uncleaned",1.50526315789474
"868","uncleaned",1.53684210526316
"869","uncleaned",2.2
"870","uncleaned",1.48947368421053
"871","uncleaned",1.91052631578947
"872","uncleaned",2.36842105263158
"873","uncleaned",2.37368421052632
"874","uncleaned",2.03684210526316
"875","uncleaned",1.43157894736842
"876","uncleaned",1.76315789473684
"877","uncleaned",1.93684210526316
"878","uncleaned",0.273684210526316
"879","uncleaned",2.81578947368421
"880","uncleaned",2.1
"881","uncleaned",2.17894736842105
"882","uncleaned",2.41578947368421
"883","uncleaned",2.11052631578947
"884","uncleaned",2.30526315789474
"885","uncleaned",1.31578947368421
"886","uncleaned",2.26315789473684
"887","uncleaned",2.95789473684211
"888","uncleaned",1.52631578947368
"889","uncleaned",1.79473684210526
"890","uncleaned",2.91578947368421
"891","uncleaned",2.16315789473684
"892","uncleaned",3.07368421052632
"893","uncleaned",1.44736842105263
"894","uncleaned",1.59473684210526
"895","uncleaned",1.51578947368421
"896","uncleaned",1.95263157894737
"897","uncleaned",2.42105263157895
"898","uncleaned",0.431578947368421
"899","uncleaned",1.24210526315789
"900","uncleaned",1.7
"901","uncleaned",2.31052631578947
"902","uncleaned",1.84210526315789
"903","uncleaned",1.91052631578947
"904","uncleaned",1.28947368421053
"905","uncleaned",1.77368421052632
"906","uncleaned",1.61052631578947
"907","uncleaned",1.7
"908","uncleaned",1.31578947368421
"909","uncleaned",2.33684210526316
"910","uncleaned",2.06315789473684
"911","uncleaned",1.36315789473684
"912","uncleaned",2.35263157894737
"913","uncleaned",0.510526315789474
"914","uncleaned",1.85263157894737
"915","uncleaned",2.48947368421053
"916","uncleaned",1.11052631578947
"917","uncleaned",1.6
"918","uncleaned",2.51578947368421
"919","uncleaned",1.05263157894737
"920","uncleaned",0.7
"921","uncleaned",2.14210526315789
"922","uncleaned",1.91052631578947
"923","uncleaned",1.01578947368421
"924","uncleaned",2.12631578947368
"925","uncleaned",2.16315789473684
"926","uncleaned",2.28947368421053
"927","uncleaned",1.23157894736842
"928","uncleaned",1.12631578947368
"929","uncleaned",2.77894736842105
"930","uncleaned",2.69473684210526
"931","uncleaned",1.60526315789474
"932","uncleaned",0.5
"933","uncleaned",2.6
"934","uncleaned",2.34736842105263
"935","uncleaned",1.16315789473684
"936","uncleaned",1.7
"937","uncleaned",2.81578947368421
"938","uncleaned",1.32631578947368
"939","uncleaned",1.01052631578947
"940","uncleaned",1.73684210526316
"941","uncleaned",1.42105263157895
"942","uncleaned",1.05263157894737
"943","uncleaned",1.75789473684211
"944","uncleaned",1.98947368421053
"945","uncleaned",1.96842105263158
"946","uncleaned",1.86842105263158
"947","uncleaned",0.968421052631579
"948","uncleaned",1.92105263157895
"949","uncleaned",1.03684210526316
"950","uncleaned",2.16842105263158
"951","uncleaned",1.28421052631579
"952","uncleaned",1.62105263157895
"953","uncleaned",2
"954","uncleaned",1.27368421052632
"955","uncleaned",2.14736842105263
"956","uncleaned",0.736842105263158
"957","uncleaned",2.67368421052632
"958","uncleaned",1.17894736842105
"959","uncleaned",1.88421052631579
"960","uncleaned",1.72105263157895
"961","uncleaned",1.97894736842105
"962","uncleaned",2
"963","uncleaned",1.32105263157895
"964","uncleaned",2.2
"965","uncleaned",0.642105263157895
"966","uncleaned",1.67368421052632
"967","uncleaned",2.16315789473684
"968","uncleaned",1.70526315789474
"969","uncleaned",1.66842105263158
"970","uncleaned",1.47368421052632
"971","uncleaned",1.71052631578947
"972","uncleaned",0.389473684210526
"973","uncleaned",1.8
"974","uncleaned",1.85789473684211
"975","uncleaned",1.36842105263158
"976","uncleaned",2.7
"977","uncleaned",1.29473684210526
"978","uncleaned",1.98947368421053
"979","uncleaned",1.7
"980","uncleaned",2.28947368421053
"981","uncleaned",1.93684210526316
"982","uncleaned",1.52631578947368
"983","uncleaned",1.13157894736842
"984","uncleaned",2.16842105263158
"985","uncleaned",2.72631578947368
"986","uncleaned",1.47368421052632
"987","uncleaned",2.58421052631579
"988","uncleaned",1.2
"989","uncleaned",2.10526315789474
"990","uncleaned",2.53157894736842
"991","uncleaned",2.47368421052632
"992","uncleaned",1.56842105263158
"993","uncleaned",2.51052631578947
"994","uncleaned",1.02631578947368
"995","uncleaned",1.85789473684211
"996","uncleaned",2.87894736842105
"997","uncleaned",2.65263157894737
"998","uncleaned",2.30526315789474
"999","uncleaned",2.27894736842105
"1000","uncleaned",2.13157894736842
"1001","uncleaned",2.58947368421053
"1002","uncleaned",1.40526315789474
"1003","uncleaned",1.39473684210526
"1004","uncleaned",2.22105263157895
"1005","uncleaned",1.82631578947368
"1006","uncleaned",1.64736842105263
"1007","uncleaned",1.95263157894737
"1008","uncleaned",2.64736842105263
"1009","uncleaned",1.35789473684211
"1010","uncleaned",2.12631578947368
"1011","uncleaned",2.56315789473684
"1012","uncleaned",2.33684210526316
"1013","uncleaned",1.64736842105263
"1014","uncleaned",1.6
"1015","uncleaned",1.59473684210526
"1016","uncleaned",1.63684210526316
"1017","uncleaned",2.42105263157895
"1018","uncleaned",1.82631578947368
"1019","uncleaned",3.26842105263158
"1020","uncleaned",1.82105263157895
"1021","uncleaned",1.83157894736842
"1022","uncleaned",2.1
"1023","uncleaned",1.93157894736842
"1024","uncleaned",1.03684210526316
"1025","uncleaned",0.91578947368421
"1026","uncleaned",2.30526315789474
"1027","uncleaned",1.2
"1028","uncleaned",2.44736842105263
"1029","uncleaned",3.23684210526316
"1030","uncleaned",2.63684210526316
"1031","uncleaned",2.25263157894737
"1032","uncleaned",1.81578947368421
"1033","uncleaned",2.04736842105263
"1034","uncleaned",1.28947368421053
"1035","uncleaned",0.873684210526316
"1036","uncleaned",2.06842105263158
"1037","uncleaned",2.12105263157895
"1038","uncleaned",1.18947368421053
"1039","uncleaned",1.57894736842105
"1040","uncleaned",2.51578947368421
"1041","uncleaned",1.35789473684211
"1042","uncleaned",1.40526315789474
"1043","uncleaned",1.95263157894737
"1044","uncleaned",1.53157894736842
"1045","uncleaned",1.53684210526316
"1046","uncleaned",1.54210526315789
"1047","uncleaned",2.04736842105263
"1048","uncleaned",2.08421052631579
"1049","uncleaned",2.92105263157895
"1050","uncleaned",1.71052631578947
"1051","uncleaned",1.4
"1052","uncleaned",1.29473684210526
"1053","uncleaned",1.60526315789474
"1054","uncleaned",0.994736842105263
"1055","uncleaned",2.30526315789474
"1056","uncleaned",2.26315789473684
"1057","uncleaned",2.46315789473684
"1058","uncleaned",2.00526315789474
"1059","uncleaned",2.04210526315789
"1060","uncleaned",1.6
"1061","uncleaned",1.75789473684211
"1062","uncleaned",2
"1063","uncleaned",1.94210526315789
"1064","uncleaned",1.98421052631579
"1065","uncleaned",1.61578947368421
"1066","uncleaned",0.936842105263158
"1067","uncleaned",2.23684210526316
"1068","uncleaned",1.52631578947368
"1069","uncleaned",1.93157894736842
"1070","uncleaned",1.55263157894737
"1071","uncleaned",2.43157894736842
"1072","uncleaned",2.49473684210526
"1073","uncleaned",1.80526315789474
"1074","uncleaned",2.3
"1075","uncleaned",1.52631578947368
"1076","uncleaned",2.9
"1077","uncleaned",2.63157894736842
"1078","uncleaned",1.22105263157895
"1079","uncleaned",2.67894736842105
"1080","uncleaned",1.1
"1081","uncleaned",1.67368421052632
"1082","uncleaned",1.53157894736842
"1083","uncleaned",1.30526315789474
"1084","uncleaned",2.11052631578947
"1085","uncleaned",1.82105263157895
"1086","uncleaned",1.76842105263158
"1087","uncleaned",2.08421052631579
"1088","uncleaned",1.03157894736842
"1089","uncleaned",2.25789473684211
"1090","uncleaned",2.24736842105263
"1091","uncleaned",1.06315789473684
"1092","uncleaned",1.17894736842105
"1093","uncleaned",1.32105263157895
"1094","uncleaned",2.58421052631579
"1095","uncleaned",1.98421052631579
"1096","uncleaned",1.86842105263158
"1097","uncleaned",0.731578947368421
"1098","uncleaned",2.42105263157895
"1099","uncleaned",1.48947368421053
"1100","uncleaned",1.24210526315789
"1101","uncleaned",1.51052631578947
"1102","uncleaned",1.43157894736842
"1103","uncleaned",1.45789473684211
"1104","uncleaned",2.01052631578947
"1105","uncleaned",1.75263157894737
"1106","uncleaned",2.04736842105263
"1107","uncleaned",1.52105263157895
"1108","uncleaned",1.38421052631579
"1109","uncleaned",2.25263157894737
"1110","uncleaned",1.67894736842105
"1111","uncleaned",1.65263157894737
"1112","uncleaned",2.44736842105263
"1113","uncleaned",2.51578947368421
"1114","uncleaned",2.51578947368421
"1115","uncleaned",1.05263157894737
"1116","uncleaned",1.63684210526316
"1117","uncleaned",1.85789473684211
"1118","uncleaned",2.01578947368421
"1119","uncleaned",2.25789473684211
"1120","uncleaned",1.17368421052632
"1121","uncleaned",1.7
"1122","uncleaned",2.65263157894737
"1123","uncleaned",2.45263157894737
"1124","uncleaned",1.75263157894737
"1125","uncleaned",2.25789473684211
"1126","uncleaned",1.70526315789474
"1127","uncleaned",1.53684210526316
"1128","uncleaned",1.45263157894737
"1129","uncleaned",1.64736842105263
"1130","uncleaned",1.75789473684211
"1131","uncleaned",2.04736842105263
"1132","uncleaned",2.55789473684211
"1133","uncleaned",1.82631578947368
"1134","uncleaned",2.28947368421053
"1135","uncleaned",1.94736842105263
"1136","uncleaned",2.12105263157895
"1137","uncleaned",1.21578947368421
"1138","uncleaned",1.38947368421053
"1139","uncleaned",1.24210526315789
"1140","uncleaned",1.33157894736842
"1141","uncleaned",1.19473684210526
"1142","uncleaned",2.41052631578947
"1143","uncleaned",1.28947368421053
"1144","uncleaned",1.77894736842105
"1145","uncleaned",0.778947368421053
"1146","uncleaned",2.32105263157895
"1147","uncleaned",2.78947368421053
"1148","uncleaned",2.16842105263158
"1149","uncleaned",2.1
"1150","uncleaned",1.70526315789474
"1151","uncleaned",1.46842105263158
"1152","uncleaned",2.89473684210526
"1153","uncleaned",1.62105263157895
"1154","uncleaned",2
"1155","uncleaned",2.20526315789474
"1156","uncleaned",2.33157894736842
"1157","uncleaned",2.30526315789474
"1158","uncleaned",1.85263157894737
"1159","uncleaned",1.94736842105263
"1160","uncleaned",1.53157894736842
"1161","uncleaned",1.23684210526316
"1162","uncleaned",1.92631578947368
"1163","uncleaned",0.373684210526316
"1164","uncleaned",1.91052631578947
"1165","uncleaned",2.05789473684211
"1166","uncleaned",1.63684210526316
"1167","uncleaned",1.35263157894737
"1168","uncleaned",2.02631578947368
"1169","uncleaned",2.07894736842105
"1170","uncleaned",1.68947368421053
"1171","uncleaned",2.2
"1172","uncleaned",1.28421052631579
"1173","uncleaned",2.55263157894737
"1174","uncleaned",2.14210526315789
"1175","uncleaned",1.93684210526316
"1176","uncleaned",1.58421052631579
"1177","uncleaned",1.89473684210526
"1178","uncleaned",1.59473684210526
"1179","uncleaned",2.04736842105263
"1180","uncleaned",2.27368421052632
"1181","uncleaned",1.76842105263158
"1182","uncleaned",1.85789473684211
"1183","uncleaned",1.55263157894737
"1184","uncleaned",1.32631578947368
"1185","uncleaned",1.32105263157895
"1186","uncleaned",2.63684210526316
"1187","uncleaned",1.84736842105263
"1188","uncleaned",0.663157894736842
"1189","uncleaned",1.21578947368421
"1190","uncleaned",2.61578947368421
"1191","uncleaned",1.83157894736842
"1192","uncleaned",1.1
"1193","uncleaned",1.66842105263158
"1194","uncleaned",1.99473684210526
"1195","uncleaned",1.83157894736842
"1196","uncleaned",1.96842105263158
"1197","uncleaned",1.97894736842105
"1198","uncleaned",1.93157894736842
"1199","uncleaned",1.83684210526316
"1200","uncleaned",1.87368421052632
"1201","uncleaned",1.80526315789474
"1202","uncleaned",2.33157894736842
"1203","uncleaned",2.82105263157895
"1204","uncleaned",2.70526315789474
"1205","uncleaned",2.14210526315789
"1206","uncleaned",1.44210526315789
"1207","uncleaned",1.42105263157895
"1208","uncleaned",2.06842105263158
"1209","uncleaned",1.37894736842105
"1210","uncleaned",1.32105263157895
"1211","uncleaned",2.18947368421053
"1212","uncleaned",2.18947368421053
"1213","uncleaned",2.34736842105263
"1214","uncleaned",1.35789473684211
"1215","uncleaned",1.60526315789474
"1216","uncleaned",1.53157894736842
"1217","uncleaned",0.9
"1218","uncleaned",1.53684210526316
"1219","uncleaned",1.76315789473684
"1220","uncleaned",1.15263157894737
"1221","uncleaned",1.72631578947368
"1222","uncleaned",1.49473684210526
"1223","uncleaned",1.26842105263158
"1224","uncleaned",2.22105263157895
"1225","uncleaned",1.86842105263158
"1226","uncleaned",1.82105263157895
"1227","uncleaned",1.14210526315789
"1228","uncleaned",2.33684210526316
"1229","uncleaned",1.36842105263158
"1230","uncleaned",1.74736842105263
"1231","uncleaned",0.968421052631579
"1232","uncleaned",1.82105263157895
"1233","uncleaned",0.663157894736842
"1234","uncleaned",1.33684210526316
"1235","uncleaned",1.97368421052632
"1236","uncleaned",1.68947368421053
"1237","uncleaned",2.6
"1238","uncleaned",2.28421052631579
"1239","uncleaned",1.40526315789474
"1240","uncleaned",1.64736842105263
"1241","uncleaned",2.26842105263158
"1242","uncleaned",1.94736842105263
"1243","uncleaned",2.45263157894737
"1244","uncleaned",2.01052631578947
"1245","uncleaned",2.68421052631579
"1246","uncleaned",1.61052631578947
"1247","uncleaned",1.99473684210526
"1248","uncleaned",1.92631578947368
"1249","uncleaned",2.15789473684211
"1250","uncleaned",1.45789473684211
"1251","uncleaned",2.70526315789474
"1252","uncleaned",1.70526315789474
"1253","uncleaned",0.647368421052632
"1254","uncleaned",2.40526315789474
"1255","uncleaned",1.55263157894737
"1256","uncleaned",2.67894736842105
"1257","uncleaned",1.25789473684211
"1258","uncleaned",1.77894736842105
"1259","uncleaned",1.42105263157895
"1260","uncleaned",0.989473684210526
"1261","uncleaned",1.44210526315789
"1262","uncleaned",2.44210526315789
"1263","uncleaned",2.09473684210526
"1264","uncleaned",1.55789473684211
"1265","uncleaned",2.1
"1266","uncleaned",2.18947368421053
"1267","uncleaned",1.32105263157895
"1268","uncleaned",2.10526315789474
"1269","uncleaned",1.73684210526316
"1270","uncleaned",2.81052631578947
"1271","uncleaned",1.78421052631579
"1272","uncleaned",2.62631578947368
"1273","uncleaned",1.19473684210526
"1274","uncleaned",0.968421052631579
"1275","uncleaned",1.27368421052632
"1276","uncleaned",1.48421052631579
"1277","uncleaned",1.88947368421053
"1278","uncleaned",2.47894736842105
"1279","uncleaned",1.47894736842105
"1280","uncleaned",1.91578947368421
"1281","uncleaned",0.515789473684211
"1282","uncleaned",2.12105263157895
"1283","uncleaned",2.13684210526316
"1284","uncleaned",2.43684210526316
"1285","uncleaned",1.92105263157895
"1286","uncleaned",0.836842105263158
"1287","uncleaned",1.37894736842105
"1288","uncleaned",1.04210526315789
"1289","uncleaned",1.42631578947368
"1290","uncleaned",2.95263157894737
"1291","uncleaned",2.11052631578947
"1292","uncleaned",2.35789473684211
"1293","uncleaned",0.973684210526316
"1294","uncleaned",2.28947368421053
"1295","uncleaned",2.04736842105263
"1296","uncleaned",1.88947368421053
"1297","uncleaned",2.35789473684211
"1298","uncleaned",1.04210526315789
"1299","uncleaned",1.46315789473684
"1300","uncleaned",1.97894736842105
"1301","uncleaned",1.62631578947368
"1302","uncleaned",1.92105263157895
"1303","uncleaned",2.04210526315789
"1304","uncleaned",2.10526315789474
"1305","uncleaned",3.05789473684211
"1306","uncleaned",1.76842105263158
"1307","uncleaned",3.27368421052632
"1308","uncleaned",1.88947368421053
"1309","uncleaned",2.13684210526316
"1310","uncleaned",1.71052631578947
"1311","uncleaned",2.38421052631579
"1312","uncleaned",3.38421052631579
"1313","uncleaned",1.53684210526316
"1314","uncleaned",1.55789473684211
"1315","uncleaned",1.13157894736842
"1316","uncleaned",1.32631578947368
"1317","uncleaned",2.05789473684211
"1318","uncleaned",1.77894736842105
"1319","uncleaned",1.98947368421053
"1320","uncleaned",1.78947368421053
"1321","uncleaned",1.28421052631579
"1322","uncleaned",2.02631578947368
"1323","uncleaned",1.70526315789474
"1324","uncleaned",1.25789473684211
"1325","uncleaned",2.53684210526316
"1326","uncleaned",1.03684210526316
"1327","uncleaned",1.78947368421053
"1328","uncleaned",2.47894736842105
"1329","uncleaned",1.24736842105263
"1330","uncleaned",1.73157894736842
"1331","uncleaned",1.75789473684211
"1332","uncleaned",1.53684210526316
"1333","uncleaned",2.25263157894737
"1334","uncleaned",1.28421052631579
"1335","uncleaned",0.852631578947368
"1336","uncleaned",1.56315789473684
"1337","uncleaned",1.08421052631579
"1338","uncleaned",1.34736842105263
"1339","uncleaned",1.19473684210526
"1340","uncleaned",2.27894736842105
"1341","uncleaned",1.70526315789474
"1342","uncleaned",1.86315789473684
"1343","uncleaned",1.57894736842105
"1344","uncleaned",1.97368421052632
"1345","uncleaned",1.93684210526316
"1346","uncleaned",1.57894736842105
"1347","uncleaned",2.13684210526316
"1348","uncleaned",2.31578947368421
"1349","uncleaned",2.41052631578947
"1350","uncleaned",2.61052631578947
"1351","uncleaned",2.29473684210526
"1352","uncleaned",1.8
"1353","uncleaned",1.27368421052632
"1354","uncleaned",1.85263157894737
"1355","uncleaned",2
"1356","uncleaned",2.10526315789474
"1357","uncleaned",0.878947368421053
"1358","uncleaned",1.78421052631579
"1359","uncleaned",1.81578947368421
"1360","uncleaned",2.45789473684211
"1361","uncleaned",2.12105263157895
"1362","uncleaned",2.96842105263158
"1363","uncleaned",1.65263157894737
"1364","uncleaned",1.53684210526316
"1365","uncleaned",2.22631578947368
"1366","uncleaned",1.97368421052632
"1367","uncleaned",1.18421052631579
"1368","uncleaned",1.76315789473684
"1369","uncleaned",2.4
"1370","uncleaned",2.08421052631579
"1371","uncleaned",2.17368421052632
"1372","uncleaned",2.54736842105263
"1373","uncleaned",2.97894736842105
"1374","uncleaned",1.27894736842105
"1375","uncleaned",2.68947368421053
"1376","uncleaned",1.70526315789474
"1377","uncleaned",1.02105263157895
"1378","uncleaned",2.21052631578947
"1379","uncleaned",1.65789473684211
"1380","uncleaned",1.37894736842105
"1381","uncleaned",2.08421052631579
"1382","uncleaned",1.68421052631579
"1383","uncleaned",1.72105263157895
"1384","uncleaned",1.66842105263158
"1385","uncleaned",2.23684210526316
"1386","uncleaned",2.19473684210526
"1387","uncleaned",1.56315789473684
"1388","uncleaned",1.76842105263158
"1389","uncleaned",0.963157894736842
"1390","uncleaned",1.64210526315789
"1391","uncleaned",1.44210526315789
"1392","uncleaned",1.48947368421053
"1393","uncleaned",1.54210526315789
"1394","uncleaned",1.86315789473684
"1395","uncleaned",1.34736842105263
"1396","uncleaned",1.93157894736842
"1397","uncleaned",2.83157894736842
"1398","uncleaned",1.18947368421053
"1399","uncleaned",1.39473684210526
"1400","uncleaned",2.32631578947368
"1401","uncleaned",2.22631578947368
"1402","uncleaned",2.15263157894737
"1403","uncleaned",2.22631578947368
"1404","uncleaned",1.32631578947368
"1405","uncleaned",1.73684210526316
"1406","uncleaned",1.92105263157895
"1407","uncleaned",1.65789473684211
"1408","uncleaned",2.13684210526316
"1409","uncleaned",2.4
"1410","uncleaned",0.942105263157895
"1411","uncleaned",2.6
"1412","uncleaned",1.02105263157895
"1413","uncleaned",2.39473684210526
"1414","uncleaned",0.947368421052632
"1415","uncleaned",1.69473684210526
"1416","uncleaned",2.42105263157895
"1417","uncleaned",2.26315789473684
"1418","uncleaned",1.51052631578947
"1419","uncleaned",1.96842105263158
"1420","uncleaned",2.27368421052632
"1421","uncleaned",2.14210526315789
"1422","uncleaned",2.22631578947368
"1423","uncleaned",1.96842105263158
"1424","uncleaned",1.57368421052632
"1425","uncleaned",1.60526315789474
"1426","uncleaned",1.55789473684211
"1427","uncleaned",2.53157894736842
"1428","uncleaned",1.66842105263158
"1429","uncleaned",0.831578947368421
"1430","uncleaned",0.694736842105263
"1431","uncleaned",2.95263157894737
"1432","uncleaned",2.14736842105263
"1433","uncleaned",2.25263157894737
"1434","uncleaned",1.61578947368421
"1435","uncleaned",1.38947368421053
"1436","uncleaned",1.56315789473684
"1437","uncleaned",1.85263157894737
"1438","uncleaned",2.09473684210526
"1439","uncleaned",1.4
"1440","uncleaned",1.61052631578947
"1441","uncleaned",3.20526315789474
"1442","uncleaned",2.91052631578947
"1443","uncleaned",1.90526315789474
"1444","uncleaned",1.11578947368421
"1445","uncleaned",2.85263157894737
"1446","uncleaned",3.26842105263158
"1447","uncleaned",1.85263157894737
"1448","uncleaned",1.77368421052632
"1449","uncleaned",2.46315789473684
"1450","uncleaned",2.68421052631579
"1451","uncleaned",2.16842105263158
"1452","uncleaned",1.04736842105263
"1453","uncleaned",1.88947368421053
"1454","uncleaned",1.92105263157895
"1455","uncleaned",1.84210526315789
"1456","uncleaned",1.42631578947368
"1457","uncleaned",1.98947368421053
"1458","uncleaned",2.02105263157895
"1459","uncleaned",2.20526315789474
"1460","uncleaned",1.44210526315789
"1461","uncleaned",2.05789473684211
"1462","uncleaned",2.32631578947368
"1463","uncleaned",1.73684210526316
"1464","uncleaned",1.51578947368421
"1465","uncleaned",2.68421052631579
"1466","uncleaned",2.44210526315789
"1467","uncleaned",2.07894736842105
"1468","uncleaned",1.56315789473684
"1469","uncleaned",2.13157894736842
"1470","uncleaned",2.47894736842105
"1471","uncleaned",1.66842105263158
"1472","uncleaned",2.20526315789474
"1473","uncleaned",0.957894736842105
"1474","uncleaned",1.76315789473684
"1475","uncleaned",1.19473684210526
"1476","uncleaned",2.73157894736842
"1477","uncleaned",1.47894736842105
"1478","uncleaned",1.99473684210526
"1479","uncleaned",1.61052631578947
"1480","uncleaned",2.25263157894737
"1481","uncleaned",1.77894736842105
"1482","uncleaned",2.18947368421053
"1483","uncleaned",2.48947368421053
"1484","uncleaned",1.9
"1485","uncleaned",1.91052631578947
"1486","uncleaned",1.76315789473684
"1487","uncleaned",1.15789473684211
"1488","uncleaned",1.75789473684211
"1489","uncleaned",2.34210526315789
"1490","uncleaned",0.978947368421053
"1491","uncleaned",1.87368421052632
"1492","uncleaned",2.32631578947368
"1493","uncleaned",1.31052631578947
"1494","uncleaned",2.45789473684211
"1495","uncleaned",2.35789473684211
"1496","uncleaned",0.326315789473684
"1497","uncleaned",2.95263157894737
"1498","uncleaned",2.92105263157895
"1499","uncleaned",1.96315789473684
"1500","uncleaned",1.22631578947368
"1501","uncleaned",1.37368421052632
"1502","uncleaned",1.88421052631579
"1503","uncleaned",1.9
"1504","uncleaned",2.47368421052632
"1505","uncleaned",2.28947368421053
"1506","uncleaned",2.1
"1507","uncleaned",1.63684210526316
"1508","uncleaned",2.33684210526316
"1509","uncleaned",2.56315789473684
"1510","uncleaned",1.88421052631579
"1511","uncleaned",2.13684210526316
"1512","uncleaned",1.86315789473684
"1513","uncleaned",1.91578947368421
"1514","uncleaned",1.88421052631579
"1515","uncleaned",2.28947368421053
"1516","uncleaned",1.81052631578947
"1517","uncleaned",0.968421052631579
"1518","uncleaned",2.23157894736842
"1519","uncleaned",1.74210526315789
"1520","uncleaned",2.35789473684211
"1521","uncleaned",1.04210526315789
"1522","uncleaned",1.93157894736842
"1523","uncleaned",1.75789473684211
"1524","uncleaned",2.1
"1525","uncleaned",1.27368421052632
"1526","uncleaned",2.87894736842105
"1527","uncleaned",0.947368421052632
"1528","uncleaned",1.43157894736842
"1529","uncleaned",1.72631578947368
"1530","uncleaned",1.07368421052632
"1531","uncleaned",1.86315789473684
"1532","uncleaned",2.54210526315789
"1533","uncleaned",1.66842105263158
"1534","uncleaned",2.31052631578947
"1535","uncleaned",2.81052631578947
"1536","uncleaned",2.62105263157895
"1537","uncleaned",2.08947368421053
"1538","uncleaned",0.6
"1539","uncleaned",1.33684210526316
"1540","uncleaned",1.82105263157895
"1541","uncleaned",2.04736842105263
"1542","uncleaned",2.01578947368421
"1543","uncleaned",2.88947368421053
"1544","uncleaned",2.23157894736842
"1545","uncleaned",1.47368421052632
"1546","uncleaned",1.74210526315789
"1547","uncleaned",2.56315789473684
"1548","uncleaned",1.41578947368421
"1549","uncleaned",1.82105263157895
"1550","uncleaned",2.41578947368421
"1551","uncleaned",2.43157894736842
"1552","uncleaned",1.04210526315789
"1553","uncleaned",1.69473684210526
"1554","uncleaned",0.873684210526316
"1555","uncleaned",1.22631578947368
"1556","uncleaned",1.44210526315789
"1557","uncleaned",2.02105263157895
"1558","uncleaned",1.98947368421053
"1559","uncleaned",1.90526315789474
"1560","uncleaned",2.06842105263158
"1561","uncleaned",1.68947368421053
"1562","uncleaned",2.38421052631579
"1563","uncleaned",2.00526315789474
"1564","uncleaned",1.74736842105263
"1565","uncleaned",0.794736842105263
"1566","uncleaned",2.33684210526316
"1567","uncleaned",1.20526315789474
"1568","uncleaned",1.76315789473684
"1569","uncleaned",2.17894736842105
"1570","uncleaned",0.884210526315789
"1571","uncleaned",2.04736842105263
"1572","uncleaned",1.90526315789474
"1573","uncleaned",1.84736842105263
"1574","uncleaned",1.28947368421053
"1575","uncleaned",2.28947368421053
"1576","uncleaned",0.6
"1577","uncleaned",2.12631578947368
"1578","uncleaned",1.12105263157895
"1579","uncleaned",1.76842105263158
"1580","uncleaned",1.81052631578947
"1581","uncleaned",1.82105263157895
"1582","uncleaned",0.568421052631579
"1583","uncleaned",1.88421052631579
"1584","uncleaned",2.15789473684211
"1585","uncleaned",2.63157894736842
"1586","uncleaned",1.84210526315789
"1587","uncleaned",1.84210526315789
"1588","uncleaned",2.14736842105263
"1589","uncleaned",1.64210526315789
"1590","uncleaned",2.79473684210526
"1591","uncleaned",1.41052631578947
"1592","uncleaned",1.26315789473684
"1593","uncleaned",3.00526315789474
"1594","uncleaned",1.66315789473684
"1595","uncleaned",2.48421052631579
"1596","uncleaned",2.99473684210526
"1597","uncleaned",1.18947368421053
"1598","uncleaned",1.58421052631579
"1599","uncleaned",2.68421052631579
"1600","uncleaned",2.61578947368421
"1601","uncleaned",1.81052631578947
"1602","uncleaned",2.42105263157895
"1603","uncleaned",2.13157894736842
"1604","uncleaned",1.24736842105263
"1605","uncleaned",1.8
"1606","uncleaned",1.68421052631579
"1607","uncleaned",1.52105263157895
"1608","uncleaned",2.02105263157895
"1609","uncleaned",3.03684210526316
"1610","uncleaned",1.58421052631579
"1611","uncleaned",1.08947368421053
"1612","uncleaned",1.71052631578947
"1613","uncleaned",2.11578947368421
"1614","uncleaned",2.36842105263158
"1615","uncleaned",1.71052631578947
"1616","uncleaned",0.921052631578947
"1617","uncleaned",1.56842105263158
"1618","uncleaned",2.62105263157895
"1619","uncleaned",2.10526315789474
"1620","uncleaned",2.18421052631579
"1621","uncleaned",1.78421052631579
"1622","uncleaned",1.3
"1623","uncleaned",2.37368421052632
"1624","uncleaned",1.08947368421053
"1625","uncleaned",1.98421052631579
"1626","uncleaned",2.12105263157895
"1627","uncleaned",2.07894736842105
"1628","uncleaned",3.03684210526316
"1629","uncleaned",1.97368421052632
"1630","uncleaned",1.98421052631579
"1631","uncleaned",2.76842105263158
"1632","uncleaned",1.75789473684211
"1633","uncleaned",1.67894736842105
"1634","uncleaned",1.22631578947368
"1635","uncleaned",2.74210526315789
"1636","uncleaned",1.58421052631579
"1637","uncleaned",1.87894736842105
"1638","uncleaned",1.98947368421053
"1639","uncleaned",2.1
"1640","uncleaned",1.21578947368421
"1641","uncleaned",2.05789473684211
"1642","uncleaned",1.18421052631579
"1643","uncleaned",1.81578947368421
"1644","uncleaned",3.00526315789474
"1645","uncleaned",1.92631578947368
"1646","uncleaned",1.6
"1647","uncleaned",2.38421052631579
"1648","uncleaned",1.25789473684211
"1649","uncleaned",1.96315789473684
"1650","uncleaned",1.95789473684211
"1651","uncleaned",1.28421052631579
"1652","uncleaned",2.42631578947368
"1653","uncleaned",1.36842105263158
"1654","uncleaned",1.34736842105263
"1655","uncleaned",2.25263157894737
"1656","uncleaned",2.37368421052632
"1657","uncleaned",1.44210526315789
"1658","uncleaned",2.21578947368421
"1659","uncleaned",1.81578947368421
"1660","uncleaned",1.28947368421053
"1661","uncleaned",2.2
"1662","uncleaned",2.02631578947368
"1663","uncleaned",2.26842105263158
"1664","uncleaned",2.27368421052632
"1665","uncleaned",1.25789473684211
"1666","uncleaned",2.40526315789474
"1667","uncleaned",2.65263157894737
"1668","uncleaned",1.08947368421053
"1669","uncleaned",2.56842105263158
"1670","uncleaned",3.15789473684211
"1671","uncleaned",0.168421052631579
"1672","uncleaned",2.03157894736842
"1673","uncleaned",1.92631578947368
"1674","uncleaned",2.77894736842105
"1675","uncleaned",2.51578947368421
"1676","uncleaned",1.75789473684211
"1677","uncleaned",1.91052631578947
"1678","uncleaned",2.03157894736842
"1679","uncleaned",1.18947368421053
"1680","uncleaned",2.19473684210526
"1681","uncleaned",1.78421052631579
"1682","uncleaned",2.01578947368421
"1683","uncleaned",1.61578947368421
"1684","uncleaned",2.92105263157895
"1685","uncleaned",1.34210526315789
"1686","uncleaned",2.14210526315789
"1687","uncleaned",2.22631578947368
"1688","uncleaned",1.83157894736842
"1689","uncleaned",1.28421052631579
"1690","uncleaned",1.05263157894737
"1691","uncleaned",1.31578947368421
"1692","uncleaned",2.04736842105263
"1693","uncleaned",2.46842105263158
"1694","uncleaned",0.857894736842105
"1695","uncleaned",2.04736842105263
"1696","uncleaned",1.76315789473684
"1697","uncleaned",2.15789473684211
"1698","uncleaned",2.43157894736842
"1699","uncleaned",1.15789473684211
"1700","uncleaned",2.19473684210526
"1701","uncleaned",1.95263157894737
"1702","uncleaned",1.51052631578947
"1703","uncleaned",2.64736842105263
"1704","uncleaned",2.27368421052632
"1705","uncleaned",2.56315789473684
"1706","uncleaned",1.60526315789474
"1707","uncleaned",1.73157894736842
"1708","uncleaned",1.93157894736842
"1709","uncleaned",1.66315789473684
"1710","uncleaned",1.87368421052632
"1711","uncleaned",1.54210526315789
"1712","uncleaned",1.83684210526316
"1713","uncleaned",2.50526315789474
"1714","uncleaned",1.6
"1715","uncleaned",1.53157894736842
"1716","uncleaned",1.01578947368421
"1717","uncleaned",1.68421052631579
"1718","uncleaned",2.93157894736842
"1719","uncleaned",1.42105263157895
"1720","uncleaned",1.83157894736842
"1721","uncleaned",1.48421052631579
"1722","uncleaned",1.71578947368421
"1723","uncleaned",1.62105263157895
"1724","uncleaned",0.873684210526316
"1725","uncleaned",2.25263157894737
"1726","uncleaned",2.4
"1727","uncleaned",1.9
"1728","uncleaned",1.83157894736842
"1729","uncleaned",1.58947368421053
"1730","uncleaned",1.74736842105263
"1731","uncleaned",2.43157894736842
"1732","uncleaned",1.68421052631579
"1733","uncleaned",2.24736842105263
"1734","uncleaned",2.64210526315789
"1735","uncleaned",2.26842105263158
"1736","uncleaned",2.03157894736842
"1737","uncleaned",2.47368421052632
"1738","uncleaned",1.93157894736842
"1739","uncleaned",2.31052631578947
"1740","uncleaned",1.91052631578947
"1741","uncleaned",1.97894736842105
"1742","uncleaned",1.66315789473684
"1743","uncleaned",1.67368421052632
"1744","uncleaned",2.56315789473684
"1745","uncleaned",2.00526315789474
"1746","uncleaned",2.08947368421053
"1747","uncleaned",2.18421052631579
"1748","uncleaned",0.768421052631579
"1749","uncleaned",3.04210526315789
"1750","uncleaned",1.54210526315789
"1751","uncleaned",2.09473684210526
"1752","uncleaned",1.64736842105263
"1753","uncleaned",1.30526315789474
"1754","uncleaned",1.79473684210526
"1755","uncleaned",2.21578947368421
"1756","uncleaned",1.16315789473684
"1757","uncleaned",1.88421052631579
"1758","uncleaned",1.68421052631579
"1759","uncleaned",1.47368421052632
"1760","uncleaned",1.42631578947368
"1761","uncleaned",1.47368421052632
"1762","uncleaned",1.29473684210526
"1763","uncleaned",1.23684210526316
"1764","uncleaned",0.836842105263158
"1765","uncleaned",1.13684210526316
"1766","uncleaned",2.51578947368421
"1767","uncleaned",1.77894736842105
"1768","uncleaned",1.68947368421053
"1769","uncleaned",2.3
"1770","uncleaned",2.04210526315789
"1771","uncleaned",0.963157894736842
"1772","uncleaned",2.66842105263158
"1773","uncleaned",2.63157894736842
"1774","uncleaned",1.97368421052632
"1775","uncleaned",1.14736842105263
"1776","uncleaned",1.38421052631579
"1777","uncleaned",2.25789473684211
"1778","uncleaned",1.85263157894737
"1779","uncleaned",1.66315789473684
"1780","uncleaned",1.65789473684211
"1781","uncleaned",2.21578947368421
"1782","uncleaned",1.09473684210526
"1783","uncleaned",1.6
"1784","uncleaned",1.86842105263158
"1785","uncleaned",2.31052631578947
"1786","uncleaned",2.12105263157895
"1787","uncleaned",2.73684210526316
"1788","uncleaned",0.626315789473684
"1789","uncleaned",0.689473684210526
"1790","uncleaned",1.86842105263158
"1791","uncleaned",2.18947368421053
"1792","uncleaned",1.93157894736842
"1793","uncleaned",1.22631578947368
"1794","uncleaned",2.27894736842105
"1795","uncleaned",2.42631578947368
"1796","uncleaned",2.67368421052632
"1797","uncleaned",2.13157894736842
"1798","uncleaned",2.28421052631579
"1799","uncleaned",2.11578947368421
"1800","uncleaned",2.6
"1801","uncleaned",1.57894736842105
"1802","uncleaned",1.95789473684211
"1803","uncleaned",2.32631578947368
"1804","uncleaned",1.31578947368421
"1805","uncleaned",2.98947368421053
"1806","uncleaned",2
"1807","uncleaned",2.28947368421053
"1808","uncleaned",0.942105263157895
"1809","uncleaned",1.53157894736842
"1810","uncleaned",1.53684210526316
"1811","uncleaned",2.27368421052632
"1812","uncleaned",1.94210526315789
"1813","uncleaned",2.52631578947368
"1814","uncleaned",1.36315789473684
"1815","uncleaned",2.14736842105263
"1816","uncleaned",1.54736842105263
"1817","uncleaned",2.44210526315789
"1818","uncleaned",0.615789473684211
"1819","uncleaned",1.75789473684211
"1820","uncleaned",2.43157894736842
"1821","uncleaned",2.17894736842105
"1822","uncleaned",1.94736842105263
"1823","uncleaned",2.34210526315789
"1824","uncleaned",2.06842105263158
"1825","uncleaned",1.11052631578947
"1826","uncleaned",2.01052631578947
"1827","uncleaned",1.96842105263158
"1828","uncleaned",0.826315789473684
"1829","uncleaned",1.59473684210526
"1830","uncleaned",1.35789473684211
"1831","uncleaned",1.23684210526316
"1832","uncleaned",3.24736842105263
"1833","uncleaned",2.47894736842105
"1834","uncleaned",1.95263157894737
"1835","uncleaned",1.95263157894737
"1836","uncleaned",1.86842105263158
"1837","uncleaned",2.56842105263158
"1838","uncleaned",1.09473684210526
"1839","uncleaned",0.742105263157895
"1840","uncleaned",2
"1841","uncleaned",1.96315789473684
"1842","uncleaned",1.62105263157895
"1843","uncleaned",2.60526315789474
"1844","uncleaned",2.26842105263158
"1845","uncleaned",0.752631578947368
"1846","uncleaned",2.17894736842105
"1847","uncleaned",1.76315789473684
"1848","uncleaned",2.78421052631579
"1849","uncleaned",2.21052631578947
"1850","uncleaned",1.39473684210526
"1851","uncleaned",1.45789473684211
"1852","uncleaned",2.64210526315789
"1853","uncleaned",1.98947368421053
"1854","uncleaned",1.9
"1855","uncleaned",1.46842105263158
"1856","uncleaned",2.65789473684211
"1857","uncleaned",2.37368421052632
"1858","uncleaned",1.58421052631579
"1859","uncleaned",1.32105263157895
"1860","uncleaned",2.49473684210526
"1861","uncleaned",1.78421052631579
"1862","uncleaned",1.88947368421053
"1863","uncleaned",1.06315789473684
"1864","uncleaned",1.07368421052632
"1865","uncleaned",1.27894736842105
"1866","uncleaned",2.12105263157895
"1867","uncleaned",1.69473684210526
"1868","uncleaned",0.552631578947368
"1869","uncleaned",1.63684210526316
"1870","uncleaned",1.81052631578947
"1871","uncleaned",1.53684210526316
"1872","uncleaned",2.07368421052632
"1873","uncleaned",2.34736842105263
"1874","uncleaned",2.54736842105263
"1875","uncleaned",1.38421052631579
"1876","uncleaned",2.32631578947368
"1877","uncleaned",1.81578947368421
"1878","uncleaned",2.17894736842105
"1879","uncleaned",2.2
"1880","uncleaned",1.03157894736842
"1881","uncleaned",2.41052631578947
"1882","uncleaned",1.29473684210526
"1883","uncleaned",1.56842105263158
"1884","uncleaned",1.03157894736842
"1885","uncleaned",2.39473684210526
"1886","uncleaned",1.45263157894737
"1887","uncleaned",1.09473684210526
"1888","uncleaned",2.55263157894737
"1889","uncleaned",1.18421052631579
"1890","uncleaned",1.95789473684211
"1891","uncleaned",2.85263157894737
"1892","uncleaned",1.03157894736842
"1893","uncleaned",1.02631578947368
"1894","uncleaned",1.79473684210526
"1895","uncleaned",2.38947368421053
"1896","uncleaned",1.32631578947368
"1897","uncleaned",1.63157894736842
"1898","uncleaned",2.35789473684211
"1899","uncleaned",2.04210526315789
"1900","uncleaned",2.47368421052632
"1901","uncleaned",1.39473684210526
"1902","uncleaned",1.67894736842105
"1903","uncleaned",1.92105263157895
"1904","uncleaned",1.43157894736842
"1905","uncleaned",2.05263157894737
"1906","uncleaned",2.29473684210526
"1907","uncleaned",2.63684210526316
"1908","uncleaned",2.11052631578947
"1909","uncleaned",1.58421052631579
"1910","uncleaned",2.95789473684211
"1911","uncleaned",1.61052631578947
"1912","uncleaned",1.83684210526316
"1913","uncleaned",2.66842105263158
"1914","uncleaned",2.4
"1915","uncleaned",2.1
"1916","uncleaned",1.14736842105263
"1917","uncleaned",1.8
"1918","uncleaned",2.64210526315789
"1919","uncleaned",0.978947368421053
"1920","uncleaned",1.63157894736842
"1921","uncleaned",1.78947368421053
"1922","uncleaned",1.21052631578947
"1923","uncleaned",2.15263157894737
"1924","uncleaned",1.73684210526316
"1925","uncleaned",2.71052631578947
"1926","uncleaned",1.72105263157895
"1927","uncleaned",1.59473684210526
"1928","uncleaned",2.91578947368421
"1929","uncleaned",1.84736842105263
"1930","uncleaned",2.46842105263158
"1931","uncleaned",1.16315789473684
"1932","uncleaned",2.23684210526316
"1933","uncleaned",1.82631578947368
"1934","uncleaned",1.00526315789474
"1935","uncleaned",1.46842105263158
"1936","uncleaned",1.98947368421053
"1937","uncleaned",2.00526315789474
"1938","uncleaned",1.85263157894737
"1939","uncleaned",1.14210526315789
"1940","uncleaned",2.02631578947368
"1941","uncleaned",2.25263157894737
"1942","uncleaned",2.28947368421053
"1943","uncleaned",0.547368421052632
"1944","uncleaned",1.25263157894737
"1945","uncleaned",2.21578947368421
"1946","uncleaned",2.91052631578947
"1947","uncleaned",1.54210526315789
"1948","uncleaned",1.30526315789474
"1949","uncleaned",2.16315789473684
"1950","uncleaned",2.37368421052632
"1951","uncleaned",1.78421052631579
"1952","uncleaned",2.72631578947368
"1953","uncleaned",2.26842105263158
"1954","uncleaned",2.64736842105263
"1955","uncleaned",2.14736842105263
"1956","uncleaned",2.22105263157895
"1957","uncleaned",1.86842105263158
"1958","uncleaned",1.18947368421053
"1959","uncleaned",1.74736842105263
"1960","uncleaned",2.12105263157895
"1961","uncleaned",1.35789473684211
"1962","uncleaned",1.98947368421053
"1963","uncleaned",1.86315789473684
"1964","uncleaned",1.32105263157895
"1965","uncleaned",2.50526315789474
"1966","uncleaned",1.5
"1967","uncleaned",1.74210526315789
"1968","uncleaned",2.66842105263158
"1969","uncleaned",1.67368421052632
"1970","uncleaned",1.56842105263158
"1971","uncleaned",1.48947368421053
"1972","uncleaned",1.56315789473684
"1973","uncleaned",2
"1974","uncleaned",2.38947368421053
"1975","uncleaned",2.35263157894737
"1976","uncleaned",2.2
"1977","uncleaned",2.93157894736842
"1978","uncleaned",2.29473684210526
"1979","uncleaned",1.99473684210526
"1980","uncleaned",2.53684210526316
"1981","uncleaned",2.2
"1982","uncleaned",1.46315789473684
"1983","uncleaned",1.48947368421053
"1984","uncleaned",1.4
"1985","uncleaned",1.64210526315789
"1986","uncleaned",1.63684210526316
"1987","uncleaned",2.54736842105263
"1988","uncleaned",1.81578947368421
"1989","uncleaned",1.72631578947368
"1990","uncleaned",1.58947368421053
"1991","uncleaned",1.73157894736842
"1992","uncleaned",1.64736842105263
"1993","uncleaned",1.35789473684211
"1994","uncleaned",1.81578947368421
"1995","uncleaned",1.02105263157895
"1996","uncleaned",2.09473684210526
"1997","uncleaned",1.41052631578947
"1998","uncleaned",2.05789473684211
"1999","uncleaned",1.36842105263158
"2000","uncleaned",2.07368421052632
"2001","uncleaned",1.17368421052632
"2002","uncleaned",1.42631578947368
"2003","uncleaned",3.26842105263158
"2004","uncleaned",2.65263157894737
"2005","uncleaned",1.66842105263158
"2006","uncleaned",1.83157894736842
"2007","uncleaned",1.54210526315789
"2008","uncleaned",2.08421052631579
"2009","uncleaned",2.33157894736842
"2010","uncleaned",2.75263157894737
"2011","uncleaned",3.02105263157895
"2012","uncleaned",1.84736842105263
"2013","uncleaned",0.205263157894737
"2014","uncleaned",1.25789473684211
"2015","uncleaned",1.08947368421053
"2016","uncleaned",0.315789473684211
"2017","uncleaned",1.87894736842105
"2018","uncleaned",1.41052631578947
"2019","uncleaned",1.51578947368421
"2020","uncleaned",1.36315789473684
"2021","uncleaned",1.92105263157895
"2022","uncleaned",1.77894736842105
"2023","uncleaned",1.8
"2024","uncleaned",2.07894736842105
"2025","uncleaned",2.25789473684211
"2026","uncleaned",2.84210526315789
"2027","uncleaned",1.17894736842105
"2028","uncleaned",2.43684210526316
"2029","uncleaned",1.74736842105263
"2030","uncleaned",1.03157894736842
"2031","uncleaned",1.94210526315789
"2032","uncleaned",1.06842105263158
"2033","uncleaned",1.52631578947368
"2034","uncleaned",1.53157894736842
"2035","uncleaned",1.13684210526316
"2036","uncleaned",2.07894736842105
"2037","uncleaned",2.49473684210526
"2038","uncleaned",1.86315789473684
"2039","uncleaned",2.20526315789474
"2040","uncleaned",1.49473684210526
"2041","uncleaned",2.21578947368421
"2042","uncleaned",1.76315789473684
"2043","uncleaned",2.67368421052632
"2044","uncleaned",2.23157894736842
"2045","uncleaned",1.75263157894737
"2046","uncleaned",0.921052631578947
"2047","uncleaned",1.8
"2048","uncleaned",1.04210526315789
"2049","uncleaned",2.58421052631579
"2050","uncleaned",1.70526315789474
"2051","uncleaned",2.34210526315789
"2052","uncleaned",2.54736842105263
"2053","uncleaned",1.38947368421053
"2054","uncleaned",1.55263157894737
"2055","uncleaned",0.910526315789474
"2056","uncleaned",1.10526315789474
"2057","uncleaned",1.44210526315789
"2058","uncleaned",1.55263157894737
"2059","uncleaned",1.08421052631579
"2060","uncleaned",1.96315789473684
"2061","uncleaned",2.23684210526316
"2062","uncleaned",1.08947368421053
"2063","uncleaned",2.32105263157895
"2064","uncleaned",1.83157894736842
"2065","uncleaned",1.93684210526316
"2066","uncleaned",2.85263157894737
"2067","uncleaned",1.81052631578947
"2068","uncleaned",1.62631578947368
"2069","uncleaned",2.38421052631579
"2070","uncleaned",2.24210526315789
"2071","uncleaned",1.6
"2072","uncleaned",1.88421052631579
"2073","uncleaned",1.84210526315789
"2074","uncleaned",1.53684210526316
"2075","uncleaned",2.27368421052632
"2076","uncleaned",2.22105263157895
"2077","uncleaned",1.78947368421053
"2078","uncleaned",2.13157894736842
"2079","uncleaned",1.40526315789474
"2080","uncleaned",1.2
"2081","uncleaned",1.98421052631579
"2082","uncleaned",1.34736842105263
"2083","uncleaned",1.75263157894737
"2084","uncleaned",1.92105263157895
"2085","uncleaned",1.92631578947368
"2086","uncleaned",2.21052631578947
"2087","uncleaned",1.93684210526316
"2088","uncleaned",1.84736842105263
"2089","uncleaned",1.45789473684211
"2090","uncleaned",1.38421052631579
"2091","uncleaned",1.47368421052632
"2092","uncleaned",1.81052631578947
"2093","uncleaned",1.12631578947368
"2094","uncleaned",2.64210526315789
"2095","uncleaned",1.76315789473684
"2096","uncleaned",2.48947368421053
"2097","uncleaned",1.91578947368421
"2098","uncleaned",2.27368421052632
"2099","uncleaned",1.45789473684211
"2100","uncleaned",1.61578947368421
"2101","uncleaned",1.23157894736842
"2102","uncleaned",2.62105263157895
"2103","uncleaned",2.68421052631579
"2104","uncleaned",2.14210526315789
"2105","uncleaned",1.91578947368421
"2106","uncleaned",2.18421052631579
"2107","uncleaned",1.45789473684211
"2108","uncleaned",1.86315789473684
"2109","uncleaned",1.74210526315789
"2110","uncleaned",1.71578947368421
"2111","uncleaned",3.2
"2112","uncleaned",1.71578947368421
"2113","uncleaned",1.44210526315789
"2114","uncleaned",2.18947368421053
"2115","uncleaned",1.76842105263158
"2116","uncleaned",3.02631578947368
"2117","uncleaned",1.94210526315789
"2118","uncleaned",2.06842105263158
"2119","uncleaned",1.92631578947368
"2120","uncleaned",1.27368421052632
"2121","uncleaned",1.95789473684211
"2122","uncleaned",1.76315789473684
"2123","uncleaned",2.06842105263158
"2124","uncleaned",1.46315789473684
"2125","uncleaned",0.652631578947368
"2126","uncleaned",0.952631578947368
"2127","uncleaned",2.77368421052632
"2128","uncleaned",2.33684210526316
"2129","uncleaned",1.78947368421053
"2130","uncleaned",1.48421052631579
"2131","uncleaned",1.24736842105263
"2132","uncleaned",1.13157894736842
"2133","uncleaned",0.831578947368421
"2134","uncleaned",2.56842105263158
"2135","uncleaned",1.43157894736842
"2136","uncleaned",1.64210526315789
"2137","uncleaned",2.52105263157895
"2138","uncleaned",2.47368421052632
"2139","uncleaned",1.53157894736842
"2140","uncleaned",2.54210526315789
"2141","uncleaned",2.6
"2142","uncleaned",1.32105263157895
"2143","uncleaned",2.6
"2144","uncleaned",1.31578947368421
"2145","uncleaned",2.08421052631579
"2146","uncleaned",1.65789473684211
"2147","uncleaned",2.92105263157895
"2148","uncleaned",2.02631578947368
"2149","uncleaned",1.61578947368421
"2150","uncleaned",1.44736842105263
"2151","uncleaned",2.06842105263158
"2152","uncleaned",1.84736842105263
"2153","uncleaned",1.57368421052632
"2154","uncleaned",2.48947368421053
"2155","uncleaned",0.405263157894737
"2156","uncleaned",1.26315789473684
"2157","uncleaned",2.47894736842105
"2158","uncleaned",2.44210526315789
"2159","uncleaned",2.14210526315789
"2160","uncleaned",1.21052631578947
"2161","uncleaned",1.43684210526316
"2162","uncleaned",1.86842105263158
"2163","uncleaned",1.90526315789474
"2164","uncleaned",1.52631578947368
"2165","uncleaned",1.93684210526316
"2166","uncleaned",1.9
"2167","uncleaned",0.952631578947368
"2168","uncleaned",1.89473684210526
"2169","uncleaned",1.01052631578947
"2170","uncleaned",2.19473684210526
"2171","uncleaned",1.52105263157895
"2172","uncleaned",2.64210526315789
"2173","uncleaned",1.10526315789474
"2174","uncleaned",2.03684210526316
"2175","uncleaned",1.19473684210526
"2176","uncleaned",2.00526315789474
"2177","uncleaned",2.38947368421053
"2178","uncleaned",2.58421052631579
"2179","uncleaned",2.20526315789474
"2180","uncleaned",1.90526315789474
"2181","uncleaned",0.842105263157895
"2182","uncleaned",1.31052631578947
"2183","uncleaned",1.91578947368421
"2184","uncleaned",2.15263157894737
"2185","uncleaned",2.88947368421053
"2186","uncleaned",2.90526315789474
"2187","uncleaned",2.04736842105263
"2188","uncleaned",2.15263157894737
"2189","uncleaned",1.45263157894737
"2190","uncleaned",2.58421052631579
"2191","uncleaned",2.08947368421053
"2192","uncleaned",2.35263157894737
"2193","uncleaned",2.47368421052632
"2194","uncleaned",2.07894736842105
"2195","uncleaned",2.04736842105263
"2196","uncleaned",1.03684210526316
"2197","uncleaned",2.3
"2198","uncleaned",1.44210526315789
"2199","uncleaned",1.30526315789474
"2200","uncleaned",1.67894736842105
"2201","uncleaned",1.05263157894737
"2202","uncleaned",2.26315789473684
"2203","uncleaned",2.05263157894737
"2204","uncleaned",1.71052631578947
"2205","uncleaned",2.08421052631579
"2206","uncleaned",1.22631578947368
"2207","uncleaned",1.71052631578947
"2208","uncleaned",2.17894736842105
"2209","uncleaned",3.01578947368421
"2210","uncleaned",1.95263157894737
"2211","uncleaned",1.79473684210526
"2212","uncleaned",2.25789473684211
"2213","uncleaned",2.48421052631579
"2214","uncleaned",2.4
"2215","uncleaned",1.54736842105263
"2216","uncleaned",2.00526315789474
"2217","uncleaned",1.15789473684211
"2218","uncleaned",2.21052631578947
"2219","uncleaned",1.25789473684211
"2220","uncleaned",1.62105263157895
"2221","uncleaned",1.61578947368421
"2222","uncleaned",1.24736842105263
"2223","uncleaned",2
"2224","uncleaned",1.85789473684211
"2225","uncleaned",2.09473684210526
"2226","uncleaned",1.55789473684211
"2227","uncleaned",1.97368421052632
"2228","uncleaned",1.73684210526316
"2229","uncleaned",1.29473684210526
"2230","uncleaned",1.55263157894737
"2231","uncleaned",1.93684210526316
"2232","uncleaned",2.14736842105263
"2233","uncleaned",0.942105263157895
"2234","uncleaned",2.77368421052632
"2235","uncleaned",1.32105263157895
"2236","uncleaned",2.47894736842105
"2237","uncleaned",1.93157894736842
"2238","uncleaned",2.12105263157895
"2239","uncleaned",2.92105263157895
"2240","uncleaned",1.46315789473684
"2241","uncleaned",2.07894736842105
"2242","uncleaned",1.37368421052632
"2243","uncleaned",0.910526315789474
"2244","uncleaned",2.09473684210526
"2245","uncleaned",2.16842105263158
"2246","uncleaned",2.06315789473684
"2247","uncleaned",2.18947368421053
"2248","uncleaned",2.72105263157895
"2249","uncleaned",1.47368421052632
"2250","uncleaned",1.53157894736842
"2251","uncleaned",2.23157894736842
"2252","uncleaned",1.78421052631579
"2253","uncleaned",2.35789473684211
"2254","uncleaned",2.18421052631579
"2255","uncleaned",2.22105263157895
"2256","uncleaned",1.95789473684211
"2257","uncleaned",2.53157894736842
"2258","uncleaned",2.01578947368421
"2259","uncleaned",1.52105263157895
"2260","uncleaned",2.6
"2261","uncleaned",2.05789473684211
"2262","uncleaned",2.22631578947368
"2263","uncleaned",1.13157894736842
"2264","uncleaned",1.17894736842105
"2265","uncleaned",1.67894736842105
"2266","uncleaned",2.16842105263158
"2267","uncleaned",2.75263157894737
"2268","uncleaned",1.98421052631579
"2269","uncleaned",2.41578947368421
"2270","uncleaned",1.94736842105263
"2271","uncleaned",0.8
"2272","uncleaned",1.54736842105263
"2273","uncleaned",1.50526315789474
"2274","uncleaned",1.53684210526316
"2275","uncleaned",1.80526315789474
"2276","uncleaned",1.31052631578947
"2277","uncleaned",1.2
"2278","uncleaned",2.4
"2279","uncleaned",1.65789473684211
"2280","uncleaned",1.66315789473684
"2281","uncleaned",1.53684210526316
"2282","uncleaned",1.53157894736842
"2283","uncleaned",1.23157894736842
"2284","uncleaned",1.87368421052632
"2285","uncleaned",1.36842105263158
"2286","uncleaned",1.71578947368421
"2287","uncleaned",1.57894736842105
"2288","uncleaned",2.12105263157895
"2289","uncleaned",1.14736842105263
"2290","uncleaned",1.92631578947368
"2291","uncleaned",1.58947368421053
"2292","uncleaned",2.02631578947368
"2293","uncleaned",1.64736842105263
"2294","uncleaned",2.26315789473684
"2295","uncleaned",1.56842105263158
"2296","uncleaned",1.62631578947368
"2297","uncleaned",2.31578947368421
"2298","uncleaned",1.98947368421053
"2299","uncleaned",1.32105263157895
"2300","uncleaned",1.61052631578947
"2301","uncleaned",2.73157894736842
"2302","uncleaned",2.31052631578947
"2303","uncleaned",1.96842105263158
"2304","uncleaned",2.54210526315789
"2305","uncleaned",1.88947368421053
"2306","uncleaned",2.12631578947368
"2307","uncleaned",2.13684210526316
"2308","uncleaned",1.73684210526316
"2309","uncleaned",0.742105263157895
"2310","uncleaned",2.13157894736842
"2311","uncleaned",2.27368421052632
"2312","uncleaned",1.62631578947368
"2313","uncleaned",2.16315789473684
"2314","uncleaned",1.51578947368421
"2315","uncleaned",2.04210526315789
"2316","uncleaned",2.37368421052632
"2317","uncleaned",2.06842105263158
"2318","uncleaned",1.68421052631579
"2319","uncleaned",1.56315789473684
"2320","uncleaned",0.942105263157895
"2321","uncleaned",2.03684210526316
"2322","uncleaned",3.36315789473684
"2323","uncleaned",2.05789473684211
"2324","uncleaned",1.84736842105263
"2325","uncleaned",1.94210526315789
"2326","uncleaned",1.84210526315789
"2327","uncleaned",1.30526315789474
"2328","uncleaned",0.405263157894737
"2329","uncleaned",1.8
"2330","uncleaned",2.32105263157895
"2331","uncleaned",2.00526315789474
"2332","uncleaned",1.47894736842105
"2333","uncleaned",1.01052631578947
"2334","uncleaned",1.74736842105263
"2335","uncleaned",2.78947368421053
"2336","uncleaned",2.04210526315789
"2337","uncleaned",2.73684210526316
"2338","uncleaned",2.46842105263158
"2339","uncleaned",0.805263157894737
"2340","uncleaned",2.55789473684211
"2341","uncleaned",2.19473684210526
"2342","uncleaned",2.48947368421053
"2343","uncleaned",2.10526315789474
"2344","uncleaned",1.04736842105263
"2345","uncleaned",2.46842105263158
"2346","uncleaned",1.81052631578947
"2347","uncleaned",2.8
"2348","uncleaned",2.43684210526316
"2349","uncleaned",2.02105263157895
"2350","uncleaned",1.85789473684211
"2351","uncleaned",3.09473684210526
"2352","uncleaned",1.65263157894737
"2353","uncleaned",1.37368421052632
"2354","uncleaned",1.85263157894737
"2355","uncleaned",1.11052631578947
"2356","uncleaned",1.5
"2357","uncleaned",2.05789473684211
"2358","uncleaned",1.82105263157895
"2359","uncleaned",2.78421052631579
"2360","uncleaned",1.74210526315789
"2361","uncleaned",3.02631578947368
"2362","uncleaned",1.75263157894737
"2363","uncleaned",1.40526315789474
"2364","uncleaned",2.17894736842105
"2365","uncleaned",1.35263157894737
"2366","uncleaned",1.41052631578947
"2367","uncleaned",1.88947368421053
"2368","uncleaned",2.63157894736842
"2369","uncleaned",1.91052631578947
"2370","uncleaned",1.1
"2371","uncleaned",1.92631578947368
"2372","uncleaned",1.77368421052632
"2373","uncleaned",2.06315789473684
"2374","uncleaned",1.3
"2375","uncleaned",2.36315789473684
"2376","uncleaned",1.84210526315789
"2377","uncleaned",1.86315789473684
"2378","uncleaned",2.12105263157895
"2379","uncleaned",1.77894736842105
"2380","uncleaned",1.64736842105263
"2381","uncleaned",1.77368421052632
"2382","uncleaned",1.18421052631579
"2383","uncleaned",2.09473684210526
"2384","uncleaned",2.52105263157895
"2385","uncleaned",1.37894736842105
"2386","uncleaned",1.18421052631579
"2387","uncleaned",0.852631578947368
"2388","uncleaned",1.97894736842105
"2389","uncleaned",1.10526315789474
"2390","uncleaned",0.826315789473684
"2391","uncleaned",1.75789473684211
"2392","uncleaned",1.68421052631579
"2393","uncleaned",1.14736842105263
"2394","uncleaned",1.37368421052632
"2395","uncleaned",1.88947368421053
"2396","uncleaned",0.831578947368421
"2397","uncleaned",2.58947368421053
"2398","uncleaned",2.39473684210526
"2399","uncleaned",2.1
"2400","uncleaned",2.58421052631579
"2401","uncleaned",0.963157894736842
"2402","uncleaned",1.43684210526316
"2403","uncleaned",2.04210526315789
"2404","uncleaned",1.29473684210526
"2405","uncleaned",3.02631578947368
"2406","uncleaned",0.947368421052632
"2407","uncleaned",2.12105263157895
"2408","uncleaned",3.10526315789474
"2409","uncleaned",1.51578947368421
"2410","uncleaned",1.51578947368421
"2411","uncleaned",2.11578947368421
"2412","uncleaned",2.08421052631579
"2413","uncleaned",1.58421052631579
"2414","uncleaned",1.54736842105263
"2415","uncleaned",1.35789473684211
"2416","uncleaned",2.1
"2417","uncleaned",2.34210526315789
"2418","uncleaned",2.36842105263158
"2419","uncleaned",1.91052631578947
"2420","uncleaned",1.85789473684211
"2421","uncleaned",1.44210526315789
"2422","uncleaned",2.44736842105263
"2423","uncleaned",2.6
"2424","uncleaned",2.4
"2425","uncleaned",1.71052631578947
"2426","uncleaned",2.41578947368421
"2427","uncleaned",2.38947368421053
"2428","uncleaned",1.54210526315789
"2429","uncleaned",1.7
"2430","uncleaned",0.568421052631579
"2431","uncleaned",1.62105263157895
"2432","uncleaned",3.28421052631579
"2433","uncleaned",2.31578947368421
"2434","uncleaned",1.67368421052632
"2435","uncleaned",3.1
"2436","uncleaned",1.92105263157895
"2437","uncleaned",2.08947368421053
"2438","uncleaned",2.03157894736842
"2439","uncleaned",2.27368421052632
"2440","uncleaned",1.86315789473684
"2441","uncleaned",2.33684210526316
"2442","uncleaned",2.02105263157895
"2443","uncleaned",1.93684210526316
"2444","uncleaned",2.07368421052632
"2445","uncleaned",1.04210526315789
"2446","uncleaned",1.32105263157895
"2447","uncleaned",1.52631578947368
"2448","uncleaned",1.96315789473684
"2449","uncleaned",1.19473684210526
"2450","uncleaned",2.44210526315789
"2451","uncleaned",1.46315789473684
"2452","uncleaned",2.46315789473684
"2453","uncleaned",1.52105263157895
"2454","uncleaned",2.47894736842105
"2455","uncleaned",0.705263157894737
"2456","uncleaned",1.71578947368421
"2457","uncleaned",1.78947368421053
"2458","uncleaned",2.16842105263158
"2459","uncleaned",1.98947368421053
"2460","uncleaned",2.24210526315789
"2461","uncleaned",2.30526315789474
"2462","uncleaned",1.01578947368421
"2463","uncleaned",1.47368421052632
"2464","uncleaned",0.715789473684211
"2465","uncleaned",2.02105263157895
"2466","uncleaned",1.64210526315789
"2467","uncleaned",1.96315789473684
"2468","uncleaned",1.38947368421053
"2469","uncleaned",1.32105263157895
"2470","uncleaned",1.28421052631579
"2471","uncleaned",2.21052631578947
"2472","uncleaned",2.97894736842105
"2473","uncleaned",0.989473684210526
"2474","uncleaned",2.02105263157895
"2475","uncleaned",1.30526315789474
"2476","uncleaned",2.11052631578947
"2477","uncleaned",1.82105263157895
"2478","uncleaned",0.994736842105263
"2479","uncleaned",2.66315789473684
"2480","uncleaned",1.5
"2481","uncleaned",2.54210526315789
"2482","uncleaned",1.15263157894737
"2483","uncleaned",1.88421052631579
"2484","uncleaned",1.74736842105263
"2485","uncleaned",1.26842105263158
"2486","uncleaned",1.65789473684211
"2487","uncleaned",1.54210526315789
"2488","uncleaned",1.28421052631579
"2489","uncleaned",2.34210526315789
"2490","uncleaned",2.64210526315789
"2491","uncleaned",2.74210526315789
"2492","uncleaned",2.24210526315789
"2493","uncleaned",2.11578947368421
"2494","uncleaned",2.68947368421053
"2495","uncleaned",1.97894736842105
"2496","uncleaned",1.87894736842105
"2497","uncleaned",2.46315789473684
"2498","uncleaned",1.36842105263158
"2499","uncleaned",1.77894736842105
"2500","uncleaned",1.26315789473684
"2501","uncleaned",2.04736842105263
"2502","uncleaned",1.58421052631579
"2503","uncleaned",1.61578947368421
"2504","uncleaned",1.82105263157895
"2505","uncleaned",0.815789473684211
"2506","uncleaned",1.87368421052632
"2507","uncleaned",1.93157894736842
"2508","uncleaned",2.13157894736842
"2509","uncleaned",1.73684210526316
"2510","uncleaned",1.58947368421053
"2511","uncleaned",2.91052631578947
"2512","uncleaned",1.45263157894737
"2513","uncleaned",2.14736842105263
"2514","uncleaned",1.40526315789474
"2515","uncleaned",2.36315789473684
"2516","uncleaned",1.81578947368421
"2517","uncleaned",2.26842105263158
"2518","uncleaned",1.68421052631579
"2519","uncleaned",1.78421052631579
"2520","uncleaned",2.48947368421053
"2521","uncleaned",0.963157894736842
"2522","uncleaned",1.46315789473684
"2523","uncleaned",2.04210526315789
"2524","uncleaned",1.46315789473684
"2525","uncleaned",1.83157894736842
"2526","uncleaned",2.37368421052632
"2527","uncleaned",1.59473684210526
"2528","uncleaned",1.72631578947368
"2529","uncleaned",1.12631578947368
"2530","uncleaned",0.810526315789474
"2531","uncleaned",1.3
"2532","uncleaned",2.58947368421053
"2533","uncleaned",1.75789473684211
"2534","uncleaned",2.21052631578947
"2535","uncleaned",1.01578947368421
"2536","uncleaned",2.02631578947368
"2537","uncleaned",1.64736842105263
"2538","uncleaned",2.27368421052632
"2539","uncleaned",2.38947368421053
"2540","uncleaned",2.18947368421053
"2541","uncleaned",2.85263157894737
"2542","uncleaned",2.84736842105263
"2543","uncleaned",1.47368421052632
"2544","uncleaned",2.61052631578947
"2545","uncleaned",1.67368421052632
"2546","uncleaned",1.89473684210526
"2547","uncleaned",1.43684210526316
"2548","uncleaned",2.15789473684211
"2549","uncleaned",3.11052631578947
"2550","uncleaned",2.83684210526316
"2551","uncleaned",2.58421052631579
"2552","uncleaned",1.98421052631579
"2553","uncleaned",2.21052631578947
"2554","uncleaned",1.37368421052632
"2555","uncleaned",2.82105263157895
"2556","uncleaned",1.68421052631579
"2557","uncleaned",2.32105263157895
"2558","uncleaned",2.02631578947368
"2559","uncleaned",1.96315789473684
"2560","uncleaned",1.50526315789474
"2561","uncleaned",2.77368421052632
"2562","uncleaned",1.6
"2563","uncleaned",2.54736842105263
"2564","uncleaned",3.10526315789474
"2565","uncleaned",0.842105263157895
"2566","uncleaned",2.26842105263158
"2567","uncleaned",2.63684210526316
"2568","uncleaned",1.54210526315789
"2569","uncleaned",2.13684210526316
"2570","uncleaned",2.64210526315789
"2571","uncleaned",1.65263157894737
"2572","uncleaned",1.57368421052632
"2573","uncleaned",1.36842105263158
"2574","uncleaned",1.57368421052632
"2575","uncleaned",1.5
"2576","uncleaned",1.86842105263158
"2577","uncleaned",2.43157894736842
"2578","uncleaned",2.06315789473684
"2579","uncleaned",2.10526315789474
"2580","uncleaned",2.24210526315789
"2581","uncleaned",1.1
"2582","uncleaned",0.910526315789474
"2583","uncleaned",1.76842105263158
"2584","uncleaned",0.221052631578947
"2585","uncleaned",1.15263157894737
"2586","uncleaned",1.52631578947368
"2587","uncleaned",0.531578947368421
"2588","uncleaned",1.42105263157895
"2589","uncleaned",2.24210526315789
"2590","uncleaned",1.06315789473684
"2591","uncleaned",1.66315789473684
"2592","uncleaned",1.81578947368421
"2593","uncleaned",1.63684210526316
"2594","uncleaned",3.13157894736842
"2595","uncleaned",1.72105263157895
"2596","uncleaned",1.92105263157895
"2597","uncleaned",3.12631578947368
"2598","uncleaned",1.87894736842105
"2599","uncleaned",0.905263157894737
"2600","uncleaned",1.53684210526316
"2601","uncleaned",1.70526315789474
"2602","uncleaned",1.49473684210526
"2603","uncleaned",1.53684210526316
"2604","uncleaned",1.9
"2605","uncleaned",2.38947368421053
"2606","uncleaned",2.18947368421053
"2607","uncleaned",2.10526315789474
"2608","uncleaned",2.12105263157895
"2609","uncleaned",1.87894736842105
"2610","uncleaned",1.7
"2611","uncleaned",2.16315789473684
"2612","uncleaned",2.32105263157895
"2613","uncleaned",1.42105263157895
"2614","uncleaned",2.5
"2615","uncleaned",1.57894736842105
"2616","uncleaned",1.77894736842105
"2617","uncleaned",2.17894736842105
"2618","uncleaned",1.54210526315789
"2619","uncleaned",2.69473684210526
"2620","uncleaned",2.27894736842105
"2621","uncleaned",1.06315789473684
"2622","uncleaned",1.66842105263158
"2623","uncleaned",2.36315789473684
"2624","uncleaned",0.721052631578947
"2625","uncleaned",1.94736842105263
"2626","uncleaned",1.82105263157895
"2627","uncleaned",1.89473684210526
"2628","uncleaned",1.52631578947368
"2629","uncleaned",2.18947368421053
"2630","uncleaned",1.95263157894737
"2631","uncleaned",1.88421052631579
"2632","uncleaned",1.71052631578947
"2633","uncleaned",2.12105263157895
"2634","uncleaned",1.76842105263158
"2635","uncleaned",1.21578947368421
"2636","uncleaned",1.58947368421053
"2637","uncleaned",2.63684210526316
"2638","uncleaned",1.87894736842105
"2639","uncleaned",0.652631578947368
"2640","uncleaned",2.50526315789474
"2641","uncleaned",1.70526315789474
"2642","uncleaned",0.442105263157895
"2643","uncleaned",2.37894736842105
"2644","uncleaned",2.16315789473684
"2645","uncleaned",2.47894736842105
"2646","uncleaned",1.9
"2647","uncleaned",2.35263157894737
"2648","uncleaned",1.86842105263158
"2649","uncleaned",1.74736842105263
"2650","uncleaned",1.7
"2651","uncleaned",1.58947368421053
"2652","uncleaned",1.7
"2653","uncleaned",2.11052631578947
"2654","uncleaned",1.8
"2655","uncleaned",2.95789473684211
"2656","uncleaned",1.84736842105263
"2657","uncleaned",2.33684210526316
"2658","uncleaned",2.61052631578947
"2659","uncleaned",2.44210526315789
"2660","uncleaned",1.51052631578947
"2661","uncleaned",1.75789473684211
"2662","uncleaned",2.63157894736842
"2663","uncleaned",1.75263157894737
"2664","uncleaned",1.02631578947368
"2665","uncleaned",1.73684210526316
"2666","uncleaned",2.03157894736842
"2667","uncleaned",1.67368421052632
"2668","uncleaned",2.54210526315789
"2669","uncleaned",1.7
"2670","uncleaned",1.31578947368421
"2671","uncleaned",1.65789473684211
"2672","uncleaned",2.04736842105263
"2673","uncleaned",2.61578947368421
"2674","uncleaned",1.87894736842105
"2675","uncleaned",2.11578947368421
"2676","uncleaned",1.83684210526316
"2677","uncleaned",2.43684210526316
"2678","uncleaned",1.32105263157895
"2679","uncleaned",1.45263157894737
"2680","uncleaned",2.65789473684211
"2681","uncleaned",2.64736842105263
"2682","uncleaned",1.98947368421053
"2683","uncleaned",1.81578947368421
"2684","uncleaned",2.66842105263158
"2685","uncleaned",1.64210526315789
"2686","uncleaned",2.24736842105263
"2687","uncleaned",1.94736842105263
"2688","uncleaned",1.55789473684211
"2689","uncleaned",2.94210526315789
"2690","uncleaned",1.69473684210526
"2691","uncleaned",1.28421052631579
"2692","uncleaned",2.08947368421053
"2693","uncleaned",1.83157894736842
"2694","uncleaned",2.34736842105263
"2695","uncleaned",2.14210526315789
"2696","uncleaned",0.768421052631579
"2697","uncleaned",1.17894736842105
"2698","uncleaned",1.85789473684211
"2699","uncleaned",1.35789473684211
"2700","uncleaned",2.03157894736842
"2701","uncleaned",1.61052631578947
"2702","uncleaned",2.32631578947368
"2703","uncleaned",1.87368421052632
"2704","uncleaned",2.2
"2705","uncleaned",1.56315789473684
"2706","uncleaned",0.821052631578947
"2707","uncleaned",1.5
"2708","uncleaned",1.63684210526316
"2709","uncleaned",1.25789473684211
"2710","uncleaned",2.46842105263158
"2711","uncleaned",1.43157894736842
"2712","uncleaned",1.53157894736842
"2713","uncleaned",1.61578947368421
"2714","uncleaned",2.17894736842105
"2715","uncleaned",1.50526315789474
"2716","uncleaned",1.46315789473684
"2717","uncleaned",1.17894736842105
"2718","uncleaned",1.98421052631579
"2719","uncleaned",1.99473684210526
"2720","uncleaned",1.96315789473684
"2721","uncleaned",2.46315789473684
"2722","uncleaned",1.61052631578947
"2723","uncleaned",1.65263157894737
"2724","uncleaned",2.52105263157895
"2725","uncleaned",1.52105263157895
"2726","uncleaned",2.27894736842105
"2727","uncleaned",1.82631578947368
"2728","uncleaned",2.97368421052632
"2729","uncleaned",1.76315789473684
"2730","uncleaned",2.25263157894737
"2731","uncleaned",2.57368421052632
"2732","uncleaned",2.45263157894737
"2733","uncleaned",1.41578947368421
"2734","uncleaned",1.71052631578947
"2735","uncleaned",2.03684210526316
"2736","uncleaned",2.24736842105263
"2737","uncleaned",1.45263157894737
"2738","uncleaned",1.61052631578947
"2739","uncleaned",1.34210526315789
"2740","uncleaned",1.67368421052632
"2741","uncleaned",1.36842105263158
"2742","uncleaned",1.3
"2743","uncleaned",1.68421052631579
"2744","uncleaned",1.39473684210526
"2745","uncleaned",3.17368421052632
"2746","uncleaned",1.22631578947368
"2747","uncleaned",1.76842105263158
"2748","uncleaned",1.56842105263158
"2749","uncleaned",2.46842105263158
"2750","uncleaned",1.73684210526316
"2751","uncleaned",2.22631578947368
"2752","uncleaned",1.22631578947368
"2753","uncleaned",0.694736842105263
"2754","uncleaned",2.20526315789474
"2755","uncleaned",1.82105263157895
"2756","uncleaned",2.15789473684211
"2757","uncleaned",1.62631578947368
"2758","uncleaned",1.84210526315789
"2759","uncleaned",2.06842105263158
"2760","uncleaned",2.57894736842105
"2761","uncleaned",2.00526315789474
"2762","uncleaned",1.85789473684211
"2763","uncleaned",2.08947368421053
"2764","uncleaned",1.41578947368421
"2765","uncleaned",1.73684210526316
"2766","uncleaned",2.40526315789474
"2767","uncleaned",2.68421052631579
"2768","uncleaned",2.53157894736842
"2769","uncleaned",1.86842105263158
"2770","uncleaned",1.31578947368421
"2771","uncleaned",1.94210526315789
"2772","uncleaned",1.36842105263158
"2773","uncleaned",1.64736842105263
"2774","uncleaned",1.73684210526316
"2775","uncleaned",2.46842105263158
"2776","uncleaned",2.38421052631579
"2777","uncleaned",2.55789473684211
"2778","uncleaned",2.20526315789474
"2779","uncleaned",1.82105263157895
"2780","uncleaned",1.05789473684211
"2781","uncleaned",2.65263157894737
"2782","uncleaned",1.17894736842105
"2783","uncleaned",1.50526315789474
"2784","uncleaned",2.06842105263158
"2785","uncleaned",1.44736842105263
"2786","uncleaned",1.72631578947368
"2787","uncleaned",1.33684210526316
"2788","uncleaned",1.25789473684211
"2789","uncleaned",1.98421052631579
"2790","uncleaned",2.08421052631579
"2791","uncleaned",2.84736842105263
"2792","uncleaned",1.41578947368421
"2793","uncleaned",2.01052631578947
"2794","uncleaned",1.51578947368421
"2795","uncleaned",3.21052631578947
"2796","uncleaned",2.68947368421053
"2797","uncleaned",1.51052631578947
"2798","uncleaned",0.978947368421053
"2799","uncleaned",2.32631578947368
"2800","uncleaned",1.70526315789474
"2801","uncleaned",2.61052631578947
"2802","uncleaned",1.97368421052632
"2803","uncleaned",2.85263157894737
"2804","uncleaned",1.61578947368421
"2805","uncleaned",1.71052631578947
"2806","uncleaned",0.884210526315789
"2807","uncleaned",1.73684210526316
"2808","uncleaned",1.88421052631579
"2809","uncleaned",1.74736842105263
"2810","uncleaned",1.72105263157895
"2811","uncleaned",1.84736842105263
"2812","uncleaned",1.62105263157895
"2813","uncleaned",2.45789473684211
"2814","uncleaned",1.74736842105263
"2815","uncleaned",2.65263157894737
"2816","uncleaned",2.43684210526316
"2817","uncleaned",2.42105263157895
"2818","uncleaned",1.18421052631579
"2819","uncleaned",1.55263157894737
"2820","uncleaned",1.66315789473684
"2821","uncleaned",1.46315789473684
"2822","uncleaned",0.626315789473684
"2823","uncleaned",1.98421052631579
"2824","uncleaned",0.926315789473684
"2825","uncleaned",2.20526315789474
"2826","uncleaned",2.10526315789474
"2827","uncleaned",1.79473684210526
"2828","uncleaned",2.05789473684211
"2829","uncleaned",2.21578947368421
"2830","uncleaned",1.58421052631579
"2831","uncleaned",1.13684210526316
"2832","uncleaned",2.33157894736842
"2833","uncleaned",1.15263157894737
"2834","uncleaned",2.05789473684211
"2835","uncleaned",1.08421052631579
"2836","uncleaned",1.23157894736842
"2837","uncleaned",1.35263157894737
"2838","uncleaned",0.484210526315789
"2839","uncleaned",2.26315789473684
"2840","uncleaned",2.08947368421053
"2841","uncleaned",1.80526315789474
"2842","uncleaned",1.43157894736842
"2843","uncleaned",2.74736842105263
"2844","uncleaned",1.84736842105263
"2845","uncleaned",1.86315789473684
"2846","uncleaned",2.05263157894737
"2847","uncleaned",1.20526315789474
"2848","uncleaned",1.26315789473684
"2849","uncleaned",2.13684210526316
"2850","uncleaned",2.38421052631579
"2851","uncleaned",2.37894736842105
"2852","uncleaned",0.842105263157895
"2853","uncleaned",1.95789473684211
"2854","uncleaned",1.91578947368421
"2855","uncleaned",0.394736842105263
"2856","uncleaned",1.71052631578947
"2857","uncleaned",1.84736842105263
"2858","uncleaned",2.29473684210526
"2859","uncleaned",1.50526315789474
"2860","uncleaned",1.17368421052632
"2861","uncleaned",2.13157894736842
"2862","uncleaned",2.55789473684211
"2863","uncleaned",1.71052631578947
"2864","uncleaned",0.926315789473684
"2865","uncleaned",1.87894736842105
"2866","uncleaned",2.31052631578947
"2867","uncleaned",1.96315789473684
"2868","uncleaned",1.04210526315789
"2869","uncleaned",2.00526315789474
"2870","uncleaned",2.16842105263158
"2871","uncleaned",2.38421052631579
"2872","uncleaned",0.521052631578947
"2873","uncleaned",2.06315789473684
"2874","uncleaned",2.06842105263158
"2875","uncleaned",1.06315789473684
"2876","uncleaned",1.64736842105263
"2877","uncleaned",1.61578947368421
"2878","uncleaned",3.25263157894737
"2879","uncleaned",1.09473684210526
"2880","uncleaned",1.76315789473684
"2881","uncleaned",1.81578947368421
"2882","uncleaned",2.12105263157895
"2883","uncleaned",2.42631578947368
"2884","uncleaned",1.47894736842105
"2885","uncleaned",2.57368421052632
"2886","uncleaned",2.05789473684211
"2887","uncleaned",2.14736842105263
"2888","uncleaned",1.72105263157895
"2889","uncleaned",0.768421052631579
"2890","uncleaned",2.22631578947368
"2891","uncleaned",2.61578947368421
"2892","uncleaned",1.10526315789474
"2893","uncleaned",2.31578947368421
"2894","uncleaned",2.07894736842105
"2895","uncleaned",0.631578947368421
"2896","uncleaned",1.78421052631579
"2897","uncleaned",1.76315789473684
"2898","uncleaned",0.705263157894737
"2899","uncleaned",2.68947368421053
"2900","uncleaned",1.25789473684211
"2901","uncleaned",1.54736842105263
"2902","uncleaned",1.91578947368421
"2903","uncleaned",2.14210526315789
"2904","uncleaned",2.23157894736842
"2905","uncleaned",2.78421052631579
"2906","uncleaned",2.52631578947368
"2907","uncleaned",1.42105263157895
"2908","uncleaned",1.65789473684211
"2909","uncleaned",2.01578947368421
"2910","uncleaned",1.68421052631579
"2911","uncleaned",1.81578947368421
"2912","uncleaned",2.54736842105263
"2913","uncleaned",1.53684210526316
"2914","uncleaned",0.505263157894737
"2915","uncleaned",1.37368421052632
"2916","uncleaned",0.989473684210526
"2917","uncleaned",2.37368421052632
"2918","uncleaned",1.54736842105263
"2919","uncleaned",1.14736842105263
"2920","uncleaned",2
"2921","uncleaned",3.05789473684211
"2922","uncleaned",1.78947368421053
"2923","uncleaned",1.47894736842105
"2924","uncleaned",1.43684210526316
"2925","uncleaned",0.984210526315789
"2926","uncleaned",2.03157894736842
"2927","uncleaned",1.83157894736842
"2928","uncleaned",1.42105263157895
"2929","uncleaned",3.36315789473684
"2930","uncleaned",2.12105263157895
"2931","uncleaned",1.00526315789474
"2932","uncleaned",1.80526315789474
"2933","uncleaned",2.48421052631579
"2934","uncleaned",1.70526315789474
"2935","uncleaned",2.07894736842105
"2936","uncleaned",1.98421052631579
"2937","uncleaned",2.2
"2938","uncleaned",1.96315789473684
"2939","uncleaned",1.92105263157895
"2940","uncleaned",1.22105263157895
"2941","uncleaned",2.32631578947368
"2942","uncleaned",2.49473684210526
"2943","uncleaned",2.15263157894737
"2944","uncleaned",2.78947368421053
"2945","uncleaned",1.76842105263158
"2946","uncleaned",1.45263157894737
"2947","uncleaned",2.84210526315789
"2948","uncleaned",2.01052631578947
"2949","uncleaned",2.01578947368421
"2950","uncleaned",1.24210526315789
"2951","uncleaned",1.15263157894737
"2952","uncleaned",2.21052631578947
"2953","uncleaned",2.43157894736842
"2954","uncleaned",2.27368421052632
"2955","uncleaned",2.21052631578947
"2956","uncleaned",1.93157894736842
"2957","uncleaned",2.08421052631579
"2958","uncleaned",1.54210526315789
"2959","uncleaned",2.01578947368421
"2960","uncleaned",2.40526315789474
"2961","uncleaned",2.34210526315789
"2962","uncleaned",1.33157894736842
"2963","uncleaned",1.67368421052632
"2964","uncleaned",2.53684210526316
"2965","uncleaned",1.75263157894737
"2966","uncleaned",0.742105263157895
"2967","uncleaned",1.89473684210526
"2968","uncleaned",1.94736842105263
"2969","uncleaned",1.62105263157895
"2970","uncleaned",2.19473684210526
"2971","uncleaned",1.11052631578947
"2972","uncleaned",2.03157894736842
"2973","uncleaned",2.47894736842105
"2974","uncleaned",1.34736842105263
"2975","uncleaned",1.80526315789474
"2976","uncleaned",2.35263157894737
"2977","uncleaned",1.7
"2978","uncleaned",3.10526315789474
"2979","uncleaned",1.3
"2980","uncleaned",1.93684210526316
"2981","uncleaned",2.44210526315789
"2982","uncleaned",1.03157894736842
"2983","uncleaned",1.78947368421053
"2984","uncleaned",2.2
"2985","uncleaned",1.91052631578947
"2986","uncleaned",0.731578947368421
"2987","uncleaned",3.18421052631579
"2988","uncleaned",1.27368421052632
"2989","uncleaned",2.15789473684211
"2990","uncleaned",2.15263157894737
"2991","uncleaned",1.60526315789474
"2992","uncleaned",2.74736842105263
"2993","uncleaned",2.23157894736842
"2994","uncleaned",2.2
"2995","uncleaned",1.41052631578947
"2996","uncleaned",2.07368421052632
"2997","uncleaned",1.9
"2998","uncleaned",2.28947368421053
"2999","uncleaned",1.92631578947368
"3000","uncleaned",2.14210526315789
"3001","uncleaned",2.26315789473684
"3002","uncleaned",2.16315789473684
"3003","uncleaned",1.34736842105263
"3004","uncleaned",1.85263157894737
"3005","uncleaned",1.48947368421053
"3006","uncleaned",1.31578947368421
"3007","uncleaned",1.71578947368421
"3008","uncleaned",2.17894736842105
"3009","uncleaned",2.67368421052632
"3010","uncleaned",1.33684210526316
"3011","uncleaned",1.77894736842105
"3012","uncleaned",2.91578947368421
"3013","uncleaned",1.89473684210526
"3014","uncleaned",2.08947368421053
"3015","uncleaned",2.29473684210526
"3016","uncleaned",2.67894736842105
"3017","uncleaned",2.22105263157895
"3018","uncleaned",1.11578947368421
"3019","uncleaned",1.51052631578947
"3020","uncleaned",1.43684210526316
"3021","uncleaned",1.86315789473684
"3022","uncleaned",1.12631578947368
"3023","uncleaned",1.59473684210526
"3024","uncleaned",2.05263157894737
"3025","uncleaned",1.07894736842105
"3026","uncleaned",1.42105263157895
"3027","uncleaned",1.66842105263158
"3028","uncleaned",2.63684210526316
"3029","uncleaned",1.25263157894737
"3030","uncleaned",2.72631578947368
"3031","uncleaned",2.42105263157895
"3032","uncleaned",1.53684210526316
"3033","uncleaned",1.86315789473684
"3034","uncleaned",1.69473684210526
"3035","uncleaned",1.66315789473684
"3036","uncleaned",2.40526315789474
"3037","uncleaned",1.88947368421053
"3038","uncleaned",2.39473684210526
"3039","uncleaned",1.01052631578947
"3040","uncleaned",1.59473684210526
"3041","uncleaned",2.11052631578947
"3042","uncleaned",2.43157894736842
"3043","uncleaned",2.28947368421053
"3044","uncleaned",1.60526315789474
"3045","uncleaned",1.78947368421053
"3046","uncleaned",1.53157894736842
"3047","uncleaned",1.9
"3048","uncleaned",2.26842105263158
"3049","uncleaned",2.10526315789474
"3050","uncleaned",2.26842105263158
"3051","uncleaned",2.29473684210526
"3052","uncleaned",1.55263157894737
"3053","uncleaned",2.1
"3054","uncleaned",1.16842105263158
"3055","uncleaned",1.59473684210526
"3056","uncleaned",1.85789473684211
"3057","uncleaned",1.53157894736842
"3058","uncleaned",1.27368421052632
"3059","uncleaned",1.72105263157895
"3060","uncleaned",1.74210526315789
"3061","uncleaned",1.56842105263158
"3062","uncleaned",2.64736842105263
"3063","uncleaned",1.4
"3064","uncleaned",2.87368421052632
"3065","uncleaned",2.05789473684211
"3066","uncleaned",1.6
"3067","uncleaned",1.05263157894737
"3068","uncleaned",1.32631578947368
"3069","uncleaned",0.531578947368421
"3070","uncleaned",1.48947368421053
"3071","uncleaned",1.49473684210526
"3072","uncleaned",1.76315789473684
"3073","uncleaned",2.87368421052632
"3074","uncleaned",2.36842105263158
"3075","uncleaned",2.11052631578947
"3076","uncleaned",1.55263157894737
"3077","uncleaned",2.02631578947368
"3078","uncleaned",1.92105263157895
"3079","uncleaned",2.91052631578947
"3080","uncleaned",1.71052631578947
"3081","uncleaned",1.91052631578947
"3082","uncleaned",0.884210526315789
"3083","uncleaned",1.99473684210526
"3084","uncleaned",2.65789473684211
"3085","uncleaned",2.16315789473684
"3086","uncleaned",2.24210526315789
"3087","uncleaned",1.63684210526316
"3088","uncleaned",1.93684210526316
"3089","uncleaned",2.60526315789474
"3090","uncleaned",1.15789473684211
"3091","uncleaned",2.44210526315789
"3092","uncleaned",1.93157894736842
"3093","uncleaned",2.09473684210526
"3094","uncleaned",1.95789473684211
"3095","uncleaned",2.52631578947368
"3096","uncleaned",2.53684210526316
"3097","uncleaned",0.968421052631579
"3098","uncleaned",2.01578947368421
"3099","uncleaned",1.2
"3100","uncleaned",2.02105263157895
"3101","uncleaned",2.12105263157895
"3102","uncleaned",2.65789473684211
"3103","uncleaned",1.98947368421053
"3104","uncleaned",0.942105263157895
"3105","uncleaned",0.842105263157895
"3106","uncleaned",1.91578947368421
"3107","uncleaned",2.12631578947368
"3108","uncleaned",1.43157894736842
"3109","uncleaned",1.17368421052632
"3110","uncleaned",1.68421052631579
"3111","uncleaned",2.52631578947368
"3112","uncleaned",2.24210526315789
"3113","uncleaned",2.60526315789474
"3114","uncleaned",1.67368421052632
"3115","uncleaned",1.53157894736842
"3116","uncleaned",1.9
"3117","uncleaned",1.75789473684211
"3118","uncleaned",2.74736842105263
"3119","uncleaned",1.65789473684211
"3120","uncleaned",1.85789473684211
"3121","uncleaned",1.45789473684211
"3122","uncleaned",1.94736842105263
"3123","uncleaned",1.81578947368421
"3124","uncleaned",2.46315789473684
"3125","uncleaned",1.48947368421053
"3126","uncleaned",0.984210526315789
"3127","uncleaned",1.9
"3128","uncleaned",2.16315789473684
"3129","uncleaned",1.94210526315789
"3130","uncleaned",2.56315789473684
"3131","uncleaned",2.05263157894737
"3132","uncleaned",1.89473684210526
"3133","uncleaned",2.23684210526316
"3134","uncleaned",1.93157894736842
"3135","uncleaned",1.59473684210526
"3136","uncleaned",1.90526315789474
"3137","uncleaned",1.50526315789474
"3138","uncleaned",1.81052631578947
"3139","uncleaned",2.4
"3140","uncleaned",1.41578947368421
"3141","uncleaned",2.62105263157895
"3142","uncleaned",2.55263157894737
"3143","uncleaned",1.74736842105263
"3144","uncleaned",1.79473684210526
"3145","uncleaned",1.82105263157895
"3146","uncleaned",2.36842105263158
"3147","uncleaned",1.55263157894737
"3148","uncleaned",2.11578947368421
"3149","uncleaned",1.84736842105263
"3150","uncleaned",1.46315789473684
"3151","uncleaned",2.18421052631579
"3152","uncleaned",2.09473684210526
"3153","uncleaned",2.61052631578947
"3154","uncleaned",1.88421052631579
"3155","uncleaned",2.05789473684211
"3156","uncleaned",2.00526315789474
"3157","uncleaned",2.08947368421053
"3158","uncleaned",1.86315789473684
"3159","uncleaned",1.68421052631579
"3160","uncleaned",1.20526315789474
"3161","uncleaned",1.63157894736842
"3162","uncleaned",3.02631578947368
"3163","uncleaned",1.43684210526316
"3164","uncleaned",2.54736842105263
"3165","uncleaned",1.56315789473684
"3166","uncleaned",1.58421052631579
"3167","uncleaned",2.31052631578947
"3168","uncleaned",2.40526315789474
"3169","uncleaned",1.85789473684211
"3170","uncleaned",1.75789473684211
"3171","uncleaned",1.4
"3172","uncleaned",1.4
"3173","uncleaned",2.17894736842105
"3174","uncleaned",0.863157894736842
"3175","uncleaned",1.53684210526316
"3176","uncleaned",1.08947368421053
"3177","uncleaned",1.47368421052632
"3178","uncleaned",2.35263157894737
"3179","uncleaned",1.65263157894737
"3180","uncleaned",2.24736842105263
"3181","uncleaned",2.37894736842105
"3182","uncleaned",2.41578947368421
"3183","uncleaned",2.23684210526316
"3184","uncleaned",2.02631578947368
"3185","uncleaned",1.91052631578947
"3186","uncleaned",1.1
"3187","uncleaned",1.46315789473684
"3188","uncleaned",1.09473684210526
"3189","uncleaned",2.65263157894737
"3190","uncleaned",2.05263157894737
"3191","uncleaned",1.75263157894737
"3192","uncleaned",1.33157894736842
"3193","uncleaned",1.96842105263158
"3194","uncleaned",3.16842105263158
"3195","uncleaned",2.48947368421053
"3196","uncleaned",1.11578947368421
"3197","uncleaned",0.636842105263158
"3198","uncleaned",1.85263157894737
"3199","uncleaned",2.36842105263158
"3200","uncleaned",1.40526315789474
"3201","uncleaned",1.14736842105263
"3202","uncleaned",1.18947368421053
"3203","uncleaned",1.55789473684211
"3204","uncleaned",2.32631578947368
"3205","uncleaned",1.96315789473684
"3206","uncleaned",1.91578947368421
"3207","uncleaned",1.49473684210526
"3208","uncleaned",2.03157894736842
"3209","uncleaned",2.03157894736842
"3210","uncleaned",1.45263157894737
"3211","uncleaned",1.14210526315789
"3212","uncleaned",1.85789473684211
"3213","uncleaned",2.42105263157895
"3214","uncleaned",1.58421052631579
"3215","uncleaned",2.24210526315789
"3216","uncleaned",2.46842105263158
"3217","uncleaned",1.56315789473684
"3218","uncleaned",2.07368421052632
"3219","uncleaned",1.87894736842105
"3220","uncleaned",1.96315789473684
"3221","uncleaned",1.02105263157895
"3222","uncleaned",2.39473684210526
"3223","uncleaned",1.42105263157895
"3224","uncleaned",1.81052631578947
"3225","uncleaned",2.35789473684211
"3226","uncleaned",1.47894736842105
"3227","uncleaned",2.18421052631579
"3228","uncleaned",1.14210526315789
"3229","uncleaned",2.06842105263158
"3230","uncleaned",2.62105263157895
"3231","uncleaned",1.86315789473684
"3232","uncleaned",2.6
"3233","uncleaned",0.857894736842105
"3234","uncleaned",2.13684210526316
"3235","uncleaned",2.76842105263158
"3236","uncleaned",1.30526315789474
"3237","uncleaned",2.00526315789474
"3238","uncleaned",1.51578947368421
"3239","uncleaned",0.878947368421053
"3240","uncleaned",1.16315789473684
"3241","uncleaned",2.45789473684211
"3242","uncleaned",2.34210526315789
"3243","uncleaned",2.62105263157895
"3244","uncleaned",1.65789473684211
"3245","uncleaned",1.25263157894737
"3246","uncleaned",0.857894736842105
"3247","uncleaned",2.04736842105263
"3248","uncleaned",2.02105263157895
"3249","uncleaned",1.20526315789474
"3250","uncleaned",1.73157894736842
"3251","uncleaned",1.55789473684211
"3252","uncleaned",1.27894736842105
"3253","uncleaned",2
"3254","uncleaned",2.35263157894737
"3255","uncleaned",2.89473684210526
"3256","uncleaned",1.04736842105263
"3257","uncleaned",2.65789473684211
"3258","uncleaned",1.75789473684211
"3259","uncleaned",1.16842105263158
"3260","uncleaned",1.58947368421053
"3261","uncleaned",1.38947368421053
"3262","uncleaned",1.8
"3263","uncleaned",2.36315789473684
"3264","uncleaned",1.88421052631579
"3265","uncleaned",1.44210526315789
"3266","uncleaned",3.32631578947368
"3267","uncleaned",1.74736842105263
"3268","uncleaned",1.76315789473684
"3269","uncleaned",1.82105263157895
"3270","uncleaned",2.15263157894737
"3271","uncleaned",0.952631578947368
"3272","uncleaned",2.43157894736842
"3273","uncleaned",2.01578947368421
"3274","uncleaned",2.65789473684211
"3275","uncleaned",2.44736842105263
"3276","uncleaned",2.33157894736842
"3277","uncleaned",2.92631578947368
"3278","uncleaned",1.40526315789474
"3279","uncleaned",1.76842105263158
"3280","uncleaned",1.58421052631579
"3281","uncleaned",1.73157894736842
"3282","uncleaned",1.11052631578947
"3283","uncleaned",2.5
"3284","uncleaned",1.44736842105263
"3285","uncleaned",2.80526315789474
"3286","uncleaned",2.06842105263158
"3287","uncleaned",3.3
"3288","uncleaned",2.13684210526316
"3289","uncleaned",2.87894736842105
"3290","uncleaned",2.21052631578947
"3291","uncleaned",2.25789473684211
"3292","uncleaned",2.52105263157895
"3293","uncleaned",1.18421052631579
"3294","uncleaned",2.13684210526316
"3295","uncleaned",1.35263157894737
"3296","uncleaned",1.57368421052632
"3297","uncleaned",1.92631578947368
"3298","uncleaned",2.08421052631579
"3299","uncleaned",0.973684210526316
"3300","uncleaned",1.86842105263158
"3301","uncleaned",2.21578947368421
"3302","uncleaned",1.37894736842105
"3303","uncleaned",1.7
"3304","uncleaned",1.55789473684211
"3305","uncleaned",1.87894736842105
"3306","uncleaned",2.71052631578947
"3307","uncleaned",1.15263157894737
"3308","uncleaned",1.91578947368421
"3309","uncleaned",3.14210526315789
"3310","uncleaned",1.88421052631579
"3311","uncleaned",1.20526315789474
"3312","uncleaned",1.01052631578947
"3313","uncleaned",1.55263157894737
"3314","uncleaned",1.61578947368421
"3315","uncleaned",2.00526315789474
"3316","uncleaned",1.11052631578947
"3317","uncleaned",1.94736842105263
"3318","uncleaned",1.98947368421053
"3319","uncleaned",2.46315789473684
"3320","uncleaned",3.12631578947368
"3321","uncleaned",1.97894736842105
"3322","uncleaned",2.06842105263158
"3323","uncleaned",2.01578947368421
"3324","uncleaned",2.18421052631579
"3325","uncleaned",2.60526315789474
"3326","uncleaned",1.77894736842105
"3327","uncleaned",1.95789473684211
"3328","uncleaned",1.99473684210526
"3329","uncleaned",2.59473684210526
"3330","uncleaned",1.85263157894737
"3331","uncleaned",2.36315789473684
"3332","uncleaned",1.7
"3333","uncleaned",1.28421052631579
"3334","uncleaned",1.06842105263158
"3335","uncleaned",1.6
"3336","uncleaned",1.34736842105263
"3337","uncleaned",1.35263157894737
"3338","uncleaned",1.70526315789474
"3339","uncleaned",1.94210526315789
"3340","uncleaned",2.02105263157895
"3341","uncleaned",1.89473684210526
"3342","uncleaned",2.26842105263158
"3343","uncleaned",1.5
"3344","uncleaned",2.66842105263158
"3345","uncleaned",2.03157894736842
"3346","uncleaned",1.83157894736842
"3347","uncleaned",1.44210526315789
"3348","uncleaned",1.63684210526316
"3349","uncleaned",0.157894736842105
"3350","uncleaned",1.60526315789474
"3351","uncleaned",1.33684210526316
"3352","uncleaned",2.42105263157895
"3353","uncleaned",0.936842105263158
"3354","uncleaned",0.447368421052632
"3355","uncleaned",1.75263157894737
"3356","uncleaned",2.59473684210526
"3357","uncleaned",1.82631578947368
"3358","uncleaned",1.09473684210526
"3359","uncleaned",2.36315789473684
"3360","uncleaned",2.30526315789474
"3361","uncleaned",0.842105263157895
"3362","uncleaned",1.93684210526316
"3363","uncleaned",1.91578947368421
"3364","uncleaned",1.1
"3365","uncleaned",1.76842105263158
"3366","uncleaned",2.20526315789474
"3367","uncleaned",1.35263157894737
"3368","uncleaned",2.51578947368421
"3369","uncleaned",2.19473684210526
"3370","uncleaned",1.33684210526316
"3371","uncleaned",2.55263157894737
"3372","uncleaned",2.31052631578947
"3373","uncleaned",2.15789473684211
"3374","uncleaned",1.53684210526316
"3375","uncleaned",2.36315789473684
"3376","uncleaned",0.557894736842105
"3377","uncleaned",2.11052631578947
"3378","uncleaned",2.22105263157895
"3379","uncleaned",1.9
"3380","uncleaned",2.12105263157895
"3381","uncleaned",1.98421052631579
"3382","uncleaned",2.52105263157895
"3383","uncleaned",2.1
"3384","uncleaned",2.12631578947368
"3385","uncleaned",1.94210526315789
"3386","uncleaned",2.41052631578947
"3387","uncleaned",1.56842105263158
"3388","uncleaned",1.23684210526316
"3389","uncleaned",2.37368421052632
"3390","uncleaned",2.59473684210526
"3391","uncleaned",1.53157894736842
"3392","uncleaned",2.14210526315789
"3393","uncleaned",2.51052631578947
"3394","uncleaned",3.25263157894737
"3395","uncleaned",2.26315789473684
"3396","uncleaned",2.21578947368421
"3397","uncleaned",0.773684210526316
"3398","uncleaned",1.84736842105263
"3399","uncleaned",2.02105263157895
"3400","uncleaned",2.13157894736842
"3401","uncleaned",0.984210526315789
"3402","uncleaned",1.17368421052632
"3403","uncleaned",1.51052631578947
"3404","uncleaned",1.03684210526316
"3405","uncleaned",1.94210526315789
"3406","uncleaned",2.47368421052632
"3407","uncleaned",1.43684210526316
"3408","uncleaned",1.1
"3409","uncleaned",2.02631578947368
"3410","uncleaned",0.773684210526316
"3411","uncleaned",1.63684210526316
"3412","uncleaned",2.81578947368421
"3413","uncleaned",2.11578947368421
"3414","uncleaned",2.29473684210526
"3415","uncleaned",2.96315789473684
"3416","uncleaned",2.18421052631579
"3417","uncleaned",1.8
"3418","uncleaned",1.73157894736842
"3419","uncleaned",1.50526315789474
"3420","uncleaned",1.22105263157895
"3421","uncleaned",2.35789473684211
"3422","uncleaned",1.94210526315789
"3423","uncleaned",1.61578947368421
"3424","uncleaned",2.17894736842105
"3425","uncleaned",1.56842105263158
"3426","uncleaned",2.80526315789474
"3427","uncleaned",1.71052631578947
"3428","uncleaned",0.847368421052632
"3429","uncleaned",2.32105263157895
"3430","uncleaned",1.48421052631579
"3431","uncleaned",1.58421052631579
"3432","uncleaned",0.826315789473684
"3433","uncleaned",1.50526315789474
"3434","uncleaned",1.41052631578947
"3435","uncleaned",2.25789473684211
"3436","uncleaned",1.80526315789474
"3437","uncleaned",1.60526315789474
"3438","uncleaned",2.11052631578947
"3439","uncleaned",1.59473684210526
"3440","uncleaned",1.85263157894737
"3441","uncleaned",1.57894736842105
"3442","uncleaned",2.51578947368421
"3443","uncleaned",2.05789473684211
"3444","uncleaned",0.868421052631579
"3445","uncleaned",2.05789473684211
"3446","uncleaned",1.69473684210526
"3447","uncleaned",2
"3448","uncleaned",2.10526315789474
"3449","uncleaned",2.24736842105263
"3450","uncleaned",2.29473684210526
"3451","uncleaned",1.28421052631579
"3452","uncleaned",2.64210526315789
"3453","uncleaned",1.34736842105263
"3454","uncleaned",2.17368421052632
"3455","uncleaned",1.77368421052632
"3456","uncleaned",0.8
"3457","uncleaned",1.72105263157895
"3458","uncleaned",1.63157894736842
"3459","uncleaned",2.09473684210526
"3460","uncleaned",2.52105263157895
"3461","uncleaned",0.931578947368421
"3462","uncleaned",2.01578947368421
"3463","uncleaned",1.40526315789474
"3464","uncleaned",2.37368421052632
"3465","uncleaned",1.35263157894737
"3466","uncleaned",1.44210526315789
"3467","uncleaned",2.25789473684211
"3468","uncleaned",1.31578947368421
"3469","uncleaned",1.66842105263158
"3470","uncleaned",1.93157894736842
"3471","uncleaned",1.89473684210526
"3472","uncleaned",1.72631578947368
"3473","uncleaned",1.77894736842105
"3474","uncleaned",2.13157894736842
"3475","uncleaned",2.18947368421053
"3476","uncleaned",1.91052631578947
"3477","uncleaned",1.66842105263158
"3478","uncleaned",1.05789473684211
"3479","uncleaned",2.14736842105263
"3480","uncleaned",2.56842105263158
"3481","uncleaned",1.55789473684211
"3482","uncleaned",2.42105263157895
"3483","uncleaned",2.47894736842105
"3484","uncleaned",1.23157894736842
"3485","uncleaned",2.18947368421053
"3486","uncleaned",1.27368421052632
"3487","uncleaned",1.81578947368421
"3488","uncleaned",2.61052631578947
"3489","uncleaned",1.54736842105263
"3490","uncleaned",2.00526315789474
"3491","uncleaned",1.55263157894737
"3492","uncleaned",2.47368421052632
"3493","uncleaned",1.16842105263158
"3494","uncleaned",1.66842105263158
"3495","uncleaned",1.45263157894737
"3496","uncleaned",1.70526315789474
"3497","uncleaned",1.65789473684211
"3498","uncleaned",2.08421052631579
"3499","uncleaned",1.40526315789474
"3500","uncleaned",1.40526315789474
"3501","uncleaned",1.24210526315789
"3502","uncleaned",1.55789473684211
"3503","uncleaned",2.35789473684211
"3504","uncleaned",2.88947368421053
"3505","uncleaned",1.44736842105263
"3506","uncleaned",0.463157894736842
"3507","uncleaned",2.06315789473684
"3508","uncleaned",2.18947368421053
"3509","uncleaned",1.97894736842105
"3510","uncleaned",1.61052631578947
"3511","uncleaned",2.55263157894737
"3512","uncleaned",2.10526315789474
"3513","uncleaned",1.47894736842105
"3514","uncleaned",1.77368421052632
"3515","uncleaned",1.34736842105263
"3516","uncleaned",1.90526315789474
"3517","uncleaned",2.29473684210526
"3518","uncleaned",1.76315789473684
"3519","uncleaned",2.28421052631579
"3520","uncleaned",1.43157894736842
"3521","uncleaned",0.626315789473684
"3522","uncleaned",2.39473684210526
"3523","uncleaned",2.69473684210526
"3524","uncleaned",1.84210526315789
"3525","uncleaned",1.96842105263158
"3526","uncleaned",2.39473684210526
"3527","uncleaned",1.97368421052632
"3528","uncleaned",2.25263157894737
"3529","uncleaned",0.973684210526316
"3530","uncleaned",1.13684210526316
"3531","uncleaned",2.2
"3532","uncleaned",1.76315789473684
"3533","uncleaned",2.59473684210526
"3534","uncleaned",1.35263157894737
"3535","uncleaned",1.83157894736842
"3536","uncleaned",3.13157894736842
"3537","uncleaned",1.06315789473684
"3538","uncleaned",1.69473684210526
"3539","uncleaned",1.38947368421053
"3540","uncleaned",2.04210526315789
"3541","uncleaned",2.09473684210526
"3542","uncleaned",2.84210526315789
"3543","uncleaned",2.08421052631579
"3544","uncleaned",1.26315789473684
"3545","uncleaned",2.15263157894737
"3546","uncleaned",1.63684210526316
"3547","uncleaned",1.28421052631579
"3548","uncleaned",2.58421052631579
"3549","uncleaned",1.8
"3550","uncleaned",1.33684210526316
"3551","uncleaned",2.43684210526316
"3552","uncleaned",1.78947368421053
"3553","uncleaned",2.72631578947368
"3554","uncleaned",1.74736842105263
"3555","uncleaned",1.73684210526316
"3556","uncleaned",2.26842105263158
"3557","uncleaned",1.32105263157895
"3558","uncleaned",1.99473684210526
"3559","uncleaned",1.40526315789474
"3560","uncleaned",1.41578947368421
"3561","uncleaned",2.25263157894737
"3562","uncleaned",2.26842105263158
"3563","uncleaned",2.44210526315789
"3564","uncleaned",2.22105263157895
"3565","uncleaned",2.55789473684211
"3566","uncleaned",1.46842105263158
"3567","uncleaned",2.63157894736842
"3568","uncleaned",2.04736842105263
"3569","uncleaned",1.41578947368421
"3570","uncleaned",1.96842105263158
"3571","uncleaned",1.88947368421053
"3572","uncleaned",1.37894736842105
"3573","uncleaned",2.17368421052632
"3574","uncleaned",1.71052631578947
"3575","uncleaned",2.01578947368421
"3576","uncleaned",1.9
"3577","uncleaned",0.826315789473684
"3578","uncleaned",2.17368421052632
"3579","uncleaned",2.04736842105263
"3580","uncleaned",1.74736842105263
"3581","uncleaned",1.15789473684211
"3582","uncleaned",1.21052631578947
"3583","uncleaned",2.00526315789474
"3584","uncleaned",1.67368421052632
"3585","uncleaned",1.96842105263158
"3586","uncleaned",1.67368421052632
"3587","uncleaned",0.657894736842105
"3588","uncleaned",1.2
"3589","uncleaned",1.68947368421053
"3590","uncleaned",1.67368421052632
"3591","uncleaned",1.32631578947368
"3592","uncleaned",1.02105263157895
"3593","uncleaned",0.768421052631579
"3594","uncleaned",2.46315789473684
"3595","uncleaned",1.97368421052632
"3596","uncleaned",0.536842105263158
"3597","uncleaned",2.44210526315789
"3598","uncleaned",1.41052631578947
"3599","uncleaned",1.56315789473684
"3600","uncleaned",1.55789473684211
"3601","uncleaned",1.31578947368421
"3602","uncleaned",1.25263157894737
"3603","uncleaned",2.18947368421053
"3604","uncleaned",1.52105263157895
"3605","uncleaned",2
"3606","uncleaned",1.71052631578947
"3607","uncleaned",0.552631578947368
"3608","uncleaned",1.16842105263158
"3609","uncleaned",2.52631578947368
"3610","uncleaned",2.31578947368421
"3611","uncleaned",1.95263157894737
"3612","uncleaned",2.01578947368421
"3613","uncleaned",1.46842105263158
"3614","uncleaned",0.847368421052632
"3615","uncleaned",0.536842105263158
"3616","uncleaned",1.17368421052632
"3617","uncleaned",1.75263157894737
"3618","uncleaned",1.64736842105263
"3619","uncleaned",1.7
"3620","uncleaned",1.89473684210526
"3621","uncleaned",2.64210526315789
"3622","uncleaned",2.07894736842105
"3623","uncleaned",1.50526315789474
"3624","uncleaned",1.91052631578947
"3625","uncleaned",1.40526315789474
"3626","uncleaned",2.44736842105263
"3627","uncleaned",2.03684210526316
"3628","uncleaned",3.17894736842105
"3629","uncleaned",2.28421052631579
"3630","uncleaned",1.77368421052632
"3631","uncleaned",1.85263157894737
"3632","uncleaned",2.1
"3633","uncleaned",0.3
"3634","uncleaned",1.63684210526316
"3635","uncleaned",1.93684210526316
"3636","uncleaned",1.14210526315789
"3637","uncleaned",1.18947368421053
"3638","uncleaned",2.61052631578947
"3639","uncleaned",1.50526315789474
"3640","uncleaned",1.82631578947368
"3641","uncleaned",1.85789473684211
"3642","uncleaned",2.78947368421053
"3643","uncleaned",1.2
"3644","uncleaned",1.76842105263158
"3645","uncleaned",2.85263157894737
"3646","uncleaned",2.65789473684211
"3647","uncleaned",1.79473684210526
"3648","uncleaned",1.93157894736842
"3649","uncleaned",0.863157894736842
"3650","uncleaned",2.25263157894737
"3651","uncleaned",2.05789473684211
"3652","uncleaned",2.03684210526316
"3653","uncleaned",2.25263157894737
"3654","uncleaned",1.71578947368421
"3655","uncleaned",1.55789473684211
"3656","uncleaned",1.16315789473684
"3657","uncleaned",1.8
"3658","uncleaned",1.4
"3659","uncleaned",2.85263157894737
"3660","uncleaned",1.66315789473684
"3661","uncleaned",1.2
"3662","uncleaned",1.90526315789474
"3663","uncleaned",1.71052631578947
"3664","uncleaned",2.12105263157895
"3665","uncleaned",2.64210526315789
"3666","uncleaned",2.54736842105263
"3667","uncleaned",2.49473684210526
"3668","uncleaned",1.23157894736842
"3669","uncleaned",1.53157894736842
"3670","uncleaned",3.26842105263158
"3671","uncleaned",1.13157894736842
"3672","uncleaned",0.684210526315789
"3673","uncleaned",1.78421052631579
"3674","uncleaned",0.705263157894737
"3675","uncleaned",2.26315789473684
"3676","uncleaned",2.38947368421053
"3677","uncleaned",1.53684210526316
"3678","uncleaned",1.71578947368421
"3679","uncleaned",1.66842105263158
"3680","uncleaned",2.03157894736842
"3681","uncleaned",2.01052631578947
"3682","uncleaned",1.68421052631579
"3683","uncleaned",0.515789473684211
"3684","uncleaned",2.74736842105263
"3685","uncleaned",2.12631578947368
"3686","uncleaned",1.76315789473684
"3687","uncleaned",2.27894736842105
"3688","uncleaned",1.57368421052632
"3689","uncleaned",1.28421052631579
"3690","uncleaned",1.81052631578947
"3691","uncleaned",1.49473684210526
"3692","uncleaned",2.2
"3693","uncleaned",0.652631578947368
"3694","uncleaned",0.91578947368421
"3695","uncleaned",0.973684210526316
"3696","uncleaned",2.03684210526316
"3697","uncleaned",1.86842105263158
"3698","uncleaned",1.48947368421053
"3699","uncleaned",2.06842105263158
"3700","uncleaned",2.50526315789474
"3701","uncleaned",2.72105263157895
"3702","uncleaned",2.00526315789474
"3703","uncleaned",1.97894736842105
"3704","uncleaned",1.17368421052632
"3705","uncleaned",1.45789473684211
"3706","uncleaned",1.72631578947368
"3707","uncleaned",2.78947368421053
"3708","uncleaned",1.33684210526316
"3709","uncleaned",1.53684210526316
"3710","uncleaned",1.1
"3711","uncleaned",1.75789473684211
"3712","uncleaned",2.34210526315789
"3713","uncleaned",1.53157894736842
"3714","uncleaned",1.99473684210526
"3715","uncleaned",2.18947368421053
"3716","uncleaned",2.14736842105263
"3717","uncleaned",2.25263157894737
"3718","uncleaned",1.54736842105263
"3719","uncleaned",1.54210526315789
"3720","uncleaned",2.14736842105263
"3721","uncleaned",1.25263157894737
"3722","uncleaned",2.75789473684211
"3723","uncleaned",1.82631578947368
"3724","uncleaned",1.36842105263158
"3725","uncleaned",1.54736842105263
"3726","uncleaned",2.67894736842105
"3727","uncleaned",1.84210526315789
"3728","uncleaned",2.48947368421053
"3729","uncleaned",2.20526315789474
"3730","uncleaned",0.878947368421053
"3731","uncleaned",2.42631578947368
"3732","uncleaned",2.00526315789474
"3733","uncleaned",2.21578947368421
"3734","uncleaned",1.43684210526316
"3735","uncleaned",0.852631578947368
"3736","uncleaned",2.21578947368421
"3737","uncleaned",1.76315789473684
"3738","uncleaned",1.32631578947368
"3739","uncleaned",2.08947368421053
"3740","uncleaned",1.97894736842105
"3741","uncleaned",2.44210526315789
"3742","uncleaned",1.85789473684211
"3743","uncleaned",2.13157894736842
"3744","uncleaned",2.05263157894737
"3745","uncleaned",2.01578947368421
"3746","uncleaned",2.14210526315789
"3747","uncleaned",2.02631578947368
"3748","uncleaned",1.07368421052632
"3749","uncleaned",1.51052631578947
"3750","uncleaned",1.59473684210526
"3751","uncleaned",2.75789473684211
"3752","uncleaned",0.942105263157895
"3753","uncleaned",2.27368421052632
"3754","uncleaned",1.87368421052632
"3755","uncleaned",1.76842105263158
"3756","uncleaned",1.48947368421053
"3757","uncleaned",1.12105263157895
"3758","uncleaned",2.19473684210526
"3759","uncleaned",1.27368421052632
"3760","uncleaned",2.52105263157895
"3761","uncleaned",1.54736842105263
"3762","uncleaned",2.04736842105263
"3763","uncleaned",1.50526315789474
"3764","uncleaned",1.85789473684211
"3765","uncleaned",1.32631578947368
"3766","uncleaned",2.47368421052632
"3767","uncleaned",2.19473684210526
"3768","uncleaned",1.47368421052632
"3769","uncleaned",1.97894736842105
"3770","uncleaned",1.42631578947368
"3771","uncleaned",0.910526315789474
"3772","uncleaned",2.07894736842105
"3773","uncleaned",2.56842105263158
"3774","uncleaned",1.79473684210526
"3775","uncleaned",2.16842105263158
"3776","uncleaned",1.90526315789474
"3777","uncleaned",0.757894736842105
"3778","uncleaned",1.94210526315789
"3779","uncleaned",1.53684210526316
"3780","uncleaned",1.73684210526316
"3781","uncleaned",2.03157894736842
"3782","uncleaned",2.29473684210526
"3783","uncleaned",2.78947368421053
"3784","uncleaned",1.81578947368421
"3785","uncleaned",1.27368421052632
"3786","uncleaned",2.31578947368421
"3787","uncleaned",1.3
"3788","uncleaned",2.47368421052632
"3789","uncleaned",1.91052631578947
"3790","uncleaned",1.61578947368421
"3791","uncleaned",1.8
"3792","uncleaned",2.04210526315789
"3793","uncleaned",1.52631578947368
"3794","uncleaned",2.15789473684211
"3795","uncleaned",2.69473684210526
"3796","uncleaned",1.26842105263158
"3797","uncleaned",2.32631578947368
"3798","uncleaned",1.41052631578947
"3799","uncleaned",1.29473684210526
"3800","uncleaned",2.10526315789474
"3801","uncleaned",2.26842105263158
"3802","uncleaned",1.53157894736842
"3803","uncleaned",1.61052631578947
"3804","uncleaned",1.76842105263158
"3805","uncleaned",1.22631578947368
"3806","uncleaned",1.35789473684211
"3807","uncleaned",2.31052631578947
"3808","uncleaned",1.71578947368421
"3809","uncleaned",2.25263157894737
"3810","uncleaned",1.38947368421053
"3811","uncleaned",2.02105263157895
"3812","uncleaned",1.18947368421053
"3813","uncleaned",1.18947368421053
"3814","uncleaned",2.47894736842105
"3815","uncleaned",2.72631578947368
"3816","uncleaned",2.05789473684211
"3817","uncleaned",2.20526315789474
"3818","uncleaned",1.86842105263158
"3819","uncleaned",2.22631578947368
"3820","uncleaned",1.87894736842105
"3821","uncleaned",1.98947368421053
"3822","uncleaned",2.53157894736842
"3823","uncleaned",2.60526315789474
"3824","uncleaned",1.37368421052632
"3825","uncleaned",1.71578947368421
"3826","uncleaned",1.68421052631579
"3827","uncleaned",2.67368421052632
"3828","uncleaned",1.81578947368421
"3829","uncleaned",1.86315789473684
"3830","uncleaned",2.27894736842105
"3831","uncleaned",2.12631578947368
"3832","uncleaned",1.14736842105263
"3833","uncleaned",1.86315789473684
"3834","uncleaned",1.59473684210526
"3835","uncleaned",1.60526315789474
"3836","uncleaned",1.45789473684211
"3837","uncleaned",1.8
"3838","uncleaned",1.41578947368421
"3839","uncleaned",2.58421052631579
"3840","uncleaned",2.43684210526316
"3841","uncleaned",1.74736842105263
"3842","uncleaned",2.63684210526316
"3843","uncleaned",1.33157894736842
"3844","uncleaned",1.79473684210526
"3845","uncleaned",2.62105263157895
"3846","uncleaned",1.62631578947368
"3847","uncleaned",2.57368421052632
"3848","uncleaned",1.16842105263158
"3849","uncleaned",1.99473684210526
"3850","uncleaned",2.80526315789474
"3851","uncleaned",1.71578947368421
"3852","uncleaned",0.942105263157895
"3853","uncleaned",1.53684210526316
"3854","uncleaned",2.68947368421053
"3855","uncleaned",1.79473684210526
"3856","uncleaned",0.910526315789474
"3857","uncleaned",2.31578947368421
"3858","uncleaned",0.873684210526316
"3859","uncleaned",1.74736842105263
"3860","uncleaned",1.34210526315789
"3861","uncleaned",1.81578947368421
"3862","uncleaned",1.89473684210526
"3863","uncleaned",0.831578947368421
"3864","uncleaned",2.17368421052632
"3865","uncleaned",1.96842105263158
"3866","uncleaned",1.81052631578947
"3867","uncleaned",1.91052631578947
"3868","uncleaned",2.15263157894737
"3869","uncleaned",1.73684210526316
"3870","uncleaned",2.61052631578947
"3871","uncleaned",1.94210526315789
"3872","uncleaned",2.3
"3873","uncleaned",0.784210526315789
"3874","uncleaned",2.41578947368421
"3875","uncleaned",0.821052631578947
"3876","uncleaned",2.39473684210526
"3877","uncleaned",0.742105263157895
"3878","uncleaned",1.63157894736842
"3879","uncleaned",1.94736842105263
"3880","uncleaned",2.44736842105263
"3881","uncleaned",1.42105263157895
"3882","uncleaned",1.67894736842105
"3883","uncleaned",2.3
"3884","uncleaned",1.53684210526316
"3885","uncleaned",1.95789473684211
"3886","uncleaned",1.53157894736842
"3887","uncleaned",0.715789473684211
"3888","uncleaned",2.11578947368421
"3889","uncleaned",2.67368421052632
"3890","uncleaned",1.01578947368421
"3891","uncleaned",2.87368421052632
"3892","uncleaned",1.81052631578947
"3893","uncleaned",1.14210526315789
"3894","uncleaned",2.58421052631579
"3895","uncleaned",1.74736842105263
"3896","uncleaned",1.83684210526316
"3897","uncleaned",1.67894736842105
"3898","uncleaned",2.17894736842105
"3899","uncleaned",1.78421052631579
"3900","uncleaned",1.98947368421053
"3901","uncleaned",1.20526315789474
"3902","uncleaned",2.81578947368421
"3903","uncleaned",1.96842105263158
"3904","uncleaned",2.93157894736842
"3905","uncleaned",0.868421052631579
"3906","uncleaned",1.77894736842105
"3907","uncleaned",1.88421052631579
"3908","uncleaned",2.07894736842105
"3909","uncleaned",1.52631578947368
"3910","uncleaned",2.55789473684211
"3911","uncleaned",1.93157894736842
"3912","uncleaned",2.56842105263158
"3913","uncleaned",2.04210526315789
"3914","uncleaned",2.03157894736842
"3915","uncleaned",1.47368421052632
"3916","uncleaned",2.37894736842105
"3917","uncleaned",1.53157894736842
"3918","uncleaned",1.82631578947368
"3919","uncleaned",1.39473684210526
"3920","uncleaned",2.04210526315789
"3921","uncleaned",2.26842105263158
"3922","uncleaned",2.58421052631579
"3923","uncleaned",2.12105263157895
"3924","uncleaned",2.06842105263158
"3925","uncleaned",1.91052631578947
"3926","uncleaned",2.31578947368421
"3927","uncleaned",1.60526315789474
"3928","uncleaned",2.16842105263158
"3929","uncleaned",1.58421052631579
"3930","uncleaned",2.74736842105263
"3931","uncleaned",1.72105263157895
"3932","uncleaned",1.89473684210526
"3933","uncleaned",1.83157894736842
"3934","uncleaned",1.9
"3935","uncleaned",2.09473684210526
"3936","uncleaned",2.08947368421053
"3937","uncleaned",2.13157894736842
"3938","uncleaned",0.810526315789474
"3939","uncleaned",1.53684210526316
"3940","uncleaned",2.63157894736842
"3941","uncleaned",2.51578947368421
"3942","uncleaned",1.95263157894737
"3943","uncleaned",1.68947368421053
"3944","uncleaned",1.51578947368421
"3945","uncleaned",1.4
"3946","uncleaned",2.25789473684211
"3947","uncleaned",0.810526315789474
"3948","uncleaned",1.33157894736842
"3949","uncleaned",1.47368421052632
"3950","uncleaned",1.53157894736842
"3951","uncleaned",1.52631578947368
"3952","uncleaned",2.93157894736842
"3953","uncleaned",1.18421052631579
"3954","uncleaned",1.22631578947368
"3955","uncleaned",2.44736842105263
"3956","uncleaned",1.69473684210526
"3957","uncleaned",1.55789473684211
"3958","uncleaned",2.35789473684211
"3959","uncleaned",1.8
"3960","uncleaned",0.957894736842105
"3961","uncleaned",2.4
"3962","uncleaned",2.26842105263158
"3963","uncleaned",1.81578947368421
"3964","uncleaned",1.66842105263158
"3965","uncleaned",1.66315789473684
"3966","uncleaned",1.98947368421053
"3967","uncleaned",1.72631578947368
"3968","uncleaned",1.94736842105263
"3969","uncleaned",2.55263157894737
"3970","uncleaned",1.66315789473684
"3971","uncleaned",1.23684210526316
"3972","uncleaned",1.36842105263158
"3973","uncleaned",0.989473684210526
"3974","uncleaned",1.89473684210526
"3975","uncleaned",2.53157894736842
"3976","uncleaned",1.28947368421053
"3977","uncleaned",1.86315789473684
"3978","uncleaned",1.4
"3979","uncleaned",2.33684210526316
"3980","uncleaned",1.88421052631579
"3981","uncleaned",1.56842105263158
"3982","uncleaned",1.87368421052632
"3983","uncleaned",1.88947368421053
"3984","uncleaned",1.48421052631579
"3985","uncleaned",2.48421052631579
"3986","uncleaned",1.78947368421053
"3987","uncleaned",1.88947368421053
"3988","uncleaned",1.58947368421053
"3989","uncleaned",1.54736842105263
"3990","uncleaned",1.34736842105263
"3991","uncleaned",1.65263157894737
"3992","uncleaned",1.68421052631579
"3993","uncleaned",1.83684210526316
"3994","uncleaned",2.04210526315789
"3995","uncleaned",1.91578947368421
"3996","uncleaned",2.19473684210526
"3997","uncleaned",2.68421052631579
"3998","uncleaned",1.61578947368421
"3999","uncleaned",1.75263157894737
"4000","uncleaned",1.95789473684211
"4001","uncleaned",2.24210526315789
"4002","uncleaned",0.910526315789474
"4003","uncleaned",1.7
"4004","uncleaned",1.81052631578947
"4005","uncleaned",1.87894736842105
"4006","uncleaned",2.14210526315789
"4007","uncleaned",1.91578947368421
"4008","uncleaned",1.92105263157895
"4009","uncleaned",1.93157894736842
"4010","uncleaned",3.08947368421053
"4011","uncleaned",1.59473684210526
"4012","uncleaned",2.00526315789474
"4013","uncleaned",2.02105263157895
"4014","uncleaned",1.72631578947368
"4015","uncleaned",1.12105263157895
"4016","uncleaned",1.41578947368421
"4017","uncleaned",0.9
"4018","uncleaned",2.66315789473684
"4019","uncleaned",1.46842105263158
"4020","uncleaned",1.65263157894737
"4021","uncleaned",2.94210526315789
"4022","uncleaned",2.16842105263158
"4023","uncleaned",1.54736842105263
"4024","uncleaned",1.57894736842105
"4025","uncleaned",1.45789473684211
"4026","uncleaned",2.23157894736842
"4027","uncleaned",2.31052631578947
"4028","uncleaned",2.08947368421053
"4029","uncleaned",2.41052631578947
"4030","uncleaned",2.54736842105263
"4031","uncleaned",1.98947368421053
"4032","uncleaned",2.46842105263158
"4033","uncleaned",1.68421052631579
"4034","uncleaned",2.18947368421053
"4035","uncleaned",1.95263157894737
"4036","uncleaned",2.24736842105263
"4037","uncleaned",2.78947368421053
"4038","uncleaned",1.75263157894737
"4039","uncleaned",2.31052631578947
"4040","uncleaned",1.7
"4041","uncleaned",1.4
"4042","uncleaned",1.96315789473684
"4043","uncleaned",2.73157894736842
"4044","uncleaned",1.14736842105263
"4045","uncleaned",1.08947368421053
"4046","uncleaned",1.68947368421053
"4047","uncleaned",2.4
"4048","uncleaned",1.90526315789474
"4049","uncleaned",2.21052631578947
"4050","uncleaned",2.15789473684211
"4051","uncleaned",2.19473684210526
"4052","uncleaned",1.83684210526316
"4053","uncleaned",2.02105263157895
"4054","uncleaned",2.21052631578947
"4055","uncleaned",1.70526315789474
"4056","uncleaned",2.01052631578947
"4057","uncleaned",1.52631578947368
"4058","uncleaned",1.47894736842105
"4059","uncleaned",2.56315789473684
"4060","uncleaned",2.01578947368421
"4061","uncleaned",2.01052631578947
"4062","uncleaned",2.23684210526316
"4063","uncleaned",1.58947368421053
"4064","uncleaned",1.41052631578947
"4065","uncleaned",1.45263157894737
"4066","uncleaned",1.17368421052632
"4067","uncleaned",1.15263157894737
"4068","uncleaned",1.22631578947368
"4069","uncleaned",1.72631578947368
"4070","uncleaned",1.19473684210526
"4071","uncleaned",1.19473684210526
"4072","uncleaned",1.44210526315789
"4073","uncleaned",1.54736842105263
"4074","uncleaned",2.87368421052632
"4075","uncleaned",1.56842105263158
"4076","uncleaned",1.97368421052632
"4077","uncleaned",2.23684210526316
"4078","uncleaned",1.71052631578947
"4079","uncleaned",2.3
"4080","uncleaned",1.51052631578947
"4081","uncleaned",0.826315789473684
"4082","uncleaned",2.07894736842105
"4083","uncleaned",3.18947368421053
"4084","uncleaned",1.88421052631579
"4085","uncleaned",1.97894736842105
"4086","uncleaned",1.57894736842105
"4087","uncleaned",1.2
"4088","uncleaned",1.89473684210526
"4089","uncleaned",1.42631578947368
"4090","uncleaned",1.87894736842105
"4091","uncleaned",1.09473684210526
"4092","uncleaned",1.60526315789474
"4093","uncleaned",1.47894736842105
"4094","uncleaned",1.72631578947368
"4095","uncleaned",1.48947368421053
"4096","uncleaned",2.25263157894737
"4097","uncleaned",1.75263157894737
"4098","uncleaned",2.5
"4099","uncleaned",1.23684210526316
"4100","uncleaned",1.80526315789474
"4101","uncleaned",2.04210526315789
"4102","uncleaned",2.46315789473684
"4103","uncleaned",1.88421052631579
"4104","uncleaned",1.49473684210526
"4105","uncleaned",0.731578947368421
"4106","uncleaned",1.71052631578947
"4107","uncleaned",1.33684210526316
"4108","uncleaned",2.28947368421053
"4109","uncleaned",1.25263157894737
"4110","uncleaned",1.55789473684211
"4111","uncleaned",1.64210526315789
"4112","uncleaned",1.70526315789474
"4113","uncleaned",2.42631578947368
"4114","uncleaned",1.73684210526316
"4115","uncleaned",1.58947368421053
"4116","uncleaned",2.73684210526316
"4117","uncleaned",1.71052631578947
"4118","uncleaned",2.25789473684211
"4119","uncleaned",1.89473684210526
"4120","uncleaned",2.46842105263158
"4121","uncleaned",1.82105263157895
"4122","uncleaned",1.25789473684211
"4123","uncleaned",2.85263157894737
"4124","uncleaned",2.08421052631579
"4125","uncleaned",1.82631578947368
"4126","uncleaned",2.35789473684211
"4127","uncleaned",2.57368421052632
"4128","uncleaned",1.30526315789474
"4129","uncleaned",2.03157894736842
"4130","uncleaned",1.45789473684211
"4131","uncleaned",1.90526315789474
"4132","uncleaned",1.37894736842105
"4133","uncleaned",2.16842105263158
"4134","uncleaned",1.38421052631579
"4135","uncleaned",2.51052631578947
"4136","uncleaned",2.84210526315789
"4137","uncleaned",1.47368421052632
"4138","uncleaned",1.31578947368421
"4139","uncleaned",1.96842105263158
"4140","uncleaned",1.63157894736842
"4141","uncleaned",1.94210526315789
"4142","uncleaned",2.65789473684211
"4143","uncleaned",2.28947368421053
"4144","uncleaned",2.61578947368421
"4145","uncleaned",1.51578947368421
"4146","uncleaned",1.62631578947368
"4147","uncleaned",1.90526315789474
"4148","uncleaned",2.25789473684211
"4149","uncleaned",2.47894736842105
"4150","uncleaned",0.757894736842105
"4151","uncleaned",2.17894736842105
"4152","uncleaned",2.32631578947368
"4153","uncleaned",1.77368421052632
"4154","uncleaned",0.963157894736842
"4155","uncleaned",1.66315789473684
"4156","uncleaned",1.82105263157895
"4157","uncleaned",1.44736842105263
"4158","uncleaned",1.34736842105263
"4159","uncleaned",1.86842105263158
"4160","uncleaned",2.49473684210526
"4161","uncleaned",0.984210526315789
"4162","uncleaned",2.34736842105263
"4163","uncleaned",1.73684210526316
"4164","uncleaned",1.94736842105263
"4165","uncleaned",2.00526315789474
"4166","uncleaned",2.2
"4167","uncleaned",3.21052631578947
"4168","uncleaned",1.94736842105263
"4169","uncleaned",1.68947368421053
"4170","uncleaned",0.968421052631579
"4171","uncleaned",2.32631578947368
"4172","uncleaned",1.36842105263158
"4173","uncleaned",1.64736842105263
"4174","uncleaned",2.62631578947368
"4175","uncleaned",1.1
"4176","uncleaned",1.70526315789474
"4177","uncleaned",2.72631578947368
"4178","uncleaned",1.82105263157895
"4179","uncleaned",2.17368421052632
"4180","uncleaned",2.22105263157895
"4181","uncleaned",1.00526315789474
"4182","uncleaned",1.93157894736842
"4183","uncleaned",1.73684210526316
"4184","uncleaned",1.61052631578947
"4185","uncleaned",1.95789473684211
"4186","uncleaned",1.87368421052632
"4187","uncleaned",2.03684210526316
"4188","uncleaned",2.24210526315789
"4189","uncleaned",2.22105263157895
"4190","uncleaned",1.74736842105263
"4191","uncleaned",2
"4192","uncleaned",1.52631578947368
"4193","uncleaned",0.505263157894737
"4194","uncleaned",1.04736842105263
"4195","uncleaned",2.38947368421053
"4196","uncleaned",0.421052631578947
"4197","uncleaned",1.20526315789474
"4198","uncleaned",2
"4199","uncleaned",1.84210526315789
"4200","uncleaned",1.79473684210526
"4201","uncleaned",2.52105263157895
"4202","uncleaned",1.43684210526316
"4203","uncleaned",2.45263157894737
"4204","uncleaned",2.35789473684211
"4205","uncleaned",2.24736842105263
"4206","uncleaned",1.15789473684211
"4207","uncleaned",1.63684210526316
"4208","uncleaned",2.73684210526316
"4209","uncleaned",2.52105263157895
"4210","uncleaned",1.71578947368421
"4211","uncleaned",2.18421052631579
"4212","uncleaned",1.76842105263158
"4213","uncleaned",2.35789473684211
"4214","uncleaned",1.95263157894737
"4215","uncleaned",2.13157894736842
"4216","uncleaned",1.2
"4217","uncleaned",2.72105263157895
"4218","uncleaned",3.13157894736842
"4219","uncleaned",2.53684210526316
"4220","uncleaned",1.93684210526316
"4221","uncleaned",2.24210526315789
"4222","uncleaned",0.405263157894737
"4223","uncleaned",1.5
"4224","uncleaned",1.76842105263158
"4225","uncleaned",0.789473684210526
"4226","uncleaned",1.91578947368421
"4227","uncleaned",2.5
"4228","uncleaned",1.84736842105263
"4229","uncleaned",2.17368421052632
"4230","uncleaned",1.91052631578947
"4231","uncleaned",0.505263157894737
"4232","uncleaned",2.71578947368421
"4233","uncleaned",1.83684210526316
"4234","uncleaned",2.07894736842105
"4235","uncleaned",1.96842105263158
"4236","uncleaned",2.24210526315789
"4237","uncleaned",1.21578947368421
"4238","uncleaned",2.12105263157895
"4239","uncleaned",1.37894736842105
"4240","uncleaned",1.57368421052632
"4241","uncleaned",1.63684210526316
"4242","uncleaned",1.83157894736842
"4243","uncleaned",2.54210526315789
"4244","uncleaned",0.957894736842105
"4245","uncleaned",1.37368421052632
"4246","uncleaned",1.37368421052632
"4247","uncleaned",1.06315789473684
"4248","uncleaned",1.76842105263158
"4249","uncleaned",1.42105263157895
"4250","uncleaned",0.563157894736842
"4251","uncleaned",2.22631578947368
"4252","uncleaned",1.60526315789474
"4253","uncleaned",1.9
"4254","uncleaned",1.91578947368421
"4255","uncleaned",1.61578947368421
"4256","uncleaned",1.84736842105263
"4257","uncleaned",1.91578947368421
"4258","uncleaned",1.64736842105263
"4259","uncleaned",1.55789473684211
"4260","uncleaned",1.41052631578947
"4261","uncleaned",1.79473684210526
"4262","uncleaned",2.77894736842105
"4263","uncleaned",1.78421052631579
"4264","uncleaned",1.27368421052632
"4265","uncleaned",0.652631578947368
"4266","uncleaned",1.28947368421053
"4267","uncleaned",0.810526315789474
"4268","uncleaned",1.28947368421053
"4269","uncleaned",2.3
"4270","uncleaned",2.12105263157895
"4271","uncleaned",1.57368421052632
"4272","uncleaned",2.08421052631579
"4273","uncleaned",1.27894736842105
"4274","uncleaned",2.31578947368421
"4275","uncleaned",1.47894736842105
"4276","uncleaned",2.67894736842105
"4277","uncleaned",2.77368421052632
"4278","uncleaned",2.48947368421053
"4279","uncleaned",2.66842105263158
"4280","uncleaned",2.25263157894737
"4281","uncleaned",1.50526315789474
"4282","uncleaned",1.97368421052632
"4283","uncleaned",2.43157894736842
"4284","uncleaned",2.34210526315789
"4285","uncleaned",1.30526315789474
"4286","uncleaned",2.25789473684211
"4287","uncleaned",1.39473684210526
"4288","uncleaned",1.55263157894737
"4289","uncleaned",0.957894736842105
"4290","uncleaned",3.19473684210526
"4291","uncleaned",2.32631578947368
"4292","uncleaned",1.84736842105263
"4293","uncleaned",2.22105263157895
"4294","uncleaned",1.75263157894737
"4295","uncleaned",1.86842105263158
"4296","uncleaned",2.03684210526316
"4297","uncleaned",2.23684210526316
"4298","uncleaned",1.70526315789474
"4299","uncleaned",1.48421052631579
"4300","uncleaned",1.11052631578947
"4301","uncleaned",2.20526315789474
"4302","uncleaned",2.71052631578947
"4303","uncleaned",1.99473684210526
"4304","uncleaned",2.28421052631579
"4305","uncleaned",2.45263157894737
"4306","uncleaned",1.86315789473684
"4307","uncleaned",1.18947368421053
"4308","uncleaned",2.42631578947368
"4309","uncleaned",0.857894736842105
"4310","uncleaned",1.01578947368421
"4311","uncleaned",1.24736842105263
"4312","uncleaned",2.46315789473684
"4313","uncleaned",2.30526315789474
"4314","uncleaned",2.02105263157895
"4315","uncleaned",1.9
"4316","uncleaned",2.04210526315789
"4317","uncleaned",1.70526315789474
"4318","uncleaned",2.08947368421053
"4319","uncleaned",1.75263157894737
"4320","uncleaned",1.96315789473684
"4321","uncleaned",1.11578947368421
"4322","uncleaned",1.64210526315789
"4323","uncleaned",2.02631578947368
"4324","uncleaned",2.10526315789474
"4325","uncleaned",1.88421052631579
"4326","uncleaned",1.91052631578947
"4327","uncleaned",2.74210526315789
"4328","uncleaned",2.80526315789474
"4329","uncleaned",1.45263157894737
"4330","uncleaned",1.74736842105263
"4331","uncleaned",0.989473684210526
"4332","uncleaned",1.36315789473684
"4333","uncleaned",1.62631578947368
"4334","uncleaned",2.2
"4335","uncleaned",1.58421052631579
"4336","uncleaned",0.973684210526316
"4337","uncleaned",2.24210526315789
"4338","uncleaned",2.04210526315789
"4339","uncleaned",1.89473684210526
"4340","uncleaned",2.62631578947368
"4341","uncleaned",1.65263157894737
"4342","uncleaned",2.75263157894737
"4343","uncleaned",1.95789473684211
"4344","uncleaned",2.45263157894737
"4345","uncleaned",1.34210526315789
"4346","uncleaned",1.25263157894737
"4347","uncleaned",1.55789473684211
"4348","uncleaned",2.00526315789474
"4349","uncleaned",0.531578947368421
"4350","uncleaned",1.54736842105263
"4351","uncleaned",2.31578947368421
"4352","uncleaned",1.75789473684211
"4353","uncleaned",1.94210526315789
"4354","uncleaned",2.16315789473684
"4355","uncleaned",2.13684210526316
"4356","uncleaned",1.50526315789474
"4357","uncleaned",0.921052631578947
"4358","uncleaned",1.98421052631579
"4359","uncleaned",2.35789473684211
"4360","uncleaned",1.58421052631579
"4361","uncleaned",1.62631578947368
"4362","uncleaned",2.11052631578947
"4363","uncleaned",2.07368421052632
"4364","uncleaned",1.94736842105263
"4365","uncleaned",1.14736842105263
"4366","uncleaned",2
"4367","uncleaned",2.13684210526316
"4368","uncleaned",1.24736842105263
"4369","uncleaned",1.53157894736842
"4370","uncleaned",2.15789473684211
"4371","uncleaned",1.95789473684211
"4372","uncleaned",2.01052631578947
"4373","uncleaned",1.63157894736842
"4374","uncleaned",0.8
"4375","uncleaned",2.01578947368421
"4376","uncleaned",1.26315789473684
"4377","uncleaned",1.56315789473684
"4378","uncleaned",1.71578947368421
"4379","uncleaned",2.12105263157895
"4380","uncleaned",1.48947368421053
"4381","uncleaned",2.29473684210526
"4382","uncleaned",1.68421052631579
"4383","uncleaned",1.71578947368421
"4384","uncleaned",2.07368421052632
"4385","uncleaned",2.34210526315789
"4386","uncleaned",1.74736842105263
"4387","uncleaned",1.26315789473684
"4388","uncleaned",1.44736842105263
"4389","uncleaned",2.42105263157895
"4390","uncleaned",1.64736842105263
"4391","uncleaned",1.92105263157895
"4392","uncleaned",2.13157894736842
"4393","uncleaned",1.62631578947368
"4394","uncleaned",2.06842105263158
"4395","uncleaned",1.82105263157895
"4396","uncleaned",1.92631578947368
"4397","uncleaned",2.02105263157895
"4398","uncleaned",1.62631578947368
"4399","uncleaned",1.22631578947368
"4400","uncleaned",2.43684210526316
"4401","uncleaned",1.14736842105263
"4402","uncleaned",1.72631578947368
"4403","uncleaned",2.21052631578947
"4404","uncleaned",2.23157894736842
"4405","uncleaned",1.97894736842105
"4406","uncleaned",1.53684210526316
"4407","uncleaned",1.71052631578947
"4408","uncleaned",1.73684210526316
"4409","uncleaned",1.07894736842105
"4410","uncleaned",2.15789473684211
"4411","uncleaned",1.95263157894737
"4412","uncleaned",2.25263157894737
"4413","uncleaned",1.6
"4414","uncleaned",1.68421052631579
"4415","uncleaned",0.657894736842105
"4416","uncleaned",0.984210526315789
"4417","uncleaned",1.40526315789474
"4418","uncleaned",1.91578947368421
"4419","uncleaned",2.16315789473684
"4420","uncleaned",1.24210526315789
"4421","uncleaned",1.91052631578947
"4422","uncleaned",2.23684210526316
"4423","uncleaned",1.55789473684211
"4424","uncleaned",1.42105263157895
"4425","uncleaned",2.12631578947368
"4426","uncleaned",2.01578947368421
"4427","uncleaned",2.43684210526316
"4428","uncleaned",0.905263157894737
"4429","uncleaned",2.08947368421053
"4430","uncleaned",2.10526315789474
"4431","uncleaned",2.72105263157895
"4432","uncleaned",2.81578947368421
"4433","uncleaned",1.4
"4434","uncleaned",1.91052631578947
"4435","uncleaned",0.489473684210526
"4436","uncleaned",1.91578947368421
"4437","uncleaned",2.08421052631579
"4438","uncleaned",2.96315789473684
"4439","uncleaned",2.61052631578947
"4440","uncleaned",2.29473684210526
"4441","uncleaned",2.43684210526316
"4442","uncleaned",1.93157894736842
"4443","uncleaned",1.96842105263158
"4444","uncleaned",1.66842105263158
"4445","uncleaned",1.58947368421053
"4446","uncleaned",2.16315789473684
"4447","uncleaned",1.23684210526316
"4448","uncleaned",0.957894736842105
"4449","uncleaned",2.47368421052632
"4450","uncleaned",2.08947368421053
"4451","uncleaned",1.16315789473684
"4452","uncleaned",2.54736842105263
"4453","uncleaned",0.742105263157895
"4454","uncleaned",2.48947368421053
"4455","uncleaned",1.79473684210526
"4456","uncleaned",2.00526315789474
"4457","uncleaned",2.36315789473684
"4458","uncleaned",2.33157894736842
"4459","uncleaned",1.07894736842105
"4460","uncleaned",1.4
"4461","uncleaned",1.42105263157895
"4462","uncleaned",0.763157894736842
"4463","uncleaned",2.14210526315789
"4464","uncleaned",2.30526315789474
"4465","uncleaned",1.53684210526316
"4466","uncleaned",1.42105263157895
"4467","uncleaned",1.27894736842105
"4468","uncleaned",1.77894736842105
"4469","uncleaned",2.59473684210526
"4470","uncleaned",1.93157894736842
"4471","uncleaned",2.00526315789474
"4472","uncleaned",1.8
"4473","uncleaned",1.87894736842105
"4474","uncleaned",2.54736842105263
"4475","uncleaned",2.27894736842105
"4476","uncleaned",1.73684210526316
"4477","uncleaned",1.16315789473684
"4478","uncleaned",2.31052631578947
"4479","uncleaned",1.59473684210526
"4480","uncleaned",1.9
"4481","uncleaned",2.26315789473684
"4482","uncleaned",2.17894736842105
"4483","uncleaned",1.23684210526316
"4484","uncleaned",1.14210526315789
"4485","uncleaned",2.49473684210526
"4486","uncleaned",2.27894736842105
"4487","uncleaned",1.87368421052632
"4488","uncleaned",1.09473684210526
"4489","uncleaned",1.53157894736842
"4490","uncleaned",2.12631578947368
"4491","uncleaned",1.82631578947368
"4492","uncleaned",2.15789473684211
"4493","uncleaned",0.368421052631579
"4494","uncleaned",2.23157894736842
"4495","uncleaned",1.95789473684211
"4496","uncleaned",1.32105263157895
"4497","uncleaned",2.05263157894737
"4498","uncleaned",2.53157894736842
"4499","uncleaned",0.931578947368421
"4500","uncleaned",1.01578947368421
"4501","uncleaned",1.66315789473684
"4502","uncleaned",2.57368421052632
"4503","uncleaned",2.58421052631579
"4504","uncleaned",2.08421052631579
"4505","uncleaned",2.03684210526316
"4506","uncleaned",1.98947368421053
"4507","uncleaned",2.63157894736842
"4508","uncleaned",2.12105263157895
"4509","uncleaned",3.22105263157895
"4510","uncleaned",1.67368421052632
"4511","uncleaned",1.40526315789474
"4512","uncleaned",1.85263157894737
"4513","uncleaned",2.2
"4514","uncleaned",1.79473684210526
"4515","uncleaned",2.33157894736842
"4516","uncleaned",1.03684210526316
"4517","uncleaned",1.48421052631579
"4518","uncleaned",1.32631578947368
"4519","uncleaned",2.61578947368421
"4520","uncleaned",2.80526315789474
"4521","uncleaned",1.61578947368421
"4522","uncleaned",2.4
"4523","uncleaned",1.11052631578947
"4524","uncleaned",1.63684210526316
"4525","uncleaned",1.69473684210526
"4526","uncleaned",2.01052631578947
"4527","uncleaned",1.59473684210526
"4528","uncleaned",2.54736842105263
"4529","uncleaned",0.547368421052632
"4530","uncleaned",1.55789473684211
"4531","uncleaned",1.54736842105263
"4532","uncleaned",1.84210526315789
"4533","uncleaned",1.63157894736842
"4534","uncleaned",2.04210526315789
"4535","uncleaned",1.67368421052632
"4536","uncleaned",2.02105263157895
"4537","uncleaned",2.91052631578947
"4538","uncleaned",2.98421052631579
"4539","uncleaned",2.05789473684211
"4540","uncleaned",1.17368421052632
"4541","uncleaned",1.29473684210526
"4542","uncleaned",1.55789473684211
"4543","uncleaned",2.03157894736842
"4544","uncleaned",1.32631578947368
"4545","uncleaned",1.39473684210526
"4546","uncleaned",1.69473684210526
"4547","uncleaned",1.12105263157895
"4548","uncleaned",2.13684210526316
"4549","uncleaned",2.6
"4550","uncleaned",2.56842105263158
"4551","uncleaned",2.68947368421053
"4552","uncleaned",2.02631578947368
"4553","uncleaned",1.40526315789474
"4554","uncleaned",1.15263157894737
"4555","uncleaned",1.84210526315789
"4556","uncleaned",1.46315789473684
"4557","uncleaned",3.45789473684211
"4558","uncleaned",2.91052631578947
"4559","uncleaned",1.51052631578947
"4560","uncleaned",1.57368421052632
"4561","uncleaned",2.39473684210526
"4562","uncleaned",1.77368421052632
"4563","uncleaned",2.11578947368421
"4564","uncleaned",1.47894736842105
"4565","uncleaned",1.97368421052632
"4566","uncleaned",1.05263157894737
"4567","uncleaned",1.91052631578947
"4568","uncleaned",2.07368421052632
"4569","uncleaned",2.07894736842105
"4570","uncleaned",1.61052631578947
"4571","uncleaned",1.17894736842105
"4572","uncleaned",2.21578947368421
"4573","uncleaned",1.76315789473684
"4574","uncleaned",1.94736842105263
"4575","uncleaned",2.18421052631579
"4576","uncleaned",2.04210526315789
"4577","uncleaned",1.20526315789474
"4578","uncleaned",2.84210526315789
"4579","uncleaned",2.53157894736842
"4580","uncleaned",1.36315789473684
"4581","uncleaned",2.03684210526316
"4582","uncleaned",1.67368421052632
"4583","uncleaned",0.773684210526316
"4584","uncleaned",2.56315789473684
"4585","uncleaned",3.21578947368421
"4586","uncleaned",1.16315789473684
"4587","uncleaned",1.62105263157895
"4588","uncleaned",2.15263157894737
"4589","uncleaned",1.91578947368421
"4590","uncleaned",1.07894736842105
"4591","uncleaned",2.27368421052632
"4592","uncleaned",0.431578947368421
"4593","uncleaned",3.25263157894737
"4594","uncleaned",1.87894736842105
"4595","uncleaned",2.55789473684211
"4596","uncleaned",2.51052631578947
"4597","uncleaned",3.22631578947368
"4598","uncleaned",0.863157894736842
"4599","uncleaned",2.71052631578947
"4600","uncleaned",2.38947368421053
"4601","uncleaned",1.1
"4602","uncleaned",2.30526315789474
"4603","uncleaned",2.02105263157895
"4604","uncleaned",2.08947368421053
"4605","uncleaned",2.16842105263158
"4606","uncleaned",2.33684210526316
"4607","uncleaned",0.826315789473684
"4608","uncleaned",1.6
"4609","uncleaned",1.33157894736842
"4610","uncleaned",2.13157894736842
"4611","uncleaned",1.74210526315789
"4612","uncleaned",1.00526315789474
"4613","uncleaned",2.25263157894737
"4614","uncleaned",2.20526315789474
"4615","uncleaned",0.957894736842105
"4616","uncleaned",1.75789473684211
"4617","uncleaned",2.27894736842105
"4618","uncleaned",1.60526315789474
"4619","uncleaned",2.09473684210526
"4620","uncleaned",2.62631578947368
"4621","uncleaned",1.33684210526316
"4622","uncleaned",1.5
"4623","uncleaned",1.95263157894737
"4624","uncleaned",2.08421052631579
"4625","uncleaned",2.15263157894737
"4626","uncleaned",2.27894736842105
"4627","uncleaned",2.73157894736842
"4628","uncleaned",1.96842105263158
"4629","uncleaned",2.55789473684211
"4630","uncleaned",1.26842105263158
"4631","uncleaned",0.105263157894737
"4632","uncleaned",2.48947368421053
"4633","uncleaned",1.79473684210526
"4634","uncleaned",1.76315789473684
"4635","uncleaned",2.30526315789474
"4636","uncleaned",1.65263157894737
"4637","uncleaned",2.49473684210526
"4638","uncleaned",1.33684210526316
"4639","uncleaned",2.31052631578947
"4640","uncleaned",1.06315789473684
"4641","uncleaned",0.552631578947368
"4642","uncleaned",2.26842105263158
"4643","uncleaned",1.22105263157895
"4644","uncleaned",2.61052631578947
"4645","uncleaned",1.71052631578947
"4646","uncleaned",0.673684210526316
"4647","uncleaned",2.06842105263158
"4648","uncleaned",2.11578947368421
"4649","uncleaned",1.70526315789474
"4650","uncleaned",2.32105263157895
"4651","uncleaned",1.75789473684211
"4652","uncleaned",2.50526315789474
"4653","uncleaned",3.02631578947368
"4654","uncleaned",1.14210526315789
"4655","uncleaned",2.07368421052632
"4656","uncleaned",2.37368421052632
"4657","uncleaned",1.28421052631579
"4658","uncleaned",2.54210526315789
"4659","uncleaned",2.53157894736842
"4660","uncleaned",1.38421052631579
"4661","uncleaned",1.71052631578947
"4662","uncleaned",2.60526315789474
"4663","uncleaned",1.54736842105263
"4664","uncleaned",3.12631578947368
"4665","uncleaned",3.24736842105263
"4666","uncleaned",2.50526315789474
"4667","uncleaned",2.41578947368421
"4668","uncleaned",1.27368421052632
"4669","uncleaned",2.31578947368421
"4670","uncleaned",1.00526315789474
"4671","uncleaned",1.73157894736842
"4672","uncleaned",2.44210526315789
"4673","uncleaned",2.82631578947368
"4674","uncleaned",2.25789473684211
"4675","uncleaned",1.85263157894737
"4676","uncleaned",1.74736842105263
"4677","uncleaned",1.68947368421053
"4678","uncleaned",2.13157894736842
"4679","uncleaned",1.28947368421053
"4680","uncleaned",1.38421052631579
"4681","uncleaned",2.50526315789474
"4682","uncleaned",2.93684210526316
"4683","uncleaned",1.43684210526316
"4684","uncleaned",1.86315789473684
"4685","uncleaned",2.37368421052632
"4686","uncleaned",0.905263157894737
"4687","uncleaned",1.83684210526316
"4688","uncleaned",1.32631578947368
"4689","uncleaned",2.24736842105263
"4690","uncleaned",1.34210526315789
"4691","uncleaned",2.01052631578947
"4692","uncleaned",2.38421052631579
"4693","uncleaned",2.51052631578947
"4694","uncleaned",1.52105263157895
"4695","uncleaned",2.60526315789474
"4696","uncleaned",2.13157894736842
"4697","uncleaned",2.58421052631579
"4698","uncleaned",1.53157894736842
"4699","uncleaned",2.65263157894737
"4700","uncleaned",2.12631578947368
"4701","uncleaned",1.78947368421053
"4702","uncleaned",1.60526315789474
"4703","uncleaned",1.85789473684211
"4704","uncleaned",1.62631578947368
"4705","uncleaned",2.61052631578947
"4706","uncleaned",1.05263157894737
"4707","uncleaned",2.11052631578947
"4708","uncleaned",2.22631578947368
"4709","uncleaned",0.810526315789474
"4710","uncleaned",0.536842105263158
"4711","uncleaned",1.78947368421053
"4712","uncleaned",2.10526315789474
"4713","uncleaned",1.82105263157895
"4714","uncleaned",1.59473684210526
"4715","uncleaned",1.83157894736842
"4716","uncleaned",2.02631578947368
"4717","uncleaned",2.64736842105263
"4718","uncleaned",1.82105263157895
"4719","uncleaned",1.01052631578947
"4720","uncleaned",1.88947368421053
"4721","uncleaned",1.42105263157895
"4722","uncleaned",3.32631578947368
"4723","uncleaned",1.23157894736842
"4724","uncleaned",2.53684210526316
"4725","uncleaned",2.34736842105263
"4726","uncleaned",0.889473684210526
"4727","uncleaned",1.86315789473684
"4728","uncleaned",1.42631578947368
"4729","uncleaned",1.36315789473684
"4730","uncleaned",2.13684210526316
"4731","uncleaned",1.34736842105263
"4732","uncleaned",1.93684210526316
"4733","uncleaned",2.68947368421053
"4734","uncleaned",0.557894736842105
"4735","uncleaned",1.96842105263158
"4736","uncleaned",1.43157894736842
"4737","uncleaned",1.96315789473684
"4738","uncleaned",2.47368421052632
"4739","uncleaned",2.65789473684211
"4740","uncleaned",1.54210526315789
"4741","uncleaned",1.53157894736842
"4742","uncleaned",1.85263157894737
"4743","uncleaned",2.22105263157895
"4744","uncleaned",1.47368421052632
"4745","uncleaned",1.93157894736842
"4746","uncleaned",1.62105263157895
"4747","uncleaned",1.42105263157895
"4748","uncleaned",1.57894736842105
"4749","uncleaned",1.83157894736842
"4750","uncleaned",2.13157894736842
"4751","uncleaned",0.936842105263158
"4752","uncleaned",2.00526315789474
"4753","uncleaned",2.23684210526316
"4754","uncleaned",1.83684210526316
"4755","uncleaned",2.87368421052632
"4756","uncleaned",2.54210526315789
"4757","uncleaned",3.13157894736842
"4758","uncleaned",1.68947368421053
"4759","uncleaned",1.95263157894737
"4760","uncleaned",1.74210526315789
"4761","uncleaned",1.74736842105263
"4762","uncleaned",1.88421052631579
"4763","uncleaned",2.45263157894737
"4764","uncleaned",1.45789473684211
"4765","uncleaned",2.27368421052632
"4766","uncleaned",1.66842105263158
"4767","uncleaned",1.47368421052632
"4768","uncleaned",2.21052631578947
"4769","uncleaned",1.33157894736842
"4770","uncleaned",2.15789473684211
"4771","uncleaned",0.842105263157895
"4772","uncleaned",1.92105263157895
"4773","uncleaned",1.58421052631579
"4774","uncleaned",1.76315789473684
"4775","uncleaned",1.85263157894737
"4776","uncleaned",1.57894736842105
"4777","uncleaned",2.34736842105263
"4778","uncleaned",1.88947368421053
"4779","uncleaned",2.28947368421053
"4780","uncleaned",2.13157894736842
"4781","uncleaned",2.38947368421053
"4782","uncleaned",2.35789473684211
"4783","uncleaned",1.87894736842105
"4784","uncleaned",1.5
"4785","uncleaned",1.36315789473684
"4786","uncleaned",0.889473684210526
"4787","uncleaned",1.04736842105263
"4788","uncleaned",2.36842105263158
"4789","uncleaned",1.75263157894737
"4790","uncleaned",0.789473684210526
"4791","uncleaned",1.44736842105263
"4792","uncleaned",0.589473684210526
"4793","uncleaned",1.15263157894737
"4794","uncleaned",2.23684210526316
"4795","uncleaned",2.26842105263158
"4796","uncleaned",2.39473684210526
"4797","uncleaned",2.13684210526316
"4798","uncleaned",1.49473684210526
"4799","uncleaned",2.04736842105263
"4800","uncleaned",2.45263157894737
"4801","uncleaned",2.62631578947368
"4802","uncleaned",2.79473684210526
"4803","uncleaned",1.7
"4804","uncleaned",1.63684210526316
"4805","uncleaned",1.01578947368421
"4806","uncleaned",2.23157894736842
"4807","uncleaned",2.05789473684211
"4808","uncleaned",2.13684210526316
"4809","uncleaned",1.71052631578947
"4810","uncleaned",1.14210526315789
"4811","uncleaned",1.07368421052632
"4812","uncleaned",0.863157894736842
"4813","uncleaned",1.64736842105263
"4814","uncleaned",1.61578947368421
"4815","uncleaned",2.11578947368421
"4816","uncleaned",0.9
"4817","uncleaned",1.41052631578947
"4818","uncleaned",1.89473684210526
"4819","uncleaned",2.25263157894737
"4820","uncleaned",1.76842105263158
"4821","uncleaned",2.13157894736842
"4822","uncleaned",0.873684210526316
"4823","uncleaned",1.27368421052632
"4824","uncleaned",2.87368421052632
"4825","uncleaned",2.81578947368421
"4826","uncleaned",2.08947368421053
"4827","uncleaned",1.96315789473684
"4828","uncleaned",2.2
"4829","uncleaned",2.30526315789474
"4830","uncleaned",1.40526315789474
"4831","uncleaned",2.70526315789474
"4832","uncleaned",2.41052631578947
"4833","uncleaned",2.73684210526316
"4834","uncleaned",2.38947368421053
"4835","uncleaned",1.78947368421053
"4836","uncleaned",2.47894736842105
"4837","uncleaned",2.2
"4838","uncleaned",0.9
"4839","uncleaned",2.13684210526316
"4840","uncleaned",1.52105263157895
"4841","uncleaned",2.70526315789474
"4842","uncleaned",2.11052631578947
"4843","uncleaned",1.37368421052632
"4844","uncleaned",0.936842105263158
"4845","uncleaned",1.26842105263158
"4846","uncleaned",2.06842105263158
"4847","uncleaned",1.87894736842105
"4848","uncleaned",2.09473684210526
"4849","uncleaned",2.07894736842105
"4850","uncleaned",2.48421052631579
"4851","uncleaned",2.9
"4852","uncleaned",2.03157894736842
"4853","uncleaned",2.76842105263158
"4854","uncleaned",2.31052631578947
"4855","uncleaned",1.67368421052632
"4856","uncleaned",1.88421052631579
"4857","uncleaned",1.94210526315789
"4858","uncleaned",2.3
"4859","uncleaned",2.75263157894737
"4860","uncleaned",1.17368421052632
"4861","uncleaned",2.06842105263158
"4862","uncleaned",1.42105263157895
"4863","uncleaned",1.37894736842105
"4864","uncleaned",2.66842105263158
"4865","uncleaned",2.70526315789474
"4866","uncleaned",1.85789473684211
"4867","uncleaned",1.18421052631579
"4868","uncleaned",1.80526315789474
"4869","uncleaned",1.69473684210526
"4870","uncleaned",1.42631578947368
"4871","uncleaned",3.03684210526316
"4872","uncleaned",2.15789473684211
"4873","uncleaned",1.54736842105263
"4874","uncleaned",2.55789473684211
"4875","uncleaned",1.93684210526316
"4876","uncleaned",2.27894736842105
"4877","uncleaned",1.73157894736842
"4878","uncleaned",1.45789473684211
"4879","uncleaned",2.41578947368421
"4880","uncleaned",0.905263157894737
"4881","uncleaned",2.09473684210526
"4882","uncleaned",1.57894736842105
"4883","uncleaned",1.71052631578947
"4884","uncleaned",2.33157894736842
"4885","uncleaned",2.53157894736842
"4886","uncleaned",2.51578947368421
"4887","uncleaned",1.97368421052632
"4888","uncleaned",1.9
"4889","uncleaned",1.66842105263158
"4890","uncleaned",1.28947368421053
"4891","uncleaned",1.89473684210526
"4892","uncleaned",2.25789473684211
"4893","uncleaned",1.49473684210526
"4894","uncleaned",1.83157894736842
"4895","uncleaned",2.03684210526316
"4896","uncleaned",2.06842105263158
"4897","uncleaned",1.71578947368421
"4898","uncleaned",2.26315789473684
"4899","uncleaned",1.74210526315789
"4900","uncleaned",1.24736842105263
"4901","uncleaned",1.44736842105263
"4902","uncleaned",0.926315789473684
"4903","uncleaned",2.56842105263158
"4904","uncleaned",2.01052631578947
"4905","uncleaned",1.71578947368421
"4906","uncleaned",1.94736842105263
"4907","uncleaned",2.13157894736842
"4908","uncleaned",1.91052631578947
"4909","uncleaned",1.29473684210526
"4910","uncleaned",1.28947368421053
"4911","uncleaned",1.68947368421053
"4912","uncleaned",2.22631578947368
"4913","uncleaned",1.66315789473684
"4914","uncleaned",1.86842105263158
"4915","uncleaned",2.32631578947368
"4916","uncleaned",1.38421052631579
"4917","uncleaned",1.36842105263158
"4918","uncleaned",2.32631578947368
"4919","uncleaned",2.16315789473684
"4920","uncleaned",1.74210526315789
"4921","uncleaned",1.64736842105263
"4922","uncleaned",2.21052631578947
"4923","uncleaned",2.46315789473684
"4924","uncleaned",1.12631578947368
"4925","uncleaned",2.25789473684211
"4926","uncleaned",1.35789473684211
"4927","uncleaned",2.10526315789474
"4928","uncleaned",1.62631578947368
"4929","uncleaned",1.35263157894737
"4930","uncleaned",2.78421052631579
"4931","uncleaned",1.64210526315789
"4932","uncleaned",2.33684210526316
"4933","uncleaned",2.72105263157895
"4934","uncleaned",2.26315789473684
"4935","uncleaned",1.64210526315789
"4936","uncleaned",1.35263157894737
"4937","uncleaned",1.11052631578947
"4938","uncleaned",1.61052631578947
"4939","uncleaned",1.02105263157895
"4940","uncleaned",2.02631578947368
"4941","uncleaned",1.34736842105263
"4942","uncleaned",1.25789473684211
"4943","uncleaned",1.82105263157895
"4944","uncleaned",2.72631578947368
"4945","uncleaned",3.35789473684211
"4946","uncleaned",2.50526315789474
"4947","uncleaned",1.79473684210526
"4948","uncleaned",1.53684210526316
"4949","uncleaned",1.52631578947368
"4950","uncleaned",1.43157894736842
"4951","uncleaned",2.57894736842105
"4952","uncleaned",1.68947368421053
"4953","uncleaned",0.942105263157895
"4954","uncleaned",1.18421052631579
"4955","uncleaned",1.38421052631579
"4956","uncleaned",1.3
"4957","uncleaned",2.14210526315789
"4958","uncleaned",1.94210526315789
"4959","uncleaned",2.75263157894737
"4960","uncleaned",1.87368421052632
"4961","uncleaned",2.09473684210526
"4962","uncleaned",0.463157894736842
"4963","uncleaned",2.07894736842105
"4964","uncleaned",2.66842105263158
"4965","uncleaned",1.55263157894737
"4966","uncleaned",2.06842105263158
"4967","uncleaned",1.97368421052632
"4968","uncleaned",2.03684210526316
"4969","uncleaned",1.68421052631579
"4970","uncleaned",1.87368421052632
"4971","uncleaned",1.73684210526316
"4972","uncleaned",1.04210526315789
"4973","uncleaned",1.94210526315789
"4974","uncleaned",2.35789473684211
"4975","uncleaned",0.8
"4976","uncleaned",1.91578947368421
"4977","uncleaned",0.91578947368421
"4978","uncleaned",1.19473684210526
"4979","uncleaned",1.58421052631579
"4980","uncleaned",1.92105263157895
"4981","uncleaned",2.64210526315789
"4982","uncleaned",2.28947368421053
"4983","uncleaned",2.88421052631579
"4984","uncleaned",2.34736842105263
"4985","uncleaned",1.24210526315789
"4986","uncleaned",2.38947368421053
"4987","uncleaned",2.31052631578947
"4988","uncleaned",1.72105263157895
"4989","uncleaned",2.42105263157895
"4990","uncleaned",3.64210526315789
"4991","uncleaned",1.46315789473684
"4992","uncleaned",1.54210526315789
"4993","uncleaned",1.26315789473684
"4994","uncleaned",1.76842105263158
"4995","uncleaned",1.65263157894737
"4996","uncleaned",1.51578947368421
"4997","uncleaned",1.97368421052632
"4998","uncleaned",1.78947368421053
"4999","uncleaned",2.15263157894737
"5000","uncleaned",1.50526315789474
"5001","uncleaned",1.35263157894737
"5002","uncleaned",1.59473684210526
"5003","uncleaned",2.03684210526316
"5004","uncleaned",1.60526315789474
"5005","uncleaned",1.36842105263158
"5006","uncleaned",1.89473684210526
"5007","uncleaned",2.44736842105263
"5008","uncleaned",1.1
"5009","uncleaned",0.794736842105263
"5010","uncleaned",1.75263157894737
"5011","uncleaned",1.42105263157895
"5012","uncleaned",2.14736842105263
"5013","uncleaned",1.28947368421053
"5014","uncleaned",0.657894736842105
"5015","uncleaned",2.88947368421053
"5016","uncleaned",1.86315789473684
"5017","uncleaned",2.09473684210526
"5018","uncleaned",1.14736842105263
"5019","uncleaned",1.08947368421053
"5020","uncleaned",2.03684210526316
"5021","uncleaned",0.394736842105263
"5022","uncleaned",1.92105263157895
"5023","uncleaned",1.21052631578947
"5024","uncleaned",2.04210526315789
"5025","uncleaned",2.2
"5026","uncleaned",2.11578947368421
"5027","uncleaned",2.42631578947368
"5028","uncleaned",1.39473684210526
"5029","uncleaned",1.82105263157895
"5030","uncleaned",1.74210526315789
"5031","uncleaned",1.87368421052632
"5032","uncleaned",1.68421052631579
"5033","uncleaned",1.84210526315789
"5034","uncleaned",1.85263157894737
"5035","uncleaned",2.35789473684211
"5036","uncleaned",1.56842105263158
"5037","uncleaned",1.38421052631579
"5038","uncleaned",1.67368421052632
"5039","uncleaned",1.23157894736842
"5040","uncleaned",1.5
"5041","uncleaned",1.03157894736842
"5042","uncleaned",2.01578947368421
"5043","uncleaned",1.44736842105263
"5044","uncleaned",2.43157894736842
"5045","uncleaned",1.45789473684211
"5046","uncleaned",0.868421052631579
"5047","uncleaned",1.30526315789474
"5048","uncleaned",1.95789473684211
"5049","uncleaned",1.43157894736842
"5050","uncleaned",1.38421052631579
"5051","uncleaned",1.37894736842105
"5052","uncleaned",2.67368421052632
"5053","uncleaned",2.16842105263158
"5054","uncleaned",2.49473684210526
"5055","uncleaned",1.72105263157895
"5056","uncleaned",1.28947368421053
"5057","uncleaned",2.38421052631579
"5058","uncleaned",1.94736842105263
"5059","uncleaned",1.17894736842105
"5060","uncleaned",2.36842105263158
"5061","uncleaned",1.63684210526316
"5062","uncleaned",1.31578947368421
"5063","uncleaned",3.18947368421053
"5064","uncleaned",1.70526315789474
"5065","uncleaned",1.88947368421053
"5066","uncleaned",0.936842105263158
"5067","uncleaned",2.24736842105263
"5068","uncleaned",2.04210526315789
"5069","uncleaned",2.45263157894737
"5070","uncleaned",1.21578947368421
"5071","uncleaned",1.37368421052632
"5072","uncleaned",2.12631578947368
"5073","uncleaned",1.37368421052632
"5074","uncleaned",1.86315789473684
"5075","uncleaned",2.01052631578947
"5076","uncleaned",0.952631578947368
"5077","uncleaned",1.91052631578947
"5078","uncleaned",1.63157894736842
"5079","uncleaned",2
"5080","uncleaned",1.07368421052632
"5081","uncleaned",2.34736842105263
"5082","uncleaned",2.36315789473684
"5083","uncleaned",1.94210526315789
"5084","uncleaned",1.5
"5085","uncleaned",1.13157894736842
"5086","uncleaned",1.44210526315789
"5087","uncleaned",1.04736842105263
"5088","uncleaned",1.77894736842105
"5089","uncleaned",1.04210526315789
"5090","uncleaned",1.31052631578947
"5091","uncleaned",1.02631578947368
"5092","uncleaned",2.60526315789474
"5093","uncleaned",0.573684210526316
"5094","uncleaned",0.926315789473684
"5095","uncleaned",2.05263157894737
"5096","uncleaned",1.77894736842105
"5097","uncleaned",1.32105263157895
"5098","uncleaned",0.631578947368421
"5099","uncleaned",1.1
"5100","uncleaned",2.34736842105263
"5101","uncleaned",1.78947368421053
"5102","uncleaned",0.784210526315789
"5103","uncleaned",2.41052631578947
"5104","uncleaned",2.03684210526316
"5105","uncleaned",1.77894736842105
"5106","uncleaned",2.36315789473684
"5107","uncleaned",1.67894736842105
"5108","uncleaned",2.27894736842105
"5109","uncleaned",2.31052631578947
"5110","uncleaned",1.81578947368421
"5111","uncleaned",1.42105263157895
"5112","uncleaned",2.18421052631579
"5113","uncleaned",2.12631578947368
"5114","uncleaned",1.11052631578947
"5115","uncleaned",1.91578947368421
"5116","uncleaned",2.57368421052632
"5117","uncleaned",2.2
"5118","uncleaned",2.86842105263158
"5119","uncleaned",1.87894736842105
"5120","uncleaned",1.64210526315789
"5121","uncleaned",1.46315789473684
"5122","uncleaned",2.51578947368421
"5123","uncleaned",2
"5124","uncleaned",1.48421052631579
"5125","uncleaned",1.33684210526316
"5126","uncleaned",0.994736842105263
"5127","uncleaned",1.67894736842105
"5128","uncleaned",0.810526315789474
"5129","uncleaned",1.94210526315789
"5130","uncleaned",1.62631578947368
"5131","uncleaned",2.06842105263158
"5132","uncleaned",2.19473684210526
"5133","uncleaned",2.67894736842105
"5134","uncleaned",1.31578947368421
"5135","uncleaned",2.35263157894737
"5136","uncleaned",2.06315789473684
"5137","uncleaned",1.93684210526316
"5138","uncleaned",1.76315789473684
"5139","uncleaned",2
"5140","uncleaned",2.26842105263158
"5141","uncleaned",2.07368421052632
"5142","uncleaned",2.55263157894737
"5143","uncleaned",2.01052631578947
"5144","uncleaned",2.67894736842105
"5145","uncleaned",2.2
"5146","uncleaned",2.15789473684211
"5147","uncleaned",2.26315789473684
"5148","uncleaned",1.60526315789474
"5149","uncleaned",1.06315789473684
"5150","uncleaned",2.29473684210526
"5151","uncleaned",1.16842105263158
"5152","uncleaned",1.81578947368421
"5153","uncleaned",1.92631578947368
"5154","uncleaned",2.31052631578947
"5155","uncleaned",2.18947368421053
"5156","uncleaned",1.51052631578947
"5157","uncleaned",2.01052631578947
"5158","uncleaned",1.70526315789474
"5159","uncleaned",1.26842105263158
"5160","uncleaned",0.826315789473684
"5161","uncleaned",1.34210526315789
"5162","uncleaned",2.73684210526316
"5163","uncleaned",2.43157894736842
"5164","uncleaned",2.66315789473684
"5165","uncleaned",1.72105263157895
"5166","uncleaned",2.51578947368421
"5167","uncleaned",1.91052631578947
"5168","uncleaned",2.16842105263158
"5169","uncleaned",1.64736842105263
"5170","uncleaned",1.16315789473684
"5171","uncleaned",2.92105263157895
"5172","uncleaned",1.94736842105263
"5173","uncleaned",1.88421052631579
"5174","uncleaned",1.68947368421053
"5175","uncleaned",1.61578947368421
"5176","uncleaned",1.9
"5177","uncleaned",1.38421052631579
"5178","uncleaned",1.54736842105263
"5179","uncleaned",1.94210526315789
"5180","uncleaned",1.72105263157895
"5181","uncleaned",1.02631578947368
"5182","uncleaned",1.64736842105263
"5183","uncleaned",1.68421052631579
"5184","uncleaned",1.98421052631579
"5185","uncleaned",2.16315789473684
"5186","uncleaned",1.84210526315789
"5187","uncleaned",1.82631578947368
"5188","uncleaned",0.968421052631579
"5189","uncleaned",1.54736842105263
"5190","uncleaned",1.56842105263158
"5191","uncleaned",1.42631578947368
"5192","uncleaned",1.54736842105263
"5193","uncleaned",1.96315789473684
"5194","uncleaned",2.92105263157895
"5195","uncleaned",1.61578947368421
"5196","uncleaned",1.85789473684211
"5197","uncleaned",2.35263157894737
"5198","uncleaned",1.96315789473684
"5199","uncleaned",1.78421052631579
"5200","uncleaned",2.55789473684211
"5201","uncleaned",1.94736842105263
"5202","uncleaned",2.27368421052632
"5203","uncleaned",2.2
"5204","uncleaned",1.85263157894737
"5205","uncleaned",1.01578947368421
"5206","uncleaned",2.03157894736842
"5207","uncleaned",1.27368421052632
"5208","uncleaned",1.17368421052632
"5209","uncleaned",2.16315789473684
"5210","uncleaned",1.63157894736842
"5211","uncleaned",2.14736842105263
"5212","uncleaned",1.5
"5213","uncleaned",2.07368421052632
"5214","uncleaned",1.73684210526316
"5215","uncleaned",1.82105263157895
"5216","uncleaned",2.05263157894737
"5217","uncleaned",1.63157894736842
"5218","uncleaned",3.05789473684211
"5219","uncleaned",2.41052631578947
"5220","uncleaned",2.76315789473684
"5221","uncleaned",2.21578947368421
"5222","uncleaned",2.17894736842105
"5223","uncleaned",2.06315789473684
"5224","uncleaned",2.03684210526316
"5225","uncleaned",1.19473684210526
"5226","uncleaned",1.18947368421053
"5227","uncleaned",1.62105263157895
"5228","uncleaned",1.45789473684211
"5229","uncleaned",1.24210526315789
"5230","uncleaned",2.06315789473684
"5231","uncleaned",2.30526315789474
"5232","uncleaned",1.69473684210526
"5233","uncleaned",1.63157894736842
"5234","uncleaned",1.65263157894737
"5235","uncleaned",1.71578947368421
"5236","uncleaned",2.12105263157895
"5237","uncleaned",2.8
"5238","uncleaned",2.02631578947368
"5239","uncleaned",1.96315789473684
"5240","uncleaned",2.48947368421053
"5241","uncleaned",2.22631578947368
"5242","uncleaned",1.76315789473684
"5243","uncleaned",1.96315789473684
"5244","uncleaned",1.18947368421053
"5245","uncleaned",2.47894736842105
"5246","uncleaned",0.631578947368421
"5247","uncleaned",1.98947368421053
"5248","uncleaned",2.26842105263158
"5249","uncleaned",1.42105263157895
"5250","uncleaned",1.87368421052632
"5251","uncleaned",0.621052631578947
"5252","uncleaned",1.28947368421053
"5253","uncleaned",2.36842105263158
"5254","uncleaned",0.905263157894737
"5255","uncleaned",2.54210526315789
"5256","uncleaned",1.22631578947368
"5257","uncleaned",2.21052631578947
"5258","uncleaned",1.57368421052632
"5259","uncleaned",2.11052631578947
"5260","uncleaned",1.41052631578947
"5261","uncleaned",1.67368421052632
"5262","uncleaned",1.15789473684211
"5263","uncleaned",1.59473684210526
"5264","uncleaned",2.13157894736842
"5265","uncleaned",2.1
"5266","uncleaned",1.87894736842105
"5267","uncleaned",1.86842105263158
"5268","uncleaned",2.82631578947368
"5269","uncleaned",2.50526315789474
"5270","uncleaned",2.12105263157895
"5271","uncleaned",2.62631578947368
"5272","uncleaned",1.72631578947368
"5273","uncleaned",1.86315789473684
"5274","uncleaned",2.15789473684211
"5275","uncleaned",1.08947368421053
"5276","uncleaned",1.13684210526316
"5277","uncleaned",1.94736842105263
"5278","uncleaned",2.25263157894737
"5279","uncleaned",1.7
"5280","uncleaned",1.72105263157895
"5281","uncleaned",1.81052631578947
"5282","uncleaned",1.74736842105263
"5283","uncleaned",1.2
"5284","uncleaned",1.20526315789474
"5285","uncleaned",1.83157894736842
"5286","uncleaned",1.98421052631579
"5287","uncleaned",0.989473684210526
"5288","uncleaned",1.7
"5289","uncleaned",2.36315789473684
"5290","uncleaned",1.55789473684211
"5291","uncleaned",1.31052631578947
"5292","uncleaned",2.4
"5293","uncleaned",1.46315789473684
"5294","uncleaned",1.04736842105263
"5295","uncleaned",0.742105263157895
"5296","uncleaned",1.62631578947368
"5297","uncleaned",2.21052631578947
"5298","uncleaned",2.26842105263158
"5299","uncleaned",2.22105263157895
"5300","uncleaned",2.00526315789474
"5301","uncleaned",1.62105263157895
"5302","uncleaned",2.08947368421053
"5303","uncleaned",1.8
"5304","uncleaned",1.61052631578947
"5305","uncleaned",1.88947368421053
"5306","uncleaned",2.01052631578947
"5307","uncleaned",2.57894736842105
"5308","uncleaned",1.38421052631579
"5309","uncleaned",1.80526315789474
"5310","uncleaned",1.02105263157895
"5311","uncleaned",1.46842105263158
"5312","uncleaned",2.30526315789474
"5313","uncleaned",2.90526315789474
"5314","uncleaned",1.49473684210526
"5315","uncleaned",1.25789473684211
"5316","uncleaned",1.21578947368421
"5317","uncleaned",1.53157894736842
"5318","uncleaned",2.22105263157895
"5319","uncleaned",2.55263157894737
"5320","uncleaned",2.18421052631579
"5321","uncleaned",1.34210526315789
"5322","uncleaned",1.98421052631579
"5323","uncleaned",2.43157894736842
"5324","uncleaned",2.43157894736842
"5325","uncleaned",1.11052631578947
"5326","uncleaned",3.06842105263158
"5327","uncleaned",1.74210526315789
"5328","uncleaned",2.07894736842105
"5329","uncleaned",2.02105263157895
"5330","uncleaned",1.04736842105263
"5331","uncleaned",3.13157894736842
"5332","uncleaned",2.28421052631579
"5333","uncleaned",1.04736842105263
"5334","uncleaned",2.10526315789474
"5335","uncleaned",2.93157894736842
"5336","uncleaned",1
"5337","uncleaned",1.86315789473684
"5338","uncleaned",1.78421052631579
"5339","uncleaned",2.01578947368421
"5340","uncleaned",1.26315789473684
"5341","uncleaned",1.53684210526316
"5342","uncleaned",1.17894736842105
"5343","uncleaned",2.12105263157895
"5344","uncleaned",2.38947368421053
"5345","uncleaned",1.14736842105263
"5346","uncleaned",1.57894736842105
"5347","uncleaned",2.32631578947368
"5348","uncleaned",1.05263157894737
"5349","uncleaned",1.62105263157895
"5350","uncleaned",2.28947368421053
"5351","uncleaned",2.69473684210526
"5352","uncleaned",1.53684210526316
"5353","uncleaned",1.58421052631579
"5354","uncleaned",1.92105263157895
"5355","uncleaned",1.37894736842105
"5356","uncleaned",2.06315789473684
"5357","uncleaned",1.84736842105263
"5358","uncleaned",2.50526315789474
"5359","uncleaned",1.71578947368421
"5360","uncleaned",2.10526315789474
"5361","uncleaned",1.84210526315789
"5362","uncleaned",2.05789473684211
"5363","uncleaned",2.34736842105263
"5364","uncleaned",1.68947368421053
"5365","uncleaned",2.31578947368421
"5366","uncleaned",1.18421052631579
"5367","uncleaned",2.52631578947368
"5368","uncleaned",2.63684210526316
"5369","uncleaned",2.16315789473684
"5370","uncleaned",1.11052631578947
"5371","uncleaned",2.47368421052632
"5372","uncleaned",2.7
"5373","uncleaned",1.34736842105263
"5374","uncleaned",1.10526315789474
"5375","uncleaned",1.67368421052632
"5376","uncleaned",0.752631578947368
"5377","uncleaned",1.85789473684211
"5378","uncleaned",1.63684210526316
"5379","uncleaned",1.69473684210526
"5380","uncleaned",1.54736842105263
"5381","uncleaned",2.28421052631579
"5382","uncleaned",2.57894736842105
"5383","uncleaned",2.31578947368421
"5384","uncleaned",2.53684210526316
"5385","uncleaned",2.38421052631579
"5386","uncleaned",2.51052631578947
"5387","uncleaned",1.56842105263158
"5388","uncleaned",1.64736842105263
"5389","uncleaned",1.4
"5390","uncleaned",2.11578947368421
"5391","uncleaned",2.02631578947368
"5392","uncleaned",2.48947368421053
"5393","uncleaned",2.25789473684211
"5394","uncleaned",1.31052631578947
"5395","uncleaned",1.53157894736842
"5396","uncleaned",1.98421052631579
"5397","uncleaned",1.42105263157895
"5398","uncleaned",1.28947368421053
"5399","uncleaned",0.636842105263158
"5400","uncleaned",1.80526315789474
"5401","uncleaned",2.41052631578947
"5402","uncleaned",2.48421052631579
"5403","uncleaned",1.32631578947368
"5404","uncleaned",1.06842105263158
"5405","uncleaned",2.32105263157895
"5406","uncleaned",2.36842105263158
"5407","uncleaned",2.36842105263158
"5408","uncleaned",2.87368421052632
"5409","uncleaned",0.773684210526316
"5410","uncleaned",1.65263157894737
"5411","uncleaned",2.25789473684211
"5412","uncleaned",2.21052631578947
"5413","uncleaned",2.45263157894737
"5414","uncleaned",2.75263157894737
"5415","uncleaned",2.21052631578947
"5416","uncleaned",1.25263157894737
"5417","uncleaned",2.20526315789474
"5418","uncleaned",2.81578947368421
"5419","uncleaned",1.68947368421053
"5420","uncleaned",1.42631578947368
"5421","uncleaned",1.73684210526316
"5422","uncleaned",2.32631578947368
"5423","uncleaned",2.34210526315789
"5424","uncleaned",1.46842105263158
"5425","uncleaned",1.9
"5426","uncleaned",1.44210526315789
"5427","uncleaned",2.21578947368421
"5428","uncleaned",1.98947368421053
"5429","uncleaned",2.56842105263158
"5430","uncleaned",2.1
"5431","uncleaned",2.34736842105263
"5432","uncleaned",0.615789473684211
"5433","uncleaned",1.26842105263158
"5434","uncleaned",1.47894736842105
"5435","uncleaned",2.12105263157895
"5436","uncleaned",1.99473684210526
"5437","uncleaned",1.9
"5438","uncleaned",1.46315789473684
"5439","uncleaned",0.268421052631579
"5440","uncleaned",2.22105263157895
"5441","uncleaned",1.94736842105263
"5442","uncleaned",1.34736842105263
"5443","uncleaned",2.26315789473684
"5444","uncleaned",0.994736842105263
"5445","uncleaned",2.08947368421053
"5446","uncleaned",1.42631578947368
"5447","uncleaned",3.51578947368421
"5448","uncleaned",1.54210526315789
"5449","uncleaned",0.826315789473684
"5450","uncleaned",1.85789473684211
"5451","uncleaned",1.28421052631579
"5452","uncleaned",1.29473684210526
"5453","uncleaned",1.24210526315789
"5454","uncleaned",1.26842105263158
"5455","uncleaned",1.61578947368421
"5456","uncleaned",1.98947368421053
"5457","uncleaned",2.06842105263158
"5458","uncleaned",2.73157894736842
"5459","uncleaned",3.03157894736842
"5460","uncleaned",1.82631578947368
"5461","uncleaned",1.98947368421053
"5462","uncleaned",1.9
"5463","uncleaned",2.16842105263158
"5464","uncleaned",2.62631578947368
"5465","uncleaned",1.61578947368421
"5466","uncleaned",2.36315789473684
"5467","uncleaned",1.99473684210526
"5468","uncleaned",1.51578947368421
"5469","uncleaned",2.18421052631579
"5470","uncleaned",1.73684210526316
"5471","uncleaned",2.71578947368421
"5472","uncleaned",1.80526315789474
"5473","uncleaned",2.63157894736842
"5474","uncleaned",1.45789473684211
"5475","uncleaned",1.85789473684211
"5476","uncleaned",2.03157894736842
"5477","uncleaned",2.41578947368421
"5478","uncleaned",1.57894736842105
"5479","uncleaned",1.64210526315789
"5480","uncleaned",2.17894736842105
"5481","uncleaned",1.64210526315789
"5482","uncleaned",1.99473684210526
"5483","uncleaned",2.5
"5484","uncleaned",1.73684210526316
"5485","uncleaned",2.35263157894737
"5486","uncleaned",1.60526315789474
"5487","uncleaned",1.87368421052632
"5488","uncleaned",2.22105263157895
"5489","uncleaned",0.778947368421053
"5490","uncleaned",1.38947368421053
"5491","uncleaned",2.65263157894737
"5492","uncleaned",2.03157894736842
"5493","uncleaned",2.46315789473684
"5494","uncleaned",1.52105263157895
"5495","uncleaned",2.00526315789474
"5496","uncleaned",2.54736842105263
"5497","uncleaned",1.85263157894737
"5498","uncleaned",1.68947368421053
"5499","uncleaned",2.00526315789474
"5500","uncleaned",2.16842105263158
"5501","uncleaned",1.82105263157895
"5502","uncleaned",0.784210526315789
"5503","uncleaned",1.71052631578947
"5504","uncleaned",1.92631578947368
"5505","uncleaned",1.82105263157895
"5506","uncleaned",2.67368421052632
"5507","uncleaned",2.38421052631579
"5508","uncleaned",2.45789473684211
"5509","uncleaned",1.90526315789474
"5510","uncleaned",1.48947368421053
"5511","uncleaned",2.27894736842105
"5512","uncleaned",1.66315789473684
"5513","uncleaned",2.23684210526316
"5514","uncleaned",1.22631578947368
"5515","uncleaned",1.92105263157895
"5516","uncleaned",1.37368421052632
"5517","uncleaned",1.60526315789474
"5518","uncleaned",2.03157894736842
"5519","uncleaned",2.32631578947368
"5520","uncleaned",2.04736842105263
"5521","uncleaned",2.07368421052632
"5522","uncleaned",1.25263157894737
"5523","uncleaned",0.742105263157895
"5524","uncleaned",1.84736842105263
"5525","uncleaned",2.15789473684211
"5526","uncleaned",1.82105263157895
"5527","uncleaned",0.621052631578947
"5528","uncleaned",1.63157894736842
"5529","uncleaned",3.11578947368421
"5530","uncleaned",2.46315789473684
"5531","uncleaned",2.15789473684211
"5532","uncleaned",2.24736842105263
"5533","uncleaned",1.87368421052632
"5534","uncleaned",2.60526315789474
"5535","uncleaned",2.67368421052632
"5536","uncleaned",2.34210526315789
"5537","uncleaned",1.28421052631579
"5538","uncleaned",1.61578947368421
"5539","uncleaned",2.51578947368421
"5540","uncleaned",1.81052631578947
"5541","uncleaned",2.24210526315789
"5542","uncleaned",0.00526315789473684
"5543","uncleaned",2.13157894736842
"5544","uncleaned",1.96842105263158
"5545","uncleaned",2.12105263157895
"5546","uncleaned",1.95263157894737
"5547","uncleaned",1.16842105263158
"5548","uncleaned",1.00526315789474
"5549","uncleaned",1.67894736842105
"5550","uncleaned",2.23684210526316
"5551","uncleaned",2.06315789473684
"5552","uncleaned",2.04736842105263
"5553","uncleaned",1.17894736842105
"5554","uncleaned",2.61578947368421
"5555","uncleaned",2.65263157894737
"5556","uncleaned",1.86315789473684
"5557","uncleaned",1.52631578947368
"5558","uncleaned",2.32105263157895
"5559","uncleaned",1.22105263157895
"5560","uncleaned",2.15789473684211
"5561","uncleaned",1.91052631578947
"5562","uncleaned",2.22631578947368
"5563","uncleaned",1.47368421052632
"5564","uncleaned",0.889473684210526
"5565","uncleaned",2.03157894736842
"5566","uncleaned",1.43684210526316
"5567","uncleaned",2.43684210526316
"5568","uncleaned",1.71052631578947
"5569","uncleaned",2.04736842105263
"5570","uncleaned",0.842105263157895
"5571","uncleaned",1.77894736842105
"5572","uncleaned",1.97894736842105
"5573","uncleaned",1.90526315789474
"5574","uncleaned",2.03684210526316
"5575","uncleaned",2.86315789473684
"5576","uncleaned",2.07894736842105
"5577","uncleaned",1.77368421052632
"5578","uncleaned",2.09473684210526
"5579","uncleaned",1.87368421052632
"5580","uncleaned",2.20526315789474
"5581","uncleaned",2.38947368421053
"5582","uncleaned",1.18421052631579
"5583","uncleaned",2.36315789473684
"5584","uncleaned",1.44736842105263
"5585","uncleaned",2.1
"5586","uncleaned",1.30526315789474
"5587","uncleaned",1.59473684210526
"5588","uncleaned",1.70526315789474
"5589","uncleaned",1.58421052631579
"5590","uncleaned",1.26315789473684
"5591","uncleaned",1.67368421052632
"5592","uncleaned",1.68421052631579
"5593","uncleaned",1.56315789473684
"5594","uncleaned",2.2
"5595","uncleaned",1.42631578947368
"5596","uncleaned",1.05263157894737
"5597","uncleaned",2.77894736842105
"5598","uncleaned",1.37368421052632
"5599","uncleaned",1.52631578947368
"5600","uncleaned",1.81578947368421
"5601","uncleaned",2.15789473684211
"5602","uncleaned",2.16315789473684
"5603","uncleaned",0.794736842105263
"5604","uncleaned",2.90526315789474
"5605","uncleaned",2.28947368421053
"5606","uncleaned",1.37368421052632
"5607","uncleaned",0.326315789473684
"5608","uncleaned",1.30526315789474
"5609","uncleaned",2.96315789473684
"5610","uncleaned",0.794736842105263
"5611","uncleaned",1.46315789473684
"5612","uncleaned",2.02631578947368
"5613","uncleaned",1.02105263157895
"5614","uncleaned",1.83684210526316
"5615","uncleaned",1.12631578947368
"5616","uncleaned",1.87894736842105
"5617","uncleaned",1.32105263157895
"5618","uncleaned",1.85263157894737
"5619","uncleaned",2.33157894736842
"5620","uncleaned",1.4
"5621","uncleaned",2.02631578947368
"5622","uncleaned",0.826315789473684
"5623","uncleaned",1.93684210526316
"5624","uncleaned",2.28947368421053
"5625","uncleaned",2.02631578947368
"5626","uncleaned",2.22631578947368
"5627","uncleaned",2.47368421052632
"5628","uncleaned",1.43157894736842
"5629","uncleaned",1.77368421052632
"5630","uncleaned",2.05263157894737
"5631","uncleaned",1.36315789473684
"5632","uncleaned",1.98947368421053
"5633","uncleaned",2.16842105263158
"5634","uncleaned",1.12631578947368
"5635","uncleaned",2.14736842105263
"5636","uncleaned",2.3
"5637","uncleaned",2.10526315789474
"5638","uncleaned",1.47368421052632
"5639","uncleaned",1.28421052631579
"5640","uncleaned",1.52631578947368
"5641","uncleaned",1.98947368421053
"5642","uncleaned",1.81578947368421
"5643","uncleaned",2.11578947368421
"5644","uncleaned",1.72105263157895
"5645","uncleaned",2.46315789473684
"5646","uncleaned",1.87894736842105
"5647","uncleaned",1.45263157894737
"5648","uncleaned",1.53684210526316
"5649","uncleaned",1.98421052631579
"5650","uncleaned",1.73684210526316
"5651","uncleaned",2.29473684210526
"5652","uncleaned",1.8
"5653","uncleaned",2.24210526315789
"5654","uncleaned",1.22105263157895
"5655","uncleaned",2.55263157894737
"5656","uncleaned",1.25789473684211
"5657","uncleaned",2.24736842105263
"5658","uncleaned",1.67894736842105
"5659","uncleaned",1.85263157894737
"5660","uncleaned",2.47894736842105
"5661","uncleaned",2.03157894736842
"5662","uncleaned",1.55263157894737
"5663","uncleaned",1.55263157894737
"5664","uncleaned",1.66842105263158
"5665","uncleaned",2.14736842105263
"5666","uncleaned",2.59473684210526
"5667","uncleaned",2.40526315789474
"5668","uncleaned",1.42105263157895
"5669","uncleaned",1.79473684210526
"5670","uncleaned",2.06315789473684
"5671","uncleaned",1.72105263157895
"5672","uncleaned",1.62105263157895
"5673","uncleaned",2.11052631578947
"5674","uncleaned",1.66315789473684
"5675","uncleaned",1.82105263157895
"5676","uncleaned",2.54210526315789
"5677","uncleaned",1.38947368421053
"5678","uncleaned",1.6
"5679","uncleaned",1.56315789473684
"5680","uncleaned",1.42105263157895
"5681","uncleaned",1.85263157894737
"5682","uncleaned",1.88947368421053
"5683","uncleaned",1.56315789473684
"5684","uncleaned",1.08421052631579
"5685","uncleaned",2.05789473684211
"5686","uncleaned",2.15789473684211
"5687","uncleaned",1.06842105263158
"5688","uncleaned",2.4
"5689","uncleaned",1.75263157894737
"5690","uncleaned",2.62631578947368
"5691","uncleaned",2.00526315789474
"5692","uncleaned",0.942105263157895
"5693","uncleaned",1.34210526315789
"5694","uncleaned",2.74210526315789
"5695","uncleaned",1.33157894736842
"5696","uncleaned",2.97368421052632
"5697","uncleaned",2.03684210526316
"5698","uncleaned",1.74210526315789
"5699","uncleaned",2.07368421052632
"5700","uncleaned",2.22105263157895
"5701","uncleaned",2.46842105263158
"5702","uncleaned",1.64210526315789
"5703","uncleaned",1.18947368421053
"5704","uncleaned",1.54736842105263
"5705","uncleaned",1.93157894736842
"5706","uncleaned",0.452631578947368
"5707","uncleaned",1.78421052631579
"5708","uncleaned",1.65263157894737
"5709","uncleaned",1.76315789473684
"5710","uncleaned",1.53157894736842
"5711","uncleaned",1.61578947368421
"5712","uncleaned",2.36842105263158
"5713","uncleaned",2.10526315789474
"5714","uncleaned",2.33684210526316
"5715","uncleaned",2.80526315789474
"5716","uncleaned",1.73157894736842
"5717","uncleaned",2.11578947368421
"5718","uncleaned",2.3
"5719","uncleaned",2.03684210526316
"5720","uncleaned",2.92631578947368
"5721","uncleaned",2.69473684210526
"5722","uncleaned",2.50526315789474
"5723","uncleaned",1.97894736842105
"5724","uncleaned",1.53684210526316
"5725","uncleaned",1.93684210526316
"5726","uncleaned",2.52105263157895
"5727","uncleaned",1.78421052631579
"5728","uncleaned",1.47368421052632
"5729","uncleaned",2.74210526315789
"5730","uncleaned",2.13157894736842
"5731","uncleaned",2.03684210526316
"5732","uncleaned",1.13157894736842
"5733","uncleaned",2.15263157894737
"5734","uncleaned",2.84736842105263
"5735","uncleaned",1.91578947368421
"5736","uncleaned",1.68421052631579
"5737","uncleaned",2.45263157894737
"5738","uncleaned",1.62631578947368
"5739","uncleaned",2.22105263157895
"5740","uncleaned",1.73157894736842
"5741","uncleaned",1.21578947368421
"5742","uncleaned",2.55789473684211
"5743","uncleaned",2.33684210526316
"5744","uncleaned",2.24736842105263
"5745","uncleaned",1.58421052631579
"5746","uncleaned",2.13157894736842
"5747","uncleaned",1.89473684210526
"5748","uncleaned",1.21578947368421
"5749","uncleaned",2.21052631578947
"5750","uncleaned",1.31052631578947
"5751","uncleaned",1.57368421052632
"5752","uncleaned",1.2
"5753","uncleaned",1.70526315789474
"5754","uncleaned",1.42105263157895
"5755","uncleaned",2.09473684210526
"5756","uncleaned",2.18421052631579
"5757","uncleaned",1.80526315789474
"5758","uncleaned",1.24736842105263
"5759","uncleaned",2.34210526315789
"5760","uncleaned",1.01578947368421
"5761","uncleaned",1.52105263157895
"5762","uncleaned",2.03684210526316
"5763","uncleaned",2.67894736842105
"5764","uncleaned",1.81578947368421
"5765","uncleaned",1.6
"5766","uncleaned",1.87894736842105
"5767","uncleaned",1.86842105263158
"5768","uncleaned",0.573684210526316
"5769","uncleaned",1.78421052631579
"5770","cleaned",1.38947368421053
"5771","cleaned",1.72631578947368
"5772","cleaned",2.12105263157895
"5773","cleaned",1.25263157894737
"5774","cleaned",2.15263157894737
"5775","cleaned",1.58421052631579
"5776","cleaned",1.91052631578947
"5777","cleaned",1.42631578947368
"5778","cleaned",2.55263157894737
"5779","cleaned",1.8
"5780","cleaned",2.15263157894737
"5781","cleaned",2.02631578947368
"5782","cleaned",1.65263157894737
"5783","cleaned",1.75263157894737
"5784","cleaned",1.53157894736842
"5785","cleaned",1.26315789473684
"5786","cleaned",1.32631578947368
"5787","cleaned",1.67894736842105
"5788","cleaned",1.40526315789474
"5789","cleaned",2.44736842105263
"5790","cleaned",2.64736842105263
"5791","cleaned",1.74210526315789
"5792","cleaned",2.12105263157895
"5793","cleaned",1.43684210526316
"5794","cleaned",2.24736842105263
"5795","cleaned",2.37894736842105
"5796","cleaned",1.04736842105263
"5797","cleaned",1.35263157894737
"5798","cleaned",2.31052631578947
"5799","cleaned",1.55263157894737
"5800","cleaned",2.71052631578947
"5801","cleaned",1.78947368421053
"5802","cleaned",2.31578947368421
"5803","cleaned",2.06842105263158
"5804","cleaned",1.76842105263158
"5805","cleaned",1.8
"5806","cleaned",1.66315789473684
"5807","cleaned",1.98421052631579
"5808","cleaned",1.98947368421053
"5809","cleaned",2.30526315789474
"5810","cleaned",1.56315789473684
"5811","cleaned",2.23684210526316
"5812","cleaned",1.92105263157895
"5813","cleaned",1.31578947368421
"5814","cleaned",3.25263157894737
"5815","cleaned",2.28421052631579
"5816","cleaned",1.49473684210526
"5817","cleaned",2.10526315789474
"5818","cleaned",1.11052631578947
"5819","cleaned",1.57894736842105
"5820","cleaned",1.71578947368421
"5821","cleaned",1.44210526315789
"5822","cleaned",1.42105263157895
"5823","cleaned",0.636842105263158
"5824","cleaned",1.52631578947368
"5825","cleaned",1.06315789473684
"5826","cleaned",2.22631578947368
"5827","cleaned",1.41578947368421
"5828","cleaned",2.30526315789474
"5829","cleaned",1.85789473684211
"5830","cleaned",1.24210526315789
"5831","cleaned",2.02631578947368
"5832","cleaned",2.18947368421053
"5833","cleaned",2.28947368421053
"5834","cleaned",2.66842105263158
"5835","cleaned",0.678947368421053
"5836","cleaned",1.89473684210526
"5837","cleaned",2.72105263157895
"5838","cleaned",1.69473684210526
"5839","cleaned",1.81052631578947
"5840","cleaned",0.689473684210526
"5841","cleaned",2.21578947368421
"5842","cleaned",1.32631578947368
"5843","cleaned",2.15789473684211
"5844","cleaned",1.61052631578947
"5845","cleaned",2.43157894736842
"5846","cleaned",2.28947368421053
"5847","cleaned",1.90526315789474
"5848","cleaned",1.61052631578947
"5849","cleaned",1.22105263157895
"5850","cleaned",1.99473684210526
"5851","cleaned",1.80526315789474
"5852","cleaned",1.7
"5853","cleaned",2.07368421052632
"5854","cleaned",1.08947368421053
"5855","cleaned",2.53684210526316
"5856","cleaned",1.53157894736842
"5857","cleaned",1.87368421052632
"5858","cleaned",1.25789473684211
"5859","cleaned",1.53684210526316
"5860","cleaned",1.11052631578947
"5861","cleaned",2.32631578947368
"5862","cleaned",1.29473684210526
"5863","cleaned",1.55789473684211
"5864","cleaned",1.95263157894737
"5865","cleaned",1.48947368421053
"5866","cleaned",2.52105263157895
"5867","cleaned",2.52631578947368
"5868","cleaned",2.53157894736842
"5869","cleaned",2.54210526315789
"5870","cleaned",1.86842105263158
"5871","cleaned",1.53684210526316
"5872","cleaned",0.615789473684211
"5873","cleaned",1.81052631578947
"5874","cleaned",2.14210526315789
"5875","cleaned",1.72631578947368
"5876","cleaned",0.605263157894737
"5877","cleaned",1.84736842105263
"5878","cleaned",2.49473684210526
"5879","cleaned",2.17894736842105
"5880","cleaned",2.4
"5881","cleaned",2.01578947368421
"5882","cleaned",2.18947368421053
"5883","cleaned",2.75789473684211
"5884","cleaned",2.01578947368421
"5885","cleaned",1.50526315789474
"5886","cleaned",1.76842105263158
"5887","cleaned",2.23157894736842
"5888","cleaned",2.13684210526316
"5889","cleaned",1.74736842105263
"5890","cleaned",1.26842105263158
"5891","cleaned",1.27894736842105
"5892","cleaned",2.19473684210526
"5893","cleaned",2.20526315789474
"5894","cleaned",1.71052631578947
"5895","cleaned",1.18421052631579
"5896","cleaned",1.87894736842105
"5897","cleaned",2.21052631578947
"5898","cleaned",1.51578947368421
"5899","cleaned",2.46842105263158
"5900","cleaned",2.14210526315789
"5901","cleaned",1.16315789473684
"5902","cleaned",1.44736842105263
"5903","cleaned",1.31578947368421
"5904","cleaned",2.86315789473684
"5905","cleaned",1.6
"5906","cleaned",1.94736842105263
"5907","cleaned",1.79473684210526
"5908","cleaned",2.1
"5909","cleaned",2.43684210526316
"5910","cleaned",0.757894736842105
"5911","cleaned",2.57368421052632
"5912","cleaned",2.44736842105263
"5913","cleaned",1.48947368421053
"5914","cleaned",1.25263157894737
"5915","cleaned",1.91578947368421
"5916","cleaned",1.62631578947368
"5917","cleaned",2.39473684210526
"5918","cleaned",2.02105263157895
"5919","cleaned",1.75789473684211
"5920","cleaned",1.11578947368421
"5921","cleaned",0.815789473684211
"5922","cleaned",1.64210526315789
"5923","cleaned",1.36315789473684
"5924","cleaned",1.68421052631579
"5925","cleaned",1.88421052631579
"5926","cleaned",1.66842105263158
"5927","cleaned",1.54736842105263
"5928","cleaned",1.09473684210526
"5929","cleaned",2.41578947368421
"5930","cleaned",2.03684210526316
"5931","cleaned",1.02631578947368
"5932","cleaned",1.75789473684211
"5933","cleaned",2.50526315789474
"5934","cleaned",2.58421052631579
"5935","cleaned",1.00526315789474
"5936","cleaned",1.41578947368421
"5937","cleaned",1.33684210526316
"5938","cleaned",1.79473684210526
"5939","cleaned",2.53684210526316
"5940","cleaned",1.91052631578947
"5941","cleaned",1.80526315789474
"5942","cleaned",1.71578947368421
"5943","cleaned",1.71578947368421
"5944","cleaned",2.56842105263158
"5945","cleaned",1.62105263157895
"5946","cleaned",0.305263157894737
"5947","cleaned",2.00526315789474
"5948","cleaned",2.64210526315789
"5949","cleaned",1.6
"5950","cleaned",1.36842105263158
"5951","cleaned",2.08947368421053
"5952","cleaned",2.17894736842105
"5953","cleaned",2.01578947368421
"5954","cleaned",1.95263157894737
"5955","cleaned",2.23157894736842
"5956","cleaned",1.70526315789474
"5957","cleaned",1.73157894736842
"5958","cleaned",1.62105263157895
"5959","cleaned",2.38947368421053
"5960","cleaned",1.85789473684211
"5961","cleaned",2.34210526315789
"5962","cleaned",1.54736842105263
"5963","cleaned",1.50526315789474
"5964","cleaned",2.18421052631579
"5965","cleaned",0.91578947368421
"5966","cleaned",2.07894736842105
"5967","cleaned",1.89473684210526
"5968","cleaned",1.73684210526316
"5969","cleaned",2.52105263157895
"5970","cleaned",1.56842105263158
"5971","cleaned",1.14736842105263
"5972","cleaned",1.77368421052632
"5973","cleaned",2.46315789473684
"5974","cleaned",1.47894736842105
"5975","cleaned",3.18947368421053
"5976","cleaned",2.37894736842105
"5977","cleaned",1.42631578947368
"5978","cleaned",1.61578947368421
"5979","cleaned",2.34736842105263
"5980","cleaned",1.68947368421053
"5981","cleaned",2.06842105263158
"5982","cleaned",1.37368421052632
"5983","cleaned",1.29473684210526
"5984","cleaned",2.11052631578947
"5985","cleaned",1.51052631578947
"5986","cleaned",2.12631578947368
"5987","cleaned",2.47368421052632
"5988","cleaned",2.17368421052632
"5989","cleaned",0.815789473684211
"5990","cleaned",1.25789473684211
"5991","cleaned",1.66842105263158
"5992","cleaned",2.32105263157895
"5993","cleaned",1.92631578947368
"5994","cleaned",2.25789473684211
"5995","cleaned",2.32631578947368
"5996","cleaned",2.52631578947368
"5997","cleaned",0.763157894736842
"5998","cleaned",1.80526315789474
"5999","cleaned",1.41578947368421
"6000","cleaned",1.82105263157895
"6001","cleaned",1.59473684210526
"6002","cleaned",1.71052631578947
"6003","cleaned",2.05263157894737
"6004","cleaned",1.78421052631579
"6005","cleaned",1.06315789473684
"6006","cleaned",1.50526315789474
"6007","cleaned",1.26842105263158
"6008","cleaned",1.75789473684211
"6009","cleaned",1.7
"6010","cleaned",0.963157894736842
"6011","cleaned",2.19473684210526
"6012","cleaned",2.55789473684211
"6013","cleaned",2.14736842105263
"6014","cleaned",1.75263157894737
"6015","cleaned",1.76315789473684
"6016","cleaned",1.77894736842105
"6017","cleaned",1.59473684210526
"6018","cleaned",2.05263157894737
"6019","cleaned",1.27894736842105
"6020","cleaned",1.35789473684211
"6021","cleaned",3.14210526315789
"6022","cleaned",2.38421052631579
"6023","cleaned",1.27894736842105
"6024","cleaned",2.59473684210526
"6025","cleaned",1.71578947368421
"6026","cleaned",2.15789473684211
"6027","cleaned",1.25263157894737
"6028","cleaned",1.09473684210526
"6029","cleaned",1.95263157894737
"6030","cleaned",1.33684210526316
"6031","cleaned",1.64736842105263
"6032","cleaned",1.07894736842105
"6033","cleaned",1.65789473684211
"6034","cleaned",1.54210526315789
"6035","cleaned",0.936842105263158
"6036","cleaned",2.44210526315789
"6037","cleaned",2.52105263157895
"6038","cleaned",2.07894736842105
"6039","cleaned",1.59473684210526
"6040","cleaned",1.84736842105263
"6041","cleaned",2.21052631578947
"6042","cleaned",1.99473684210526
"6043","cleaned",1.78947368421053
"6044","cleaned",1.32631578947368
"6045","cleaned",1.85263157894737
"6046","cleaned",2.07894736842105
"6047","cleaned",2.33684210526316
"6048","cleaned",2.63684210526316
"6049","cleaned",0.884210526315789
"6050","cleaned",2.12105263157895
"6051","cleaned",1.25789473684211
"6052","cleaned",1.67894736842105
"6053","cleaned",1.76842105263158
"6054","cleaned",2.81578947368421
"6055","cleaned",1.67894736842105
"6056","cleaned",1.5
"6057","cleaned",2.36315789473684
"6058","cleaned",1.33157894736842
"6059","cleaned",1.92105263157895
"6060","cleaned",2.23684210526316
"6061","cleaned",1.54210526315789
"6062","cleaned",1.77894736842105
"6063","cleaned",1.71052631578947
"6064","cleaned",1.06315789473684
"6065","cleaned",1.93157894736842
"6066","cleaned",0.952631578947368
"6067","cleaned",1.80526315789474
"6068","cleaned",1.62631578947368
"6069","cleaned",1.95789473684211
"6070","cleaned",2.12105263157895
"6071","cleaned",2.13157894736842
"6072","cleaned",1.28947368421053
"6073","cleaned",2.64210526315789
"6074","cleaned",2.06315789473684
"6075","cleaned",2.52105263157895
"6076","cleaned",1.44736842105263
"6077","cleaned",2.16842105263158
"6078","cleaned",1.56315789473684
"6079","cleaned",1.73157894736842
"6080","cleaned",2.55789473684211
"6081","cleaned",2.25263157894737
"6082","cleaned",1.9
"6083","cleaned",1.8
"6084","cleaned",1.84736842105263
"6085","cleaned",1.38947368421053
"6086","cleaned",1.74210526315789
"6087","cleaned",1.53157894736842
"6088","cleaned",1.62631578947368
"6089","cleaned",1.20526315789474
"6090","cleaned",1.2
"6091","cleaned",1.71052631578947
"6092","cleaned",1.38421052631579
"6093","cleaned",2.08421052631579
"6094","cleaned",1.83684210526316
"6095","cleaned",1.43684210526316
"6096","cleaned",1.25789473684211
"6097","cleaned",1.49473684210526
"6098","cleaned",1.91052631578947
"6099","cleaned",2.43157894736842
"6100","cleaned",1.66315789473684
"6101","cleaned",1.26315789473684
"6102","cleaned",1.98947368421053
"6103","cleaned",0.994736842105263
"6104","cleaned",1.71578947368421
"6105","cleaned",1.50526315789474
"6106","cleaned",1.00526315789474
"6107","cleaned",1.97368421052632
"6108","cleaned",1.62105263157895
"6109","cleaned",1.00526315789474
"6110","cleaned",2.27368421052632
"6111","cleaned",1.12631578947368
"6112","cleaned",1.25263157894737
"6113","cleaned",1.44210526315789
"6114","cleaned",1.70526315789474
"6115","cleaned",2.23157894736842
"6116","cleaned",2.20526315789474
"6117","cleaned",1.07368421052632
"6118","cleaned",1.05263157894737
"6119","cleaned",2.24210526315789
"6120","cleaned",2.60526315789474
"6121","cleaned",1.15263157894737
"6122","cleaned",2.07894736842105
"6123","cleaned",1.68947368421053
"6124","cleaned",2.27368421052632
"6125","cleaned",2.52631578947368
"6126","cleaned",0.947368421052632
"6127","cleaned",1.49473684210526
"6128","cleaned",2.81052631578947
"6129","cleaned",1.36315789473684
"6130","cleaned",2.02105263157895
"6131","cleaned",2.14736842105263
"6132","cleaned",1.67368421052632
"6133","cleaned",1.65789473684211
"6134","cleaned",0.326315789473684
"6135","cleaned",1.58947368421053
"6136","cleaned",2.25263157894737
"6137","cleaned",1.43684210526316
"6138","cleaned",2.37894736842105
"6139","cleaned",0.952631578947368
"6140","cleaned",2.1
"6141","cleaned",3.27894736842105
"6142","cleaned",1.06842105263158
"6143","cleaned",2.01052631578947
"6144","cleaned",1.41052631578947
"6145","cleaned",1.92105263157895
"6146","cleaned",1.64736842105263
"6147","cleaned",1.93157894736842
"6148","cleaned",1.71052631578947
"6149","cleaned",1.17894736842105
"6150","cleaned",2.23157894736842
"6151","cleaned",1.32631578947368
"6152","cleaned",1.55263157894737
"6153","cleaned",1.98947368421053
"6154","cleaned",1.36315789473684
"6155","cleaned",0.363157894736842
"6156","cleaned",1.37368421052632
"6157","cleaned",1.40526315789474
"6158","cleaned",1.81578947368421
"6159","cleaned",1.99473684210526
"6160","cleaned",2
"6161","cleaned",0.452631578947368
"6162","cleaned",1.76315789473684
"6163","cleaned",1.55263157894737
"6164","cleaned",1.78421052631579
"6165","cleaned",1.11052631578947
"6166","cleaned",1.4
"6167","cleaned",2.27368421052632
"6168","cleaned",1.36842105263158
"6169","cleaned",1.03684210526316
"6170","cleaned",1.92631578947368
"6171","cleaned",1.70526315789474
"6172","cleaned",1.87368421052632
"6173","cleaned",1.44210526315789
"6174","cleaned",0.784210526315789
"6175","cleaned",2.13684210526316
"6176","cleaned",0.926315789473684
"6177","cleaned",1.86315789473684
"6178","cleaned",0.442105263157895
"6179","cleaned",1.88421052631579
"6180","cleaned",1.65263157894737
"6181","cleaned",1.24736842105263
"6182","cleaned",1.53157894736842
"6183","cleaned",2.72631578947368
"6184","cleaned",2.40526315789474
"6185","cleaned",1.82105263157895
"6186","cleaned",1.31578947368421
"6187","cleaned",1.58947368421053
"6188","cleaned",1.1
"6189","cleaned",0.821052631578947
"6190","cleaned",0.378947368421053
"6191","cleaned",1.73684210526316
"6192","cleaned",0.421052631578947
"6193","cleaned",1.34210526315789
"6194","cleaned",2.51578947368421
"6195","cleaned",2.38421052631579
"6196","cleaned",1.89473684210526
"6197","cleaned",2.60526315789474
"6198","cleaned",1.96842105263158
"6199","cleaned",3.02631578947368
"6200","cleaned",1.38947368421053
"6201","cleaned",1.71578947368421
"6202","cleaned",1.83684210526316
"6203","cleaned",2.3
"6204","cleaned",1.95789473684211
"6205","cleaned",1.14736842105263
"6206","cleaned",2.69473684210526
"6207","cleaned",2.91052631578947
"6208","cleaned",2.36842105263158
"6209","cleaned",1.79473684210526
"6210","cleaned",2.15263157894737
"6211","cleaned",1.54736842105263
"6212","cleaned",2.58421052631579
"6213","cleaned",2.43157894736842
"6214","cleaned",1.78421052631579
"6215","cleaned",0.936842105263158
"6216","cleaned",1.88421052631579
"6217","cleaned",1.43684210526316
"6218","cleaned",0.794736842105263
"6219","cleaned",1.07894736842105
"6220","cleaned",2.43684210526316
"6221","cleaned",1.62631578947368
"6222","cleaned",2.47894736842105
"6223","cleaned",0.363157894736842
"6224","cleaned",1.93157894736842
"6225","cleaned",1.08947368421053
"6226","cleaned",1.93157894736842
"6227","cleaned",1.97894736842105
"6228","cleaned",1.25263157894737
"6229","cleaned",2.41578947368421
"6230","cleaned",1.78421052631579
"6231","cleaned",2.52631578947368
"6232","cleaned",1.00526315789474
"6233","cleaned",1.88421052631579
"6234","cleaned",2.51052631578947
"6235","cleaned",2.18947368421053
"6236","cleaned",2.12105263157895
"6237","cleaned",2.01578947368421
"6238","cleaned",1.92631578947368
"6239","cleaned",2.13157894736842
"6240","cleaned",1.82105263157895
"6241","cleaned",1.24736842105263
"6242","cleaned",1.77894736842105
"6243","cleaned",2.31578947368421
"6244","cleaned",1.40526315789474
"6245","cleaned",1.67894736842105
"6246","cleaned",1.84210526315789
"6247","cleaned",2.52105263157895
"6248","cleaned",2.02105263157895
"6249","cleaned",1.68947368421053
"6250","cleaned",2.45263157894737
"6251","cleaned",1.26315789473684
"6252","cleaned",1.40526315789474
"6253","cleaned",2.71052631578947
"6254","cleaned",1.59473684210526
"6255","cleaned",1.65789473684211
"6256","cleaned",2.23684210526316
"6257","cleaned",2.42105263157895
"6258","cleaned",2.11052631578947
"6259","cleaned",2.2
"6260","cleaned",2.32631578947368
"6261","cleaned",1.14210526315789
"6262","cleaned",2.37368421052632
"6263","cleaned",2.81578947368421
"6264","cleaned",1.41052631578947
"6265","cleaned",1.30526315789474
"6266","cleaned",1.7
"6267","cleaned",2.93157894736842
"6268","cleaned",1.85789473684211
"6269","cleaned",1.06315789473684
"6270","cleaned",1.92631578947368
"6271","cleaned",2.89473684210526
"6272","cleaned",1.23684210526316
"6273","cleaned",2.02631578947368
"6274","cleaned",1.67894736842105
"6275","cleaned",2.17894736842105
"6276","cleaned",1.74736842105263
"6277","cleaned",2.08421052631579
"6278","cleaned",1.74210526315789
"6279","cleaned",1.42631578947368
"6280","cleaned",2.89473684210526
"6281","cleaned",1.76315789473684
"6282","cleaned",1.56842105263158
"6283","cleaned",1.53684210526316
"6284","cleaned",1.08947368421053
"6285","cleaned",1.29473684210526
"6286","cleaned",2.63684210526316
"6287","cleaned",1.94210526315789
"6288","cleaned",1.84210526315789
"6289","cleaned",2.19473684210526
"6290","cleaned",1.56842105263158
"6291","cleaned",1.62631578947368
"6292","cleaned",2.28947368421053
"6293","cleaned",1.76842105263158
"6294","cleaned",1.99473684210526
"6295","cleaned",2.34210526315789
"6296","cleaned",1.92105263157895
"6297","cleaned",1.56842105263158
"6298","cleaned",1.20526315789474
"6299","cleaned",2.24210526315789
"6300","cleaned",1.96842105263158
"6301","cleaned",2.21052631578947
"6302","cleaned",1.71578947368421
"6303","cleaned",1.94736842105263
"6304","cleaned",2.1
"6305","cleaned",1.81052631578947
"6306","cleaned",1.83684210526316
"6307","cleaned",1.78421052631579
"6308","cleaned",0.973684210526316
"6309","cleaned",1.2
"6310","cleaned",1.13684210526316
"6311","cleaned",1.80526315789474
"6312","cleaned",1.04210526315789
"6313","cleaned",2.03684210526316
"6314","cleaned",1.45263157894737
"6315","cleaned",0.752631578947368
"6316","cleaned",1.63684210526316
"6317","cleaned",2.22631578947368
"6318","cleaned",1.95789473684211
"6319","cleaned",2.37894736842105
"6320","cleaned",2.16842105263158
"6321","cleaned",1.37368421052632
"6322","cleaned",2.26315789473684
"6323","cleaned",1.66315789473684
"6324","cleaned",1.81578947368421
"6325","cleaned",1.15789473684211
"6326","cleaned",1.21578947368421
"6327","cleaned",2.18947368421053
"6328","cleaned",2.2
"6329","cleaned",1.93684210526316
"6330","cleaned",0.842105263157895
"6331","cleaned",0.826315789473684
"6332","cleaned",2.36842105263158
"6333","cleaned",1.54736842105263
"6334","cleaned",2.02631578947368
"6335","cleaned",2.34210526315789
"6336","cleaned",2.48421052631579
"6337","cleaned",1.17894736842105
"6338","cleaned",2.36315789473684
"6339","cleaned",1.23684210526316
"6340","cleaned",1.55263157894737
"6341","cleaned",1.25263157894737
"6342","cleaned",1.21578947368421
"6343","cleaned",2.23157894736842
"6344","cleaned",2.59473684210526
"6345","cleaned",1.78421052631579
"6346","cleaned",2.01052631578947
"6347","cleaned",1.22631578947368
"6348","cleaned",0.821052631578947
"6349","cleaned",2.07894736842105
"6350","cleaned",1.31052631578947
"6351","cleaned",1.65789473684211
"6352","cleaned",1.67894736842105
"6353","cleaned",2.71578947368421
"6354","cleaned",0.721052631578947
"6355","cleaned",0.731578947368421
"6356","cleaned",1.51578947368421
"6357","cleaned",2.51578947368421
"6358","cleaned",2.1
"6359","cleaned",2.12105263157895
"6360","cleaned",1.68947368421053
"6361","cleaned",1.15263157894737
"6362","cleaned",1.62105263157895
"6363","cleaned",2.36842105263158
"6364","cleaned",2.68421052631579
"6365","cleaned",0.863157894736842
"6366","cleaned",2.06315789473684
"6367","cleaned",1.54210526315789
"6368","cleaned",1.95263157894737
"6369","cleaned",0.673684210526316
"6370","cleaned",1.21578947368421
"6371","cleaned",1.76315789473684
"6372","cleaned",2.13684210526316
"6373","cleaned",1.87368421052632
"6374","cleaned",1.36842105263158
"6375","cleaned",2.45789473684211
"6376","cleaned",1.97368421052632
"6377","cleaned",1.42631578947368
"6378","cleaned",1.16315789473684
"6379","cleaned",2.10526315789474
"6380","cleaned",1.1
"6381","cleaned",1.11578947368421
"6382","cleaned",2.12631578947368
"6383","cleaned",1.65263157894737
"6384","cleaned",2.56315789473684
"6385","cleaned",0.305263157894737
"6386","cleaned",1.75789473684211
"6387","cleaned",2.47368421052632
"6388","cleaned",2.11578947368421
"6389","cleaned",1.43684210526316
"6390","cleaned",2.17368421052632
"6391","cleaned",1.84210526315789
"6392","cleaned",2.35263157894737
"6393","cleaned",1.66842105263158
"6394","cleaned",0.910526315789474
"6395","cleaned",0.947368421052632
"6396","cleaned",2.27894736842105
"6397","cleaned",1.89473684210526
"6398","cleaned",1.00526315789474
"6399","cleaned",1.64736842105263
"6400","cleaned",1.25263157894737
"6401","cleaned",2.48421052631579
"6402","cleaned",0.989473684210526
"6403","cleaned",1.61578947368421
"6404","cleaned",2.25263157894737
"6405","cleaned",1.31052631578947
"6406","cleaned",1.08947368421053
"6407","cleaned",1.77894736842105
"6408","cleaned",0.994736842105263
"6409","cleaned",1.67894736842105
"6410","cleaned",0.794736842105263
"6411","cleaned",1.44736842105263
"6412","cleaned",1.80526315789474
"6413","cleaned",1.45263157894737
"6414","cleaned",1.92105263157895
"6415","cleaned",2.45263157894737
"6416","cleaned",1.38947368421053
"6417","cleaned",2
"6418","cleaned",2.71578947368421
"6419","cleaned",1.01578947368421
"6420","cleaned",0.478947368421053
"6421","cleaned",1.33157894736842
"6422","cleaned",1.04736842105263
"6423","cleaned",2.5
"6424","cleaned",2.31578947368421
"6425","cleaned",1.8
"6426","cleaned",2.27894736842105
"6427","cleaned",1.41052631578947
"6428","cleaned",1.02105263157895
"6429","cleaned",1.83684210526316
"6430","cleaned",1.33684210526316
"6431","cleaned",2.38421052631579
"6432","cleaned",1.10526315789474
"6433","cleaned",0.447368421052632
"6434","cleaned",1.93157894736842
"6435","cleaned",2.3
"6436","cleaned",1.80526315789474
"6437","cleaned",1.62105263157895
"6438","cleaned",1.93684210526316
"6439","cleaned",1.96315789473684
"6440","cleaned",2.26315789473684
"6441","cleaned",1.36842105263158
"6442","cleaned",0.426315789473684
"6443","cleaned",2.09473684210526
"6444","cleaned",2.42105263157895
"6445","cleaned",2.19473684210526
"6446","cleaned",2.45263157894737
"6447","cleaned",1.22105263157895
"6448","cleaned",0.805263157894737
"6449","cleaned",2.11578947368421
"6450","cleaned",2.73684210526316
"6451","cleaned",0.3
"6452","cleaned",1.8
"6453","cleaned",1.25789473684211
"6454","cleaned",2.59473684210526
"6455","cleaned",2.02631578947368
"6456","cleaned",1.28421052631579
"6457","cleaned",2.38947368421053
"6458","cleaned",0.647368421052632
"6459","cleaned",1.70526315789474
"6460","cleaned",1.52105263157895
"6461","cleaned",1.92631578947368
"6462","cleaned",1.83157894736842
"6463","cleaned",1.51052631578947
"6464","cleaned",2.06842105263158
"6465","cleaned",1.63157894736842
"6466","cleaned",1.53684210526316
"6467","cleaned",2.40526315789474
"6468","cleaned",1.06842105263158
"6469","cleaned",1.61578947368421
"6470","cleaned",1.10526315789474
"6471","cleaned",2.64736842105263
"6472","cleaned",1.66315789473684
"6473","cleaned",2.04736842105263
"6474","cleaned",1.05263157894737
"6475","cleaned",1.95263157894737
"6476","cleaned",1.98421052631579
"6477","cleaned",3.01578947368421
"6478","cleaned",1.85263157894737
"6479","cleaned",1.58421052631579
"6480","cleaned",1.78947368421053
"6481","cleaned",1.57368421052632
"6482","cleaned",1.69473684210526
"6483","cleaned",1.66315789473684
"6484","cleaned",0.910526315789474
"6485","cleaned",2.72105263157895
"6486","cleaned",2.15263157894737
"6487","cleaned",0.463157894736842
"6488","cleaned",1.80526315789474
"6489","cleaned",2.45789473684211
"6490","cleaned",2.06315789473684
"6491","cleaned",1.55789473684211
"6492","cleaned",2.29473684210526
"6493","cleaned",0.757894736842105
"6494","cleaned",1.63157894736842
"6495","cleaned",1.03157894736842
"6496","cleaned",1.86842105263158
"6497","cleaned",1.24736842105263
"6498","cleaned",1.77894736842105
"6499","cleaned",2.15263157894737
"6500","cleaned",1.28421052631579
"6501","cleaned",2.61578947368421
"6502","cleaned",1.53684210526316
"6503","cleaned",1.48947368421053
"6504","cleaned",1.77894736842105
"6505","cleaned",1.53157894736842
"6506","cleaned",1.74736842105263
"6507","cleaned",1.56315789473684
"6508","cleaned",1.73157894736842
"6509","cleaned",1.41052631578947
"6510","cleaned",1.79473684210526
"6511","cleaned",1.4
"6512","cleaned",1.52105263157895
"6513","cleaned",2.63684210526316
"6514","cleaned",1.47894736842105
"6515","cleaned",1.82631578947368
"6516","cleaned",1.94210526315789
"6517","cleaned",1.88421052631579
"6518","cleaned",2.11578947368421
"6519","cleaned",2.25789473684211
"6520","cleaned",1.46315789473684
"6521","cleaned",2.02631578947368
"6522","cleaned",1.71578947368421
"6523","cleaned",1.33684210526316
"6524","cleaned",2.42105263157895
"6525","cleaned",1.90526315789474
"6526","cleaned",1.91052631578947
"6527","cleaned",1.60526315789474
"6528","cleaned",2.41578947368421
"6529","cleaned",2.08421052631579
"6530","cleaned",0.610526315789474
"6531","cleaned",3.09473684210526
"6532","cleaned",1.72105263157895
"6533","cleaned",2.06315789473684
"6534","cleaned",2.06315789473684
"6535","cleaned",1.37368421052632
"6536","cleaned",2.44736842105263
"6537","cleaned",2.61052631578947
"6538","cleaned",2.25263157894737
"6539","cleaned",1.08947368421053
"6540","cleaned",1.64736842105263
"6541","cleaned",1.46842105263158
"6542","cleaned",2.18421052631579
"6543","cleaned",0.805263157894737
"6544","cleaned",2.61052631578947
"6545","cleaned",1.81052631578947
"6546","cleaned",2.83157894736842
"6547","cleaned",1.79473684210526
"6548","cleaned",2.01578947368421
"6549","cleaned",1.56315789473684
"6550","cleaned",1.71578947368421
"6551","cleaned",1.36842105263158
"6552","cleaned",1.94210526315789
"6553","cleaned",2.45263157894737
"6554","cleaned",2.48421052631579
"6555","cleaned",2.16315789473684
"6556","cleaned",2.43157894736842
"6557","cleaned",1.29473684210526
"6558","cleaned",1.36315789473684
"6559","cleaned",1.88421052631579
"6560","cleaned",2.46842105263158
"6561","cleaned",1.78947368421053
"6562","cleaned",1.25789473684211
"6563","cleaned",1.69473684210526
"6564","cleaned",2.37368421052632
"6565","cleaned",1.76842105263158
"6566","cleaned",1.98947368421053
"6567","cleaned",2.10526315789474
"6568","cleaned",2.31578947368421
"6569","cleaned",1.70526315789474
"6570","cleaned",1.76842105263158
"6571","cleaned",1.70526315789474
"6572","cleaned",1.72105263157895
"6573","cleaned",2.56842105263158
"6574","cleaned",1.85263157894737
"6575","cleaned",2.16315789473684
"6576","cleaned",2.88947368421053
"6577","cleaned",1.91578947368421
"6578","cleaned",1.94210526315789
"6579","cleaned",1.76315789473684
"6580","cleaned",1.45263157894737
"6581","cleaned",1.76315789473684
"6582","cleaned",2.12631578947368
"6583","cleaned",1.71578947368421
"6584","cleaned",1.03684210526316
"6585","cleaned",1.31052631578947
"6586","cleaned",1.65789473684211
"6587","cleaned",1.92105263157895
"6588","cleaned",1
"6589","cleaned",0.894736842105263
"6590","cleaned",2.17368421052632
"6591","cleaned",1.62631578947368
"6592","cleaned",1.57368421052632
"6593","cleaned",1.44210526315789
"6594","cleaned",1.97894736842105
"6595","cleaned",0.768421052631579
"6596","cleaned",2.12631578947368
"6597","cleaned",1.89473684210526
"6598","cleaned",1.51052631578947
"6599","cleaned",1.51578947368421
"6600","cleaned",1.35789473684211
"6601","cleaned",1.84210526315789
"6602","cleaned",2.31578947368421
"6603","cleaned",2.18421052631579
"6604","cleaned",2.12105263157895
"6605","cleaned",2.90526315789474
"6606","cleaned",1.71052631578947
"6607","cleaned",1.67368421052632
"6608","cleaned",2.15789473684211
"6609","cleaned",1.94736842105263
"6610","cleaned",2.46842105263158
"6611","cleaned",1.91052631578947
"6612","cleaned",1.92631578947368
"6613","cleaned",1.25263157894737
"6614","cleaned",1.26842105263158
"6615","cleaned",1.11578947368421
"6616","cleaned",1.67894736842105
"6617","cleaned",2.32631578947368
"6618","cleaned",1.62105263157895
"6619","cleaned",1.58421052631579
"6620","cleaned",1.6
"6621","cleaned",1.55263157894737
"6622","cleaned",1.85263157894737
"6623","cleaned",1.35263157894737
"6624","cleaned",1.51578947368421
"6625","cleaned",1.97368421052632
"6626","cleaned",1.27368421052632
"6627","cleaned",2.09473684210526
"6628","cleaned",1.76315789473684
"6629","cleaned",1.52105263157895
"6630","cleaned",0.931578947368421
"6631","cleaned",1.69473684210526
"6632","cleaned",1.43684210526316
"6633","cleaned",1.66315789473684
"6634","cleaned",2.91052631578947
"6635","cleaned",1.74210526315789
"6636","cleaned",2.48421052631579
"6637","cleaned",1.93157894736842
"6638","cleaned",1.82631578947368
"6639","cleaned",2.61052631578947
"6640","cleaned",1.31052631578947
"6641","cleaned",1.72105263157895
"6642","cleaned",1.7
"6643","cleaned",0.852631578947368
"6644","cleaned",1.84210526315789
"6645","cleaned",0.810526315789474
"6646","cleaned",0.952631578947368
"6647","cleaned",1.98947368421053
"6648","cleaned",1.28947368421053
"6649","cleaned",2.1
"6650","cleaned",1.82631578947368
"6651","cleaned",2.61578947368421
"6652","cleaned",2.55789473684211
"6653","cleaned",0.663157894736842
"6654","cleaned",2.31578947368421
"6655","cleaned",2.75789473684211
"6656","cleaned",0.989473684210526
"6657","cleaned",1.52631578947368
"6658","cleaned",2.08947368421053
"6659","cleaned",1.11578947368421
"6660","cleaned",1.82105263157895
"6661","cleaned",1.63684210526316
"6662","cleaned",2.13684210526316
"6663","cleaned",1.93684210526316
"6664","cleaned",0.873684210526316
"6665","cleaned",1.96842105263158
"6666","cleaned",1.62105263157895
"6667","cleaned",2.08421052631579
"6668","cleaned",1.9
"6669","cleaned",1.94210526315789
"6670","cleaned",1.6
"6671","cleaned",0.9
"6672","cleaned",2.02631578947368
"6673","cleaned",2.33684210526316
"6674","cleaned",2.15789473684211
"6675","cleaned",1.07894736842105
"6676","cleaned",1.98421052631579
"6677","cleaned",1.33684210526316
"6678","cleaned",1.04736842105263
"6679","cleaned",1.81052631578947
"6680","cleaned",2.04736842105263
"6681","cleaned",2
"6682","cleaned",1.40526315789474
"6683","cleaned",2.63684210526316
"6684","cleaned",2.2
"6685","cleaned",2.44736842105263
"6686","cleaned",2.2
"6687","cleaned",1.76315789473684
"6688","cleaned",1.26842105263158
"6689","cleaned",0.742105263157895
"6690","cleaned",0.721052631578947
"6691","cleaned",0.0894736842105263
"6692","cleaned",1.13157894736842
"6693","cleaned",2.43684210526316
"6694","cleaned",2.33157894736842
"6695","cleaned",1.40526315789474
"6696","cleaned",1.50526315789474
"6697","cleaned",1.14210526315789
"6698","cleaned",1.52105263157895
"6699","cleaned",1.19473684210526
"6700","cleaned",1.18947368421053
"6701","cleaned",1.78421052631579
"6702","cleaned",0.821052631578947
"6703","cleaned",1.03157894736842
"6704","cleaned",0.884210526315789
"6705","cleaned",1.38421052631579
"6706","cleaned",1.41052631578947
"6707","cleaned",1.81578947368421
"6708","cleaned",2.75789473684211
"6709","cleaned",1.43157894736842
"6710","cleaned",1.44210526315789
"6711","cleaned",2.05789473684211
"6712","cleaned",2.33157894736842
"6713","cleaned",2.42105263157895
"6714","cleaned",1.33157894736842
"6715","cleaned",1.98947368421053
"6716","cleaned",2.14210526315789
"6717","cleaned",2.13684210526316
"6718","cleaned",1.67894736842105
"6719","cleaned",2.78421052631579
"6720","cleaned",2.32631578947368
"6721","cleaned",1.20526315789474
"6722","cleaned",0.952631578947368
"6723","cleaned",2.66315789473684
"6724","cleaned",2.26315789473684
"6725","cleaned",1.70526315789474
"6726","cleaned",1.30526315789474
"6727","cleaned",1.12631578947368
"6728","cleaned",2.14210526315789
"6729","cleaned",2.19473684210526
"6730","cleaned",2.77368421052632
"6731","cleaned",1.7
"6732","cleaned",2.58421052631579
"6733","cleaned",2.20526315789474
"6734","cleaned",1.19473684210526
"6735","cleaned",1.89473684210526
"6736","cleaned",2.42105263157895
"6737","cleaned",1.40526315789474
"6738","cleaned",1.42631578947368
"6739","cleaned",1.10526315789474
"6740","cleaned",1.50526315789474
"6741","cleaned",2.50526315789474
"6742","cleaned",2.20526315789474
"6743","cleaned",1.72631578947368
"6744","cleaned",1.62105263157895
"6745","cleaned",1.39473684210526
"6746","cleaned",2.27368421052632
"6747","cleaned",3.26315789473684
"6748","cleaned",1.68421052631579
"6749","cleaned",0.815789473684211
"6750","cleaned",1.38421052631579
"6751","cleaned",2.81578947368421
"6752","cleaned",1.41052631578947
"6753","cleaned",2.2
"6754","cleaned",1.34736842105263
"6755","cleaned",1.89473684210526
"6756","cleaned",2.05263157894737
"6757","cleaned",1.33157894736842
"6758","cleaned",2.49473684210526
"6759","cleaned",1.13684210526316
"6760","cleaned",1.57368421052632
"6761","cleaned",2.64736842105263
"6762","cleaned",1.98947368421053
"6763","cleaned",2.00526315789474
"6764","cleaned",1.97894736842105
"6765","cleaned",1.94210526315789
"6766","cleaned",1.36315789473684
"6767","cleaned",2.04736842105263
"6768","cleaned",2.39473684210526
"6769","cleaned",1.97894736842105
"6770","cleaned",1.01578947368421
"6771","cleaned",1.51052631578947
"6772","cleaned",2.37368421052632
"6773","cleaned",1.47368421052632
"6774","cleaned",2.28947368421053
"6775","cleaned",1.86842105263158
"6776","cleaned",2.67368421052632
"6777","cleaned",0.778947368421053
"6778","cleaned",1.91578947368421
"6779","cleaned",3.06842105263158
"6780","cleaned",2.74736842105263
"6781","cleaned",1.96842105263158
"6782","cleaned",1.44210526315789
"6783","cleaned",1.44736842105263
"6784","cleaned",1.34736842105263
"6785","cleaned",1.48421052631579
"6786","cleaned",2.14210526315789
"6787","cleaned",1.25263157894737
"6788","cleaned",1.43157894736842
"6789","cleaned",1.96315789473684
"6790","cleaned",1.51578947368421
"6791","cleaned",0.8
"6792","cleaned",1.71578947368421
"6793","cleaned",2.07894736842105
"6794","cleaned",1.36842105263158
"6795","cleaned",1.71578947368421
"6796","cleaned",2.06842105263158
"6797","cleaned",1.85789473684211
"6798","cleaned",1.44210526315789
"6799","cleaned",1.9
"6800","cleaned",1.70526315789474
"6801","cleaned",1.57894736842105
"6802","cleaned",1.09473684210526
"6803","cleaned",1.02631578947368
"6804","cleaned",1.31578947368421
"6805","cleaned",3.36842105263158
"6806","cleaned",1.39473684210526
"6807","cleaned",1.34736842105263
"6808","cleaned",1.95263157894737
"6809","cleaned",2.85789473684211
"6810","cleaned",1.42631578947368
"6811","cleaned",2.25263157894737
"6812","cleaned",1.73157894736842
"6813","cleaned",2.54210526315789
"6814","cleaned",2.27368421052632
"6815","cleaned",2.08421052631579
"6816","cleaned",0.763157894736842
"6817","cleaned",2.34210526315789
"6818","cleaned",1.6
"6819","cleaned",1.08947368421053
"6820","cleaned",1.81052631578947
"6821","cleaned",1.63684210526316
"6822","cleaned",1.11578947368421
"6823","cleaned",1.36842105263158
"6824","cleaned",1
"6825","cleaned",2.51578947368421
"6826","cleaned",1.57894736842105
"6827","cleaned",1.73684210526316
"6828","cleaned",1.45263157894737
"6829","cleaned",3.21578947368421
"6830","cleaned",1.77368421052632
"6831","cleaned",1.65789473684211
"6832","cleaned",1.72631578947368
"6833","cleaned",1.88421052631579
"6834","cleaned",1.76315789473684
"6835","cleaned",2.53684210526316
"6836","cleaned",1.98421052631579
"6837","cleaned",2.07368421052632
"6838","cleaned",0.715789473684211
"6839","cleaned",2.24210526315789
"6840","cleaned",2.49473684210526
"6841","cleaned",2.11578947368421
"6842","cleaned",1.42631578947368
"6843","cleaned",1.83157894736842
"6844","cleaned",2.11052631578947
"6845","cleaned",2.47894736842105
"6846","cleaned",1.14736842105263
"6847","cleaned",0.989473684210526
"6848","cleaned",1.45263157894737
"6849","cleaned",1.64736842105263
"6850","cleaned",1.68421052631579
"6851","cleaned",2.53157894736842
"6852","cleaned",1.84210526315789
"6853","cleaned",1.52631578947368
"6854","cleaned",1.87894736842105
"6855","cleaned",1.33684210526316
"6856","cleaned",1.63157894736842
"6857","cleaned",2.37368421052632
"6858","cleaned",1.22105263157895
"6859","cleaned",1.48947368421053
"6860","cleaned",1.43157894736842
"6861","cleaned",1.24210526315789
"6862","cleaned",1.87368421052632
"6863","cleaned",2.01578947368421
"6864","cleaned",1.76315789473684
"6865","cleaned",3.06842105263158
"6866","cleaned",3.06842105263158
"6867","cleaned",2.27368421052632
"6868","cleaned",2.08421052631579
"6869","cleaned",1.88421052631579
"6870","cleaned",2.07368421052632
"6871","cleaned",0.978947368421053
"6872","cleaned",1.63684210526316
"6873","cleaned",1.96842105263158
"6874","cleaned",1.25263157894737
"6875","cleaned",1.93157894736842
"6876","cleaned",1.31578947368421
"6877","cleaned",2.75789473684211
"6878","cleaned",1.18947368421053
"6879","cleaned",2.14736842105263
"6880","cleaned",1.93157894736842
"6881","cleaned",2.34210526315789
"6882","cleaned",2.14736842105263
"6883","cleaned",1.07894736842105
"6884","cleaned",2.72631578947368
"6885","cleaned",2.28947368421053
"6886","cleaned",2.16842105263158
"6887","cleaned",1.85263157894737
"6888","cleaned",2.27894736842105
"6889","cleaned",0.905263157894737
"6890","cleaned",1.96842105263158
"6891","cleaned",2.03684210526316
"6892","cleaned",1.91578947368421
"6893","cleaned",2.11578947368421
"6894","cleaned",2.54736842105263
"6895","cleaned",2.19473684210526
"6896","cleaned",2.02631578947368
"6897","cleaned",1.73157894736842
"6898","cleaned",1.75789473684211
"6899","cleaned",2.71052631578947
"6900","cleaned",1.36842105263158
"6901","cleaned",2.12105263157895
"6902","cleaned",2.48421052631579
"6903","cleaned",1.87894736842105
"6904","cleaned",2.51578947368421
"6905","cleaned",1.09473684210526
"6906","cleaned",2.24210526315789
"6907","cleaned",1.08947368421053
"6908","cleaned",1.43684210526316
"6909","cleaned",1.95263157894737
"6910","cleaned",2.06315789473684
"6911","cleaned",2.14736842105263
"6912","cleaned",1.48947368421053
"6913","cleaned",1.37894736842105
"6914","cleaned",2.67894736842105
"6915","cleaned",1.76842105263158
"6916","cleaned",1.52105263157895
"6917","cleaned",1.01578947368421
"6918","cleaned",0.973684210526316
"6919","cleaned",1.35789473684211
"6920","cleaned",1.45789473684211
"6921","cleaned",1.88947368421053
"6922","cleaned",1.96842105263158
"6923","cleaned",2.41578947368421
"6924","cleaned",1.94736842105263
"6925","cleaned",1.2
"6926","cleaned",1.25789473684211
"6927","cleaned",1.44210526315789
"6928","cleaned",0.136842105263158
"6929","cleaned",1.53157894736842
"6930","cleaned",1.52631578947368
"6931","cleaned",1.12105263157895
"6932","cleaned",1.13684210526316
"6933","cleaned",2.1
"6934","cleaned",1.85263157894737
"6935","cleaned",1.10526315789474
"6936","cleaned",2.42105263157895
"6937","cleaned",1.76315789473684
"6938","cleaned",1.23684210526316
"6939","cleaned",1.74736842105263
"6940","cleaned",1.89473684210526
"6941","cleaned",1.41578947368421
"6942","cleaned",2.05263157894737
"6943","cleaned",2.12631578947368
"6944","cleaned",2.36842105263158
"6945","cleaned",2.82105263157895
"6946","cleaned",1.77894736842105
"6947","cleaned",1.45263157894737
"6948","cleaned",1.45263157894737
"6949","cleaned",1.98421052631579
"6950","cleaned",1.66842105263158
"6951","cleaned",2.05263157894737
"6952","cleaned",1.43684210526316
"6953","cleaned",1.37368421052632
"6954","cleaned",1.47894736842105
"6955","cleaned",1.78421052631579
"6956","cleaned",1.49473684210526
"6957","cleaned",1.4
"6958","cleaned",2.28947368421053
"6959","cleaned",2.46315789473684
"6960","cleaned",2.35263157894737
"6961","cleaned",1.80526315789474
"6962","cleaned",1.57894736842105
"6963","cleaned",1.33157894736842
"6964","cleaned",2.06315789473684
"6965","cleaned",0.984210526315789
"6966","cleaned",1.91578947368421
"6967","cleaned",2.46315789473684
"6968","cleaned",2.05789473684211
"6969","cleaned",1.09473684210526
"6970","cleaned",1.87368421052632
"6971","cleaned",1.71578947368421
"6972","cleaned",1.78421052631579
"6973","cleaned",2.11578947368421
"6974","cleaned",2.06842105263158
"6975","cleaned",1.52105263157895
"6976","cleaned",1.75263157894737
"6977","cleaned",1.6
"6978","cleaned",2.11578947368421
"6979","cleaned",1.15789473684211
"6980","cleaned",1.47894736842105
"6981","cleaned",1.8
"6982","cleaned",1.97368421052632
"6983","cleaned",1.21578947368421
"6984","cleaned",1.29473684210526
"6985","cleaned",1.33684210526316
"6986","cleaned",1.71578947368421
"6987","cleaned",1.78947368421053
"6988","cleaned",2.46315789473684
"6989","cleaned",1.29473684210526
"6990","cleaned",0.931578947368421
"6991","cleaned",2.06842105263158
"6992","cleaned",1.95263157894737
"6993","cleaned",2.25263157894737
"6994","cleaned",1.85789473684211
"6995","cleaned",2.71052631578947
"6996","cleaned",1.31052631578947
"6997","cleaned",2.21052631578947
"6998","cleaned",1.76315789473684
"6999","cleaned",1.56315789473684
"7000","cleaned",1.65789473684211
"7001","cleaned",2.35263157894737
"7002","cleaned",1.51052631578947
"7003","cleaned",1.48421052631579
"7004","cleaned",2.04736842105263
"7005","cleaned",2.25263157894737
"7006","cleaned",2.08947368421053
"7007","cleaned",2.23684210526316
"7008","cleaned",1.49473684210526
"7009","cleaned",1.79473684210526
"7010","cleaned",1.9
"7011","cleaned",1.52105263157895
"7012","cleaned",0.494736842105263
"7013","cleaned",0.868421052631579
"7014","cleaned",2.2
"7015","cleaned",2.06842105263158
"7016","cleaned",2.07894736842105
"7017","cleaned",1.45789473684211
"7018","cleaned",1.74736842105263
"7019","cleaned",1.60526315789474
"7020","cleaned",1.31052631578947
"7021","cleaned",1.37894736842105
"7022","cleaned",1.67368421052632
"7023","cleaned",1.95263157894737
"7024","cleaned",1.96842105263158
"7025","cleaned",2.35263157894737
"7026","cleaned",1.89473684210526
"7027","cleaned",1.59473684210526
"7028","cleaned",1.65263157894737
"7029","cleaned",2.05789473684211
"7030","cleaned",1.26842105263158
"7031","cleaned",2.05263157894737
"7032","cleaned",1.67894736842105
"7033","cleaned",1.45263157894737
"7034","cleaned",2.22105263157895
"7035","cleaned",1.41578947368421
"7036","cleaned",1.81578947368421
"7037","cleaned",1.66842105263158
"7038","cleaned",2.3
"7039","cleaned",1.55789473684211
"7040","cleaned",2.05263157894737
"7041","cleaned",1.85789473684211
"7042","cleaned",1.57894736842105
"7043","cleaned",1.99473684210526
"7044","cleaned",1.43157894736842
"7045","cleaned",1.83157894736842
"7046","cleaned",2.54736842105263
"7047","cleaned",1.46315789473684
"7048","cleaned",1.50526315789474
"7049","cleaned",0.873684210526316
"7050","cleaned",1.48947368421053
"7051","cleaned",0.721052631578947
"7052","cleaned",0.657894736842105
"7053","cleaned",1.16842105263158
"7054","cleaned",1.23684210526316
"7055","cleaned",1.81052631578947
"7056","cleaned",1.16315789473684
"7057","cleaned",2.21578947368421
"7058","cleaned",2.56315789473684
"7059","cleaned",1.11578947368421
"7060","cleaned",2.72105263157895
"7061","cleaned",1.56315789473684
"7062","cleaned",1.27894736842105
"7063","cleaned",1.71578947368421
"7064","cleaned",1.75789473684211
"7065","cleaned",1.34736842105263
"7066","cleaned",1.13684210526316
"7067","cleaned",2.66315789473684
"7068","cleaned",1.96315789473684
"7069","cleaned",1.8
"7070","cleaned",2.12631578947368
"7071","cleaned",1.14210526315789
"7072","cleaned",1.43157894736842
"7073","cleaned",1.56842105263158
"7074","cleaned",3.25789473684211
"7075","cleaned",1.66842105263158
"7076","cleaned",0.994736842105263
"7077","cleaned",1.41578947368421
"7078","cleaned",1.42105263157895
"7079","cleaned",1.78421052631579
"7080","cleaned",1.09473684210526
"7081","cleaned",1.56315789473684
"7082","cleaned",2.12105263157895
"7083","cleaned",2.62105263157895
"7084","cleaned",1.84736842105263
"7085","cleaned",1.25263157894737
"7086","cleaned",1.57894736842105
"7087","cleaned",1.81052631578947
"7088","cleaned",2.83157894736842
"7089","cleaned",1.7
"7090","cleaned",2.37368421052632
"7091","cleaned",2.59473684210526
"7092","cleaned",0.905263157894737
"7093","cleaned",1.23684210526316
"7094","cleaned",1.16315789473684
"7095","cleaned",1.81052631578947
"7096","cleaned",2.32631578947368
"7097","cleaned",1.47894736842105
"7098","cleaned",1.91052631578947
"7099","cleaned",2.30526315789474
"7100","cleaned",0.826315789473684
"7101","cleaned",1.68421052631579
"7102","cleaned",2.11578947368421
"7103","cleaned",1.05789473684211
"7104","cleaned",2.22631578947368
"7105","cleaned",1.42105263157895
"7106","cleaned",2.49473684210526
"7107","cleaned",1.82631578947368
"7108","cleaned",1.17368421052632
"7109","cleaned",1.36842105263158
"7110","cleaned",2.26315789473684
"7111","cleaned",2.07894736842105
"7112","cleaned",1.65789473684211
"7113","cleaned",0.784210526315789
"7114","cleaned",2.48947368421053
"7115","cleaned",1.48421052631579
"7116","cleaned",2.26315789473684
"7117","cleaned",1.38947368421053
"7118","cleaned",0.389473684210526
"7119","cleaned",1.83157894736842
"7120","cleaned",1.15789473684211
"7121","cleaned",2.05263157894737
"7122","cleaned",2.56842105263158
"7123","cleaned",0.489473684210526
"7124","cleaned",2.42105263157895
"7125","cleaned",1.77368421052632
"7126","cleaned",2.65789473684211
"7127","cleaned",1.02105263157895
"7128","cleaned",1.96842105263158
"7129","cleaned",1.05263157894737
"7130","cleaned",2.11052631578947
"7131","cleaned",2.13157894736842
"7132","cleaned",1.83157894736842
"7133","cleaned",1.89473684210526
"7134","cleaned",1.90526315789474
"7135","cleaned",2.36842105263158
"7136","cleaned",1.66315789473684
"7137","cleaned",1.53157894736842
"7138","cleaned",1.74210526315789
"7139","cleaned",1.77894736842105
"7140","cleaned",2.03157894736842
"7141","cleaned",2.62631578947368
"7142","cleaned",1.82631578947368
"7143","cleaned",1.49473684210526
"7144","cleaned",2.18947368421053
"7145","cleaned",2.43684210526316
"7146","cleaned",1.43157894736842
"7147","cleaned",2.51578947368421
"7148","cleaned",2.16842105263158
"7149","cleaned",2.26842105263158
"7150","cleaned",1.70526315789474
"7151","cleaned",1.93684210526316
"7152","cleaned",1.6
"7153","cleaned",1.41052631578947
"7154","cleaned",2.33157894736842
"7155","cleaned",1.86842105263158
"7156","cleaned",2.78421052631579
"7157","cleaned",1.04736842105263
"7158","cleaned",2.31578947368421
"7159","cleaned",0.957894736842105
"7160","cleaned",0.8
"7161","cleaned",1.33157894736842
"7162","cleaned",2.58421052631579
"7163","cleaned",1.37368421052632
"7164","cleaned",1.77368421052632
"7165","cleaned",0.726315789473684
"7166","cleaned",1.39473684210526
"7167","cleaned",2.17368421052632
"7168","cleaned",1.64210526315789
"7169","cleaned",1.42631578947368
"7170","cleaned",1.41052631578947
"7171","cleaned",1.46842105263158
"7172","cleaned",1.70526315789474
"7173","cleaned",2.05263157894737
"7174","cleaned",1.94736842105263
"7175","cleaned",2.11578947368421
"7176","cleaned",2.02105263157895
"7177","cleaned",1.62631578947368
"7178","cleaned",2.53684210526316
"7179","cleaned",1.57894736842105
"7180","cleaned",2.11578947368421
"7181","cleaned",1.42631578947368
"7182","cleaned",2.45263157894737
"7183","cleaned",2.25263157894737
"7184","cleaned",1.6
"7185","cleaned",1.96842105263158
"7186","cleaned",1.71578947368421
"7187","cleaned",0.978947368421053
"7188","cleaned",1.90526315789474
"7189","cleaned",2.14210526315789
"7190","cleaned",1.86315789473684
"7191","cleaned",1.81052631578947
"7192","cleaned",1.17894736842105
"7193","cleaned",1.23684210526316
"7194","cleaned",1.62105263157895
"7195","cleaned",1.41578947368421
"7196","cleaned",2.08947368421053
"7197","cleaned",1.71052631578947
"7198","cleaned",1.86842105263158
"7199","cleaned",1.02105263157895
"7200","cleaned",2.32631578947368
"7201","cleaned",1.45789473684211
"7202","cleaned",2.18947368421053
"7203","cleaned",2.91578947368421
"7204","cleaned",1.15263157894737
"7205","cleaned",1.45263157894737
"7206","cleaned",2.22105263157895
"7207","cleaned",1.9
"7208","cleaned",1.03684210526316
"7209","cleaned",2.70526315789474
"7210","cleaned",1.33684210526316
"7211","cleaned",1.42105263157895
"7212","cleaned",1.60526315789474
"7213","cleaned",2.37894736842105
"7214","cleaned",0.921052631578947
"7215","cleaned",2.68421052631579
"7216","cleaned",1.94210526315789
"7217","cleaned",1.98421052631579
"7218","cleaned",1.87368421052632
"7219","cleaned",1.98421052631579
"7220","cleaned",1.76842105263158
"7221","cleaned",1.50526315789474
"7222","cleaned",1.30526315789474
"7223","cleaned",1.38421052631579
"7224","cleaned",1.56842105263158
"7225","cleaned",2
"7226","cleaned",1.57894736842105
"7227","cleaned",2.60526315789474
"7228","cleaned",1.52631578947368
"7229","cleaned",2.07368421052632
"7230","cleaned",0.673684210526316
"7231","cleaned",2.06842105263158
"7232","cleaned",1.21052631578947
"7233","cleaned",1.08421052631579
"7234","cleaned",1.41052631578947
"7235","cleaned",1.92631578947368
"7236","cleaned",1.43157894736842
"7237","cleaned",1.24210526315789
"7238","cleaned",1.28947368421053
"7239","cleaned",1.92631578947368
"7240","cleaned",1.86842105263158
"7241","cleaned",1.94210526315789
"7242","cleaned",2.31052631578947
"7243","cleaned",2.21052631578947
"7244","cleaned",1.71052631578947
"7245","cleaned",0.694736842105263
"7246","cleaned",1.00526315789474
"7247","cleaned",1.85263157894737
"7248","cleaned",2.38947368421053
"7249","cleaned",2.4
"7250","cleaned",2.02105263157895
"7251","cleaned",2.57368421052632
"7252","cleaned",2.12631578947368
"7253","cleaned",1.77368421052632
"7254","cleaned",1.62631578947368
"7255","cleaned",1.18947368421053
"7256","cleaned",2.02631578947368
"7257","cleaned",1.63684210526316
"7258","cleaned",2.42631578947368
"7259","cleaned",1.71052631578947
"7260","cleaned",0.405263157894737
"7261","cleaned",1.58947368421053
"7262","cleaned",3.37894736842105
"7263","cleaned",2.07894736842105
"7264","cleaned",1.59473684210526
"7265","cleaned",1.84736842105263
"7266","cleaned",2.90526315789474
"7267","cleaned",2.48947368421053
"7268","cleaned",1.60526315789474
"7269","cleaned",2.27368421052632
"7270","cleaned",1.24210526315789
"7271","cleaned",1.89473684210526
"7272","cleaned",1.52631578947368
"7273","cleaned",2.19473684210526
"7274","cleaned",0.9
"7275","cleaned",1.56842105263158
"7276","cleaned",0.6
"7277","cleaned",1.45789473684211
"7278","cleaned",1.98947368421053
"7279","cleaned",1.1
"7280","cleaned",1.90526315789474
"7281","cleaned",3
"7282","cleaned",2.37368421052632
"7283","cleaned",1.91578947368421
"7284","cleaned",1.78947368421053
"7285","cleaned",2.08421052631579
"7286","cleaned",1.35263157894737
"7287","cleaned",1.86842105263158
"7288","cleaned",1.94210526315789
"7289","cleaned",1.90526315789474
"7290","cleaned",1.73157894736842
"7291","cleaned",1.78947368421053
"7292","cleaned",1.38947368421053
"7293","cleaned",1.84736842105263
"7294","cleaned",1.88421052631579
"7295","cleaned",1.57894736842105
"7296","cleaned",1.75789473684211
"7297","cleaned",0.689473684210526
"7298","cleaned",1.32105263157895
"7299","cleaned",2.18947368421053
"7300","cleaned",2.30526315789474
"7301","cleaned",1.37894736842105
"7302","cleaned",1.83157894736842
"7303","cleaned",3.13157894736842
"7304","cleaned",2.42105263157895
"7305","cleaned",2.63157894736842
"7306","cleaned",1.34210526315789
"7307","cleaned",1.13684210526316
"7308","cleaned",1.49473684210526
"7309","cleaned",1.63684210526316
"7310","cleaned",1.46842105263158
"7311","cleaned",1.80526315789474
"7312","cleaned",1.62631578947368
"7313","cleaned",2.1
"7314","cleaned",2.03684210526316
"7315","cleaned",1.38421052631579
"7316","cleaned",1.38947368421053
"7317","cleaned",2.11578947368421
"7318","cleaned",1.31578947368421
"7319","cleaned",2.05789473684211
"7320","cleaned",2.19473684210526
"7321","cleaned",1.87368421052632
"7322","cleaned",2.75263157894737
"7323","cleaned",2.76315789473684
"7324","cleaned",1.98421052631579
"7325","cleaned",1.64210526315789
"7326","cleaned",1.88421052631579
"7327","cleaned",1.48947368421053
"7328","cleaned",2.30526315789474
"7329","cleaned",1.77894736842105
"7330","cleaned",1.34210526315789
"7331","cleaned",0.978947368421053
"7332","cleaned",2.01578947368421
"7333","cleaned",1.56842105263158
"7334","cleaned",1.04736842105263
"7335","cleaned",2.14210526315789
"7336","cleaned",0.842105263157895
"7337","cleaned",3.03684210526316
"7338","cleaned",0.91578947368421
"7339","cleaned",2.38947368421053
"7340","cleaned",1.44210526315789
"7341","cleaned",1.76842105263158
"7342","cleaned",2.49473684210526
"7343","cleaned",2.34736842105263
"7344","cleaned",1.63684210526316
"7345","cleaned",2.33157894736842
"7346","cleaned",2.12631578947368
"7347","cleaned",2.26842105263158
"7348","cleaned",1.3
"7349","cleaned",2.31052631578947
"7350","cleaned",1.9
"7351","cleaned",0.778947368421053
"7352","cleaned",1.87894736842105
"7353","cleaned",0.978947368421053
"7354","cleaned",1.83157894736842
"7355","cleaned",1.84210526315789
"7356","cleaned",2.95263157894737
"7357","cleaned",1.82631578947368
"7358","cleaned",2.46842105263158
"7359","cleaned",2.44210526315789
"7360","cleaned",1.73157894736842
"7361","cleaned",1.42105263157895
"7362","cleaned",1.4
"7363","cleaned",1.43684210526316
"7364","cleaned",2.39473684210526
"7365","cleaned",2.34736842105263
"7366","cleaned",2.03684210526316
"7367","cleaned",1.54736842105263
"7368","cleaned",1.36315789473684
"7369","cleaned",1.57894736842105
"7370","cleaned",1.44736842105263
"7371","cleaned",2.01578947368421
"7372","cleaned",1.99473684210526
"7373","cleaned",1.92105263157895
"7374","cleaned",2.16315789473684
"7375","cleaned",2.21052631578947
"7376","cleaned",1.92105263157895
"7377","cleaned",1.13684210526316
"7378","cleaned",1.1
"7379","cleaned",0.842105263157895
"7380","cleaned",1.20526315789474
"7381","cleaned",2.01052631578947
"7382","cleaned",1.74736842105263
"7383","cleaned",2.04210526315789
"7384","cleaned",2.49473684210526
"7385","cleaned",2.17894736842105
"7386","cleaned",1.11578947368421
"7387","cleaned",2.04736842105263
"7388","cleaned",1.23157894736842
"7389","cleaned",1.41578947368421
"7390","cleaned",1.50526315789474
"7391","cleaned",1.91578947368421
"7392","cleaned",2.86315789473684
"7393","cleaned",1.73684210526316
"7394","cleaned",1.78947368421053
"7395","cleaned",1.75263157894737
"7396","cleaned",1.86842105263158
"7397","cleaned",1.14736842105263
"7398","cleaned",1.73157894736842
"7399","cleaned",1.61052631578947
"7400","cleaned",0.384210526315789
"7401","cleaned",1.99473684210526
"7402","cleaned",2.03157894736842
"7403","cleaned",2.31052631578947
"7404","cleaned",1.54210526315789
"7405","cleaned",0.978947368421053
"7406","cleaned",1.92631578947368
"7407","cleaned",1.30526315789474
"7408","cleaned",1.67368421052632
"7409","cleaned",1.93684210526316
"7410","cleaned",1.77894736842105
"7411","cleaned",1.76315789473684
"7412","cleaned",2.43157894736842
"7413","cleaned",2.40526315789474
"7414","cleaned",1.66842105263158
"7415","cleaned",1.08947368421053
"7416","cleaned",1.42631578947368
"7417","cleaned",1.72105263157895
"7418","cleaned",1.92105263157895
"7419","cleaned",1.14736842105263
"7420","cleaned",2.14736842105263
"7421","cleaned",2.41578947368421
"7422","cleaned",2.49473684210526
"7423","cleaned",0.947368421052632
"7424","cleaned",3.06842105263158
"7425","cleaned",1.63157894736842
"7426","cleaned",1.83684210526316
"7427","cleaned",1.61578947368421
"7428","cleaned",1.82105263157895
"7429","cleaned",0.91578947368421
"7430","cleaned",1.56315789473684
"7431","cleaned",1.24736842105263
"7432","cleaned",2.02105263157895
"7433","cleaned",1.72631578947368
"7434","cleaned",2.14210526315789
"7435","cleaned",1.97368421052632
"7436","cleaned",2.11578947368421
"7437","cleaned",2.32631578947368
"7438","cleaned",1.70526315789474
"7439","cleaned",1.45789473684211
"7440","cleaned",2.91578947368421
"7441","cleaned",1.48421052631579
"7442","cleaned",1.21052631578947
"7443","cleaned",2.67894736842105
"7444","cleaned",0.463157894736842
"7445","cleaned",2.01052631578947
"7446","cleaned",1.93157894736842
"7447","cleaned",2.72631578947368
"7448","cleaned",1.44736842105263
"7449","cleaned",1.71578947368421
"7450","cleaned",1.78421052631579
"7451","cleaned",1.11052631578947
"7452","cleaned",1.35263157894737
"7453","cleaned",1.25789473684211
"7454","cleaned",1.24736842105263
"7455","cleaned",1.53157894736842
"7456","cleaned",1.68421052631579
"7457","cleaned",1.68947368421053
"7458","cleaned",1.95263157894737
"7459","cleaned",2.21052631578947
"7460","cleaned",2.32105263157895
"7461","cleaned",2.61052631578947
"7462","cleaned",1.13157894736842
"7463","cleaned",2.61578947368421
"7464","cleaned",2.09473684210526
"7465","cleaned",1.57368421052632
"7466","cleaned",2.16842105263158
"7467","cleaned",1.30526315789474
"7468","cleaned",1.83157894736842
"7469","cleaned",1.5
"7470","cleaned",3.56315789473684
"7471","cleaned",1.14210526315789
"7472","cleaned",3.11578947368421
"7473","cleaned",1.76315789473684
"7474","cleaned",2.30526315789474
"7475","cleaned",1.14210526315789
"7476","cleaned",1.9
"7477","cleaned",1.45789473684211
"7478","cleaned",0.742105263157895
"7479","cleaned",2.23684210526316
"7480","cleaned",1.46842105263158
"7481","cleaned",1.67368421052632
"7482","cleaned",1.84210526315789
"7483","cleaned",0.973684210526316
"7484","cleaned",2.05263157894737
"7485","cleaned",2.85263157894737
"7486","cleaned",1
"7487","cleaned",2.17894736842105
"7488","cleaned",1.77368421052632
"7489","cleaned",1.25263157894737
"7490","cleaned",1.94210526315789
"7491","cleaned",1.84210526315789
"7492","cleaned",1.20526315789474
"7493","cleaned",2.55789473684211
"7494","cleaned",1.58947368421053
"7495","cleaned",1.55263157894737
"7496","cleaned",1.42631578947368
"7497","cleaned",2.93157894736842
"7498","cleaned",2.94736842105263
"7499","cleaned",2.47894736842105
"7500","cleaned",1.86315789473684
"7501","cleaned",2.24210526315789
"7502","cleaned",1.12631578947368
"7503","cleaned",2.34210526315789
"7504","cleaned",3.01578947368421
"7505","cleaned",2.31578947368421
"7506","cleaned",2.08421052631579
"7507","cleaned",1.54736842105263
"7508","cleaned",1.16315789473684
"7509","cleaned",2.61578947368421
"7510","cleaned",2.50526315789474
"7511","cleaned",1.30526315789474
"7512","cleaned",1.22631578947368
"7513","cleaned",1.12631578947368
"7514","cleaned",1.18947368421053
"7515","cleaned",1.85789473684211
"7516","cleaned",2.18947368421053
"7517","cleaned",1.67368421052632
"7518","cleaned",1.50526315789474
"7519","cleaned",2.14736842105263
"7520","cleaned",2.67368421052632
"7521","cleaned",2.75263157894737
"7522","cleaned",0.8
"7523","cleaned",1.78947368421053
"7524","cleaned",1.93157894736842
"7525","cleaned",1.41052631578947
"7526","cleaned",2.64210526315789
"7527","cleaned",1.31052631578947
"7528","cleaned",1.57368421052632
"7529","cleaned",1.38421052631579
"7530","cleaned",2.27894736842105
"7531","cleaned",1.38947368421053
"7532","cleaned",2.35789473684211
"7533","cleaned",0.605263157894737
"7534","cleaned",2.01052631578947
"7535","cleaned",0.673684210526316
"7536","cleaned",0.368421052631579
"7537","cleaned",2.70526315789474
"7538","cleaned",2.56842105263158
"7539","cleaned",1.82631578947368
"7540","cleaned",1.33684210526316
"7541","cleaned",1.23157894736842
"7542","cleaned",1.60526315789474
"7543","cleaned",2.13157894736842
"7544","cleaned",1.19473684210526
"7545","cleaned",1.95263157894737
"7546","cleaned",1.17894736842105
"7547","cleaned",2.61052631578947
"7548","cleaned",1.37368421052632
"7549","cleaned",1.34736842105263
"7550","cleaned",1.54736842105263
"7551","cleaned",1.47368421052632
"7552","cleaned",2.79473684210526
"7553","cleaned",2.04210526315789
"7554","cleaned",1.92631578947368
"7555","cleaned",1.62105263157895
"7556","cleaned",2.44210526315789
"7557","cleaned",2.20526315789474
"7558","cleaned",1.53684210526316
"7559","cleaned",1.78421052631579
"7560","cleaned",1.72105263157895
"7561","cleaned",1.39473684210526
"7562","cleaned",2.26842105263158
"7563","cleaned",2.72105263157895
"7564","cleaned",0.957894736842105
"7565","cleaned",2.66842105263158
"7566","cleaned",1.97368421052632
"7567","cleaned",2.22105263157895
"7568","cleaned",1.8
"7569","cleaned",1.51578947368421
"7570","cleaned",1.58421052631579
"7571","cleaned",1.85789473684211
"7572","cleaned",2.43684210526316
"7573","cleaned",1.64736842105263
"7574","cleaned",1.90526315789474
"7575","cleaned",1.86315789473684
"7576","cleaned",1.55263157894737
"7577","cleaned",1.48421052631579
"7578","cleaned",1.44736842105263
"7579","cleaned",2.67368421052632
"7580","cleaned",2.00526315789474
"7581","cleaned",1.77368421052632
"7582","cleaned",2.25263157894737
"7583","cleaned",1.76315789473684
"7584","cleaned",1.86315789473684
"7585","cleaned",1.87368421052632
"7586","cleaned",2.77368421052632
"7587","cleaned",0.836842105263158
"7588","cleaned",1.45789473684211
"7589","cleaned",0.873684210526316
"7590","cleaned",1.00526315789474
"7591","cleaned",0.805263157894737
"7592","cleaned",2.23157894736842
"7593","cleaned",1.61052631578947
"7594","cleaned",2.56842105263158
"7595","cleaned",1.71578947368421
"7596","cleaned",2.40526315789474
"7597","cleaned",3.03684210526316
"7598","cleaned",1.67368421052632
"7599","cleaned",1.56315789473684
"7600","cleaned",0.684210526315789
"7601","cleaned",2.46315789473684
"7602","cleaned",1.41052631578947
"7603","cleaned",1.64736842105263
"7604","cleaned",2.71578947368421
"7605","cleaned",1.08947368421053
"7606","cleaned",1.39473684210526
"7607","cleaned",1.42105263157895
"7608","cleaned",1.08947368421053
"7609","cleaned",1.73684210526316
"7610","cleaned",1.3
"7611","cleaned",1.89473684210526
"7612","cleaned",1.55263157894737
"7613","cleaned",0.442105263157895
"7614","cleaned",1.06315789473684
"7615","cleaned",1.57894736842105
"7616","cleaned",2.11052631578947
"7617","cleaned",1.15263157894737
"7618","cleaned",1.67894736842105
"7619","cleaned",1.8
"7620","cleaned",1.98947368421053
"7621","cleaned",1.03684210526316
"7622","cleaned",1.56315789473684
"7623","cleaned",1.64210526315789
"7624","cleaned",2.34736842105263
"7625","cleaned",1.61578947368421
"7626","cleaned",2.41052631578947
"7627","cleaned",1.67894736842105
"7628","cleaned",1.73684210526316
"7629","cleaned",0.8
"7630","cleaned",2.93684210526316
"7631","cleaned",2.18947368421053
"7632","cleaned",1.47894736842105
"7633","cleaned",2.18421052631579
"7634","cleaned",2.33684210526316
"7635","cleaned",1.45263157894737
"7636","cleaned",1.45789473684211
"7637","cleaned",1.96315789473684
"7638","cleaned",1.86842105263158
"7639","cleaned",1.09473684210526
"7640","cleaned",1.80526315789474
"7641","cleaned",1.76315789473684
"7642","cleaned",0.736842105263158
"7643","cleaned",2.27368421052632
"7644","cleaned",1.66842105263158
"7645","cleaned",2.27894736842105
"7646","cleaned",1.53157894736842
"7647","cleaned",1.66842105263158
"7648","cleaned",1.45263157894737
"7649","cleaned",2.18421052631579
"7650","cleaned",1.8
"7651","cleaned",1.56315789473684
"7652","cleaned",1.36842105263158
"7653","cleaned",1.22105263157895
"7654","cleaned",0.378947368421053
"7655","cleaned",1.22631578947368
"7656","cleaned",1.80526315789474
"7657","cleaned",1.72105263157895
"7658","cleaned",1.43684210526316
"7659","cleaned",1.72631578947368
"7660","cleaned",2.02105263157895
"7661","cleaned",0.631578947368421
"7662","cleaned",1.89473684210526
"7663","cleaned",1.62105263157895
"7664","cleaned",1.20526315789474
"7665","cleaned",1.91052631578947
"7666","cleaned",2.17894736842105
"7667","cleaned",1.58947368421053
"7668","cleaned",2.22631578947368
"7669","cleaned",1.44210526315789
"7670","cleaned",1.36842105263158
"7671","cleaned",1.76315789473684
"7672","cleaned",2.51578947368421
"7673","cleaned",1.33157894736842
"7674","cleaned",2.01578947368421
"7675","cleaned",1.72105263157895
"7676","cleaned",1.96842105263158
"7677","cleaned",1.87368421052632
"7678","cleaned",1.3
"7679","cleaned",1.93157894736842
"7680","cleaned",2.33684210526316
"7681","cleaned",1.57368421052632
"7682","cleaned",1.15263157894737
"7683","cleaned",1.37368421052632
"7684","cleaned",1.23684210526316
"7685","cleaned",2.04210526315789
"7686","cleaned",1.52105263157895
"7687","cleaned",0.684210526315789
"7688","cleaned",1.73157894736842
"7689","cleaned",0.894736842105263
"7690","cleaned",1.81052631578947
"7691","cleaned",1.43684210526316
"7692","cleaned",2.47894736842105
"7693","cleaned",1.89473684210526
"7694","cleaned",1.12105263157895
"7695","cleaned",1.59473684210526
"7696","cleaned",2.23157894736842
"7697","cleaned",1.73684210526316
"7698","cleaned",2.25263157894737
"7699","cleaned",1.36842105263158
"7700","cleaned",2.59473684210526
"7701","cleaned",1.72631578947368
"7702","cleaned",2.37894736842105
"7703","cleaned",1.19473684210526
"7704","cleaned",1.96842105263158
"7705","cleaned",2.13684210526316
"7706","cleaned",1.97894736842105
"7707","cleaned",1.83157894736842
"7708","cleaned",2.51052631578947
"7709","cleaned",1.95789473684211
"7710","cleaned",1.05263157894737
"7711","cleaned",2.08421052631579
"7712","cleaned",2.15263157894737
"7713","cleaned",1.35263157894737
"7714","cleaned",2.00526315789474
"7715","cleaned",1.79473684210526
"7716","cleaned",2
"7717","cleaned",1.98947368421053
"7718","cleaned",2.10526315789474
"7719","cleaned",1.72105263157895
"7720","cleaned",1.50526315789474
"7721","cleaned",1.74210526315789
"7722","cleaned",1.5
"7723","cleaned",1.92105263157895
"7724","cleaned",1.16315789473684
"7725","cleaned",1.50526315789474
"7726","cleaned",2.2
"7727","cleaned",2.72105263157895
"7728","cleaned",2.22105263157895
"7729","cleaned",1.63684210526316
"7730","cleaned",3.11052631578947
"7731","cleaned",2.11052631578947
"7732","cleaned",0.842105263157895
"7733","cleaned",2.17894736842105
"7734","cleaned",1.51578947368421
"7735","cleaned",0.91578947368421
"7736","cleaned",2.43157894736842
"7737","cleaned",1.92105263157895
"7738","cleaned",1.46315789473684
"7739","cleaned",1.71578947368421
"7740","cleaned",1.05789473684211
"7741","cleaned",1.14736842105263
"7742","cleaned",2.02631578947368
"7743","cleaned",1.66315789473684
"7744","cleaned",1.92105263157895
"7745","cleaned",1.71578947368421
"7746","cleaned",1.98421052631579
"7747","cleaned",1.35263157894737
"7748","cleaned",2.17894736842105
"7749","cleaned",2.15263157894737
"7750","cleaned",0.531578947368421
"7751","cleaned",2.13684210526316
"7752","cleaned",1.59473684210526
"7753","cleaned",1.51578947368421
"7754","cleaned",0.815789473684211
"7755","cleaned",1.24210526315789
"7756","cleaned",1.24736842105263
"7757","cleaned",1.55263157894737
"7758","cleaned",1.21052631578947
"7759","cleaned",2
"7760","cleaned",1.46315789473684
"7761","cleaned",2.21578947368421
"7762","cleaned",1.96842105263158
"7763","cleaned",2.22631578947368
"7764","cleaned",2.03157894736842
"7765","cleaned",3.54210526315789
"7766","cleaned",1.18421052631579
"7767","cleaned",1.36842105263158
"7768","cleaned",2.01052631578947
"7769","cleaned",1.32105263157895
"7770","cleaned",1.96842105263158
"7771","cleaned",1.93684210526316
"7772","cleaned",1.61052631578947
"7773","cleaned",2.52631578947368
"7774","cleaned",2.16842105263158
"7775","cleaned",1.70526315789474
"7776","cleaned",1.83684210526316
"7777","cleaned",1.4
"7778","cleaned",1.70526315789474
"7779","cleaned",2.17894736842105
"7780","cleaned",2.24210526315789
"7781","cleaned",2.15263157894737
"7782","cleaned",1.85789473684211
"7783","cleaned",1.29473684210526
"7784","cleaned",1.67894736842105
"7785","cleaned",2.23684210526316
"7786","cleaned",2.53684210526316
"7787","cleaned",2.11052631578947
"7788","cleaned",1.87368421052632
"7789","cleaned",1.69473684210526
"7790","cleaned",1.71052631578947
"7791","cleaned",2.37894736842105
"7792","cleaned",2.10526315789474
"7793","cleaned",1.35263157894737
"7794","cleaned",1.88421052631579
"7795","cleaned",1.31052631578947
"7796","cleaned",2.53684210526316
"7797","cleaned",1.58947368421053
"7798","cleaned",1.25263157894737
"7799","cleaned",2.63157894736842
"7800","cleaned",1.58421052631579
"7801","cleaned",1.64736842105263
"7802","cleaned",1.41052631578947
"7803","cleaned",2.01052631578947
"7804","cleaned",1.31578947368421
"7805","cleaned",2.23157894736842
"7806","cleaned",1.4
"7807","cleaned",2.34736842105263
"7808","cleaned",1.73157894736842
"7809","cleaned",2.26842105263158
"7810","cleaned",1.43157894736842
"7811","cleaned",1.61578947368421
"7812","cleaned",1.63157894736842
"7813","cleaned",2.11578947368421
"7814","cleaned",1.85789473684211
"7815","cleaned",1.96315789473684
"7816","cleaned",2.37894736842105
"7817","cleaned",2.47894736842105
"7818","cleaned",1.97894736842105
"7819","cleaned",1.61052631578947
"7820","cleaned",1.83684210526316
"7821","cleaned",1.55263157894737
"7822","cleaned",2.5
"7823","cleaned",2.38947368421053
"7824","cleaned",2.17368421052632
"7825","cleaned",1.71578947368421
"7826","cleaned",1.82105263157895
"7827","cleaned",1.63684210526316
"7828","cleaned",1.86315789473684
"7829","cleaned",1.25789473684211
"7830","cleaned",1.32631578947368
"7831","cleaned",2.08947368421053
"7832","cleaned",1.22631578947368
"7833","cleaned",1.42631578947368
"7834","cleaned",1.73157894736842
"7835","cleaned",1.52631578947368
"7836","cleaned",2.31052631578947
"7837","cleaned",0.910526315789474
"7838","cleaned",2.36315789473684
"7839","cleaned",2.5
"7840","cleaned",1.89473684210526
"7841","cleaned",1.97368421052632
"7842","cleaned",1.4
"7843","cleaned",2.01578947368421
"7844","cleaned",2.13157894736842
"7845","cleaned",1.7
"7846","cleaned",1.91052631578947
"7847","cleaned",1.86315789473684
"7848","cleaned",1.76315789473684
"7849","cleaned",2.04210526315789
"7850","cleaned",2.26842105263158
"7851","cleaned",1.34736842105263
"7852","cleaned",1.61052631578947
"7853","cleaned",1.82631578947368
"7854","cleaned",1.92105263157895
"7855","cleaned",1.70526315789474
"7856","cleaned",1.98947368421053
"7857","cleaned",1.88421052631579
"7858","cleaned",1.97894736842105
"7859","cleaned",1.93684210526316
"7860","cleaned",1.65789473684211
"7861","cleaned",1.74736842105263
"7862","cleaned",2.00526315789474
"7863","cleaned",2.31052631578947
"7864","cleaned",2.46842105263158
"7865","cleaned",1.94210526315789
"7866","cleaned",2.02631578947368
"7867","cleaned",1.33157894736842
"7868","cleaned",1.77368421052632
"7869","cleaned",0.926315789473684
"7870","cleaned",2.25789473684211
"7871","cleaned",1.77894736842105
"7872","cleaned",2.52105263157895
"7873","cleaned",1.68947368421053
"7874","cleaned",1.90526315789474
"7875","cleaned",2.04736842105263
"7876","cleaned",2.22631578947368
"7877","cleaned",1.33684210526316
"7878","cleaned",1.83157894736842
"7879","cleaned",1.83684210526316
"7880","cleaned",2.21578947368421
"7881","cleaned",1.66842105263158
"7882","cleaned",1.01578947368421
"7883","cleaned",1.92631578947368
"7884","cleaned",1.63684210526316
"7885","cleaned",2.83684210526316
"7886","cleaned",2.5
"7887","cleaned",1.78421052631579
"7888","cleaned",1.94736842105263
"7889","cleaned",1.04736842105263
"7890","cleaned",1.48421052631579
"7891","cleaned",1.58421052631579
"7892","cleaned",1.19473684210526
"7893","cleaned",1.37368421052632
"7894","cleaned",1.67894736842105
"7895","cleaned",2.69473684210526
"7896","cleaned",2.68947368421053
"7897","cleaned",0.857894736842105
"7898","cleaned",2.22105263157895
"7899","cleaned",2.12631578947368
"7900","cleaned",1.66315789473684
"7901","cleaned",2.95263157894737
"7902","cleaned",1.78421052631579
"7903","cleaned",1.14736842105263
"7904","cleaned",1.31578947368421
"7905","cleaned",1.88421052631579
"7906","cleaned",1.2
"7907","cleaned",1.22631578947368
"7908","cleaned",2.34210526315789
"7909","cleaned",0.836842105263158
"7910","cleaned",1.30526315789474
"7911","cleaned",1.69473684210526
"7912","cleaned",2.11578947368421
"7913","cleaned",1.74210526315789
"7914","cleaned",2.12631578947368
"7915","cleaned",1.89473684210526
"7916","cleaned",2.12105263157895
"7917","cleaned",1.51052631578947
"7918","cleaned",2.56315789473684
"7919","cleaned",1.68947368421053
"7920","cleaned",2.38947368421053
"7921","cleaned",2.14210526315789
"7922","cleaned",1.63157894736842
"7923","cleaned",1.22631578947368
"7924","cleaned",2.58947368421053
"7925","cleaned",1.05263157894737
"7926","cleaned",1.60526315789474
"7927","cleaned",2.87894736842105
"7928","cleaned",2.32105263157895
"7929","cleaned",1.67368421052632
"7930","cleaned",2.47368421052632
"7931","cleaned",1.84210526315789
"7932","cleaned",1.80526315789474
"7933","cleaned",1.69473684210526
"7934","cleaned",1.43684210526316
"7935","cleaned",2.44736842105263
"7936","cleaned",2.07368421052632
"7937","cleaned",2.77894736842105
"7938","cleaned",2.29473684210526
"7939","cleaned",1.58421052631579
"7940","cleaned",1.65263157894737
"7941","cleaned",1.96842105263158
"7942","cleaned",1.77368421052632
"7943","cleaned",2.54736842105263
"7944","cleaned",2.03684210526316
"7945","cleaned",1.94736842105263
"7946","cleaned",2.74210526315789
"7947","cleaned",1.33684210526316
"7948","cleaned",2.45263157894737
"7949","cleaned",2.67368421052632
"7950","cleaned",2.12631578947368
"7951","cleaned",1.64736842105263
"7952","cleaned",1.26315789473684
"7953","cleaned",1.88947368421053
"7954","cleaned",2.07368421052632
"7955","cleaned",1.75789473684211
"7956","cleaned",2.95263157894737
"7957","cleaned",3.10526315789474
"7958","cleaned",1.13684210526316
"7959","cleaned",1.95263157894737
"7960","cleaned",1.97894736842105
"7961","cleaned",2.16842105263158
"7962","cleaned",2.93684210526316
"7963","cleaned",1.64736842105263
"7964","cleaned",1.38421052631579
"7965","cleaned",2.05263157894737
"7966","cleaned",1.43684210526316
"7967","cleaned",1.90526315789474
"7968","cleaned",1.85263157894737
"7969","cleaned",2.33684210526316
"7970","cleaned",2.02631578947368
"7971","cleaned",2.03157894736842
"7972","cleaned",1.25263157894737
"7973","cleaned",1.34210526315789
"7974","cleaned",2.36842105263158
"7975","cleaned",3.32105263157895
"7976","cleaned",0.931578947368421
"7977","cleaned",1.87894736842105
"7978","cleaned",1.51052631578947
"7979","cleaned",2.31052631578947
"7980","cleaned",1.41578947368421
"7981","cleaned",1.48947368421053
"7982","cleaned",0.926315789473684
"7983","cleaned",1.88421052631579
"7984","cleaned",1.58421052631579
"7985","cleaned",2.96842105263158
"7986","cleaned",2.12105263157895
"7987","cleaned",1.03684210526316
"7988","cleaned",1.86842105263158
"7989","cleaned",2.51052631578947
"7990","cleaned",1.34210526315789
"7991","cleaned",1.55263157894737
"7992","cleaned",2.12105263157895
"7993","cleaned",1.82631578947368
"7994","cleaned",2.15789473684211
"7995","cleaned",1.92105263157895
"7996","cleaned",1.1
"7997","cleaned",1.87894736842105
"7998","cleaned",1.64736842105263
"7999","cleaned",1.20526315789474
"8000","cleaned",2.55789473684211
"8001","cleaned",2.29473684210526
"8002","cleaned",1.85789473684211
"8003","cleaned",1.92631578947368
"8004","cleaned",1.56842105263158
"8005","cleaned",2.13684210526316
"8006","cleaned",1.82631578947368
"8007","cleaned",1.67894736842105
"8008","cleaned",1.91052631578947
"8009","cleaned",1.84210526315789
"8010","cleaned",1.65263157894737
"8011","cleaned",2.33157894736842
"8012","cleaned",0.91578947368421
"8013","cleaned",1.91578947368421
"8014","cleaned",1.54210526315789
"8015","cleaned",1.56315789473684
"8016","cleaned",1.41052631578947
"8017","cleaned",1.94210526315789
"8018","cleaned",1.58421052631579
"8019","cleaned",1.72105263157895
"8020","cleaned",1.87368421052632
"8021","cleaned",1.75263157894737
"8022","cleaned",1.93684210526316
"8023","cleaned",1.47368421052632
"8024","cleaned",1.83157894736842
"8025","cleaned",2.06842105263158
"8026","cleaned",1.07368421052632
"8027","cleaned",0.9
"8028","cleaned",0.389473684210526
"8029","cleaned",2.10526315789474
"8030","cleaned",1.67368421052632
"8031","cleaned",1.78421052631579
"8032","cleaned",1.77368421052632
"8033","cleaned",0.631578947368421
"8034","cleaned",1.11052631578947
"8035","cleaned",1.78421052631579
"8036","cleaned",1.3
"8037","cleaned",1.6
"8038","cleaned",1.8
"8039","cleaned",1.49473684210526
"8040","cleaned",1.48947368421053
"8041","cleaned",2.24736842105263
"8042","cleaned",1.57894736842105
"8043","cleaned",1.75789473684211
"8044","cleaned",2.5
"8045","cleaned",2.10526315789474
"8046","cleaned",1.52631578947368
"8047","cleaned",2.01052631578947
"8048","cleaned",1.17368421052632
"8049","cleaned",1.77368421052632
"8050","cleaned",1.68421052631579
"8051","cleaned",1.94736842105263
"8052","cleaned",1.67894736842105
"8053","cleaned",2.08421052631579
"8054","cleaned",1.30526315789474
"8055","cleaned",2.06315789473684
"8056","cleaned",2.77894736842105
"8057","cleaned",2.02631578947368
"8058","cleaned",2.88421052631579
"8059","cleaned",1.89473684210526
"8060","cleaned",1.97894736842105
"8061","cleaned",1.60526315789474
"8062","cleaned",2.29473684210526
"8063","cleaned",1.24736842105263
"8064","cleaned",2.11052631578947
"8065","cleaned",1.64736842105263
"8066","cleaned",0.831578947368421
"8067","cleaned",2.15263157894737
"8068","cleaned",1.17894736842105
"8069","cleaned",2.13157894736842
"8070","cleaned",1.35263157894737
"8071","cleaned",3.21052631578947
"8072","cleaned",1.80526315789474
"8073","cleaned",1.80526315789474
"8074","cleaned",1.01578947368421
"8075","cleaned",2.20526315789474
"8076","cleaned",1.20526315789474
"8077","cleaned",2.66315789473684
"8078","cleaned",1.61052631578947
"8079","cleaned",2.15263157894737
"8080","cleaned",1.62631578947368
"8081","cleaned",2.18421052631579
"8082","cleaned",1.43684210526316
"8083","cleaned",2.26842105263158
"8084","cleaned",2.00526315789474
"8085","cleaned",1.76315789473684
"8086","cleaned",1.5
"8087","cleaned",0.331578947368421
"8088","cleaned",1.87894736842105
"8089","cleaned",1.28421052631579
"8090","cleaned",1.3
"8091","cleaned",2.52105263157895
"8092","cleaned",1.09473684210526
"8093","cleaned",1.48947368421053
"8094","cleaned",2.06842105263158
"8095","cleaned",1.28421052631579
"8096","cleaned",2.37894736842105
"8097","cleaned",1.30526315789474
"8098","cleaned",2.65263157894737
"8099","cleaned",1.45263157894737
"8100","cleaned",1.57894736842105
"8101","cleaned",1.87894736842105
"8102","cleaned",1.03157894736842
"8103","cleaned",1.48947368421053
"8104","cleaned",1.13684210526316
"8105","cleaned",2
"8106","cleaned",1.8
"8107","cleaned",2.19473684210526
"8108","cleaned",1.73684210526316
"8109","cleaned",2.31052631578947
"8110","cleaned",1.88947368421053
"8111","cleaned",2.24736842105263
"8112","cleaned",1.43684210526316
"8113","cleaned",1.12105263157895
"8114","cleaned",1.69473684210526
"8115","cleaned",1.26315789473684
"8116","cleaned",2.39473684210526
"8117","cleaned",1.45263157894737
"8118","cleaned",1.88421052631579
"8119","cleaned",1.27894736842105
"8120","cleaned",1.62631578947368
"8121","cleaned",2.06842105263158
"8122","cleaned",2.81578947368421
"8123","cleaned",0.952631578947368
"8124","cleaned",1.84736842105263
"8125","cleaned",1.41052631578947
"8126","cleaned",2.21052631578947
"8127","cleaned",2.01052631578947
"8128","cleaned",1.83157894736842
"8129","cleaned",1.3
"8130","cleaned",1.69473684210526
"8131","cleaned",1.06315789473684
"8132","cleaned",1.95789473684211
"8133","cleaned",1.46315789473684
"8134","cleaned",1.56842105263158
"8135","cleaned",2.29473684210526
"8136","cleaned",2.55789473684211
"8137","cleaned",0.778947368421053
"8138","cleaned",2.04736842105263
"8139","cleaned",1.74736842105263
"8140","cleaned",1.62105263157895
"8141","cleaned",1.71052631578947
"8142","cleaned",1.81578947368421
"8143","cleaned",1.84736842105263
"8144","cleaned",2.47368421052632
"8145","cleaned",2.61578947368421
"8146","cleaned",1.95263157894737
"8147","cleaned",2.24736842105263
"8148","cleaned",1.41052631578947
"8149","cleaned",2.32631578947368
"8150","cleaned",1.79473684210526
"8151","cleaned",2.47368421052632
"8152","cleaned",1.81578947368421
"8153","cleaned",1.25789473684211
"8154","cleaned",1.86315789473684
"8155","cleaned",2.36315789473684
"8156","cleaned",1.70526315789474
"8157","cleaned",0.889473684210526
"8158","cleaned",2.64210526315789
"8159","cleaned",1.84736842105263
"8160","cleaned",1.67894736842105
"8161","cleaned",0.473684210526316
"8162","cleaned",1.61578947368421
"8163","cleaned",2.01052631578947
"8164","cleaned",2.40526315789474
"8165","cleaned",1.57368421052632
"8166","cleaned",2.6
"8167","cleaned",1.53684210526316
"8168","cleaned",0.394736842105263
"8169","cleaned",2.08421052631579
"8170","cleaned",1.92631578947368
"8171","cleaned",1.83684210526316
"8172","cleaned",1.44736842105263
"8173","cleaned",1.46842105263158
"8174","cleaned",2.46315789473684
"8175","cleaned",0.778947368421053
"8176","cleaned",2.93684210526316
"8177","cleaned",1.52105263157895
"8178","cleaned",1.28947368421053
"8179","cleaned",1.96315789473684
"8180","cleaned",1.77894736842105
"8181","cleaned",2.33157894736842
"8182","cleaned",1.74210526315789
"8183","cleaned",2.16842105263158
"8184","cleaned",1.58947368421053
"8185","cleaned",2.32631578947368
"8186","cleaned",2.64210526315789
"8187","cleaned",2.04736842105263
"8188","cleaned",1.98421052631579
"8189","cleaned",1.16842105263158
"8190","cleaned",1.08421052631579
"8191","cleaned",1.43157894736842
"8192","cleaned",2.04736842105263
"8193","cleaned",2.24736842105263
"8194","cleaned",1.80526315789474
"8195","cleaned",2.25263157894737
"8196","cleaned",1.7
"8197","cleaned",1.46315789473684
"8198","cleaned",0.642105263157895
"8199","cleaned",1.98947368421053
"8200","cleaned",1.63157894736842
"8201","cleaned",1.96842105263158
"8202","cleaned",1.27894736842105
"8203","cleaned",1.29473684210526
"8204","cleaned",0.210526315789474
"8205","cleaned",2.82631578947368
"8206","cleaned",1.92105263157895
"8207","cleaned",0.926315789473684
"8208","cleaned",2.42105263157895
"8209","cleaned",2.24736842105263
"8210","cleaned",1.56842105263158
"8211","cleaned",1.54736842105263
"8212","cleaned",1.69473684210526
"8213","cleaned",1.77894736842105
"8214","cleaned",1.78947368421053
"8215","cleaned",2.52631578947368
"8216","cleaned",1.02105263157895
"8217","cleaned",2.02631578947368
"8218","cleaned",1.87894736842105
"8219","cleaned",1.91578947368421
"8220","cleaned",1.46842105263158
"8221","cleaned",1.79473684210526
"8222","cleaned",1.44736842105263
"8223","cleaned",1.65789473684211
"8224","cleaned",1.98421052631579
"8225","cleaned",1.73684210526316
"8226","cleaned",1.16842105263158
"8227","cleaned",1.68947368421053
"8228","cleaned",2.32105263157895
"8229","cleaned",2.5
"8230","cleaned",1.76842105263158
"8231","cleaned",1.80526315789474
"8232","cleaned",1.40526315789474
"8233","cleaned",2.48421052631579
"8234","cleaned",1.82631578947368
"8235","cleaned",2.06842105263158
"8236","cleaned",0.968421052631579
"8237","cleaned",1.71578947368421
"8238","cleaned",2.63684210526316
"8239","cleaned",1.5
"8240","cleaned",2.24736842105263
"8241","cleaned",1.18947368421053
"8242","cleaned",1.55263157894737
"8243","cleaned",2.03684210526316
"8244","cleaned",2.54210526315789
"8245","cleaned",1.47894736842105
"8246","cleaned",1.24736842105263
"8247","cleaned",2.02105263157895
"8248","cleaned",1.36315789473684
"8249","cleaned",1.04210526315789
"8250","cleaned",1.8
"8251","cleaned",1.02631578947368
"8252","cleaned",1.19473684210526
"8253","cleaned",2.14210526315789
"8254","cleaned",2.78947368421053
"8255","cleaned",2.47894736842105
"8256","cleaned",1.96315789473684
"8257","cleaned",1.62105263157895
"8258","cleaned",1.28421052631579
"8259","cleaned",2.34210526315789
"8260","cleaned",0.252631578947368
"8261","cleaned",2.03157894736842
"8262","cleaned",1.13157894736842
"8263","cleaned",1.48947368421053
"8264","cleaned",2.01578947368421
"8265","cleaned",2.56842105263158
"8266","cleaned",1.71578947368421
"8267","cleaned",1.92631578947368
"8268","cleaned",1.76315789473684
"8269","cleaned",1.5
"8270","cleaned",1.83157894736842
"8271","cleaned",1.57894736842105
"8272","cleaned",1.57368421052632
"8273","cleaned",1.2
"8274","cleaned",2.60526315789474
"8275","cleaned",1.81052631578947
"8276","cleaned",1.93157894736842
"8277","cleaned",1.64736842105263
"8278","cleaned",1.67894736842105
"8279","cleaned",1.44736842105263
"8280","cleaned",1.53684210526316
"8281","cleaned",1.55789473684211
"8282","cleaned",1.00526315789474
"8283","cleaned",1.98421052631579
"8284","cleaned",2.12105263157895
"8285","cleaned",0.973684210526316
"8286","cleaned",2.20526315789474
"8287","cleaned",1.50526315789474
"8288","cleaned",1.21052631578947
"8289","cleaned",1.96315789473684
"8290","cleaned",1.10526315789474
"8291","cleaned",1.56315789473684
"8292","cleaned",1.27894736842105
"8293","cleaned",1.51052631578947
"8294","cleaned",1.48421052631579
"8295","cleaned",1.61052631578947
"8296","cleaned",1.74210526315789
"8297","cleaned",2.06842105263158
"8298","cleaned",1.76842105263158
"8299","cleaned",2.13157894736842
"8300","cleaned",1.77894736842105
"8301","cleaned",1.98421052631579
"8302","cleaned",1.6
"8303","cleaned",1.4
"8304","cleaned",1.36842105263158
"8305","cleaned",1.54736842105263
"8306","cleaned",1.13157894736842
"8307","cleaned",2.23684210526316
"8308","cleaned",1.82631578947368
"8309","cleaned",1.44736842105263
"8310","cleaned",1.52631578947368
"8311","cleaned",1.85789473684211
"8312","cleaned",1.37894736842105
"8313","cleaned",1.99473684210526
"8314","cleaned",1.48947368421053
"8315","cleaned",1.9
"8316","cleaned",1.93684210526316
"8317","cleaned",2.5
"8318","cleaned",1.65789473684211
"8319","cleaned",1.60526315789474
"8320","cleaned",1.19473684210526
"8321","cleaned",1.39473684210526
"8322","cleaned",1.86315789473684
"8323","cleaned",0.984210526315789
"8324","cleaned",0.91578947368421
"8325","cleaned",1.93157894736842
"8326","cleaned",1.36842105263158
"8327","cleaned",2.22631578947368
"8328","cleaned",1.32105263157895
"8329","cleaned",2.30526315789474
"8330","cleaned",2.36315789473684
"8331","cleaned",1.11052631578947
"8332","cleaned",1.74210526315789
"8333","cleaned",2.69473684210526
"8334","cleaned",2.46842105263158
"8335","cleaned",1.76842105263158
"8336","cleaned",1.63684210526316
"8337","cleaned",1.20526315789474
"8338","cleaned",1.92105263157895
"8339","cleaned",1.97368421052632
"8340","cleaned",1.72631578947368
"8341","cleaned",1.45789473684211
"8342","cleaned",2.33157894736842
"8343","cleaned",1
"8344","cleaned",0.863157894736842
"8345","cleaned",2.72105263157895
"8346","cleaned",1.62631578947368
"8347","cleaned",1.88947368421053
"8348","cleaned",2.44736842105263
"8349","cleaned",1.87894736842105
"8350","cleaned",2.43684210526316
"8351","cleaned",2.65789473684211
"8352","cleaned",2.27368421052632
"8353","cleaned",1.84210526315789
"8354","cleaned",1.28947368421053
"8355","cleaned",1.65789473684211
"8356","cleaned",1.82631578947368
"8357","cleaned",0.721052631578947
"8358","cleaned",1.78421052631579
"8359","cleaned",1.88947368421053
"8360","cleaned",1.47368421052632
"8361","cleaned",1.58421052631579
"8362","cleaned",1.75263157894737
"8363","cleaned",1.70526315789474
"8364","cleaned",1.25263157894737
"8365","cleaned",1.2
"8366","cleaned",2.08421052631579
"8367","cleaned",0.847368421052632
"8368","cleaned",1.05789473684211
"8369","cleaned",1.74736842105263
"8370","cleaned",1.1
"8371","cleaned",1.43684210526316
"8372","cleaned",2.7
"8373","cleaned",0.226315789473684
"8374","cleaned",1.95263157894737
"8375","cleaned",1.17368421052632
"8376","cleaned",0.7
"8377","cleaned",2.40526315789474
"8378","cleaned",2.43157894736842
"8379","cleaned",2.13157894736842
"8380","cleaned",1.91578947368421
"8381","cleaned",1.23684210526316
"8382","cleaned",2.27894736842105
"8383","cleaned",2.22631578947368
"8384","cleaned",1.14736842105263
"8385","cleaned",1.45789473684211
"8386","cleaned",1.43157894736842
"8387","cleaned",1.65789473684211
"8388","cleaned",1.56842105263158
"8389","cleaned",1.21578947368421
"8390","cleaned",2.10526315789474
"8391","cleaned",1.4
"8392","cleaned",0.868421052631579
"8393","cleaned",1.63684210526316
"8394","cleaned",2.52631578947368
"8395","cleaned",1.65263157894737
"8396","cleaned",1.4
"8397","cleaned",1.98421052631579
"8398","cleaned",2.33684210526316
"8399","cleaned",2.74736842105263
"8400","cleaned",1.84736842105263
"8401","cleaned",0.931578947368421
"8402","cleaned",2.49473684210526
"8403","cleaned",2.41578947368421
"8404","cleaned",1.27368421052632
"8405","cleaned",1.36842105263158
"8406","cleaned",0.568421052631579
"8407","cleaned",1.63157894736842
"8408","cleaned",2.15789473684211
"8409","cleaned",2.62631578947368
"8410","cleaned",0.968421052631579
"8411","cleaned",2.05789473684211
"8412","cleaned",2.00526315789474
"8413","cleaned",0.957894736842105
"8414","cleaned",1.65789473684211
"8415","cleaned",0.947368421052632
"8416","cleaned",1.51052631578947
"8417","cleaned",1.13157894736842
"8418","cleaned",2.27368421052632
"8419","cleaned",1.46842105263158
"8420","cleaned",2.17368421052632
"8421","cleaned",1.6
"8422","cleaned",2.45263157894737
"8423","cleaned",2.44736842105263
"8424","cleaned",2.11578947368421
"8425","cleaned",1.83684210526316
"8426","cleaned",1.27894736842105
"8427","cleaned",3.06315789473684
"8428","cleaned",2.23157894736842
"8429","cleaned",1.82631578947368
"8430","cleaned",1.69473684210526
"8431","cleaned",1.25263157894737
"8432","cleaned",1.56842105263158
"8433","cleaned",2.44736842105263
"8434","cleaned",0.631578947368421
"8435","cleaned",2.01578947368421
"8436","cleaned",1.75789473684211
"8437","cleaned",2.3
"8438","cleaned",1.11052631578947
"8439","cleaned",1.07368421052632
"8440","cleaned",1.51578947368421
"8441","cleaned",2.51052631578947
"8442","cleaned",2.03684210526316
"8443","cleaned",1.58421052631579
"8444","cleaned",2.20526315789474
"8445","cleaned",1.13157894736842
"8446","cleaned",1.83684210526316
"8447","cleaned",2.12631578947368
"8448","cleaned",1.42631578947368
"8449","cleaned",2.4
"8450","cleaned",1.85789473684211
"8451","cleaned",2.56842105263158
"8452","cleaned",2.24210526315789
"8453","cleaned",3.13684210526316
"8454","cleaned",0.973684210526316
"8455","cleaned",1.68947368421053
"8456","cleaned",2.72631578947368
"8457","cleaned",1.24210526315789
"8458","cleaned",2.11578947368421
"8459","cleaned",1.70526315789474
"8460","cleaned",1.42631578947368
"8461","cleaned",1.91052631578947
"8462","cleaned",2.12105263157895
"8463","cleaned",2.03684210526316
"8464","cleaned",2.29473684210526
"8465","cleaned",2.01052631578947
"8466","cleaned",1.45789473684211
"8467","cleaned",2.42631578947368
"8468","cleaned",2
"8469","cleaned",1.36315789473684
"8470","cleaned",1.77368421052632
"8471","cleaned",1.53157894736842
"8472","cleaned",0.957894736842105
"8473","cleaned",1.37368421052632
"8474","cleaned",1.86842105263158
"8475","cleaned",1.66315789473684
"8476","cleaned",1.69473684210526
"8477","cleaned",1.82631578947368
"8478","cleaned",2.33684210526316
"8479","cleaned",2.56315789473684
"8480","cleaned",2.48421052631579
"8481","cleaned",1.85789473684211
"8482","cleaned",2.53684210526316
"8483","cleaned",2.19473684210526
"8484","cleaned",1.5
"8485","cleaned",1.97894736842105
"8486","cleaned",2.5
"8487","cleaned",1.69473684210526
"8488","cleaned",1.6
"8489","cleaned",2.33684210526316
"8490","cleaned",1.62105263157895
"8491","cleaned",1.95263157894737
"8492","cleaned",1.74210526315789
"8493","cleaned",1.62631578947368
"8494","cleaned",1.81578947368421
"8495","cleaned",1.23157894736842
"8496","cleaned",1.04210526315789
"8497","cleaned",1.26842105263158
"8498","cleaned",2.4
"8499","cleaned",2.43684210526316
"8500","cleaned",1.71578947368421
"8501","cleaned",1.03157894736842
"8502","cleaned",2.24210526315789
"8503","cleaned",0.952631578947368
"8504","cleaned",2.56315789473684
"8505","cleaned",1.43157894736842
"8506","cleaned",1.69473684210526
"8507","cleaned",1.83684210526316
"8508","cleaned",1.6
"8509","cleaned",1.28421052631579
"8510","cleaned",2.65263157894737
"8511","cleaned",2.17368421052632
"8512","cleaned",1.25789473684211
"8513","cleaned",1.46842105263158
"8514","cleaned",1.16315789473684
"8515","cleaned",1.92105263157895
"8516","cleaned",1.42631578947368
"8517","cleaned",1.07368421052632
"8518","cleaned",1.4
"8519","cleaned",1.21052631578947
"8520","cleaned",2.19473684210526
"8521","cleaned",1.31578947368421
"8522","cleaned",1.21578947368421
"8523","cleaned",2.56842105263158
"8524","cleaned",1.95789473684211
"8525","cleaned",1.91052631578947
"8526","cleaned",1.7
"8527","cleaned",1.78421052631579
"8528","cleaned",1.88421052631579
"8529","cleaned",1.54736842105263
"8530","cleaned",2.13684210526316
"8531","cleaned",1.45789473684211
"8532","cleaned",0.815789473684211
"8533","cleaned",1.91052631578947
"8534","cleaned",1.83684210526316
"8535","cleaned",1.41052631578947
"8536","cleaned",0.857894736842105
"8537","cleaned",1.27368421052632
"8538","cleaned",2.26315789473684
"8539","cleaned",1.84736842105263
"8540","cleaned",2.14736842105263
"8541","cleaned",1.9
"8542","cleaned",2.26315789473684
"8543","cleaned",2.97894736842105
"8544","cleaned",0.978947368421053
"8545","cleaned",2.08421052631579
"8546","cleaned",0.336842105263158
"8547","cleaned",1.74210526315789
"8548","cleaned",2.41578947368421
"8549","cleaned",1.82631578947368
"8550","cleaned",1.51578947368421
"8551","cleaned",2.1
"8552","cleaned",1.95789473684211
"8553","cleaned",1.8
"8554","cleaned",2.21052631578947
"8555","cleaned",2.53684210526316
"8556","cleaned",1.33684210526316
"8557","cleaned",2.17894736842105
"8558","cleaned",1.60526315789474
"8559","cleaned",2.27894736842105
"8560","cleaned",2.04210526315789
"8561","cleaned",1.1
"8562","cleaned",2.61578947368421
"8563","cleaned",2.16315789473684
"8564","cleaned",1.85789473684211
"8565","cleaned",1.22105263157895
"8566","cleaned",2.27368421052632
"8567","cleaned",2.22105263157895
"8568","cleaned",1.83157894736842
"8569","cleaned",1.62105263157895
"8570","cleaned",1.42105263157895
"8571","cleaned",1.66842105263158
"8572","cleaned",1.61578947368421
"8573","cleaned",2.21052631578947
"8574","cleaned",1.39473684210526
"8575","cleaned",2.12631578947368
"8576","cleaned",0.894736842105263
"8577","cleaned",0.852631578947368
"8578","cleaned",2.19473684210526
"8579","cleaned",2.94736842105263
"8580","cleaned",1.26842105263158
"8581","cleaned",2.27368421052632
"8582","cleaned",1.54210526315789
"8583","cleaned",1.93684210526316
"8584","cleaned",2.03157894736842
"8585","cleaned",0.931578947368421
"8586","cleaned",2.61052631578947
"8587","cleaned",2.44210526315789
"8588","cleaned",1.70526315789474
"8589","cleaned",1.85263157894737
"8590","cleaned",2.09473684210526
"8591","cleaned",1.72105263157895
"8592","cleaned",2.38947368421053
"8593","cleaned",2.1
"8594","cleaned",2.24736842105263
"8595","cleaned",0.452631578947368
"8596","cleaned",2.26842105263158
"8597","cleaned",1.99473684210526
"8598","cleaned",1.08947368421053
"8599","cleaned",3.12631578947368
"8600","cleaned",2.23684210526316
"8601","cleaned",2.02631578947368
"8602","cleaned",1.88947368421053
"8603","cleaned",1.78947368421053
"8604","cleaned",2.23684210526316
"8605","cleaned",1.17894736842105
"8606","cleaned",0.947368421052632
"8607","cleaned",1.87368421052632
"8608","cleaned",1.86315789473684
"8609","cleaned",1.88421052631579
"8610","cleaned",1.05263157894737
"8611","cleaned",0.58421052631579
"8612","cleaned",0.652631578947368
"8613","cleaned",2.31578947368421
"8614","cleaned",1.45263157894737
"8615","cleaned",2.02105263157895
"8616","cleaned",1.76315789473684
"8617","cleaned",1.11578947368421
"8618","cleaned",1.42105263157895
"8619","cleaned",1.95263157894737
"8620","cleaned",1.78421052631579
"8621","cleaned",1.41578947368421
"8622","cleaned",1.77894736842105
"8623","cleaned",1.43157894736842
"8624","cleaned",1.67894736842105
"8625","cleaned",1.30526315789474
"8626","cleaned",1.32105263157895
"8627","cleaned",2.32631578947368
"8628","cleaned",2.4
"8629","cleaned",1.2
"8630","cleaned",0.521052631578947
"8631","cleaned",0.231578947368421
"8632","cleaned",1.38421052631579
"8633","cleaned",1.48421052631579
"8634","cleaned",1.75263157894737
"8635","cleaned",1.71578947368421
"8636","cleaned",1.15789473684211
"8637","cleaned",1.63684210526316
"8638","cleaned",1.17894736842105
"8639","cleaned",1.92631578947368
"8640","cleaned",1.71578947368421
"8641","cleaned",1.16315789473684
"8642","cleaned",2.02105263157895
"8643","cleaned",1.52105263157895
"8644","cleaned",1.37368421052632
"8645","cleaned",1.43684210526316
"8646","cleaned",0.747368421052632
"8647","cleaned",3.75263157894737
"8648","cleaned",0.752631578947368
"8649","cleaned",2.11052631578947
"8650","cleaned",1.78947368421053
"8651","cleaned",1.76315789473684
"8652","cleaned",1.81578947368421
"8653","cleaned",1.82631578947368
"8654","cleaned",2.21578947368421
"8655","cleaned",2.08421052631579
"8656","cleaned",1.62631578947368
"8657","cleaned",1.93157894736842
"8658","cleaned",1.12631578947368
"8659","cleaned",1.88947368421053
"8660","cleaned",1.88421052631579
"8661","cleaned",1.21052631578947
"8662","cleaned",1.25263157894737
"8663","cleaned",1.48947368421053
"8664","cleaned",2.12631578947368
"8665","cleaned",2.02631578947368
"8666","cleaned",2.63157894736842
"8667","cleaned",1.72105263157895
"8668","cleaned",0.773684210526316
"8669","cleaned",1.58947368421053
"8670","cleaned",1.96842105263158
"8671","cleaned",1.68947368421053
"8672","cleaned",0.673684210526316
"8673","cleaned",1.78947368421053
"8674","cleaned",1.4
"8675","cleaned",1.04210526315789
"8676","cleaned",0.636842105263158
"8677","cleaned",1.27894736842105
"8678","cleaned",1.48421052631579
"8679","cleaned",1.81578947368421
"8680","cleaned",2.08421052631579
"8681","cleaned",2.37894736842105
"8682","cleaned",2.05789473684211
"8683","cleaned",2.41052631578947
"8684","cleaned",1.58947368421053
"8685","cleaned",1.71052631578947
"8686","cleaned",1.92631578947368
"8687","cleaned",1.45789473684211
"8688","cleaned",2.47894736842105
"8689","cleaned",1.89473684210526
"8690","cleaned",2.51052631578947
"8691","cleaned",0.857894736842105
"8692","cleaned",1.62631578947368
"8693","cleaned",1.93684210526316
"8694","cleaned",2.12631578947368
"8695","cleaned",1.87894736842105
"8696","cleaned",2.13157894736842
"8697","cleaned",1.62105263157895
"8698","cleaned",2.64210526315789
"8699","cleaned",2.95263157894737
"8700","cleaned",1.72105263157895
"8701","cleaned",1.12631578947368
"8702","cleaned",1.51578947368421
"8703","cleaned",1.30526315789474
"8704","cleaned",1.21578947368421
"8705","cleaned",1.63157894736842
"8706","cleaned",1.73157894736842
"8707","cleaned",2.64736842105263
"8708","cleaned",0.789473684210526
"8709","cleaned",1.44736842105263
"8710","cleaned",1.83684210526316
"8711","cleaned",0.942105263157895
"8712","cleaned",0.789473684210526
"8713","cleaned",0.742105263157895
"8714","cleaned",1.53684210526316
"8715","cleaned",2.21052631578947
"8716","cleaned",1.21578947368421
"8717","cleaned",1.3
"8718","cleaned",0.721052631578947
"8719","cleaned",1.26842105263158
"8720","cleaned",1.44736842105263
"8721","cleaned",1.24210526315789
"8722","cleaned",1.91578947368421
"8723","cleaned",1.98947368421053
"8724","cleaned",2.84736842105263
"8725","cleaned",2.04736842105263
"8726","cleaned",1.74736842105263
"8727","cleaned",1.86842105263158
"8728","cleaned",2.21052631578947
"8729","cleaned",1.87368421052632
"8730","cleaned",1.72631578947368
"8731","cleaned",1.05789473684211
"8732","cleaned",1.85789473684211
"8733","cleaned",2.35263157894737
"8734","cleaned",1.9
"8735","cleaned",1.77894736842105
"8736","cleaned",1.74210526315789
"8737","cleaned",0.805263157894737
"8738","cleaned",1.89473684210526
"8739","cleaned",1.24736842105263
"8740","cleaned",1.26315789473684
"8741","cleaned",1.44210526315789
"8742","cleaned",1.9
"8743","cleaned",2.59473684210526
"8744","cleaned",1.62105263157895
"8745","cleaned",1.76315789473684
"8746","cleaned",2.33157894736842
"8747","cleaned",1.43157894736842
"8748","cleaned",2.36315789473684
"8749","cleaned",2.41578947368421
"8750","cleaned",2.94210526315789
"8751","cleaned",2
"8752","cleaned",1.61052631578947
"8753","cleaned",1.56315789473684
"8754","cleaned",2.37368421052632
"8755","cleaned",2.21052631578947
"8756","cleaned",1.67894736842105
"8757","cleaned",1.76315789473684
"8758","cleaned",1.28421052631579
"8759","cleaned",2.53157894736842
"8760","cleaned",1.62105263157895
"8761","cleaned",1.27368421052632
"8762","cleaned",1.44736842105263
"8763","cleaned",1.44210526315789
"8764","cleaned",2.14210526315789
"8765","cleaned",2.05263157894737
"8766","cleaned",1.74736842105263
"8767","cleaned",1.85789473684211
"8768","cleaned",1.95789473684211
"8769","cleaned",2.16315789473684
"8770","cleaned",2.47368421052632
"8771","cleaned",2.33684210526316
"8772","cleaned",1.52631578947368
"8773","cleaned",1.66842105263158
"8774","cleaned",1.47368421052632
"8775","cleaned",1.44210526315789
"8776","cleaned",1.83684210526316
"8777","cleaned",1.33157894736842
"8778","cleaned",1.77894736842105
"8779","cleaned",1.98947368421053
"8780","cleaned",1.75263157894737
"8781","cleaned",1.64210526315789
"8782","cleaned",2.47894736842105
"8783","cleaned",2.38947368421053
"8784","cleaned",2.17894736842105
"8785","cleaned",2.57368421052632
"8786","cleaned",1.55263157894737
"8787","cleaned",2.67894736842105
"8788","cleaned",1.44210526315789
"8789","cleaned",2.63157894736842
"8790","cleaned",1.26842105263158
"8791","cleaned",2.4
"8792","cleaned",1.51578947368421
"8793","cleaned",0.610526315789474
"8794","cleaned",1.87368421052632
"8795","cleaned",2.27368421052632
"8796","cleaned",1.30526315789474
"8797","cleaned",1.98421052631579
"8798","cleaned",2.62631578947368
"8799","cleaned",2.74736842105263
"8800","cleaned",1.2
"8801","cleaned",0.905263157894737
"8802","cleaned",1.44736842105263
"8803","cleaned",1.82631578947368
"8804","cleaned",1.25789473684211
"8805","cleaned",1.51578947368421
"8806","cleaned",1.80526315789474
"8807","cleaned",1.38421052631579
"8808","cleaned",1.86842105263158
"8809","cleaned",2.54210526315789
"8810","cleaned",2.40526315789474
"8811","cleaned",1.10526315789474
"8812","cleaned",2.32105263157895
"8813","cleaned",2.01052631578947
"8814","cleaned",1.06842105263158
"8815","cleaned",1.63684210526316
"8816","cleaned",2.30526315789474
"8817","cleaned",1.94736842105263
"8818","cleaned",1.39473684210526
"8819","cleaned",1.44736842105263
"8820","cleaned",1.44736842105263
"8821","cleaned",2.47894736842105
"8822","cleaned",2.34210526315789
"8823","cleaned",1.24210526315789
"8824","cleaned",1.16315789473684
"8825","cleaned",2.04736842105263
"8826","cleaned",1.53684210526316
"8827","cleaned",1.3
"8828","cleaned",2.13684210526316
"8829","cleaned",0.736842105263158
"8830","cleaned",1.34736842105263
"8831","cleaned",1.27368421052632
"8832","cleaned",2.04210526315789
"8833","cleaned",2.08947368421053
"8834","cleaned",2.11052631578947
"8835","cleaned",1.82105263157895
"8836","cleaned",2.81578947368421
"8837","cleaned",1.54736842105263
"8838","cleaned",1.86315789473684
"8839","cleaned",1.86842105263158
"8840","cleaned",2.28421052631579
"8841","cleaned",2.39473684210526
"8842","cleaned",1.68421052631579
"8843","cleaned",1.55263157894737
"8844","cleaned",1.05789473684211
"8845","cleaned",2.14210526315789
"8846","cleaned",2.67894736842105
"8847","cleaned",2.14736842105263
"8848","cleaned",2.01578947368421
"8849","cleaned",1.63157894736842
"8850","cleaned",1.77894736842105
"8851","cleaned",1.78947368421053
"8852","cleaned",0.821052631578947
"8853","cleaned",1.37368421052632
"8854","cleaned",0.810526315789474
"8855","cleaned",1.79473684210526
"8856","cleaned",1.36842105263158
"8857","cleaned",2.58421052631579
"8858","cleaned",1.81578947368421
"8859","cleaned",2.42105263157895
"8860","cleaned",2.03157894736842
"8861","cleaned",1.48947368421053
"8862","cleaned",1.77894736842105
"8863","cleaned",1.98421052631579
"8864","cleaned",1.90526315789474
"8865","cleaned",1.54736842105263
"8866","cleaned",2.12631578947368
"8867","cleaned",1.72105263157895
"8868","cleaned",1.47368421052632
"8869","cleaned",1.65263157894737
"8870","cleaned",1.43157894736842
"8871","cleaned",1.87894736842105
"8872","cleaned",1.72631578947368
"8873","cleaned",1.36315789473684
"8874","cleaned",1.27368421052632
"8875","cleaned",0.257894736842105
"8876","cleaned",0.994736842105263
"8877","cleaned",1.87894736842105
"8878","cleaned",1.79473684210526
"8879","cleaned",2.16315789473684
"8880","cleaned",1.83684210526316
"8881","cleaned",1.6
"8882","cleaned",1.35789473684211
"8883","cleaned",2.14736842105263
"8884","cleaned",2.10526315789474
"8885","cleaned",1.25263157894737
"8886","cleaned",1.44210526315789
"8887","cleaned",2.12105263157895
"8888","cleaned",1.51578947368421
"8889","cleaned",2.15263157894737
"8890","cleaned",1.53157894736842
"8891","cleaned",2.75789473684211
"8892","cleaned",1.52631578947368
"8893","cleaned",2.33684210526316
"8894","cleaned",1.91578947368421
"8895","cleaned",1.07894736842105
"8896","cleaned",1.19473684210526
"8897","cleaned",0.678947368421053
"8898","cleaned",1.93157894736842
"8899","cleaned",2.38947368421053
"8900","cleaned",0.857894736842105
"8901","cleaned",2.14210526315789
"8902","cleaned",2.03684210526316
"8903","cleaned",0.705263157894737
"8904","cleaned",1.48421052631579
"8905","cleaned",1.34736842105263
"8906","cleaned",1.04736842105263
"8907","cleaned",2.61578947368421
"8908","cleaned",1.90526315789474
"8909","cleaned",2.10526315789474
"8910","cleaned",1.92631578947368
"8911","cleaned",1.27368421052632
"8912","cleaned",1.31052631578947
"8913","cleaned",1.29473684210526
"8914","cleaned",1.93684210526316
"8915","cleaned",1.77894736842105
"8916","cleaned",1.25263157894737
"8917","cleaned",1.2
"8918","cleaned",0.442105263157895
"8919","cleaned",0.668421052631579
"8920","cleaned",1.53157894736842
"8921","cleaned",1.83157894736842
"8922","cleaned",1.37368421052632
"8923","cleaned",1.77368421052632
"8924","cleaned",0.447368421052632
"8925","cleaned",1.27894736842105
"8926","cleaned",1.47894736842105
"8927","cleaned",1.9
"8928","cleaned",0.831578947368421
"8929","cleaned",1.40526315789474
"8930","cleaned",1.67894736842105
"8931","cleaned",1.37894736842105
"8932","cleaned",1.80526315789474
"8933","cleaned",2.25263157894737
"8934","cleaned",2.54210526315789
"8935","cleaned",1.15789473684211
"8936","cleaned",1.27368421052632
"8937","cleaned",2.03684210526316
"8938","cleaned",2.01578947368421
"8939","cleaned",2.31578947368421
"8940","cleaned",1.66842105263158
"8941","cleaned",2.39473684210526
"8942","cleaned",1.20526315789474
"8943","cleaned",2.15263157894737
"8944","cleaned",1.86842105263158
"8945","cleaned",1.98947368421053
"8946","cleaned",1.49473684210526
"8947","cleaned",0.747368421052632
"8948","cleaned",1.80526315789474
"8949","cleaned",1.93157894736842
"8950","cleaned",1.65263157894737
"8951","cleaned",1.13157894736842
"8952","cleaned",2.56842105263158
"8953","cleaned",2.68947368421053
"8954","cleaned",1.84736842105263
"8955","cleaned",1.46315789473684
"8956","cleaned",2.03684210526316
"8957","cleaned",0.957894736842105
"8958","cleaned",1.53157894736842
"8959","cleaned",1.53157894736842
"8960","cleaned",1.56842105263158
"8961","cleaned",1.35263157894737
"8962","cleaned",2.43684210526316
"8963","cleaned",1.63684210526316
"8964","cleaned",1.60526315789474
"8965","cleaned",1.33684210526316
"8966","cleaned",2.66842105263158
"8967","cleaned",3.38947368421053
"8968","cleaned",1.18421052631579
"8969","cleaned",1.53157894736842
"8970","cleaned",1.00526315789474
"8971","cleaned",1.62105263157895
"8972","cleaned",2.12105263157895
"8973","cleaned",1.80526315789474
"8974","cleaned",1.35789473684211
"8975","cleaned",1.08421052631579
"8976","cleaned",2.45789473684211
"8977","cleaned",1.58421052631579
"8978","cleaned",1.56315789473684
"8979","cleaned",1.31052631578947
"8980","cleaned",1.47894736842105
"8981","cleaned",1.98421052631579
"8982","cleaned",1.00526315789474
"8983","cleaned",3.51578947368421
"8984","cleaned",2.06842105263158
"8985","cleaned",1.97368421052632
"8986","cleaned",2.51578947368421
"8987","cleaned",1.63157894736842
"8988","cleaned",1.55789473684211
"8989","cleaned",2.16842105263158
"8990","cleaned",1.32105263157895
"8991","cleaned",1.2
"8992","cleaned",2.13157894736842
"8993","cleaned",2.27368421052632
"8994","cleaned",2.23684210526316
"8995","cleaned",1.06842105263158
"8996","cleaned",2.11578947368421
"8997","cleaned",1.41052631578947
"8998","cleaned",1.14210526315789
"8999","cleaned",1.91578947368421
"9000","cleaned",1.79473684210526
"9001","cleaned",2.28421052631579
"9002","cleaned",2.15263157894737
"9003","cleaned",1.85789473684211
"9004","cleaned",2.02105263157895
"9005","cleaned",1.43684210526316
"9006","cleaned",2.37894736842105
"9007","cleaned",2.64210526315789
"9008","cleaned",2.63157894736842
"9009","cleaned",1.93157894736842
"9010","cleaned",1.32105263157895
"9011","cleaned",2.06315789473684
"9012","cleaned",2.34736842105263
"9013","cleaned",1.89473684210526
"9014","cleaned",2.02631578947368
"9015","cleaned",2.32631578947368
"9016","cleaned",1.81052631578947
"9017","cleaned",1.97368421052632
"9018","cleaned",1.07368421052632
"9019","cleaned",1.78421052631579
"9020","cleaned",1.88947368421053
"9021","cleaned",1.2
"9022","cleaned",2.88421052631579
"9023","cleaned",1.94736842105263
"9024","cleaned",1.23684210526316
"9025","cleaned",1.57368421052632
"9026","cleaned",1.36315789473684
"9027","cleaned",2.43684210526316
"9028","cleaned",1.55263157894737
"9029","cleaned",2.6
"9030","cleaned",1.51578947368421
"9031","cleaned",1.77894736842105
"9032","cleaned",1.6
"9033","cleaned",0.752631578947368
"9034","cleaned",1.88421052631579
"9035","cleaned",2.17894736842105
"9036","cleaned",1.82631578947368
"9037","cleaned",2.06842105263158
"9038","cleaned",0.873684210526316
"9039","cleaned",1.61052631578947
"9040","cleaned",1.06842105263158
"9041","cleaned",1.97894736842105
"9042","cleaned",1.96842105263158
"9043","cleaned",1.80526315789474
"9044","cleaned",2.35789473684211
"9045","cleaned",2.32105263157895
"9046","cleaned",1.42631578947368
"9047","cleaned",3.16842105263158
"9048","cleaned",1.29473684210526
"9049","cleaned",1.57368421052632
"9050","cleaned",1.28947368421053
"9051","cleaned",1.63157894736842
"9052","cleaned",1.31052631578947
"9053","cleaned",1.3
"9054","cleaned",1.55263157894737
"9055","cleaned",1.38421052631579
"9056","cleaned",1.27894736842105
"9057","cleaned",2.70526315789474
"9058","cleaned",0.857894736842105
"9059","cleaned",2.07894736842105
"9060","cleaned",1.37368421052632
"9061","cleaned",0.989473684210526
"9062","cleaned",2.03157894736842
"9063","cleaned",1.17894736842105
"9064","cleaned",2.01052631578947
"9065","cleaned",1.94736842105263
"9066","cleaned",0.889473684210526
"9067","cleaned",2.27368421052632
"9068","cleaned",2.20526315789474
"9069","cleaned",1.04210526315789
"9070","cleaned",1.21578947368421
"9071","cleaned",0.994736842105263
"9072","cleaned",1.98947368421053
"9073","cleaned",1.52105263157895
"9074","cleaned",1.91578947368421
"9075","cleaned",0.721052631578947
"9076","cleaned",1.54736842105263
"9077","cleaned",2.75789473684211
"9078","cleaned",2.43684210526316
"9079","cleaned",2.72631578947368
"9080","cleaned",2.05789473684211
"9081","cleaned",2.1
"9082","cleaned",1.83684210526316
"9083","cleaned",2.08947368421053
"9084","cleaned",2.41052631578947
"9085","cleaned",2.6
"9086","cleaned",2.33684210526316
"9087","cleaned",1.34210526315789
"9088","cleaned",2.24210526315789
"9089","cleaned",1.17368421052632
"9090","cleaned",1.44736842105263
"9091","cleaned",1.58421052631579
"9092","cleaned",1.79473684210526
"9093","cleaned",1.66842105263158
"9094","cleaned",2.15789473684211
"9095","cleaned",1.85263157894737
"9096","cleaned",1.48421052631579
"9097","cleaned",1.71052631578947
"9098","cleaned",2.24210526315789
"9099","cleaned",1.97894736842105
"9100","cleaned",2.06315789473684
"9101","cleaned",1.74736842105263
"9102","cleaned",1.8
"9103","cleaned",1.36315789473684
"9104","cleaned",0.989473684210526
"9105","cleaned",1.51578947368421
"9106","cleaned",1.75789473684211
"9107","cleaned",2.91052631578947
"9108","cleaned",2.74736842105263
"9109","cleaned",0.815789473684211
"9110","cleaned",1.68421052631579
"9111","cleaned",2.13684210526316
"9112","cleaned",1.6
"9113","cleaned",0.921052631578947
"9114","cleaned",1.05263157894737
"9115","cleaned",1.50526315789474
"9116","cleaned",2.07368421052632
"9117","cleaned",1.67894736842105
"9118","cleaned",1.26842105263158
"9119","cleaned",2
"9120","cleaned",2.37894736842105
"9121","cleaned",1.35789473684211
"9122","cleaned",1.44210526315789
"9123","cleaned",1.23157894736842
"9124","cleaned",1.63684210526316
"9125","cleaned",1.74736842105263
"9126","cleaned",2.00526315789474
"9127","cleaned",1.57368421052632
"9128","cleaned",0.252631578947368
"9129","cleaned",2.18947368421053
"9130","cleaned",1.34210526315789
"9131","cleaned",2.60526315789474
"9132","cleaned",1.66842105263158
"9133","cleaned",1.31578947368421
"9134","cleaned",2.4
"9135","cleaned",1.24736842105263
"9136","cleaned",1.67368421052632
"9137","cleaned",1.94736842105263
"9138","cleaned",2.43157894736842
"9139","cleaned",1.83684210526316
"9140","cleaned",1.40526315789474
"9141","cleaned",2.13684210526316
"9142","cleaned",1.45789473684211
"9143","cleaned",1.42105263157895
"9144","cleaned",1.47368421052632
"9145","cleaned",2.10526315789474
"9146","cleaned",1.95789473684211
"9147","cleaned",1.38421052631579
"9148","cleaned",0.789473684210526
"9149","cleaned",2.49473684210526
"9150","cleaned",2.18421052631579
"9151","cleaned",1.72631578947368
"9152","cleaned",1.75263157894737
"9153","cleaned",1.77894736842105
"9154","cleaned",2.58947368421053
"9155","cleaned",2.15789473684211
"9156","cleaned",0.547368421052632
"9157","cleaned",1.93157894736842
"9158","cleaned",1.52631578947368
"9159","cleaned",1.46315789473684
"9160","cleaned",2.32631578947368
"9161","cleaned",2.5
"9162","cleaned",2.28421052631579
"9163","cleaned",1.52631578947368
"9164","cleaned",2.3
"9165","cleaned",0.131578947368421
"9166","cleaned",2.66315789473684
"9167","cleaned",2.16315789473684
"9168","cleaned",1.75263157894737
"9169","cleaned",1.56842105263158
"9170","cleaned",1.76315789473684
"9171","cleaned",1.68421052631579
"9172","cleaned",1.24210526315789
"9173","cleaned",1.47368421052632
"9174","cleaned",1.73684210526316
"9175","cleaned",1.24736842105263
"9176","cleaned",0.873684210526316
"9177","cleaned",2.27368421052632
"9178","cleaned",2.40526315789474
"9179","cleaned",1.44736842105263
"9180","cleaned",2.30526315789474
"9181","cleaned",2.52105263157895
"9182","cleaned",1.85263157894737
"9183","cleaned",1.67894736842105
"9184","cleaned",1.04210526315789
"9185","cleaned",0.873684210526316
"9186","cleaned",2.00526315789474
"9187","cleaned",1.01578947368421
"9188","cleaned",2.87894736842105
"9189","cleaned",1.47368421052632
"9190","cleaned",2.06315789473684
"9191","cleaned",2.13157894736842
"9192","cleaned",1.61578947368421
"9193","cleaned",1.85789473684211
"9194","cleaned",1.74736842105263
"9195","cleaned",2.32105263157895
"9196","cleaned",1.42105263157895
"9197","cleaned",1.58947368421053
"9198","cleaned",1.53157894736842
"9199","cleaned",2.21578947368421
"9200","cleaned",1.78421052631579
"9201","cleaned",1.21578947368421
"9202","cleaned",0.352631578947368
"9203","cleaned",2.59473684210526
"9204","cleaned",1.78947368421053
"9205","cleaned",2.20526315789474
"9206","cleaned",2.19473684210526
"9207","cleaned",1.65263157894737
"9208","cleaned",1.12105263157895
"9209","cleaned",1.32631578947368
"9210","cleaned",1.27368421052632
"9211","cleaned",2.15263157894737
"9212","cleaned",0.778947368421053
"9213","cleaned",1.49473684210526
"9214","cleaned",2.21578947368421
"9215","cleaned",2.45263157894737
"9216","cleaned",1.19473684210526
"9217","cleaned",0.815789473684211
"9218","cleaned",2.50526315789474
"9219","cleaned",1
"9220","cleaned",2.98947368421053
"9221","cleaned",1.77894736842105
"9222","cleaned",1.53684210526316
"9223","cleaned",2.37894736842105
"9224","cleaned",1.95789473684211
"9225","cleaned",2.19473684210526
"9226","cleaned",1.45789473684211
"9227","cleaned",1.47894736842105
"9228","cleaned",2.58947368421053
"9229","cleaned",1.97894736842105
"9230","cleaned",2.35263157894737
"9231","cleaned",2.85263157894737
"9232","cleaned",2.59473684210526
"9233","cleaned",2.1
"9234","cleaned",1.13684210526316
"9235","cleaned",2.08421052631579
"9236","cleaned",1.26842105263158
"9237","cleaned",0.984210526315789
"9238","cleaned",2.45263157894737
"9239","cleaned",1.48421052631579
"9240","cleaned",2.14210526315789
"9241","cleaned",1.67368421052632
"9242","cleaned",2.00526315789474
"9243","cleaned",2.9
"9244","cleaned",2.22631578947368
"9245","cleaned",1.74736842105263
"9246","cleaned",2.15789473684211
"9247","cleaned",1.67894736842105
"9248","cleaned",2.21578947368421
"9249","cleaned",1.93157894736842
"9250","cleaned",1.86842105263158
"9251","cleaned",1.48421052631579
"9252","cleaned",2.20526315789474
"9253","cleaned",1.68947368421053
"9254","cleaned",1.95263157894737
"9255","cleaned",1.66842105263158
"9256","cleaned",2.13157894736842
"9257","cleaned",2.65263157894737
"9258","cleaned",2.17894736842105
"9259","cleaned",2.34210526315789
"9260","cleaned",1.37368421052632
"9261","cleaned",0.952631578947368
"9262","cleaned",2.62105263157895
"9263","cleaned",2.36842105263158
"9264","cleaned",1.8
"9265","cleaned",2.29473684210526
"9266","cleaned",1.75789473684211
"9267","cleaned",1.38421052631579
"9268","cleaned",2.94210526315789
"9269","cleaned",0.552631578947368
"9270","cleaned",2.12631578947368
"9271","cleaned",1.53684210526316
"9272","cleaned",1.9
"9273","cleaned",2.03684210526316
"9274","cleaned",1.91052631578947
"9275","cleaned",2.68421052631579
"9276","cleaned",1.29473684210526
"9277","cleaned",2.21052631578947
"9278","cleaned",1.37368421052632
"9279","cleaned",2.06315789473684
"9280","cleaned",1.83684210526316
"9281","cleaned",1.25789473684211
"9282","cleaned",1.78421052631579
"9283","cleaned",1.64736842105263
"9284","cleaned",2.44210526315789
"9285","cleaned",1.78947368421053
"9286","cleaned",1.34210526315789
"9287","cleaned",1.48421052631579
"9288","cleaned",2.1
"9289","cleaned",0.936842105263158
"9290","cleaned",1.35263157894737
"9291","cleaned",1.58421052631579
"9292","cleaned",1.07894736842105
"9293","cleaned",2.08947368421053
"9294","cleaned",1.83157894736842
"9295","cleaned",1.72631578947368
"9296","cleaned",1.14210526315789
"9297","cleaned",1.68947368421053
"9298","cleaned",1.95789473684211
"9299","cleaned",1.17894736842105
"9300","cleaned",1.57368421052632
"9301","cleaned",2.37894736842105
"9302","cleaned",1.80526315789474
"9303","cleaned",2.5
"9304","cleaned",1.24736842105263
"9305","cleaned",1.81578947368421
"9306","cleaned",2.18421052631579
"9307","cleaned",0.826315789473684
"9308","cleaned",1.28421052631579
"9309","cleaned",2.05789473684211
"9310","cleaned",2.12105263157895
"9311","cleaned",1.99473684210526
"9312","cleaned",2.11578947368421
"9313","cleaned",2.97368421052632
"9314","cleaned",1.48947368421053
"9315","cleaned",2.01052631578947
"9316","cleaned",1.82631578947368
"9317","cleaned",2.34736842105263
"9318","cleaned",2.03157894736842
"9319","cleaned",1.27368421052632
"9320","cleaned",1.83157894736842
"9321","cleaned",1.88947368421053
"9322","cleaned",1.48421052631579
"9323","cleaned",2.25789473684211
"9324","cleaned",2.15789473684211
"9325","cleaned",1.92105263157895
"9326","cleaned",0.873684210526316
"9327","cleaned",1.92631578947368
"9328","cleaned",2.02105263157895
"9329","cleaned",1.62105263157895
"9330","cleaned",1.11052631578947
"9331","cleaned",1.55263157894737
"9332","cleaned",2.17368421052632
"9333","cleaned",2.15263157894737
"9334","cleaned",1.33684210526316
"9335","cleaned",2.24210526315789
"9336","cleaned",1.03157894736842
"9337","cleaned",2.17894736842105
"9338","cleaned",1.73684210526316
"9339","cleaned",2.03684210526316
"9340","cleaned",1.61578947368421
"9341","cleaned",1.02105263157895
"9342","cleaned",2.34736842105263
"9343","cleaned",1.81578947368421
"9344","cleaned",2.34736842105263
"9345","cleaned",1.96842105263158
"9346","cleaned",1.65789473684211
"9347","cleaned",2.21578947368421
"9348","cleaned",2.35789473684211
"9349","cleaned",1.41052631578947
"9350","cleaned",2.26842105263158
"9351","cleaned",1.76315789473684
"9352","cleaned",2.56842105263158
"9353","cleaned",2.56315789473684
"9354","cleaned",1.41578947368421
"9355","cleaned",2.28947368421053
"9356","cleaned",2.39473684210526
"9357","cleaned",2.56842105263158
"9358","cleaned",0.952631578947368
"9359","cleaned",1.71578947368421
"9360","cleaned",1.27894736842105
"9361","cleaned",1.47368421052632
"9362","cleaned",1.97894736842105
"9363","cleaned",2.76842105263158
"9364","cleaned",1.57368421052632
"9365","cleaned",1.74736842105263
"9366","cleaned",1.88947368421053
"9367","cleaned",2.18421052631579
"9368","cleaned",2.04210526315789
"9369","cleaned",0.994736842105263
"9370","cleaned",2.12105263157895
"9371","cleaned",1.9
"9372","cleaned",1.15789473684211
"9373","cleaned",1.15263157894737
"9374","cleaned",1.91578947368421
"9375","cleaned",1.68947368421053
"9376","cleaned",1.08421052631579
"9377","cleaned",2.93157894736842
"9378","cleaned",2.15789473684211
"9379","cleaned",1.42105263157895
"9380","cleaned",2.11578947368421
"9381","cleaned",2.37368421052632
"9382","cleaned",1.74210526315789
"9383","cleaned",1.64736842105263
"9384","cleaned",1.43684210526316
"9385","cleaned",1.82105263157895
"9386","cleaned",1.68947368421053
"9387","cleaned",1.56842105263158
"9388","cleaned",1.99473684210526
"9389","cleaned",1.54210526315789
"9390","cleaned",2.37368421052632
"9391","cleaned",1.83684210526316
"9392","cleaned",1.23157894736842
"9393","cleaned",1.14210526315789
"9394","cleaned",1.96842105263158
"9395","cleaned",1.28947368421053
"9396","cleaned",1.74736842105263
"9397","cleaned",2.31578947368421
"9398","cleaned",2.8
"9399","cleaned",1.75263157894737
"9400","cleaned",2.22631578947368
"9401","cleaned",2.56315789473684
"9402","cleaned",1.01578947368421
"9403","cleaned",1.34210526315789
"9404","cleaned",2.27368421052632
"9405","cleaned",1.72631578947368
"9406","cleaned",2.21578947368421
"9407","cleaned",1.38947368421053
"9408","cleaned",2.32105263157895
"9409","cleaned",1.84736842105263
"9410","cleaned",0.921052631578947
"9411","cleaned",1.49473684210526
"9412","cleaned",1.1
"9413","cleaned",1.28421052631579
"9414","cleaned",1.71052631578947
"9415","cleaned",1.58947368421053
"9416","cleaned",1.37894736842105
"9417","cleaned",1.03157894736842
"9418","cleaned",1.00526315789474
"9419","cleaned",2.6
"9420","cleaned",2.33157894736842
"9421","cleaned",2.61578947368421
"9422","cleaned",0.678947368421053
"9423","cleaned",2.38421052631579
"9424","cleaned",1.17894736842105
"9425","cleaned",1.76315789473684
"9426","cleaned",1.98947368421053
"9427","cleaned",2.12631578947368
"9428","cleaned",1.75263157894737
"9429","cleaned",1.82105263157895
"9430","cleaned",2.04210526315789
"9431","cleaned",2.19473684210526
"9432","cleaned",2.21052631578947
"9433","cleaned",2.37894736842105
"9434","cleaned",1.79473684210526
"9435","cleaned",1.27368421052632
"9436","cleaned",1.98947368421053
"9437","cleaned",0.878947368421053
"9438","cleaned",1.85789473684211
"9439","cleaned",2.07894736842105
"9440","cleaned",2.18421052631579
"9441","cleaned",1.78421052631579
"9442","cleaned",1.82631578947368
"9443","cleaned",2.01578947368421
"9444","cleaned",2.30526315789474
"9445","cleaned",2.33157894736842
"9446","cleaned",2.75789473684211
"9447","cleaned",0.605263157894737
"9448","cleaned",1.28947368421053
"9449","cleaned",1.59473684210526
"9450","cleaned",2.49473684210526
"9451","cleaned",1.72105263157895
"9452","cleaned",3
"9453","cleaned",2.35263157894737
"9454","cleaned",1.56315789473684
"9455","cleaned",1.84736842105263
"9456","cleaned",1.84736842105263
"9457","cleaned",2.04736842105263
"9458","cleaned",1.97894736842105
"9459","cleaned",1.57368421052632
"9460","cleaned",1.74210526315789
"9461","cleaned",2.48421052631579
"9462","cleaned",0.8
"9463","cleaned",2.06842105263158
"9464","cleaned",1.5
"9465","cleaned",1.85263157894737
"9466","cleaned",1.56842105263158
"9467","cleaned",1.46842105263158
"9468","cleaned",2.14736842105263
"9469","cleaned",1.95789473684211
"9470","cleaned",1.86315789473684
"9471","cleaned",1.87894736842105
"9472","cleaned",0.984210526315789
"9473","cleaned",0.973684210526316
"9474","cleaned",1.86315789473684
"9475","cleaned",2.45789473684211
"9476","cleaned",0.668421052631579
"9477","cleaned",3.03684210526316
"9478","cleaned",1.37894736842105
"9479","cleaned",1.66315789473684
"9480","cleaned",1.96842105263158
"9481","cleaned",2.02105263157895
"9482","cleaned",1.40526315789474
"9483","cleaned",1.67368421052632
"9484","cleaned",2.23157894736842
"9485","cleaned",1.54210526315789
"9486","cleaned",1.32631578947368
"9487","cleaned",2.37368421052632
"9488","cleaned",1.90526315789474
"9489","cleaned",1.24736842105263
"9490","cleaned",2.23157894736842
"9491","cleaned",1.56842105263158
"9492","cleaned",2.09473684210526
"9493","cleaned",2.50526315789474
"9494","cleaned",2.42631578947368
"9495","cleaned",1.66315789473684
"9496","cleaned",1.50526315789474
"9497","cleaned",1.82631578947368
"9498","cleaned",1.35789473684211
"9499","cleaned",1.38947368421053
"9500","cleaned",2.00526315789474
"9501","cleaned",1.67368421052632
"9502","cleaned",1.15263157894737
"9503","cleaned",1.15263157894737
"9504","cleaned",1.56315789473684
"9505","cleaned",1.70526315789474
"9506","cleaned",0.847368421052632
"9507","cleaned",1.71578947368421
"9508","cleaned",1.61578947368421
"9509","cleaned",2.32631578947368
"9510","cleaned",1.91578947368421
"9511","cleaned",0.894736842105263
"9512","cleaned",2.3
"9513","cleaned",2.08421052631579
"9514","cleaned",1.29473684210526
"9515","cleaned",2.34736842105263
"9516","cleaned",1.95789473684211
"9517","cleaned",1.55263157894737
"9518","cleaned",1.63684210526316
"9519","cleaned",1.84210526315789
"9520","cleaned",1.89473684210526
"9521","cleaned",2.23157894736842
"9522","cleaned",0.726315789473684
"9523","cleaned",1.55789473684211
"9524","cleaned",1.67368421052632
"9525","cleaned",2.16842105263158
"9526","cleaned",2.37368421052632
"9527","cleaned",2.67368421052632
"9528","cleaned",2.16842105263158
"9529","cleaned",2.10526315789474
"9530","cleaned",1.57368421052632
"9531","cleaned",1.20526315789474
"9532","cleaned",2.24736842105263
"9533","cleaned",1.32631578947368
"9534","cleaned",1.90526315789474
"9535","cleaned",1.86315789473684
"9536","cleaned",1.32105263157895
"9537","cleaned",1.33157894736842
"9538","cleaned",1.54210526315789
"9539","cleaned",1.41052631578947
"9540","cleaned",1.24736842105263
"9541","cleaned",0.878947368421053
"9542","cleaned",1.31052631578947
"9543","cleaned",1.93684210526316
"9544","cleaned",1.30526315789474
"9545","cleaned",1.72105263157895
"9546","cleaned",1.27368421052632
"9547","cleaned",3.01052631578947
"9548","cleaned",1.88947368421053
"9549","cleaned",1.74210526315789
"9550","cleaned",2.48421052631579
"9551","cleaned",2.16842105263158
"9552","cleaned",1.44210526315789
"9553","cleaned",1.67894736842105
"9554","cleaned",1.94210526315789
"9555","cleaned",1.35263157894737
"9556","cleaned",1.53684210526316
"9557","cleaned",1.77368421052632
"9558","cleaned",1.45789473684211
"9559","cleaned",2.31578947368421
"9560","cleaned",1.97368421052632
"9561","cleaned",3.19473684210526
"9562","cleaned",1.53157894736842
"9563","cleaned",0.884210526315789
"9564","cleaned",2.24736842105263
"9565","cleaned",2.69473684210526
"9566","cleaned",1.65263157894737
"9567","cleaned",1.82631578947368
"9568","cleaned",1.01578947368421
"9569","cleaned",2.15789473684211
"9570","cleaned",1.94736842105263
"9571","cleaned",1.33157894736842
"9572","cleaned",1.68947368421053
"9573","cleaned",2.1
"9574","cleaned",2.42631578947368
"9575","cleaned",2.25789473684211
"9576","cleaned",1.92631578947368
"9577","cleaned",1.26842105263158
"9578","cleaned",0.58421052631579
"9579","cleaned",1.83157894736842
"9580","cleaned",1.45263157894737
"9581","cleaned",2.29473684210526
"9582","cleaned",2.21578947368421
"9583","cleaned",1.43684210526316
"9584","cleaned",2.04736842105263
"9585","cleaned",3.15789473684211
"9586","cleaned",1.84210526315789
"9587","cleaned",2.12105263157895
"9588","cleaned",1.95789473684211
"9589","cleaned",2.03157894736842
"9590","cleaned",1.63157894736842
"9591","cleaned",1.20526315789474
"9592","cleaned",1.93157894736842
"9593","cleaned",0.931578947368421
"9594","cleaned",1.94736842105263
"9595","cleaned",0.757894736842105
"9596","cleaned",1.19473684210526
"9597","cleaned",1.72105263157895
"9598","cleaned",1.71052631578947
"9599","cleaned",1.96315789473684
"9600","cleaned",1.55789473684211
"9601","cleaned",2.82631578947368
"9602","cleaned",1.28947368421053
"9603","cleaned",1.64736842105263
"9604","cleaned",1.57368421052632
"9605","cleaned",2.11052631578947
"9606","cleaned",1.69473684210526
"9607","cleaned",2.43157894736842
"9608","cleaned",1.75789473684211
"9609","cleaned",1.62105263157895
"9610","cleaned",1.38947368421053
"9611","cleaned",1.3
"9612","cleaned",1.68947368421053
"9613","cleaned",1.8
"9614","cleaned",1.13684210526316
"9615","cleaned",1.68421052631579
"9616","cleaned",0.568421052631579
"9617","cleaned",1.86842105263158
"9618","cleaned",1.64736842105263
"9619","cleaned",1.04736842105263
"9620","cleaned",1.92631578947368
"9621","cleaned",1.15263157894737
"9622","cleaned",1.71052631578947
"9623","cleaned",1.8
"9624","cleaned",1.67894736842105
"9625","cleaned",1.68947368421053
"9626","cleaned",2.61052631578947
"9627","cleaned",1.07368421052632
"9628","cleaned",1.6
"9629","cleaned",1.15789473684211
"9630","cleaned",2.17894736842105
"9631","cleaned",1.11052631578947
"9632","cleaned",1.21052631578947
"9633","cleaned",1.92105263157895
"9634","cleaned",2.03157894736842
"9635","cleaned",2.80526315789474
"9636","cleaned",2.23684210526316
"9637","cleaned",1.44210526315789
"9638","cleaned",1.83684210526316
"9639","cleaned",2.38947368421053
"9640","cleaned",1.68947368421053
"9641","cleaned",2.28421052631579
"9642","cleaned",1.61052631578947
"9643","cleaned",1.48421052631579
"9644","cleaned",2.69473684210526
"9645","cleaned",1.86842105263158
"9646","cleaned",2.10526315789474
"9647","cleaned",2.14736842105263
"9648","cleaned",1.24736842105263
"9649","cleaned",1.88421052631579
"9650","cleaned",1.27368421052632
"9651","cleaned",1.81052631578947
"9652","cleaned",1.81052631578947
"9653","cleaned",1.81052631578947
"9654","cleaned",1.64210526315789
"9655","cleaned",1.68421052631579
"9656","cleaned",2.13684210526316
"9657","cleaned",1.32631578947368
"9658","cleaned",2.3
"9659","cleaned",1.68947368421053
"9660","cleaned",1.93684210526316
"9661","cleaned",1.54736842105263
"9662","cleaned",1.76842105263158
"9663","cleaned",1.82105263157895
"9664","cleaned",1.65789473684211
"9665","cleaned",1.85263157894737
"9666","cleaned",2.26315789473684
"9667","cleaned",1.44736842105263
"9668","cleaned",2.14736842105263
"9669","cleaned",1.57368421052632
"9670","cleaned",2.02105263157895
"9671","cleaned",1.93157894736842
"9672","cleaned",1.61052631578947
"9673","cleaned",2.01578947368421
"9674","cleaned",1.73157894736842
"9675","cleaned",1.22631578947368
"9676","cleaned",1.95789473684211
"9677","cleaned",2.2
"9678","cleaned",2.14210526315789
"9679","cleaned",0.610526315789474
"9680","cleaned",1.11052631578947
"9681","cleaned",0.826315789473684
"9682","cleaned",2.03157894736842
"9683","cleaned",1.72105263157895
"9684","cleaned",2.26315789473684
"9685","cleaned",2.93157894736842
"9686","cleaned",1.88421052631579
"9687","cleaned",1.90526315789474
"9688","cleaned",1.53157894736842
"9689","cleaned",1.3
"9690","cleaned",2.91052631578947
"9691","cleaned",2.35263157894737
"9692","cleaned",1.07368421052632
"9693","cleaned",1.76315789473684
"9694","cleaned",1.32105263157895
"9695","cleaned",2.26842105263158
"9696","cleaned",2.78421052631579
"9697","cleaned",2.65789473684211
"9698","cleaned",2.19473684210526
"9699","cleaned",1.44210526315789
"9700","cleaned",1.71578947368421
"9701","cleaned",0.889473684210526
"9702","cleaned",1.95789473684211
"9703","cleaned",1.64736842105263
"9704","cleaned",2.46315789473684
"9705","cleaned",1.47368421052632
"9706","cleaned",2.33157894736842
"9707","cleaned",1.47368421052632
"9708","cleaned",1.96315789473684
"9709","cleaned",2.27894736842105
"9710","cleaned",2.27368421052632
"9711","cleaned",1.66315789473684
"9712","cleaned",2.07368421052632
"9713","cleaned",1.8
"9714","cleaned",2.28947368421053
"9715","cleaned",2.07894736842105
"9716","cleaned",1.51052631578947
"9717","cleaned",1.01578947368421
"9718","cleaned",1.76315789473684
"9719","cleaned",1.87368421052632
"9720","cleaned",2.24210526315789
"9721","cleaned",2.58421052631579
"9722","cleaned",2.06315789473684
"9723","cleaned",2.44736842105263
"9724","cleaned",1.43684210526316
"9725","cleaned",1.5
"9726","cleaned",2.21578947368421
"9727","cleaned",1.44736842105263
"9728","cleaned",1.85789473684211
"9729","cleaned",0.863157894736842
"9730","cleaned",0.931578947368421
"9731","cleaned",0.778947368421053
"9732","cleaned",2.18421052631579
"9733","cleaned",2.53684210526316
"9734","cleaned",1.94210526315789
"9735","cleaned",1.84210526315789
"9736","cleaned",2.52105263157895
"9737","cleaned",2.51578947368421
"9738","cleaned",1.8
"9739","cleaned",2.78421052631579
"9740","cleaned",1.20526315789474
"9741","cleaned",1.54210526315789
"9742","cleaned",1.28421052631579
"9743","cleaned",1.35789473684211
"9744","cleaned",2.68947368421053
"9745","cleaned",2.04210526315789
"9746","cleaned",1.64210526315789
"9747","cleaned",1.78421052631579
"9748","cleaned",1.80526315789474
"9749","cleaned",2.66842105263158
"9750","cleaned",1.51052631578947
"9751","cleaned",2.58947368421053
"9752","cleaned",2.45789473684211
"9753","cleaned",1.78421052631579
"9754","cleaned",1.50526315789474
"9755","cleaned",1.77894736842105
"9756","cleaned",1.97894736842105
"9757","cleaned",1.36842105263158
"9758","cleaned",1.15263157894737
"9759","cleaned",1.93157894736842
"9760","cleaned",1.48421052631579
"9761","cleaned",2.47894736842105
"9762","cleaned",2.17368421052632
"9763","cleaned",1.89473684210526
"9764","cleaned",1.86842105263158
"9765","cleaned",1.43157894736842
"9766","cleaned",2.42105263157895
"9767","cleaned",1.9
"9768","cleaned",0.678947368421053
"9769","cleaned",2.64736842105263
"9770","cleaned",1.76315789473684
"9771","cleaned",2.22631578947368
"9772","cleaned",0.963157894736842
"9773","cleaned",1.71052631578947
"9774","cleaned",1.64736842105263
"9775","cleaned",2.53157894736842
"9776","cleaned",2.3
"9777","cleaned",1.63157894736842
"9778","cleaned",2.01578947368421
"9779","cleaned",2.09473684210526
"9780","cleaned",1.48947368421053
"9781","cleaned",1.98947368421053
"9782","cleaned",1.54210526315789
"9783","cleaned",1.66842105263158
"9784","cleaned",2.03157894736842
"9785","cleaned",1.55789473684211
"9786","cleaned",2.23157894736842
"9787","cleaned",1.85789473684211
"9788","cleaned",2.8
"9789","cleaned",2.02631578947368
"9790","cleaned",2.39473684210526
"9791","cleaned",1.38421052631579
"9792","cleaned",1.40526315789474
"9793","cleaned",2.24210526315789
"9794","cleaned",1.58421052631579
"9795","cleaned",1.57368421052632
"9796","cleaned",1.68421052631579
"9797","cleaned",0.373684210526316
"9798","cleaned",2.18421052631579
"9799","cleaned",1.70526315789474
"9800","cleaned",2.97894736842105
"9801","cleaned",1.42105263157895
"9802","cleaned",1.49473684210526
"9803","cleaned",1.6
"9804","cleaned",2.50526315789474
"9805","cleaned",1.17368421052632
"9806","cleaned",1.95789473684211
"9807","cleaned",0.757894736842105
"9808","cleaned",1.14736842105263
"9809","cleaned",1.92105263157895
"9810","cleaned",1.97894736842105
"9811","cleaned",1.23684210526316
"9812","cleaned",1.78947368421053
"9813","cleaned",1.97368421052632
"9814","cleaned",2.37894736842105
"9815","cleaned",1.96842105263158
"9816","cleaned",1.90526315789474
"9817","cleaned",2.14736842105263
"9818","cleaned",1.69473684210526
"9819","cleaned",1.27368421052632
"9820","cleaned",2.48421052631579
"9821","cleaned",2.09473684210526
"9822","cleaned",2.24736842105263
"9823","cleaned",2.09473684210526
"9824","cleaned",0.942105263157895
"9825","cleaned",1.84210526315789
"9826","cleaned",1.81578947368421
"9827","cleaned",1.83157894736842
"9828","cleaned",1.43684210526316
"9829","cleaned",2.24210526315789
"9830","cleaned",1.75263157894737
"9831","cleaned",1.52105263157895
"9832","cleaned",2.25789473684211
"9833","cleaned",2.53684210526316
"9834","cleaned",2.52105263157895
"9835","cleaned",1.77894736842105
"9836","cleaned",1.33157894736842
"9837","cleaned",1.63157894736842
"9838","cleaned",1.91052631578947
"9839","cleaned",1.96842105263158
"9840","cleaned",2.05789473684211
"9841","cleaned",0.905263157894737
"9842","cleaned",1.13684210526316
"9843","cleaned",1.71578947368421
"9844","cleaned",1.54736842105263
"9845","cleaned",1.55263157894737
"9846","cleaned",0.736842105263158
"9847","cleaned",2.33684210526316
"9848","cleaned",1.73684210526316
"9849","cleaned",2.29473684210526
"9850","cleaned",2.18421052631579
"9851","cleaned",1.90526315789474
"9852","cleaned",1.71578947368421
"9853","cleaned",1.43684210526316
"9854","cleaned",2.11578947368421
"9855","cleaned",1.66315789473684
"9856","cleaned",2.2
"9857","cleaned",1.31052631578947
"9858","cleaned",1.66315789473684
"9859","cleaned",1.79473684210526
"9860","cleaned",2.42105263157895
"9861","cleaned",1.43157894736842
"9862","cleaned",2.07368421052632
"9863","cleaned",1.59473684210526
"9864","cleaned",1.06842105263158
"9865","cleaned",2.32105263157895
"9866","cleaned",2.16842105263158
"9867","cleaned",2.60526315789474
"9868","cleaned",1.52631578947368
"9869","cleaned",2.18947368421053
"9870","cleaned",1.60526315789474
"9871","cleaned",2.04210526315789
"9872","cleaned",1.17368421052632
"9873","cleaned",2.25263157894737
"9874","cleaned",2.2
"9875","cleaned",1.56315789473684
"9876","cleaned",2.36315789473684
"9877","cleaned",1.73157894736842
"9878","cleaned",1.17894736842105
"9879","cleaned",1.82631578947368
"9880","cleaned",2.01578947368421
"9881","cleaned",1.46842105263158
"9882","cleaned",1.5
"9883","cleaned",0.947368421052632
"9884","cleaned",2.56315789473684
"9885","cleaned",1.74210526315789
"9886","cleaned",2.41578947368421
"9887","cleaned",1.69473684210526
"9888","cleaned",1.09473684210526
"9889","cleaned",2.08947368421053
"9890","cleaned",1.04210526315789
"9891","cleaned",1.22631578947368
"9892","cleaned",2.31578947368421
"9893","cleaned",1.85789473684211
"9894","cleaned",1.05263157894737
"9895","cleaned",1.93157894736842
"9896","cleaned",1.86315789473684
"9897","cleaned",1.22631578947368
"9898","cleaned",2.72105263157895
"9899","cleaned",1.77894736842105
"9900","cleaned",1.78421052631579
"9901","cleaned",1.7
"9902","cleaned",2.02631578947368
"9903","cleaned",1.5
"9904","cleaned",2.2
"9905","cleaned",1.45263157894737
"9906","cleaned",1.77894736842105
"9907","cleaned",2.1
"9908","cleaned",2.07894736842105
"9909","cleaned",1.03684210526316
"9910","cleaned",1.82631578947368
"9911","cleaned",2.18421052631579
"9912","cleaned",1.30526315789474
"9913","cleaned",1.33157894736842
"9914","cleaned",1.45263157894737
"9915","cleaned",1.86842105263158
"9916","cleaned",2.66315789473684
"9917","cleaned",1.9
"9918","cleaned",1.54210526315789
"9919","cleaned",1
"9920","cleaned",1.65789473684211
"9921","cleaned",1.68421052631579
"9922","cleaned",2.36315789473684
"9923","cleaned",1.63684210526316
"9924","cleaned",1.88421052631579
"9925","cleaned",1.68947368421053
"9926","cleaned",1.68421052631579
"9927","cleaned",1.17368421052632
"9928","cleaned",1.87368421052632
"9929","cleaned",1.62105263157895
"9930","cleaned",2.78421052631579
"9931","cleaned",0.894736842105263
"9932","cleaned",1.85263157894737
"9933","cleaned",1.71578947368421
"9934","cleaned",1.39473684210526
"9935","cleaned",1.98947368421053
"9936","cleaned",1.92631578947368
"9937","cleaned",1.72105263157895
"9938","cleaned",2.12105263157895
"9939","cleaned",1.07894736842105
"9940","cleaned",2.14736842105263
"9941","cleaned",1.77368421052632
"9942","cleaned",2.32105263157895
"9943","cleaned",2.37894736842105
"9944","cleaned",0.815789473684211
"9945","cleaned",2.41578947368421
"9946","cleaned",2.1
"9947","cleaned",2.06842105263158
"9948","cleaned",0.636842105263158
"9949","cleaned",2.66315789473684
"9950","cleaned",2.24210526315789
"9951","cleaned",1.74210526315789
"9952","cleaned",1.38421052631579
"9953","cleaned",1.92631578947368
"9954","cleaned",1.74210526315789
"9955","cleaned",0.605263157894737
"9956","cleaned",2.11578947368421
"9957","cleaned",1.89473684210526
"9958","cleaned",2.01578947368421
"9959","cleaned",2.05263157894737
"9960","cleaned",1.37368421052632
"9961","cleaned",2.06315789473684
"9962","cleaned",1.52105263157895
"9963","cleaned",1.37368421052632
"9964","cleaned",1.21578947368421
"9965","cleaned",2.08421052631579
"9966","cleaned",2.24736842105263
"9967","cleaned",1.04736842105263
"9968","cleaned",1.88421052631579
"9969","cleaned",0.847368421052632
"9970","cleaned",1.98421052631579
"9971","cleaned",1.68421052631579
"9972","cleaned",1.84210526315789
"9973","cleaned",1.41578947368421
"9974","cleaned",0.910526315789474
"9975","cleaned",1.98421052631579
"9976","cleaned",1.62631578947368
"9977","cleaned",3.26315789473684
"9978","cleaned",1.94210526315789
"9979","cleaned",1.69473684210526
"9980","cleaned",1.48421052631579
"9981","cleaned",1.39473684210526
"9982","cleaned",2.21578947368421
"9983","cleaned",2.56315789473684
"9984","cleaned",1.13684210526316
"9985","cleaned",1.13684210526316
"9986","cleaned",2
"9987","cleaned",1.54210526315789
"9988","cleaned",1.59473684210526
"9989","cleaned",2.46842105263158
"9990","cleaned",2.01578947368421
"9991","cleaned",1.23157894736842
"9992","cleaned",2.07894736842105
"9993","cleaned",0.973684210526316
"9994","cleaned",1.94736842105263
"9995","cleaned",1.76315789473684
"9996","cleaned",1.26315789473684
"9997","cleaned",1.44210526315789
"9998","cleaned",1.01578947368421
"9999","cleaned",1.2
"10000","cleaned",1.88421052631579
"10001","cleaned",1.15789473684211
"10002","cleaned",2.24210526315789
"10003","cleaned",1.75263157894737
"10004","cleaned",1.50526315789474
"10005","cleaned",0.926315789473684
"10006","cleaned",2.43684210526316
"10007","cleaned",2.23684210526316
"10008","cleaned",1.23684210526316
"10009","cleaned",1.48947368421053
"10010","cleaned",1.70526315789474
"10011","cleaned",2.40526315789474
"10012","cleaned",1.72105263157895
"10013","cleaned",2.01052631578947
"10014","cleaned",1.81052631578947
"10015","cleaned",1.64736842105263
"10016","cleaned",2.48947368421053
"10017","cleaned",1.85789473684211
"10018","cleaned",1.41052631578947
"10019","cleaned",1.17368421052632
"10020","cleaned",2.19473684210526
"10021","cleaned",2.03684210526316
"10022","cleaned",1.44210526315789
"10023","cleaned",1.42105263157895
"10024","cleaned",2.53684210526316
"10025","cleaned",2.74736842105263
"10026","cleaned",1.26315789473684
"10027","cleaned",2.73157894736842
"10028","cleaned",1.65789473684211
"10029","cleaned",1.66315789473684
"10030","cleaned",1.89473684210526
"10031","cleaned",2.06842105263158
"10032","cleaned",1.31578947368421
"10033","cleaned",2.15789473684211
"10034","cleaned",2.68421052631579
"10035","cleaned",1.48947368421053
"10036","cleaned",2.17894736842105
"10037","cleaned",0.8
"10038","cleaned",1.76315789473684
"10039","cleaned",2.40526315789474
"10040","cleaned",1.67894736842105
"10041","cleaned",1.93684210526316
"10042","cleaned",0.826315789473684
"10043","cleaned",0.489473684210526
"10044","cleaned",0.878947368421053
"10045","cleaned",1.72631578947368
"10046","cleaned",1.98421052631579
"10047","cleaned",2.48947368421053
"10048","cleaned",1.94210526315789
"10049","cleaned",1.79473684210526
"10050","cleaned",1.82631578947368
"10051","cleaned",2.06842105263158
"10052","cleaned",2.39473684210526
"10053","cleaned",2.02631578947368
"10054","cleaned",2.32631578947368
"10055","cleaned",1.95263157894737
"10056","cleaned",1.73684210526316
"10057","cleaned",1.61052631578947
"10058","cleaned",1.94210526315789
"10059","cleaned",0.515789473684211
"10060","cleaned",1.4
"10061","cleaned",1.5
"10062","cleaned",2.50526315789474
"10063","cleaned",1.50526315789474
"10064","cleaned",0.547368421052632
"10065","cleaned",2.18947368421053
"10066","cleaned",2.29473684210526
"10067","cleaned",0.942105263157895
"10068","cleaned",1.64210526315789
"10069","cleaned",1.88947368421053
"10070","cleaned",1.17368421052632
"10071","cleaned",2.3
"10072","cleaned",2.55789473684211
"10073","cleaned",1.53684210526316
"10074","cleaned",0.942105263157895
"10075","cleaned",2.87368421052632
"10076","cleaned",2.40526315789474
"10077","cleaned",1.61052631578947
"10078","cleaned",1.68947368421053
"10079","cleaned",1.74736842105263
"10080","cleaned",2.34736842105263
"10081","cleaned",2.12631578947368
"10082","cleaned",1.35263157894737
"10083","cleaned",1.23684210526316
"10084","cleaned",1.31578947368421
"10085","cleaned",1.38947368421053
"10086","cleaned",1.64210526315789
"10087","cleaned",2.09473684210526
"10088","cleaned",1.74736842105263
"10089","cleaned",1.82105263157895
"10090","cleaned",1.24210526315789
"10091","cleaned",2.05263157894737
"10092","cleaned",1.44736842105263
"10093","cleaned",1.82631578947368
"10094","cleaned",1.36315789473684
"10095","cleaned",1.44736842105263
"10096","cleaned",1.7
"10097","cleaned",2.42631578947368
"10098","cleaned",2.17894736842105
"10099","cleaned",2.38421052631579
"10100","cleaned",2.12631578947368
"10101","cleaned",2.26842105263158
"10102","cleaned",1.75789473684211
"10103","cleaned",1.88947368421053
"10104","cleaned",2.6
"10105","cleaned",1.08421052631579
"10106","cleaned",1.31578947368421
"10107","cleaned",1.4
"10108","cleaned",1.66842105263158
"10109","cleaned",2.82105263157895
"10110","cleaned",2.72105263157895
"10111","cleaned",1.82105263157895
"10112","cleaned",2.12105263157895
"10113","cleaned",2.3
"10114","cleaned",1.32105263157895
"10115","cleaned",1.57894736842105
"10116","cleaned",1.63684210526316
"10117","cleaned",1.43157894736842
"10118","cleaned",0.721052631578947
"10119","cleaned",1.27894736842105
"10120","cleaned",1.91578947368421
"10121","cleaned",1.75263157894737
"10122","cleaned",2.00526315789474
"10123","cleaned",1.10526315789474
"10124","cleaned",1.51578947368421
"10125","cleaned",2.23684210526316
"10126","cleaned",2.12631578947368
"10127","cleaned",1.48947368421053
"10128","cleaned",2.1
"10129","cleaned",2.20526315789474
"10130","cleaned",1.80526315789474
"10131","cleaned",1.57368421052632
"10132","cleaned",1.41578947368421
"10133","cleaned",2.09473684210526
"10134","cleaned",1.53684210526316
"10135","cleaned",2.23684210526316
"10136","cleaned",1.64210526315789
"10137","cleaned",2.73157894736842
"10138","cleaned",1.82105263157895
"10139","cleaned",2.55789473684211
"10140","cleaned",2.15263157894737
"10141","cleaned",1.92105263157895
"10142","cleaned",1.92631578947368
"10143","cleaned",2.18421052631579
"10144","cleaned",2.58947368421053
"10145","cleaned",1.03157894736842
"10146","cleaned",1.54210526315789
"10147","cleaned",2.18421052631579
"10148","cleaned",2.16842105263158
"10149","cleaned",1.91052631578947
"10150","cleaned",2.37368421052632
"10151","cleaned",1.94210526315789
"10152","cleaned",1.55789473684211
"10153","cleaned",1.54210526315789
"10154","cleaned",1.58947368421053
"10155","cleaned",1.94210526315789
"10156","cleaned",1.74210526315789
"10157","cleaned",1.30526315789474
"10158","cleaned",2.08947368421053
"10159","cleaned",1.67368421052632
"10160","cleaned",2.29473684210526
"10161","cleaned",2.12105263157895
"10162","cleaned",1.69473684210526
"10163","cleaned",1.9
"10164","cleaned",1.88421052631579
"10165","cleaned",2.47894736842105
"10166","cleaned",1.59473684210526
"10167","cleaned",1.04736842105263
"10168","cleaned",1.96315789473684
"10169","cleaned",1.39473684210526
"10170","cleaned",1.61052631578947
"10171","cleaned",1.00526315789474
"10172","cleaned",1.22631578947368
"10173","cleaned",2.1
"10174","cleaned",1.86315789473684
"10175","cleaned",1.13157894736842
"10176","cleaned",1.69473684210526
"10177","cleaned",0.878947368421053
"10178","cleaned",1.57894736842105
"10179","cleaned",2.13157894736842
"10180","cleaned",2.03157894736842
"10181","cleaned",2.07368421052632
"10182","cleaned",1.32105263157895
"10183","cleaned",2.51578947368421
"10184","cleaned",1.42105263157895
"10185","cleaned",2.01578947368421
"10186","cleaned",1.3
"10187","cleaned",1.48947368421053
"10188","cleaned",1.46842105263158
"10189","cleaned",1.06315789473684
"10190","cleaned",1.55789473684211
"10191","cleaned",2.19473684210526
"10192","cleaned",1.83684210526316
"10193","cleaned",2.07894736842105
"10194","cleaned",2.33684210526316
"10195","cleaned",1.3
"10196","cleaned",1.81578947368421
"10197","cleaned",2.23157894736842
"10198","cleaned",1.66842105263158
"10199","cleaned",2.11052631578947
"10200","cleaned",2.11052631578947
"10201","cleaned",1.81578947368421
"10202","cleaned",1.62105263157895
"10203","cleaned",1.71052631578947
"10204","cleaned",1.6
"10205","cleaned",1.59473684210526
"10206","cleaned",1.67368421052632
"10207","cleaned",2.12105263157895
"10208","cleaned",2.24210526315789
"10209","cleaned",1.16842105263158
"10210","cleaned",1.56315789473684
"10211","cleaned",0.857894736842105
"10212","cleaned",1.94736842105263
"10213","cleaned",1.78421052631579
"10214","cleaned",1.73157894736842
"10215","cleaned",0.952631578947368
"10216","cleaned",1.49473684210526
"10217","cleaned",1.56842105263158
"10218","cleaned",2.54736842105263
"10219","cleaned",2.47894736842105
"10220","cleaned",0.873684210526316
"10221","cleaned",1.91052631578947
"10222","cleaned",1.92105263157895
"10223","cleaned",1.85263157894737
"10224","cleaned",3.05789473684211
"10225","cleaned",2.35263157894737
"10226","cleaned",1.99473684210526
"10227","cleaned",2.24210526315789
"10228","cleaned",1.22631578947368
"10229","cleaned",1.72105263157895
"10230","cleaned",2.20526315789474
"10231","cleaned",1.74736842105263
"10232","cleaned",2.73684210526316
"10233","cleaned",1.96842105263158
"10234","cleaned",1.86315789473684
"10235","cleaned",1.89473684210526
"10236","cleaned",1.65789473684211
"10237","cleaned",2.09473684210526
"10238","cleaned",1.85789473684211
"10239","cleaned",0.605263157894737
"10240","cleaned",3.05263157894737
"10241","cleaned",1.84210526315789
"10242","cleaned",1.2
"10243","cleaned",2.66315789473684
"10244","cleaned",1.94736842105263
"10245","cleaned",1.55789473684211
"10246","cleaned",1.78421052631579
"10247","cleaned",2.28421052631579
"10248","cleaned",1.63157894736842
"10249","cleaned",2.27894736842105
"10250","cleaned",1.86842105263158
"10251","cleaned",0.726315789473684
"10252","cleaned",1.29473684210526
"10253","cleaned",1.32631578947368
"10254","cleaned",2.8
"10255","cleaned",1.60526315789474
"10256","cleaned",2.1
"10257","cleaned",1.66842105263158
"10258","cleaned",1.3
"10259","cleaned",1.92631578947368
"10260","cleaned",2.22631578947368
"10261","cleaned",1.84736842105263
"10262","cleaned",1.76315789473684
"10263","cleaned",1.15263157894737
"10264","cleaned",2.27894736842105
"10265","cleaned",1.57894736842105
"10266","cleaned",2.31052631578947
"10267","cleaned",0.773684210526316
"10268","cleaned",1.5
"10269","cleaned",1.91052631578947
"10270","cleaned",1.87368421052632
"10271","cleaned",1.81052631578947
"10272","cleaned",1.08421052631579
"10273","cleaned",1.81578947368421
"10274","cleaned",2.12631578947368
"10275","cleaned",1.01578947368421
"10276","cleaned",0.536842105263158
"10277","cleaned",2.02105263157895
"10278","cleaned",2.44736842105263
"10279","cleaned",2.13684210526316
"10280","cleaned",1.91052631578947
"10281","cleaned",1.84210526315789
"10282","cleaned",2.42631578947368
"10283","cleaned",1.32105263157895
"10284","cleaned",2.18421052631579
"10285","cleaned",1.21052631578947
"10286","cleaned",2.24736842105263
"10287","cleaned",1.30526315789474
"10288","cleaned",1.92105263157895
"10289","cleaned",2.34210526315789
"10290","cleaned",1.98947368421053
"10291","cleaned",1.20526315789474
"10292","cleaned",1.52631578947368
"10293","cleaned",1.40526315789474
"10294","cleaned",2.63684210526316
"10295","cleaned",2.44736842105263
"10296","cleaned",1.5
"10297","cleaned",1.69473684210526
"10298","cleaned",0.831578947368421
"10299","cleaned",2.05263157894737
"10300","cleaned",2.80526315789474
"10301","cleaned",1.03157894736842
"10302","cleaned",1.45789473684211
"10303","cleaned",1.97894736842105
"10304","cleaned",1.57368421052632
"10305","cleaned",1.93684210526316
"10306","cleaned",2.23157894736842
"10307","cleaned",1.93157894736842
"10308","cleaned",0.58421052631579
"10309","cleaned",2.27894736842105
"10310","cleaned",3.21578947368421
"10311","cleaned",2.06315789473684
"10312","cleaned",0.91578947368421
"10313","cleaned",1.23157894736842
"10314","cleaned",1.05789473684211
"10315","cleaned",1.53684210526316
"10316","cleaned",2.06315789473684
"10317","cleaned",1.66842105263158
"10318","cleaned",2.48947368421053
"10319","cleaned",2.16315789473684
"10320","cleaned",1.31052631578947
"10321","cleaned",1.7
"10322","cleaned",1.44736842105263
"10323","cleaned",1.99473684210526
"10324","cleaned",1.54210526315789
"10325","cleaned",1.17894736842105
"10326","cleaned",2.15263157894737
"10327","cleaned",1.28947368421053
"10328","cleaned",2.01578947368421
"10329","cleaned",1.42631578947368
"10330","cleaned",0.968421052631579
"10331","cleaned",2.15789473684211
"10332","cleaned",2.1
"10333","cleaned",2.26842105263158
"10334","cleaned",2.3
"10335","cleaned",2.02631578947368
"10336","cleaned",1.16842105263158
"10337","cleaned",1.77368421052632
"10338","cleaned",2.6
"10339","cleaned",1.80526315789474
"10340","cleaned",1.80526315789474
"10341","cleaned",2.20526315789474
"10342","cleaned",1.49473684210526
"10343","cleaned",1.17894736842105
"10344","cleaned",1.50526315789474
"10345","cleaned",1.03157894736842
"10346","cleaned",2.11578947368421
"10347","cleaned",1.55789473684211
"10348","cleaned",1.66315789473684
"10349","cleaned",1.72631578947368
"10350","cleaned",1.82105263157895
"10351","cleaned",0.847368421052632
"10352","cleaned",1.95263157894737
"10353","cleaned",2.68421052631579
"10354","cleaned",2.38421052631579
"10355","cleaned",1.85789473684211
"10356","cleaned",0.842105263157895
"10357","cleaned",1.7
"10358","cleaned",1.17368421052632
"10359","cleaned",1.74210526315789
"10360","cleaned",2.55263157894737
"10361","cleaned",1.77894736842105
"10362","cleaned",1.42105263157895
"10363","cleaned",1.84210526315789
"10364","cleaned",2.00526315789474
"10365","cleaned",2.34210526315789
"10366","cleaned",1.49473684210526
"10367","cleaned",2.60526315789474
"10368","cleaned",2.60526315789474
"10369","cleaned",1.21578947368421
"10370","cleaned",2.40526315789474
"10371","cleaned",2.46842105263158
"10372","cleaned",2.02105263157895
"10373","cleaned",1.42631578947368
"10374","cleaned",0.768421052631579
"10375","cleaned",1.02631578947368
"10376","cleaned",2.39473684210526
"10377","cleaned",2.99473684210526
"10378","cleaned",2.52105263157895
"10379","cleaned",1.82631578947368
"10380","cleaned",2.02631578947368
"10381","cleaned",2.42105263157895
"10382","cleaned",1
"10383","cleaned",2.32105263157895
"10384","cleaned",1.78947368421053
"10385","cleaned",1.22105263157895
"10386","cleaned",2.02105263157895
"10387","cleaned",1.5
"10388","cleaned",2.6
"10389","cleaned",2.08421052631579
"10390","cleaned",2.36842105263158
"10391","cleaned",1.62631578947368
"10392","cleaned",2.03157894736842
"10393","cleaned",1.28947368421053
"10394","cleaned",1.50526315789474
"10395","cleaned",1.95263157894737
"10396","cleaned",1.20526315789474
"10397","cleaned",1.61052631578947
"10398","cleaned",2.37368421052632
"10399","cleaned",2.55789473684211
"10400","cleaned",2.03684210526316
"10401","cleaned",1.32631578947368
"10402","cleaned",1.22631578947368
"10403","cleaned",0.936842105263158
"10404","cleaned",1.93157894736842
"10405","cleaned",1.91052631578947
"10406","cleaned",2.08421052631579
"10407","cleaned",0.910526315789474
"10408","cleaned",2.16315789473684
"10409","cleaned",2.17368421052632
"10410","cleaned",2.37368421052632
"10411","cleaned",3.15789473684211
"10412","cleaned",1.44736842105263
"10413","cleaned",1.50526315789474
"10414","cleaned",1.45789473684211
"10415","cleaned",1.3
"10416","cleaned",2.55789473684211
"10417","cleaned",1.66315789473684
"10418","cleaned",3.01578947368421
"10419","cleaned",1.34210526315789
"10420","cleaned",1.25263157894737
"10421","cleaned",1.48947368421053
"10422","cleaned",1.61578947368421
"10423","cleaned",1.06315789473684
"10424","cleaned",1.33684210526316
"10425","cleaned",1.70526315789474
"10426","cleaned",1.77894736842105
"10427","cleaned",1.89473684210526
"10428","cleaned",2.1
"10429","cleaned",2.58947368421053
"10430","cleaned",1.45263157894737
"10431","cleaned",1.56842105263158
"10432","cleaned",2.08947368421053
"10433","cleaned",2.45789473684211
"10434","cleaned",2.18421052631579
"10435","cleaned",2.37894736842105
"10436","cleaned",2.32105263157895
"10437","cleaned",1.44736842105263
"10438","cleaned",1.57368421052632
"10439","cleaned",1.68947368421053
"10440","cleaned",1.56315789473684
"10441","cleaned",1.89473684210526
"10442","cleaned",1.78947368421053
"10443","cleaned",1.52631578947368
"10444","cleaned",1.78947368421053
"10445","cleaned",0.978947368421053
"10446","cleaned",2.94210526315789
"10447","cleaned",1.90526315789474
"10448","cleaned",1.84210526315789
"10449","cleaned",1.72105263157895
"10450","cleaned",2.07368421052632
"10451","cleaned",0.573684210526316
"10452","cleaned",1.92631578947368
"10453","cleaned",1.83684210526316
"10454","cleaned",2.16842105263158
"10455","cleaned",1.90526315789474
"10456","cleaned",1.04210526315789
"10457","cleaned",2.06315789473684
"10458","cleaned",1.92631578947368
"10459","cleaned",1.19473684210526
"10460","cleaned",1.84210526315789
"10461","cleaned",1.74736842105263
"10462","cleaned",1.49473684210526
"10463","cleaned",2.48947368421053
"10464","cleaned",1.42105263157895
"10465","cleaned",2.16315789473684
"10466","cleaned",1.77894736842105
"10467","cleaned",2.48421052631579
"10468","cleaned",2.23157894736842
"10469","cleaned",1.81578947368421
"10470","cleaned",1.36315789473684
"10471","cleaned",1.96315789473684
"10472","cleaned",1.04210526315789
"10473","cleaned",1
"10474","cleaned",2.21052631578947
"10475","cleaned",1.05789473684211
"10476","cleaned",1.70526315789474
"10477","cleaned",2.07894736842105
"10478","cleaned",0.978947368421053
"10479","cleaned",0.889473684210526
"10480","cleaned",2.59473684210526
"10481","cleaned",1.6
"10482","cleaned",1.48947368421053
"10483","cleaned",2.19473684210526
"10484","cleaned",1.66315789473684
"10485","cleaned",1.58421052631579
"10486","cleaned",2.01578947368421
"10487","cleaned",2
"10488","cleaned",2.63684210526316
"10489","cleaned",1.5
"10490","cleaned",1.93157894736842
"10491","cleaned",0.615789473684211
"10492","cleaned",1.89473684210526
"10493","cleaned",1.79473684210526
"10494","cleaned",2.61578947368421
"10495","cleaned",0.831578947368421
"10496","cleaned",2.06315789473684
"10497","cleaned",2.06315789473684
"10498","cleaned",1.55789473684211
"10499","cleaned",2.74210526315789
"10500","cleaned",2.53684210526316
"10501","cleaned",2.31578947368421
"10502","cleaned",2.16315789473684
"10503","cleaned",2.14210526315789
"10504","cleaned",2.05263157894737
"10505","cleaned",1.21052631578947
"10506","cleaned",1.24210526315789
"10507","cleaned",1.49473684210526
"10508","cleaned",2.05263157894737
"10509","cleaned",1.37894736842105
"10510","cleaned",1.70526315789474
"10511","cleaned",0.989473684210526
"10512","cleaned",2.73157894736842
"10513","cleaned",2.17894736842105
"10514","cleaned",2.16315789473684
"10515","cleaned",0.831578947368421
"10516","cleaned",2.67368421052632
"10517","cleaned",1.96315789473684
"10518","cleaned",2.44210526315789
"10519","cleaned",1.80526315789474
"10520","cleaned",1.92631578947368
"10521","cleaned",1.13684210526316
"10522","cleaned",1.61052631578947
"10523","cleaned",2.42105263157895
"10524","cleaned",1.62631578947368
"10525","cleaned",1.66315789473684
"10526","cleaned",1.16315789473684
"10527","cleaned",1.75263157894737
"10528","cleaned",2.11052631578947
"10529","cleaned",1.41052631578947
"10530","cleaned",0.978947368421053
"10531","cleaned",1.37894736842105
"10532","cleaned",1.43157894736842
"10533","cleaned",1.67894736842105
"10534","cleaned",1.96315789473684
"10535","cleaned",2.00526315789474
"10536","cleaned",3.12105263157895
"10537","cleaned",0.973684210526316
"10538","cleaned",1.76842105263158
"10539","cleaned",1.22105263157895
"10540","cleaned",1.32105263157895
"10541","cleaned",1.78947368421053
"10542","cleaned",1.88947368421053
"10543","cleaned",1.76315789473684
"10544","cleaned",1.61578947368421
"10545","cleaned",2.07894736842105
"10546","cleaned",1.86842105263158
"10547","cleaned",0.415789473684211
"10548","cleaned",2.04210526315789
"10549","cleaned",2.30526315789474
"10550","cleaned",1.66315789473684
"10551","cleaned",0.857894736842105
"10552","cleaned",2.14736842105263
"10553","cleaned",0.968421052631579
"10554","cleaned",1.63157894736842
"10555","cleaned",1.54736842105263
"10556","cleaned",1.39473684210526
"10557","cleaned",1.95789473684211
"10558","cleaned",1.54736842105263
"10559","cleaned",1.35789473684211
"10560","cleaned",2.24736842105263
"10561","cleaned",1.51578947368421
"10562","cleaned",1.87368421052632
"10563","cleaned",1.76315789473684
"10564","cleaned",2.34210526315789
"10565","cleaned",2.26842105263158
"10566","cleaned",2.38421052631579
"10567","cleaned",2.48947368421053
"10568","cleaned",2.08421052631579
"10569","cleaned",1.39473684210526
"10570","cleaned",2.12631578947368
"10571","cleaned",2.10526315789474
"10572","cleaned",1.56842105263158
"10573","cleaned",1.25263157894737
"10574","cleaned",1.42105263157895
"10575","cleaned",2.32105263157895
"10576","cleaned",2.91052631578947
"10577","cleaned",0.994736842105263
"10578","cleaned",1.40526315789474
"10579","cleaned",2.15789473684211
"10580","cleaned",2.34736842105263
"10581","cleaned",1.40526315789474
"10582","cleaned",1.88947368421053
"10583","cleaned",1.98947368421053
"10584","cleaned",2.14210526315789
"10585","cleaned",1.68421052631579
"10586","cleaned",1.52105263157895
"10587","cleaned",2.82631578947368
"10588","cleaned",1.08421052631579
"10589","cleaned",2.89473684210526
"10590","cleaned",2.06842105263158
"10591","cleaned",2.41578947368421
"10592","cleaned",2.61578947368421
"10593","cleaned",0.952631578947368
"10594","cleaned",2.71578947368421
"10595","cleaned",2.24210526315789
"10596","cleaned",2.30526315789474
"10597","cleaned",1.41578947368421
"10598","cleaned",2.25263157894737
"10599","cleaned",2.61578947368421
"10600","cleaned",2.18421052631579
"10601","cleaned",2.08421052631579
"10602","cleaned",1.87368421052632
"10603","cleaned",2.90526315789474
"10604","cleaned",2.36842105263158
"10605","cleaned",1.85789473684211
"10606","cleaned",1.9
"10607","cleaned",1.97894736842105
"10608","cleaned",1.46842105263158
"10609","cleaned",1.34736842105263
"10610","cleaned",1.64210526315789
"10611","cleaned",1.74210526315789
"10612","cleaned",2.41052631578947
"10613","cleaned",1.64210526315789
"10614","cleaned",1.95789473684211
"10615","cleaned",0.894736842105263
"10616","cleaned",2.00526315789474
"10617","cleaned",2.48421052631579
"10618","cleaned",1.74736842105263
"10619","cleaned",1.8
"10620","cleaned",2.16315789473684
"10621","cleaned",2.31578947368421
"10622","cleaned",2.01052631578947
"10623","cleaned",1.63157894736842
"10624","cleaned",1.28421052631579
"10625","cleaned",1.94210526315789
"10626","cleaned",2.38421052631579
"10627","cleaned",1.01578947368421
"10628","cleaned",2.25789473684211
"10629","cleaned",1.95789473684211
"10630","cleaned",1.72105263157895
"10631","cleaned",1.51052631578947
"10632","cleaned",2.02631578947368
"10633","cleaned",1.66315789473684
"10634","cleaned",1.27368421052632
"10635","cleaned",1.84210526315789
"10636","cleaned",2.20526315789474
"10637","cleaned",2.17368421052632
"10638","cleaned",1.68947368421053
"10639","cleaned",2.13157894736842
"10640","cleaned",1.07368421052632
"10641","cleaned",1.54210526315789
"10642","cleaned",1.92105263157895
"10643","cleaned",1.01052631578947
"10644","cleaned",1.68421052631579
"10645","cleaned",1.76315789473684
"10646","cleaned",3.03157894736842
"10647","cleaned",1.6
"10648","cleaned",1.30526315789474
"10649","cleaned",1.31578947368421
"10650","cleaned",1.17368421052632
"10651","cleaned",1.31578947368421
"10652","cleaned",1.25263157894737
"10653","cleaned",0.521052631578947
"10654","cleaned",1.67894736842105
"10655","cleaned",1.18421052631579
"10656","cleaned",1.23157894736842
"10657","cleaned",1.25263157894737
"10658","cleaned",2.28421052631579
"10659","cleaned",1.03684210526316
"10660","cleaned",1.17368421052632
"10661","cleaned",2.94736842105263
"10662","cleaned",2.20526315789474
"10663","cleaned",1.7
"10664","cleaned",1.61578947368421
"10665","cleaned",1.32631578947368
"10666","cleaned",1.25263157894737
"10667","cleaned",1.19473684210526
"10668","cleaned",1.80526315789474
"10669","cleaned",1.10526315789474
"10670","cleaned",2.19473684210526
"10671","cleaned",2.08421052631579
"10672","cleaned",2.6
"10673","cleaned",1.40526315789474
"10674","cleaned",2.32105263157895
"10675","cleaned",1.52105263157895
"10676","cleaned",0.973684210526316
"10677","cleaned",0.305263157894737
"10678","cleaned",2.53157894736842
"10679","cleaned",1.65789473684211
"10680","cleaned",1.24736842105263
"10681","cleaned",1.95789473684211
"10682","cleaned",1.75263157894737
"10683","cleaned",1.63684210526316
"10684","cleaned",1.68421052631579
"10685","cleaned",1.47894736842105
"10686","cleaned",1.57368421052632
"10687","cleaned",2.17894736842105
"10688","cleaned",1.87368421052632
"10689","cleaned",1.93684210526316
"10690","cleaned",1.36315789473684
"10691","cleaned",1.74736842105263
"10692","cleaned",1.36842105263158
"10693","cleaned",1.76315789473684
"10694","cleaned",1.84210526315789
"10695","cleaned",3.28947368421053
"10696","cleaned",2.17368421052632
"10697","cleaned",2.29473684210526
"10698","cleaned",1.88421052631579
"10699","cleaned",2.61052631578947
"10700","cleaned",1.43684210526316
"10701","cleaned",1.66842105263158
"10702","cleaned",2.66315789473684
"10703","cleaned",1.72105263157895
"10704","cleaned",2.03157894736842
"10705","cleaned",1.63684210526316
"10706","cleaned",2.11578947368421
"10707","cleaned",2.23684210526316
"10708","cleaned",0.378947368421053
"10709","cleaned",1.68947368421053
"10710","cleaned",2.23684210526316
"10711","cleaned",2.13684210526316
"10712","cleaned",1.59473684210526
"10713","cleaned",1.25263157894737
"10714","cleaned",2.14210526315789
"10715","cleaned",1.58421052631579
"10716","cleaned",1.1
"10717","cleaned",1.74210526315789
"10718","cleaned",1.7
"10719","cleaned",1.19473684210526
"10720","cleaned",1.60526315789474
"10721","cleaned",1.69473684210526
"10722","cleaned",1.98421052631579
"10723","cleaned",1.57894736842105
"10724","cleaned",1.48947368421053
"10725","cleaned",0.621052631578947
"10726","cleaned",1.20526315789474
"10727","cleaned",2.17368421052632
"10728","cleaned",1.72631578947368
"10729","cleaned",1.77894736842105
"10730","cleaned",2.19473684210526
"10731","cleaned",2.02105263157895
"10732","cleaned",1.28947368421053
"10733","cleaned",2.92631578947368
"10734","cleaned",2.47368421052632
"10735","cleaned",1.88947368421053
"10736","cleaned",1.73157894736842
"10737","cleaned",1.57894736842105
"10738","cleaned",1.51578947368421
"10739","cleaned",1.13684210526316
"10740","cleaned",2.27894736842105
"10741","cleaned",1.44210526315789
"10742","cleaned",2.53157894736842
"10743","cleaned",0.942105263157895
"10744","cleaned",1.45789473684211
"10745","cleaned",1.68947368421053
"10746","cleaned",1.51052631578947
"10747","cleaned",2.47368421052632
"10748","cleaned",0.963157894736842
"10749","cleaned",2.2
"10750","cleaned",2.31578947368421
"10751","cleaned",1.75789473684211
"10752","cleaned",1.6
"10753","cleaned",1.63157894736842
"10754","cleaned",1.62105263157895
"10755","cleaned",2.07368421052632
"10756","cleaned",2.42105263157895
"10757","cleaned",1.85789473684211
"10758","cleaned",2.17894736842105
"10759","cleaned",1.92631578947368
"10760","cleaned",1.67894736842105
"10761","cleaned",1.09473684210526
"10762","cleaned",2.34210526315789
"10763","cleaned",1.56315789473684
"10764","cleaned",1.38421052631579
"10765","cleaned",1.09473684210526
"10766","cleaned",2.13157894736842
"10767","cleaned",1.4
"10768","cleaned",2.20526315789474
"10769","cleaned",1.24736842105263
"10770","cleaned",1.08947368421053
"10771","cleaned",1.54736842105263
"10772","cleaned",1.20526315789474
"10773","cleaned",2.00526315789474
"10774","cleaned",1.87894736842105
"10775","cleaned",1.98947368421053
"10776","cleaned",1.08421052631579
"10777","cleaned",1.46315789473684
"10778","cleaned",1.55789473684211
"10779","cleaned",2.67368421052632
"10780","cleaned",2.82105263157895
"10781","cleaned",2.31578947368421
"10782","cleaned",1.32105263157895
"10783","cleaned",2.05263157894737
"10784","cleaned",2.43684210526316
"10785","cleaned",1.47368421052632
"10786","cleaned",1.63157894736842
"10787","cleaned",2.03684210526316
"10788","cleaned",2.04210526315789
"10789","cleaned",2.83157894736842
"10790","cleaned",1.35263157894737
"10791","cleaned",1.31052631578947
"10792","cleaned",1.12105263157895
"10793","cleaned",1.63157894736842
"10794","cleaned",1.76315789473684
"10795","cleaned",2.5
"10796","cleaned",1.33684210526316
"10797","cleaned",1.94210526315789
"10798","cleaned",1.96842105263158
"10799","cleaned",0.921052631578947
"10800","cleaned",1.36842105263158
"10801","cleaned",1.73157894736842
"10802","cleaned",2.07368421052632
"10803","cleaned",1.91578947368421
"10804","cleaned",2.31052631578947
"10805","cleaned",1.00526315789474
"10806","cleaned",2.4
"10807","cleaned",1.58947368421053
"10808","cleaned",1.79473684210526
"10809","cleaned",1.51052631578947
"10810","cleaned",1.69473684210526
"10811","cleaned",1.49473684210526
"10812","cleaned",2.31578947368421
"10813","cleaned",1.65263157894737
"10814","cleaned",1.35263157894737
"10815","cleaned",1.47368421052632
"10816","cleaned",1.96315789473684
"10817","cleaned",2.23684210526316
"10818","cleaned",1.30526315789474
"10819","cleaned",2.86842105263158
"10820","cleaned",0.910526315789474
"10821","cleaned",1.56315789473684
"10822","cleaned",0.321052631578947
"10823","cleaned",1.01052631578947
"10824","cleaned",2.4
"10825","cleaned",2.14736842105263
"10826","cleaned",1.61052631578947
"10827","cleaned",1.31578947368421
"10828","cleaned",1.17368421052632
"10829","cleaned",1.56315789473684
"10830","cleaned",2.15263157894737
"10831","cleaned",1.49473684210526
"10832","cleaned",2.01052631578947
"10833","cleaned",2.21052631578947
"10834","cleaned",2.05789473684211
"10835","cleaned",1.83157894736842
"10836","cleaned",1.90526315789474
"10837","cleaned",2.25789473684211
"10838","cleaned",2.34736842105263
"10839","cleaned",1.28421052631579
"10840","cleaned",1.33157894736842
"10841","cleaned",2.04736842105263
"10842","cleaned",1.83157894736842
"10843","cleaned",1.18421052631579
"10844","cleaned",1.38947368421053
"10845","cleaned",2.15263157894737
"10846","cleaned",1.45789473684211
"10847","cleaned",1.58421052631579
"10848","cleaned",2.96315789473684
"10849","cleaned",2.30526315789474
"10850","cleaned",2.1
"10851","cleaned",1.61578947368421
"10852","cleaned",1.59473684210526
"10853","cleaned",1.66842105263158
"10854","cleaned",2.52105263157895
"10855","cleaned",1.49473684210526
"10856","cleaned",2.36315789473684
"10857","cleaned",1.61052631578947
"10858","cleaned",1.44210526315789
"10859","cleaned",2.91578947368421
"10860","cleaned",1.74210526315789
"10861","cleaned",2.11052631578947
"10862","cleaned",1.34210526315789
"10863","cleaned",1.68947368421053
"10864","cleaned",1.12631578947368
"10865","cleaned",1.13157894736842
"10866","cleaned",0.436842105263158
"10867","cleaned",2.06315789473684
"10868","cleaned",2.47368421052632
"10869","cleaned",1.80526315789474
"10870","cleaned",2.26315789473684
"10871","cleaned",1.63684210526316
"10872","cleaned",2.41578947368421
"10873","cleaned",1.28947368421053
"10874","cleaned",1.9
"10875","cleaned",2.54736842105263
"10876","cleaned",1.66842105263158
"10877","cleaned",2.07894736842105
"10878","cleaned",1.09473684210526
"10879","cleaned",1.7
"10880","cleaned",1.75789473684211
"10881","cleaned",1.31052631578947
"10882","cleaned",1.62105263157895
"10883","cleaned",2.42105263157895
"10884","cleaned",2.06842105263158
"10885","cleaned",2.9
"10886","cleaned",2.45263157894737
"10887","cleaned",2.65789473684211
"10888","cleaned",1.76842105263158
"10889","cleaned",2.38947368421053
"10890","cleaned",1.76842105263158
"10891","cleaned",1.77894736842105
"10892","cleaned",2.57894736842105
"10893","cleaned",2.87894736842105
"10894","cleaned",1.67368421052632
"10895","cleaned",1.73157894736842
"10896","cleaned",1.35789473684211
"10897","cleaned",2
"10898","cleaned",2.28947368421053
"10899","cleaned",2.12105263157895
"10900","cleaned",2.15789473684211
"10901","cleaned",2.05789473684211
"10902","cleaned",1.39473684210526
"10903","cleaned",2.25789473684211
"10904","cleaned",1.47894736842105
"10905","cleaned",1.43157894736842
"10906","cleaned",1.70526315789474
"10907","cleaned",1.92105263157895
"10908","cleaned",2.04736842105263
"10909","cleaned",1.55263157894737
"10910","cleaned",2.21052631578947
"10911","cleaned",2.87368421052632
"10912","cleaned",2.31052631578947
"10913","cleaned",2.01052631578947
"10914","cleaned",1.17368421052632
"10915","cleaned",1.60526315789474
"10916","cleaned",1.59473684210526
"10917","cleaned",1.72105263157895
"10918","cleaned",2.12105263157895
"10919","cleaned",1.62105263157895
"10920","cleaned",1.31052631578947
"10921","cleaned",0.563157894736842
"10922","cleaned",2.24210526315789
"10923","cleaned",2.16315789473684
"10924","cleaned",1.46842105263158
"10925","cleaned",2.03157894736842
"10926","cleaned",1.14210526315789
"10927","cleaned",1.73157894736842
"10928","cleaned",2.43157894736842
"10929","cleaned",1.50526315789474
"10930","cleaned",0.278947368421053
"10931","cleaned",3.05789473684211
"10932","cleaned",2.83157894736842
"10933","cleaned",1.86315789473684
"10934","cleaned",1.75789473684211
"10935","cleaned",1.07368421052632
"10936","cleaned",2.13157894736842
"10937","cleaned",1.75263157894737
"10938","cleaned",1.78421052631579
"10939","cleaned",2.5
"10940","cleaned",2.02105263157895
"10941","cleaned",1.73684210526316
"10942","cleaned",2.96842105263158
"10943","cleaned",2.33684210526316
"10944","cleaned",2.51578947368421
"10945","cleaned",2.16315789473684
"10946","cleaned",1.10526315789474
"10947","cleaned",1.08421052631579
"10948","cleaned",2.20526315789474
"10949","cleaned",2.51578947368421
"10950","cleaned",1.57368421052632
"10951","cleaned",2.23157894736842
"10952","cleaned",0.947368421052632
"10953","cleaned",1.41578947368421
"10954","cleaned",2.43157894736842
"10955","cleaned",1.44736842105263
"10956","cleaned",2.12631578947368
"10957","cleaned",1.23684210526316
"10958","cleaned",2.34736842105263
"10959","cleaned",1.93157894736842
"10960","cleaned",2.6
"10961","cleaned",2.09473684210526
"10962","cleaned",0.752631578947368
"10963","cleaned",1.45789473684211
"10964","cleaned",1.56842105263158
"10965","cleaned",1.53684210526316
"10966","cleaned",1.62105263157895
"10967","cleaned",1.82105263157895
"10968","cleaned",2.91052631578947
"10969","cleaned",1.42105263157895
"10970","cleaned",2.01578947368421
"10971","cleaned",1.58947368421053
"10972","cleaned",2.77894736842105
"10973","cleaned",1.53684210526316
"10974","cleaned",1.18421052631579
"10975","cleaned",1.51578947368421
"10976","cleaned",1.88947368421053
"10977","cleaned",2.24210526315789
"10978","cleaned",1.12105263157895
"10979","cleaned",2.76315789473684
"10980","cleaned",2.83684210526316
"10981","cleaned",1.50526315789474
"10982","cleaned",0.810526315789474
"10983","cleaned",2.41052631578947
"10984","cleaned",1.75263157894737
"10985","cleaned",2.11578947368421
"10986","cleaned",1.41052631578947
"10987","cleaned",1.73157894736842
"10988","cleaned",2.09473684210526
"10989","cleaned",2.48947368421053
"10990","cleaned",2.64210526315789
"10991","cleaned",3.08947368421053
"10992","cleaned",1.13157894736842
"10993","cleaned",2.73157894736842
"10994","cleaned",1.88947368421053
"10995","cleaned",0.894736842105263
"10996","cleaned",1.52105263157895
"10997","cleaned",2.04736842105263
"10998","cleaned",1.08947368421053
"10999","cleaned",1.56315789473684
"11000","cleaned",1.71052631578947
"11001","cleaned",2.15789473684211
"11002","cleaned",1.35789473684211
"11003","cleaned",2.17368421052632
"11004","cleaned",2.06842105263158
"11005","cleaned",2.43684210526316
"11006","cleaned",2.04736842105263
"11007","cleaned",2.04210526315789
"11008","cleaned",2.33684210526316
"11009","cleaned",1.34210526315789
"11010","cleaned",1.9
"11011","cleaned",0.689473684210526
"11012","cleaned",1.73157894736842
"11013","cleaned",2.08421052631579
"11014","cleaned",2.32105263157895
"11015","cleaned",1.73157894736842
"11016","cleaned",1.96842105263158
"11017","cleaned",1.54736842105263
"11018","cleaned",2.01052631578947
"11019","cleaned",2.42105263157895
"11020","cleaned",2.6
"11021","cleaned",2.02105263157895
"11022","cleaned",2.34736842105263
"11023","cleaned",2.81578947368421
"11024","cleaned",2.14210526315789
"11025","cleaned",1.30526315789474
"11026","cleaned",2.00526315789474
"11027","cleaned",1.9
"11028","cleaned",2.57894736842105
"11029","cleaned",1.56315789473684
"11030","cleaned",2.94736842105263
"11031","cleaned",1.95789473684211
"11032","cleaned",1.94736842105263
"11033","cleaned",1.16315789473684
"11034","cleaned",2.24210526315789
"11035","cleaned",1.70526315789474
"11036","cleaned",2.55789473684211
"11037","cleaned",1.33684210526316
"11038","cleaned",1.26315789473684
"11039","cleaned",1.69473684210526
"11040","cleaned",0.810526315789474
"11041","cleaned",2.23157894736842
"11042","cleaned",2.5
"11043","cleaned",1.55263157894737
"11044","cleaned",1.67368421052632
"11045","cleaned",1.27894736842105
"11046","cleaned",1.42105263157895
"11047","cleaned",1.96315789473684
"11048","cleaned",2.71578947368421
"11049","cleaned",1.93684210526316
"11050","cleaned",1.76842105263158
"11051","cleaned",1.54736842105263
"11052","cleaned",1.04736842105263
"11053","cleaned",2.37368421052632
"11054","cleaned",1.45263157894737
"11055","cleaned",1.55263157894737
"11056","cleaned",1.56842105263158
"11057","cleaned",1.34736842105263
"11058","cleaned",1.58947368421053
"11059","cleaned",1.86842105263158
"11060","cleaned",2.58947368421053
"11061","cleaned",1.38421052631579
"11062","cleaned",2.43684210526316
"11063","cleaned",1.37894736842105
"11064","cleaned",1.98421052631579
"11065","cleaned",1.9
"11066","cleaned",1.42631578947368
"11067","cleaned",1.97368421052632
"11068","cleaned",1.09473684210526
"11069","cleaned",1.48421052631579
"11070","cleaned",1.52631578947368
"11071","cleaned",1.62105263157895
"11072","cleaned",1.86315789473684
"11073","cleaned",1.64210526315789
"11074","cleaned",2.1
"11075","cleaned",1.85263157894737
"11076","cleaned",2.62631578947368
"11077","cleaned",1.96315789473684
"11078","cleaned",1.71052631578947
"11079","cleaned",1.65789473684211
"11080","cleaned",1.78421052631579
"11081","cleaned",1.97894736842105
"11082","cleaned",1.66315789473684
"11083","cleaned",0.510526315789474
"11084","cleaned",1.97368421052632
"11085","cleaned",1.78947368421053
"11086","cleaned",1.37894736842105
"11087","cleaned",2.26315789473684
"11088","cleaned",1.52105263157895
"11089","cleaned",1.06842105263158
"11090","cleaned",1.20526315789474
"11091","cleaned",1.71052631578947
"11092","cleaned",2.36315789473684
"11093","cleaned",1.75263157894737
"11094","cleaned",1.71578947368421
"11095","cleaned",1.83684210526316
"11096","cleaned",2.02631578947368
"11097","cleaned",2.64210526315789
"11098","cleaned",1.56315789473684
"11099","cleaned",1.38947368421053
"11100","cleaned",0.931578947368421
"11101","cleaned",1.99473684210526
"11102","cleaned",1.52105263157895
"11103","cleaned",2.77368421052632
"11104","cleaned",2.26842105263158
"11105","cleaned",2.78947368421053
"11106","cleaned",1.79473684210526
"11107","cleaned",1.78947368421053
"11108","cleaned",1.95789473684211
"11109","cleaned",0.368421052631579
"11110","cleaned",1.62631578947368
"11111","cleaned",2.38947368421053
"11112","cleaned",1.88421052631579
"11113","cleaned",1.09473684210526
"11114","cleaned",1.61578947368421
"11115","cleaned",1.09473684210526
"11116","cleaned",2.58421052631579
"11117","cleaned",2.35263157894737
"11118","cleaned",1.52105263157895
"11119","cleaned",2.05789473684211
"11120","cleaned",2.16842105263158
"11121","cleaned",1.19473684210526
"11122","cleaned",2.10526315789474
"11123","cleaned",1.42105263157895
"11124","cleaned",2.41578947368421
"11125","cleaned",1.99473684210526
"11126","cleaned",2.11052631578947
"11127","cleaned",2
"11128","cleaned",2.02105263157895
"11129","cleaned",1.14210526315789
"11130","cleaned",1.52631578947368
"11131","cleaned",1.3
"11132","cleaned",1.99473684210526
"11133","cleaned",0.952631578947368
"11134","cleaned",2.52631578947368
"11135","cleaned",1.92631578947368
"11136","cleaned",2.09473684210526
"11137","cleaned",2.52105263157895
"11138","cleaned",1.38947368421053
"11139","cleaned",2.52105263157895
"11140","cleaned",2.94210526315789
"11141","cleaned",1.65263157894737
"11142","cleaned",1.75789473684211
"11143","cleaned",1.93684210526316
"11144","cleaned",3.16842105263158
"11145","cleaned",2.17894736842105
"11146","cleaned",2.18421052631579
"11147","cleaned",1.97894736842105
"11148","cleaned",2.46842105263158
"11149","cleaned",1.96315789473684
"11150","cleaned",1.63684210526316
"11151","cleaned",1.83684210526316
"11152","cleaned",1.79473684210526
"11153","cleaned",2.39473684210526
"11154","cleaned",2.44210526315789
"11155","cleaned",1.93684210526316
"11156","cleaned",2.06842105263158
"11157","cleaned",0.905263157894737
"11158","cleaned",1.28421052631579
"11159","cleaned",1.23684210526316
"11160","cleaned",2.27894736842105
"11161","cleaned",1.41052631578947
"11162","cleaned",2.26315789473684
"11163","cleaned",2.22105263157895
"11164","cleaned",0.826315789473684
"11165","cleaned",0.931578947368421
"11166","cleaned",1.93684210526316
"11167","cleaned",2.18421052631579
"11168","cleaned",1.95263157894737
"11169","cleaned",0.994736842105263
"11170","cleaned",2.27894736842105
"11171","cleaned",1.62631578947368
"11172","cleaned",1.75263157894737
"11173","cleaned",1.70526315789474
"11174","cleaned",2.34210526315789
"11175","cleaned",1.57368421052632
"11176","cleaned",1.53157894736842
"11177","cleaned",1.47894736842105
"11178","cleaned",0.747368421052632
"11179","cleaned",2.33684210526316
"11180","cleaned",1.96315789473684
"11181","cleaned",1.72631578947368
"11182","cleaned",2.24736842105263
"11183","cleaned",2.03684210526316
"11184","cleaned",1.93684210526316
"11185","cleaned",2.97894736842105
"11186","cleaned",1.72105263157895
"11187","cleaned",1.21052631578947
"11188","cleaned",1.33684210526316
"11189","cleaned",1.47894736842105
"11190","cleaned",1.95789473684211
"11191","cleaned",1.85789473684211
"11192","cleaned",2.19473684210526
"11193","cleaned",1.51578947368421
"11194","cleaned",1.05789473684211
"11195","cleaned",1.46842105263158
"11196","cleaned",2.15263157894737
"11197","cleaned",2.44736842105263
"11198","cleaned",2.22631578947368
"11199","cleaned",1.8
"11200","cleaned",1.25263157894737
"11201","cleaned",1.09473684210526
"11202","cleaned",2.09473684210526
"11203","cleaned",1.40526315789474
"11204","cleaned",1.96842105263158
"11205","cleaned",1
"11206","cleaned",1.81052631578947
"11207","cleaned",1.54210526315789
"11208","cleaned",3.30526315789474
"11209","cleaned",1.22105263157895
"11210","cleaned",1.38947368421053
"11211","cleaned",0.373684210526316
"11212","cleaned",2.04210526315789
"11213","cleaned",1.63157894736842
"11214","cleaned",2.35789473684211
"11215","cleaned",1.5
"11216","cleaned",1.75263157894737
"11217","cleaned",2.78421052631579
"11218","cleaned",2.52631578947368
"11219","cleaned",2.23684210526316
"11220","cleaned",2.06842105263158
"11221","cleaned",1.55789473684211
"11222","cleaned",2.31052631578947
"11223","cleaned",1.85789473684211
"11224","cleaned",2.92631578947368
"11225","cleaned",1.75263157894737
"11226","cleaned",1.42631578947368
"11227","cleaned",1.24210526315789
"11228","cleaned",1.87368421052632
"11229","cleaned",2.08947368421053
"11230","cleaned",1.59473684210526
"11231","cleaned",1.89473684210526
"11232","cleaned",1.83157894736842
"11233","cleaned",1.97894736842105
"11234","cleaned",2.14210526315789
"11235","cleaned",0.0842105263157895
"11236","cleaned",1.56315789473684
"11237","cleaned",2.22105263157895
"11238","cleaned",1.6
"11239","cleaned",2.41052631578947
"11240","cleaned",2.67894736842105
"11241","cleaned",1.34736842105263
"11242","cleaned",1.75789473684211
"11243","cleaned",1.58947368421053
"11244","cleaned",2.38947368421053
"11245","cleaned",2.31578947368421
"11246","cleaned",1.86842105263158
"11247","cleaned",1.26315789473684
"11248","cleaned",1.72105263157895
"11249","cleaned",2.00526315789474
"11250","cleaned",1.05789473684211
"11251","cleaned",2.08421052631579
"11252","cleaned",2.32105263157895
"11253","cleaned",1.46315789473684
"11254","cleaned",1.75263157894737
"11255","cleaned",1.53684210526316
"11256","cleaned",1.63684210526316
"11257","cleaned",1.88947368421053
"11258","cleaned",1.06315789473684
"11259","cleaned",1.64736842105263
"11260","cleaned",1.28947368421053
"11261","cleaned",1.29473684210526
"11262","cleaned",2
"11263","cleaned",1.06842105263158
"11264","cleaned",1.58421052631579
"11265","cleaned",1.48421052631579
"11266","cleaned",1.53157894736842
"11267","cleaned",2.33157894736842
"11268","cleaned",2
"11269","cleaned",2.48947368421053
"11270","cleaned",2.30526315789474
"11271","cleaned",1.44736842105263
"11272","cleaned",1.54736842105263
"11273","cleaned",2.3
"11274","cleaned",1.84210526315789
"11275","cleaned",1.47368421052632
"11276","cleaned",2.75263157894737
"11277","cleaned",1.50526315789474
"11278","cleaned",1.78947368421053
"11279","cleaned",0.794736842105263
"11280","cleaned",2.00526315789474
"11281","cleaned",1.73157894736842
"11282","cleaned",2.29473684210526
"11283","cleaned",1.91578947368421
"11284","cleaned",1.72105263157895
"11285","cleaned",3.02631578947368
"11286","cleaned",2.13157894736842
"11287","cleaned",0.7
"11288","cleaned",1.34210526315789
"11289","cleaned",1.79473684210526
"11290","cleaned",1.27368421052632
"11291","cleaned",2.6
"11292","cleaned",1.61578947368421
"11293","cleaned",0.647368421052632
"11294","cleaned",1.54736842105263
"11295","cleaned",1.56842105263158
"11296","cleaned",1.82105263157895
"11297","cleaned",2.16842105263158
"11298","cleaned",1.31052631578947
"11299","cleaned",2.48421052631579
"11300","cleaned",1.81578947368421
"11301","cleaned",1.83157894736842
"11302","cleaned",2.20526315789474
"11303","cleaned",1.53684210526316
"11304","cleaned",0.589473684210526
"11305","cleaned",1.48947368421053
"11306","cleaned",2.33684210526316
"11307","cleaned",0.6
"11308","cleaned",1.01578947368421
"11309","cleaned",1.79473684210526
"11310","cleaned",0.894736842105263
"11311","cleaned",1.12105263157895
"11312","cleaned",0.926315789473684
"11313","cleaned",2.5
"11314","cleaned",2.12105263157895
"11315","cleaned",0.6
"11316","cleaned",1.14210526315789
"11317","cleaned",1.07368421052632
"11318","cleaned",2.26842105263158
"11319","cleaned",2.03157894736842
"11320","cleaned",1.34210526315789
"11321","cleaned",2.85263157894737
"11322","cleaned",1.85789473684211
"11323","cleaned",1.94736842105263
"11324","cleaned",1.97894736842105
"11325","cleaned",1.18947368421053
"11326","cleaned",1.1
"11327","cleaned",2.19473684210526
"11328","cleaned",1.95263157894737
"11329","cleaned",2.52631578947368
"11330","cleaned",1.33684210526316
"11331","cleaned",1.12631578947368
"11332","cleaned",1.52631578947368
"11333","cleaned",1.92631578947368
"11334","cleaned",1.91052631578947
"11335","cleaned",0.742105263157895
"11336","cleaned",1.52631578947368
"11337","cleaned",1.61052631578947
"11338","cleaned",1.36315789473684
"11339","cleaned",1.36315789473684
"11340","cleaned",1.45263157894737
"11341","cleaned",1.92631578947368
"11342","cleaned",2.51578947368421
"11343","cleaned",2.85263157894737
"11344","cleaned",2.93157894736842
"11345","cleaned",1.55789473684211
"11346","cleaned",1.87894736842105
"11347","cleaned",0.936842105263158
"11348","cleaned",2.1
"11349","cleaned",2.86842105263158
"11350","cleaned",2.77368421052632
"11351","cleaned",1.99473684210526
"11352","cleaned",1.92105263157895
"11353","cleaned",1.63684210526316
"11354","cleaned",1.9
"11355","cleaned",1.23684210526316
"11356","cleaned",2.18947368421053
"11357","cleaned",1.34736842105263
"11358","cleaned",2.61052631578947
"11359","cleaned",2.11578947368421
"11360","cleaned",1.91052631578947
"11361","cleaned",1.81578947368421
"11362","cleaned",1.92631578947368
"11363","cleaned",1.48421052631579
"11364","cleaned",1.85789473684211
"11365","cleaned",1.47368421052632
"11366","cleaned",2.73684210526316
"11367","cleaned",1.83684210526316
"11368","cleaned",2.15789473684211
"11369","cleaned",1.43684210526316
"11370","cleaned",2.28947368421053
"11371","cleaned",1.25263157894737
"11372","cleaned",0.847368421052632
"11373","cleaned",2.53684210526316
"11374","cleaned",1.77368421052632
"11375","cleaned",2.44210526315789
"11376","cleaned",2.18421052631579
"11377","cleaned",0.2
"11378","cleaned",2.30526315789474
"11379","cleaned",1.74736842105263
"11380","cleaned",0.273684210526316
"11381","cleaned",1.87368421052632
"11382","cleaned",1.90526315789474
"11383","cleaned",2.12631578947368
"11384","cleaned",1.18421052631579
"11385","cleaned",1.30526315789474
"11386","cleaned",2.52631578947368
"11387","cleaned",1.66315789473684
"11388","cleaned",1.87368421052632
"11389","cleaned",2.32105263157895
"11390","cleaned",1.67894736842105
"11391","cleaned",1.75263157894737
"11392","cleaned",2.06842105263158
"11393","cleaned",1.75263157894737
"11394","cleaned",2.44736842105263
"11395","cleaned",1.92105263157895
"11396","cleaned",2.14736842105263
"11397","cleaned",1.65789473684211
"11398","cleaned",1.44210526315789
"11399","cleaned",1.27894736842105
"11400","cleaned",1.65789473684211
"11401","cleaned",3.30526315789474
"11402","cleaned",1.6
"11403","cleaned",2.27368421052632
"11404","cleaned",2.11052631578947
"11405","cleaned",1.50526315789474
"11406","cleaned",2.67368421052632
"11407","cleaned",1.54736842105263
"11408","cleaned",2.10526315789474
"11409","cleaned",1.25789473684211
"11410","cleaned",2.37894736842105
"11411","cleaned",2.19473684210526
"11412","cleaned",1.64210526315789
"11413","cleaned",1.64210526315789
"11414","cleaned",1.86842105263158
"11415","cleaned",1.14736842105263
"11416","cleaned",2.25263157894737
"11417","cleaned",1.77894736842105
"11418","cleaned",2.12631578947368
"11419","cleaned",1.68421052631579
"11420","cleaned",1.86842105263158
"11421","cleaned",1.52105263157895
"11422","cleaned",1.70526315789474
"11423","cleaned",2.33684210526316
"11424","cleaned",1.90526315789474
"11425","cleaned",1.89473684210526
"11426","cleaned",1.96842105263158
"11427","cleaned",1.15789473684211
"11428","cleaned",1.55263157894737
"11429","cleaned",0.652631578947368
"11430","cleaned",1.63157894736842
"11431","cleaned",2.10526315789474
"11432","cleaned",1.42105263157895
"11433","cleaned",2.08421052631579
"11434","cleaned",1.71578947368421
"11435","cleaned",1.40526315789474
"11436","cleaned",1.61578947368421
"11437","cleaned",1.26842105263158
"11438","cleaned",2.34210526315789
"11439","cleaned",2.06315789473684
"11440","cleaned",0.91578947368421
"11441","cleaned",1.53157894736842
"11442","cleaned",2.04736842105263
"11443","cleaned",1.68947368421053
"11444","cleaned",1.67368421052632
"11445","cleaned",2.25789473684211
"11446","cleaned",2.35789473684211
"11447","cleaned",1.91052631578947
"11448","cleaned",1.69473684210526
"11449","cleaned",1.09473684210526
"11450","cleaned",1.21578947368421
"11451","cleaned",2.17894736842105
"11452","cleaned",1.86315789473684
"11453","cleaned",1.96842105263158
"11454","cleaned",1.51578947368421
"11455","cleaned",1.31052631578947
"11456","cleaned",2.12105263157895
"11457","cleaned",2.56842105263158
"11458","cleaned",1.86842105263158
"11459","cleaned",2.10526315789474
"11460","cleaned",1.65263157894737
"11461","cleaned",2.23157894736842
"11462","cleaned",2.15263157894737
"11463","cleaned",1.11052631578947
"11464","cleaned",2.11578947368421
"11465","cleaned",1.98421052631579
"11466","cleaned",2
"11467","cleaned",3.41052631578947
"11468","cleaned",1.85789473684211
"11469","cleaned",2.68421052631579
"11470","cleaned",1.93157894736842
"11471","cleaned",1.54736842105263
"11472","cleaned",1.93157894736842
"11473","cleaned",2.22631578947368
"11474","cleaned",1.52105263157895
"11475","cleaned",1.78421052631579
"11476","cleaned",1.2
"11477","cleaned",1.69473684210526
"11478","cleaned",1.70526315789474
"11479","cleaned",1.72631578947368
"11480","cleaned",2.57368421052632
"11481","cleaned",2.07368421052632
"11482","cleaned",1.17894736842105
"11483","cleaned",2.15263157894737
"11484","cleaned",0.805263157894737
"11485","cleaned",1.13157894736842
"11486","cleaned",2.16315789473684
"11487","cleaned",1.7
"11488","cleaned",2
"11489","cleaned",2.00526315789474
"11490","cleaned",1.70526315789474
"11491","cleaned",1.57894736842105
"11492","cleaned",1.94210526315789
"11493","cleaned",1.92105263157895
"11494","cleaned",1.59473684210526
"11495","cleaned",1.8
"11496","cleaned",1.43684210526316
"11497","cleaned",1.98421052631579
"11498","cleaned",2.15789473684211
"11499","cleaned",1.44210526315789
"11500","cleaned",1.94736842105263
"11501","cleaned",1.46315789473684
"11502","cleaned",1.6
"11503","cleaned",1.02105263157895
"11504","cleaned",2.94736842105263
"11505","cleaned",1.46842105263158
"11506","cleaned",2.09473684210526
"11507","cleaned",2.28421052631579
"11508","cleaned",2.72631578947368
"11509","cleaned",1.78947368421053
"11510","cleaned",2.18421052631579
"11511","cleaned",1.86842105263158
"11512","cleaned",2.17368421052632
"11513","cleaned",2.04210526315789
"11514","cleaned",1.98947368421053
"11515","cleaned",1.01578947368421
"11516","cleaned",1.56842105263158
"11517","cleaned",2.3
"11518","cleaned",1.45263157894737
"11519","cleaned",1.55263157894737
"11520","cleaned",2.35789473684211
"11521","cleaned",1.27368421052632
"11522","cleaned",1.50526315789474
"11523","cleaned",2.4
"11524","cleaned",2.23157894736842
"11525","cleaned",2.89473684210526
"11526","cleaned",1.77894736842105
"11527","cleaned",2.36842105263158
"11528","cleaned",1.43157894736842
"11529","cleaned",1.93684210526316
"11530","cleaned",1.7
"11531","cleaned",2.12631578947368
"11532","cleaned",1.26315789473684
"11533","cleaned",1.47368421052632
"11534","cleaned",2.35789473684211
"11535","cleaned",3.22105263157895
"11536","cleaned",2.2
"11537","cleaned",1.42631578947368
"11538","cleaned",0.763157894736842
