"variable","value"
"diff1",-116.3
"diff1",24.7
"diff1",9.7
"diff1",3.7
"diff1",-7.3
"diff1",-142.3
"diff1",66.7
"diff1",-72.3
"diff1",-81.3
"diff1",-121.3
"diff1",-6.3
"diff1",-149.3
"diff1",21.7
"diff1",-22.3
"diff1",-142.3
"diff1",-59.3
"diff1",47.7
"diff1",-13.3
"diff1",-111.3
"diff1",-26.3
"diff1",-12.3
"diff1",71.7
"diff1",19.7
"diff1",-40.3
"diff1",-11.3
"diff1",-24.3
"diff1",36.7
"diff1",-27.3
"diff1",-70.3
"diff1",-21.3
"diff1",-17.3
"diff1",-102.3
"diff1",91.7
"diff1",-51.3
"diff1",104.7
"diff1",-91.3
"diff1",-18.3
"diff1",-10.3
"diff1",-42.3
"diff1",72.7
"diff1",-150.3
"diff1",-17.3
"diff1",34.7
"diff1",-17.3
"diff1",-28.3
"diff1",-30.3
"diff1",-11.3
"diff1",-145.3
"diff1",-37.3
"diff1",1.7
"diff1",-71.3
"diff1",-4.3
"diff1",72.7
"diff1",-54.3
"diff1",-17.3
"diff1",-11.3
"diff1",-23.3
"diff1",-18.3
"diff1",-64.3
"diff1",19.7
"diff1",-11.3
"diff1",-64.3
"diff1",-35.3
"diff1",-17.3
"diff1",86.7
"diff1",-61.3
"diff1",-27.3
"diff1",-45.3
"diff1",16.7
"diff1",-51.3
"diff1",-1.3
"diff1",79.7
"diff1",-66.3
"diff1",-8.3
"diff1",-12.3
"diff1",-144.3
"diff1",-135.3
"diff1",-35.3
"diff1",96.7
"diff1",-17.3
"diff1",-31.3
"diff1",-44.3
"diff1",-17.3
"diff1",-34.3
"diff1",46.7
"diff1",16.7
"diff1",91.7
"diff1",-153.3
"diff1",-12.3
"diff1",-65.3
"diff1",-17.3
"diff1",20.7
"diff1",-15.3
"diff1",-37.3
"diff1",48.7
"diff1",-31.3
"diff1",-17.3
"diff1",-77.3
"diff1",17.7
"diff1",-148.3
"diff1",-148.3
"diff1",-72.3
"diff1",-48.3
"diff1",-35.3
"diff1",-5.3
"diff1",-146.3
"diff1",-39.3
"diff1",-69.3
"diff1",-16.3
"diff1",-5.3
"diff1",-99.3
"diff1",-31.3
"diff1",-39.3
"diff1",-17.3
"diff1",102.7
"diff1",-148.3
"diff1",-142.3
"diff1",-150.3
"diff1",-122.3
"diff1",4.7
"diff1",-53.3
"diff1",-136.3
"diff1",16.7
"diff1",-64.3
"diff1",102.7
"diff1",-79.3
"diff1",8.7
"diff1",-41.3
"diff1",60.7
"diff1",-76.3
"diff1",2.7
"diff1",66.7
"diff1",-67.3
"diff1",-37.3
"diff1",-60.3
"diff1",-66.3
"diff1",91.7
"diff1",-0.300000000000001
"diff1",103.7
"diff1",-45.3
"diff1",25.7
"diff1",26.7
"diff1",-38.3
"diff1",-28.3
"diff1",25.7
"diff1",-79.3
"diff1",-90.3
"diff1",-29.3
"diff1",-105.3
"diff1",-24.3
"diff1",-76.3
"diff1",112.7
"diff1",-2.3
"diff1",1.7
"diff1",82.7
"diff1",-38.3
"diff1",50.7
"diff1",-20.3
"diff1",-26.3
"diff1",-22.3
"diff1",66.7
"diff1",-11.3
"diff1",23.7
"diff1",-137.3
"diff1",-17.3
"diff1",-64.3
"diff1",9.7
"diff1",-32.3
"diff1",-41.3
"diff1",-10.3
"diff1",-14.3
"diff1",-81.3
"diff1",-86.3
"diff1",32.7
"diff1",-41.3
"diff1",-34.3
"diff1",-55.3
"diff1",52.7
"diff1",40.7
"diff1",-17.3
"diff1",-18.3
"diff1",14.7
"diff1",-11.3
"diff1",-115.3
"diff1",23.7
"diff1",3.7
"diff1",-28.3
"diff1",-29.3
"diff1",-40.3
"diff1",96.7
"diff1",-28.3
"diff1",-11.3
"diff1",-1.3
"diff1",-28.3
"diff1",-96.3
"diff1",-34.3
"diff1",-54.3
"diff1",-63.3
"diff1",32.7
"diff1",51.7
"diff1",-9.3
"diff1",-2.3
"diff1",-27.3
"diff1",-34.3
"diff1",-21.3
"diff1",-12.3
"diff1",-24.3
"diff1",-19.3
"diff1",-29.3
"diff1",-5.3
"diff1",-26.3
"diff1",-22.3
"diff1",-24.3
"diff1",-4.3
"diff1",-10.3
"diff1",-17.3
"diff1",-36.3
"diff1",-31.3
"diff1",-32.3
"diff1",-43.3
"diff1",-22.3
"diff1",-17.3
"diff1",-40.3
"diff1",-24.3
"diff1",-18.3
"diff1",-18.3
"diff1",-4.3
"diff1",-39.3
"diff1",-31.3
"diff1",-40.3
"diff1",-12.3
"diff1",-21.3
"diff1",-48.3
"diff1",-21.3
"diff1",-38.3
"diff1",-10.3
"diff1",-22.3
"diff1",-5.3
"diff1",-9.3
"diff1",-37.3
"diff1",-12.3
"diff1",-1.3
"diff1",-17.3
"diff1",-33.3
"diff1",-4.3
"diff1",-20.3
"diff1",-33.3
"diff1",-32.3
"diff1",-19.3
"diff1",-7.3
"diff1",-11.3
"diff1",-45.3
"diff1",-27.3
"diff1",-20.3
"diff1",-21.3
"diff1",-9.3
"diff1",-15.3
"diff1",-26.3
"diff1",-6.3
"diff1",-16.3
"diff1",-18.3
"diff1",-40.3
"diff1",-19.3
"diff1",-4.3
"diff1",-11.3
"diff1",-38.3
"diff1",-5.3
"diff1",-16.3
"diff1",-22.3
"diff1",-24.3
"diff1",-16.3
"diff1",-28.3
"diff1",-9.3
"diff1",-16.3
"diff1",-33.3
"diff1",-10.3
"diff1",-19.3
"diff1",-8.3
"diff1",-20.3
"diff1",-23.3
"diff1",-8.3
"diff1",-28.3
"diff1",-35.3
"diff1",-18.3
"diff1",-15.3
"diff1",-17.3
"diff1",-25.3
"diff1",-15.3
"diff1",-19.3
"diff1",-11.3
"diff1",-11.3
"diff1",-41.3
"diff1",-14.3
"diff1",-30.3
"diff1",-22.3
"diff1",-15.3
"diff1",-30.3
"diff1",-19.3
"diff1",-22.3
"diff1",-9.3
"diff1",-17.3
"diff1",-2.3
"diff1",-9.3
"diff1",-29.3
"diff1",-11.3
"diff1",-18.3
"diff1",-28.3
"diff1",-7.3
"diff1",-14.3
"diff1",-3.3
"diff1",-31.3
"diff1",-24.3
"diff1",-19.3
"diff1",-15.3
"diff1",-14.3
"diff1",-24.3
"diff1",-24.3
"diff1",-4.3
"diff1",-3.3
"diff1",-34.3
"diff1",0.699999999999999
"diff1",-21.3
"diff1",-30.3
"diff1",-37.3
"diff1",-32.3
"diff1",-6.3
"diff1",-23.3
"diff1",1.7
"diff1",-26.3
"diff1",-16.3
"diff1",-27.3
"diff1",-10.3
"diff1",-31.3
"diff1",-24.3
"diff1",-25.3
"diff1",-33.3
"diff1",-8.3
"diff1",-31.3
"diff1",-39.3
"diff1",-24.3
"diff1",-21.3
"diff1",-5.3
"diff1",-33.3
"diff1",-7.3
"diff1",-30.3
"diff1",-19.3
"diff1",-11.3
"diff1",-12.3
"diff1",-10.3
"diff1",-26.3
"diff1",-9.3
"diff1",-19.3
"diff1",-30.3
"diff1",0.699999999999999
"diff1",-28.3
"diff1",-30.3
"diff1",-28.3
"diff1",-38.3
"diff1",-35.3
"diff1",-7.3
"diff1",2.7
"diff1",-21.3
"diff1",-20.3
"diff1",-34.3
"diff1",-22.3
"diff1",-9.3
"diff1",-18.3
"diff1",-10.3
"diff1",-27.3
"diff1",-20.3
"diff1",-23.3
"diff1",-29.3
"diff1",-36.3
"diff1",-32.3
"diff1",-36.3
"diff1",-11.3
"diff1",-17.3
"diff1",-16.3
"diff1",-36.3
"diff1",-42.3
"diff1",-37.3
"diff1",-41.3
"diff1",-24.3
"diff1",-10.3
"diff1",-6.3
"diff1",-6.3
"diff1",-16.3
"diff1",-32.3
"diff1",-1.3
"diff1",0.699999999999999
"diff1",-10.3
"diff1",-27.3
"diff1",-16.3
"diff1",-18.3
"diff1",-34.3
"diff1",-13.3
"diff1",-39.3
"diff1",-22.3
"diff1",-6.3
"diff1",-18.3
"diff1",-30.3
"diff1",-13.3
"diff1",-11.3
"diff1",-23.3
"diff1",-3.3
"diff1",-30.3
"diff1",-17.3
"diff1",-25.3
"diff1",-29.3
"diff1",-25.3
"diff1",-14.3
"diff1",-6.3
"diff1",-29.3
"diff1",-4.3
"diff1",-23.3
"diff1",-30.3
"diff1",-19.3
"diff1",-22.3
"diff1",-18.3
"diff1",-20.3
"diff1",-14.3
"diff1",-21.3
"diff1",-21.3
"diff1",-28.3
"diff1",-11.3
"diff1",-33.3
"diff1",-17.3
"diff1",-26.3
"diff1",-18.3
"diff1",-19.3
"diff1",-14.3
"diff1",-24.3
"diff1",-3.3
"diff1",-24.3
"diff1",-5.3
"diff1",-20.3
"diff1",-24.3
"diff1",-19.3
"diff1",-25.3
"diff1",-14.3
"diff1",-20.3
"diff1",-24.3
"diff1",-7.3
"diff1",-12.3
"diff1",-6.3
"diff1",-23.3
"diff1",-16.3
"diff1",-22.3
"diff1",-27.3
"diff1",-25.3
"diff1",-11.3
"diff1",-33.3
"diff1",-21.3
"diff1",-17.3
"diff1",-12.3
"diff1",-2.3
"diff1",-28.3
"diff1",-17.3
"diff1",-35.3
"diff1",-10.3
"diff1",-22.3
"diff1",-15.3
"diff1",-9.3
"diff1",-14.3
"diff1",-16.3
"diff1",-7.3
"diff1",-11.3
"diff1",-5.3
"diff1",-4.3
"diff1",-19.3
"diff1",-26.3
"diff1",-24.3
"diff1",-15.3
"diff1",-6.3
"diff1",-27.3
"diff1",-20.3
"diff1",-27.3
"diff1",-23.3
"diff1",-10.3
"diff1",-25.3
"diff1",-23.3
"diff1",-19.3
"diff1",-27.3
"diff1",-18.3
"diff1",-13.3
"diff1",-28.3
"diff1",-16.3
"diff1",-30.3
"diff1",-14.3
"diff1",-25.3
"diff1",-22.3
"diff1",-15.3
"diff1",-12.3
"diff1",-18.3
"diff1",-6.3
"diff1",-12.3
"diff1",-8.3
"diff1",-9.3
"diff1",-13.3
"diff1",-26.3
"diff1",-23.3
"diff1",-17.3
"diff1",-13.3
"diff1",-27.3
"diff1",-14.3
"diff1",-23.3
"diff1",-14.3
"diff1",-27.3
"diff1",-16.3
"diff1",-16.3
"diff1",-14.3
"diff1",-7.3
"diff1",-28.3
"diff1",-16.3
"diff1",-18.3
"diff1",-33.3
"diff1",-12.3
"diff1",-25.3
"diff1",-23.3
"diff1",-10.3
"diff1",-33.3
"diff1",-29.3
"diff1",-24.3
"diff1",-15.3
"diff1",-30.3
"diff1",-15.3
"diff1",-25.3
"diff1",-32.3
"diff1",-18.3
"diff1",-25.3
"diff1",-16.3
"diff1",-10.3
"diff1",-18.3
"diff1",-3.3
"diff1",-13.3
"diff1",-25.3
"diff1",-19.3
"diff1",-24.3
"diff1",-30.3
"diff1",-20.3
"diff1",-21.3
"diff1",-11.3
"diff1",-23.3
"diff1",-27.3
"diff1",-11.3
"diff1",-10.3
"diff1",-18.3
"diff1",-17.3
"diff1",-5.3
"diff1",-13.3
"diff1",-18.3
"diff1",-17.3
"diff1",-19.3
"diff1",-21.3
"diff1",-29.3
"diff1",-18.3
"diff1",-29.3
"diff1",-13.3
"diff1",-24.3
"diff1",-18.3
"diff1",-10.3
"diff1",-15.3
"diff1",-27.3
"diff1",-11.3
"diff1",-11.3
"diff1",-4.3
"diff1",-18.3
"diff1",-4.3
"diff1",-15.3
"diff1",-14.3
"diff1",-15.3
"diff1",-4.3
"diff1",-12.3
"diff1",-18.3
"diff1",-23.3
"diff1",-26.3
"diff1",-18.3
"diff1",-28.3
"diff1",-24.3
"diff1",-29.3
"diff1",-8.3
"diff1",-11.3
"diff1",-4.3
"diff1",-18.3
"diff1",-18.3
"diff1",-6.3
"diff1",-12.3
"diff1",-29.3
"diff1",-13.3
"diff1",-21.3
"diff1",-23.3
"diff1",-9.3
"diff1",-29.3
"diff1",-2.3
"diff1",-17.3
"diff1",-27.3
"diff1",-7.3
"diff1",-19.3
"diff1",-25.3
"diff1",-10.3
"diff1",-18.3
"diff1",-20.3
"diff1",-12.3
"diff1",-22.3
"diff1",-18.3
"diff1",-19.3
"diff1",-14.3
"diff1",-20.3
"diff1",-20.3
"diff1",-12.3
"diff1",-19.3
"diff1",-15.3
"diff1",-23.3
"diff1",-15.3
"diff1",-17.3
"diff1",-29.3
"diff1",-23.3
"diff1",-14.3
"diff1",-24.3
"diff1",-18.3
"diff1",-24.3
"diff1",-18.3
"diff1",-18.3
"diff1",-11.3
"diff1",-15.3
"diff1",-19.3
"diff1",-20.3
"diff1",-28.3
"diff1",-19.3
"diff1",-23.3
"diff1",-23.3
"diff1",-15.3
"diff1",-13.3
"diff1",-21.3
"diff1",-25.3
"diff1",-24.3
"diff1",-28.3
"diff1",-26.3
"diff1",-11.3
"diff1",-14.3
"diff1",-18.3
"diff1",-21.3
"diff1",-31.3
"diff1",-24.3
"diff1",-16.3
"diff1",-23.3
"diff1",-25.3
"diff1",-20.3
"diff1",-22.3
"diff1",-24.3
"diff1",-17.3
"diff1",-26.3
"diff1",-16.3
"diff1",-11.3
"diff1",-13.3
"diff1",-19.3
"diff1",-31.3
"diff1",-30.3
"diff1",-30.3
"diff1",-14.3
"diff1",-19.3
"diff1",-15.3
"diff1",-8.3
"diff1",-22.3
"diff1",-10.3
"diff1",-9.3
"diff1",-15.3
"diff1",-15.3
"diff1",-16.3
"diff1",-7.3
"diff1",-13.3
"diff1",-19.3
"diff1",-14.3
"diff1",-16.3
"diff1",-24.3
"diff1",-14.3
"diff1",-21.3
"diff1",-23.3
"diff1",-19.3
"diff1",-20.3
"diff1",-26.3
"diff1",-12.3
"diff1",-17.3
"diff1",-12.3
"diff1",-7.3
"diff1",-19.3
"diff1",-11.3
"diff1",-20.3
"diff1",-11.3
"diff1",-22.3
"diff1",-19.3
"diff1",-14.3
"diff1",-11.3
"diff1",-27.3
"diff1",-6.3
"diff1",-19.3
"diff1",-18.3
"diff1",-24.3
"diff1",-20.3
"diff1",-13.3
"diff1",-18.3
"diff1",-28.3
"diff1",-16.3
"diff1",-17.3
"diff1",-20.3
"diff1",-22.3
"diff1",-20.3
"diff1",-26.3
"diff1",-18.3
"diff1",-23.3
"diff1",-22.3
"diff1",-20.3
"diff1",-18.3
"diff1",-7.3
"diff1",-18.3
"diff1",-28.3
"diff1",-15.3
"diff1",-14.3
"diff1",-27.3
"diff1",-17.3
"diff1",-27.3
"diff1",-15.3
"diff1",-16.3
"diff1",-17.3
"diff1",-19.3
"diff1",-21.3
"diff1",-22.3
"diff1",-21.3
"diff1",-13.3
"diff1",-12.3
"diff1",-17.3
"diff1",-22.3
"diff1",-30.3
"diff1",-16.3
"diff1",-29.3
"diff1",-19.3
"diff1",-10.3
"diff1",-9.3
"diff1",-23.3
"diff1",-14.3
"diff1",-20.3
"diff1",-27.3
"diff1",-21.3
"diff1",-14.3
"diff1",-15.3
"diff1",-18.3
"diff1",-20.3
"diff1",-13.3
"diff1",-19.3
"diff1",-17.3
"diff1",-14.3
"diff1",-25.3
"diff1",-16.3
"diff1",-7.3
"diff1",-15.3
"diff1",-18.3
"diff1",-8.3
"diff1",-12.3
"diff1",-13.3
"diff1",-13.3
"diff1",-29.3
"diff1",-23.3
"diff1",-25.3
"diff1",-10.3
"diff1",-13.3
"diff1",-8.3
"diff1",-14.3
"diff1",-14.3
"diff1",-26.3
"diff1",-5.3
"diff1",-14.3
"diff1",-20.3
"diff1",-26.3
"diff1",-28.3
"diff1",-11.3
"diff1",-28.3
"diff1",-22.3
"diff1",-13.3
"diff1",-24.3
"diff1",-22.3
"diff1",-22.3
"diff1",-24.3
"diff1",-16.3
"diff1",-12.3
"diff1",-26.3
"diff1",-12.3
"diff1",-16.3
"diff1",-16.3
"diff1",-27.3
"diff1",-22.3
"diff1",-21.3
"diff1",-13.3
"diff1",-19.3
"diff1",-16.3
"diff1",-25.3
"diff1",-21.3
"diff1",-13.3
"diff1",-7.3
"diff1",-15.3
"diff1",-17.3
"diff1",-25.3
"diff1",-15.3
"diff1",-20.3
"diff1",-25.3
"diff1",-23.3
"diff1",-14.3
"diff1",-18.3
"diff1",-12.3
"diff1",-20.3
"diff1",-17.3
"diff1",-18.3
"diff1",-26.3
"diff1",-18.3
"diff1",-10.3
"diff1",-14.3
"diff1",-16.3
"diff1",-13.3
"diff1",-15.3
"diff1",-21.3
"diff1",-19.3
"diff1",-11.3
"diff1",-10.3
"diff1",-15.3
"diff1",-19.3
"diff1",-24.3
"diff1",-19.3
"diff1",-11.3
"diff1",-13.3
"diff1",-22.3
"diff1",-16.3
"diff1",-13.3
"diff1",-17.3
"diff1",-12.3
"diff1",-24.3
"diff1",-18.3
"diff1",-20.3
"diff1",-21.3
"diff1",-19.3
"diff1",-18.3
"diff1",-22.3
"diff1",-25.3
"diff1",-19.3
"diff1",-12.3
"diff1",-11.3
"diff1",-21.3
"diff1",-18.3
"diff1",-20.3
"diff1",-13.3
"diff1",-12.3
"diff1",-18.3
"diff1",-23.3
"diff1",-25.3
"diff1",-18.3
"diff1",-26.3
"diff1",-25.3
"diff1",-16.3
"diff1",-10.3
"diff1",-22.3
"diff1",-23.3
"diff1",-24.3
"diff1",-17.3
"diff1",-18.3
"diff1",-23.3
"diff1",-16.3
"diff1",-16.3
"diff1",-27.3
"diff1",-24.3
"diff1",-19.3
"diff1",-14.3
"diff1",-28.3
"diff1",-20.3
"diff1",-12.3
"diff1",-25.3
"diff1",-20.3
"diff1",-20.3
"diff1",-27.3
"diff1",-14.3
"diff1",-16.3
"diff1",-16.3
"diff1",-25.3
"diff1",-23.3
"diff1",-18.3
"diff1",-21.3
"diff1",-16.3
"diff1",-26.3
"diff1",-21.3
"diff1",-20.3
"diff1",-25.3
"diff1",-22.3
"diff1",-16.3
"diff1",-19.3
"diff1",-16.3
"diff1",-9.3
"diff1",-12.3
"diff1",-22.3
"diff1",-18.3
"diff1",-15.3
"diff1",-16.3
"diff1",-25.3
"diff1",-11.3
"diff1",-13.3
"diff1",-21.3
"diff1",-9.3
"diff1",-9.3
"diff1",-10.3
"diff1",-23.3
"diff1",-14.3
"diff1",-20.3
"diff1",-20.3
"diff1",-27.3
"diff1",-17.3
"diff1",-21.3
"diff1",-22.3
"diff1",-9.3
"diff1",-15.3
"diff1",-17.3
"diff1",-12.3
"diff1",-20.3
"diff1",-11.3
"diff1",-15.3
"diff1",-22.3
"diff1",-16.3
"diff1",-25.3
"diff1",-18.3
"diff1",-19.3
"diff1",-8.3
"diff1",-19.3
"diff1",-18.3
"diff1",-20.3
"diff1",-26.3
"diff1",-13.3
"diff1",-10.3
"diff1",-30.3
"diff1",-8.3
"diff1",-19.3
"diff1",-18.3
"diff1",-22.3
"diff1",-15.3
"diff1",-8.3
"diff1",-29.3
"diff1",-25.3
"diff1",-24.3
"diff1",-26.3
"diff1",-26.3
"diff1",-18.3
"diff1",-21.3
"diff1",-19.3
"diff1",-21.3
"diff1",-24.3
"diff1",-26.3
"diff1",-20.3
"diff1",-18.3
"diff1",-22.3
"diff1",-16.3
"diff1",-24.3
"diff1",-27.3
"diff1",-25.3
"diff1",-27.3
"diff1",-17.3
"diff1",-17.3
"diff1",-20.3
"diff1",-19.3
"diff1",-24.3
"diff1",-23.3
"diff1",-28.3
"diff1",-24.3
"diff1",-19.3
"diff1",-26.3
"diff1",-25.3
"diff1",-23.3
"diff1",-20.3
"diff1",-15.3
"diff1",-22.3
"diff1",-17.3
"diff1",-16.3
"diff1",-14.3
"diff1",-20.3
"diff1",-10.3
"diff1",-24.3
"diff1",-15.3
"diff1",-13.3
"diff1",-10.3
"diff1",-20.3
"diff1",-22.3
"diff1",-18.3
"diff1",-11.3
"diff1",-26.3
"diff1",-21.3
"diff1",-9.3
"diff1",-13.3
"diff1",-16.3
"diff1",-18.3
"diff1",-20.3
"diff1",-24.3
"diff1",-25.3
"diff1",-11.3
"diff1",-20.3
"diff1",-23.3
"diff1",-27.3
"diff1",-14.3
"diff1",-22.3
"diff1",-19.3
"diff1",-20.3
"diff1",-25.3
"diff1",-17.3
"diff1",-15.3
"diff1",-21.3
"diff1",-12.3
"diff1",-23.3
"diff1",-22.3
"diff1",-13.3
"diff1",-21.3
"diff1",-22.3
"diff1",-15.3
"diff1",-16.3
"diff1",-26.3
"diff1",-15.3
"diff1",-7.3
"diff1",-26.3
"diff1",-11.3
"diff1",-18.3
"diff1",-11.3
"diff1",-12.3
"diff1",-18.3
"diff1",-17.3
"diff1",-11.3
"diff1",-15.3
"diff1",-13.3
"diff1",-14.3
"diff1",-18.3
"diff1",-13.3
"diff1",-18.3
"diff1",-24.3
"diff1",-18.3
"diff1",-19.3
"diff1",-12.3
"diff1",-13.3
"diff1",-27.3
"diff1",-26.3
"diff1",-18.3
"diff1",-25.3
"diff1",-18.3
"diff1",-23.3
"diff1",-15.3
"diff1",-16.3
"diff1",-26.3
"diff1",-19.3
"diff1",-18.3
"diff1",-15.3
"diff1",-18.3
"diff1",-20.3
"diff1",-24.3
"diff1",-19.3
"diff1",-12.3
"diff1",-23.3
"diff1",-18.3
"diff1",-20.3
"diff1",-21.3
"diff1",-25.3
"diff1",-22.3
"diff1",-16.3
"diff1",-23.3
"diff1",-15.3
"diff1",-11.3
"diff1",-15.3
"diff1",-24.3
"diff1",-19.3
"diff1",-15.3
"diff1",-27.3
"diff1",-10.3
"diff1",-21.3
"diff1",-16.3
"diff1",-18.3
"diff1",-17.3
"diff1",-16.3
"diff1",-19.3
"diff1",-24.3
"diff1",-22.3
"diff1",-26.3
"diff1",-23.3
"diff1",-20.3
"diff1",-19.3
"diff1",-11.3
"diff1",-22.3
"diff1",-14.3
"diff1",-17.3
"diff1",-20.3
"diff1",-13.3
"diff1",-20.3
"diff1",-18.3
"diff1",-18.3
"diff1",-15.3
"diff1",-20.3
"diff1",-29.3
"diff1",-13.3
"diff1",-21.3
"diff1",-17.3
"diff1",-28.3
"diff1",-18.3
"diff1",-20.3
"diff1",-24.3
"diff1",-25.3
"diff1",-14.3
"diff1",-20.3
"diff1",-15.3
"diff1",-19.3
"diff1",-13.3
"diff1",-18.3
"diff1",-17.3
"diff1",-24.3
"diff1",-20.3
"diff1",-19.3
"diff1",-12.3
"diff1",-14.3
"diff1",-24.3
"diff1",-27.3
"diff1",-15.3
"diff1",-13.3
"diff1",-23.3
"diff1",-13.3
"diff1",-22.3
"diff1",-21.3
"diff1",-18.3
"diff1",-17.3
"diff1",-28.3
"diff1",-14.3
"diff1",-23.3
"diff1",-20.3
"diff1",-10.3
"diff1",-16.3
"diff1",-14.3
"diff1",-18.3
"diff1",-25.3
"diff1",-16.3
"diff1",-25.3
"diff1",-17.3
"diff1",-10.3
"diff1",-17.3
"diff1",-20.3
"diff1",-12.3
"diff1",-21.3
"diff1",-18.3
"diff1",-22.3
"diff1",-18.3
"diff1",-14.3
"diff1",-17.3
"diff1",-19.3
"diff1",-14.3
"diff1",-15.3
"diff1",-27.3
"diff1",-20.3
"diff1",-17.3
"diff1",-20.3
"diff1",-16.3
"diff1",-14.3
"diff1",-19.3
"diff1",-20.3
"diff1",-20.3
"diff1",-22.3
"diff1",-10.3
"diff1",-18.3
"diff1",-20.3
"diff1",-25.3
"diff1",-8.3
"diff1",-19.3
"diff1",-14.3
"diff1",-15.3
"diff1",-18.3
"diff1",-24.3
"diff1",-20.3
"diff1",-15.3
"diff1",-18.3
"diff1",-22.3
"diff1",-25.3
"diff1",-22.3
"diff1",-26.3
"diff1",-17.3
"diff1",-15.3
"diff1",-21.3
"diff1",-11.3
"diff1",-13.3
"diff1",-14.3
"diff1",-18.3
"diff1",-22.3
"diff1",-15.3
"diff1",-23.3
"diff1",-17.3
"diff1",-28.3
"diff1",-21.3
"diff1",-19.3
"diff1",-19.3
"diff1",-27.3
"diff1",-21.3
"diff1",-28.3
"diff1",-26.3
"diff1",-20.3
"diff1",-16.3
"diff1",-18.3
"diff1",-15.3
"diff1",-20.3
"diff1",-17.3
"diff1",-23.3
"diff1",-18.3
"diff1",-17.3
"diff1",-25.3
"diff1",-26.3
"diff1",-14.3
"diff1",-12.3
"diff1",-24.3
"diff1",-16.3
"diff1",-26.3
"diff1",-16.3
"diff1",-16.3
"diff1",-13.3
"diff1",-17.3
"diff1",-16.3
"diff1",-17.3
"diff1",-18.3
"diff1",-13.3
"diff1",-16.3
"diff1",-19.3
"diff1",-26.3
"diff1",-15.3
"diff1",-23.3
"diff1",-17.3
"diff1",-16.3
"diff1",-23.3
"diff1",-18.3
"diff1",-12.3
"diff1",-17.3
"diff1",-17.3
"diff1",-15.3
"diff1",-20.3
"diff1",-13.3
"diff1",-28.3
"diff1",-25.3
"diff1",-14.3
"diff1",-20.3
"diff1",-17.3
"diff1",-14.3
"diff1",-14.3
"diff1",-12.3
"diff1",-23.3
"diff1",-20.3
"diff1",-27.3
"diff1",-20.3
"diff1",-20.3
"diff1",-25.3
"diff1",-20.3
"diff1",-21.3
"diff1",-17.3
"diff1",-22.3
"diff1",-20.3
"diff1",-15.3
"diff1",-12.3
"diff1",-21.3
"diff1",-22.3
"diff1",-16.3
"diff1",-15.3
"diff1",-20.3
"diff1",-17.3
"diff1",-27.3
"diff1",-25.3
"diff1",-13.3
"diff1",-25.3
"diff1",-21.3
"diff1",-22.3
"diff1",-12.3
"diff1",-20.3
"diff1",-14.3
"diff1",-14.3
"diff1",-14.3
"diff1",-12.3
"diff1",-23.3
"diff1",-20.3
"diff1",-20.3
"diff1",-16.3
"diff1",-16.3
"diff1",-12.3
"diff1",-18.3
"diff1",-17.3
"diff1",-16.3
"diff1",-16.3
"diff1",-26.3
"diff1",-24.3
"diff1",-17.3
"diff1",-14.3
"diff1",-20.3
"diff1",-20.3
"diff1",-14.3
"diff1",-18.3
"diff1",-20.3
"diff1",-14.3
"diff1",-18.3
"diff1",-15.3
"diff1",-15.3
"diff1",-20.3
"diff1",-21.3
"diff1",-19.3
"diff1",-21.3
"diff1",-23.3
"diff1",-20.3
"diff1",-9.3
"diff1",-12.3
"diff1",-17.3
"diff1",-20.3
"diff1",-16.3
"diff1",-23.3
"diff1",-26.3
"diff1",-11.3
"diff1",-22.3
"diff1",-24.3
"diff1",-22.3
"diff1",-16.3
"diff1",-25.3
"diff1",-17.3
"diff1",-23.3
"diff1",-17.3
"diff1",-27.3
"diff1",-20.3
"diff1",-26.3
"diff1",-13.3
"diff1",-20.3
"diff1",-16.3
"diff1",-22.3
"diff1",-13.3
"diff1",-18.3
"diff1",-25.3
"diff1",-19.3
"diff1",-21.3
"diff1",-18.3
"diff1",-21.3
"diff1",-18.3
"diff1",-17.3
"diff1",-12.3
"diff1",-21.3
"diff1",-20.3
"diff1",-24.3
"diff1",-20.3
"diff1",-19.3
"diff1",-16.3
"diff1",-27.3
"diff1",-17.3
"diff1",-24.3
"diff1",-13.3
"diff1",-17.3
"diff1",-17.3
"diff1",-19.3
"diff1",-17.3
"diff1",-16.3
"diff1",-23.3
"diff1",-16.3
"diff1",-26.3
"diff1",-11.3
"diff1",-22.3
"diff1",-17.3
"diff1",-26.3
"diff1",-19.3
"diff1",-13.3
"diff1",-16.3
"diff1",-14.3
"diff1",-14.3
"diff1",-19.3
"diff1",-24.3
"diff1",-17.3
"diff1",-15.3
"diff1",-18.3
"diff1",-22.3
"diff1",-21.3
"diff1",-16.3
"diff1",-18.3
"diff1",-25.3
"diff1",-24.3
"diff1",-23.3
"diff1",-17.3
"diff1",-23.3
"diff1",-21.3
"diff1",-25.3
"diff1",-18.3
"diff1",-12.3
"diff1",-22.3
"diff1",-18.3
"diff1",-16.3
"diff1",-14.3
"diff1",-17.3
"diff1",-18.3
"diff1",-17.3
"diff1",-22.3
"diff1",-11.3
"diff1",-15.3
"diff1",-23.3
"diff1",-24.3
"diff1",-18.3
"diff1",-17.3
"diff1",-13.3
"diff1",-19.3
"diff1",-25.3
"diff1",-11.3
"diff1",-17.3
"diff1",-20.3
"diff1",-15.3
"diff1",-17.3
"diff1",-18.3
"diff1",-17.3
"diff1",-17.3
"diff1",-18.3
"diff1",-14.3
"diff1",-17.3
"diff1",-19.3
"diff1",-14.3
"diff1",-25.3
"diff1",-18.3
"diff1",-21.3
"diff1",-15.3
"diff1",-18.3
"diff1",-18.3
"diff1",-16.3
"diff1",-13.3
"diff1",-19.3
"diff1",-21.3
"diff1",-21.3
"diff1",-15.3
"diff1",-22.3
"diff1",-14.3
"diff1",-19.3
"diff1",-23.3
"diff1",-20.3
"diff1",-19.3
"diff1",-21.3
"diff1",-20.3
"diff1",-12.3
"diff1",-19.3
"diff1",-16.3
"diff1",-19.3
"diff1",-19.3
"diff1",-21.3
"diff1",-25.3
"diff1",-21.3
"diff1",-19.3
"diff1",-14.3
"diff1",-22.3
"diff1",-20.3
"diff1",-16.3
"diff1",-18.3
"diff1",-19.3
"diff1",-19.3
"diff1",-17.3
"diff1",-13.3
"diff1",-20.3
"diff1",-19.3
"diff1",-15.3
"diff1",-17.3
"diff1",-18.3
"diff1",-13.3
"diff1",-22.3
"diff1",-14.3
"diff1",-17.3
"diff1",-10.3
"diff1",-10.3
"diff1",-16.3
"diff1",-13.3
"diff1",-19.3
"diff1",-21.3
"diff1",-18.3
"diff1",-21.3
"diff1",-23.3
"diff1",-12.3
"diff1",-24.3
"diff1",-19.3
"diff1",-23.3
"diff1",-23.3
"diff1",-11.3
"diff1",-25.3
"diff1",-13.3
"diff1",-18.3
"diff1",-16.3
"diff1",-17.3
"diff1",-19.3
"diff1",-19.3
"diff1",-20.3
"diff1",-16.3
"diff1",-17.3
"diff1",-15.3
"diff1",-24.3
"diff1",-15.3
"diff1",-23.3
"diff1",-15.3
"diff1",-19.3
"diff1",-13.3
"diff1",-20.3
"diff1",-19.3
"diff1",-21.3
"diff1",-17.3
"diff1",-21.3
"diff1",-15.3
"diff1",-15.3
"diff1",-21.3
"diff1",-21.3
"diff1",-19.3
"diff1",-13.3
"diff1",-13.3
"diff1",-15.3
"diff1",-19.3
"diff1",-22.3
"diff1",-16.3
"diff1",-13.3
"diff1",-18.3
"diff1",-17.3
"diff1",-20.3
"diff1",-12.3
"diff1",-21.3
"diff1",-14.3
"diff1",-11.3
"diff1",-18.3
"diff1",-25.3
"diff1",-20.3
"diff1",-22.3
"diff1",-22.3
"diff1",-14.3
"diff1",-22.3
"diff1",-18.3
"diff1",-11.3
"diff1",-20.3
"diff1",-17.3
"diff1",-13.3
"diff1",-15.3
"diff1",-13.3
"diff1",-21.3
"diff1",-14.3
"diff1",-13.3
"diff1",-16.3
"diff1",-17.3
"diff1",-15.3
"diff1",-18.3
"diff1",-19.3
"diff1",-22.3
"diff1",-15.3
"diff1",-19.3
"diff1",-18.3
"diff1",-17.3
"diff1",-13.3
"diff1",-18.3
"diff1",-12.3
"diff1",-18.3
"diff1",-15.3
"diff1",-19.3
"diff1",-21.3
"diff1",-17.3
"diff1",-22.3
"diff1",-17.3
"diff1",-23.3
"diff1",-16.3
"diff1",-18.3
"diff1",-19.3
"diff1",-19.3
"diff1",-18.3
"diff1",-22.3
"diff1",-17.3
"diff1",-17.3
"diff1",-12.3
"diff1",-12.3
"diff1",-14.3
"diff1",-19.3
"diff1",-19.3
"diff1",-14.3
"diff1",-14.3
"diff1",-22.3
"diff1",-16.3
"diff1",-20.3
"diff1",-25.3
"diff1",-18.3
"diff1",-18.3
"diff1",-19.3
"diff1",-13.3
"diff1",-23.3
"diff1",-19.3
"diff1",-15.3
"diff1",-18.3
"diff1",-15.3
"diff1",-19.3
"diff1",-11.3
"diff1",-18.3
"diff1",-18.3
"diff1",-21.3
"diff1",-15.3
"diff1",-13.3
"diff1",-20.3
"diff1",-14.3
"diff1",-16.3
"diff1",-17.3
"diff1",-22.3
"diff1",-19.3
"diff1",-22.3
"diff1",-21.3
"diff1",-16.3
"diff1",-20.3
"diff1",-20.3
"diff1",-16.3
"diff1",-10.3
"diff1",-17.3
"diff1",-21.3
"diff1",-13.3
"diff1",-20.3
"diff1",-16.3
"diff1",-22.3
"diff1",-17.3
"diff1",-23.3
"diff1",-20.3
"diff1",-16.3
"diff1",-18.3
"diff1",-11.3
"diff1",-20.3
"diff1",-18.3
"diff1",-17.3
"diff1",-16.3
"diff1",-11.3
"diff1",-17.3
"diff1",-15.3
"diff1",-22.3
"diff1",-20.3
"diff1",-24.3
"diff1",-22.3
"diff1",-20.3
"diff1",-14.3
"diff1",-21.3
"diff1",-22.3
"diff1",-22.3
"diff1",-17.3
"diff1",-18.3
"diff1",-17.3
"diff1",-22.3
"diff1",-20.3
"diff1",-16.3
"diff1",-16.3
"diff1",-22.3
"diff1",-15.3
"diff1",-20.3
"diff1",-20.3
"diff1",-18.3
"diff1",-13.3
"diff1",-11.3
"diff1",-19.3
"diff1",-19.3
"diff1",-16.3
"diff1",-20.3
"diff1",-20.3
"diff1",-16.3
"diff1",-17.3
"diff1",-17.3
"diff1",-17.3
"diff1",-19.3
"diff1",-18.3
"diff1",-20.3
"diff1",-13.3
"diff1",-20.3
"diff1",-13.3
"diff1",-16.3
"diff1",-21.3
"diff1",-24.3
"diff1",-22.3
"diff1",-13.3
"diff1",-16.3
"diff1",-17.3
"diff1",-19.3
"diff1",-23.3
"diff1",-17.3
"diff1",-22.3
"diff1",-19.3
"diff1",-14.3
"diff1",-19.3
"diff1",-18.3
"diff1",-18.3
"diff1",-20.3
"diff1",-22.3
"diff1",-17.3
"diff1",-22.3
"diff1",-17.3
"diff1",-22.3
"diff1",-20.3
"diff1",-18.3
"diff1",-25.3
"diff1",-18.3
"diff1",-19.3
"diff1",-17.3
"diff1",-20.3
"diff1",-14.3
"diff1",-21.3
"diff1",-14.3
"diff1",-17.3
"diff1",-23.3
"diff1",-18.3
"diff1",-16.3
"diff1",-17.3
"diff1",-12.3
"diff1",-21.3
"diff1",-17.3
"diff1",-17.3
"diff1",-15.3
"diff1",-15.3
"diff1",-20.3
"diff1",-22.3
"diff1",-18.3
"diff1",-17.3
"diff1",-19.3
"diff1",-10.3
"diff1",-19.3
"diff1",-17.3
"diff1",-20.3
"diff1",-20.3
"diff1",-15.3
"diff1",-23.3
"diff1",-22.3
"diff1",-17.3
"diff1",-24.3
"diff1",-15.3
"diff1",-13.3
"diff1",-14.3
"diff1",-19.3
"diff1",-16.3
"diff1",-17.3
"diff1",-16.3
"diff1",-17.3
"diff1",-14.3
"diff1",-18.3
"diff1",-13.3
"diff1",-15.3
"diff1",-20.3
"diff1",-11.3
"diff1",-15.3
"diff1",-15.3
"diff1",-18.3
"diff1",-11.3
"diff1",-16.3
"diff1",-15.3
"diff1",-18.3
"diff1",-12.3
"diff1",-18.3
"diff1",-18.3
"diff1",-23.3
"diff1",-15.3
"diff1",-18.3
"diff1",-15.3
"diff1",-25.3
"diff1",-13.3
"diff1",-18.3
"diff1",-19.3
"diff1",-15.3
"diff1",-23.3
"diff1",-15.3
"diff1",-19.3
"diff1",-24.3
"diff1",-23.3
"diff1",-23.3
"diff1",-25.3
"diff1",-15.3
"diff1",-22.3
"diff1",-23.3
"diff1",-21.3
"diff1",-20.3
"diff1",-16.3
"diff1",-13.3
"diff1",-22.3
"diff1",-16.3
"diff1",-15.3
"diff1",-18.3
"diff1",-19.3
"diff1",-16.3
"diff1",-15.3
"diff1",-18.3
"diff1",-20.3
"diff1",-19.3
"diff1",-16.3
"diff1",-19.3
"diff1",-17.3
"diff1",-16.3
"diff1",-12.3
"diff1",-17.3
"diff1",-11.3
"diff1",-16.3
"diff1",-20.3
"diff1",-20.3
"diff1",-22.3
"diff1",-24.3
"diff1",-19.3
"diff1",-18.3
"diff1",-16.3
"diff1",-20.3
"diff1",-20.3
"diff1",-17.3
"diff1",-13.3
"diff1",-17.3
"diff1",-20.3
"diff1",-21.3
"diff1",-23.3
"diff1",-18.3
"diff1",-10.3
"diff1",-15.3
"diff1",-14.3
"diff1",-15.3
"diff1",-20.3
"diff1",-19.3
"diff1",-15.3
"diff1",-12.3
"diff1",-21.3
"diff1",-20.3
"diff1",-14.3
"diff1",-18.3
"diff1",-18.3
"diff1",-18.3
"diff1",-21.3
"diff1",-17.3
"diff1",-20.3
"diff1",-16.3
"diff1",-21.3
"diff1",-19.3
"diff1",-17.3
"diff1",-15.3
"diff1",-24.3
"diff1",-20.3
"diff1",-17.3
"diff1",-22.3
"diff1",-19.3
"diff1",-12.3
"diff1",-18.3
"diff1",-17.3
"diff1",-17.3
"diff1",-14.3
"diff1",-17.3
"diff1",-19.3
"diff1",-15.3
"diff1",-18.3
"diff1",-16.3
"diff1",-18.3
"diff1",-22.3
"diff1",-15.3
"diff1",-20.3
"diff1",-24.3
"diff1",-16.3
"diff1",-20.3
"diff1",-18.3
"diff1",-19.3
"diff1",-14.3
"diff1",-15.3
"diff1",-18.3
"diff1",-21.3
"diff1",-22.3
"diff1",-19.3
"diff1",-17.3
"diff1",-18.3
"diff1",-22.3
"diff1",-19.3
"diff1",-14.3
"diff1",-17.3
"diff1",-19.3
"diff1",-23.3
"diff1",-15.3
"diff1",-17.3
"diff1",-15.3
"diff1",-19.3
"diff1",-23.3
"diff1",-19.3
"diff1",-22.3
"diff1",-19.3
"diff1",-18.3
"diff1",-19.3
"diff1",-24.3
"diff1",-15.3
"diff1",-17.3
"diff1",-19.3
"diff1",-12.3
"diff1",-23.3
"diff1",-21.3
"diff1",-25.3
"diff1",-19.3
"diff1",-17.3
"diff1",-21.3
"diff1",-13.3
"diff1",-22.3
"diff1",-16.3
"diff1",-16.3
"diff1",-17.3
"diff1",-14.3
"diff1",-21.3
"diff1",-15.3
"diff1",-15.3
"diff1",-19.3
"diff1",-15.3
"diff1",-20.3
"diff1",-17.3
"diff1",-13.3
"diff1",-19.3
"diff1",-24.3
"diff1",-16.3
"diff1",-17.3
"diff1",-20.3
"diff1",-14.3
"diff1",-12.3
"diff1",-16.3
"diff1",-22.3
"diff1",-21.3
"diff1",-20.3
"diff1",-16.3
"diff1",-22.3
"diff1",-15.3
"diff1",-13.3
"diff1",-21.3
"diff1",-22.3
"diff1",-18.3
"diff1",-13.3
"diff1",-19.3
"diff1",-16.3
"diff1",-19.3
"diff1",-18.3
"diff1",-19.3
"diff1",-16.3
"diff1",-23.3
"diff1",-14.3
"diff1",-18.3
"diff1",-20.3
"diff1",-15.3
"diff1",-16.3
"diff1",-17.3
"diff1",-24.3
"diff1",-20.3
"diff1",-15.3
"diff1",-19.3
"diff1",-20.3
"diff1",-22.3
"diff1",-17.3
"diff1",-20.3
"diff1",-18.3
"diff1",-21.3
"diff1",-18.3
"diff1",-20.3
"diff1",-20.3
"diff1",-16.3
"diff1",-20.3
"diff1",-22.3
"diff1",-19.3
"diff1",-19.3
"diff1",-18.3
"diff1",-13.3
"diff1",-21.3
"diff1",-16.3
"diff1",-18.3
"diff1",-18.3
"diff1",-15.3
"diff1",-17.3
"diff1",-19.3
"diff1",-18.3
"diff1",-18.3
"diff1",-18.3
"diff1",-19.3
"diff1",-16.3
"diff1",-16.3
"diff1",-20.3
"diff1",-17.3
"diff1",-22.3
"diff1",-18.3
"diff1",-15.3
"diff1",-22.3
"diff1",-21.3
"diff1",-23.3
"diff1",-20.3
"diff1",-16.3
"diff1",-22.3
"diff1",-20.3
"diff1",-18.3
"diff1",-24.3
"diff1",-17.3
"diff1",-15.3
"diff1",-16.3
"diff1",-11.3
"diff1",-14.3
"diff1",-17.3
"diff1",-23.3
"diff1",-20.3
"diff1",-23.3
"diff1",-25.3
"diff1",-16.3
"diff1",-22.3
"diff1",-21.3
"diff1",-17.3
"diff1",-22.3
"diff1",-21.3
"diff1",-20.3
"diff1",-19.3
"diff1",-15.3
"diff1",-16.3
"diff1",-19.3
"diff1",-17.3
"diff1",-18.3
"diff1",-18.3
"diff1",-20.3
"diff1",-16.3
"diff1",-15.3
"diff1",-19.3
"diff1",-24.3
"diff1",-16.3
"diff1",-23.3
"diff1",-18.3
"diff1",-20.3
"diff1",-22.3
"diff1",-18.3
"diff1",-21.3
"diff1",-19.3
"diff1",-16.3
"diff1",-18.3
"diff1",-19.3
"diff1",-21.3
"diff1",-18.3
"diff1",-19.3
"diff1",-19.3
"diff1",-14.3
"diff1",-17.3
"diff1",-19.3
"diff1",-21.3
"diff1",-22.3
"diff1",-14.3
"diff1",-21.3
"diff1",-15.3
"diff1",-22.3
"diff1",-21.3
"diff1",-15.3
"diff1",-20.3
"diff1",-18.3
"diff1",-16.3
"diff1",-12.3
"diff1",-17.3
"diff1",-19.3
"diff1",-20.3
"diff1",-21.3
"diff1",-22.3
"diff1",-19.3
"diff1",-17.3
"diff1",-14.3
"diff1",-22.3
"diff1",-17.3
"diff1",-17.3
"diff1",-15.3
"diff1",-18.3
"diff1",-15.3
"diff1",-12.3
"diff1",-18.3
"diff1",-18.3
"diff1",-19.3
"diff1",-18.3
"diff1",-19.3
"diff1",-14.3
"diff1",-15.3
"diff1",-16.3
"diff1",-16.3
"diff1",-20.3
"diff1",-19.3
"diff1",-17.3
"diff1",-18.3
"diff1",-18.3
"diff1",-21.3
"diff1",-17.3
"diff1",-11.3
"diff1",-17.3
"diff1",-22.3
"diff1",-21.3
"diff1",-13.3
"diff1",-20.3
"diff1",-19.3
"diff1",-18.3
"diff1",-17.3
"diff1",-18.3
"diff1",-18.3
"diff1",-15.3
"diff1",-15.3
"diff1",-22.3
"diff1",-19.3
"diff1",-16.3
"diff1",-18.3
"diff1",-11.3
"diff1",-17.3
"diff1",-19.3
"diff1",-18.3
"diff1",-20.3
"diff1",-22.3
"diff1",-16.3
"diff1",-13.3
"diff1",-17.3
"diff1",-21.3
"diff1",-20.3
"diff1",-15.3
"diff1",-17.3
"diff1",-20.3
"diff1",-21.3
"diff1",-16.3
"diff1",-19.3
"diff1",-21.3
"diff1",-15.3
"diff1",-21.3
"diff1",-17.3
"diff1",-17.3
"diff1",-16.3
"diff1",-17.3
"diff1",-17.3
"diff1",-20.3
"diff1",-17.3
"diff1",-19.3
"diff1",-18.3
"diff1",-16.3
"diff1",-19.3
"diff1",-20.3
"diff1",-17.3
"diff1",-18.3
"diff1",-19.3
"diff1",-21.3
"diff1",-21.3
"diff1",-24.3
"diff1",-16.3
"diff1",-14.3
"diff1",-18.3
"diff1",-22.3
"diff1",-14.3
"diff1",-21.3
"diff1",-18.3
"diff1",-17.3
"diff1",-21.3
"diff1",-20.3
"diff1",-21.3
"diff1",-20.3
"diff1",-18.3
"diff1",-18.3
"diff1",-13.3
"diff1",-14.3
"diff1",-17.3
"diff1",-13.3
"diff1",-20.3
"diff1",-14.3
"diff1",-18.3
"diff1",-14.3
"diff1",-19.3
"diff1",-15.3
"diff1",-22.3
"diff1",-21.3
"diff1",-14.3
"diff1",-17.3
"diff1",-13.3
"diff1",-21.3
"diff1",-18.3
"diff1",-14.3
"diff1",-16.3
"diff1",-19.3
"diff1",-18.3
"diff1",-22.3
"diff1",-19.3
"diff1",-14.3
"diff1",-25.3
"diff1",-16.3
"diff1",-16.3
"diff1",-22.3
"diff1",-21.3
"diff1",-19.3
"diff1",-23.3
"diff1",-24.3
"diff1",-16.3
"diff1",-13.3
"diff1",-20.3
"diff1",-19.3
"diff1",-19.3
"diff1",-20.3
"diff1",-20.3
"diff1",-19.3
"diff1",-16.3
"diff1",-16.3
"diff1",-14.3
"diff1",-20.3
"diff1",-18.3
"diff1",-19.3
"diff1",-19.3
"diff1",-18.3
"diff1",-22.3
"diff1",-18.3
"diff1",-25.3
"diff1",-19.3
"diff1",-16.3
"diff1",-14.3
"diff1",-20.3
"diff1",-18.3
"diff1",-15.3
"diff1",-18.3
"diff1",-20.3
"diff1",-16.3
"diff1",-15.3
"diff1",-20.3
"diff1",-17.3
"diff1",-23.3
"diff1",-17.3
"diff1",-19.3
"diff1",-22.3
"diff1",-15.3
"diff1",-19.3
"diff1",-20.3
"diff1",-24.3
"diff1",-18.3
"diff1",-24.3
"diff1",-17.3
"diff1",-21.3
"diff1",-20.3
"diff1",-23.3
"diff1",-24.3
"diff1",-17.3
"diff1",-19.3
"diff1",-16.3
"diff1",-20.3
"diff1",-14.3
"diff1",-17.3
"diff1",-20.3
"diff1",-15.3
"diff1",-17.3
"diff1",-16.3
"diff1",-22.3
"diff1",-17.3
"diff1",-23.3
"diff1",-17.3
"diff1",-16.3
"diff1",-20.3
"diff1",-13.3
"diff1",-23.3
"diff1",-16.3
"diff1",-16.3
"diff1",-16.3
"diff1",-24.3
"diff1",-22.3
"diff1",-20.3
"diff1",-20.3
"diff1",-12.3
"diff1",-17.3
"diff1",-18.3
"diff1",-16.3
"diff1",-15.3
"diff1",-14.3
"diff1",-21.3
"diff1",-21.3
"diff1",-20.3
"diff1",-20.3
"diff1",-16.3
"diff1",-22.3
"diff1",-18.3
"diff1",-20.3
"diff1",-21.3
"diff1",-20.3
"diff1",-19.3
"diff1",-20.3
"diff1",-18.3
"diff1",-18.3
"diff1",-20.3
"diff1",-18.3
"diff1",-18.3
"diff1",-18.3
"diff1",-21.3
"diff1",-17.3
"diff1",-17.3
"diff1",-16.3
"diff1",-13.3
"diff1",-18.3
"diff1",-20.3
"diff1",-20.3
"diff1",-15.3
"diff1",-15.3
"diff1",-19.3
"diff1",-23.3
"diff1",-19.3
"diff1",-23.3
"diff1",-21.3
"diff1",-17.3
"diff1",-20.3
"diff1",-17.3
"diff1",-20.3
"diff1",-19.3
"diff1",-20.3
"diff1",-19.3
"diff1",-14.3
"diff1",-21.3
"diff1",-15.3
"diff1",-17.3
"diff1",-17.3
"diff1",-19.3
"diff1",-23.3
"diff1",-17.3
"diff1",-17.3
"diff1",-26.3
"diff1",-18.3
"diff1",-20.3
"diff1",-17.3
"diff1",-23.3
"diff1",-19.3
"diff1",-17.3
"diff1",-18.3
"diff1",-20.3
"diff1",-17.3
"diff1",-19.3
"diff1",-18.3
"diff1",-16.3
"diff1",-20.3
"diff1",-14.3
"diff1",-19.3
"diff1",-19.3
"diff1",-20.3
"diff1",-18.3
"diff1",-22.3
"diff1",-19.3
"diff1",-18.3
"diff1",-16.3
"diff1",-19.3
"diff1",-22.3
"diff1",-20.3
"diff1",-19.3
"diff1",-19.3
"diff1",-20.3
"diff1",-21.3
"diff1",-21.3
"diff1",-19.3
"diff1",-16.3
"diff1",-21.3
"diff1",-22.3
"diff1",-16.3
"diff1",-17.3
"diff1",-14.3
"diff1",-14.3
"diff1",-18.3
"diff1",-16.3
"diff1",-15.3
"diff1",-19.3
"diff1",-23.3
"diff1",-18.3
"diff1",-19.3
"diff1",-14.3
"diff1",-20.3
"diff1",-20.3
"diff1",-22.3
"diff1",-15.3
"diff1",-12.3
"diff1",-17.3
"diff1",-18.3
"diff1",-20.3
"diff1",-22.3
"diff1",-22.3
"diff1",-15.3
"diff1",-22.3
"diff1",-17.3
"diff1",-18.3
"diff1",-17.3
"diff1",-20.3
"diff1",-17.3
"diff1",-14.3
"diff1",-15.3
"diff1",-23.3
"diff1",-16.3
"diff1",-16.3
"diff1",-14.3
"diff1",-21.3
"diff1",-14.3
"diff1",-18.3
"diff1",-17.3
"diff1",-18.3
"diff1",-19.3
"diff1",-14.3
"diff1",-15.3
"diff1",-19.3
"diff1",-15.3
"diff1",-21.3
"diff1",-18.3
"diff1",-19.3
"diff1",-17.3
"diff1",-15.3
"diff1",-17.3
"diff1",-17.3
"diff1",-21.3
"diff1",-24.3
"diff1",-19.3
"diff1",-18.3
"diff1",-19.3
"diff1",-21.3
"diff1",-17.3
"diff1",-22.3
"diff1",-19.3
"diff1",-19.3
"diff1",-14.3
"diff1",-17.3
"diff1",-17.3
"diff1",-17.3
"diff1",-18.3
"diff1",-22.3
"diff1",-20.3
"diff1",-13.3
"diff1",-18.3
"diff1",-17.3
"diff1",-14.3
"diff1",-19.3
"diff1",-16.3
"diff1",-19.3
"diff1",-23.3
"diff1",-21.3
"diff1",-19.3
"diff1",-26.3
"diff1",-23.3
"diff1",-19.3
"diff1",-22.3
"diff1",-21.3
"diff1",-21.3
"diff1",-24.3
"diff1",-19.3
"diff1",-26.3
"diff1",-23.3
"diff1",-18.3
"diff1",-20.3
"diff1",-21.3
"diff1",-19.3
"diff1",-21.3
"diff1",-16.3
"diff1",-21.3
"diff1",-18.3
"diff1",-15.3
"diff1",-25.3
"diff1",-17.3
"diff1",-22.3
"diff1",-17.3
"diff1",-17.3
"diff1",-22.3
"diff1",-24.3
"diff1",-17.3
"diff1",-17.3
"diff1",-16.3
"diff1",-17.3
"diff1",-20.3
"diff1",-23.3
"diff1",-14.3
"diff1",-23.3
"diff1",-22.3
"diff1",-25.3
"diff1",-22.3
"diff1",-20.3
"diff1",-18.3
"diff1",-19.3
"diff1",-21.3
"diff1",-22.3
"diff1",-19.3
"diff1",-22.3
"diff1",-21.3
"diff1",-25.3
"diff1",-18.3
"diff1",-21.3
"diff1",-16.3
"diff1",-19.3
"diff1",-22.3
"diff1",-18.3
"diff1",-26.3
"diff1",-20.3
"diff1",-17.3
"diff1",-23.3
"diff1",-23.3
"diff1",-16.3
"diff1",-19.3
"diff1",-18.3
"diff1",-22.3
"diff1",-19.3
"diff1",-21.3
"diff1",-22.3
"diff1",-17.3
"diff1",-19.3
"diff1",-25.3
"diff1",-22.3
"diff1",-22.3
"diff1",-21.3
"diff1",-21.3
"diff1",-15.3
"diff1",-18.3
"diff1",-20.3
"diff1",-17.3
"diff1",-20.3
"diff1",-19.3
"diff1",-16.3
"diff1",-24.3
"diff1",-20.3
"diff1",-18.3
"diff1",-20.3
"diff1",-24.3
"diff1",-21.3
"diff1",-20.3
"diff1",-20.3
"diff1",-18.3
"diff1",-13.3
"diff1",-23.3
"diff1",-24.3
"diff1",-22.3
"diff1",-19.3
"diff1",-15.3
"diff1",-19.3
"diff1",-22.3
"diff1",-20.3
"diff1",-15.3
"diff1",-20.3
"diff1",-22.3
"diff1",-19.3
"diff1",-18.3
"diff1",-16.3
"diff1",-15.3
"diff1",-21.3
"diff1",-23.3
"diff1",-22.3
"diff1",-24.3
"diff1",-25.3
"diff1",-23.3
"diff1",-19.3
"diff1",-18.3
"diff1",-22.3
"diff1",-20.3
"diff1",-15.3
"diff1",-18.3
"diff1",-21.3
"diff1",-23.3
"diff1",-15.3
"diff1",-15.3
"diff1",-20.3
"diff1",-21.3
"diff1",-22.3
"diff1",-20.3
"diff1",-15.3
"diff1",-22.3
"diff1",-20.3
"diff1",-15.3
"diff1",-15.3
"diff1",-17.3
"diff1",-22.3
"diff1",-22.3
"diff1",-25.3
"diff1",-19.3
"diff1",-19.3
"diff1",-20.3
"diff1",-23.3
"diff1",-20.3
"diff1",-14.3
"diff1",-21.3
"diff1",-16.3
"diff1",-18.3
"diff1",-24.3
"diff1",-23.3
"diff1",-24.3
"diff1",-17.3
"diff1",-15.3
"diff1",-24.3
"diff1",-18.3
"diff1",-22.3
"diff1",-26.3
"diff1",-14.3
"diff1",-17.3
"diff1",-25.3
"diff1",-21.3
"diff1",-21.3
"diff1",-16.3
"diff1",-26.3
"diff1",-17.3
"diff1",-16.3
"diff1",-23.3
"diff1",-17.3
"diff1",-19.3
"diff1",-19.3
"diff1",-26.3
"diff1",-27.3
"diff1",-20.3
"diff1",-18.3
"diff1",-13.3
"diff1",-16.3
"diff1",-20.3
"diff1",-23.3
"diff1",-17.3
"diff1",-16.3
"diff1",-16.3
"diff1",-18.3
"diff1",-21.3
"diff1",-17.3
"diff1",-24.3
"diff1",-17.3
"diff1",-21.3
"diff1",-22.3
"diff1",-20.3
"diff1",-19.3
"diff1",-16.3
"diff1",-21.3
"diff1",-14.3
"diff1",-17.3
"diff1",-24.3
"diff1",-17.3
"diff1",-23.3
"diff1",-21.3
"diff1",-20.3
"diff1",-14.3
"diff1",-15.3
"diff1",-15.3
"diff1",-20.3
"diff1",-21.3
"diff1",-18.3
"diff1",-25.3
"diff1",-18.3
"diff1",-24.3
"diff1",-27.3
"diff1",-21.3
"diff1",-26.3
"diff1",-21.3
"diff1",-25.3
"diff1",-21.3
"diff1",-22.3
"diff1",-23.3
"diff1",-19.3
"diff1",-21.3
"diff1",-22.3
"diff1",-22.3
"diff1",-25.3
"diff1",-23.3
"diff1",-16.3
"diff1",-17.3
"diff1",-16.3
"diff1",-23.3
"diff1",-16.3
"diff1",-25.3
"diff1",-26.3
"diff1",-20.3
"diff1",-18.3
"diff1",-18.3
"diff1",-19.3
"diff1",-20.3
"diff1",-16.3
"diff1",-17.3
"diff1",-23.3
"diff1",-21.3
"diff1",-24.3
"diff1",-19.3
"diff1",-18.3
"diff1",-15.3
"diff1",-21.3
"diff1",-22.3
"diff1",-24.3
"diff1",-16.3
"diff1",-19.3
"diff1",-16.3
"diff1",-19.3
"diff1",-27.3
"diff1",-18.3
"diff1",-17.3
"diff1",-21.3
"diff1",-20.3
"diff1",-22.3
"diff1",-20.3
"diff1",-22.3
"diff1",-17.3
"diff1",-22.3
"diff1",-19.3
"diff1",-26.3
"diff1",-25.3
"diff1",-18.3
"diff1",-20.3
"diff1",-18.3
"diff1",-24.3
"diff1",-18.3
"diff1",-21.3
"diff1",-18.3
"diff1",-20.3
"diff1",-22.3
"diff1",-20.3
"diff1",-19.3
"diff1",-19.3
"diff1",-20.3
"diff1",-22.3
"diff1",-21.3
"diff1",-17.3
"diff1",-15.3
"diff1",-23.3
"diff1",-20.3
"diff1",-20.3
"diff1",-17.3
"diff1",-19.3
"diff1",-22.3
"diff1",-23.3
"diff1",-23.3
"diff1",-22.3
"diff1",-19.3
"diff1",-25.3
"diff1",-19.3
"diff1",-17.3
"diff1",-24.3
"diff1",-19.3
"diff1",-23.3
"diff1",-21.3
"diff1",-18.3
"diff1",-26.3
"diff1",-17.3
"diff1",-21.3
"diff1",-21.3
"diff1",-25.3
"diff1",-22.3
"diff1",-21.3
"diff1",-18.3
"diff1",-18.3
"diff1",-24.3
"diff1",-19.3
"diff1",-16.3
"diff1",-21.3
"diff1",-20.3
"diff1",-20.3
"diff1",-15.3
"diff1",-23.3
"diff1",-23.3
"diff1",-24.3
"diff1",-17.3
"diff1",-19.3
"diff1",-20.3
"diff1",-21.3
"diff1",-21.3
"diff1",-20.3
"diff1",-22.3
"diff1",-19.3
"diff1",-20.3
"diff1",-23.3
"diff1",-20.3
"diff1",-20.3
"diff1",-22.3
"diff1",-18.3
"diff1",-24.3
"diff1",-21.3
"diff1",-20.3
"diff1",-20.3
"diff1",-18.3
"diff1",-23.3
"diff1",-19.3
"diff1",-16.3
"diff1",-23.3
"diff1",-23.3
"diff1",-20.3
"diff1",-24.3
"diff1",-26.3
"diff1",-25.3
"diff1",-27.3
"diff1",-20.3
"diff1",-23.3
"diff1",-18.3
"diff1",-18.3
"diff1",-22.3
"diff1",-22.3
"diff1",-20.3
"diff1",-20.3
"diff1",-24.3
"diff1",-16.3
"diff1",-22.3
"diff1",-25.3
"diff1",-23.3
"diff1",-18.3
"diff1",-20.3
"diff1",-22.3
"diff1",-20.3
"diff1",-22.3
"diff1",-24.3
"diff1",-22.3
"diff1",-22.3
"diff1",-23.3
"diff1",-24.3
"diff1",-24.3
"diff1",-22.3
"diff1",-22.3
"diff1",-21.3
"diff1",-23.3
"diff1",-22.3
"diff1",-21.3
"diff1",-25.3
"diff1",-25.3
"diff1",-20.3
"diff1",-15.3
"diff1",-21.3
"diff1",-19.3
"diff1",-22.3
"diff1",-19.3
"diff1",-19.3
"diff1",-22.3
"diff1",-17.3
"diff1",-22.3
"diff1",-22.3
"diff1",-18.3
"diff1",-22.3
"diff1",-20.3
"diff1",-19.3
"diff1",-19.3
"diff1",-15.3
"diff1",-17.3
"diff1",-21.3
"diff1",-20.3
"diff1",-22.3
"diff1",-19.3
"diff1",-18.3
"diff1",-18.3
"diff1",-25.3
"diff1",-17.3
"diff1",-22.3
"diff1",-19.3
"diff1",-21.3
"diff1",-18.3
"diff1",-18.3
"diff1",-24.3
"diff1",-23.3
"diff1",-16.3
"diff1",-25.3
"diff1",-22.3
"diff1",-17.3
"diff1",-20.3
"diff1",-23.3
"diff1",-21.3
"diff1",-22.3
"diff1",-19.3
"diff1",-21.3
"diff1",-22.3
"diff1",-24.3
"diff1",-21.3
"diff1",-23.3
"diff1",-17.3
"diff1",-22.3
"diff1",-22.3
"diff1",-22.3
"diff1",-18.3
"diff1",-24.3
"diff1",-21.3
"diff1",-17.3
"diff1",-19.3
"diff1",-20.3
"diff1",-25.3
"diff1",-18.3
"diff1",-24.3
"diff1",-19.3
"diff1",-26.3
"diff1",-19.3
"diff1",-19.3
"diff1",-18.3
"diff1",-18.3
"diff1",-20.3
"diff1",-21.3
"diff1",-22.3
"diff1",-22.3
"diff1",-16.3
"diff1",-19.3
"diff1",-21.3
"diff1",-22.3
"diff1",-16.3
"diff1",-17.3
"diff1",-22.3
"diff1",-25.3
"diff1",-24.3
"diff1",-21.3
"diff1",-17.3
"diff1",-19.3
"diff1",-15.3
"diff1",-21.3
"diff1",-19.3
"diff1",-16.3
"diff1",-16.3
"diff1",-16.3
"diff1",-16.3
"diff1",-21.3
"diff1",-20.3
"diff1",-21.3
"diff1",-18.3
"diff1",-14.3
"diff1",-25.3
"diff1",-17.3
"diff1",-20.3
"diff1",-18.3
"diff1",-22.3
"diff1",-21.3
"diff1",-20.3
"diff1",-19.3
"diff1",-20.3
"diff1",-16.3
"diff1",-21.3
"diff1",-19.3
"diff1",-19.3
"diff1",-24.3
"diff1",-15.3
"diff1",-20.3
"diff1",-21.3
"diff1",-27.3
"diff1",-25.3
"diff1",-24.3
"diff1",-20.3
"diff1",-18.3
"diff1",-24.3
"diff1",-19.3
"diff1",-18.3
"diff1",-24.3
"diff1",-25.3
"diff1",-25.3
"diff1",-21.3
"diff1",-21.3
"diff1",-20.3
"diff1",-17.3
"diff1",-16.3
"diff1",-25.3
"diff1",-24.3
"diff1",-27.3
"diff1",-19.3
"diff1",-26.3
"diff1",-27.3
"diff1",-26.3
"diff1",-16.3
"diff1",-25.3
"diff1",-21.3
"diff1",-22.3
"diff1",-17.3
"diff1",-25.3
"diff1",-20.3
"diff1",-17.3
"diff1",-23.3
"diff1",-24.3
"diff1",-20.3
"diff1",-26.3
"diff1",-16.3
"diff1",-27.3
"diff1",-22.3
"diff1",-17.3
"diff1",-21.3
"diff1",-17.3
"diff1",-19.3
"diff1",-18.3
"diff1",-22.3
"diff1",-17.3
"diff1",-20.3
"diff1",-18.3
"diff1",-21.3
"diff1",-18.3
"diff1",-17.3
"diff1",-27.3
"diff1",-18.3
"diff1",-21.3
"diff1",-22.3
"diff1",-21.3
"diff1",-18.3
"diff1",-21.3
"diff1",-21.3
"diff1",-18.3
"diff1",-22.3
"diff1",-17.3
"diff1",-24.3
"diff1",-23.3
"diff1",-20.3
"diff1",-25.3
"diff1",-17.3
"diff1",-28.3
"diff1",-19.3
"diff1",-28.3
"diff1",-16.3
"diff1",-24.3
"diff1",-18.3
"diff1",-19.3
"diff1",-21.3
"diff1",-22.3
"diff1",-27.3
"diff1",-18.3
"diff1",-17.3
"diff1",-22.3
"diff1",-21.3
"diff1",-27.3
"diff1",-19.3
"diff1",-22.3
"diff1",-20.3
"diff1",-14.3
"diff1",-17.3
"diff1",-22.3
"diff1",-23.3
"diff1",-20.3
"diff1",-18.3
"diff1",-21.3
"diff1",-20.3
"diff1",-22.3
"diff1",-24.3
"diff1",-24.3
"diff1",-19.3
"diff1",-24.3
"diff1",-22.3
"diff1",-23.3
"diff1",-17.3
"diff1",-22.3
"diff1",-18.3
"diff1",-21.3
"diff1",-24.3
"diff1",-23.3
"diff1",-21.3
"diff1",-18.3
"diff1",-23.3
"diff1",-21.3
"diff1",-22.3
"diff1",-16.3
"diff1",-15.3
"diff1",-20.3
"diff1",-23.3
"diff1",-18.3
"diff1",-19.3
"diff1",-21.3
"diff1",-17.3
"diff1",-22.3
"diff1",-22.3
"diff1",-21.3
"diff1",-27.3
"diff1",-16.3
"diff1",-24.3
"diff1",-20.3
"diff1",-25.3
"diff1",-22.3
"diff1",-26.3
"diff1",-18.3
"diff1",-16.3
"diff1",-18.3
"diff1",-17.3
"diff1",-19.3
"diff1",-24.3
"diff1",-26.3
"diff1",-23.3
"diff1",-18.3
"diff1",-16.3
"diff1",-24.3
"diff1",-21.3
"diff1",-17.3
"diff1",-23.3
"diff1",-20.3
"diff1",-21.3
"diff1",-20.3
"diff1",-23.3
"diff1",-26.3
"diff1",-18.3
"diff1",-21.3
"diff1",-24.3
"diff1",-20.3
"diff1",-23.3
"diff1",-23.3
"diff1",-22.3
"diff1",-24.3
"diff1",-21.3
"diff1",-22.3
"diff1",-17.3
"diff1",-22.3
"diff1",-20.3
"diff1",-18.3
"diff1",-24.3
"diff1",-15.3
"diff1",-21.3
"diff1",-19.3
"diff1",-17.3
"diff1",-22.3
"diff1",-23.3
"diff1",-18.3
"diff1",-18.3
"diff1",-23.3
"diff1",-25.3
"diff1",-16.3
"diff1",-18.3
"diff1",-19.3
"diff1",-17.3
"diff1",-18.3
"diff1",-20.3
"diff1",-19.3
"diff1",-24.3
"diff1",-21.3
"diff1",-26.3
"diff1",-20.3
"diff1",-20.3
"diff1",-16.3
"diff1",-22.3
"diff1",-19.3
"diff1",-24.3
"diff1",-16.3
"diff1",-24.3
"diff1",-19.3
"diff1",-21.3
"diff1",-24.3
"diff1",-20.3
"diff1",-19.3
"diff1",-24.3
"diff1",-22.3
"diff1",-22.3
"diff1",-21.3
"diff1",-21.3
"diff1",-21.3
"diff1",-25.3
"diff1",-19.3
"diff1",-24.3
"diff1",-24.3
"diff1",-15.3
"diff1",-20.3
"diff1",-19.3
"diff1",-21.3
"diff1",-19.3
"diff1",-26.3
"diff1",-22.3
"diff1",-20.3
"diff1",-18.3
"diff1",-19.3
"diff1",-18.3
"diff1",-18.3
"diff1",-21.3
"diff1",-15.3
"diff1",-21.3
"diff1",-21.3
"diff1",-24.3
"diff1",-18.3
"diff1",-21.3
"diff1",-21.3
"diff1",-25.3
"diff1",-20.3
"diff1",-16.3
"diff1",-18.3
"diff1",-18.3
"diff1",-25.3
"diff1",-21.3
"diff1",-17.3
"diff1",-20.3
"diff1",-22.3
"diff1",-21.3
"diff1",-23.3
"diff1",-24.3
"diff1",-22.3
"diff1",-25.3
"diff1",-16.3
"diff1",-25.3
"diff1",-18.3
"diff1",-24.3
"diff1",-23.3
"diff1",-21.3
"diff1",-22.3
"diff1",-22.3
"diff1",-23.3
"diff1",-24.3
"diff1",-19.3
"diff1",-18.3
"diff1",-22.3
"diff1",-25.3
"diff1",-26.3
"diff1",-18.3
"diff1",-19.3
"diff1",-18.3
"diff1",-20.3
"diff1",-24.3
"diff1",-18.3
"diff1",-21.3
"diff1",-22.3
"diff1",-21.3
"diff1",-20.3
"diff1",-22.3
"diff1",-23.3
"diff1",-18.3
"diff1",-19.3
"diff1",-22.3
"diff1",-23.3
"diff1",-19.3
"diff1",-21.3
"diff1",-17.3
"diff1",-20.3
"diff1",-20.3
"diff1",-18.3
"diff1",-24.3
"diff1",-27.3
"diff1",-18.3
"diff1",-22.3
"diff1",-23.3
"diff1",-15.3
"diff1",-23.3
"diff1",-20.3
"diff1",-22.3
"diff1",-23.3
"diff1",-19.3
"diff1",-18.3
"diff1",-19.3
"diff1",-20.3
"diff1",-20.3
"diff1",-18.3
"diff1",-21.3
"diff1",-22.3
"diff1",-25.3
"diff1",-19.3
"diff1",-23.3
"diff1",-14.3
"diff1",-23.3
"diff1",-18.3
"diff1",-18.3
"diff1",-19.3
"diff1",-23.3
"diff1",-18.3
"diff1",-18.3
"diff1",-21.3
"diff1",-24.3
"diff1",-19.3
"diff1",-22.3
"diff1",-21.3
"diff1",-24.3
"diff1",-17.3
"diff1",-23.3
"diff1",-17.3
"diff1",-18.3
"diff1",-21.3
"diff1",-21.3
"diff1",-22.3
"diff1",-23.3
"diff1",-21.3
"diff1",-22.3
"diff1",-18.3
"diff1",-21.3
"diff1",-23.3
"diff1",-25.3
"diff1",-22.3
"diff1",-21.3
"diff1",-20.3
"diff1",-17.3
"diff1",-21.3
"diff1",-22.3
"diff1",-17.3
"diff1",-24.3
"diff1",-26.3
"diff1",-22.3
"diff1",-20.3
"diff1",-18.3
"diff1",-21.3
"diff1",-22.3
"diff1",-19.3
"diff1",-21.3
"diff1",-20.3
"diff1",-24.3
"diff1",-21.3
"diff1",-15.3
"diff1",-19.3
"diff1",-21.3
"diff1",-16.3
"diff1",-19.3
"diff1",-24.3
"diff1",-22.3
"diff1",-22.3
"diff1",-17.3
"diff1",-17.3
"diff1",-25.3
"diff1",-24.3
"diff1",-21.3
"diff1",-16.3
"diff1",-18.3
"diff1",-21.3
"diff1",-20.3
"diff1",-18.3
"diff1",-20.3
"diff1",-26.3
"diff1",-19.3
"diff1",-23.3
"diff1",-17.3
"diff1",-25.3
"diff1",-22.3
"diff1",-19.3
"diff1",-22.3
"diff1",-21.3
"diff1",-17.3
"diff1",-19.3
"diff1",-17.3
"diff1",-19.3
"diff1",-24.3
"diff1",-21.3
"diff1",-20.3
"diff1",-23.3
"diff1",-15.3
"diff1",-24.3
"diff1",-17.3
"diff1",-17.3
"diff1",-17.3
"diff1",-15.3
"diff1",-21.3
"diff1",-18.3
"diff1",-21.3
"diff1",-19.3
"diff1",-22.3
"diff1",-25.3
"diff1",-17.3
"diff1",-18.3
"diff1",-20.3
"diff1",-23.3
"diff1",-18.3
"diff1",-19.3
"diff1",-23.3
"diff1",-24.3
"diff1",-20.3
"diff1",-20.3
"diff1",-14.3
"diff1",-19.3
"diff1",-23.3
"diff1",-24.3
"diff1",-25.3
"diff1",-25.3
"diff1",-16.3
"diff1",-17.3
"diff1",-24.3
"diff1",-19.3
"diff1",-23.3
"diff1",-27.3
"diff1",-17.3
"diff1",-21.3
"diff1",-23.3
"diff1",-20.3
"diff1",-21.3
"diff1",-23.3
"diff1",-20.3
"diff1",-23.3
"diff1",-23.3
"diff1",-23.3
"diff1",-23.3
"diff1",-16.3
"diff1",-26.3
"diff1",-18.3
"diff1",-24.3
"diff1",-19.3
"diff1",-21.3
"diff1",-21.3
"diff1",-24.3
"diff1",-23.3
"diff1",-26.3
"diff1",-21.3
"diff1",-20.3
"diff1",-26.3
"diff1",-23.3
"diff1",-17.3
"diff1",-21.3
"diff1",-21.3
"diff1",-21.3
"diff1",-21.3
"diff1",-23.3
"diff1",-20.3
"diff1",-19.3
"diff1",-26.3
"diff1",-22.3
"diff1",-20.3
"diff1",-21.3
"diff1",-23.3
"diff1",-26.3
"diff1",-17.3
"diff1",-23.3
"diff1",-26.3
"diff1",-21.3
"diff1",-21.3
"diff1",-19.3
"diff1",-23.3
"diff1",-18.3
"diff1",-25.3
"diff1",-15.3
"diff1",-24.3
"diff1",-22.3
"diff1",-24.3
"diff1",-25.3
"diff1",-21.3
"diff1",-19.3
"diff1",-21.3
"diff1",-20.3
"diff1",-22.3
"diff1",-22.3
"diff1",-21.3
"diff1",-23.3
"diff1",-22.3
"diff1",-18.3
"diff1",-14.3
"diff1",-20.3
"diff1",-17.3
"diff1",-21.3
"diff1",-21.3
"diff1",-22.3
"diff1",-18.3
"diff1",-23.3
"diff1",-22.3
"diff1",-24.3
"diff1",-18.3
"diff1",-18.3
"diff1",-24.3
"diff1",-23.3
"diff1",-18.3
"diff1",-22.3
"diff1",-26.3
"diff1",-21.3
"diff1",-20.3
"diff1",-18.3
"diff1",-21.3
"diff1",-18.3
"diff1",-16.3
"diff1",-17.3
"diff1",-22.3
"diff1",-21.3
"diff1",-27.3
"diff1",-19.3
"diff1",-19.3
"diff1",-20.3
"diff1",-24.3
"diff1",-20.3
"diff1",-20.3
"diff1",-19.3
"diff1",-21.3
"diff1",-23.3
"diff1",-21.3
"diff1",-25.3
"diff1",-23.3
"diff1",-26.3
"diff1",-19.3
"diff1",-21.3
"diff1",-15.3
"diff1",-22.3
"diff1",-20.3
"diff1",-20.3
"diff1",-21.3
"diff1",-22.3
"diff1",-15.3
"diff1",-20.3
"diff1",-21.3
"diff1",-24.3
"diff1",-18.3
"diff1",-24.3
"diff1",-21.3
"diff1",-22.3
"diff1",-15.3
"diff1",-18.3
"diff1",-24.3
"diff1",-24.3
"diff1",-18.3
"diff1",-16.3
"diff1",-15.3
"diff1",-20.3
"diff1",-21.3
"diff1",-14.3
"diff1",-20.3
"diff1",-18.3
"diff1",-23.3
"diff1",-20.3
"diff1",-18.3
"diff1",-20.3
"diff1",-22.3
"diff1",-23.3
"diff1",-20.3
"diff1",-27.3
"diff1",-17.3
"diff1",-21.3
"diff1",-23.3
"diff1",-18.3
"diff1",-15.3
"diff1",-14.3
"diff1",-22.3
"diff1",-23.3
"diff1",-20.3
"diff1",-21.3
"diff1",-19.3
"diff1",-22.3
"diff1",-18.3
"diff1",-18.3
"diff1",-23.3
"diff1",-15.3
"diff1",-26.3
"diff1",-22.3
"diff1",-23.3
"diff1",-23.3
"diff1",-24.3
"diff1",-23.3
"diff1",-15.3
"diff1",-20.3
"diff1",-22.3
"diff1",-26.3
"diff1",-17.3
"diff1",-20.3
"diff1",-19.3
"diff1",-23.3
"diff1",-19.3
"diff1",-17.3
"diff1",-23.3
"diff1",-23.3
"diff1",-18.3
"diff1",-19.3
"diff1",-24.3
"diff1",-23.3
"diff1",-22.3
"diff1",-23.3
"diff1",-22.3
"diff1",-19.3
"diff1",-24.3
"diff1",-25.3
"diff1",-17.3
"diff1",-15.3
"diff1",-21.3
"diff1",-15.3
"diff1",-20.3
"diff1",-21.3
"diff1",-20.3
"diff1",-17.3
"diff1",-21.3
"diff1",-24.3
"diff1",-20.3
"diff1",-24.3
"diff1",-19.3
"diff1",-19.3
"diff1",-22.3
"diff1",-24.3
"diff1",-21.3
"diff1",-22.3
"diff1",-21.3
"diff1",-17.3
"diff1",-19.3
"diff1",-21.3
"diff1",-17.3
"diff1",-20.3
"diff1",-23.3
"diff1",-18.3
"diff1",-20.3
"diff1",-23.3
"diff1",-20.3
"diff1",-22.3
"diff1",-15.3
"diff1",-19.3
"diff1",-23.3
"diff1",-18.3
"diff1",-18.3
"diff1",-18.3
"diff1",-21.3
"diff1",-18.3
"diff1",-19.3
"diff1",-23.3
"diff1",-20.3
"diff1",-20.3
"diff1",-25.3
"diff1",-24.3
"diff1",-22.3
"diff1",-19.3
"diff1",-18.3
"diff1",-24.3
"diff1",-15.3
"diff1",-22.3
"diff1",-18.3
"diff1",-20.3
"diff1",-26.3
"diff1",-20.3
"diff1",-22.3
"diff1",-19.3
"diff1",-23.3
"diff1",-25.3
"diff1",-18.3
"diff1",-17.3
"diff1",-17.3
"diff1",-20.3
"diff1",-15.3
"diff1",-21.3
"diff1",-19.3
"diff1",-26.3
"diff1",-25.3
"diff1",-21.3
"diff1",-17.3
"diff1",-20.3
"diff1",-19.3
"diff1",-19.3
"diff1",-16.3
"diff1",-15.3
"diff1",-15.3
"diff1",-16.3
"diff1",-19.3
"diff1",-19.3
"diff1",-21.3
"diff1",-22.3
"diff1",-23.3
"diff1",-20.3
"diff1",-18.3
"diff1",-18.3
"diff1",-18.3
"diff1",-17.3
"diff1",-18.3
"diff1",-18.3
"diff1",-21.3
"diff1",-20.3
"diff1",-15.3
"diff1",-19.3
"diff1",-20.3
"diff1",-25.3
"diff1",-22.3
"diff1",-24.3
"diff1",-15.3
"diff1",-23.3
"diff1",-20.3
"diff1",-21.3
"diff1",-22.3
"diff1",-26.3
"diff1",-24.3
"diff1",-20.3
"diff1",-20.3
"diff1",-21.3
"diff1",-21.3
"diff1",-21.3
"diff1",-18.3
"diff1",-21.3
"diff1",-24.3
"diff1",-20.3
"diff1",-23.3
"diff1",-15.3
"diff1",-19.3
"diff1",-27.3
"diff1",-26.3
"diff1",-21.3
"diff1",-22.3
"diff1",-25.3
"diff1",-21.3
"diff1",-26.3
"diff1",-23.3
"diff1",-17.3
"diff1",-24.3
"diff1",-22.3
"diff1",-18.3
"diff1",-22.3
"diff1",-22.3
"diff1",-19.3
"diff1",-22.3
"diff1",-21.3
"diff1",-16.3
"diff1",-13.3
"diff1",-19.3
"diff1",-20.3
"diff1",-18.3
"diff1",-19.3
"diff1",-20.3
"diff1",-18.3
"diff1",-16.3
"diff1",-21.3
"diff1",-25.3
"diff1",-20.3
"diff1",-23.3
"diff1",-18.3
"diff1",-26.3
"diff1",-17.3
"diff1",-26.3
"diff1",-16.3
"diff1",-21.3
"diff1",-21.3
"diff1",-18.3
"diff1",-19.3
"diff1",-15.3
"diff1",-21.3
"diff1",-23.3
"diff1",-16.3
"diff1",-25.3
"diff1",-23.3
"diff1",-20.3
"diff1",-21.3
"diff1",-19.3
"diff1",-13.3
"diff1",-22.3
"diff1",-18.3
"diff1",-17.3
"diff1",-19.3
"diff1",-22.3
"diff1",-17.3
"diff1",-21.3
"diff1",-14.3
"diff1",-22.3
"diff1",-14.3
"diff1",-21.3
"diff1",-17.3
"diff1",-18.3
"diff1",-18.3
"diff1",-19.3
"diff1",-20.3
"diff1",-19.3
"diff1",-22.3
"diff1",-27.3
"diff1",-25.3
"diff1",-21.3
"diff1",-16.3
"diff1",-16.3
"diff1",-27.3
"diff1",-22.3
"diff1",-25.3
"diff1",-14.3
"diff1",-21.3
"diff1",-15.3
"diff1",-17.3
"diff1",-21.3
"diff1",-20.3
"diff1",-22.3
"diff1",-20.3
"diff1",-21.3
"diff1",-21.3
"diff1",-21.3
"diff1",-16.3
"diff1",-26.3
"diff1",-19.3
"diff1",-24.3
"diff1",-20.3
"diff1",-24.3
"diff1",-19.3
"diff1",-19.3
"diff1",-19.3
"diff1",-21.3
"diff1",-23.3
"diff1",-19.3
"diff1",-19.3
"diff1",-21.3
"diff1",-17.3
"diff1",-26.3
"diff1",-15.3
"diff1",-20.3
"diff1",-21.3
"diff1",-24.3
"diff1",-19.3
"diff1",-27.3
"diff1",-19.3
"diff1",-27.3
"diff1",-23.3
"diff1",-20.3
"diff1",-19.3
"diff1",-24.3
"diff1",-20.3
"diff1",-22.3
"diff1",-20.3
"diff1",-17.3
"diff1",-15.3
"diff1",-17.3
"diff1",-20.3
"diff1",-16.3
"diff1",-20.3
"diff1",-21.3
"diff1",-20.3
"diff1",-20.3
"diff1",-21.3
"diff1",-25.3
"diff1",-23.3
"diff1",-20.3
"diff1",-22.3
"diff1",-17.3
"diff1",-19.3
"diff1",-16.3
"diff1",-23.3
"diff1",-17.3
"diff1",-20.3
"diff1",-20.3
"diff1",-19.3
"diff1",-26.3
"diff1",-23.3
"diff1",-25.3
"diff1",-17.3
"diff1",-26.3
"diff1",-25.3
"diff1",-22.3
"diff1",-21.3
"diff1",-20.3
"diff1",-15.3
"diff1",-20.3
"diff1",-19.3
"diff1",-24.3
"diff1",-18.3
"diff1",-21.3
"diff1",-21.3
"diff1",-17.3
"diff1",-22.3
"diff1",-21.3
"diff1",-20.3
"diff1",-22.3
"diff1",-22.3
"diff1",-24.3
"diff1",-20.3
"diff1",-20.3
"diff1",-16.3
"diff1",-18.3
"diff1",-17.3
"diff1",-21.3
"diff1",-18.3
"diff1",-18.3
"diff1",-22.3
"diff1",-18.3
"diff1",-21.3
"diff1",-19.3
"diff1",-15.3
"diff1",-17.3
"diff1",-26.3
"diff1",-18.3
"diff1",-18.3
"diff1",-21.3
"diff1",-19.3
"diff1",-23.3
"diff1",-26.3
"diff1",-19.3
"diff1",-22.3
"diff1",-24.3
"diff1",-16.3
"diff1",-20.3
"diff1",-25.3
"diff1",-18.3
"diff1",-20.3
"diff1",-23.3
"diff1",-25.3
"diff1",-23.3
"diff1",-16.3
"diff1",-24.3
"diff1",-21.3
"diff1",-23.3
"diff1",-14.3
"diff1",-15.3
"diff1",-15.3
"diff1",-15.3
"diff1",-17.3
"diff1",-18.3
"diff1",-18.3
"diff1",-27.3
"diff1",-21.3
"diff1",-19.3
"diff1",-25.3
"diff1",-21.3
"diff1",-20.3
"diff1",-21.3
"diff1",-20.3
"diff1",-17.3
"diff1",-23.3
"diff1",-13.3
"diff1",-17.3
"diff1",-22.3
"diff1",-16.3
"diff1",-17.3
"diff1",-20.3
"diff1",-17.3
"diff1",-14.3
"diff1",-25.3
"diff1",-20.3
"diff1",-24.3
"diff1",-16.3
"diff1",-17.3
"diff1",-19.3
"diff1",-23.3
"diff1",-18.3
"diff1",-18.3
"diff1",-14.3
"diff1",-19.3
"diff1",-17.3
"diff1",-23.3
"diff1",-26.3
"diff1",-20.3
"diff1",-14.3
"diff1",-21.3
"diff1",-16.3
"diff1",-18.3
"diff1",-17.3
"diff1",-19.3
"diff1",-18.3
"diff1",-19.3
"diff1",-20.3
"diff1",-20.3
"diff1",-18.3
"diff1",-26.3
"diff1",-22.3
"diff1",-15.3
"diff1",-20.3
"diff1",-21.3
"diff1",-21.3
"diff1",-19.3
"diff1",-21.3
"diff1",-20.3
"diff1",-23.3
"diff1",-18.3
"diff1",-16.3
"diff1",-21.3
"diff1",-14.3
"diff1",-24.3
"diff1",-17.3
"diff1",-20.3
"diff1",-23.3
"diff1",-20.3
"diff1",-23.3
"diff1",-19.3
"diff1",-19.3
"diff1",-18.3
"diff1",-21.3
"diff1",-15.3
"diff1",-16.3
"diff1",-21.3
"diff1",-20.3
"diff1",-18.3
"diff1",-19.3
"diff1",-23.3
"diff1",-23.3
"diff1",-20.3
"diff1",-15.3
"diff1",-20.3
"diff1",-23.3
"diff1",-18.3
"diff1",-19.3
"diff1",-14.3
"diff1",-18.3
"diff1",-21.3
"diff1",-18.3
"diff1",-15.3
"diff1",-24.3
"diff1",-23.3
"diff1",-22.3
"diff1",-23.3
"diff1",-27.3
"diff1",-23.3
"diff1",-19.3
"diff1",-23.3
"diff1",-17.3
"diff1",-17.3
"diff1",-18.3
"diff1",-16.3
"diff1",-18.3
"diff1",-14.3
"diff1",-21.3
"diff1",-21.3
"diff1",-19.3
"diff1",-24.3
"diff1",-20.3
"diff1",-16.3
"diff1",-16.3
"diff1",-21.3
"diff1",-21.3
"diff1",-18.3
"diff1",-18.3
"diff1",-21.3
"diff1",-18.3
"diff1",-18.3
"diff1",-18.3
"diff1",-22.3
"diff1",-17.3
"diff1",-19.3
"diff1",-25.3
"diff1",-18.3
"diff1",-21.3
"diff1",-17.3
"diff1",-25.3
"diff1",-14.3
"diff1",-17.3
"diff1",-17.3
"diff1",-17.3
"diff1",-21.3
"diff1",-14.3
"diff1",-18.3
"diff1",-13.3
"diff1",-17.3
"diff1",-19.3
"diff1",-19.3
"diff1",-14.3
"diff1",-23.3
"diff1",-22.3
"diff1",-20.3
"diff1",-24.3
"diff1",-17.3
"diff1",-13.3
"diff1",-19.3
"diff1",-15.3
"diff1",-14.3
"diff1",-23.3
"diff1",-19.3
"diff1",-22.3
"diff1",-19.3
"diff1",-19.3
"diff1",-14.3
"diff1",-20.3
"diff1",-14.3
"diff1",-18.3
"diff1",-15.3
"diff1",-23.3
"diff1",-16.3
"diff1",-19.3
"diff1",-23.3
"diff1",-18.3
"diff1",-18.3
"diff1",-23.3
"diff1",-19.3
"diff1",-20.3
"diff1",-14.3
"diff1",-15.3
"diff1",-20.3
"diff1",-19.3
"diff1",-23.3
"diff1",-22.3
"diff1",-22.3
"diff1",-21.3
"diff1",-21.3
"diff1",-16.3
"diff1",-14.3
"diff1",-16.3
"diff1",-24.3
"diff1",-18.3
"diff1",-16.3
"diff1",-22.3
"diff1",-19.3
"diff1",-21.3
"diff1",-26.3
"diff1",-24.3
"diff1",-20.3
"diff1",-23.3
"diff1",-17.3
"diff1",-20.3
"diff1",-22.3
"diff1",-19.3
"diff1",-14.3
"diff1",-15.3
"diff1",-18.3
"diff1",-20.3
"diff1",-23.3
"diff1",-19.3
"diff1",-19.3
"diff1",-18.3
"diff1",-21.3
"diff1",-20.3
"diff1",-19.3
"diff1",-23.3
"diff1",-27.3
"diff1",-25.3
"diff1",-20.3
"diff1",-24.3
"diff1",-20.3
"diff1",-20.3
"diff1",-13.3
"diff1",-21.3
"diff1",-13.3
"diff1",-19.3
"diff1",-21.3
"diff1",-16.3
"diff1",-20.3
"diff1",-19.3
"diff1",-15.3
"diff1",-15.3
"diff1",-20.3
"diff1",-20.3
"diff1",-19.3
"diff1",-17.3
"diff1",-23.3
"diff1",-21.3
"diff1",-17.3
"diff1",-21.3
"diff1",-19.3
"diff1",-17.3
"diff1",-15.3
"diff1",-16.3
"diff1",-15.3
"diff1",-21.3
"diff1",-18.3
"diff1",-15.3
"diff1",-18.3
"diff1",-19.3
"diff1",-22.3
"diff1",-17.3
"diff1",-17.3
"diff1",-15.3
"diff1",-15.3
"diff1",-19.3
"diff1",-17.3
"diff1",-18.3
"diff1",-16.3
"diff1",-20.3
"diff1",-23.3
"diff1",-16.3
"diff1",-16.3
"diff1",-11.3
"diff1",-13.3
"diff1",-21.3
"diff1",-26.3
"diff1",-23.3
"diff1",-13.3
"diff1",-19.3
"diff1",-20.3
"diff1",-18.3
"diff1",-16.3
"diff1",-20.3
"diff1",-23.3
"diff1",-18.3
"diff1",-24.3
"diff1",-24.3
"diff1",-18.3
"diff1",-21.3
"diff1",-26.3
"diff1",-19.3
"diff1",-24.3
"diff1",-17.3
"diff1",-19.3
"diff1",-15.3
"diff1",-18.3
"diff1",-18.3
"diff1",-20.3
"diff1",-21.3
"diff1",-15.3
"diff1",-13.3
"diff1",-15.3
"diff1",-18.3
"diff1",-17.3
"diff1",-24.3
"diff1",-23.3
"diff1",-20.3
"diff1",-20.3
"diff1",-16.3
"diff1",-12.3
"diff1",-12.3
"diff1",-22.3
"diff1",-16.3
"diff1",-24.3
"diff1",-23.3
"diff1",-21.3
"diff1",-18.3
"diff1",-21.3
"diff1",-13.3
"diff1",-21.3
"diff1",-22.3
"diff1",-19.3
"diff1",-22.3
"diff1",-21.3
"diff1",-20.3
"diff1",-16.3
"diff1",-23.3
"diff1",-21.3
"diff1",-19.3
"diff1",-23.3
"diff1",-18.3
"diff1",-14.3
"diff1",-23.3
"diff1",-13.3
"diff1",-14.3
"diff1",-18.3
"diff1",-22.3
"diff1",-18.3
"diff1",-20.3
"diff1",-20.3
"diff1",-18.3
"diff1",-21.3
"diff1",-22.3
"diff1",-17.3
"diff1",-21.3
"diff1",-17.3
"diff1",-13.3
"diff1",-20.3
"diff1",-21.3
"diff1",-21.3
"diff1",-23.3
"diff1",-16.3
"diff1",-21.3
"diff1",-15.3
"diff1",-17.3
"diff1",-19.3
"diff1",-24.3
"diff1",-15.3
"diff1",-20.3
"diff1",-19.3
"diff1",-16.3
"diff1",-23.3
"diff1",-19.3
"diff1",-21.3
"diff1",-20.3
"diff1",-21.3
"diff1",-15.3
"diff1",-21.3
"diff1",-15.3
"diff1",-23.3
"diff1",-21.3
"diff1",-12.3
"diff1",-18.3
"diff1",-16.3
"diff1",-20.3
"diff1",-20.3
"diff1",-21.3
"diff1",-19.3
"diff1",-16.3
"diff1",-15.3
"diff1",-23.3
"diff1",-21.3
"diff1",-16.3
"diff1",-16.3
"diff1",-14.3
"diff1",-20.3
"diff1",-18.3
"diff1",-20.3
"diff1",-16.3
"diff1",-16.3
"diff1",-20.3
"diff1",-20.3
"diff1",-20.3
"diff1",-15.3
"diff1",-15.3
"diff1",-19.3
"diff1",-23.3
"diff1",-20.3
"diff1",-23.3
"diff1",-14.3
"diff1",-15.3
"diff1",-24.3
"diff1",-21.3
"diff1",-19.3
"diff1",-24.3
"diff1",-15.3
"diff1",-19.3
"diff1",-23.3
"diff1",-17.3
"diff1",-17.3
"diff1",-13.3
"diff1",-17.3
"diff1",-16.3
"diff1",-15.3
"diff1",-23.3
"diff1",-22.3
"diff1",-21.3
"diff1",-22.3
"diff1",-24.3
"diff1",-21.3
"diff1",-24.3
"diff1",-25.3
"diff1",-25.3
"diff1",-15.3
"diff1",-18.3
"diff1",-22.3
"diff1",-14.3
"diff1",-20.3
"diff1",-18.3
"diff1",-24.3
"diff1",-17.3
"diff1",-11.3
"diff1",-23.3
"diff1",-20.3
"diff1",-13.3
"diff1",-20.3
"diff1",-15.3
"diff1",-27.3
"diff1",-19.3
"diff1",-24.3
"diff1",-20.3
"diff1",-22.3
"diff1",-13.3
"diff1",-22.3
"diff1",-11.3
"diff1",-24.3
"diff1",-25.3
"diff1",-20.3
"diff1",-17.3
"diff1",-11.3
"diff1",-25.3
"diff1",-21.3
"diff1",-21.3
"diff1",-15.3
"diff1",-20.3
"diff1",-20.3
"diff1",-17.3
"diff1",-23.3
"diff1",-19.3
"diff1",-12.3
"diff1",-19.3
"diff1",-15.3
"diff1",-16.3
"diff1",-19.3
"diff1",-22.3
"diff1",-26.3
"diff1",-26.3
"diff1",-15.3
"diff1",-20.3
"diff1",-19.3
"diff1",-17.3
"diff1",-14.3
"diff1",-20.3
"diff1",-18.3
"diff1",-16.3
"diff1",-16.3
"diff1",-24.3
"diff1",-18.3
"diff1",-25.3
"diff1",-21.3
"diff1",-18.3
"diff1",-23.3
"diff1",-14.3
"diff1",-16.3
"diff1",-15.3
"diff1",-13.3
"diff1",-19.3
"diff1",-22.3
"diff1",-19.3
"diff1",-21.3
"diff1",-16.3
"diff1",-23.3
"diff1",-17.3
"diff1",-19.3
"diff1",-21.3
"diff1",-22.3
"diff1",-21.3
"diff1",-25.3
"diff1",-18.3
"diff1",-24.3
"diff1",-17.3
"diff1",-14.3
"diff1",-16.3
"diff1",-21.3
"diff1",-17.3
"diff1",-27.3
"diff1",-18.3
"diff1",-16.3
"diff1",-22.3
"diff1",-22.3
"diff1",-20.3
"diff1",-18.3
"diff1",-20.3
"diff1",-23.3
"diff1",-20.3
"diff1",-24.3
"diff1",-20.3
"diff1",-19.3
"diff1",-23.3
"diff1",-20.3
"diff1",-16.3
"diff1",-14.3
"diff1",-24.3
"diff1",-20.3
"diff1",-19.3
"diff1",-13.3
"diff1",-20.3
"diff1",-24.3
"diff1",-16.3
"diff1",-23.3
"diff1",-24.3
"diff1",-23.3
"diff1",-26.3
"diff1",-16.3
"diff1",-19.3
"diff1",-15.3
"diff1",-19.3
"diff1",-20.3
"diff1",-16.3
"diff1",-21.3
"diff1",-19.3
"diff1",-17.3
"diff1",-26.3
"diff1",-20.3
"diff1",-17.3
"diff1",-25.3
"diff1",-19.3
"diff1",-22.3
"diff1",-20.3
"diff1",-20.3
"diff1",-15.3
"diff1",-19.3
"diff1",-18.3
"diff1",-19.3
"diff1",-25.3
"diff1",-20.3
"diff1",-20.3
"diff1",-18.3
"diff1",-26.3
"diff1",-16.3
"diff1",-21.3
"diff1",-16.3
"diff1",-12.3
"diff1",-24.3
"diff1",-18.3
"diff1",-15.3
"diff1",-21.3
"diff1",-19.3
"diff1",-19.3
"diff1",-20.3
"diff1",-22.3
"diff1",-21.3
"diff1",-16.3
"diff1",-23.3
"diff1",-17.3
"diff1",-18.3
"diff1",-20.3
"diff1",-20.3
"diff1",-19.3
"diff1",-26.3
"diff1",-13.3
"diff1",-19.3
"diff1",-19.3
"diff1",-21.3
"diff1",-20.3
"diff1",-20.3
"diff1",-25.3
"diff1",-15.3
"diff1",-16.3
"diff1",-21.3
"diff1",-20.3
"diff1",-24.3
"diff1",-26.3
"diff1",-21.3
"diff1",-20.3
"diff1",-16.3
"diff1",-21.3
"diff1",-16.3
"diff1",-22.3
"diff1",-19.3
"diff1",-13.3
"diff1",-20.3
"diff1",-17.3
"diff1",-20.3
"diff1",-23.3
"diff1",-15.3
"diff1",-20.3
"diff1",-22.3
"diff1",-14.3
"diff1",-23.3
"diff1",-14.3
"diff1",-16.3
"diff1",-18.3
"diff1",-17.3
"diff1",-25.3
"diff1",-18.3
"diff1",-14.3
"diff1",-19.3
"diff1",-21.3
"diff1",-24.3
"diff1",-16.3
"diff1",-21.3
"diff1",-13.3
"diff1",-22.3
"diff1",-18.3
"diff1",-16.3
"diff1",-19.3
"diff1",-13.3
"diff1",-23.3
"diff1",-21.3
"diff1",-22.3
"diff1",-27.3
"diff1",-18.3
"diff1",-20.3
"diff1",-24.3
"diff1",-19.3
"diff1",-21.3
"diff1",-15.3
"diff1",-24.3
"diff1",-19.3
"diff1",-22.3
"diff1",-21.3
"diff1",-23.3
"diff1",-14.3
"diff1",-14.3
"diff1",-18.3
"diff1",-18.3
"diff1",-16.3
"diff1",-21.3
"diff1",-19.3
"diff1",-15.3
"diff1",-15.3
"diff1",-14.3
"diff1",-23.3
"diff1",-22.3
"diff1",-22.3
"diff1",-19.3
"diff1",-28.3
"diff1",-20.3
"diff1",-13.3
"diff1",-25.3
"diff1",-15.3
"diff1",-22.3
"diff1",-22.3
"diff1",-19.3
"diff1",-20.3
"diff1",-20.3
"diff1",-23.3
"diff1",-23.3
"diff1",-22.3
"diff1",-15.3
"diff1",-18.3
"diff1",-18.3
"diff1",-17.3
"diff1",-18.3
"diff1",-19.3
"diff1",-17.3
"diff1",-20.3
"diff1",-18.3
"diff1",-25.3
"diff1",-20.3
"diff1",-14.3
"diff1",-19.3
"diff1",-15.3
"diff1",-21.3
"diff1",-20.3
"diff1",-22.3
"diff1",-17.3
"diff1",-21.3
"diff1",-17.3
"diff1",-20.3
"diff1",-17.3
"diff1",-19.3
"diff1",-17.3
"diff1",-18.3
"diff1",-25.3
"diff1",-12.3
"diff1",-19.3
"diff1",-24.3
"diff1",-13.3
"diff1",-19.3
"diff1",-12.3
"diff1",-23.3
"diff1",-24.3
"diff1",-23.3
"diff1",-24.3
"diff1",-27.3
"diff1",-22.3
"diff1",-19.3
"diff1",-19.3
"diff1",-16.3
"diff1",-21.3
"diff1",-23.3
"diff1",-15.3
"diff1",-19.3
"diff1",-15.3
"diff1",-15.3
"diff1",-16.3
"diff1",-21.3
"diff1",-21.3
"diff1",-17.3
"diff1",-21.3
"diff1",-17.3
"diff1",-16.3
"diff1",-23.3
"diff1",-23.3
"diff1",-22.3
"diff1",-20.3
"diff1",-21.3
"diff1",-22.3
"diff1",-25.3
"diff1",-19.3
"diff1",-21.3
"diff1",-22.3
"diff1",-23.3
"diff1",-21.3
"diff1",-19.3
"diff1",-15.3
"diff1",-24.3
"diff1",-23.3
"diff1",-29.3
"diff1",-20.3
"diff1",-25.3
"diff1",-18.3
"diff1",-19.3
"diff1",-15.3
"diff1",-26.3
"diff1",-18.3
"diff1",-21.3
"diff1",-18.3
"diff1",-22.3
"diff1",-20.3
"diff1",-20.3
"diff1",-15.3
"diff1",-17.3
"diff1",-19.3
"diff1",-19.3
"diff1",-23.3
"diff1",-23.3
"diff1",-18.3
"diff1",-18.3
"diff1",-18.3
"diff1",-24.3
"diff1",-27.3
"diff1",-20.3
"diff1",-17.3
"diff1",-23.3
"diff1",-25.3
"diff1",-26.3
"diff1",-15.3
"diff1",-22.3
"diff1",-18.3
"diff1",-19.3
"diff1",-18.3
"diff1",-20.3
"diff1",-22.3
"diff1",-26.3
"diff1",-21.3
"diff1",-19.3
"diff1",-13.3
"diff1",-21.3
"diff1",-21.3
"diff1",-20.3
"diff1",-26.3
"diff1",-20.3
"diff1",-19.3
"diff1",-20.3
"diff1",-25.3
"diff1",-23.3
"diff1",-18.3
"diff1",-18.3
"diff1",-22.3
"diff1",-18.3
"diff1",-24.3
"diff1",-16.3
"diff1",-15.3
"diff1",-20.3
"diff1",-20.3
"diff1",-24.3
"diff1",-16.3
"diff1",-26.3
"diff1",-14.3
"diff1",-19.3
"diff1",-15.3
"diff1",-17.3
"diff1",-16.3
"diff1",-15.3
"diff1",-20.3
"diff1",-19.3
"diff1",-15.3
"diff1",-22.3
"diff1",-21.3
"diff1",-25.3
"diff1",-11.3
"diff1",-24.3
"diff1",-11.3
"diff1",-22.3
"diff1",-12.3
"diff1",-15.3
"diff1",-25.3
"diff1",-26.3
"diff1",-13.3
"diff1",-19.3
"diff1",-22.3
"diff1",-19.3
"diff1",-25.3
"diff1",-22.3
"diff1",-28.3
"diff1",-16.3
"diff1",-11.3
"diff1",-17.3
"diff1",-24.3
"diff1",-20.3
"diff1",-18.3
"diff1",-22.3
"diff1",-23.3
"diff1",-18.3
"diff1",-24.3
"diff1",-13.3
"diff1",-27.3
"diff1",-17.3
"diff1",-24.3
"diff1",-25.3
"diff1",-13.3
"diff1",-12.3
"diff1",-19.3
"diff1",-13.3
"diff1",-23.3
"diff1",-19.3
"diff1",-21.3
"diff1",-26.3
"diff1",-21.3
"diff1",-26.3
"diff1",-23.3
"diff1",-20.3
"diff1",-18.3
"diff1",-21.3
"diff1",-27.3
"diff1",-23.3
"diff1",-24.3
"diff1",-20.3
"diff1",-19.3
"diff1",-24.3
"diff1",-23.3
"diff1",-21.3
"diff1",-23.3
"diff1",-27.3
"diff1",-17.3
"diff1",-28.3
"diff1",-24.3
"diff1",-15.3
"diff1",-19.3
"diff1",-23.3
"diff1",-24.3
"diff1",-24.3
"diff1",-23.3
"diff1",-21.3
"diff1",-23.3
"diff1",-14.3
"diff1",-13.3
"diff1",-19.3
"diff1",-26.3
"diff1",-22.3
"diff1",-19.3
"diff1",-12.3
"diff1",-20.3
"diff1",-21.3
"diff1",-16.3
"diff1",-19.3
"diff1",-17.3
"diff1",-13.3
"diff1",-12.3
"diff1",-26.3
"diff1",-15.3
"diff1",-11.3
"diff1",-14.3
"diff1",-25.3
"diff1",-25.3
"diff1",-22.3
"diff1",-17.3
"diff1",-26.3
"diff1",-19.3
"diff1",-15.3
"diff1",-27.3
"diff1",-16.3
"diff1",-15.3
"diff1",-20.3
"diff1",-20.3
"diff1",-20.3
"diff1",-21.3
"diff1",-19.3
"diff1",-21.3
"diff1",-18.3
"diff1",-26.3
"diff1",-16.3
"diff1",-14.3
"diff1",-26.3
"diff1",-18.3
"diff1",-18.3
"diff1",-20.3
"diff1",-24.3
"diff1",-10.3
"diff1",-15.3
"diff1",-18.3
"diff1",-19.3
"diff1",-19.3
"diff1",-20.3
"diff1",-18.3
"diff1",-20.3
"diff1",-12.3
"diff1",-23.3
"diff1",-23.3
"diff1",-20.3
"diff1",-27.3
"diff1",-16.3
"diff1",-18.3
"diff1",-22.3
"diff1",-18.3
"diff1",-16.3
"diff1",-18.3
"diff1",-25.3
"diff1",-20.3
"diff1",-28.3
"diff1",-17.3
"diff1",-20.3
"diff1",-21.3
"diff1",-13.3
"diff1",-13.3
"diff1",-20.3
"diff1",-18.3
"diff1",-14.3
"diff1",-18.3
"diff1",-17.3
"diff1",-22.3
"diff1",-25.3
"diff1",-15.3
"diff1",-19.3
"diff1",-13.3
"diff1",-14.3
"diff1",-22.3
"diff1",-21.3
"diff1",-20.3
"diff1",-18.3
"diff1",-25.3
"diff1",-14.3
"diff1",-20.3
"diff1",-24.3
"diff1",-16.3
"diff1",-25.3
"diff1",-20.3
"diff1",-23.3
"diff1",-15.3
"diff1",-25.3
"diff1",-21.3
"diff1",-23.3
"diff1",-20.3
"diff1",-18.3
"diff1",-11.3
"diff1",-20.3
"diff1",-13.3
"diff1",-20.3
"diff1",-20.3
"diff1",-22.3
"diff1",-21.3
"diff1",-23.3
"diff1",-26.3
"diff1",-24.3
"diff1",-22.3
"diff1",-20.3
"diff1",-23.3
"diff1",-22.3
"diff1",-20.3
"diff1",-14.3
"diff1",-21.3
"diff1",-18.3
"diff1",-21.3
"diff1",-12.3
"diff1",-12.3
"diff1",-28.3
"diff1",-17.3
"diff1",-27.3
"diff1",-22.3
"diff1",-18.3
"diff1",-14.3
"diff1",-16.3
"diff1",-20.3
"diff1",-13.3
"diff1",-26.3
"diff1",-23.3
"diff1",-19.3
"diff1",-19.3
"diff1",-27.3
"diff1",-18.3
"diff1",-19.3
"diff1",-13.3
"diff1",-19.3
"diff1",-12.3
"diff1",-23.3
"diff1",-26.3
"diff1",-13.3
"diff1",-18.3
"diff1",-27.3
"diff1",-26.3
"diff1",-21.3
"diff1",-22.3
"diff1",-19.3
"diff1",-19.3
"diff1",-27.3
"diff1",-25.3
"diff1",-22.3
"diff1",-15.3
"diff1",-25.3
"diff1",-13.3
"diff1",-17.3
"diff1",-17.3
"diff1",-14.3
"diff1",-16.3
"diff1",-28.3
"diff1",-17.3
"diff1",-22.3
"diff1",-26.3
"diff1",-13.3
"diff1",-20.3
"diff1",-25.3
"diff1",-23.3
"diff1",-18.3
"diff1",-20.3
"diff1",-24.3
"diff1",-21.3
"diff1",-28.3
"diff1",-26.3
"diff1",-23.3
"diff1",-18.3
"diff1",-13.3
"diff1",-15.3
"diff1",-20.3
"diff1",-17.3
"diff1",-21.3
"diff1",-25.3
"diff1",-28.3
"diff1",-12.3
"diff1",-21.3
"diff1",-23.3
"diff1",-31.3
"diff1",-19.3
"diff1",-15.3
"diff1",-22.3
"diff1",-19.3
"diff1",-24.3
"diff1",-17.3
"diff1",-18.3
"diff1",-10.3
"diff1",-26.3
"diff1",-15.3
"diff1",-19.3
"diff1",-25.3
"diff1",-16.3
"diff1",-18.3
"diff1",-25.3
"diff1",-13.3
"diff1",-14.3
"diff1",-24.3
"diff1",-17.3
"diff1",-21.3
"diff1",-22.3
"diff1",-13.3
"diff1",-14.3
"diff1",-25.3
"diff1",-15.3
"diff1",-23.3
"diff1",-22.3
"diff1",-17.3
"diff1",-22.3
"diff1",-21.3
"diff1",-26.3
"diff1",-19.3
"diff1",-18.3
"diff1",-18.3
"diff1",-30.3
"diff1",-19.3
"diff1",-21.3
"diff1",-15.3
"diff1",-31.3
"diff1",-19.3
"diff1",-20.3
"diff1",-24.3
"diff1",-19.3
"diff1",-10.3
"diff1",-25.3
"diff1",-14.3
"diff1",-18.3
"diff1",-17.3
"diff1",-11.3
"diff1",-21.3
"diff1",-24.3
"diff1",-21.3
"diff1",-18.3
"diff1",-19.3
"diff1",-16.3
"diff1",-12.3
"diff1",-28.3
"diff1",-29.3
"diff1",-21.3
"diff1",-13.3
"diff1",-15.3
"diff1",-13.3
"diff1",-17.3
"diff1",-20.3
"diff1",-16.3
"diff1",-16.3
"diff1",-16.3
"diff1",-13.3
"diff1",-19.3
"diff1",-14.3
"diff1",-24.3
"diff1",-31.3
"diff1",-12.3
"diff1",-18.3
"diff1",-21.3
"diff1",-14.3
"diff1",-25.3
"diff1",-10.3
"diff1",-21.3
"diff1",-23.3
"diff1",-15.3
"diff1",-18.3
"diff1",-18.3
"diff1",-25.3
"diff1",-28.3
"diff1",-20.3
"diff1",-22.3
"diff1",-22.3
"diff1",-19.3
"diff1",-28.3
"diff1",-22.3
"diff1",-18.3
"diff1",-28.3
"diff1",-18.3
"diff1",-19.3
"diff1",-21.3
"diff1",-19.3
"diff1",-12.3
"diff1",-20.3
"diff1",-20.3
"diff1",-24.3
"diff1",-19.3
"diff1",-22.3
"diff1",-22.3
"diff1",-23.3
"diff1",-12.3
"diff1",-28.3
"diff1",-25.3
"diff1",-15.3
"diff1",-14.3
"diff1",-27.3
"diff1",-17.3
"diff1",-28.3
"diff1",-19.3
"diff1",-22.3
"diff1",-21.3
"diff1",-25.3
"diff1",-20.3
"diff1",-14.3
"diff1",-13.3
"diff1",-21.3
"diff1",-19.3
"diff1",-13.3
"diff1",-23.3
"diff1",-12.3
"diff1",-12.3
"diff1",-13.3
"diff1",-24.3
"diff1",-18.3
"diff1",-28.3
"diff1",-19.3
"diff1",-14.3
"diff1",-24.3
"diff1",-15.3
"diff1",-23.3
"diff1",-27.3
"diff1",-20.3
"diff1",-30.3
"diff1",-18.3
"diff1",-15.3
"diff1",-24.3
"diff1",-13.3
"diff1",-22.3
"diff1",-29.3
"diff1",-24.3
"diff1",-14.3
"diff1",-23.3
"diff1",-28.3
"diff1",-12.3
"diff1",-26.3
"diff1",-23.3
"diff1",-13.3
"diff1",-24.3
"diff1",-23.3
"diff1",-21.3
"diff1",-20.3
"diff1",-16.3
"diff1",-11.3
"diff1",-22.3
"diff1",-17.3
"diff1",-21.3
"diff1",-21.3
"diff1",-19.3
"diff1",-29.3
"diff1",-17.3
"diff1",-15.3
"diff1",-25.3
"diff1",-31.3
"diff1",-28.3
"diff1",-25.3
"diff1",-22.3
"diff1",-18.3
"diff1",-23.3
"diff1",-20.3
"diff1",-18.3
"diff1",-32.3
"diff1",-27.3
"diff1",-20.3
"diff1",-32.3
"diff1",-32.3
"diff1",-24.3
"diff1",-25.3
"diff1",-20.3
"diff1",-17.3
"diff1",-18.3
"diff1",-26.3
"diff1",-14.3
"diff1",-27.3
"diff1",-33.3
"diff1",-33.3
"diff1",-21.3
"diff1",-33.3
"diff1",-17.3
"diff1",-34.3
"diff1",-32.3
"diff1",-12.3
"diff1",-22.3
"diff1",-17.3
"diff1",-12.3
"diff1",-18.3
"diff1",-24.3
"diff1",-26.3
"diff1",-30.3
"diff1",-15.3
"diff1",-27.3
"diff1",-18.3
"diff1",-25.3
"diff1",-29.3
"diff1",-22.3
"diff1",-22.3
"diff1",-19.3
"diff1",-20.3
"diff1",-24.3
"diff1",-24.3
"diff1",-23.3
"diff1",-15.3
"diff1",-20.3
"diff1",-18.3
"diff1",-19.3
"diff1",-15.3
"diff1",-21.3
"diff1",-26.3
"diff1",-17.3
"diff1",-23.3
"diff1",-24.3
"diff1",-18.3
"diff1",-18.3
"diff1",-19.3
"diff1",-20.3
"diff1",-23.3
"diff1",-23.3
"diff1",-17.3
"diff1",-21.3
"diff1",-32.3
"diff1",-23.3
"diff1",-17.3
"diff1",-22.3
"diff1",-26.3
"diff1",-16.3
"diff1",-16.3
"diff1",-31.3
"diff1",-25.3
"diff1",-10.3
"diff1",-31.3
"diff1",-20.3
"diff1",-24.3
"diff1",-28.3
"diff1",-36.3
"diff1",-16.3
"diff1",-15.3
"diff1",-26.3
"diff1",-30.3
"diff1",-28.3
"diff1",-20.3
"diff1",-16.3
"diff1",-26.3
"diff1",-23.3
"diff1",-21.3
"diff1",-25.3
"diff1",-25.3
"diff1",-28.3
"diff1",-24.3
"diff1",-28.3
"diff1",-12.3
"diff1",-28.3
"diff1",-18.3
"diff1",-13.3
"diff1",-26.3
"diff1",-27.3
"diff1",-22.3
"diff1",-27.3
"diff1",-22.3
"diff1",-23.3
"diff1",-27.3
"diff1",-15.3
"diff1",-10.3
"diff1",-14.3
"diff1",-30.3
"diff1",-15.3
"diff1",-35.3
"diff1",-31.3
"diff1",-26.3
"diff1",-31.3
"diff1",-17.3
"diff1",-27.3
"diff1",-21.3
"diff1",-23.3
"diff1",-15.3
"diff1",-21.3
"diff1",-28.3
"diff1",-32.3
"diff1",-23.3
"diff1",-31.3
"diff1",-26.3
"diff1",-26.3
"diff1",-32.3
"diff1",-20.3
"diff1",-22.3
"diff1",-22.3
"diff1",-26.3
"diff1",-16.3
"diff1",-20.3
"diff1",-22.3
"diff1",-20.3
"diff1",-19.3
"diff1",-23.3
"diff1",-17.3
"diff1",-21.3
"diff1",-24.3
"diff1",-33.3
"diff1",-22.3
"diff1",-27.3
"diff1",-18.3
"diff1",-24.3
"diff1",-27.3
"diff1",-22.3
"diff1",-17.3
"diff1",-23.3
"diff1",-13.3
"diff1",-17.3
"diff1",-34.3
"diff1",-21.3
"diff1",-32.3
"diff1",-9.3
"diff1",-33.3
"diff1",-15.3
"diff1",-24.3
"diff1",-28.3
"diff1",-22.3
"diff1",-16.3
"diff1",-16.3
"diff1",-22.3
"diff1",-23.3
"diff1",-32.3
"diff1",-19.3
"diff1",-25.3
"diff1",-29.3
"diff1",-19.3
"diff1",-16.3
"diff1",-14.3
"diff1",-23.3
"diff1",-15.3
"diff1",-28.3
"diff1",-15.3
"diff1",-35.3
"diff1",-22.3
"diff1",-19.3
"diff1",-30.3
"diff1",-18.3
"diff1",-17.3
"diff1",-18.3
"diff1",-25.3
"diff1",-30.3
"diff1",-13.3
"diff1",-15.3
"diff1",-16.3
"diff1",-29.3
"diff1",-20.3
"diff1",-17.3
"diff1",-26.3
"diff1",-15.3
"diff1",-24.3
"diff1",-22.3
"diff1",-10.3
"diff1",-29.3
"diff1",-9.3
"diff1",-23.3
"diff1",-16.3
"diff1",-15.3
"diff1",-22.3
"diff1",-35.3
"diff1",-21.3
"diff1",-29.3
"diff1",-14.3
"diff1",-21.3
"diff1",-24.3
"diff1",-18.3
"diff1",-18.3
"diff1",-25.3
"diff1",-24.3
"diff1",-30.3
"diff1",-32.3
"diff1",-30.3
"diff1",-25.3
"diff1",-22.3
"diff1",-17.3
"diff1",-21.3
"diff1",-41.3
"diff1",-21.3
"diff1",-23.3
"diff1",-18.3
"diff1",-25.3
"diff1",-39.3
"diff1",-25.3
"diff1",-38.3
"diff1",-34.3
"diff1",-31.3
"diff1",-18.3
"diff1",-34.3
"diff1",-37.3
"diff1",-25.3
"diff1",-26.3
"diff1",-24.3
"diff1",-24.3
"diff1",-28.3
"diff1",-34.3
"diff1",-32.3
"diff1",-16.3
"diff1",-14.3
"diff1",-20.3
"diff1",-33.3
"diff1",-27.3
"diff1",-29.3
"diff1",-11.3
"diff1",-28.3
"diff1",-13.3
"diff1",-18.3
"diff1",-30.3
"diff1",-27.3
"diff1",-28.3
"diff1",-35.3
"diff1",-29.3
"diff1",-31.3
"diff1",-22.3
"diff1",-27.3
"diff1",-26.3
"diff1",-17.3
"diff1",-20.3
"diff1",-29.3
"diff1",-11.3
"diff1",-30.3
"diff1",-28.3
"diff1",-34.3
"diff1",-22.3
"diff1",-35.3
"diff1",-20.3
"diff1",-30.3
"diff1",-29.3
"diff1",-26.3
"diff1",-26.3
"diff1",-35.3
"diff1",-12.3
"diff1",-23.3
"diff1",-24.3
"diff1",-9.3
"diff1",-15.3
"diff1",-27.3
"diff1",-28.3
"diff1",-30.3
"diff1",-37.3
"diff1",-22.3
"diff1",-36.3
"diff1",-14.3
"diff1",-25.3
"diff1",-27.3
"diff1",-41.3
"diff1",-40.3
"diff1",-29.3
"diff1",-26.3
"diff1",-34.3
"diff1",-20.3
"diff1",-32.3
"diff1",-24.3
"diff1",-21.3
"diff1",-26.3
"diff1",-23.3
"diff1",-27.3
"diff1",-39.3
"diff1",-20.3
"diff1",-34.3
"diff1",-27.3
"diff1",-37.3
"diff1",-30.3
"diff1",-23.3
"diff1",-23.3
"diff1",-27.3
"diff1",-25.3
"diff1",-31.3
"diff1",-26.3
"diff1",-22.3
"diff1",-26.3
"diff1",-26.3
"diff1",-20.3
"diff1",-26.3
"diff1",-42.3
"diff1",-22.3
"diff1",-22.3
"diff1",-28.3
"diff1",-32.3
"diff1",-30.3
"diff1",-27.3
"diff1",-36.3
"diff1",-22.3
"diff1",-18.3
"diff1",-28.3
"diff1",-30.3
"diff1",-37.3
"diff1",-31.3
"diff1",-32.3
"diff1",-13.3
"diff1",-31.3
"diff1",-29.3
"diff1",-29.3
"diff1",-26.3
"diff1",-27.3
"diff1",-28.3
"diff1",-26.3
"diff1",-15.3
"diff1",-20.3
"diff1",-17.3
"diff1",-28.3
"diff1",-26.3
"diff1",-40.3
"diff1",-11.3
"diff1",-18.3
"diff1",-28.3
"diff1",-14.3
"diff1",-24.3
"diff1",-22.3
"diff1",-37.3
"diff1",-10.3
"diff1",-27.3
"diff1",-21.3
"diff1",-31.3
"diff1",-18.3
"diff1",-17.3
"diff1",-24.3
"diff1",-31.3
"diff1",-23.3
"diff1",-19.3
"diff1",-30.3
"diff1",-29.3
"diff1",-33.3
"diff1",-25.3
"diff1",-31.3
"diff1",-23.3
"diff1",-34.3
"diff1",-22.3
"diff1",-29.3
"diff1",-30.3
"diff1",-26.3
"diff1",-21.3
"diff1",-36.3
"diff1",-31.3
"diff1",-8.3
"diff1",-17.3
"diff1",-24.3
"diff1",-16.3
"diff1",-12.3
"diff1",-33.3
"diff1",-21.3
"diff1",-23.3
"diff1",-18.3
"diff1",-32.3
"diff1",-25.3
"diff1",-36.3
"diff1",-14.3
"diff1",-32.3
"diff1",-27.3
"diff1",-28.3
"diff1",-36.3
"diff1",-20.3
"diff1",-39.3
"diff1",-29.3
"diff1",-54.3
"diff1",-40.3
"diff1",-5.3
"diff1",-23.3
"diff1",-30.3
"diff1",-36.3
"diff1",-17.3
"diff1",-32.3
"diff1",-28.3
"diff1",-11.3
"diff1",-30.3
"diff1",-25.3
"diff1",-27.3
"diff1",-36.3
"diff1",-52.3
"diff1",-39.3
"diff1",-44.3
"diff1",-34.3
"diff1",-28.3
"diff1",-21.3
"diff1",-9.3
"diff1",-41.3
"diff1",-31.3
"diff1",-23.3
"diff1",-41.3
"diff1",-37.3
"diff1",-27.3
"diff1",-27.3
"diff1",-39.3
"diff1",-20.3
"diff1",-15.3
"diff1",-27.3
"diff1",-33.3
"diff1",-27.3
"diff1",-51.3
"diff1",-8.3
"diff1",-12.3
"diff1",-43.3
"diff1",-17.3
"diff1",-36.3
"diff1",-23.3
"diff1",-18.3
"diff1",-47.3
"diff1",-33.3
"diff1",-30.3
"diff1",-37.3
"diff1",-39.3
"diff1",-40.3
"diff1",-22.3
"diff1",-36.3
"diff1",-12.3
"diff1",-34.3
"diff1",-35.3
"diff1",-29.3
"diff1",-27.3
"diff1",-52.3
"diff1",-33.3
"diff1",-22.3
"diff1",-4.3
"diff1",-15.3
"diff1",-26.3
"diff1",-32.3
"diff1",-18.3
"diff1",-19.3
"diff1",-43.3
"diff1",-49.3
"diff1",-23.3
"diff1",-4.3
"diff1",-43.3
"diff1",-35.3
"diff1",-37.3
"diff1",-9.3
"diff1",-10.3
"diff1",-52.3
"diff1",-52.3
"diff1",-31.3
"diff1",-50.3
"diff1",-45.3
"diff1",-18.3
"diff1",-29.3
"diff1",-38.3
"diff1",-16.3
"diff1",-56.3
"diff1",-22.3
"diff1",-36.3
"diff1",-43.3
"diff1",-17.3
"diff1",-25.3
"diff1",-22.3
"diff1",-38.3
"diff1",-4.3
"diff1",-10.3
"diff1",-23.3
"diff1",-31.3
"diff1",-4.3
"diff1",-43.3
"diff1",-43.3
"diff1",-35.3
"diff1",-43.3
"diff1",-27.3
"diff1",-45.3
"diff1",-12.3
"diff1",-10.3
"diff1",-34.3
"diff1",-37.3
"diff1",-28.3
"diff1",-28.3
"diff1",-16.3
"diff1",-26.3
"diff1",-32.3
"diff1",-16.3
"diff1",-35.3
"diff1",-19.3
"diff1",-37.3
"diff1",-26.3
"diff1",-10.3
"diff1",-33.3
"diff1",-10.3
"diff1",-52.3
"diff1",-54.3
"diff1",-22.3
"diff1",-16.3
"diff1",-37.3
"diff1",-11.3
"diff1",-24.3
"diff1",-13.3
"diff1",-33.3
"diff1",-8.3
"diff1",-27.3
"diff1",-48.3
"diff1",-56.3
"diff1",-12.3
"diff1",-34.3
"diff1",-26.3
"diff1",-28.3
"diff1",-33.3
"diff1",-20.3
"diff1",-15.3
"diff1",-32.3
"diff1",-34.3
"diff1",-22.3
"diff1",-37.3
"diff1",-28.3
"diff1",-26.3
"diff1",-17.3
"diff1",-14.3
"diff1",-20.3
"diff1",-20.3
"diff1",-14.3
"diff1",-20.3
"diff1",-39.3
"diff1",-30.3
"diff1",-24.3
"diff1",-20.3
"diff1",-31.3
"diff1",-33.3
"diff1",-14.3
"diff1",-23.3
"diff1",-6.3
"diff1",-12.3
"diff1",-37.3
"diff1",-44.3
"diff1",-33.3
"diff1",-26.3
"diff1",-15.3
"diff1",-43.3
"diff1",-26.3
"diff1",-27.3
"diff1",-39.3
"diff1",-21.3
"diff1",-23.3
"diff1",-27.3
"diff1",-30.3
"diff1",-11.3
"diff1",-35.3
"diff1",-38.3
"diff1",-16.3
"diff1",-38.3
"diff1",-19.3
"diff1",-35.3
"diff1",-43.3
"diff1",-31.3
"diff1",-38.3
"diff1",-51.3
"diff1",-11.3
"diff1",-45.3
"diff1",-15.3
"diff1",-26.3
"diff1",-36.3
"diff1",-17.3
"diff1",-31.3
"diff1",-27.3
"diff1",-8.3
"diff1",-32.3
"diff1",-34.3
"diff1",-43.3
"diff1",-12.3
"diff1",-12.3
"diff1",-5.3
"diff1",-42.3
"diff1",-32.3
"diff1",-18.3
"diff1",-65.3
"diff1",13.7
"diff1",3.7
"diff1",-86.3
"diff1",-20.3
"diff1",10.7
"diff1",-27.3
"diff1",-120.3
"diff1",39.7
"diff1",-28.3
"diff1",-56.3
"diff1",-37.3
"diff1",-21.3
"diff1",58.7
"diff1",-17.3
"diff1",-40.3
"diff1",35.7
"diff1",14.7
"diff1",1.7
"diff1",-33.3
"diff1",-1.3
"diff1",-59.3
"diff1",12.7
"diff1",-47.3
"diff1",-38.3
"diff1",-14.3
"diff1",-27.3
"diff1",-46.3
"diff1",35.7
"diff1",-18.3
"diff1",-69.3
"diff1",-18.3
"diff1",-38.3
"diff1",-69.3
"diff1",-53.3
"diff1",-30.3
"diff1",-47.3
"diff1",-58.3
"diff1",-7.3
"diff1",-25.3
"diff1",-25.3
"diff1",-40.3
"diff1",-30.3
"diff1",-86.3
"diff1",-17.3
"diff1",-117.3
"diff1",-37.3
"diff1",-14.3
"diff1",-47.3
"diff1",-71.3
"diff1",-39.3
"diff1",-64.3
"diff1",-44.3
"diff1",-35.3
"diff1",-0.300000000000001
"diff1",-32.3
"diff1",-66.3
"diff1",-45.3
"diff1",-44.3
"diff1",-51.3
"diff1",-9.3
"diff1",-12.3
"diff1",-20.3
"diff1",-13.3
"diff1",-74.3
"diff1",-54.3
"diff1",-23.3
"diff1",-5.3
"diff1",-20.3
"diff1",-45.3
"diff1",-153.3
"diff1",54.7
"diff1",-31.3
"diff1",-29.3
"diff1",-1.3
"diff1",20.7
"diff1",-39.3
"diff1",-21.3
"diff1",-71.3
"diff1",-30.3
"diff1",-19.3
"diff1",-138.3
"diff1",-66.3
"diff1",-37.3
"diff1",-27.3
"diff1",-92.3
"diff1",5.7
"diff1",-125.3
"diff1",-27.3
"diff1",11.7
"diff1",-68.3
"diff1",-30.3
"diff1",-38.3
"diff1",54.7
"diff1",-26.3
"diff1",-34.3
"diff1",-29.3
"diff1",-4.3
"diff1",-29.3
"diff1",-27.3
"diff1",-56.3
"diff1",-104.3
"diff1",-29.3
"diff1",-32.3
"diff1",-31.3
"diff1",0.699999999999999
"diff1",-81.3
"diff1",-55.3
"diff1",-27.3
"diff1",-21.3
"diff1",28.7
"diff1",-19.3
"diff1",-83.3
"diff1",-66.3
"diff1",-63.3
"diff1",-41.3
"diff1",-50.3
"diff1",-6.3
"diff1",-19.3
"diff1",19.7
"diff1",-34.3
"diff1",-54.3
"diff1",-18.3
"diff1",-56.3
"diff1",-38.3
"diff1",-44.3
"diff1",-18.3
"diff1",41.7
"diff1",-57.3
"diff1",-37.3
"diff1",-30.3
"diff1",-12.3
"diff1",40.7
"diff1",-31.3
"diff1",-56.3
"diff1",-34.3
"diff1",-60.3
"diff1",-134.3
"diff1",-5.3
"diff1",6.7
"diff1",1.7
"diff1",-40.3
"diff1",-23.3
"diff1",-28.3
"diff1",-56.3
"diff1",9.7
"diff1",-24.3
"diff1",-44.3
"diff1",-26.3
"diff1",-59.3
"diff1",-64.3
"diff1",48.7
"diff1",-12.3
"diff1",-25.3
"diff1",-7.3
"diff1",-35.3
"diff1",0.699999999999999
"diff1",-48.3
"diff1",-12.3
"diff1",10.7
"diff1",-56.3
"diff1",-83.3
"diff1",6.7
"diff2",-21.3
"diff2",3.7
"diff2",-16.3
"diff2",8.7
"diff2",-149.3
"diff2",-49.3
"diff2",62.7
"diff2",27.7
"diff2",-23.3
"diff2",-123.3
"diff2",-30.3
"diff2",-29.3
"diff2",-3.3
"diff2",-36.3
"diff2",-64.3
"diff2",5.7
"diff2",-34.3
"diff2",-13.3
"diff2",88.7
"diff2",-14.3
"diff2",-27.3
"diff2",-147.3
"diff2",104.7
"diff2",5.7
"diff2",87.7
"diff2",46.7
"diff2",2.7
"diff2",16.7
"diff2",-34.3
"diff2",-17.3
"diff2",-138.3
"diff2",3.7
"diff2",-136.3
"diff2",-124.3
"diff2",8.7
"diff2",111.7
"diff2",-140.3
"diff2",-10.3
"diff2",-17.3
"diff2",-13.3
"diff2",-33.3
"diff2",5.7
"diff2",-13.3
"diff2",-146.3
"diff2",-45.3
"diff2",84.7
"diff2",-132.3
"diff2",7.7
"diff2",-9.3
"diff2",-110.3
"diff2",-45.3
"diff2",-17.3
"diff2",112.7
"diff2",-145.3
"diff2",-27.3
"diff2",-11.3
"diff2",-144.3
"diff2",108.7
"diff2",-44.3
"diff2",48.7
"diff2",-14.3
"diff2",-34.3
"diff2",-35.3
"diff2",-8.3
"diff2",-41.3
"diff2",-14.3
"diff2",-26.3
"diff2",-77.3
"diff2",14.7
"diff2",14.7
"diff2",-23.3
"diff2",-47.3
"diff2",-17.3
"diff2",-142.3
"diff2",10.7
"diff2",74.7
"diff2",-52.3
"diff2",-35.3
"diff2",55.7
"diff2",-7.3
"diff2",-17.3
"diff2",-29.3
"diff2",-19.3
"diff2",-1.3
"diff2",-13.3
"diff2",-25.3
"diff2",-115.3
"diff2",12.7
"diff2",1.7
"diff2",-46.3
"diff2",-68.3
"diff2",-33.3
"diff2",-77.3
"diff2",99.7
"diff2",1.7
"diff2",-5.3
"diff2",57.7
"diff2",-49.3
"diff2",-18.3
"diff2",-27.3
"diff2",78.7
"diff2",109.7
"diff2",-17.3
"diff2",42.7
"diff2",-7.3
"diff2",26.7
"diff2",-74.3
"diff2",44.7
"diff2",56.7
"diff2",-63.3
"diff2",60.7
"diff2",5.7
"diff2",80.7
"diff2",-15.3
"diff2",-135.3
"diff2",-39.3
"diff2",-37.3
"diff2",-63.3
"diff2",-2.3
"diff2",-19.3
"diff2",-4.3
"diff2",28.7
"diff2",-137.3
"diff2",100.7
"diff2",-15.3
"diff2",-4.3
"diff2",-27.3
"diff2",-24.3
"diff2",48.7
"diff2",-17.3
"diff2",-2.3
"diff2",-17.3
"diff2",-118.3
"diff2",-69.3
"diff2",-46.3
"diff2",-150.3
"diff2",-50.3
"diff2",-15.3
"diff2",-24.3
"diff2",15.7
"diff2",11.7
"diff2",-70.3
"diff2",-41.3
"diff2",-4.3
"diff2",-12.3
"diff2",-61.3
"diff2",23.7
"diff2",-20.3
"diff2",42.7
"diff2",-12.3
"diff2",-7.3
"diff2",-57.3
"diff2",45.7
"diff2",-99.3
"diff2",-9.3
"diff2",91.7
"diff2",-21.3
"diff2",113.7
"diff2",35.7
"diff2",97.7
"diff2",63.7
"diff2",-85.3
"diff2",-25.3
"diff2",-32.3
"diff2",-75.3
"diff2",-26.3
"diff2",14.7
"diff2",97.7
"diff2",-139.3
"diff2",22.7
"diff2",-31.3
"diff2",-18.3
"diff2",-24.3
"diff2",46.7
"diff2",-105.3
"diff2",-36.3
"diff2",-63.3
"diff2",-44.3
"diff2",23.7
"diff2",28.7
"diff2",23.7
"diff2",64.7
"diff2",-45.3
"diff2",-81.3
"diff2",15.7
"diff2",-37.3
"diff2",36.7
"diff2",-11.3
"diff2",-36.3
"diff2",-146.3
"diff2",-83.3
"diff2",-23.3
"diff2",1.7
"diff2",-6.3
"diff2",15.7
"diff2",-17.3
"diff2",-8.3
"diff2",25.7
"diff2",-18.3
"diff2",13.7
"diff2",-15.3
"diff2",-20.3
"diff2",-3.3
"diff2",-0.300000000000001
"diff2",6.7
"diff2",-30.3
"diff2",-11.3
"diff2",-13.3
"diff2",-17.3
"diff2",1.7
"diff2",-10.3
"diff2",-17.3
"diff2",8.7
"diff2",1.7
"diff2",-11.3
"diff2",-27.3
"diff2",-44.3
"diff2",-31.3
"diff2",0.699999999999999
"diff2",-14.3
"diff2",-4.3
"diff2",-28.3
"diff2",-20.3
"diff2",-15.3
"diff2",3.7
"diff2",-18.3
"diff2",-16.3
"diff2",-7.3
"diff2",-32.3
"diff2",-2.3
"diff2",-24.3
"diff2",-21.3
"diff2",-5.3
"diff2",-2.3
"diff2",-4.3
"diff2",-21.3
"diff2",-7.3
"diff2",-30.3
"diff2",-21.3
"diff2",-28.3
"diff2",-18.3
"diff2",-4.3
"diff2",-1.3
"diff2",-23.3
"diff2",-1.3
"diff2",-13.3
"diff2",-8.3
"diff2",-23.3
"diff2",-19.3
"diff2",-24.3
"diff2",-24.3
"diff2",-1.3
"diff2",-5.3
"diff2",-12.3
"diff2",10.7
"diff2",-16.3
"diff2",-24.3
"diff2",-0.300000000000001
"diff2",-12.3
"diff2",-7.3
"diff2",-13.3
"diff2",-11.3
"diff2",-25.3
"diff2",-31.3
"diff2",-29.3
"diff2",-6.3
"diff2",-31.3
"diff2",6.7
"diff2",-14.3
"diff2",-20.3
"diff2",-39.3
"diff2",5.7
"diff2",-17.3
"diff2",-6.3
"diff2",-1.3
"diff2",-8.3
"diff2",-11.3
"diff2",-16.3
"diff2",-6.3
"diff2",-15.3
"diff2",-17.3
"diff2",-14.3
"diff2",-13.3
"diff2",-13.3
"diff2",-20.3
"diff2",-4.3
"diff2",-0.300000000000001
"diff2",-27.3
"diff2",-25.3
"diff2",-14.3
"diff2",-4.3
"diff2",-15.3
"diff2",-7.3
"diff2",-19.3
"diff2",-14.3
"diff2",-7.3
"diff2",-0.300000000000001
"diff2",-33.3
"diff2",-16.3
"diff2",-21.3
"diff2",-1.3
"diff2",-7.3
"diff2",-13.3
"diff2",-20.3
"diff2",-29.3
"diff2",-35.3
"diff2",-26.3
"diff2",-19.3
"diff2",-6.3
"diff2",-13.3
"diff2",-22.3
"diff2",-31.3
"diff2",5.7
"diff2",-16.3
"diff2",-20.3
"diff2",-15.3
"diff2",-4.3
"diff2",-35.3
"diff2",2.7
"diff2",-17.3
"diff2",-17.3
"diff2",-0.300000000000001
"diff2",-23.3
"diff2",-16.3
"diff2",-27.3
"diff2",-31.3
"diff2",-9.3
"diff2",-5.3
"diff2",-43.3
"diff2",-6.3
"diff2",-26.3
"diff2",-20.3
"diff2",-31.3
"diff2",-30.3
"diff2",-6.3
"diff2",-24.3
"diff2",-28.3
"diff2",-16.3
"diff2",-15.3
"diff2",-16.3
"diff2",-7.3
"diff2",-44.3
"diff2",-30.3
"diff2",-2.3
"diff2",-2.3
"diff2",-2.3
"diff2",-17.3
"diff2",-22.3
"diff2",8.7
"diff2",-17.3
"diff2",-4.3
"diff2",-14.3
"diff2",-5.3
"diff2",-19.3
"diff2",-37.3
"diff2",-12.3
"diff2",-14.3
"diff2",-1.3
"diff2",-16.3
"diff2",1.7
"diff2",-15.3
"diff2",-4.3
"diff2",1.7
"diff2",-31.3
"diff2",-28.3
"diff2",-28.3
"diff2",-11.3
"diff2",-0.300000000000001
"diff2",-35.3
"diff2",-33.3
"diff2",-31.3
"diff2",-2.3
"diff2",-16.3
"diff2",-19.3
"diff2",-11.3
"diff2",-20.3
"diff2",-19.3
"diff2",9.7
"diff2",4.7
"diff2",-3.3
"diff2",2.7
"diff2",-23.3
"diff2",-23.3
"diff2",-19.3
"diff2",-2.3
"diff2",-27.3
"diff2",-37.3
"diff2",-13.3
"diff2",-39.3
"diff2",-16.3
"diff2",-14.3
"diff2",-13.3
"diff2",-9.3
"diff2",-15.3
"diff2",-11.3
"diff2",-24.3
"diff2",-34.3
"diff2",-2.3
"diff2",-14.3
"diff2",-30.3
"diff2",-29.3
"diff2",-17.3
"diff2",-13.3
"diff2",-10.3
"diff2",-13.3
"diff2",-18.3
"diff2",-27.3
"diff2",-18.3
"diff2",-28.3
"diff2",-21.3
"diff2",-11.3
"diff2",-3.3
"diff2",-17.3
"diff2",-23.3
"diff2",-34.3
"diff2",-13.3
"diff2",-30.3
"diff2",-7.3
"diff2",-12.3
"diff2",-10.3
"diff2",-15.3
"diff2",-11.3
"diff2",-5.3
"diff2",-16.3
"diff2",-22.3
"diff2",-29.3
"diff2",-13.3
"diff2",-16.3
"diff2",-22.3
"diff2",-14.3
"diff2",-14.3
"diff2",-16.3
"diff2",-9.3
"diff2",-9.3
"diff2",-10.3
"diff2",-30.3
"diff2",-8.3
"diff2",-20.3
"diff2",-23.3
"diff2",-10.3
"diff2",-17.3
"diff2",-15.3
"diff2",-9.3
"diff2",-10.3
"diff2",-14.3
"diff2",-14.3
"diff2",-17.3
"diff2",-9.3
"diff2",-20.3
"diff2",-15.3
"diff2",-19.3
"diff2",-4.3
"diff2",-12.3
"diff2",-3.3
"diff2",-20.3
"diff2",-10.3
"diff2",-12.3
"diff2",-19.3
"diff2",-13.3
"diff2",-10.3
"diff2",-14.3
"diff2",-20.3
"diff2",-15.3
"diff2",-20.3
"diff2",-16.3
"diff2",-11.3
"diff2",-15.3
"diff2",-12.3
"diff2",-12.3
"diff2",-13.3
"diff2",-16.3
"diff2",-9.3
"diff2",-13.3
"diff2",-23.3
"diff2",-15.3
"diff2",-5.3
"diff2",-11.3
"diff2",-25.3
"diff2",-16.3
"diff2",-13.3
"diff2",-11.3
"diff2",-11.3
"diff2",-20.3
"diff2",-2.3
"diff2",-5.3
"diff2",-10.3
"diff2",-22.3
"diff2",-8.3
"diff2",-29.3
"diff2",-15.3
"diff2",-7.3
"diff2",-28.3
"diff2",-27.3
"diff2",-8.3
"diff2",-23.3
"diff2",-7.3
"diff2",-12.3
"diff2",-25.3
"diff2",-21.3
"diff2",-30.3
"diff2",-16.3
"diff2",-9.3
"diff2",-22.3
"diff2",-13.3
"diff2",-12.3
"diff2",-18.3
"diff2",-15.3
"diff2",-34.3
"diff2",-11.3
"diff2",-9.3
"diff2",-10.3
"diff2",-14.3
"diff2",-24.3
"diff2",-23.3
"diff2",-11.3
"diff2",-7.3
"diff2",-15.3
"diff2",-15.3
"diff2",-13.3
"diff2",-14.3
"diff2",-6.3
"diff2",-15.3
"diff2",-17.3
"diff2",-24.3
"diff2",-17.3
"diff2",-16.3
"diff2",-3.3
"diff2",-24.3
"diff2",-18.3
"diff2",-32.3
"diff2",-29.3
"diff2",-26.3
"diff2",-19.3
"diff2",-15.3
"diff2",-21.3
"diff2",-20.3
"diff2",-14.3
"diff2",-20.3
"diff2",-24.3
"diff2",-23.3
"diff2",-12.3
"diff2",-3.3
"diff2",-8.3
"diff2",-19.3
"diff2",-26.3
"diff2",-26.3
"diff2",-9.3
"diff2",-19.3
"diff2",-17.3
"diff2",-14.3
"diff2",-17.3
"diff2",-2.3
"diff2",-9.3
"diff2",-18.3
"diff2",-19.3
"diff2",-14.3
"diff2",-14.3
"diff2",-20.3
"diff2",-11.3
"diff2",-19.3
"diff2",-26.3
"diff2",-25.3
"diff2",-24.3
"diff2",-6.3
"diff2",-34.3
"diff2",-20.3
"diff2",-15.3
"diff2",-13.3
"diff2",-20.3
"diff2",-16.3
"diff2",-14.3
"diff2",-0.300000000000001
"diff2",-26.3
"diff2",-20.3
"diff2",-28.3
"diff2",-21.3
"diff2",-6.3
"diff2",-26.3
"diff2",-1.3
"diff2",0.699999999999999
"diff2",-22.3
"diff2",-17.3
"diff2",-8.3
"diff2",-12.3
"diff2",-9.3
"diff2",-32.3
"diff2",-10.3
"diff2",-18.3
"diff2",-20.3
"diff2",-20.3
"diff2",-12.3
"diff2",-22.3
"diff2",-16.3
"diff2",-3.3
"diff2",-14.3
"diff2",-15.3
"diff2",-16.3
"diff2",-12.3
"diff2",-16.3
"diff2",-14.3
"diff2",-1.3
"diff2",-20.3
"diff2",-18.3
"diff2",-17.3
"diff2",-17.3
"diff2",-7.3
"diff2",-25.3
"diff2",-7.3
"diff2",-19.3
"diff2",-9.3
"diff2",-11.3
"diff2",-10.3
"diff2",-7.3
"diff2",-13.3
"diff2",-8.3
"diff2",-9.3
"diff2",-18.3
"diff2",-19.3
"diff2",-15.3
"diff2",-16.3
"diff2",-6.3
"diff2",-13.3
"diff2",-27.3
"diff2",-14.3
"diff2",-10.3
"diff2",-10.3
"diff2",-3.3
"diff2",-22.3
"diff2",-17.3
"diff2",-21.3
"diff2",-23.3
"diff2",-24.3
"diff2",-18.3
"diff2",-3.3
"diff2",-15.3
"diff2",-7.3
"diff2",-20.3
"diff2",-13.3
"diff2",-10.3
"diff2",-15.3
"diff2",-11.3
"diff2",-17.3
"diff2",-12.3
"diff2",-12.3
"diff2",-4.3
"diff2",-14.3
"diff2",-19.3
"diff2",-3.3
"diff2",-15.3
"diff2",-9.3
"diff2",-8.3
"diff2",-13.3
"diff2",-18.3
"diff2",-7.3
"diff2",-16.3
"diff2",-19.3
"diff2",-13.3
"diff2",-13.3
"diff2",-24.3
"diff2",-17.3
"diff2",-13.3
"diff2",-16.3
"diff2",-10.3
"diff2",-16.3
"diff2",-8.3
"diff2",-10.3
"diff2",-17.3
"diff2",-21.3
"diff2",-11.3
"diff2",-6.3
"diff2",-24.3
"diff2",-13.3
"diff2",-16.3
"diff2",-12.3
"diff2",-13.3
"diff2",-18.3
"diff2",-4.3
"diff2",-25.3
"diff2",-13.3
"diff2",-22.3
"diff2",-19.3
"diff2",-12.3
"diff2",-14.3
"diff2",-25.3
"diff2",-11.3
"diff2",-23.3
"diff2",-16.3
"diff2",-22.3
"diff2",-18.3
"diff2",-11.3
"diff2",-8.3
"diff2",-16.3
"diff2",-13.3
"diff2",-8.3
"diff2",-19.3
"diff2",-9.3
"diff2",-14.3
"diff2",-20.3
"diff2",-2.3
"diff2",-17.3
"diff2",-10.3
"diff2",-11.3
"diff2",-18.3
"diff2",-24.3
"diff2",-5.3
"diff2",-13.3
"diff2",-10.3
"diff2",-10.3
"diff2",-18.3
"diff2",-17.3
"diff2",-8.3
"diff2",-10.3
"diff2",-13.3
"diff2",-19.3
"diff2",-21.3
"diff2",-13.3
"diff2",-4.3
"diff2",-15.3
"diff2",-16.3
"diff2",-17.3
"diff2",-11.3
"diff2",-23.3
"diff2",-12.3
"diff2",-22.3
"diff2",-14.3
"diff2",-19.3
"diff2",-9.3
"diff2",-18.3
"diff2",-12.3
"diff2",-13.3
"diff2",-4.3
"diff2",-19.3
"diff2",-12.3
"diff2",-16.3
"diff2",-19.3
"diff2",-21.3
"diff2",-9.3
"diff2",-17.3
"diff2",-13.3
"diff2",-13.3
"diff2",-15.3
"diff2",-14.3
"diff2",-6.3
"diff2",-11.3
"diff2",-21.3
"diff2",-23.3
"diff2",-22.3
"diff2",-12.3
"diff2",-17.3
"diff2",-11.3
"diff2",-12.3
"diff2",-2.3
"diff2",-11.3
"diff2",-28.3
"diff2",-9.3
"diff2",-25.3
"diff2",-14.3
"diff2",-10.3
"diff2",-20.3
"diff2",-12.3
"diff2",-21.3
"diff2",-21.3
"diff2",-24.3
"diff2",-13.3
"diff2",-23.3
"diff2",-20.3
"diff2",-23.3
"diff2",-6.3
"diff2",-11.3
"diff2",-5.3
"diff2",-27.3
"diff2",-13.3
"diff2",-16.3
"diff2",-22.3
"diff2",-14.3
"diff2",-10.3
"diff2",-7.3
"diff2",-21.3
"diff2",-11.3
"diff2",-14.3
"diff2",-19.3
"diff2",-18.3
"diff2",-8.3
"diff2",-20.3
"diff2",-21.3
"diff2",-11.3
"diff2",-11.3
"diff2",-10.3
"diff2",-18.3
"diff2",-15.3
"diff2",-9.3
"diff2",-24.3
"diff2",-11.3
"diff2",-13.3
"diff2",-5.3
"diff2",-12.3
"diff2",-16.3
"diff2",-18.3
"diff2",-14.3
"diff2",-14.3
"diff2",-16.3
"diff2",-17.3
"diff2",-27.3
"diff2",-15.3
"diff2",-21.3
"diff2",-22.3
"diff2",-4.3
"diff2",-12.3
"diff2",-19.3
"diff2",-6.3
"diff2",-18.3
"diff2",-23.3
"diff2",-17.3
"diff2",-20.3
"diff2",-12.3
"diff2",-26.3
"diff2",-14.3
"diff2",-26.3
"diff2",-13.3
"diff2",-14.3
"diff2",-18.3
"diff2",-20.3
"diff2",-20.3
"diff2",-6.3
"diff2",-7.3
"diff2",-25.3
"diff2",-25.3
"diff2",-12.3
"diff2",-20.3
"diff2",-19.3
"diff2",-8.3
"diff2",-19.3
"diff2",-12.3
"diff2",-3.3
"diff2",-15.3
"diff2",-11.3
"diff2",-19.3
"diff2",-28.3
"diff2",-12.3
"diff2",-15.3
"diff2",-13.3
"diff2",-10.3
"diff2",-20.3
"diff2",-5.3
"diff2",-20.3
"diff2",-9.3
"diff2",-12.3
"diff2",-8.3
"diff2",-15.3
"diff2",-16.3
"diff2",-9.3
"diff2",-5.3
"diff2",-7.3
"diff2",-6.3
"diff2",-6.3
"diff2",-22.3
"diff2",-12.3
"diff2",-12.3
"diff2",-22.3
"diff2",-28.3
"diff2",-17.3
"diff2",-19.3
"diff2",-15.3
"diff2",-7.3
"diff2",-7.3
"diff2",-15.3
"diff2",-13.3
"diff2",-16.3
"diff2",-19.3
"diff2",-5.3
"diff2",-7.3
"diff2",-19.3
"diff2",-15.3
"diff2",-3.3
"diff2",-20.3
"diff2",-15.3
"diff2",-10.3
"diff2",-20.3
"diff2",-20.3
"diff2",-25.3
"diff2",-7.3
"diff2",-16.3
"diff2",-17.3
"diff2",-17.3
"diff2",-10.3
"diff2",-4.3
"diff2",-9.3
"diff2",-8.3
"diff2",-13.3
"diff2",-15.3
"diff2",-19.3
"diff2",-6.3
"diff2",-28.3
"diff2",-19.3
"diff2",-7.3
"diff2",-21.3
"diff2",-21.3
"diff2",-10.3
"diff2",-15.3
"diff2",-3.3
"diff2",-4.3
"diff2",-8.3
"diff2",-11.3
"diff2",-16.3
"diff2",-8.3
"diff2",-16.3
"diff2",-16.3
"diff2",-22.3
"diff2",-5.3
"diff2",-13.3
"diff2",-15.3
"diff2",-14.3
"diff2",-8.3
"diff2",-14.3
"diff2",-20.3
"diff2",-27.3
"diff2",-15.3
"diff2",-11.3
"diff2",-17.3
"diff2",-17.3
"diff2",-15.3
"diff2",-21.3
"diff2",-17.3
"diff2",-17.3
"diff2",-20.3
"diff2",-21.3
"diff2",-7.3
"diff2",-22.3
"diff2",-18.3
"diff2",-14.3
"diff2",-19.3
"diff2",-20.3
"diff2",-23.3
"diff2",-24.3
"diff2",-19.3
"diff2",-15.3
"diff2",-16.3
"diff2",-9.3
"diff2",-19.3
"diff2",-5.3
"diff2",-21.3
"diff2",-17.3
"diff2",-16.3
"diff2",-12.3
"diff2",-23.3
"diff2",-9.3
"diff2",-21.3
"diff2",-22.3
"diff2",-24.3
"diff2",-9.3
"diff2",-9.3
"diff2",-10.3
"diff2",-23.3
"diff2",-18.3
"diff2",-13.3
"diff2",-11.3
"diff2",-26.3
"diff2",-17.3
"diff2",-20.3
"diff2",-4.3
"diff2",-19.3
"diff2",-15.3
"diff2",-16.3
"diff2",-16.3
"diff2",-5.3
"diff2",-20.3
"diff2",-23.3
"diff2",-7.3
"diff2",-11.3
"diff2",-11.3
"diff2",-13.3
"diff2",-23.3
"diff2",-14.3
"diff2",-11.3
"diff2",-23.3
"diff2",-11.3
"diff2",-20.3
"diff2",-13.3
"diff2",-17.3
"diff2",-26.3
"diff2",-20.3
"diff2",-19.3
"diff2",-11.3
"diff2",-14.3
"diff2",-13.3
"diff2",-12.3
"diff2",-16.3
"diff2",-15.3
"diff2",-6.3
"diff2",-15.3
"diff2",-14.3
"diff2",-15.3
"diff2",-17.3
"diff2",-23.3
"diff2",-9.3
"diff2",-4.3
"diff2",-5.3
"diff2",-12.3
"diff2",-13.3
"diff2",-18.3
"diff2",-13.3
"diff2",-25.3
"diff2",-17.3
"diff2",-17.3
"diff2",-10.3
"diff2",-8.3
"diff2",-12.3
"diff2",-24.3
"diff2",-14.3
"diff2",-24.3
"diff2",-18.3
"diff2",-14.3
"diff2",-18.3
"diff2",-11.3
"diff2",-17.3
"diff2",-12.3
"diff2",-16.3
"diff2",-15.3
"diff2",-16.3
"diff2",-21.3
"diff2",-23.3
"diff2",-15.3
"diff2",-11.3
"diff2",-18.3
"diff2",-18.3
"diff2",-16.3
"diff2",-18.3
"diff2",-14.3
"diff2",-16.3
"diff2",-17.3
"diff2",-12.3
"diff2",-17.3
"diff2",-19.3
"diff2",-9.3
"diff2",-14.3
"diff2",-17.3
"diff2",-15.3
"diff2",-15.3
"diff2",-25.3
"diff2",-16.3
"diff2",-14.3
"diff2",-10.3
"diff2",-15.3
"diff2",-22.3
"diff2",-16.3
"diff2",-16.3
"diff2",-16.3
"diff2",-19.3
"diff2",-14.3
"diff2",-16.3
"diff2",-16.3
"diff2",-17.3
"diff2",-16.3
"diff2",-21.3
"diff2",-24.3
"diff2",-8.3
"diff2",-9.3
"diff2",-23.3
"diff2",-16.3
"diff2",-11.3
"diff2",-15.3
"diff2",-20.3
"diff2",-9.3
"diff2",-15.3
"diff2",-22.3
"diff2",-15.3
"diff2",-11.3
"diff2",-21.3
"diff2",-20.3
"diff2",-17.3
"diff2",-13.3
"diff2",-20.3
"diff2",-15.3
"diff2",-22.3
"diff2",-12.3
"diff2",-18.3
"diff2",-16.3
"diff2",-23.3
"diff2",-25.3
"diff2",-19.3
"diff2",-18.3
"diff2",-12.3
"diff2",-21.3
"diff2",-9.3
"diff2",-15.3
"diff2",-11.3
"diff2",-9.3
"diff2",-12.3
"diff2",-24.3
"diff2",-17.3
"diff2",-20.3
"diff2",-15.3
"diff2",-18.3
"diff2",-16.3
"diff2",-18.3
"diff2",-23.3
"diff2",-12.3
"diff2",-17.3
"diff2",-16.3
"diff2",-15.3
"diff2",-21.3
"diff2",-11.3
"diff2",-10.3
"diff2",-13.3
"diff2",-19.3
"diff2",-14.3
"diff2",-24.3
"diff2",-23.3
"diff2",-22.3
"diff2",-21.3
"diff2",-17.3
"diff2",-13.3
"diff2",-11.3
"diff2",-16.3
"diff2",-14.3
"diff2",-21.3
"diff2",-17.3
"diff2",-13.3
"diff2",-17.3
"diff2",-22.3
"diff2",-10.3
"diff2",-19.3
"diff2",-17.3
"diff2",-20.3
"diff2",-13.3
"diff2",-22.3
"diff2",-17.3
"diff2",-20.3
"diff2",-17.3
"diff2",-9.3
"diff2",-20.3
"diff2",-17.3
"diff2",-25.3
"diff2",-24.3
"diff2",-15.3
"diff2",-16.3
"diff2",-17.3
"diff2",-14.3
"diff2",-18.3
"diff2",-20.3
"diff2",-14.3
"diff2",-15.3
"diff2",-13.3
"diff2",-20.3
"diff2",-15.3
"diff2",-18.3
"diff2",-18.3
"diff2",-21.3
"diff2",-20.3
"diff2",-21.3
"diff2",-10.3
"diff2",-19.3
"diff2",-14.3
"diff2",-16.3
"diff2",-13.3
"diff2",-13.3
"diff2",-12.3
"diff2",-11.3
"diff2",-14.3
"diff2",-13.3
"diff2",-16.3
"diff2",-16.3
"diff2",-16.3
"diff2",-13.3
"diff2",-17.3
"diff2",-19.3
"diff2",-24.3
"diff2",-19.3
"diff2",-14.3
"diff2",-12.3
"diff2",-20.3
"diff2",-17.3
"diff2",-12.3
"diff2",-26.3
"diff2",-23.3
"diff2",-20.3
"diff2",-12.3
"diff2",-16.3
"diff2",-12.3
"diff2",-14.3
"diff2",-18.3
"diff2",-15.3
"diff2",-13.3
"diff2",-8.3
"diff2",-9.3
"diff2",-23.3
"diff2",-11.3
"diff2",-19.3
"diff2",-19.3
"diff2",-19.3
"diff2",-19.3
"diff2",-15.3
"diff2",-10.3
"diff2",-13.3
"diff2",-15.3
"diff2",-14.3
"diff2",-18.3
"diff2",-16.3
"diff2",-21.3
"diff2",-15.3
"diff2",-17.3
"diff2",-11.3
"diff2",-11.3
"diff2",-17.3
"diff2",-17.3
"diff2",-12.3
"diff2",-25.3
"diff2",-14.3
"diff2",-16.3
"diff2",-11.3
"diff2",-18.3
"diff2",-15.3
"diff2",-21.3
"diff2",-10.3
"diff2",-19.3
"diff2",-17.3
"diff2",-20.3
"diff2",-17.3
"diff2",-21.3
"diff2",-15.3
"diff2",-16.3
"diff2",-20.3
"diff2",-12.3
"diff2",-12.3
"diff2",-18.3
"diff2",-17.3
"diff2",-11.3
"diff2",-12.3
"diff2",-16.3
"diff2",-20.3
"diff2",-18.3
"diff2",-13.3
"diff2",-25.3
"diff2",-11.3
"diff2",-22.3
"diff2",-14.3
"diff2",-10.3
"diff2",-16.3
"diff2",-13.3
"diff2",-22.3
"diff2",-21.3
"diff2",-15.3
"diff2",-16.3
"diff2",-18.3
"diff2",-13.3
"diff2",-10.3
"diff2",-16.3
"diff2",-24.3
"diff2",-20.3
"diff2",-15.3
"diff2",-22.3
"diff2",-14.3
"diff2",-9.3
"diff2",-18.3
"diff2",-16.3
"diff2",-19.3
"diff2",-21.3
"diff2",-14.3
"diff2",-16.3
"diff2",-13.3
"diff2",-19.3
"diff2",-17.3
"diff2",-16.3
"diff2",-12.3
"diff2",-13.3
"diff2",-15.3
"diff2",-21.3
"diff2",-8.3
"diff2",-23.3
"diff2",-23.3
"diff2",-19.3
"diff2",-19.3
"diff2",-13.3
"diff2",-18.3
"diff2",-20.3
"diff2",-23.3
"diff2",-18.3
"diff2",-20.3
"diff2",-24.3
"diff2",-22.3
"diff2",-22.3
"diff2",-9.3
"diff2",-11.3
"diff2",-18.3
"diff2",-17.3
"diff2",-23.3
"diff2",-19.3
"diff2",-12.3
"diff2",-12.3
"diff2",-16.3
"diff2",-16.3
"diff2",-19.3
"diff2",-18.3
"diff2",-14.3
"diff2",-18.3
"diff2",-8.3
"diff2",-17.3
"diff2",-13.3
"diff2",-14.3
"diff2",-15.3
"diff2",-22.3
"diff2",-20.3
"diff2",-22.3
"diff2",-15.3
"diff2",-20.3
"diff2",-14.3
"diff2",-17.3
"diff2",-17.3
"diff2",-15.3
"diff2",-19.3
"diff2",-16.3
"diff2",-19.3
"diff2",-9.3
"diff2",-13.3
"diff2",-25.3
"diff2",-21.3
"diff2",-15.3
"diff2",-14.3
"diff2",-17.3
"diff2",-24.3
"diff2",-16.3
"diff2",-20.3
"diff2",-19.3
"diff2",-23.3
"diff2",-13.3
"diff2",-15.3
"diff2",-14.3
"diff2",-12.3
"diff2",-9.3
"diff2",-16.3
"diff2",-13.3
"diff2",-18.3
"diff2",-23.3
"diff2",-10.3
"diff2",-19.3
"diff2",-23.3
"diff2",-16.3
"diff2",-16.3
"diff2",-15.3
"diff2",-16.3
"diff2",-17.3
"diff2",-19.3
"diff2",-16.3
"diff2",-13.3
"diff2",-17.3
"diff2",-15.3
"diff2",-13.3
"diff2",-8.3
"diff2",-17.3
"diff2",-18.3
"diff2",-23.3
"diff2",-14.3
"diff2",-12.3
"diff2",-15.3
"diff2",-18.3
"diff2",-12.3
"diff2",-19.3
"diff2",-20.3
"diff2",-19.3
"diff2",-14.3
"diff2",-23.3
"diff2",-13.3
"diff2",-16.3
"diff2",-15.3
"diff2",-12.3
"diff2",-22.3
"diff2",-22.3
"diff2",-22.3
"diff2",-21.3
"diff2",-17.3
"diff2",-16.3
"diff2",-16.3
"diff2",-9.3
"diff2",-15.3
"diff2",-16.3
"diff2",-20.3
"diff2",-17.3
"diff2",-20.3
"diff2",-21.3
"diff2",-13.3
"diff2",-14.3
"diff2",-19.3
"diff2",-10.3
"diff2",-20.3
"diff2",-15.3
"diff2",-13.3
"diff2",-18.3
"diff2",-17.3
"diff2",-15.3
"diff2",-12.3
"diff2",-9.3
"diff2",-10.3
"diff2",-15.3
"diff2",-10.3
"diff2",-15.3
"diff2",-23.3
"diff2",-19.3
"diff2",-20.3
"diff2",-11.3
"diff2",-18.3
"diff2",-11.3
"diff2",-22.3
"diff2",-16.3
"diff2",-17.3
"diff2",-15.3
"diff2",-15.3
"diff2",-17.3
"diff2",-20.3
"diff2",-16.3
"diff2",-14.3
"diff2",-12.3
"diff2",-12.3
"diff2",-16.3
"diff2",-14.3
"diff2",-19.3
"diff2",-23.3
"diff2",-16.3
"diff2",-19.3
"diff2",-19.3
"diff2",-14.3
"diff2",-18.3
"diff2",-10.3
"diff2",-20.3
"diff2",-13.3
"diff2",-20.3
"diff2",-21.3
"diff2",-14.3
"diff2",-14.3
"diff2",-21.3
"diff2",-15.3
"diff2",-21.3
"diff2",-18.3
"diff2",-13.3
"diff2",-13.3
"diff2",-12.3
"diff2",-9.3
"diff2",-13.3
"diff2",-17.3
"diff2",-14.3
"diff2",-14.3
"diff2",-15.3
"diff2",-18.3
"diff2",-19.3
"diff2",-16.3
"diff2",-15.3
"diff2",-9.3
"diff2",-18.3
"diff2",-21.3
"diff2",-22.3
"diff2",-17.3
"diff2",-15.3
"diff2",-16.3
"diff2",-17.3
"diff2",-16.3
"diff2",-18.3
"diff2",-18.3
"diff2",-18.3
"diff2",-17.3
"diff2",-17.3
"diff2",-19.3
"diff2",-16.3
"diff2",-16.3
"diff2",-15.3
"diff2",-12.3
"diff2",-16.3
"diff2",-13.3
"diff2",-8.3
"diff2",-20.3
"diff2",-17.3
"diff2",-21.3
"diff2",-16.3
"diff2",-22.3
"diff2",-17.3
"diff2",-9.3
"diff2",-13.3
"diff2",-16.3
"diff2",-12.3
"diff2",-13.3
"diff2",-15.3
"diff2",-17.3
"diff2",-17.3
"diff2",-22.3
"diff2",-17.3
"diff2",-13.3
"diff2",-13.3
"diff2",-15.3
"diff2",-15.3
"diff2",-14.3
"diff2",-12.3
"diff2",-14.3
"diff2",-14.3
"diff2",-21.3
"diff2",-10.3
"diff2",-19.3
"diff2",-16.3
"diff2",-11.3
"diff2",-21.3
"diff2",-9.3
"diff2",-19.3
"diff2",-16.3
"diff2",-20.3
"diff2",-22.3
"diff2",-16.3
"diff2",-12.3
"diff2",-15.3
"diff2",-14.3
"diff2",-17.3
"diff2",-14.3
"diff2",-16.3
"diff2",-9.3
"diff2",-13.3
"diff2",-13.3
"diff2",-16.3
"diff2",-11.3
"diff2",-17.3
"diff2",-24.3
"diff2",-17.3
"diff2",-15.3
"diff2",-19.3
"diff2",-14.3
"diff2",-19.3
"diff2",-20.3
"diff2",-17.3
"diff2",-14.3
"diff2",-18.3
"diff2",-19.3
"diff2",-14.3
"diff2",-19.3
"diff2",-16.3
"diff2",-22.3
"diff2",-22.3
"diff2",-18.3
"diff2",-22.3
"diff2",-18.3
"diff2",-15.3
"diff2",-19.3
"diff2",-17.3
"diff2",-19.3
"diff2",-16.3
"diff2",-20.3
"diff2",-12.3
"diff2",-21.3
"diff2",-11.3
"diff2",-17.3
"diff2",-9.3
"diff2",-15.3
"diff2",-23.3
"diff2",-18.3
"diff2",-21.3
"diff2",-16.3
"diff2",-23.3
"diff2",-18.3
"diff2",-20.3
"diff2",-20.3
"diff2",-19.3
"diff2",-10.3
"diff2",-21.3
"diff2",-17.3
"diff2",-19.3
"diff2",-16.3
"diff2",-10.3
"diff2",-20.3
"diff2",-12.3
"diff2",-11.3
"diff2",-15.3
"diff2",-13.3
"diff2",-22.3
"diff2",-15.3
"diff2",-17.3
"diff2",-17.3
"diff2",-10.3
"diff2",-16.3
"diff2",-15.3
"diff2",-22.3
"diff2",-18.3
"diff2",-16.3
"diff2",-13.3
"diff2",-15.3
"diff2",-16.3
"diff2",-21.3
"diff2",-11.3
"diff2",-15.3
"diff2",-14.3
"diff2",-17.3
"diff2",-16.3
"diff2",-16.3
"diff2",-14.3
"diff2",-16.3
"diff2",-16.3
"diff2",-17.3
"diff2",-15.3
"diff2",-12.3
"diff2",-20.3
"diff2",-15.3
"diff2",-20.3
"diff2",-16.3
"diff2",-13.3
"diff2",-14.3
"diff2",-17.3
"diff2",-13.3
"diff2",-10.3
"diff2",-16.3
"diff2",-18.3
"diff2",-19.3
"diff2",-16.3
"diff2",-12.3
"diff2",-15.3
"diff2",-15.3
"diff2",-17.3
"diff2",-15.3
"diff2",-15.3
"diff2",-12.3
"diff2",-17.3
"diff2",-21.3
"diff2",-12.3
"diff2",-17.3
"diff2",-11.3
"diff2",-15.3
"diff2",-11.3
"diff2",-10.3
"diff2",-14.3
"diff2",-18.3
"diff2",-13.3
"diff2",-20.3
"diff2",-11.3
"diff2",-21.3
"diff2",-21.3
"diff2",-19.3
"diff2",-15.3
"diff2",-16.3
"diff2",-16.3
"diff2",-12.3
"diff2",-14.3
"diff2",-19.3
"diff2",-13.3
"diff2",-17.3
"diff2",-17.3
"diff2",-17.3
"diff2",-20.3
"diff2",-12.3
"diff2",-23.3
"diff2",-21.3
"diff2",-13.3
"diff2",-15.3
"diff2",-19.3
"diff2",-17.3
"diff2",-16.3
"diff2",-13.3
"diff2",-8.3
"diff2",-11.3
"diff2",-12.3
"diff2",-24.3
"diff2",-22.3
"diff2",-19.3
"diff2",-13.3
"diff2",-11.3
"diff2",-21.3
"diff2",-24.3
"diff2",-12.3
"diff2",-13.3
"diff2",-9.3
"diff2",-11.3
"diff2",-17.3
"diff2",-18.3
"diff2",-21.3
"diff2",-11.3
"diff2",-22.3
"diff2",-14.3
"diff2",-18.3
"diff2",-19.3
"diff2",-15.3
"diff2",-13.3
"diff2",-18.3
"diff2",-14.3
"diff2",-14.3
"diff2",-15.3
"diff2",-10.3
"diff2",-20.3
"diff2",-14.3
"diff2",-21.3
"diff2",-16.3
"diff2",-14.3
"diff2",-15.3
"diff2",-18.3
"diff2",-11.3
"diff2",-16.3
"diff2",-12.3
"diff2",-13.3
"diff2",-20.3
"diff2",-13.3
"diff2",-15.3
"diff2",-23.3
"diff2",-9.3
"diff2",-17.3
"diff2",-19.3
"diff2",-16.3
"diff2",-16.3
"diff2",-22.3
"diff2",-11.3
"diff2",-12.3
"diff2",-14.3
"diff2",-13.3
"diff2",-10.3
"diff2",-21.3
"diff2",-13.3
"diff2",-13.3
"diff2",-19.3
"diff2",-17.3
"diff2",-17.3
"diff2",-15.3
"diff2",-24.3
"diff2",-18.3
"diff2",-17.3
"diff2",-18.3
"diff2",-9.3
"diff2",-13.3
"diff2",-20.3
"diff2",-23.3
"diff2",-14.3
"diff2",-16.3
"diff2",-15.3
"diff2",-20.3
"diff2",-15.3
"diff2",-16.3
"diff2",-14.3
"diff2",-20.3
"diff2",-14.3
"diff2",-8.3
"diff2",-19.3
"diff2",-16.3
"diff2",-14.3
"diff2",-11.3
"diff2",-13.3
"diff2",-15.3
"diff2",-21.3
"diff2",-11.3
"diff2",-9.3
"diff2",-19.3
"diff2",-10.3
"diff2",-17.3
"diff2",-17.3
"diff2",-19.3
"diff2",-18.3
"diff2",-15.3
"diff2",-13.3
"diff2",-8.3
"diff2",-10.3
"diff2",-15.3
"diff2",-19.3
"diff2",-21.3
"diff2",-16.3
"diff2",-10.3
"diff2",-21.3
"diff2",-17.3
"diff2",-15.3
"diff2",-8.3
"diff2",-11.3
"diff2",-15.3
"diff2",-12.3
"diff2",-19.3
"diff2",-18.3
"diff2",-16.3
"diff2",-14.3
"diff2",-18.3
"diff2",-14.3
"diff2",-15.3
"diff2",-18.3
"diff2",-17.3
"diff2",-18.3
"diff2",-18.3
"diff2",-12.3
"diff2",-16.3
"diff2",-17.3
"diff2",-16.3
"diff2",-19.3
"diff2",-13.3
"diff2",-16.3
"diff2",-14.3
"diff2",-15.3
"diff2",-12.3
"diff2",-11.3
"diff2",-14.3
"diff2",-22.3
"diff2",-13.3
"diff2",-22.3
"diff2",-19.3
"diff2",-21.3
"diff2",-11.3
"diff2",-13.3
"diff2",-14.3
"diff2",-18.3
"diff2",-13.3
"diff2",-15.3
"diff2",-24.3
"diff2",-8.3
"diff2",-17.3
"diff2",-16.3
"diff2",-14.3
"diff2",-15.3
"diff2",-13.3
"diff2",-15.3
"diff2",-14.3
"diff2",-15.3
"diff2",-15.3
"diff2",-18.3
"diff2",-16.3
"diff2",-11.3
"diff2",-18.3
"diff2",-17.3
"diff2",-13.3
"diff2",-16.3
"diff2",-16.3
"diff2",-13.3
"diff2",-12.3
"diff2",-14.3
"diff2",-15.3
"diff2",-18.3
"diff2",-9.3
"diff2",-16.3
"diff2",-16.3
"diff2",-15.3
"diff2",-15.3
"diff2",-14.3
"diff2",-18.3
"diff2",-12.3
"diff2",-20.3
"diff2",-17.3
"diff2",-21.3
"diff2",-18.3
"diff2",-16.3
"diff2",-15.3
"diff2",-8.3
"diff2",-18.3
"diff2",-14.3
"diff2",-15.3
"diff2",-15.3
"diff2",-16.3
"diff2",-12.3
"diff2",-14.3
"diff2",-14.3
"diff2",-15.3
"diff2",-21.3
"diff2",-17.3
"diff2",-19.3
"diff2",-15.3
"diff2",-19.3
"diff2",-19.3
"diff2",-15.3
"diff2",-21.3
"diff2",-14.3
"diff2",-14.3
"diff2",-17.3
"diff2",-19.3
"diff2",-20.3
"diff2",-18.3
"diff2",-14.3
"diff2",-14.3
"diff2",-9.3
"diff2",-15.3
"diff2",-17.3
"diff2",-17.3
"diff2",-16.3
"diff2",-10.3
"diff2",-15.3
"diff2",-18.3
"diff2",-10.3
"diff2",-16.3
"diff2",-22.3
"diff2",-21.3
"diff2",-10.3
"diff2",-15.3
"diff2",-15.3
"diff2",-19.3
"diff2",-18.3
"diff2",-15.3
"diff2",-14.3
"diff2",-10.3
"diff2",-20.3
"diff2",-12.3
"diff2",-16.3
"diff2",-12.3
"diff2",-18.3
"diff2",-21.3
"diff2",-21.3
"diff2",-18.3
"diff2",-19.3
"diff2",-11.3
"diff2",-9.3
"diff2",-22.3
"diff2",-21.3
"diff2",-16.3
"diff2",-16.3
"diff2",-15.3
"diff2",-16.3
"diff2",-11.3
"diff2",-18.3
"diff2",-15.3
"diff2",-16.3
"diff2",-16.3
"diff2",-14.3
"diff2",-20.3
"diff2",-15.3
"diff2",-12.3
"diff2",-20.3
"diff2",-15.3
"diff2",-20.3
"diff2",-16.3
"diff2",-13.3
"diff2",-13.3
"diff2",-19.3
"diff2",-20.3
"diff2",-13.3
"diff2",-13.3
"diff2",-19.3
"diff2",-18.3
"diff2",-16.3
"diff2",-16.3
"diff2",-16.3
"diff2",-18.3
"diff2",-15.3
"diff2",-20.3
"diff2",-20.3
"diff2",-18.3
"diff2",-15.3
"diff2",-16.3
"diff2",-17.3
"diff2",-22.3
"diff2",-15.3
"diff2",-15.3
"diff2",-13.3
"diff2",-13.3
"diff2",-22.3
"diff2",-17.3
"diff2",-15.3
"diff2",-22.3
"diff2",-16.3
"diff2",-12.3
"diff2",-13.3
"diff2",-14.3
"diff2",-18.3
"diff2",-11.3
"diff2",-11.3
"diff2",-13.3
"diff2",-9.3
"diff2",-15.3
"diff2",-16.3
"diff2",-20.3
"diff2",-17.3
"diff2",-14.3
"diff2",-16.3
"diff2",-18.3
"diff2",-15.3
"diff2",-9.3
"diff2",-17.3
"diff2",-17.3
"diff2",-13.3
"diff2",-16.3
"diff2",-18.3
"diff2",-17.3
"diff2",-23.3
"diff2",-10.3
"diff2",-16.3
"diff2",-17.3
"diff2",-14.3
"diff2",-13.3
"diff2",-20.3
"diff2",-16.3
"diff2",-20.3
"diff2",-17.3
"diff2",-12.3
"diff2",-13.3
"diff2",-19.3
"diff2",-20.3
"diff2",-14.3
"diff2",-15.3
"diff2",-18.3
"diff2",-22.3
"diff2",-14.3
"diff2",-20.3
"diff2",-18.3
"diff2",-18.3
"diff2",-16.3
"diff2",-8.3
"diff2",-15.3
"diff2",-14.3
"diff2",-12.3
"diff2",-14.3
"diff2",-19.3
"diff2",-13.3
"diff2",-11.3
"diff2",-16.3
"diff2",-12.3
"diff2",-18.3
"diff2",-17.3
"diff2",-9.3
"diff2",-21.3
"diff2",-17.3
"diff2",-18.3
"diff2",-15.3
"diff2",-18.3
"diff2",-12.3
"diff2",-14.3
"diff2",-15.3
"diff2",-14.3
"diff2",-19.3
"diff2",-16.3
"diff2",-20.3
"diff2",-15.3
"diff2",-11.3
"diff2",-13.3
"diff2",-14.3
"diff2",-15.3
"diff2",-15.3
"diff2",-13.3
"diff2",-15.3
"diff2",-14.3
"diff2",-14.3
"diff2",-16.3
"diff2",-18.3
"diff2",-14.3
"diff2",-20.3
"diff2",-20.3
"diff2",-11.3
"diff2",-14.3
"diff2",-12.3
"diff2",-12.3
"diff2",-16.3
"diff2",-20.3
"diff2",-17.3
"diff2",-15.3
"diff2",-17.3
"diff2",-13.3
"diff2",-17.3
"diff2",-13.3
"diff2",-9.3
"diff2",-20.3
"diff2",-13.3
"diff2",-17.3
"diff2",-16.3
"diff2",-15.3
"diff2",-15.3
"diff2",-14.3
"diff2",-14.3
"diff2",-11.3
"diff2",-10.3
"diff2",-13.3
"diff2",-16.3
"diff2",-11.3
"diff2",-16.3
"diff2",-12.3
"diff2",-12.3
"diff2",-9.3
"diff2",-12.3
"diff2",-21.3
"diff2",-19.3
"diff2",-9.3
"diff2",-15.3
"diff2",-15.3
"diff2",-14.3
"diff2",-9.3
"diff2",-21.3
"diff2",-11.3
"diff2",-16.3
"diff2",-16.3
"diff2",-19.3
"diff2",-18.3
"diff2",-13.3
"diff2",-17.3
"diff2",-15.3
"diff2",-18.3
"diff2",-20.3
"diff2",-15.3
"diff2",-18.3
"diff2",-15.3
"diff2",-15.3
"diff2",-15.3
"diff2",-19.3
"diff2",-18.3
"diff2",-12.3
"diff2",-15.3
"diff2",-16.3
"diff2",-15.3
"diff2",-14.3
"diff2",-15.3
"diff2",-19.3
"diff2",-20.3
"diff2",-15.3
"diff2",-13.3
"diff2",-17.3
"diff2",-11.3
"diff2",-21.3
"diff2",-18.3
"diff2",-16.3
"diff2",-9.3
"diff2",-15.3
"diff2",-21.3
"diff2",-13.3
"diff2",-12.3
"diff2",-14.3
"diff2",-12.3
"diff2",-13.3
"diff2",-16.3
"diff2",-13.3
"diff2",-18.3
"diff2",-16.3
"diff2",-14.3
"diff2",-13.3
"diff2",-15.3
"diff2",-18.3
"diff2",-18.3
"diff2",-14.3
"diff2",-13.3
"diff2",-14.3
"diff2",-15.3
"diff2",-17.3
"diff2",-20.3
"diff2",-14.3
"diff2",-12.3
"diff2",-12.3
"diff2",-18.3
"diff2",-14.3
"diff2",-18.3
"diff2",-13.3
"diff2",-13.3
"diff2",-13.3
"diff2",-13.3
"diff2",-13.3
"diff2",-14.3
"diff2",-15.3
"diff2",-14.3
"diff2",-17.3
"diff2",-16.3
"diff2",-17.3
"diff2",-17.3
"diff2",-20.3
"diff2",-19.3
"diff2",-19.3
"diff2",-13.3
"diff2",-13.3
"diff2",-13.3
"diff2",-13.3
"diff2",-19.3
"diff2",-17.3
"diff2",-13.3
"diff2",-12.3
"diff2",-19.3
"diff2",-15.3
"diff2",-13.3
"diff2",-18.3
"diff2",-10.3
"diff2",-12.3
"diff2",-16.3
"diff2",-12.3
"diff2",-17.3
"diff2",-18.3
"diff2",-16.3
"diff2",-15.3
"diff2",-11.3
"diff2",-8.3
"diff2",-20.3
"diff2",-16.3
"diff2",-16.3
"diff2",-11.3
"diff2",-16.3
"diff2",-11.3
"diff2",-17.3
"diff2",-18.3
"diff2",-16.3
"diff2",-19.3
"diff2",-11.3
"diff2",-13.3
"diff2",-18.3
"diff2",-9.3
"diff2",-14.3
"diff2",-16.3
"diff2",-16.3
"diff2",-13.3
"diff2",-20.3
"diff2",-19.3
"diff2",-12.3
"diff2",-15.3
"diff2",-13.3
"diff2",-10.3
"diff2",-15.3
"diff2",-12.3
"diff2",-19.3
"diff2",-14.3
"diff2",-19.3
"diff2",-16.3
"diff2",-17.3
"diff2",-16.3
"diff2",-14.3
"diff2",-15.3
"diff2",-10.3
"diff2",-15.3
"diff2",-15.3
"diff2",-14.3
"diff2",-16.3
"diff2",-17.3
"diff2",-19.3
"diff2",-11.3
"diff2",-8.3
"diff2",-10.3
"diff2",-12.3
"diff2",-12.3
"diff2",-17.3
"diff2",-15.3
"diff2",-15.3
"diff2",-17.3
"diff2",-13.3
"diff2",-9.3
"diff2",-13.3
"diff2",-9.3
"diff2",-13.3
"diff2",-17.3
"diff2",-16.3
"diff2",-10.3
"diff2",-15.3
"diff2",-16.3
"diff2",-16.3
"diff2",-13.3
"diff2",-13.3
"diff2",-16.3
"diff2",-17.3
"diff2",-14.3
"diff2",-12.3
"diff2",-17.3
"diff2",-15.3
"diff2",-14.3
"diff2",-12.3
"diff2",-13.3
"diff2",-14.3
"diff2",-17.3
"diff2",-11.3
"diff2",-20.3
"diff2",-12.3
"diff2",-15.3
"diff2",-11.3
"diff2",-16.3
"diff2",-13.3
"diff2",-14.3
"diff2",-10.3
"diff2",-18.3
"diff2",-18.3
"diff2",-18.3
"diff2",-18.3
"diff2",-11.3
"diff2",-10.3
"diff2",-11.3
"diff2",-15.3
"diff2",-10.3
"diff2",-13.3
"diff2",-14.3
"diff2",-17.3
"diff2",-17.3
"diff2",-17.3
"diff2",-11.3
"diff2",-12.3
"diff2",-15.3
"diff2",-13.3
"diff2",-15.3
"diff2",-15.3
"diff2",-13.3
"diff2",-15.3
"diff2",-18.3
"diff2",-18.3
"diff2",-10.3
"diff2",-19.3
"diff2",-12.3
"diff2",-16.3
"diff2",-12.3
"diff2",-19.3
"diff2",-14.3
"diff2",-13.3
"diff2",-14.3
"diff2",-14.3
"diff2",-13.3
"diff2",-14.3
"diff2",-11.3
"diff2",-12.3
"diff2",-13.3
"diff2",-7.3
"diff2",-16.3
"diff2",-17.3
"diff2",-14.3
"diff2",-10.3
"diff2",-15.3
"diff2",-9.3
"diff2",-15.3
"diff2",-12.3
"diff2",-12.3
"diff2",-14.3
"diff2",-16.3
"diff2",-13.3
"diff2",-17.3
"diff2",-13.3
"diff2",-8.3
"diff2",-12.3
"diff2",-16.3
"diff2",-10.3
"diff2",-13.3
"diff2",-19.3
"diff2",-16.3
"diff2",-15.3
"diff2",-10.3
"diff2",-13.3
"diff2",-12.3
"diff2",-14.3
"diff2",-12.3
"diff2",-15.3
"diff2",-15.3
"diff2",-13.3
"diff2",-15.3
"diff2",-16.3
"diff2",-11.3
"diff2",-16.3
"diff2",-11.3
"diff2",-13.3
"diff2",-18.3
"diff2",-17.3
"diff2",-14.3
"diff2",-11.3
"diff2",-15.3
"diff2",-13.3
"diff2",-19.3
"diff2",-14.3
"diff2",-15.3
"diff2",-11.3
"diff2",-13.3
"diff2",-11.3
"diff2",-19.3
"diff2",-18.3
"diff2",-16.3
"diff2",-10.3
"diff2",-18.3
"diff2",-17.3
"diff2",-11.3
"diff2",-13.3
"diff2",-10.3
"diff2",-15.3
"diff2",-12.3
"diff2",-15.3
"diff2",-14.3
"diff2",-16.3
"diff2",-14.3
"diff2",-16.3
"diff2",-13.3
"diff2",-10.3
"diff2",-11.3
"diff2",-9.3
"diff2",-18.3
"diff2",-16.3
"diff2",-19.3
"diff2",-12.3
"diff2",-12.3
"diff2",-19.3
"diff2",-11.3
"diff2",-10.3
"diff2",-17.3
"diff2",-10.3
"diff2",-16.3
"diff2",-12.3
"diff2",-12.3
"diff2",-10.3
"diff2",-14.3
"diff2",-13.3
"diff2",-16.3
"diff2",-16.3
"diff2",-11.3
"diff2",-10.3
"diff2",-16.3
"diff2",-14.3
"diff2",-18.3
"diff2",-9.3
"diff2",-15.3
"diff2",-11.3
"diff2",-13.3
"diff2",-15.3
"diff2",-10.3
"diff2",-10.3
"diff2",-11.3
"diff2",-10.3
"diff2",-8.3
"diff2",-17.3
"diff2",-13.3
"diff2",-16.3
"diff2",-15.3
"diff2",-14.3
"diff2",-19.3
"diff2",-18.3
"diff2",-19.3
"diff2",-12.3
"diff2",-11.3
"diff2",-16.3
"diff2",-13.3
"diff2",-18.3
"diff2",-20.3
"diff2",-11.3
"diff2",-15.3
"diff2",-13.3
"diff2",-15.3
"diff2",-14.3
"diff2",-10.3
"diff2",-16.3
"diff2",-11.3
"diff2",-11.3
"diff2",-16.3
"diff2",-18.3
"diff2",-20.3
"diff2",-13.3
"diff2",-12.3
"diff2",-14.3
"diff2",-14.3
"diff2",-15.3
"diff2",-13.3
"diff2",-14.3
"diff2",-14.3
"diff2",-11.3
"diff2",-13.3
"diff2",-13.3
"diff2",-17.3
"diff2",-13.3
"diff2",-17.3
"diff2",-16.3
"diff2",-11.3
"diff2",-16.3
"diff2",-13.3
"diff2",-13.3
"diff2",-15.3
"diff2",-8.3
"diff2",-20.3
"diff2",-12.3
"diff2",-10.3
"diff2",-13.3
"diff2",-16.3
"diff2",-12.3
"diff2",-14.3
"diff2",-12.3
"diff2",-10.3
"diff2",-16.3
"diff2",-15.3
"diff2",-19.3
"diff2",-11.3
"diff2",-14.3
"diff2",-13.3
"diff2",-11.3
"diff2",-11.3
"diff2",-17.3
"diff2",-17.3
"diff2",-11.3
"diff2",-15.3
"diff2",-13.3
"diff2",-15.3
"diff2",-18.3
"diff2",-18.3
"diff2",-18.3
"diff2",-14.3
"diff2",-14.3
"diff2",-10.3
"diff2",-13.3
"diff2",-13.3
"diff2",-14.3
"diff2",-19.3
"diff2",-19.3
"diff2",-11.3
"diff2",-11.3
"diff2",-16.3
"diff2",-12.3
"diff2",-9.3
"diff2",-16.3
"diff2",-17.3
"diff2",-17.3
"diff2",-16.3
"diff2",-19.3
"diff2",-9.3
"diff2",-14.3
"diff2",-12.3
"diff2",-12.3
"diff2",-10.3
"diff2",-13.3
"diff2",-15.3
"diff2",-14.3
"diff2",-15.3
"diff2",-10.3
"diff2",-17.3
"diff2",-9.3
"diff2",-13.3
"diff2",-14.3
"diff2",-16.3
"diff2",-10.3
"diff2",-20.3
"diff2",-7.3
"diff2",-16.3
"diff2",-16.3
"diff2",-10.3
"diff2",-17.3
"diff2",-16.3
"diff2",-10.3
"diff2",-16.3
"diff2",-16.3
"diff2",-10.3
"diff2",-9.3
"diff2",-12.3
"diff2",-14.3
"diff2",-14.3
"diff2",-17.3
"diff2",-9.3
"diff2",-16.3
"diff2",-14.3
"diff2",-11.3
"diff2",-17.3
"diff2",-13.3
"diff2",-16.3
"diff2",-16.3
"diff2",-15.3
"diff2",-13.3
"diff2",-14.3
"diff2",-14.3
"diff2",-16.3
"diff2",-13.3
"diff2",-17.3
"diff2",-13.3
"diff2",-16.3
"diff2",-13.3
"diff2",-17.3
"diff2",-12.3
"diff2",-12.3
"diff2",-18.3
"diff2",-14.3
"diff2",-16.3
"diff2",-8.3
"diff2",-18.3
"diff2",-13.3
"diff2",-10.3
"diff2",-13.3
"diff2",-11.3
"diff2",-14.3
"diff2",-12.3
"diff2",-18.3
"diff2",-10.3
"diff2",-16.3
"diff2",-11.3
"diff2",-15.3
"diff2",-8.3
"diff2",-14.3
"diff2",-16.3
"diff2",-10.3
"diff2",-17.3
"diff2",-19.3
"diff2",-17.3
"diff2",-17.3
"diff2",-14.3
"diff2",-9.3
"diff2",-15.3
"diff2",-13.3
"diff2",-11.3
"diff2",-14.3
"diff2",-13.3
"diff2",-15.3
"diff2",-14.3
"diff2",-15.3
"diff2",-15.3
"diff2",-12.3
"diff2",-13.3
"diff2",-19.3
"diff2",-8.3
"diff2",-17.3
"diff2",-17.3
"diff2",-21.3
"diff2",-13.3
"diff2",-16.3
"diff2",-15.3
"diff2",-9.3
"diff2",-15.3
"diff2",-12.3
"diff2",-10.3
"diff2",-14.3
"diff2",-19.3
"diff2",-15.3
"diff2",-18.3
"diff2",-14.3
"diff2",-16.3
"diff2",-10.3
"diff2",-16.3
"diff2",-12.3
"diff2",-9.3
"diff2",-14.3
"diff2",-15.3
"diff2",-12.3
"diff2",-11.3
"diff2",-12.3
"diff2",-12.3
"diff2",-12.3
"diff2",-7.3
"diff2",-15.3
"diff2",-11.3
"diff2",-12.3
"diff2",-14.3
"diff2",-15.3
"diff2",-18.3
"diff2",-10.3
"diff2",-7.3
"diff2",-14.3
"diff2",-10.3
"diff2",-8.3
"diff2",-15.3
"diff2",-15.3
"diff2",-18.3
"diff2",-12.3
"diff2",-12.3
"diff2",-12.3
"diff2",-14.3
"diff2",-13.3
"diff2",-16.3
"diff2",-13.3
"diff2",-13.3
"diff2",-15.3
"diff2",-11.3
"diff2",-15.3
"diff2",-17.3
"diff2",-13.3
"diff2",-15.3
"diff2",-11.3
"diff2",-14.3
"diff2",-14.3
"diff2",-12.3
"diff2",-8.3
"diff2",-13.3
"diff2",-19.3
"diff2",-14.3
"diff2",-9.3
"diff2",-14.3
"diff2",-9.3
"diff2",-14.3
"diff2",-8.3
"diff2",-16.3
"diff2",-15.3
"diff2",-14.3
"diff2",-13.3
"diff2",-11.3
"diff2",-16.3
"diff2",-13.3
"diff2",-14.3
"diff2",-19.3
"diff2",-18.3
"diff2",-13.3
"diff2",-12.3
"diff2",-15.3
"diff2",-20.3
"diff2",-12.3
"diff2",-15.3
"diff2",-12.3
"diff2",-16.3
"diff2",-13.3
"diff2",-16.3
"diff2",-11.3
"diff2",-11.3
"diff2",-19.3
"diff2",-13.3
"diff2",-15.3
"diff2",-10.3
"diff2",-12.3
"diff2",-11.3
"diff2",-13.3
"diff2",-12.3
"diff2",-12.3
"diff2",-15.3
"diff2",-16.3
"diff2",-11.3
"diff2",-18.3
"diff2",-10.3
"diff2",-13.3
"diff2",-18.3
"diff2",-15.3
"diff2",-12.3
"diff2",-14.3
"diff2",-14.3
"diff2",-14.3
"diff2",-18.3
"diff2",-13.3
"diff2",-19.3
"diff2",-16.3
"diff2",-9.3
"diff2",-11.3
"diff2",-12.3
"diff2",-14.3
"diff2",-15.3
"diff2",-20.3
"diff2",-12.3
"diff2",-11.3
"diff2",-21.3
"diff2",-13.3
"diff2",-11.3
"diff2",-10.3
"diff2",-12.3
"diff2",-11.3
"diff2",-13.3
"diff2",-19.3
"diff2",-15.3
"diff2",-13.3
"diff2",-12.3
"diff2",-17.3
"diff2",-13.3
"diff2",-13.3
"diff2",-14.3
"diff2",-12.3
"diff2",-15.3
"diff2",-17.3
"diff2",-12.3
"diff2",-16.3
"diff2",-15.3
"diff2",-15.3
"diff2",-12.3
"diff2",-12.3
"diff2",-12.3
"diff2",-17.3
"diff2",-13.3
"diff2",-14.3
"diff2",-16.3
"diff2",-18.3
"diff2",-16.3
"diff2",-13.3
"diff2",-11.3
"diff2",-15.3
"diff2",-13.3
"diff2",-19.3
"diff2",-18.3
"diff2",-13.3
"diff2",-17.3
"diff2",-13.3
"diff2",-18.3
"diff2",-10.3
"diff2",-12.3
"diff2",-13.3
"diff2",-12.3
"diff2",-7.3
"diff2",-13.3
"diff2",-12.3
"diff2",-13.3
"diff2",-21.3
"diff2",-10.3
"diff2",-9.3
"diff2",-15.3
"diff2",-12.3
"diff2",-13.3
"diff2",-17.3
"diff2",-14.3
"diff2",-17.3
"diff2",-8.3
"diff2",-13.3
"diff2",-9.3
"diff2",-12.3
"diff2",-14.3
"diff2",-16.3
"diff2",-10.3
"diff2",-18.3
"diff2",-15.3
"diff2",-16.3
"diff2",-9.3
"diff2",-18.3
"diff2",-14.3
"diff2",-14.3
"diff2",-14.3
"diff2",-15.3
"diff2",-19.3
"diff2",-12.3
"diff2",-16.3
"diff2",-14.3
"diff2",-9.3
"diff2",-15.3
"diff2",-12.3
"diff2",-17.3
"diff2",-19.3
"diff2",-12.3
"diff2",-14.3
"diff2",-18.3
"diff2",-17.3
"diff2",-16.3
"diff2",-13.3
"diff2",-15.3
"diff2",-13.3
"diff2",-13.3
"diff2",-18.3
"diff2",-17.3
"diff2",-19.3
"diff2",-8.3
"diff2",-12.3
"diff2",-14.3
"diff2",-14.3
"diff2",-9.3
"diff2",-15.3
"diff2",-14.3
"diff2",-14.3
"diff2",-17.3
"diff2",-14.3
"diff2",-12.3
"diff2",-13.3
"diff2",-10.3
"diff2",-15.3
"diff2",-9.3
"diff2",-18.3
"diff2",-13.3
"diff2",-11.3
"diff2",-18.3
"diff2",-19.3
"diff2",-19.3
"diff2",-14.3
"diff2",-15.3
"diff2",-12.3
"diff2",-14.3
"diff2",-16.3
"diff2",-17.3
"diff2",-12.3
"diff2",-15.3
"diff2",-15.3
"diff2",-14.3
"diff2",-16.3
"diff2",-11.3
"diff2",-10.3
"diff2",-14.3
"diff2",-18.3
"diff2",-19.3
"diff2",-14.3
"diff2",-13.3
"diff2",-16.3
"diff2",-13.3
"diff2",-16.3
"diff2",-13.3
"diff2",-13.3
"diff2",-18.3
"diff2",-19.3
"diff2",-15.3
"diff2",-15.3
"diff2",-15.3
"diff2",-12.3
"diff2",-14.3
"diff2",-16.3
"diff2",-16.3
"diff2",-15.3
"diff2",-14.3
"diff2",-13.3
"diff2",-11.3
"diff2",-18.3
"diff2",-11.3
"diff2",-14.3
"diff2",-17.3
"diff2",-13.3
"diff2",-13.3
"diff2",-13.3
"diff2",-12.3
"diff2",-14.3
"diff2",-10.3
"diff2",-17.3
"diff2",-16.3
"diff2",-14.3
"diff2",-16.3
"diff2",-11.3
"diff2",-15.3
"diff2",-13.3
"diff2",-16.3
"diff2",-10.3
"diff2",-13.3
"diff2",-15.3
"diff2",-11.3
"diff2",-10.3
"diff2",-12.3
"diff2",-17.3
"diff2",-17.3
"diff2",-15.3
"diff2",-15.3
"diff2",-17.3
"diff2",-13.3
"diff2",-14.3
"diff2",-17.3
"diff2",-13.3
"diff2",-14.3
"diff2",-13.3
"diff2",-15.3
"diff2",-18.3
"diff2",-15.3
"diff2",-13.3
"diff2",-14.3
"diff2",-14.3
"diff2",-18.3
"diff2",-14.3
"diff2",-17.3
"diff2",-16.3
"diff2",-13.3
"diff2",-15.3
"diff2",-13.3
"diff2",-14.3
"diff2",-12.3
"diff2",-16.3
"diff2",-16.3
"diff2",-15.3
"diff2",-14.3
"diff2",-13.3
"diff2",-17.3
"diff2",-12.3
"diff2",-11.3
"diff2",-13.3
"diff2",-11.3
"diff2",-14.3
"diff2",-14.3
"diff2",-17.3
"diff2",-16.3
"diff2",-17.3
"diff2",-14.3
"diff2",-17.3
"diff2",-14.3
"diff2",-11.3
"diff2",-11.3
"diff2",-10.3
"diff2",-10.3
"diff2",-15.3
"diff2",-11.3
"diff2",-13.3
"diff2",-17.3
"diff2",-12.3
"diff2",-14.3
"diff2",-12.3
"diff2",-16.3
"diff2",-10.3
"diff2",-19.3
"diff2",-18.3
"diff2",-17.3
"diff2",-19.3
"diff2",-15.3
"diff2",-12.3
"diff2",-15.3
"diff2",-14.3
"diff2",-12.3
"diff2",-14.3
"diff2",-12.3
"diff2",-13.3
"diff2",-11.3
"diff2",-12.3
"diff2",-14.3
"diff2",-8.3
"diff2",-14.3
"diff2",-14.3
"diff2",-14.3
"diff2",-15.3
"diff2",-10.3
"diff2",-15.3
"diff2",-14.3
"diff2",-19.3
"diff2",-16.3
"diff2",-13.3
"diff2",-17.3
"diff2",-16.3
"diff2",-14.3
"diff2",-12.3
"diff2",-17.3
"diff2",-10.3
"diff2",-12.3
"diff2",-15.3
"diff2",-17.3
"diff2",-14.3
"diff2",-14.3
"diff2",-12.3
"diff2",-15.3
"diff2",-19.3
"diff2",-15.3
"diff2",-15.3
"diff2",-15.3
"diff2",-18.3
"diff2",-17.3
"diff2",-17.3
"diff2",-16.3
"diff2",-17.3
"diff2",-16.3
"diff2",-14.3
"diff2",-9.3
"diff2",-15.3
"diff2",-14.3
"diff2",-12.3
"diff2",-15.3
"diff2",-16.3
"diff2",-8.3
"diff2",-13.3
"diff2",-15.3
"diff2",-17.3
"diff2",-19.3
"diff2",-16.3
"diff2",-12.3
"diff2",-15.3
"diff2",-16.3
"diff2",-17.3
"diff2",-17.3
"diff2",-16.3
"diff2",-16.3
"diff2",-13.3
"diff2",-18.3
"diff2",-13.3
"diff2",-15.3
"diff2",-18.3
"diff2",-15.3
"diff2",-11.3
"diff2",-9.3
"diff2",-16.3
"diff2",-13.3
"diff2",-15.3
"diff2",-15.3
"diff2",-15.3
"diff2",-10.3
"diff2",-16.3
"diff2",-15.3
"diff2",-11.3
"diff2",-16.3
"diff2",-13.3
"diff2",-17.3
"diff2",-14.3
"diff2",-18.3
"diff2",-15.3
"diff2",-14.3
"diff2",-17.3
"diff2",-19.3
"diff2",-10.3
"diff2",-15.3
"diff2",-15.3
"diff2",-18.3
"diff2",-11.3
"diff2",-13.3
"diff2",-12.3
"diff2",-16.3
"diff2",-12.3
"diff2",-15.3
"diff2",-14.3
"diff2",-17.3
"diff2",-18.3
"diff2",-17.3
"diff2",-20.3
"diff2",-11.3
"diff2",-10.3
"diff2",-19.3
"diff2",-15.3
"diff2",-16.3
"diff2",-12.3
"diff2",-13.3
"diff2",-13.3
"diff2",-16.3
"diff2",-14.3
"diff2",-17.3
"diff2",-11.3
"diff2",-12.3
"diff2",-13.3
"diff2",-11.3
"diff2",-14.3
"diff2",-17.3
"diff2",-11.3
"diff2",-20.3
"diff2",-14.3
"diff2",-14.3
"diff2",-17.3
"diff2",-15.3
"diff2",-10.3
"diff2",-17.3
"diff2",-10.3
"diff2",-14.3
"diff2",-16.3
"diff2",-13.3
"diff2",-16.3
"diff2",-20.3
"diff2",-12.3
"diff2",-14.3
"diff2",-12.3
"diff2",-11.3
"diff2",-13.3
"diff2",-14.3
"diff2",-16.3
"diff2",-15.3
"diff2",-19.3
"diff2",-17.3
"diff2",-14.3
"diff2",-16.3
"diff2",-19.3
"diff2",-11.3
"diff2",-16.3
"diff2",-17.3
"diff2",-18.3
"diff2",-15.3
"diff2",-16.3
"diff2",-21.3
"diff2",-15.3
"diff2",-12.3
"diff2",-17.3
"diff2",-15.3
"diff2",-15.3
"diff2",-20.3
"diff2",-13.3
"diff2",-15.3
"diff2",-14.3
"diff2",-9.3
"diff2",-11.3
"diff2",-16.3
"diff2",-13.3
"diff2",-21.3
"diff2",-14.3
"diff2",-14.3
"diff2",-13.3
"diff2",-14.3
"diff2",-12.3
"diff2",-9.3
"diff2",-11.3
"diff2",-16.3
"diff2",-12.3
"diff2",-17.3
"diff2",-12.3
"diff2",-12.3
"diff2",-12.3
"diff2",-19.3
"diff2",-9.3
"diff2",-13.3
"diff2",-15.3
"diff2",-15.3
"diff2",-14.3
"diff2",-15.3
"diff2",-12.3
"diff2",-15.3
"diff2",-13.3
"diff2",-12.3
"diff2",-13.3
"diff2",-18.3
"diff2",-14.3
"diff2",-9.3
"diff2",-17.3
"diff2",-18.3
"diff2",-17.3
"diff2",-10.3
"diff2",-14.3
"diff2",-15.3
"diff2",-14.3
"diff2",-13.3
"diff2",-10.3
"diff2",-18.3
"diff2",-17.3
"diff2",-12.3
"diff2",-18.3
"diff2",-10.3
"diff2",-10.3
"diff2",-16.3
"diff2",-16.3
"diff2",-13.3
"diff2",-17.3
"diff2",-13.3
"diff2",-11.3
"diff2",-17.3
"diff2",-12.3
"diff2",-13.3
"diff2",-15.3
"diff2",-20.3
"diff2",-20.3
"diff2",-13.3
"diff2",-16.3
"diff2",-11.3
"diff2",-16.3
"diff2",-18.3
"diff2",-13.3
"diff2",-14.3
"diff2",-9.3
"diff2",-16.3
"diff2",-14.3
"diff2",-18.3
"diff2",-17.3
"diff2",-10.3
"diff2",-16.3
"diff2",-15.3
"diff2",-15.3
"diff2",-20.3
"diff2",-11.3
"diff2",-11.3
"diff2",-17.3
"diff2",-17.3
"diff2",-14.3
"diff2",-15.3
"diff2",-18.3
"diff2",-13.3
"diff2",-15.3
"diff2",-17.3
"diff2",-11.3
"diff2",-20.3
"diff2",-18.3
"diff2",-14.3
"diff2",-9.3
"diff2",-18.3
"diff2",-20.3
"diff2",-15.3
"diff2",-20.3
"diff2",-15.3
"diff2",-14.3
"diff2",-12.3
"diff2",-13.3
"diff2",-12.3
"diff2",-12.3
"diff2",-17.3
"diff2",-12.3
"diff2",-11.3
"diff2",-10.3
"diff2",-15.3
"diff2",-15.3
"diff2",-19.3
"diff2",-15.3
"diff2",-10.3
"diff2",-19.3
"diff2",-10.3
"diff2",-15.3
"diff2",-9.3
"diff2",-12.3
"diff2",-16.3
"diff2",-16.3
"diff2",-15.3
"diff2",-14.3
"diff2",-13.3
"diff2",-16.3
"diff2",-10.3
"diff2",-18.3
"diff2",-13.3
"diff2",-18.3
"diff2",-16.3
"diff2",-13.3
"diff2",-20.3
"diff2",-17.3
"diff2",-13.3
"diff2",-18.3
"diff2",-12.3
"diff2",-15.3
"diff2",-16.3
"diff2",-8.3
"diff2",-17.3
"diff2",-12.3
"diff2",-21.3
"diff2",-14.3
"diff2",-14.3
"diff2",-15.3
"diff2",-17.3
"diff2",-13.3
"diff2",-12.3
"diff2",-13.3
"diff2",-14.3
"diff2",-14.3
"diff2",-19.3
"diff2",-14.3
"diff2",-14.3
"diff2",-13.3
"diff2",-20.3
"diff2",-17.3
"diff2",-11.3
"diff2",-11.3
"diff2",-12.3
"diff2",-11.3
"diff2",-14.3
"diff2",-13.3
"diff2",-20.3
"diff2",-18.3
"diff2",-15.3
"diff2",-15.3
"diff2",-20.3
"diff2",-15.3
"diff2",-15.3
"diff2",-11.3
"diff2",-19.3
"diff2",-14.3
"diff2",-14.3
"diff2",-15.3
"diff2",-16.3
"diff2",-18.3
"diff2",-15.3
"diff2",-13.3
"diff2",-12.3
"diff2",-13.3
"diff2",-14.3
"diff2",-13.3
"diff2",-15.3
"diff2",-17.3
"diff2",-20.3
"diff2",-16.3
"diff2",-18.3
"diff2",-12.3
"diff2",-16.3
"diff2",-16.3
"diff2",-10.3
"diff2",-15.3
"diff2",-14.3
"diff2",-15.3
"diff2",-12.3
"diff2",-12.3
"diff2",-17.3
"diff2",-13.3
"diff2",-12.3
"diff2",-19.3
"diff2",-18.3
"diff2",-19.3
"diff2",-17.3
"diff2",-19.3
"diff2",-17.3
"diff2",-16.3
"diff2",-15.3
"diff2",-10.3
"diff2",-10.3
"diff2",-16.3
"diff2",-14.3
"diff2",-12.3
"diff2",-16.3
"diff2",-19.3
"diff2",-15.3
"diff2",-12.3
"diff2",-13.3
"diff2",-21.3
"diff2",-11.3
"diff2",-19.3
"diff2",-11.3
"diff2",-11.3
"diff2",-14.3
"diff2",-15.3
"diff2",-13.3
"diff2",-17.3
"diff2",-15.3
"diff2",-8.3
"diff2",-17.3
"diff2",-17.3
"diff2",-19.3
"diff2",-18.3
"diff2",-15.3
"diff2",-11.3
"diff2",-18.3
"diff2",-13.3
"diff2",-17.3
"diff2",-20.3
"diff2",-16.3
"diff2",-18.3
"diff2",-12.3
"diff2",-17.3
"diff2",-15.3
"diff2",-11.3
"diff2",-13.3
"diff2",-15.3
"diff2",-11.3
"diff2",-17.3
"diff2",-20.3
"diff2",-12.3
"diff2",-14.3
"diff2",-18.3
"diff2",-10.3
"diff2",-13.3
"diff2",-12.3
"diff2",-19.3
"diff2",-13.3
"diff2",-17.3
"diff2",-16.3
"diff2",-10.3
"diff2",-16.3
"diff2",-15.3
"diff2",-11.3
"diff2",-17.3
"diff2",-18.3
"diff2",-17.3
"diff2",-11.3
"diff2",-14.3
"diff2",-16.3
"diff2",-20.3
"diff2",-13.3
"diff2",-15.3
"diff2",-12.3
"diff2",-13.3
"diff2",-14.3
"diff2",-13.3
"diff2",-11.3
"diff2",-19.3
"diff2",-17.3
"diff2",-14.3
"diff2",-9.3
"diff2",-21.3
"diff2",-17.3
"diff2",-11.3
"diff2",-17.3
"diff2",-11.3
"diff2",-14.3
"diff2",-16.3
"diff2",-20.3
"diff2",-14.3
"diff2",-12.3
"diff2",-20.3
"diff2",-14.3
"diff2",-16.3
"diff2",-18.3
"diff2",-15.3
"diff2",-17.3
"diff2",-13.3
"diff2",-15.3
"diff2",-10.3
"diff2",-15.3
"diff2",-12.3
"diff2",-18.3
"diff2",-12.3
"diff2",-11.3
"diff2",-12.3
"diff2",-15.3
"diff2",-12.3
"diff2",-15.3
"diff2",-18.3
"diff2",-19.3
"diff2",-12.3
"diff2",-10.3
"diff2",-13.3
"diff2",-20.3
"diff2",-12.3
"diff2",-15.3
"diff2",-13.3
"diff2",-19.3
"diff2",-15.3
"diff2",-20.3
"diff2",-18.3
"diff2",-15.3
"diff2",-22.3
"diff2",-10.3
"diff2",-16.3
"diff2",-16.3
"diff2",-9.3
"diff2",-13.3
"diff2",-16.3
"diff2",-18.3
"diff2",-10.3
"diff2",-14.3
"diff2",-15.3
"diff2",-19.3
"diff2",-17.3
"diff2",-18.3
"diff2",-14.3
"diff2",-18.3
"diff2",-14.3
"diff2",-11.3
"diff2",-16.3
"diff2",-14.3
"diff2",-16.3
"diff2",-13.3
"diff2",-11.3
"diff2",-14.3
"diff2",-18.3
"diff2",-17.3
"diff2",-14.3
"diff2",-11.3
"diff2",-15.3
"diff2",-16.3
"diff2",-20.3
"diff2",-15.3
"diff2",-20.3
"diff2",-20.3
"diff2",-15.3
"diff2",-15.3
"diff2",-12.3
"diff2",-9.3
"diff2",-15.3
"diff2",-13.3
"diff2",-18.3
"diff2",-10.3
"diff2",-18.3
"diff2",-15.3
"diff2",-18.3
"diff2",-13.3
"diff2",-12.3
"diff2",-15.3
"diff2",-10.3
"diff2",-13.3
"diff2",-17.3
"diff2",-20.3
"diff2",-17.3
"diff2",-16.3
"diff2",-16.3
"diff2",-12.3
"diff2",-15.3
"diff2",-15.3
"diff2",-12.3
"diff2",-20.3
"diff2",-13.3
"diff2",-15.3
"diff2",-13.3
"diff2",-16.3
"diff2",-17.3
"diff2",-11.3
"diff2",-14.3
"diff2",-9.3
"diff2",-17.3
"diff2",-13.3
"diff2",-11.3
"diff2",-14.3
"diff2",-16.3
"diff2",-17.3
"diff2",-15.3
"diff2",-13.3
"diff2",-16.3
"diff2",-15.3
"diff2",-14.3
"diff2",-17.3
"diff2",-15.3
"diff2",-15.3
"diff2",-16.3
"diff2",-14.3
"diff2",-13.3
"diff2",-20.3
"diff2",-19.3
"diff2",-15.3
"diff2",-17.3
"diff2",-14.3
"diff2",-14.3
"diff2",-22.3
"diff2",-16.3
"diff2",-16.3
"diff2",-14.3
"diff2",-18.3
"diff2",-17.3
"diff2",-21.3
"diff2",-21.3
"diff2",-20.3
"diff2",-14.3
"diff2",-11.3
"diff2",-15.3
"diff2",-15.3
"diff2",-15.3
"diff2",-18.3
"diff2",-18.3
"diff2",-21.3
"diff2",-14.3
"diff2",-15.3
"diff2",-16.3
"diff2",-11.3
"diff2",-13.3
"diff2",-17.3
"diff2",-10.3
"diff2",-16.3
"diff2",-13.3
"diff2",-18.3
"diff2",-9.3
"diff2",-14.3
"diff2",-13.3
"diff2",-21.3
"diff2",-10.3
"diff2",-13.3
"diff2",-19.3
"diff2",-13.3
"diff2",-13.3
"diff2",-16.3
"diff2",-12.3
"diff2",-17.3
"diff2",-16.3
"diff2",-18.3
"diff2",-14.3
"diff2",-17.3
"diff2",-16.3
"diff2",-15.3
"diff2",-20.3
"diff2",-15.3
"diff2",-11.3
"diff2",-21.3
"diff2",-12.3
"diff2",-10.3
"diff2",-15.3
"diff2",-14.3
"diff2",-15.3
"diff2",-13.3
"diff2",-11.3
"diff2",-19.3
"diff2",-21.3
"diff2",-17.3
"diff2",-20.3
"diff2",-12.3
"diff2",-15.3
"diff2",-12.3
"diff2",-17.3
"diff2",-19.3
"diff2",-14.3
"diff2",-11.3
"diff2",-12.3
"diff2",-20.3
"diff2",-11.3
"diff2",-11.3
"diff2",-19.3
"diff2",-19.3
"diff2",-16.3
"diff2",-16.3
"diff2",-15.3
"diff2",-18.3
"diff2",-16.3
"diff2",-16.3
"diff2",-14.3
"diff2",-19.3
"diff2",-17.3
"diff2",-11.3
"diff2",-12.3
"diff2",-16.3
"diff2",-21.3
"diff2",-15.3
"diff2",-18.3
"diff2",-16.3
"diff2",-18.3
"diff2",-11.3
"diff2",-13.3
"diff2",-16.3
"diff2",-13.3
"diff2",-18.3
"diff2",-16.3
"diff2",-13.3
"diff2",-17.3
"diff2",-13.3
"diff2",-10.3
"diff2",-10.3
"diff2",-16.3
"diff2",-14.3
"diff2",-20.3
"diff2",-9.3
"diff2",-14.3
"diff2",-13.3
"diff2",-16.3
"diff2",-16.3
"diff2",-14.3
"diff2",-14.3
"diff2",-19.3
"diff2",-13.3
"diff2",-20.3
"diff2",-13.3
"diff2",-18.3
"diff2",-18.3
"diff2",-14.3
"diff2",-12.3
"diff2",-16.3
"diff2",-19.3
"diff2",-8.3
"diff2",-16.3
"diff2",-9.3
"diff2",-14.3
"diff2",-15.3
"diff2",-17.3
"diff2",-13.3
"diff2",-15.3
"diff2",-13.3
"diff2",-21.3
"diff2",-16.3
"diff2",-16.3
"diff2",-21.3
"diff2",-20.3
"diff2",-14.3
"diff2",-14.3
"diff2",-9.3
"diff2",-19.3
"diff2",-17.3
"diff2",-16.3
"diff2",-18.3
"diff2",-10.3
"diff2",-9.3
"diff2",-11.3
"diff2",-12.3
"diff2",-12.3
"diff2",-16.3
"diff2",-19.3
"diff2",-12.3
"diff2",-14.3
"diff2",-9.3
"diff2",-9.3
"diff2",-22.3
"diff2",-14.3
"diff2",-16.3
"diff2",-17.3
"diff2",-16.3
"diff2",-11.3
"diff2",-14.3
"diff2",-10.3
"diff2",-11.3
"diff2",-11.3
"diff2",-16.3
"diff2",-7.3
"diff2",-13.3
"diff2",-17.3
"diff2",-13.3
"diff2",-17.3
"diff2",-11.3
"diff2",-17.3
"diff2",-17.3
"diff2",-16.3
"diff2",-15.3
"diff2",-18.3
"diff2",-16.3
"diff2",-13.3
"diff2",-21.3
"diff2",-19.3
"diff2",-16.3
"diff2",-15.3
"diff2",-17.3
"diff2",-18.3
"diff2",-15.3
"diff2",-11.3
"diff2",-13.3
"diff2",-11.3
"diff2",-17.3
"diff2",-14.3
"diff2",-17.3
"diff2",-15.3
"diff2",-13.3
"diff2",-18.3
"diff2",-13.3
"diff2",-15.3
"diff2",-16.3
"diff2",-10.3
"diff2",-20.3
"diff2",-17.3
"diff2",-18.3
"diff2",-18.3
"diff2",-16.3
"diff2",-19.3
"diff2",-20.3
"diff2",-18.3
"diff2",-10.3
"diff2",-17.3
"diff2",-16.3
"diff2",-14.3
"diff2",-12.3
"diff2",-15.3
"diff2",-17.3
"diff2",-13.3
"diff2",-12.3
"diff2",-18.3
"diff2",-9.3
"diff2",-18.3
"diff2",-9.3
"diff2",-12.3
"diff2",-14.3
"diff2",-12.3
"diff2",-17.3
"diff2",-19.3
"diff2",-22.3
"diff2",-18.3
"diff2",-17.3
"diff2",-14.3
"diff2",-15.3
"diff2",-14.3
"diff2",-20.3
"diff2",-13.3
"diff2",-11.3
"diff2",-14.3
"diff2",-13.3
"diff2",-11.3
"diff2",-12.3
"diff2",-9.3
"diff2",-15.3
"diff2",-13.3
"diff2",-18.3
"diff2",-15.3
"diff2",-16.3
"diff2",-12.3
"diff2",-11.3
"diff2",-14.3
"diff2",-12.3
"diff2",-12.3
"diff2",-18.3
"diff2",-8.3
"diff2",-12.3
"diff2",-13.3
"diff2",-12.3
"diff2",-17.3
"diff2",-18.3
"diff2",-18.3
"diff2",-17.3
"diff2",-21.3
"diff2",-19.3
"diff2",-9.3
"diff2",-16.3
"diff2",-13.3
"diff2",-15.3
"diff2",-14.3
"diff2",-17.3
"diff2",-16.3
"diff2",-14.3
"diff2",-12.3
"diff2",-15.3
"diff2",-18.3
"diff2",-13.3
"diff2",-19.3
"diff2",-10.3
"diff2",-13.3
"diff2",-15.3
"diff2",-17.3
"diff2",-20.3
"diff2",-14.3
"diff2",-16.3
"diff2",-7.3
"diff2",-9.3
"diff2",-11.3
"diff2",-17.3
"diff2",-14.3
"diff2",-19.3
"diff2",-15.3
"diff2",-10.3
"diff2",-15.3
"diff2",-11.3
"diff2",-15.3
"diff2",-9.3
"diff2",-10.3
"diff2",-16.3
"diff2",-12.3
"diff2",-11.3
"diff2",-14.3
"diff2",-14.3
"diff2",-16.3
"diff2",-16.3
"diff2",-21.3
"diff2",-13.3
"diff2",-16.3
"diff2",-14.3
"diff2",-18.3
"diff2",-15.3
"diff2",-15.3
"diff2",-16.3
"diff2",-13.3
"diff2",-13.3
"diff2",-7.3
"diff2",-17.3
"diff2",-9.3
"diff2",-11.3
"diff2",-15.3
"diff2",-11.3
"diff2",-14.3
"diff2",-14.3
"diff2",-16.3
"diff2",-14.3
"diff2",-20.3
"diff2",-13.3
"diff2",-16.3
"diff2",-11.3
"diff2",-21.3
"diff2",-10.3
"diff2",-15.3
"diff2",-12.3
"diff2",-15.3
"diff2",-14.3
"diff2",-18.3
"diff2",-16.3
"diff2",-13.3
"diff2",-8.3
"diff2",-14.3
"diff2",-18.3
"diff2",-13.3
"diff2",-15.3
"diff2",-13.3
"diff2",-18.3
"diff2",-15.3
"diff2",-14.3
"diff2",-20.3
"diff2",-15.3
"diff2",-19.3
"diff2",-20.3
"diff2",-17.3
"diff2",-11.3
"diff2",-13.3
"diff2",-20.3
"diff2",-22.3
"diff2",-10.3
"diff2",-10.3
"diff2",-19.3
"diff2",-14.3
"diff2",-9.3
"diff2",-17.3
"diff2",-14.3
"diff2",-17.3
"diff2",-16.3
"diff2",-11.3
"diff2",-11.3
"diff2",-17.3
"diff2",-12.3
"diff2",-15.3
"diff2",-19.3
"diff2",-11.3
"diff2",-18.3
"diff2",-8.3
"diff2",-16.3
"diff2",-9.3
"diff2",-13.3
"diff2",-13.3
"diff2",-8.3
"diff2",-19.3
"diff2",-15.3
"diff2",-9.3
"diff2",-7.3
"diff2",-11.3
"diff2",-7.3
"diff2",-17.3
"diff2",-16.3
"diff2",-13.3
"diff2",-14.3
"diff2",-17.3
"diff2",-13.3
"diff2",-19.3
"diff2",-15.3
"diff2",-20.3
"diff2",-16.3
"diff2",-15.3
"diff2",-13.3
"diff2",-10.3
"diff2",-20.3
"diff2",-18.3
"diff2",-7.3
"diff2",-19.3
"diff2",-19.3
"diff2",-18.3
"diff2",-9.3
"diff2",-13.3
"diff2",-14.3
"diff2",-14.3
"diff2",-9.3
"diff2",-16.3
"diff2",-14.3
"diff2",-20.3
"diff2",-18.3
"diff2",-12.3
"diff2",-10.3
"diff2",-13.3
"diff2",-16.3
"diff2",-21.3
"diff2",-11.3
"diff2",-16.3
"diff2",-12.3
"diff2",-9.3
"diff2",-11.3
"diff2",-19.3
"diff2",-13.3
"diff2",-15.3
"diff2",-16.3
"diff2",-19.3
"diff2",-8.3
"diff2",-14.3
"diff2",-10.3
"diff2",-17.3
"diff2",-19.3
"diff2",-9.3
"diff2",-16.3
"diff2",-18.3
"diff2",-18.3
"diff2",-9.3
"diff2",-12.3
"diff2",-9.3
"diff2",-17.3
"diff2",-14.3
"diff2",-12.3
"diff2",-13.3
"diff2",-14.3
"diff2",-13.3
"diff2",-14.3
"diff2",-13.3
"diff2",-14.3
"diff2",-18.3
"diff2",-15.3
"diff2",-16.3
"diff2",-13.3
"diff2",-15.3
"diff2",-20.3
"diff2",-15.3
"diff2",-15.3
"diff2",-19.3
"diff2",-15.3
"diff2",-12.3
"diff2",-14.3
"diff2",-17.3
"diff2",-17.3
"diff2",-20.3
"diff2",-18.3
"diff2",-19.3
"diff2",-9.3
"diff2",-9.3
"diff2",-17.3
"diff2",-16.3
"diff2",-19.3
"diff2",-11.3
"diff2",-15.3
"diff2",-20.3
"diff2",-17.3
"diff2",-20.3
"diff2",-17.3
"diff2",-14.3
"diff2",-14.3
"diff2",-9.3
"diff2",-8.3
"diff2",-19.3
"diff2",-10.3
"diff2",-11.3
"diff2",-22.3
"diff2",-18.3
"diff2",-17.3
"diff2",-20.3
"diff2",-11.3
"diff2",-14.3
"diff2",-17.3
"diff2",-18.3
"diff2",-16.3
"diff2",-15.3
"diff2",-13.3
"diff2",-18.3
"diff2",-15.3
"diff2",-13.3
"diff2",-15.3
"diff2",-14.3
"diff2",-18.3
"diff2",-12.3
"diff2",-9.3
"diff2",-16.3
"diff2",-12.3
"diff2",-15.3
"diff2",-14.3
"diff2",-16.3
"diff2",-16.3
"diff2",-12.3
"diff2",-14.3
"diff2",-19.3
"diff2",-11.3
"diff2",-14.3
"diff2",-10.3
"diff2",-12.3
"diff2",-10.3
"diff2",-11.3
"diff2",-10.3
"diff2",-17.3
"diff2",-11.3
"diff2",-15.3
"diff2",-11.3
"diff2",-12.3
"diff2",-12.3
"diff2",-18.3
"diff2",-16.3
"diff2",-9.3
"diff2",-14.3
"diff2",-16.3
"diff2",-16.3
"diff2",-14.3
"diff2",-19.3
"diff2",-19.3
"diff2",-14.3
"diff2",-14.3
"diff2",-13.3
"diff2",-11.3
"diff2",-16.3
"diff2",-17.3
"diff2",-15.3
"diff2",-17.3
"diff2",-16.3
"diff2",-15.3
"diff2",-17.3
"diff2",-13.3
"diff2",-14.3
"diff2",-12.3
"diff2",-14.3
"diff2",-13.3
"diff2",-10.3
"diff2",-11.3
"diff2",-14.3
"diff2",-10.3
"diff2",-16.3
"diff2",-12.3
"diff2",-8.3
"diff2",-11.3
"diff2",-16.3
"diff2",-17.3
"diff2",-16.3
"diff2",-13.3
"diff2",-14.3
"diff2",-11.3
"diff2",-12.3
"diff2",-15.3
"diff2",-18.3
"diff2",-18.3
"diff2",-10.3
"diff2",-13.3
"diff2",-12.3
"diff2",-15.3
"diff2",-14.3
"diff2",-15.3
"diff2",-11.3
"diff2",-10.3
"diff2",-14.3
"diff2",-15.3
"diff2",-16.3
"diff2",-16.3
"diff2",-14.3
"diff2",-15.3
"diff2",-18.3
"diff2",-15.3
"diff2",-13.3
"diff2",-15.3
"diff2",-20.3
"diff2",-12.3
"diff2",-21.3
"diff2",-13.3
"diff2",-13.3
"diff2",-16.3
"diff2",-17.3
"diff2",-17.3
"diff2",-16.3
"diff2",-20.3
"diff2",-13.3
"diff2",-16.3
"diff2",-19.3
"diff2",-12.3
"diff2",-11.3
"diff2",-16.3
"diff2",-15.3
"diff2",-17.3
"diff2",-16.3
"diff2",-16.3
"diff2",-13.3
"diff2",-14.3
"diff2",-13.3
"diff2",-10.3
"diff2",-15.3
"diff2",-15.3
"diff2",-19.3
"diff2",-17.3
"diff2",-9.3
"diff2",-19.3
"diff2",-12.3
"diff2",-8.3
"diff2",-20.3
"diff2",-13.3
"diff2",-14.3
"diff2",-18.3
"diff2",-19.3
"diff2",-13.3
"diff2",-19.3
"diff2",-15.3
"diff2",-12.3
"diff2",-17.3
"diff2",-14.3
"diff2",-12.3
"diff2",-13.3
"diff2",-14.3
"diff2",-11.3
"diff2",-17.3
"diff2",-14.3
"diff2",-17.3
"diff2",-16.3
"diff2",-17.3
"diff2",-12.3
"diff2",-14.3
"diff2",-12.3
"diff2",-14.3
"diff2",-12.3
"diff2",-10.3
"diff2",-14.3
"diff2",-20.3
"diff2",-14.3
"diff2",-13.3
"diff2",-19.3
"diff2",-14.3
"diff2",-14.3
"diff2",-11.3
"diff2",-14.3
"diff2",-13.3
"diff2",-17.3
"diff2",-15.3
"diff2",-11.3
"diff2",-13.3
"diff2",-10.3
"diff2",-13.3
"diff2",-9.3
"diff2",-16.3
"diff2",-18.3
"diff2",-10.3
"diff2",-15.3
"diff2",-14.3
"diff2",-16.3
"diff2",-14.3
"diff2",-13.3
"diff2",-19.3
"diff2",-13.3
"diff2",-15.3
"diff2",-16.3
"diff2",-14.3
"diff2",-13.3
"diff2",-11.3
"diff2",-10.3
"diff2",-15.3
"diff2",-15.3
"diff2",-12.3
"diff2",-14.3
"diff2",-12.3
"diff2",-12.3
"diff2",-9.3
"diff2",-15.3
"diff2",-18.3
"diff2",-16.3
"diff2",-17.3
"diff2",-13.3
"diff2",-14.3
"diff2",-16.3
"diff2",-15.3
"diff2",-17.3
"diff2",-14.3
"diff2",-12.3
"diff2",-11.3
"diff2",-17.3
"diff2",-14.3
"diff2",-17.3
"diff2",-18.3
"diff2",-16.3
"diff2",-15.3
"diff2",-18.3
"diff2",-8.3
"diff2",-12.3
"diff2",-16.3
"diff2",-7.3
"diff2",-6.3
"diff2",-20.3
"diff2",-8.3
"diff2",-15.3
"diff2",-20.3
"diff2",-11.3
"diff2",-12.3
"diff2",-15.3
"diff2",-10.3
"diff2",-15.3
"diff2",-16.3
"diff2",-9.3
"diff2",-6.3
"diff2",-21.3
"diff2",-10.3
"diff2",-15.3
"diff2",-7.3
"diff2",-17.3
"diff2",-10.3
"diff2",-19.3
"diff2",-15.3
"diff2",-10.3
"diff2",-13.3
"diff2",-9.3
"diff2",-16.3
"diff2",-8.3
"diff2",-11.3
"diff2",-9.3
"diff2",-17.3
"diff2",-7.3
"diff2",-11.3
"diff2",-16.3
"diff2",-14.3
"diff2",-12.3
"diff2",-11.3
"diff2",-19.3
"diff2",-15.3
"diff2",-12.3
"diff2",-19.3
"diff2",-13.3
"diff2",-16.3
"diff2",-12.3
"diff2",-10.3
"diff2",-8.3
"diff2",-16.3
"diff2",-9.3
"diff2",-9.3
"diff2",-11.3
"diff2",-5.3
"diff2",-13.3
"diff2",-18.3
"diff2",-9.3
"diff2",-14.3
"diff2",-11.3
"diff2",-14.3
"diff2",-12.3
"diff2",-11.3
"diff2",-8.3
"diff2",-9.3
"diff2",-14.3
"diff2",-9.3
"diff2",-16.3
"diff2",-11.3
"diff2",-7.3
"diff2",-18.3
"diff2",-8.3
"diff2",-14.3
"diff2",-16.3
"diff2",-17.3
"diff2",-6.3
"diff2",-12.3
"diff2",-14.3
"diff2",-8.3
"diff2",-17.3
"diff2",-12.3
"diff2",-16.3
"diff2",-14.3
"diff2",-9.3
"diff2",-12.3
"diff2",-6.3
"diff2",-18.3
"diff2",-18.3
"diff2",-10.3
"diff2",-10.3
"diff2",-13.3
"diff2",-13.3
"diff2",-17.3
"diff2",-11.3
"diff2",-10.3
"diff2",-12.3
"diff2",-14.3
"diff2",-16.3
"diff2",-14.3
"diff2",-11.3
"diff2",-8.3
"diff2",-12.3
"diff2",-9.3
"diff2",-17.3
"diff2",-15.3
"diff2",-14.3
"diff2",-10.3
"diff2",-15.3
"diff2",-11.3
"diff2",-9.3
"diff2",-10.3
"diff2",-8.3
"diff2",-11.3
"diff2",-12.3
"diff2",-9.3
"diff2",-11.3
"diff2",-14.3
"diff2",-14.3
"diff2",-11.3
"diff2",-16.3
"diff2",-7.3
"diff2",-13.3
"diff2",-17.3
"diff2",-16.3
"diff2",-14.3
"diff2",-10.3
"diff2",-7.3
"diff2",-17.3
"diff2",-7.3
"diff2",-13.3
"diff2",-18.3
"diff2",-6.3
"diff2",-20.3
"diff2",-17.3
"diff2",-15.3
"diff2",-11.3
"diff2",-5.3
"diff2",-12.3
"diff2",-21.3
"diff2",-13.3
"diff2",-12.3
"diff2",-11.3
"diff2",-17.3
"diff2",-6.3
"diff2",-12.3
"diff2",-10.3
"diff2",-17.3
"diff2",-11.3
"diff2",-18.3
"diff2",-13.3
"diff2",-13.3
"diff2",-16.3
"diff2",-17.3
"diff2",-16.3
"diff2",-9.3
"diff2",-17.3
"diff2",-5.3
"diff2",-19.3
"diff2",-7.3
"diff2",-12.3
"diff2",-12.3
"diff2",-12.3
"diff2",-19.3
"diff2",-13.3
"diff2",-4.3
"diff2",-17.3
"diff2",-7.3
"diff2",-13.3
"diff2",-13.3
"diff2",-11.3
"diff2",-15.3
"diff2",-9.3
"diff2",-16.3
"diff2",-8.3
"diff2",-15.3
"diff2",-12.3
"diff2",-10.3
"diff2",-7.3
"diff2",-10.3
"diff2",-11.3
"diff2",-20.3
"diff2",-16.3
"diff2",-12.3
"diff2",-11.3
"diff2",-9.3
"diff2",-10.3
"diff2",-17.3
"diff2",-13.3
"diff2",-19.3
"diff2",-6.3
"diff2",-7.3
"diff2",-16.3
"diff2",-12.3
"diff2",-10.3
"diff2",-5.3
"diff2",-14.3
"diff2",-7.3
"diff2",-9.3
"diff2",-12.3
"diff2",-15.3
"diff2",-7.3
"diff2",-20.3
"diff2",-13.3
"diff2",-16.3
"diff2",-14.3
"diff2",-12.3
"diff2",-20.3
"diff2",-9.3
"diff2",-16.3
"diff2",-19.3
"diff2",-14.3
"diff2",-11.3
"diff2",-10.3
"diff2",-9.3
"diff2",-18.3
"diff2",-14.3
"diff2",-15.3
"diff2",-8.3
"diff2",-11.3
"diff2",-12.3
"diff2",-6.3
"diff2",-9.3
"diff2",-6.3
"diff2",-12.3
"diff2",-7.3
"diff2",-15.3
"diff2",-15.3
"diff2",-13.3
"diff2",-15.3
"diff2",-12.3
"diff2",-14.3
"diff2",-13.3
"diff2",-14.3
"diff2",-6.3
"diff2",-13.3
"diff2",-7.3
"diff2",-13.3
"diff2",-10.3
"diff2",-14.3
"diff2",-5.3
"diff2",-7.3
"diff2",-12.3
"diff2",-10.3
"diff2",-19.3
"diff2",-7.3
"diff2",-10.3
"diff2",-11.3
"diff2",-10.3
"diff2",-8.3
"diff2",-16.3
"diff2",-12.3
"diff2",-12.3
"diff2",-13.3
"diff2",-18.3
"diff2",-12.3
"diff2",-7.3
"diff2",-13.3
"diff2",-6.3
"diff2",-14.3
"diff2",-7.3
"diff2",-16.3
"diff2",-11.3
"diff2",-8.3
"diff2",-11.3
"diff2",-16.3
"diff2",-11.3
"diff2",-11.3
"diff2",-19.3
"diff2",-12.3
"diff2",-8.3
"diff2",-13.3
"diff2",-18.3
"diff2",-13.3
"diff2",-12.3
"diff2",-10.3
"diff2",-11.3
"diff2",-4.3
"diff2",-11.3
"diff2",-14.3
"diff2",-5.3
"diff2",-19.3
"diff2",-14.3
"diff2",-16.3
"diff2",-10.3
"diff2",-10.3
"diff2",-10.3
"diff2",-7.3
"diff2",-14.3
"diff2",-12.3
"diff2",-6.3
"diff2",-19.3
"diff2",-5.3
"diff2",-16.3
"diff2",-12.3
"diff2",-7.3
"diff2",-17.3
"diff2",-16.3
"diff2",-6.3
"diff2",-16.3
"diff2",-4.3
"diff2",-11.3
"diff2",-17.3
"diff2",-17.3
"diff2",-10.3
"diff2",-9.3
"diff2",-4.3
"diff2",-10.3
"diff2",-18.3
"diff2",-6.3
"diff2",-14.3
"diff2",-7.3
"diff2",-12.3
"diff2",-13.3
"diff2",-10.3
"diff2",-16.3
"diff2",-9.3
"diff2",-11.3
"diff2",-14.3
"diff2",-11.3
"diff2",-10.3
"diff2",-15.3
"diff2",-14.3
"diff2",-7.3
"diff2",-15.3
"diff2",-8.3
"diff2",-11.3
"diff2",-19.3
"diff2",-13.3
"diff2",-16.3
"diff2",-11.3
"diff2",-13.3
"diff2",-6.3
"diff2",-4.3
"diff2",-13.3
"diff2",-6.3
"diff2",-11.3
"diff2",-16.3
"diff2",-11.3
"diff2",-5.3
"diff2",-13.3
"diff2",-11.3
"diff2",-11.3
"diff2",-13.3
"diff2",-13.3
"diff2",-11.3
"diff2",-3.3
"diff2",-9.3
"diff2",-8.3
"diff2",-10.3
"diff2",-6.3
"diff2",-11.3
"diff2",-7.3
"diff2",-14.3
"diff2",-12.3
"diff2",-11.3
"diff2",-11.3
"diff2",-12.3
"diff2",-11.3
"diff2",-9.3
"diff2",-9.3
"diff2",-12.3
"diff2",-7.3
"diff2",-14.3
"diff2",-7.3
"diff2",-8.3
"diff2",-11.3
"diff2",-3.3
"diff2",-13.3
"diff2",-8.3
"diff2",-9.3
"diff2",-15.3
"diff2",-18.3
"diff2",-10.3
"diff2",-4.3
"diff2",-18.3
"diff2",-15.3
"diff2",-15.3
"diff2",-12.3
"diff2",-13.3
"diff2",-7.3
"diff2",-11.3
"diff2",-9.3
"diff2",-4.3
"diff2",-20.3
"diff2",-18.3
"diff2",-4.3
"diff2",-3.3
"diff2",-15.3
"diff2",-15.3
"diff2",-7.3
"diff2",-9.3
"diff2",-9.3
"diff2",-10.3
"diff2",-4.3
"diff2",-17.3
"diff2",-7.3
"diff2",-14.3
"diff2",-14.3
"diff2",-10.3
"diff2",-6.3
"diff2",-8.3
"diff2",-13.3
"diff2",-11.3
"diff2",-15.3
"diff2",-17.3
"diff2",-8.3
"diff2",-9.3
"diff2",-10.3
"diff2",-16.3
"diff2",-13.3
"diff2",-6.3
"diff2",-15.3
"diff2",-16.3
"diff2",-19.3
"diff2",-10.3
"diff2",-11.3
"diff2",-7.3
"diff2",-7.3
"diff2",-15.3
"diff2",-2.3
"diff2",-10.3
"diff2",-18.3
"diff2",-12.3
"diff2",-15.3
"diff2",-3.3
"diff2",-13.3
"diff2",-19.3
"diff2",-9.3
"diff2",-13.3
"diff2",-13.3
"diff2",-8.3
"diff2",-11.3
"diff2",-16.3
"diff2",-4.3
"diff2",-19.3
"diff2",-4.3
"diff2",-12.3
"diff2",-7.3
"diff2",-17.3
"diff2",-12.3
"diff2",-20.3
"diff2",-8.3
"diff2",-11.3
"diff2",-22.3
"diff2",-5.3
"diff2",-5.3
"diff2",-5.3
"diff2",-7.3
"diff2",-7.3
"diff2",-10.3
"diff2",-15.3
"diff2",-13.3
"diff2",-8.3
"diff2",-12.3
"diff2",-14.3
"diff2",-21.3
"diff2",-12.3
"diff2",-2.3
"diff2",-11.3
"diff2",-10.3
"diff2",-14.3
"diff2",-8.3
"diff2",-9.3
"diff2",-15.3
"diff2",-15.3
"diff2",-19.3
"diff2",-13.3
"diff2",-17.3
"diff2",-8.3
"diff2",-18.3
"diff2",-7.3
"diff2",-10.3
"diff2",-12.3
"diff2",-8.3
"diff2",-6.3
"diff2",-9.3
"diff2",-15.3
"diff2",-13.3
"diff2",-21.3
"diff2",-13.3
"diff2",-7.3
"diff2",-12.3
"diff2",-13.3
"diff2",-20.3
"diff2",-17.3
"diff2",-13.3
"diff2",-8.3
"diff2",-18.3
"diff2",-4.3
"diff2",-10.3
"diff2",-8.3
"diff2",-8.3
"diff2",-12.3
"diff2",-17.3
"diff2",-9.3
"diff2",-21.3
"diff2",-6.3
"diff2",-14.3
"diff2",-7.3
"diff2",-5.3
"diff2",-14.3
"diff2",-18.3
"diff2",-9.3
"diff2",-15.3
"diff2",-10.3
"diff2",-4.3
"diff2",-11.3
"diff2",-6.3
"diff2",-13.3
"diff2",-9.3
"diff2",-10.3
"diff2",-15.3
"diff2",-8.3
"diff2",-9.3
"diff2",-14.3
"diff2",-16.3
"diff2",-10.3
"diff2",-8.3
"diff2",-8.3
"diff2",-15.3
"diff2",-15.3
"diff2",-9.3
"diff2",-4.3
"diff2",-9.3
"diff2",-11.3
"diff2",-19.3
"diff2",-10.3
"diff2",-12.3
"diff2",-13.3
"diff2",-19.3
"diff2",-19.3
"diff2",-13.3
"diff2",-14.3
"diff2",-11.3
"diff2",-8.3
"diff2",-7.3
"diff2",-16.3
"diff2",-10.3
"diff2",-6.3
"diff2",-13.3
"diff2",-12.3
"diff2",-23.3
"diff2",-12.3
"diff2",-18.3
"diff2",-13.3
"diff2",-15.3
"diff2",-8.3
"diff2",-14.3
"diff2",-18.3
"diff2",-17.3
"diff2",-2.3
"diff2",-6.3
"diff2",-11.3
"diff2",-14.3
"diff2",-11.3
"diff2",-7.3
"diff2",-6.3
"diff2",-13.3
"diff2",-14.3
"diff2",-10.3
"diff2",-10.3
"diff2",-18.3
"diff2",-8.3
"diff2",-15.3
"diff2",-13.3
"diff2",-16.3
"diff2",-13.3
"diff2",-6.3
"diff2",-12.3
"diff2",-13.3
"diff2",-16.3
"diff2",-2.3
"diff2",-17.3
"diff2",-14.3
"diff2",-5.3
"diff2",-10.3
"diff2",-12.3
"diff2",-14.3
"diff2",-20.3
"diff2",-7.3
"diff2",-14.3
"diff2",-18.3
"diff2",-16.3
"diff2",-7.3
"diff2",-12.3
"diff2",-14.3
"diff2",-21.3
"diff2",-17.3
"diff2",-4.3
"diff2",-16.3
"diff2",-10.3
"diff2",-10.3
"diff2",-15.3
"diff2",-12.3
"diff2",-15.3
"diff2",-6.3
"diff2",-7.3
"diff2",-11.3
"diff2",-7.3
"diff2",-10.3
"diff2",-10.3
"diff2",-14.3
"diff2",-12.3
"diff2",-13.3
"diff2",-16.3
"diff2",-16.3
"diff2",-17.3
"diff2",-13.3
"diff2",-19.3
"diff2",-8.3
"diff2",-16.3
"diff2",-15.3
"diff2",-7.3
"diff2",-9.3
"diff2",-13.3
"diff2",-16.3
"diff2",-13.3
"diff2",-13.3
"diff2",-10.3
"diff2",-7.3
"diff2",-17.3
"diff2",-22.3
"diff2",-6.3
"diff2",-18.3
"diff2",-5.3
"diff2",-15.3
"diff2",-15.3
"diff2",-11.3
"diff2",-13.3
"diff2",-20.3
"diff2",-18.3
"diff2",-11.3
"diff2",-12.3
"diff2",-10.3
"diff2",-20.3
"diff2",-7.3
"diff2",-6.3
"diff2",-16.3
"diff2",-8.3
"diff2",-20.3
"diff2",-22.3
"diff2",-13.3
"diff2",-19.3
"diff2",-14.3
"diff2",-18.3
"diff2",-16.3
"diff2",-6.3
"diff2",-21.3
"diff2",-19.3
"diff2",-16.3
"diff2",-15.3
"diff2",-16.3
"diff2",-13.3
"diff2",-10.3
"diff2",-8.3
"diff2",-15.3
"diff2",-15.3
"diff2",-10.3
"diff2",-17.3
"diff2",-12.3
"diff2",-12.3
"diff2",-16.3
"diff2",-13.3
"diff2",-10.3
"diff2",-19.3
"diff2",-12.3
"diff2",-15.3
"diff2",-16.3
"diff2",-6.3
"diff2",-15.3
"diff2",-12.3
"diff2",-4.3
"diff2",-16.3
"diff2",-20.3
"diff2",-17.3
"diff2",-12.3
"diff2",-9.3
"diff2",-19.3
"diff2",-18.3
"diff2",-17.3
"diff2",-13.3
"diff2",-10.3
"diff2",-12.3
"diff2",-15.3
"diff2",-4.3
"diff2",-6.3
"diff2",-3.3
"diff2",-19.3
"diff2",-6.3
"diff2",-9.3
"diff2",-6.3
"diff2",-5.3
"diff2",-14.3
"diff2",-17.3
"diff2",-18.3
"diff2",-14.3
"diff2",-14.3
"diff2",-14.3
"diff2",-7.3
"diff2",-15.3
"diff2",-14.3
"diff2",-6.3
"diff2",-4.3
"diff2",-12.3
"diff2",-16.3
"diff2",-13.3
"diff2",-13.3
"diff2",-12.3
"diff2",-8.3
"diff2",-9.3
"diff2",-16.3
"diff2",-8.3
"diff2",-13.3
"diff2",-9.3
"diff2",-4.3
"diff2",-6.3
"diff2",-12.3
"diff2",-18.3
"diff2",-8.3
"diff2",-9.3
"diff2",-14.3
"diff2",-14.3
"diff2",-3.3
"diff2",-15.3
"diff2",-16.3
"diff2",-20.3
"diff2",-18.3
"diff2",-6.3
"diff2",-7.3
"diff2",-17.3
"diff2",-7.3
"diff2",-13.3
"diff2",-11.3
"diff2",-4.3
"diff2",-15.3
"diff2",-13.3
"diff2",-8.3
"diff2",-2.3
"diff2",-15.3
"diff2",-9.3
"diff2",-20.3
"diff2",-6.3
"diff2",-13.3
"diff2",-11.3
"diff2",-6.3
"diff2",-8.3
"diff2",-19.3
"diff2",-9.3
"diff2",-7.3
"diff2",-12.3
"diff2",-18.3
"diff2",-12.3
"diff2",-10.3
"diff2",-15.3
"diff2",-9.3
"diff2",-9.3
"diff2",-18.3
"diff2",-13.3
"diff2",-16.3
"diff2",-2.3
"diff2",-9.3
"diff2",-17.3
"diff2",-10.3
"diff2",-13.3
"diff2",-16.3
"diff2",-8.3
"diff2",-13.3
"diff2",-18.3
"diff2",-16.3
"diff2",-10.3
"diff2",-11.3
"diff2",-11.3
"diff2",-13.3
"diff2",-19.3
"diff2",-8.3
"diff2",-18.3
"diff2",-7.3
"diff2",-8.3
"diff2",-19.3
"diff2",-10.3
"diff2",-23.3
"diff2",-7.3
"diff2",-16.3
"diff2",-9.3
"diff2",-17.3
"diff2",-17.3
"diff2",-3.3
"diff2",-12.3
"diff2",-4.3
"diff2",-12.3
"diff2",-20.3
"diff2",-16.3
"diff2",-13.3
"diff2",-18.3
"diff2",-11.3
"diff2",-21.3
"diff2",-7.3
"diff2",-9.3
"diff2",-17.3
"diff2",-8.3
"diff2",-20.3
"diff2",-13.3
"diff2",-8.3
"diff2",-16.3
"diff2",-7.3
"diff2",-8.3
"diff2",-7.3
"diff2",-17.3
"diff2",-20.3
"diff2",-15.3
"diff2",-19.3
"diff2",-16.3
"diff2",-15.3
"diff2",-13.3
"diff2",-8.3
"diff2",-7.3
"diff2",-1.3
"diff2",-16.3
"diff2",-12.3
"diff2",-5.3
"diff2",-10.3
"diff2",-9.3
"diff2",-13.3
"diff2",-22.3
"diff2",-19.3
"diff2",-9.3
"diff2",-8.3
"diff2",-5.3
"diff2",-12.3
"diff2",-14.3
"diff2",-12.3
"diff2",-5.3
"diff2",-12.3
"diff2",-2.3
"diff2",-3.3
"diff2",-9.3
"diff2",-12.3
"diff2",-7.3
"diff2",-18.3
"diff2",-14.3
"diff2",-14.3
"diff2",-21.3
"diff2",-16.3
"diff2",-8.3
"diff2",-14.3
"diff2",-6.3
"diff2",-12.3
"diff2",-20.3
"diff2",-9.3
"diff2",-12.3
"diff2",-4.3
"diff2",-6.3
"diff2",-7.3
"diff2",-10.3
"diff2",-9.3
"diff2",-11.3
"diff2",-16.3
"diff2",-15.3
"diff2",-15.3
"diff2",-1.3
"diff2",-14.3
"diff2",-13.3
"diff2",-17.3
"diff2",-20.3
"diff2",-15.3
"diff2",-7.3
"diff2",-6.3
"diff2",-10.3
"diff2",-13.3
"diff2",-12.3
"diff2",-15.3
"diff2",-16.3
"diff2",-7.3
"diff2",-5.3
"diff2",-18.3
"diff2",-17.3
"diff2",-7.3
"diff2",-14.3
"diff2",-20.3
"diff2",-9.3
"diff2",-10.3
"diff2",-15.3
"diff2",-10.3
"diff2",-10.3
"diff2",-17.3
"diff2",-6.3
"diff2",-11.3
"diff2",-23.3
"diff2",-19.3
"diff2",-19.3
"diff2",-7.3
"diff2",-12.3
"diff2",-4.3
"diff2",-7.3
"diff2",-8.3
"diff2",-14.3
"diff2",-15.3
"diff2",-25.3
"diff2",-7.3
"diff2",-18.3
"diff2",-23.3
"diff2",-12.3
"diff2",-14.3
"diff2",-5.3
"diff2",-21.3
"diff2",-22.3
"diff2",-14.3
"diff2",-15.3
"diff2",-24.3
"diff2",-8.3
"diff2",-4.3
"diff2",-11.3
"diff2",-22.3
"diff2",-13.3
"diff2",-5.3
"diff2",-15.3
"diff2",-6.3
"diff2",-11.3
"diff2",-11.3
"diff2",-16.3
"diff2",-6.3
"diff2",-14.3
"diff2",-17.3
"diff2",-15.3
"diff2",-14.3
"diff2",-5.3
"diff2",-3.3
"diff2",-11.3
"diff2",-10.3
"diff2",-13.3
"diff2",-6.3
"diff2",-18.3
"diff2",-9.3
"diff2",-7.3
"diff2",-10.3
"diff2",-18.3
"diff2",-8.3
"diff2",-7.3
"diff2",-11.3
"diff2",-10.3
"diff2",-6.3
"diff2",-5.3
"diff2",-12.3
"diff2",-10.3
"diff2",-19.3
"diff2",-15.3
"diff2",-17.3
"diff2",-11.3
"diff2",-13.3
"diff2",-5.3
"diff2",-13.3
"diff2",-12.3
"diff2",-6.3
"diff2",-2.3
"diff2",-4.3
"diff2",-8.3
"diff2",-14.3
"diff2",-17.3
"diff2",-15.3
"diff2",-1.3
"diff2",-11.3
"diff2",-18.3
"diff2",-14.3
"diff2",-10.3
"diff2",-15.3
"diff2",-20.3
"diff2",-15.3
"diff2",-17.3
"diff2",-20.3
"diff2",-13.3
"diff2",-11.3
"diff2",-11.3
"diff2",-9.3
"diff2",-12.3
"diff2",-7.3
"diff2",-21.3
"diff2",-9.3
"diff2",-21.3
"diff2",-5.3
"diff2",-20.3
"diff2",-1.3
"diff2",-17.3
"diff2",-14.3
"diff2",-2.3
"diff2",-21.3
"diff2",-10.3
"diff2",-6.3
"diff2",-11.3
"diff2",-13.3
"diff2",-11.3
"diff2",-11.3
"diff2",-13.3
"diff2",-13.3
"diff2",-2.3
"diff2",-0.300000000000001
"diff2",-10.3
"diff2",-10.3
"diff2",-8.3
"diff2",-14.3
"diff2",-14.3
"diff2",-16.3
"diff2",-17.3
"diff2",-23.3
"diff2",-12.3
"diff2",-17.3
"diff2",-19.3
"diff2",-2.3
"diff2",-3.3
"diff2",-26.3
"diff2",-16.3
"diff2",-15.3
"diff2",-20.3
"diff2",-13.3
"diff2",-3.3
"diff2",-15.3
"diff2",-1.3
"diff2",-21.3
"diff2",-9.3
"diff2",-12.3
"diff2",-14.3
"diff2",-15.3
"diff2",-14.3
"diff2",-17.3
"diff2",-8.3
"diff2",-26.3
"diff2",-7.3
"diff2",-1.3
"diff2",-5.3
"diff2",-21.3
"diff2",-12.3
"diff2",-10.3
"diff2",-7.3
"diff2",-11.3
"diff2",-5.3
"diff2",-16.3
"diff2",-12.3
"diff2",-1.3
"diff2",-9.3
"diff2",-13.3
"diff2",-26.3
"diff2",-11.3
"diff2",-15.3
"diff2",-19.3
"diff2",-11.3
"diff2",-14.3
"diff2",-14.3
"diff2",-24.3
"diff2",-23.3
"diff2",-25.3
"diff2",-15.3
"diff2",-5.3
"diff2",-7.3
"diff2",-14.3
"diff2",-11.3
"diff2",-25.3
"diff2",-16.3
"diff2",-19.3
"diff2",-11.3
"diff2",-9.3
"diff2",-21.3
"diff2",-18.3
"diff2",-14.3
"diff2",-7.3
"diff2",-14.3
"diff2",-4.3
"diff2",-17.3
"diff2",-13.3
"diff2",-20.3
"diff2",-9.3
"diff2",-25.3
"diff2",-16.3
"diff2",-24.3
"diff2",-7.3
"diff2",-8.3
"diff2",-10.3
"diff2",-21.3
"diff2",-27.3
"diff2",-16.3
"diff2",-12.3
"diff2",-22.3
"diff2",-5.3
"diff2",-26.3
"diff2",-10.3
"diff2",-27.3
"diff2",-13.3
"diff2",-18.3
"diff2",-11.3
"diff2",-13.3
"diff2",-24.3
"diff2",-16.3
"diff2",-12.3
"diff2",-18.3
"diff2",-5.3
"diff2",-21.3
"diff2",-2.3
"diff2",-10.3
"diff2",-27.3
"diff2",-24.3
"diff2",-13.3
"diff2",-8.3
"diff2",-18.3
"diff2",-12.3
"diff2",-12.3
"diff2",-8.3
"diff2",-18.3
"diff2",-21.3
"diff2",-8.3
"diff2",-26.3
"diff2",-18.3
"diff2",-11.3
"diff2",-5.3
"diff2",-6.3
"diff2",-8.3
"diff2",-19.3
"diff2",-16.3
"diff2",-11.3
"diff2",-14.3
"diff2",-10.3
"diff2",-7.3
"diff2",-17.3
"diff2",-9.3
"diff2",-22.3
"diff2",-22.3
"diff2",-9.3
"diff2",-13.3
"diff2",-9.3
"diff2",-14.3
"diff2",-9.3
"diff2",-21.3
"diff2",-9.3
"diff2",-0.300000000000001
"diff2",3.7
"diff2",-15.3
"diff2",-13.3
"diff2",-9.3
"diff2",-8.3
"diff2",-9.3
"diff2",-10.3
"diff2",-17.3
"diff2",-19.3
"diff2",-17.3
"diff2",-17.3
"diff2",-13.3
"diff2",-15.3
"diff2",-14.3
"diff2",-1.3
"diff2",-16.3
"diff2",-10.3
"diff2",-9.3
"diff2",-21.3
"diff2",-16.3
"diff2",-3.3
"diff2",-3.3
"diff2",-11.3
"diff2",-12.3
"diff2",-18.3
"diff2",-21.3
"diff2",-22.3
"diff2",-16.3
"diff2",-16.3
"diff2",-9.3
"diff2",-16.3
"diff2",1.7
"diff2",-26.3
"diff2",-11.3
"diff2",-8.3
"diff2",-16.3
"diff2",-14.3
"diff2",-19.3
"diff2",-1.3
"diff2",-13.3
"diff2",-18.3
"diff2",-12.3
"diff2",-14.3
"diff2",-12.3
"diff2",-10.3
"diff2",-11.3
"diff2",-4.3
"diff2",-18.3
"diff2",-7.3
"diff2",-14.3
"diff2",-27.3
"diff2",-12.3
"diff2",-12.3
"diff2",-17.3
"diff2",-12.3
"diff2",-11.3
"diff2",-13.3
"diff2",-5.3
"diff2",-0.300000000000001
"diff2",-3.3
"diff2",-8.3
"diff2",-7.3
"diff2",-10.3
"diff2",-1.3
"diff2",-15.3
"diff2",-12.3
"diff2",-14.3
"diff2",-3.3
"diff2",-6.3
"diff2",-6.3
"diff2",-23.3
"diff2",6.7
"diff2",-18.3
"diff2",-8.3
"diff2",9.7
"diff2",-1.3
"diff2",-27.3
"diff2",-3.3
"diff2",-36.3
"diff2",-13.3
"diff2",3.7
"diff2",-17.3
"diff2",-8.3
"diff2",-35.3
"diff2",-3.3
"diff2",-10.3
"diff2",-21.3
"diff2",0.699999999999999
"diff2",-17.3
"diff2",6.7
"diff2",-15.3
"diff2",4.7
"diff2",-13.3
"diff2",-23.3
"diff2",-24.3
"diff2",-22.3
"diff2",-17.3
"diff2",-30.3
"diff2",2.7
"diff2",-17.3
"diff2",-6.3
"diff2",-18.3
"diff2",-14.3
"diff2",-20.3
"diff2",-25.3
"diff2",-5.3
"diff2",-13.3
"diff2",-35.3
"diff2",-27.3
"diff2",-6.3
"diff2",-33.3
"diff2",-22.3
"diff2",-5.3
"diff2",-18.3
"diff2",4.7
"diff2",-30.3
"diff2",-7.3
"diff2",-7.3
"diff2",-18.3
"diff2",1.7
"diff2",9.7
"diff2",12.7
"diff2",-3.3
"diff2",-33.3
"diff2",-15.3
"diff2",-1.3
"diff2",-2.3
"diff2",-28.3
"diff2",-3.3
"diff2",4.7
"diff2",-27.3
"diff2",-16.3
"diff2",-1.3
"diff2",-15.3
"diff2",-11.3
"diff2",-26.3
"diff2",-15.3
"diff2",-14.3
"diff2",-20.3
"diff2",-28.3
"diff2",-13.3
"diff2",-14.3
"diff2",4.7
"diff2",-14.3
"diff2",-29.3
"diff2",-18.3
"diff2",-17.3
"diff2",-13.3
"diff2",-12.3
"diff2",-32.3
"diff2",-8.3
"diff2",-10.3
"diff2",-27.3
"diff2",-14.3
"diff2",10.7
"diff2",-14.3
"diff2",4.7
"diff2",-24.3
"diff2",-14.3
"diff2",-22.3
"diff2",10.7
"diff2",-22.3
"diff2",4.7
"diff2",-10.3
"diff2",-9.3
"diff2",-17.3
"diff2",3.7
"diff2",-15.3
"diff2",1.7
"diff2",-12.3
"diff2",-18.3
"diff2",-3.3
"diff2",-6.3
"diff2",-1.3
"diff2",12.7
"diff2",-2.3
"diff2",-20.3
"diff2",7.7
"diff2",-18.3
"diff2",-31.3
"diff2",-14.3
"diff2",-7.3
"diff2",-16.3
"diff2",-25.3
"diff2",-21.3
"diff2",-17.3
"diff2",-0.300000000000001
"diff2",-4.3
"diff2",-6.3
"diff2",-9.3
"diff2",-14.3
"diff2",-0.300000000000001
"diff2",-23.3
"diff2",-14.3
"diff2",-20.3
"diff2",-16.3
"diff2",-38.3
"diff2",7.7
"diff2",-1.3
"diff2",-6.3
"diff2",-16.3
"diff2",-20.3
"diff2",0.699999999999999
"diff2",-15.3
"diff2",-15.3
"diff2",-10.3
"diff2",-31.3
"diff2",7.7
"diff2",8.7
"diff2",-16.3
"diff2",-8.3
"diff2",-18.3
"diff2",-6.3
"diff2",-13.3
"diff2",-5.3
"diff2",8.7
"diff2",-4.3
"diff2",-1.3
"diff2",3.7
"diff2",-21.3
"diff2",-15.3
"diff2",-24.3
"diff2",-5.3
"diff2",-19.3
"diff2",-12.3
"diff2",1.7
"diff2",-25.3
"diff2",-20.3
"diff2",-9.3
"diff2",-19.3
"diff2",-19.3
"diff2",-6.3
"diff2",3.7
"diff2",-19.3
"diff2",-7.3
"diff2",-16.3
"diff2",-19.3
"diff2",-25.3
"diff2",-15.3
"diff2",-13.3
"diff2",-15.3
"diff2",-19.3
"diff2",-14.3
"diff2",-10.3
"diff2",-25.3
"diff2",-12.3
"diff2",-6.3
"diff2",-2.3
"diff2",-18.3
"diff2",-4.3
"diff2",-6.3
"diff2",1.7
"diff2",-18.3
"diff2",-16.3
"diff2",-27.3
"diff2",-3.3
"diff2",-34.3
"diff2",10.7
"diff2",-30.3
"diff2",-15.3
"diff2",6.7
"diff2",-27.3
"diff2",-29.3
"diff2",-19.3
"diff2",-28.3
"diff2",-8.3
"diff2",4.7
"diff2",-27.3
"diff2",-25.3
"diff2",-25.3
"diff2",-10.3
"diff2",-3.3
"diff2",-58.3
"diff2",-14.3
"diff2",-25.3
"diff2",13.7
"diff2",67.7
"diff2",-24.3
"diff2",-10.3
"diff2",-45.3
"diff2",-17.3
"diff2",-56.3
"diff2",67.7
"diff2",2.7
"diff2",23.7
"diff2",-56.3
"diff2",-50.3
"diff2",30.7
"diff2",-13.3
"diff2",-5.3
"diff2",-18.3
"diff2",-8.3
"diff2",-7.3
"diff2",-11.3
"diff2",-61.3
"diff2",-12.3
"diff2",-14.3
"diff2",-17.3
"diff2",29.7
"diff2",-78.3
"diff2",-2.3
"diff2",-46.3
"diff2",-24.3
"diff2",-13.3
"diff2",9.7
"diff2",-82.3
"diff2",77.7
"diff2",-56.3
"diff2",-6.3
"diff2",-17.3
"diff2",-63.3
"diff2",-3.3
"diff2",-35.3
"diff2",-15.3
"diff2",-58.3
"diff2",5.7
"diff2",36.7
"diff2",-29.3
"diff2",-14.3
"diff2",-11.3
"diff2",-23.3
"diff2",-93.3
"diff2",-40.3
"diff2",-13.3
"diff2",-89.3
"diff2",29.7
"diff2",-52.3
"diff2",4.7
"diff2",-12.3
"diff2",-6.3
"diff2",-48.3
"diff2",-73.3
"diff2",-25.3
"diff2",-53.3
"diff2",11.7
"diff2",-46.3
"diff2",28.7
"diff2",49.7
"diff2",12.7
"diff2",-112.3
"diff2",-25.3
"diff2",12.7
"diff2",-37.3
"diff2",4.7
"diff2",-13.3
"diff2",-14.3
"diff2",-44.3
"diff2",-44.3
"diff2",-14.3
"diff2",-19.3
"diff2",-11.3
"diff2",39.7
"diff2",22.7
"diff2",-26.3
"diff2",52.7
"diff2",-39.3
"diff2",-119.3
"diff2",-7.3
"diff2",50.7
"diff2",38.7
"diff2",-32.3
"diff2",19.7
"diff2",-5.3
"diff2",21.7
"diff2",-17.3
"diff2",95.7
"diff2",-46.3
"diff2",-20.3
"diff2",-6.3
"diff2",22.7
"diff2",-88.3
"diff2",-57.3
"diff2",-34.3
"diff2",-34.3
"diff2",-30.3
"diff2",24.7
"diff2",-11.3
"diff2",20.7
"diff2",-2.3
"diff2",-43.3
"diff2",-17.3
"diff2",-14.3
"diff2",-37.3
"diff2",18.7
"diff2",-13.3
"diff2",-44.3
"diff2",-101.3
"diff2",-66.3
"diff2",18.7
"diff2",17.7
"diff2",-0.300000000000001
"diff2",-102.3
"diff2",40.7
"diff2",95.7
"diff2",40.7
"diff2",-48.3
"diff2",-32.3
"diff2",-23.3
"diff2",-24.3
"diff2",2.7
"diff2",-3.3
"diff2",-41.3
"diff2",-54.3
"diff2",-12.3
"diff2",-57.3
"diff2",-15.3
"diff2",-73.3
"diff2",-89.3
"diff2",7.7
"diff2",-8.3
"diff2",3.7
"diff2",-9.3
"diff2",-18.3
"diff2",14.7
"diff2",-36.3
"diff2",48.7
"diff2",-97.3
"diff2",-26.3
"diff2",-116.3
"diff2",21.7
"diff2",-15.3
"diff2",-36.3
"diff2",-15.3
"diff2",46.7
"diff2",-90.3
"diff2",-39.3
"diff2",-39.3
"diff2",-76.3
"diff2",14.7
"diff2",3.7
"diff2",-21.3
"diff2",-19.3
"diff2",-60.3
"diff2",35.7
"diff2",95.7
"diff2",-2.3
"diff2",-79.3
"diff2",46.7
"diff2",-54.3
"diff3",-46.3
"diff3",-155.3
"diff3",-10.3
"diff3",-119.3
"diff3",76.7
"diff3",35.7
"diff3",62.7
"diff3",-155.3
"diff3",2.7
"diff3",-12.3
"diff3",4.7
"diff3",-20.3
"diff3",33.7
"diff3",7.7
"diff3",-9.3
"diff3",-38.3
"diff3",-57.3
"diff3",-153.3
"diff3",46.7
"diff3",67.7
"diff3",-151.3
"diff3",104.7
"diff3",38.7
"diff3",-112.3
"diff3",-42.3
"diff3",8.7
"diff3",-39.3
"diff3",13.7
"diff3",-16.3
"diff3",-9.3
"diff3",-16.3
"diff3",-126.3
"diff3",-13.3
"diff3",-26.3
"diff3",-22.3
"diff3",2.7
"diff3",-109.3
"diff3",-50.3
"diff3",-108.3
"diff3",-72.3
"diff3",-31.3
"diff3",-39.3
"diff3",30.7
"diff3",1.7
"diff3",-49.3
"diff3",-17.3
"diff3",61.7
"diff3",108.7
"diff3",-29.3
"diff3",9.7
"diff3",-43.3
"diff3",37.7
"diff3",-61.3
"diff3",-12.3
"diff3",-48.3
"diff3",-142.3
"diff3",-11.3
"diff3",-50.3
"diff3",113.7
"diff3",-112.3
"diff3",-120.3
"diff3",-18.3
"diff3",-50.3
"diff3",78.7
"diff3",4.7
"diff3",-71.3
"diff3",-56.3
"diff3",3.7
"diff3",-15.3
"diff3",-27.3
"diff3",-19.3
"diff3",-6.3
"diff3",102.7
"diff3",90.7
"diff3",-79.3
"diff3",-8.3
"diff3",4.7
"diff3",-46.3
"diff3",102.7
"diff3",14.7
"diff3",-6.3
"diff3",-149.3
"diff3",-6.3
"diff3",-132.3
"diff3",6.7
"diff3",-145.3
"diff3",-142.3
"diff3",65.7
"diff3",106.7
"diff3",-38.3
"diff3",-13.3
"diff3",-29.3
"diff3",80.7
"diff3",-54.3
"diff3",107.7
"diff3",-6.3
"diff3",-26.3
"diff3",19.7
"diff3",-27.3
"diff3",-46.3
"diff3",-17.3
"diff3",56.7
"diff3",7.7
"diff3",-89.3
"diff3",94.7
"diff3",-4.3
"diff3",-72.3
"diff3",-19.3
"diff3",-65.3
"diff3",-43.3
"diff3",-122.3
"diff3",102.7
"diff3",-8.3
"diff3",-61.3
"diff3",-24.3
"diff3",-111.3
"diff3",-121.3
"diff3",1.7
"diff3",-40.3
"diff3",-44.3
"diff3",-66.3
"diff3",-88.3
"diff3",26.7
"diff3",-52.3
"diff3",-22.3
"diff3",-30.3
"diff3",-17.3
"diff3",76.7
"diff3",-95.3
"diff3",-12.3
"diff3",-0.300000000000001
"diff3",53.7
"diff3",-0.300000000000001
"diff3",-37.3
"diff3",-73.3
"diff3",-3.3
"diff3",-5.3
"diff3",-19.3
"diff3",-145.3
"diff3",-57.3
"diff3",46.7
"diff3",-29.3
"diff3",-144.3
"diff3",-17.3
"diff3",-45.3
"diff3",-35.3
"diff3",-44.3
"diff3",-33.3
"diff3",-18.3
"diff3",13.7
"diff3",-52.3
"diff3",105.7
"diff3",-20.3
"diff3",-15.3
"diff3",-1.3
"diff3",-10.3
"diff3",-147.3
"diff3",1.7
"diff3",-23.3
"diff3",-89.3
"diff3",6.7
"diff3",116.7
"diff3",-58.3
"diff3",-30.3
"diff3",-40.3
"diff3",-34.3
"diff3",-94.3
"diff3",-96.3
"diff3",102.7
"diff3",105.7
"diff3",104.7
"diff3",25.7
"diff3",-32.3
"diff3",6.7
"diff3",-77.3
"diff3",96.7
"diff3",-24.3
"diff3",-40.3
"diff3",-10.3
"diff3",77.7
"diff3",7.7
"diff3",-24.3
"diff3",5.7
"diff3",-26.3
"diff3",-23.3
"diff3",-73.3
"diff3",-93.3
"diff3",116.7
"diff3",-17.3
"diff3",-37.3
"diff3",93.7
"diff3",115.7
"diff3",-22.3
"diff3",-9.3
"diff3",-66.3
"diff3",-148.3
"diff3",-28.3
"diff3",4.7
"diff3",-37.3
"diff3",-15.3
"diff3",-19.3
"diff3",-27.3
"diff3",-8.3
"diff3",-41.3
"diff3",-12.3
"diff3",-29.3
"diff3",-36.3
"diff3",-8.3
"diff3",-5.3
"diff3",-17.3
"diff3",-6.3
"diff3",-43.3
"diff3",-46.3
"diff3",-14.3
"diff3",-35.3
"diff3",1.7
"diff3",-25.3
"diff3",-39.3
"diff3",-15.3
"diff3",-8.3
"diff3",-40.3
"diff3",-21.3
"diff3",-24.3
"diff3",-14.3
"diff3",-16.3
"diff3",-23.3
"diff3",-30.3
"diff3",-24.3
"diff3",-10.3
"diff3",-16.3
"diff3",-23.3
"diff3",-23.3
"diff3",-12.3
"diff3",-19.3
"diff3",-26.3
"diff3",-38.3
"diff3",-35.3
"diff3",-27.3
"diff3",-7.3
"diff3",-13.3
"diff3",-27.3
"diff3",-24.3
"diff3",-18.3
"diff3",-19.3
"diff3",-44.3
"diff3",-34.3
"diff3",-27.3
"diff3",-15.3
"diff3",-22.3
"diff3",-25.3
"diff3",-17.3
"diff3",-26.3
"diff3",-20.3
"diff3",-38.3
"diff3",-31.3
"diff3",-7.3
"diff3",-2.3
"diff3",-1.3
"diff3",-24.3
"diff3",-25.3
"diff3",-3.3
"diff3",-3.3
"diff3",-16.3
"diff3",-8.3
"diff3",-26.3
"diff3",-27.3
"diff3",-18.3
"diff3",-33.3
"diff3",-15.3
"diff3",-14.3
"diff3",-9.3
"diff3",-24.3
"diff3",-23.3
"diff3",-11.3
"diff3",-41.3
"diff3",-27.3
"diff3",-12.3
"diff3",-10.3
"diff3",-21.3
"diff3",-6.3
"diff3",-33.3
"diff3",-10.3
"diff3",-19.3
"diff3",-32.3
"diff3",-21.3
"diff3",-13.3
"diff3",-28.3
"diff3",-47.3
"diff3",-24.3
"diff3",-18.3
"diff3",-20.3
"diff3",-21.3
"diff3",-7.3
"diff3",-21.3
"diff3",-30.3
"diff3",-22.3
"diff3",-37.3
"diff3",-16.3
"diff3",-13.3
"diff3",-12.3
"diff3",-6.3
"diff3",-19.3
"diff3",-3.3
"diff3",-46.3
"diff3",-15.3
"diff3",-21.3
"diff3",-25.3
"diff3",3.7
"diff3",-30.3
"diff3",-9.3
"diff3",-14.3
"diff3",-3.3
"diff3",-4.3
"diff3",-21.3
"diff3",-10.3
"diff3",-14.3
"diff3",-33.3
"diff3",-21.3
"diff3",-5.3
"diff3",-25.3
"diff3",-5.3
"diff3",-23.3
"diff3",-12.3
"diff3",-29.3
"diff3",-26.3
"diff3",-1.3
"diff3",-25.3
"diff3",-28.3
"diff3",-31.3
"diff3",-13.3
"diff3",-33.3
"diff3",-15.3
"diff3",-26.3
"diff3",-5.3
"diff3",-13.3
"diff3",-25.3
"diff3",-40.3
"diff3",-30.3
"diff3",-5.3
"diff3",-21.3
"diff3",-15.3
"diff3",-5.3
"diff3",-36.3
"diff3",-21.3
"diff3",-21.3
"diff3",-8.3
"diff3",-27.3
"diff3",-18.3
"diff3",-33.3
"diff3",-39.3
"diff3",-6.3
"diff3",-42.3
"diff3",0.699999999999999
"diff3",-23.3
"diff3",-37.3
"diff3",-24.3
"diff3",-13.3
"diff3",-7.3
"diff3",-12.3
"diff3",-18.3
"diff3",-24.3
"diff3",-14.3
"diff3",-18.3
"diff3",-22.3
"diff3",-42.3
"diff3",-29.3
"diff3",0.699999999999999
"diff3",-4.3
"diff3",-8.3
"diff3",-32.3
"diff3",-10.3
"diff3",-14.3
"diff3",-31.3
"diff3",-9.3
"diff3",-1.3
"diff3",-23.3
"diff3",-18.3
"diff3",-19.3
"diff3",-34.3
"diff3",-5.3
"diff3",1.7
"diff3",-19.3
"diff3",-39.3
"diff3",-11.3
"diff3",-7.3
"diff3",-14.3
"diff3",-38.3
"diff3",-11.3
"diff3",-19.3
"diff3",-30.3
"diff3",-18.3
"diff3",-20.3
"diff3",-12.3
"diff3",-16.3
"diff3",-41.3
"diff3",-4.3
"diff3",-41.3
"diff3",-23.3
"diff3",-5.3
"diff3",-19.3
"diff3",0.699999999999999
"diff3",-11.3
"diff3",-16.3
"diff3",-6.3
"diff3",0.699999999999999
"diff3",-14.3
"diff3",-16.3
"diff3",-17.3
"diff3",-18.3
"diff3",-13.3
"diff3",-3.3
"diff3",-15.3
"diff3",-32.3
"diff3",-4.3
"diff3",-18.3
"diff3",-8.3
"diff3",-5.3
"diff3",-8.3
"diff3",-23.3
"diff3",-15.3
"diff3",-9.3
"diff3",-5.3
"diff3",-8.3
"diff3",-17.3
"diff3",-31.3
"diff3",-21.3
"diff3",-13.3
"diff3",-16.3
"diff3",-33.3
"diff3",-19.3
"diff3",-20.3
"diff3",-15.3
"diff3",-15.3
"diff3",-16.3
"diff3",-10.3
"diff3",-22.3
"diff3",-30.3
"diff3",-1.3
"diff3",-15.3
"diff3",-17.3
"diff3",-24.3
"diff3",-28.3
"diff3",-18.3
"diff3",-10.3
"diff3",-10.3
"diff3",-30.3
"diff3",-7.3
"diff3",-24.3
"diff3",-18.3
"diff3",-21.3
"diff3",-7.3
"diff3",-27.3
"diff3",-18.3
"diff3",-23.3
"diff3",-18.3
"diff3",-29.3
"diff3",-18.3
"diff3",-27.3
"diff3",-7.3
"diff3",-6.3
"diff3",-19.3
"diff3",-27.3
"diff3",-15.3
"diff3",-18.3
"diff3",-20.3
"diff3",-2.3
"diff3",-19.3
"diff3",-26.3
"diff3",-19.3
"diff3",-22.3
"diff3",-14.3
"diff3",-21.3
"diff3",-3.3
"diff3",-18.3
"diff3",-19.3
"diff3",-2.3
"diff3",-9.3
"diff3",-9.3
"diff3",-34.3
"diff3",-6.3
"diff3",-15.3
"diff3",-19.3
"diff3",-18.3
"diff3",-25.3
"diff3",-32.3
"diff3",-17.3
"diff3",-16.3
"diff3",-24.3
"diff3",-29.3
"diff3",-27.3
"diff3",-2.3
"diff3",-14.3
"diff3",-21.3
"diff3",-8.3
"diff3",-6.3
"diff3",-21.3
"diff3",-11.3
"diff3",-11.3
"diff3",-5.3
"diff3",-22.3
"diff3",-20.3
"diff3",-24.3
"diff3",-23.3
"diff3",-23.3
"diff3",-16.3
"diff3",-30.3
"diff3",-11.3
"diff3",-29.3
"diff3",-19.3
"diff3",-18.3
"diff3",-22.3
"diff3",-11.3
"diff3",-30.3
"diff3",-17.3
"diff3",-25.3
"diff3",-8.3
"diff3",-29.3
"diff3",-27.3
"diff3",-29.3
"diff3",-13.3
"diff3",-13.3
"diff3",-23.3
"diff3",-15.3
"diff3",-16.3
"diff3",-10.3
"diff3",-23.3
"diff3",-2.3
"diff3",-11.3
"diff3",-8.3
"diff3",-12.3
"diff3",-23.3
"diff3",-22.3
"diff3",-18.3
"diff3",-7.3
"diff3",-26.3
"diff3",-15.3
"diff3",-34.3
"diff3",-21.3
"diff3",-15.3
"diff3",-29.3
"diff3",-14.3
"diff3",-16.3
"diff3",-19.3
"diff3",-18.3
"diff3",-4.3
"diff3",-18.3
"diff3",-25.3
"diff3",-15.3
"diff3",-11.3
"diff3",-7.3
"diff3",-16.3
"diff3",-10.3
"diff3",-23.3
"diff3",-28.3
"diff3",-30.3
"diff3",-13.3
"diff3",-14.3
"diff3",-5.3
"diff3",-26.3
"diff3",-4.3
"diff3",-21.3
"diff3",-17.3
"diff3",-6.3
"diff3",-15.3
"diff3",-27.3
"diff3",-22.3
"diff3",-6.3
"diff3",-15.3
"diff3",-31.3
"diff3",-11.3
"diff3",-24.3
"diff3",-16.3
"diff3",-9.3
"diff3",-21.3
"diff3",-9.3
"diff3",-18.3
"diff3",-7.3
"diff3",-23.3
"diff3",-8.3
"diff3",-12.3
"diff3",-28.3
"diff3",-26.3
"diff3",-19.3
"diff3",-29.3
"diff3",-22.3
"diff3",-19.3
"diff3",-4.3
"diff3",-29.3
"diff3",-7.3
"diff3",-13.3
"diff3",-29.3
"diff3",-7.3
"diff3",-20.3
"diff3",-18.3
"diff3",-26.3
"diff3",-34.3
"diff3",-21.3
"diff3",-21.3
"diff3",-8.3
"diff3",-15.3
"diff3",-20.3
"diff3",-14.3
"diff3",-25.3
"diff3",-19.3
"diff3",-14.3
"diff3",-6.3
"diff3",-17.3
"diff3",-10.3
"diff3",-20.3
"diff3",-15.3
"diff3",-13.3
"diff3",-18.3
"diff3",-11.3
"diff3",-20.3
"diff3",-17.3
"diff3",-19.3
"diff3",-20.3
"diff3",-8.3
"diff3",-15.3
"diff3",-4.3
"diff3",-23.3
"diff3",-11.3
"diff3",-15.3
"diff3",-15.3
"diff3",-10.3
"diff3",-7.3
"diff3",-16.3
"diff3",-11.3
"diff3",-10.3
"diff3",-9.3
"diff3",-13.3
"diff3",-13.3
"diff3",-9.3
"diff3",-8.3
"diff3",-25.3
"diff3",-25.3
"diff3",-9.3
"diff3",-22.3
"diff3",-26.3
"diff3",-7.3
"diff3",-7.3
"diff3",-27.3
"diff3",-14.3
"diff3",-28.3
"diff3",-22.3
"diff3",-13.3
"diff3",-23.3
"diff3",-12.3
"diff3",-18.3
"diff3",-25.3
"diff3",-17.3
"diff3",-15.3
"diff3",-9.3
"diff3",-13.3
"diff3",-12.3
"diff3",-18.3
"diff3",-16.3
"diff3",-21.3
"diff3",-18.3
"diff3",-26.3
"diff3",-21.3
"diff3",-18.3
"diff3",-10.3
"diff3",-7.3
"diff3",-21.3
"diff3",-17.3
"diff3",-9.3
"diff3",-21.3
"diff3",-21.3
"diff3",-12.3
"diff3",-7.3
"diff3",-14.3
"diff3",-9.3
"diff3",-21.3
"diff3",-16.3
"diff3",-15.3
"diff3",-12.3
"diff3",-17.3
"diff3",-15.3
"diff3",-12.3
"diff3",-16.3
"diff3",-8.3
"diff3",-21.3
"diff3",-17.3
"diff3",-22.3
"diff3",-10.3
"diff3",-11.3
"diff3",-22.3
"diff3",-14.3
"diff3",-13.3
"diff3",-24.3
"diff3",-19.3
"diff3",-14.3
"diff3",-19.3
"diff3",-18.3
"diff3",-11.3
"diff3",-12.3
"diff3",-21.3
"diff3",-17.3
"diff3",-17.3
"diff3",-23.3
"diff3",-9.3
"diff3",-10.3
"diff3",-14.3
"diff3",-18.3
"diff3",-8.3
"diff3",-23.3
"diff3",-17.3
"diff3",-24.3
"diff3",-9.3
"diff3",-22.3
"diff3",-13.3
"diff3",-15.3
"diff3",-23.3
"diff3",-24.3
"diff3",-15.3
"diff3",-16.3
"diff3",-19.3
"diff3",-22.3
"diff3",-17.3
"diff3",-13.3
"diff3",-20.3
"diff3",-19.3
"diff3",-15.3
"diff3",-29.3
"diff3",-20.3
"diff3",-25.3
"diff3",-16.3
"diff3",-7.3
"diff3",-24.3
"diff3",-27.3
"diff3",-17.3
"diff3",-16.3
"diff3",-8.3
"diff3",-16.3
"diff3",-21.3
"diff3",-7.3
"diff3",-26.3
"diff3",-10.3
"diff3",-20.3
"diff3",-10.3
"diff3",-23.3
"diff3",-16.3
"diff3",-27.3
"diff3",-10.3
"diff3",-12.3
"diff3",-26.3
"diff3",-10.3
"diff3",-25.3
"diff3",-17.3
"diff3",-15.3
"diff3",-12.3
"diff3",-24.3
"diff3",-8.3
"diff3",-23.3
"diff3",-22.3
"diff3",-16.3
"diff3",-13.3
"diff3",-17.3
"diff3",-11.3
"diff3",-18.3
"diff3",-17.3
"diff3",-17.3
"diff3",-19.3
"diff3",-8.3
"diff3",-10.3
"diff3",-19.3
"diff3",-15.3
"diff3",-10.3
"diff3",-11.3
"diff3",-14.3
"diff3",-13.3
"diff3",-20.3
"diff3",-4.3
"diff3",-15.3
"diff3",-19.3
"diff3",-12.3
"diff3",-17.3
"diff3",-15.3
"diff3",-12.3
"diff3",-16.3
"diff3",-13.3
"diff3",-11.3
"diff3",-13.3
"diff3",-15.3
"diff3",-25.3
"diff3",-19.3
"diff3",-18.3
"diff3",-15.3
"diff3",-14.3
"diff3",-10.3
"diff3",-16.3
"diff3",-11.3
"diff3",-28.3
"diff3",-10.3
"diff3",-23.3
"diff3",-23.3
"diff3",-23.3
"diff3",-17.3
"diff3",-23.3
"diff3",-20.3
"diff3",-10.3
"diff3",-15.3
"diff3",-8.3
"diff3",-18.3
"diff3",-17.3
"diff3",-14.3
"diff3",-12.3
"diff3",-24.3
"diff3",-22.3
"diff3",-10.3
"diff3",-14.3
"diff3",-14.3
"diff3",-25.3
"diff3",-18.3
"diff3",-10.3
"diff3",-14.3
"diff3",-20.3
"diff3",-16.3
"diff3",-12.3
"diff3",-21.3
"diff3",-13.3
"diff3",-20.3
"diff3",-29.3
"diff3",-15.3
"diff3",-21.3
"diff3",-11.3
"diff3",-18.3
"diff3",-21.3
"diff3",-19.3
"diff3",-13.3
"diff3",-12.3
"diff3",-23.3
"diff3",-24.3
"diff3",-9.3
"diff3",-12.3
"diff3",-7.3
"diff3",-21.3
"diff3",-9.3
"diff3",-18.3
"diff3",-13.3
"diff3",-18.3
"diff3",-21.3
"diff3",-15.3
"diff3",-20.3
"diff3",-25.3
"diff3",-10.3
"diff3",-15.3
"diff3",-24.3
"diff3",-19.3
"diff3",-22.3
"diff3",-23.3
"diff3",-7.3
"diff3",-23.3
"diff3",-17.3
"diff3",-11.3
"diff3",-25.3
"diff3",-23.3
"diff3",-9.3
"diff3",-18.3
"diff3",-12.3
"diff3",-25.3
"diff3",-22.3
"diff3",-17.3
"diff3",-20.3
"diff3",-24.3
"diff3",-19.3
"diff3",-24.3
"diff3",-11.3
"diff3",-13.3
"diff3",-7.3
"diff3",-18.3
"diff3",-13.3
"diff3",-15.3
"diff3",-15.3
"diff3",-21.3
"diff3",-16.3
"diff3",-18.3
"diff3",-16.3
"diff3",-26.3
"diff3",-16.3
"diff3",-19.3
"diff3",-21.3
"diff3",-8.3
"diff3",-16.3
"diff3",-25.3
"diff3",-22.3
"diff3",-21.3
"diff3",-18.3
"diff3",-18.3
"diff3",-12.3
"diff3",-18.3
"diff3",-17.3
"diff3",-13.3
"diff3",-15.3
"diff3",-20.3
"diff3",-13.3
"diff3",-17.3
"diff3",-21.3
"diff3",-16.3
"diff3",-21.3
"diff3",-11.3
"diff3",-26.3
"diff3",-21.3
"diff3",-21.3
"diff3",-9.3
"diff3",-18.3
"diff3",-13.3
"diff3",-18.3
"diff3",-18.3
"diff3",-17.3
"diff3",-13.3
"diff3",-14.3
"diff3",-12.3
"diff3",-23.3
"diff3",-14.3
"diff3",-19.3
"diff3",-18.3
"diff3",-18.3
"diff3",-21.3
"diff3",-16.3
"diff3",-23.3
"diff3",-16.3
"diff3",-21.3
"diff3",-14.3
"diff3",-18.3
"diff3",-17.3
"diff3",-19.3
"diff3",-13.3
"diff3",-16.3
"diff3",-15.3
"diff3",-17.3
"diff3",-8.3
"diff3",-24.3
"diff3",-17.3
"diff3",-21.3
"diff3",-21.3
"diff3",-23.3
"diff3",-16.3
"diff3",-16.3
"diff3",-19.3
"diff3",-14.3
"diff3",-15.3
"diff3",-22.3
"diff3",-24.3
"diff3",-23.3
"diff3",-25.3
"diff3",-8.3
"diff3",-20.3
"diff3",-21.3
"diff3",-16.3
"diff3",-14.3
"diff3",-26.3
"diff3",-15.3
"diff3",-15.3
"diff3",-8.3
"diff3",-10.3
"diff3",-15.3
"diff3",-14.3
"diff3",-12.3
"diff3",-24.3
"diff3",-9.3
"diff3",-14.3
"diff3",-21.3
"diff3",-23.3
"diff3",-16.3
"diff3",-11.3
"diff3",-7.3
"diff3",-22.3
"diff3",-13.3
"diff3",-17.3
"diff3",-19.3
"diff3",-12.3
"diff3",-9.3
"diff3",-27.3
"diff3",-27.3
"diff3",-25.3
"diff3",-8.3
"diff3",-11.3
"diff3",-20.3
"diff3",-17.3
"diff3",-18.3
"diff3",-17.3
"diff3",-23.3
"diff3",-13.3
"diff3",-22.3
"diff3",-24.3
"diff3",-20.3
"diff3",-13.3
"diff3",-16.3
"diff3",-10.3
"diff3",-22.3
"diff3",-12.3
"diff3",-15.3
"diff3",-13.3
"diff3",-19.3
"diff3",-15.3
"diff3",-21.3
"diff3",-7.3
"diff3",-14.3
"diff3",-20.3
"diff3",-17.3
"diff3",-19.3
"diff3",-13.3
"diff3",-18.3
"diff3",-14.3
"diff3",-19.3
"diff3",-9.3
"diff3",-18.3
"diff3",-13.3
"diff3",-17.3
"diff3",-15.3
"diff3",-18.3
"diff3",-21.3
"diff3",-14.3
"diff3",-19.3
"diff3",-22.3
"diff3",-18.3
"diff3",-15.3
"diff3",-16.3
"diff3",-23.3
"diff3",-13.3
"diff3",-11.3
"diff3",-21.3
"diff3",-21.3
"diff3",-14.3
"diff3",-23.3
"diff3",-22.3
"diff3",-20.3
"diff3",-22.3
"diff3",-11.3
"diff3",-16.3
"diff3",-25.3
"diff3",-17.3
"diff3",-23.3
"diff3",-12.3
"diff3",-23.3
"diff3",-21.3
"diff3",-18.3
"diff3",-9.3
"diff3",-22.3
"diff3",-22.3
"diff3",-14.3
"diff3",-12.3
"diff3",-15.3
"diff3",-13.3
"diff3",-14.3
"diff3",-13.3
"diff3",-22.3
"diff3",-20.3
"diff3",-11.3
"diff3",-17.3
"diff3",-25.3
"diff3",-15.3
"diff3",-27.3
"diff3",-18.3
"diff3",-15.3
"diff3",-13.3
"diff3",-18.3
"diff3",-11.3
"diff3",-10.3
"diff3",-13.3
"diff3",-21.3
"diff3",-16.3
"diff3",-19.3
"diff3",-19.3
"diff3",-24.3
"diff3",-23.3
"diff3",-13.3
"diff3",-16.3
"diff3",-19.3
"diff3",-22.3
"diff3",-24.3
"diff3",-27.3
"diff3",-22.3
"diff3",-20.3
"diff3",-16.3
"diff3",-14.3
"diff3",-15.3
"diff3",-14.3
"diff3",-19.3
"diff3",-19.3
"diff3",-11.3
"diff3",-16.3
"diff3",-26.3
"diff3",-23.3
"diff3",-13.3
"diff3",-18.3
"diff3",-23.3
"diff3",-23.3
"diff3",-11.3
"diff3",-18.3
"diff3",-24.3
"diff3",-18.3
"diff3",-23.3
"diff3",-18.3
"diff3",-19.3
"diff3",-25.3
"diff3",-14.3
"diff3",-14.3
"diff3",-11.3
"diff3",-14.3
"diff3",-12.3
"diff3",-18.3
"diff3",-15.3
"diff3",-11.3
"diff3",-21.3
"diff3",-24.3
"diff3",-22.3
"diff3",-27.3
"diff3",-18.3
"diff3",-19.3
"diff3",-23.3
"diff3",-17.3
"diff3",-22.3
"diff3",-23.3
"diff3",-19.3
"diff3",-20.3
"diff3",-16.3
"diff3",-16.3
"diff3",-14.3
"diff3",-22.3
"diff3",-11.3
"diff3",-11.3
"diff3",-17.3
"diff3",-13.3
"diff3",-9.3
"diff3",-15.3
"diff3",-11.3
"diff3",-24.3
"diff3",-19.3
"diff3",-15.3
"diff3",-15.3
"diff3",-13.3
"diff3",-21.3
"diff3",-15.3
"diff3",-10.3
"diff3",-23.3
"diff3",-16.3
"diff3",-20.3
"diff3",-10.3
"diff3",-23.3
"diff3",-14.3
"diff3",-12.3
"diff3",-19.3
"diff3",-22.3
"diff3",-13.3
"diff3",-13.3
"diff3",-12.3
"diff3",-22.3
"diff3",-20.3
"diff3",-15.3
"diff3",-18.3
"diff3",-18.3
"diff3",-18.3
"diff3",-16.3
"diff3",-23.3
"diff3",-22.3
"diff3",-11.3
"diff3",-20.3
"diff3",-21.3
"diff3",-14.3
"diff3",-15.3
"diff3",-20.3
"diff3",-20.3
"diff3",-12.3
"diff3",-11.3
"diff3",-22.3
"diff3",-22.3
"diff3",-13.3
"diff3",-11.3
"diff3",-17.3
"diff3",-19.3
"diff3",-16.3
"diff3",-20.3
"diff3",-9.3
"diff3",-10.3
"diff3",-17.3
"diff3",-16.3
"diff3",-15.3
"diff3",-18.3
"diff3",-20.3
"diff3",-15.3
"diff3",-19.3
"diff3",-10.3
"diff3",-18.3
"diff3",-16.3
"diff3",-12.3
"diff3",-14.3
"diff3",-12.3
"diff3",-20.3
"diff3",-24.3
"diff3",-18.3
"diff3",-17.3
"diff3",-15.3
"diff3",-20.3
"diff3",-16.3
"diff3",-21.3
"diff3",-24.3
"diff3",-15.3
"diff3",-18.3
"diff3",-13.3
"diff3",-18.3
"diff3",-13.3
"diff3",-15.3
"diff3",-26.3
"diff3",-21.3
"diff3",-11.3
"diff3",-22.3
"diff3",-15.3
"diff3",-12.3
"diff3",-22.3
"diff3",-21.3
"diff3",-18.3
"diff3",-20.3
"diff3",-19.3
"diff3",-22.3
"diff3",-14.3
"diff3",-12.3
"diff3",-25.3
"diff3",-14.3
"diff3",-22.3
"diff3",-12.3
"diff3",-18.3
"diff3",-20.3
"diff3",-20.3
"diff3",-25.3
"diff3",-25.3
"diff3",-24.3
"diff3",-21.3
"diff3",-15.3
"diff3",-11.3
"diff3",-21.3
"diff3",-15.3
"diff3",-16.3
"diff3",-25.3
"diff3",-23.3
"diff3",-18.3
"diff3",-22.3
"diff3",-14.3
"diff3",-15.3
"diff3",-17.3
"diff3",-19.3
"diff3",-18.3
"diff3",-20.3
"diff3",-18.3
"diff3",-22.3
"diff3",-17.3
"diff3",-16.3
"diff3",-23.3
"diff3",-18.3
"diff3",-15.3
"diff3",-25.3
"diff3",-17.3
"diff3",-12.3
"diff3",-12.3
"diff3",-24.3
"diff3",-19.3
"diff3",-18.3
"diff3",-20.3
"diff3",-15.3
"diff3",-23.3
"diff3",-17.3
"diff3",-18.3
"diff3",-23.3
"diff3",-15.3
"diff3",-15.3
"diff3",-26.3
"diff3",-16.3
"diff3",-20.3
"diff3",-16.3
"diff3",-21.3
"diff3",-11.3
"diff3",-18.3
"diff3",-18.3
"diff3",-23.3
"diff3",-16.3
"diff3",-11.3
"diff3",-14.3
"diff3",-24.3
"diff3",-18.3
"diff3",-17.3
"diff3",-16.3
"diff3",-17.3
"diff3",-22.3
"diff3",-24.3
"diff3",-19.3
"diff3",-19.3
"diff3",-17.3
"diff3",-16.3
"diff3",-23.3
"diff3",-13.3
"diff3",-15.3
"diff3",-13.3
"diff3",-9.3
"diff3",-11.3
"diff3",-17.3
"diff3",-23.3
"diff3",-17.3
"diff3",-15.3
"diff3",-23.3
"diff3",-21.3
"diff3",-19.3
"diff3",-21.3
"diff3",-21.3
"diff3",-17.3
"diff3",-16.3
"diff3",-14.3
"diff3",-17.3
"diff3",-19.3
"diff3",-14.3
"diff3",-18.3
"diff3",-21.3
"diff3",-18.3
"diff3",-25.3
"diff3",-20.3
"diff3",-11.3
"diff3",-20.3
"diff3",-22.3
"diff3",-16.3
"diff3",-27.3
"diff3",-16.3
"diff3",-26.3
"diff3",-19.3
"diff3",-17.3
"diff3",-14.3
"diff3",-28.3
"diff3",-25.3
"diff3",-19.3
"diff3",-18.3
"diff3",-16.3
"diff3",-17.3
"diff3",-16.3
"diff3",-19.3
"diff3",-24.3
"diff3",-17.3
"diff3",-17.3
"diff3",-21.3
"diff3",-24.3
"diff3",-16.3
"diff3",-19.3
"diff3",-18.3
"diff3",-19.3
"diff3",-18.3
"diff3",-12.3
"diff3",-17.3
"diff3",-17.3
"diff3",-15.3
"diff3",-14.3
"diff3",-21.3
"diff3",-18.3
"diff3",-20.3
"diff3",-21.3
"diff3",-27.3
"diff3",-22.3
"diff3",-19.3
"diff3",-22.3
"diff3",-18.3
"diff3",-13.3
"diff3",-20.3
"diff3",-28.3
"diff3",-18.3
"diff3",-13.3
"diff3",-20.3
"diff3",-19.3
"diff3",-21.3
"diff3",-23.3
"diff3",-13.3
"diff3",-14.3
"diff3",-21.3
"diff3",-15.3
"diff3",-17.3
"diff3",-17.3
"diff3",-22.3
"diff3",-23.3
"diff3",-19.3
"diff3",-17.3
"diff3",-20.3
"diff3",-23.3
"diff3",-19.3
"diff3",-16.3
"diff3",-24.3
"diff3",-12.3
"diff3",-21.3
"diff3",-16.3
"diff3",-24.3
"diff3",-19.3
"diff3",-25.3
"diff3",-22.3
"diff3",-14.3
"diff3",-14.3
"diff3",-16.3
"diff3",-19.3
"diff3",-19.3
"diff3",-18.3
"diff3",-15.3
"diff3",-19.3
"diff3",-18.3
"diff3",-16.3
"diff3",-19.3
"diff3",-19.3
"diff3",-14.3
"diff3",-20.3
"diff3",-24.3
"diff3",-16.3
"diff3",-18.3
"diff3",-18.3
"diff3",-18.3
"diff3",-16.3
"diff3",-22.3
"diff3",-22.3
"diff3",-13.3
"diff3",-23.3
"diff3",-22.3
"diff3",-13.3
"diff3",-17.3
"diff3",-18.3
"diff3",-16.3
"diff3",-21.3
"diff3",-24.3
"diff3",-25.3
"diff3",-15.3
"diff3",-19.3
"diff3",-25.3
"diff3",-23.3
"diff3",-22.3
"diff3",-15.3
"diff3",-16.3
"diff3",-23.3
"diff3",-15.3
"diff3",-15.3
"diff3",-19.3
"diff3",-20.3
"diff3",-18.3
"diff3",-19.3
"diff3",-23.3
"diff3",-15.3
"diff3",-24.3
"diff3",-24.3
"diff3",-18.3
"diff3",-13.3
"diff3",-15.3
"diff3",-18.3
"diff3",-18.3
"diff3",-22.3
"diff3",-16.3
"diff3",-20.3
"diff3",-22.3
"diff3",-17.3
"diff3",-16.3
"diff3",-25.3
"diff3",-17.3
"diff3",-15.3
"diff3",-16.3
"diff3",-22.3
"diff3",-20.3
"diff3",-18.3
"diff3",-15.3
"diff3",-19.3
"diff3",-19.3
"diff3",-18.3
"diff3",-19.3
"diff3",-16.3
"diff3",-20.3
"diff3",-20.3
"diff3",-14.3
"diff3",-16.3
"diff3",-19.3
"diff3",-18.3
"diff3",-18.3
"diff3",-16.3
"diff3",-18.3
"diff3",-14.3
"diff3",-15.3
"diff3",-20.3
"diff3",-16.3
"diff3",-21.3
"diff3",-20.3
"diff3",-24.3
"diff3",-20.3
"diff3",-21.3
"diff3",-17.3
"diff3",-14.3
"diff3",-19.3
"diff3",-17.3
"diff3",-24.3
"diff3",-14.3
"diff3",-19.3
"diff3",-18.3
"diff3",-21.3
"diff3",-21.3
"diff3",-20.3
"diff3",-15.3
"diff3",-13.3
"diff3",-15.3
"diff3",-21.3
"diff3",-17.3
"diff3",-16.3
"diff3",-19.3
"diff3",-24.3
"diff3",-21.3
"diff3",-13.3
"diff3",-21.3
"diff3",-22.3
"diff3",-19.3
"diff3",-17.3
"diff3",-15.3
"diff3",-11.3
"diff3",-12.3
"diff3",-24.3
"diff3",-17.3
"diff3",-18.3
"diff3",-17.3
"diff3",-20.3
"diff3",-17.3
"diff3",-21.3
"diff3",-21.3
"diff3",-19.3
"diff3",-16.3
"diff3",-21.3
"diff3",-17.3
"diff3",-17.3
"diff3",-17.3
"diff3",-14.3
"diff3",-15.3
"diff3",-17.3
"diff3",-13.3
"diff3",-15.3
"diff3",-25.3
"diff3",-22.3
"diff3",-15.3
"diff3",-18.3
"diff3",-19.3
"diff3",-19.3
"diff3",-15.3
"diff3",-20.3
"diff3",-22.3
"diff3",-22.3
"diff3",-18.3
"diff3",-18.3
"diff3",-19.3
"diff3",-15.3
"diff3",-19.3
"diff3",-21.3
"diff3",-19.3
"diff3",-20.3
"diff3",-16.3
"diff3",-19.3
"diff3",-22.3
"diff3",-23.3
"diff3",-21.3
"diff3",-19.3
"diff3",-24.3
"diff3",-17.3
"diff3",-27.3
"diff3",-19.3
"diff3",-18.3
"diff3",-19.3
"diff3",-15.3
"diff3",-23.3
"diff3",-14.3
"diff3",-18.3
"diff3",-17.3
"diff3",-22.3
"diff3",-18.3
"diff3",-18.3
"diff3",-22.3
"diff3",-19.3
"diff3",-11.3
"diff3",-13.3
"diff3",-15.3
"diff3",-25.3
"diff3",-17.3
"diff3",-11.3
"diff3",-24.3
"diff3",-16.3
"diff3",-24.3
"diff3",-13.3
"diff3",-18.3
"diff3",-20.3
"diff3",-27.3
"diff3",-13.3
"diff3",-18.3
"diff3",-18.3
"diff3",-18.3
"diff3",-18.3
"diff3",-17.3
"diff3",-12.3
"diff3",-17.3
"diff3",-19.3
"diff3",-21.3
"diff3",-17.3
"diff3",-21.3
"diff3",-20.3
"diff3",-16.3
"diff3",-16.3
"diff3",-17.3
"diff3",-23.3
"diff3",-13.3
"diff3",-18.3
"diff3",-21.3
"diff3",-23.3
"diff3",-20.3
"diff3",-19.3
"diff3",-20.3
"diff3",-14.3
"diff3",-20.3
"diff3",-17.3
"diff3",-21.3
"diff3",-24.3
"diff3",-17.3
"diff3",-18.3
"diff3",-20.3
"diff3",-19.3
"diff3",-18.3
"diff3",-14.3
"diff3",-23.3
"diff3",-20.3
"diff3",-23.3
"diff3",-14.3
"diff3",-18.3
"diff3",-17.3
"diff3",-22.3
"diff3",-19.3
"diff3",-23.3
"diff3",-22.3
"diff3",-17.3
"diff3",-15.3
"diff3",-15.3
"diff3",-17.3
"diff3",-19.3
"diff3",-22.3
"diff3",-22.3
"diff3",-20.3
"diff3",-15.3
"diff3",-15.3
"diff3",-18.3
"diff3",-23.3
"diff3",-18.3
"diff3",-17.3
"diff3",-15.3
"diff3",-15.3
"diff3",-17.3
"diff3",-17.3
"diff3",-24.3
"diff3",-16.3
"diff3",-19.3
"diff3",-19.3
"diff3",-25.3
"diff3",-22.3
"diff3",-16.3
"diff3",-24.3
"diff3",-17.3
"diff3",-18.3
"diff3",-17.3
"diff3",-17.3
"diff3",-22.3
"diff3",-18.3
"diff3",-17.3
"diff3",-21.3
"diff3",-20.3
"diff3",-23.3
"diff3",-21.3
"diff3",-24.3
"diff3",-25.3
"diff3",-20.3
"diff3",-12.3
"diff3",-18.3
"diff3",-24.3
"diff3",-18.3
"diff3",-18.3
"diff3",-18.3
"diff3",-15.3
"diff3",-21.3
"diff3",-19.3
"diff3",-19.3
"diff3",-13.3
"diff3",-25.3
"diff3",-22.3
"diff3",-17.3
"diff3",-22.3
"diff3",-24.3
"diff3",-20.3
"diff3",-16.3
"diff3",-18.3
"diff3",-18.3
"diff3",-19.3
"diff3",-16.3
"diff3",-23.3
"diff3",-19.3
"diff3",-17.3
"diff3",-21.3
"diff3",-16.3
"diff3",-17.3
"diff3",-13.3
"diff3",-20.3
"diff3",-18.3
"diff3",-24.3
"diff3",-23.3
"diff3",-15.3
"diff3",-17.3
"diff3",-19.3
"diff3",-20.3
"diff3",-16.3
"diff3",-16.3
"diff3",-23.3
"diff3",-24.3
"diff3",-22.3
"diff3",-20.3
"diff3",-13.3
"diff3",-20.3
"diff3",-19.3
"diff3",-18.3
"diff3",-22.3
"diff3",-22.3
"diff3",-18.3
"diff3",-18.3
"diff3",-13.3
"diff3",-23.3
"diff3",-18.3
"diff3",-15.3
"diff3",-15.3
"diff3",-17.3
"diff3",-15.3
"diff3",-19.3
"diff3",-19.3
"diff3",-21.3
"diff3",-12.3
"diff3",-21.3
"diff3",-22.3
"diff3",-20.3
"diff3",-16.3
"diff3",-17.3
"diff3",-20.3
"diff3",-18.3
"diff3",-24.3
"diff3",-18.3
"diff3",-23.3
"diff3",-20.3
"diff3",-24.3
"diff3",-15.3
"diff3",-21.3
"diff3",-14.3
"diff3",-16.3
"diff3",-20.3
"diff3",-23.3
"diff3",-22.3
"diff3",-16.3
"diff3",-20.3
"diff3",-21.3
"diff3",-15.3
"diff3",-16.3
"diff3",-19.3
"diff3",-23.3
"diff3",-18.3
"diff3",-22.3
"diff3",-21.3
"diff3",-21.3
"diff3",-18.3
"diff3",-15.3
"diff3",-23.3
"diff3",-22.3
"diff3",-21.3
"diff3",-16.3
"diff3",-16.3
"diff3",-19.3
"diff3",-18.3
"diff3",-18.3
"diff3",-14.3
"diff3",-22.3
"diff3",-18.3
"diff3",-16.3
"diff3",-21.3
"diff3",-16.3
"diff3",-22.3
"diff3",-23.3
"diff3",-18.3
"diff3",-18.3
"diff3",-24.3
"diff3",-22.3
"diff3",-15.3
"diff3",-24.3
"diff3",-13.3
"diff3",-19.3
"diff3",-23.3
"diff3",-19.3
"diff3",-17.3
"diff3",-22.3
"diff3",-16.3
"diff3",-19.3
"diff3",-16.3
"diff3",-17.3
"diff3",-18.3
"diff3",-23.3
"diff3",-17.3
"diff3",-18.3
"diff3",-14.3
"diff3",-19.3
"diff3",-21.3
"diff3",-19.3
"diff3",-21.3
"diff3",-15.3
"diff3",-21.3
"diff3",-23.3
"diff3",-18.3
"diff3",-16.3
"diff3",-13.3
"diff3",-18.3
"diff3",-17.3
"diff3",-16.3
"diff3",-15.3
"diff3",-14.3
"diff3",-24.3
"diff3",-20.3
"diff3",-20.3
"diff3",-13.3
"diff3",-18.3
"diff3",-21.3
"diff3",-21.3
"diff3",-15.3
"diff3",-23.3
"diff3",-20.3
"diff3",-19.3
"diff3",-18.3
"diff3",-23.3
"diff3",-20.3
"diff3",-16.3
"diff3",-24.3
"diff3",-23.3
"diff3",-17.3
"diff3",-18.3
"diff3",-14.3
"diff3",-13.3
"diff3",-16.3
"diff3",-17.3
"diff3",-13.3
"diff3",-15.3
"diff3",-16.3
"diff3",-17.3
"diff3",-20.3
"diff3",-16.3
"diff3",-17.3
"diff3",-13.3
"diff3",-18.3
"diff3",-15.3
"diff3",-13.3
"diff3",-13.3
"diff3",-19.3
"diff3",-23.3
"diff3",-22.3
"diff3",-19.3
"diff3",-22.3
"diff3",-21.3
"diff3",-16.3
"diff3",-20.3
"diff3",-15.3
"diff3",-16.3
"diff3",-17.3
"diff3",-21.3
"diff3",-24.3
"diff3",-22.3
"diff3",-17.3
"diff3",-17.3
"diff3",-24.3
"diff3",-15.3
"diff3",-20.3
"diff3",-16.3
"diff3",-13.3
"diff3",-11.3
"diff3",-15.3
"diff3",-19.3
"diff3",-20.3
"diff3",-20.3
"diff3",-15.3
"diff3",-15.3
"diff3",-21.3
"diff3",-19.3
"diff3",-17.3
"diff3",-14.3
"diff3",-14.3
"diff3",-20.3
"diff3",-15.3
"diff3",-17.3
"diff3",-17.3
"diff3",-21.3
"diff3",-15.3
"diff3",-16.3
"diff3",-11.3
"diff3",-18.3
"diff3",-15.3
"diff3",-22.3
"diff3",-21.3
"diff3",-13.3
"diff3",-23.3
"diff3",-19.3
"diff3",-21.3
"diff3",-15.3
"diff3",-18.3
"diff3",-23.3
"diff3",-13.3
"diff3",-18.3
"diff3",-18.3
"diff3",-20.3
"diff3",-17.3
"diff3",-17.3
"diff3",-22.3
"diff3",-21.3
"diff3",-19.3
"diff3",-14.3
"diff3",-21.3
"diff3",-18.3
"diff3",-17.3
"diff3",-17.3
"diff3",-19.3
"diff3",-11.3
"diff3",-18.3
"diff3",-19.3
"diff3",-22.3
"diff3",-17.3
"diff3",-13.3
"diff3",-23.3
"diff3",-12.3
"diff3",-17.3
"diff3",-22.3
"diff3",-17.3
"diff3",-17.3
"diff3",-17.3
"diff3",-19.3
"diff3",-13.3
"diff3",-15.3
"diff3",-20.3
"diff3",-21.3
"diff3",-22.3
"diff3",-22.3
"diff3",-21.3
"diff3",-19.3
"diff3",-16.3
"diff3",-16.3
"diff3",-18.3
"diff3",-19.3
"diff3",-24.3
"diff3",-24.3
"diff3",-15.3
"diff3",-13.3
"diff3",-20.3
"diff3",-14.3
"diff3",-20.3
"diff3",-15.3
"diff3",-18.3
"diff3",-17.3
"diff3",-20.3
"diff3",-19.3
"diff3",-18.3
"diff3",-15.3
"diff3",-18.3
"diff3",-14.3
"diff3",-15.3
"diff3",-15.3
"diff3",-16.3
"diff3",-23.3
"diff3",-12.3
"diff3",-20.3
"diff3",-16.3
"diff3",-17.3
"diff3",-19.3
"diff3",-19.3
"diff3",-23.3
"diff3",-17.3
"diff3",-19.3
"diff3",-16.3
"diff3",-19.3
"diff3",-22.3
"diff3",-18.3
"diff3",-16.3
"diff3",-16.3
"diff3",-21.3
"diff3",-20.3
"diff3",-16.3
"diff3",-17.3
"diff3",-25.3
"diff3",-17.3
"diff3",-16.3
"diff3",-17.3
"diff3",-18.3
"diff3",-19.3
"diff3",-19.3
"diff3",-18.3
"diff3",-13.3
"diff3",-17.3
"diff3",-13.3
"diff3",-15.3
"diff3",-19.3
"diff3",-18.3
"diff3",-19.3
"diff3",-22.3
"diff3",-17.3
"diff3",-16.3
"diff3",-22.3
"diff3",-16.3
"diff3",-13.3
"diff3",-23.3
"diff3",-20.3
"diff3",-16.3
"diff3",-21.3
"diff3",-18.3
"diff3",-17.3
"diff3",-14.3
"diff3",-16.3
"diff3",-23.3
"diff3",-18.3
"diff3",-24.3
"diff3",-17.3
"diff3",-19.3
"diff3",-23.3
"diff3",-12.3
"diff3",-19.3
"diff3",-18.3
"diff3",-15.3
"diff3",-21.3
"diff3",-24.3
"diff3",-17.3
"diff3",-21.3
"diff3",-24.3
"diff3",-18.3
"diff3",-23.3
"diff3",-14.3
"diff3",-24.3
"diff3",-22.3
"diff3",-21.3
"diff3",-18.3
"diff3",-19.3
"diff3",-16.3
"diff3",-17.3
"diff3",-23.3
"diff3",-18.3
"diff3",-16.3
"diff3",-12.3
"diff3",-13.3
"diff3",-12.3
"diff3",-19.3
"diff3",-16.3
"diff3",-21.3
"diff3",-15.3
"diff3",-17.3
"diff3",-25.3
"diff3",-20.3
"diff3",-18.3
"diff3",-16.3
"diff3",-17.3
"diff3",-17.3
"diff3",-16.3
"diff3",-16.3
"diff3",-18.3
"diff3",-24.3
"diff3",-20.3
"diff3",-21.3
"diff3",-15.3
"diff3",-17.3
"diff3",-12.3
"diff3",-20.3
"diff3",-13.3
"diff3",-24.3
"diff3",-22.3
"diff3",-22.3
"diff3",-19.3
"diff3",-15.3
"diff3",-20.3
"diff3",-23.3
"diff3",-18.3
"diff3",-19.3
"diff3",-22.3
"diff3",-13.3
"diff3",-13.3
"diff3",-18.3
"diff3",-21.3
"diff3",-14.3
"diff3",-21.3
"diff3",-23.3
"diff3",-19.3
"diff3",-21.3
"diff3",-19.3
"diff3",-13.3
"diff3",-23.3
"diff3",-15.3
"diff3",-16.3
"diff3",-16.3
"diff3",-13.3
"diff3",-20.3
"diff3",-13.3
"diff3",-23.3
"diff3",-14.3
"diff3",-18.3
"diff3",-17.3
"diff3",-24.3
"diff3",-22.3
"diff3",-25.3
"diff3",-14.3
"diff3",-15.3
"diff3",-20.3
"diff3",-19.3
"diff3",-22.3
"diff3",-13.3
"diff3",-19.3
"diff3",-14.3
"diff3",-16.3
"diff3",-23.3
"diff3",-19.3
"diff3",-19.3
"diff3",-15.3
"diff3",-23.3
"diff3",-17.3
"diff3",-13.3
"diff3",-18.3
"diff3",-22.3
"diff3",-16.3
"diff3",-23.3
"diff3",-20.3
"diff3",-18.3
"diff3",-20.3
"diff3",-18.3
"diff3",-19.3
"diff3",-20.3
"diff3",-17.3
"diff3",-16.3
"diff3",-19.3
"diff3",-23.3
"diff3",-19.3
"diff3",-14.3
"diff3",-19.3
"diff3",-17.3
"diff3",-17.3
"diff3",-16.3
"diff3",-18.3
"diff3",-20.3
"diff3",-24.3
"diff3",-18.3
"diff3",-16.3
"diff3",-18.3
"diff3",-18.3
"diff3",-17.3
"diff3",-22.3
"diff3",-20.3
"diff3",-18.3
"diff3",-19.3
"diff3",-20.3
"diff3",-14.3
"diff3",-22.3
"diff3",-15.3
"diff3",-23.3
"diff3",-22.3
"diff3",-19.3
"diff3",-22.3
"diff3",-18.3
"diff3",-20.3
"diff3",-21.3
"diff3",-21.3
"diff3",-19.3
"diff3",-16.3
"diff3",-18.3
"diff3",-20.3
"diff3",-15.3
"diff3",-20.3
"diff3",-20.3
"diff3",-19.3
"diff3",-19.3
"diff3",-19.3
"diff3",-17.3
"diff3",-20.3
"diff3",-19.3
"diff3",-12.3
"diff3",-12.3
"diff3",-21.3
"diff3",-21.3
"diff3",-14.3
"diff3",-15.3
"diff3",-19.3
"diff3",-12.3
"diff3",-23.3
"diff3",-22.3
"diff3",-19.3
"diff3",-25.3
"diff3",-20.3
"diff3",-20.3
"diff3",-19.3
"diff3",-14.3
"diff3",-19.3
"diff3",-19.3
"diff3",-18.3
"diff3",-17.3
"diff3",-19.3
"diff3",-21.3
"diff3",-19.3
"diff3",-25.3
"diff3",-17.3
"diff3",-17.3
"diff3",-18.3
"diff3",-22.3
"diff3",-13.3
"diff3",-18.3
"diff3",-17.3
"diff3",-24.3
"diff3",-22.3
"diff3",-22.3
"diff3",-18.3
"diff3",-23.3
"diff3",-20.3
"diff3",-22.3
"diff3",-21.3
"diff3",-19.3
"diff3",-23.3
"diff3",-20.3
"diff3",-21.3
"diff3",-18.3
"diff3",-20.3
"diff3",-19.3
"diff3",-24.3
"diff3",-22.3
"diff3",-20.3
"diff3",-18.3
"diff3",-17.3
"diff3",-23.3
"diff3",-14.3
"diff3",-22.3
"diff3",-18.3
"diff3",-21.3
"diff3",-19.3
"diff3",-17.3
"diff3",-18.3
"diff3",-16.3
"diff3",-20.3
"diff3",-16.3
"diff3",-23.3
"diff3",-17.3
"diff3",-19.3
"diff3",-19.3
"diff3",-18.3
"diff3",-22.3
"diff3",-20.3
"diff3",-16.3
"diff3",-17.3
"diff3",-17.3
"diff3",-24.3
"diff3",-18.3
"diff3",-17.3
"diff3",-19.3
"diff3",-15.3
"diff3",-19.3
"diff3",-18.3
"diff3",-15.3
"diff3",-17.3
"diff3",-22.3
"diff3",-18.3
"diff3",-17.3
"diff3",-18.3
"diff3",-18.3
"diff3",-19.3
"diff3",-15.3
"diff3",-13.3
"diff3",-16.3
"diff3",-19.3
"diff3",-15.3
"diff3",-20.3
"diff3",-17.3
"diff3",-21.3
"diff3",-20.3
"diff3",-17.3
"diff3",-19.3
"diff3",-18.3
"diff3",-22.3
"diff3",-20.3
"diff3",-18.3
"diff3",-21.3
"diff3",-20.3
"diff3",-16.3
"diff3",-19.3
"diff3",-14.3
"diff3",-18.3
"diff3",-21.3
"diff3",-20.3
"diff3",-21.3
"diff3",-25.3
"diff3",-18.3
"diff3",-22.3
"diff3",-23.3
"diff3",-15.3
"diff3",-16.3
"diff3",-21.3
"diff3",-18.3
"diff3",-16.3
"diff3",-19.3
"diff3",-14.3
"diff3",-25.3
"diff3",-17.3
"diff3",-20.3
"diff3",-24.3
"diff3",-19.3
"diff3",-23.3
"diff3",-17.3
"diff3",-15.3
"diff3",-20.3
"diff3",-17.3
"diff3",-22.3
"diff3",-16.3
"diff3",-20.3
"diff3",-19.3
"diff3",-26.3
"diff3",-21.3
"diff3",-18.3
"diff3",-21.3
"diff3",-18.3
"diff3",-20.3
"diff3",-19.3
"diff3",-20.3
"diff3",-24.3
"diff3",-16.3
"diff3",-20.3
"diff3",-22.3
"diff3",-20.3
"diff3",-19.3
"diff3",-25.3
"diff3",-18.3
"diff3",-18.3
"diff3",-21.3
"diff3",-17.3
"diff3",-17.3
"diff3",-14.3
"diff3",-14.3
"diff3",-18.3
"diff3",-21.3
"diff3",-25.3
"diff3",-19.3
"diff3",-17.3
"diff3",-18.3
"diff3",-17.3
"diff3",-24.3
"diff3",-22.3
"diff3",-20.3
"diff3",-22.3
"diff3",-21.3
"diff3",-24.3
"diff3",-14.3
"diff3",-20.3
"diff3",-19.3
"diff3",-16.3
"diff3",-24.3
"diff3",-17.3
"diff3",-15.3
"diff3",-19.3
"diff3",-19.3
"diff3",-25.3
"diff3",-13.3
"diff3",-18.3
"diff3",-23.3
"diff3",-19.3
"diff3",-15.3
"diff3",-26.3
"diff3",-20.3
"diff3",-22.3
"diff3",-19.3
"diff3",-16.3
"diff3",-20.3
"diff3",-21.3
"diff3",-16.3
"diff3",-19.3
"diff3",-22.3
"diff3",-17.3
"diff3",-16.3
"diff3",-19.3
"diff3",-22.3
"diff3",-15.3
"diff3",-24.3
"diff3",-20.3
"diff3",-19.3
"diff3",-17.3
"diff3",-22.3
"diff3",-15.3
"diff3",-24.3
"diff3",-22.3
"diff3",-20.3
"diff3",-18.3
"diff3",-16.3
"diff3",-19.3
"diff3",-18.3
"diff3",-21.3
"diff3",-26.3
"diff3",-18.3
"diff3",-21.3
"diff3",-18.3
"diff3",-19.3
"diff3",-14.3
"diff3",-21.3
"diff3",-23.3
"diff3",-21.3
"diff3",-15.3
"diff3",-24.3
"diff3",-20.3
"diff3",-18.3
"diff3",-19.3
"diff3",-18.3
"diff3",-19.3
"diff3",-20.3
"diff3",-24.3
"diff3",-17.3
"diff3",-16.3
"diff3",-19.3
"diff3",-18.3
"diff3",-18.3
"diff3",-20.3
"diff3",-22.3
"diff3",-21.3
"diff3",-16.3
"diff3",-25.3
"diff3",-18.3
"diff3",-20.3
"diff3",-15.3
"diff3",-15.3
"diff3",-18.3
"diff3",-14.3
"diff3",-24.3
"diff3",-17.3
"diff3",-16.3
"diff3",-20.3
"diff3",-21.3
"diff3",-16.3
"diff3",-18.3
"diff3",-16.3
"diff3",-18.3
"diff3",-17.3
"diff3",-17.3
"diff3",-18.3
"diff3",-17.3
"diff3",-21.3
"diff3",-18.3
"diff3",-18.3
"diff3",-22.3
"diff3",-19.3
"diff3",-17.3
"diff3",-19.3
"diff3",-23.3
"diff3",-20.3
"diff3",-20.3
"diff3",-16.3
"diff3",-26.3
"diff3",-17.3
"diff3",-19.3
"diff3",-25.3
"diff3",-20.3
"diff3",-19.3
"diff3",-17.3
"diff3",-22.3
"diff3",-21.3
"diff3",-25.3
"diff3",-20.3
"diff3",-18.3
"diff3",-16.3
"diff3",-18.3
"diff3",-17.3
"diff3",-17.3
"diff3",-13.3
"diff3",-19.3
"diff3",-19.3
"diff3",-23.3
"diff3",-20.3
"diff3",-24.3
"diff3",-19.3
"diff3",-19.3
"diff3",-19.3
"diff3",-21.3
"diff3",-15.3
"diff3",-22.3
"diff3",-23.3
"diff3",-20.3
"diff3",-21.3
"diff3",-16.3
"diff3",-18.3
"diff3",-17.3
"diff3",-21.3
"diff3",-20.3
"diff3",-19.3
"diff3",-17.3
"diff3",-21.3
"diff3",-24.3
"diff3",-24.3
"diff3",-16.3
"diff3",-18.3
"diff3",-15.3
"diff3",-17.3
"diff3",-21.3
"diff3",-14.3
"diff3",-20.3
"diff3",-22.3
"diff3",-18.3
"diff3",-15.3
"diff3",-18.3
"diff3",-20.3
"diff3",-19.3
"diff3",-20.3
"diff3",-19.3
"diff3",-20.3
"diff3",-19.3
"diff3",-18.3
"diff3",-18.3
"diff3",-21.3
"diff3",-20.3
"diff3",-21.3
"diff3",-23.3
"diff3",-17.3
"diff3",-17.3
"diff3",-19.3
"diff3",-22.3
"diff3",-21.3
"diff3",-23.3
"diff3",-19.3
"diff3",-18.3
"diff3",-19.3
"diff3",-15.3
"diff3",-18.3
"diff3",-20.3
"diff3",-15.3
"diff3",-15.3
"diff3",-18.3
"diff3",-18.3
"diff3",-19.3
"diff3",-17.3
"diff3",-19.3
"diff3",-17.3
"diff3",-17.3
"diff3",-23.3
"diff3",-19.3
"diff3",-20.3
"diff3",-16.3
"diff3",-20.3
"diff3",-22.3
"diff3",-20.3
"diff3",-16.3
"diff3",-16.3
"diff3",-20.3
"diff3",-19.3
"diff3",-22.3
"diff3",-15.3
"diff3",-19.3
"diff3",-17.3
"diff3",-18.3
"diff3",-22.3
"diff3",-19.3
"diff3",-20.3
"diff3",-17.3
"diff3",-23.3
"diff3",-19.3
"diff3",-25.3
"diff3",-22.3
"diff3",-19.3
"diff3",-20.3
"diff3",-22.3
"diff3",-15.3
"diff3",-15.3
"diff3",-15.3
"diff3",-14.3
"diff3",-15.3
"diff3",-20.3
"diff3",-23.3
"diff3",-21.3
"diff3",-19.3
"diff3",-24.3
"diff3",-21.3
"diff3",-22.3
"diff3",-19.3
"diff3",-15.3
"diff3",-23.3
"diff3",-16.3
"diff3",-19.3
"diff3",-20.3
"diff3",-22.3
"diff3",-17.3
"diff3",-14.3
"diff3",-18.3
"diff3",-19.3
"diff3",-19.3
"diff3",-23.3
"diff3",-17.3
"diff3",-18.3
"diff3",-21.3
"diff3",-19.3
"diff3",-23.3
"diff3",-18.3
"diff3",-19.3
"diff3",-22.3
"diff3",-20.3
"diff3",-17.3
"diff3",-18.3
"diff3",-17.3
"diff3",-18.3
"diff3",-18.3
"diff3",-22.3
"diff3",-16.3
"diff3",-18.3
"diff3",-19.3
"diff3",-20.3
"diff3",-19.3
"diff3",-21.3
"diff3",-17.3
"diff3",-18.3
"diff3",-23.3
"diff3",-20.3
"diff3",-18.3
"diff3",-16.3
"diff3",-22.3
"diff3",-20.3
"diff3",-15.3
"diff3",-19.3
"diff3",-24.3
"diff3",-19.3
"diff3",-20.3
"diff3",-20.3
"diff3",-15.3
"diff3",-16.3
"diff3",-18.3
"diff3",-23.3
"diff3",-17.3
"diff3",-17.3
"diff3",-20.3
"diff3",-21.3
"diff3",-18.3
"diff3",-16.3
"diff3",-21.3
"diff3",-22.3
"diff3",-16.3
"diff3",-23.3
"diff3",-18.3
"diff3",-19.3
"diff3",-19.3
"diff3",-19.3
"diff3",-20.3
"diff3",-23.3
"diff3",-20.3
"diff3",-16.3
"diff3",-17.3
"diff3",-19.3
"diff3",-25.3
"diff3",-18.3
"diff3",-15.3
"diff3",-25.3
"diff3",-20.3
"diff3",-19.3
"diff3",-16.3
"diff3",-17.3
"diff3",-23.3
"diff3",-19.3
"diff3",-20.3
"diff3",-21.3
"diff3",-19.3
"diff3",-18.3
"diff3",-23.3
"diff3",-23.3
"diff3",-19.3
"diff3",-17.3
"diff3",-19.3
"diff3",-16.3
"diff3",-20.3
"diff3",-19.3
"diff3",-25.3
"diff3",-21.3
"diff3",-19.3
"diff3",-24.3
"diff3",-20.3
"diff3",-20.3
"diff3",-19.3
"diff3",-16.3
"diff3",-20.3
"diff3",-24.3
"diff3",-22.3
"diff3",-20.3
"diff3",-14.3
"diff3",-18.3
"diff3",-16.3
"diff3",-20.3
"diff3",-16.3
"diff3",-15.3
"diff3",-17.3
"diff3",-19.3
"diff3",-20.3
"diff3",-18.3
"diff3",-17.3
"diff3",-21.3
"diff3",-20.3
"diff3",-22.3
"diff3",-15.3
"diff3",-19.3
"diff3",-17.3
"diff3",-22.3
"diff3",-17.3
"diff3",-19.3
"diff3",-20.3
"diff3",-17.3
"diff3",-24.3
"diff3",-17.3
"diff3",-22.3
"diff3",-25.3
"diff3",-16.3
"diff3",-20.3
"diff3",-22.3
"diff3",-15.3
"diff3",-17.3
"diff3",-24.3
"diff3",-14.3
"diff3",-18.3
"diff3",-21.3
"diff3",-19.3
"diff3",-21.3
"diff3",-22.3
"diff3",-19.3
"diff3",-14.3
"diff3",-25.3
"diff3",-25.3
"diff3",-20.3
"diff3",-20.3
"diff3",-19.3
"diff3",-16.3
"diff3",-19.3
"diff3",-21.3
"diff3",-19.3
"diff3",-15.3
"diff3",-21.3
"diff3",-17.3
"diff3",-21.3
"diff3",-17.3
"diff3",-21.3
"diff3",-13.3
"diff3",-20.3
"diff3",-17.3
"diff3",-19.3
"diff3",-17.3
"diff3",-17.3
"diff3",-19.3
"diff3",-17.3
"diff3",-20.3
"diff3",-15.3
"diff3",-22.3
"diff3",-22.3
"diff3",-19.3
"diff3",-16.3
"diff3",-23.3
"diff3",-18.3
"diff3",-22.3
"diff3",-21.3
"diff3",-14.3
"diff3",-21.3
"diff3",-22.3
"diff3",-24.3
"diff3",-23.3
"diff3",-19.3
"diff3",-14.3
"diff3",-15.3
"diff3",-18.3
"diff3",-22.3
"diff3",-16.3
"diff3",-19.3
"diff3",-17.3
"diff3",-23.3
"diff3",-18.3
"diff3",-16.3
"diff3",-22.3
"diff3",-21.3
"diff3",-18.3
"diff3",-13.3
"diff3",-25.3
"diff3",-21.3
"diff3",-22.3
"diff3",-20.3
"diff3",-19.3
"diff3",-24.3
"diff3",-24.3
"diff3",-21.3
"diff3",-18.3
"diff3",-17.3
"diff3",-16.3
"diff3",-16.3
"diff3",-21.3
"diff3",-18.3
"diff3",-16.3
"diff3",-17.3
"diff3",-21.3
"diff3",-20.3
"diff3",-23.3
"diff3",-18.3
"diff3",-22.3
"diff3",-20.3
"diff3",-24.3
"diff3",-18.3
"diff3",-18.3
"diff3",-21.3
"diff3",-16.3
"diff3",-16.3
"diff3",-23.3
"diff3",-19.3
"diff3",-18.3
"diff3",-19.3
"diff3",-15.3
"diff3",-23.3
"diff3",-22.3
"diff3",-20.3
"diff3",-19.3
"diff3",-22.3
"diff3",-18.3
"diff3",-21.3
"diff3",-21.3
"diff3",-20.3
"diff3",-22.3
"diff3",-21.3
"diff3",-21.3
"diff3",-15.3
"diff3",-19.3
"diff3",-22.3
"diff3",-20.3
"diff3",-18.3
"diff3",-23.3
"diff3",-23.3
"diff3",-22.3
"diff3",-22.3
"diff3",-20.3
"diff3",-19.3
"diff3",-13.3
"diff3",-19.3
"diff3",-20.3
"diff3",-19.3
"diff3",-18.3
"diff3",-19.3
"diff3",-20.3
"diff3",-18.3
"diff3",-24.3
"diff3",-22.3
"diff3",-20.3
"diff3",-17.3
"diff3",-18.3
"diff3",-13.3
"diff3",-24.3
"diff3",-18.3
"diff3",-17.3
"diff3",-23.3
"diff3",-23.3
"diff3",-22.3
"diff3",-23.3
"diff3",-23.3
"diff3",-18.3
"diff3",-19.3
"diff3",-23.3
"diff3",-17.3
"diff3",-18.3
"diff3",-20.3
"diff3",-21.3
"diff3",-14.3
"diff3",-17.3
"diff3",-14.3
"diff3",-20.3
"diff3",-20.3
"diff3",-21.3
"diff3",-17.3
"diff3",-16.3
"diff3",-21.3
"diff3",-22.3
"diff3",-20.3
"diff3",-25.3
"diff3",-20.3
"diff3",-14.3
"diff3",-23.3
"diff3",-14.3
"diff3",-23.3
"diff3",-19.3
"diff3",-19.3
"diff3",-20.3
"diff3",-16.3
"diff3",-23.3
"diff3",-22.3
"diff3",-21.3
"diff3",-24.3
"diff3",-23.3
"diff3",-14.3
"diff3",-23.3
"diff3",-22.3
"diff3",-24.3
"diff3",-23.3
"diff3",-13.3
"diff3",-16.3
"diff3",-22.3
"diff3",-19.3
"diff3",-19.3
"diff3",-16.3
"diff3",-25.3
"diff3",-21.3
"diff3",-16.3
"diff3",-19.3
"diff3",-22.3
"diff3",-20.3
"diff3",-14.3
"diff3",-20.3
"diff3",-17.3
"diff3",-19.3
"diff3",-23.3
"diff3",-23.3
"diff3",-22.3
"diff3",-20.3
"diff3",-19.3
"diff3",-22.3
"diff3",-17.3
"diff3",-17.3
"diff3",-23.3
"diff3",-17.3
"diff3",-19.3
"diff3",-18.3
"diff3",-23.3
"diff3",-22.3
"diff3",-20.3
"diff3",-19.3
"diff3",-16.3
"diff3",-19.3
"diff3",-17.3
"diff3",-18.3
"diff3",-24.3
"diff3",-17.3
"diff3",-23.3
"diff3",-20.3
"diff3",-16.3
"diff3",-21.3
"diff3",-19.3
"diff3",-17.3
"diff3",-22.3
"diff3",-21.3
"diff3",-17.3
"diff3",-24.3
"diff3",-21.3
"diff3",-19.3
"diff3",-17.3
"diff3",-21.3
"diff3",-20.3
"diff3",-23.3
"diff3",-14.3
"diff3",-17.3
"diff3",-19.3
"diff3",-23.3
"diff3",-25.3
"diff3",-14.3
"diff3",-20.3
"diff3",-17.3
"diff3",-17.3
"diff3",-19.3
"diff3",-20.3
"diff3",-17.3
"diff3",-14.3
"diff3",-20.3
"diff3",-16.3
"diff3",-24.3
"diff3",-21.3
"diff3",-21.3
"diff3",-23.3
"diff3",-20.3
"diff3",-18.3
"diff3",-21.3
"diff3",-18.3
"diff3",-18.3
"diff3",-23.3
"diff3",-22.3
"diff3",-19.3
"diff3",-18.3
"diff3",-13.3
"diff3",-23.3
"diff3",-24.3
"diff3",-14.3
"diff3",-16.3
"diff3",-21.3
"diff3",-17.3
"diff3",-23.3
"diff3",-20.3
"diff3",-17.3
"diff3",-17.3
"diff3",-19.3
"diff3",-18.3
"diff3",-19.3
"diff3",-17.3
"diff3",-22.3
"diff3",-20.3
"diff3",-24.3
"diff3",-16.3
"diff3",-25.3
"diff3",-19.3
"diff3",-27.3
"diff3",-18.3
"diff3",-19.3
"diff3",-19.3
"diff3",-20.3
"diff3",-17.3
"diff3",-19.3
"diff3",-14.3
"diff3",-16.3
"diff3",-16.3
"diff3",-20.3
"diff3",-20.3
"diff3",-15.3
"diff3",-25.3
"diff3",-21.3
"diff3",-23.3
"diff3",-19.3
"diff3",-18.3
"diff3",-16.3
"diff3",-21.3
"diff3",-24.3
"diff3",-21.3
"diff3",-20.3
"diff3",-16.3
"diff3",-18.3
"diff3",-21.3
"diff3",-23.3
"diff3",-24.3
"diff3",-21.3
"diff3",-16.3
"diff3",-18.3
"diff3",-20.3
"diff3",-19.3
"diff3",-22.3
"diff3",-21.3
"diff3",-14.3
"diff3",-20.3
"diff3",-16.3
"diff3",-17.3
"diff3",-20.3
"diff3",-15.3
"diff3",-13.3
"diff3",-20.3
"diff3",-23.3
"diff3",-15.3
"diff3",-22.3
"diff3",-21.3
"diff3",-17.3
"diff3",-17.3
"diff3",-19.3
"diff3",-21.3
"diff3",-16.3
"diff3",-20.3
"diff3",-14.3
"diff3",-17.3
"diff3",-15.3
"diff3",-21.3
"diff3",-25.3
"diff3",-20.3
"diff3",-18.3
"diff3",-16.3
"diff3",-18.3
"diff3",-15.3
"diff3",-14.3
"diff3",-15.3
"diff3",-23.3
"diff3",-18.3
"diff3",-17.3
"diff3",-13.3
"diff3",-25.3
"diff3",-17.3
"diff3",-20.3
"diff3",-19.3
"diff3",-20.3
"diff3",-16.3
"diff3",-21.3
"diff3",-18.3
"diff3",-21.3
"diff3",-14.3
"diff3",-16.3
"diff3",-15.3
"diff3",-18.3
"diff3",-17.3
"diff3",-22.3
"diff3",-22.3
"diff3",-16.3
"diff3",-19.3
"diff3",-20.3
"diff3",-17.3
"diff3",-18.3
"diff3",-20.3
"diff3",-16.3
"diff3",-18.3
"diff3",-19.3
"diff3",-13.3
"diff3",-19.3
"diff3",-14.3
"diff3",-16.3
"diff3",-19.3
"diff3",-18.3
"diff3",-22.3
"diff3",-22.3
"diff3",-21.3
"diff3",-19.3
"diff3",-15.3
"diff3",-19.3
"diff3",-22.3
"diff3",-20.3
"diff3",-18.3
"diff3",-13.3
"diff3",-21.3
"diff3",-24.3
"diff3",-17.3
"diff3",-18.3
"diff3",-17.3
"diff3",-25.3
"diff3",-22.3
"diff3",-16.3
"diff3",-21.3
"diff3",-17.3
"diff3",-20.3
"diff3",-22.3
"diff3",-18.3
"diff3",-19.3
"diff3",-17.3
"diff3",-18.3
"diff3",-16.3
"diff3",-18.3
"diff3",-19.3
"diff3",-16.3
"diff3",-18.3
"diff3",-17.3
"diff3",-20.3
"diff3",-13.3
"diff3",-16.3
"diff3",-21.3
"diff3",-19.3
"diff3",-19.3
"diff3",-12.3
"diff3",-20.3
"diff3",-19.3
"diff3",-22.3
"diff3",-23.3
"diff3",-15.3
"diff3",-25.3
"diff3",-22.3
"diff3",-21.3
"diff3",-17.3
"diff3",-21.3
"diff3",-21.3
"diff3",-18.3
"diff3",-21.3
"diff3",-18.3
"diff3",-19.3
"diff3",-23.3
"diff3",-16.3
"diff3",-19.3
"diff3",-23.3
"diff3",-21.3
"diff3",-18.3
"diff3",-18.3
"diff3",-17.3
"diff3",-16.3
"diff3",-13.3
"diff3",-20.3
"diff3",-14.3
"diff3",-18.3
"diff3",-16.3
"diff3",-23.3
"diff3",-19.3
"diff3",-22.3
"diff3",-25.3
"diff3",-21.3
"diff3",-19.3
"diff3",-18.3
"diff3",-21.3
"diff3",-16.3
"diff3",-17.3
"diff3",-13.3
"diff3",-20.3
"diff3",-24.3
"diff3",-23.3
"diff3",-21.3
"diff3",-16.3
"diff3",-19.3
"diff3",-16.3
"diff3",-20.3
"diff3",-18.3
"diff3",-26.3
"diff3",-19.3
"diff3",-21.3
"diff3",-16.3
"diff3",-25.3
"diff3",-18.3
"diff3",-17.3
"diff3",-24.3
"diff3",-20.3
"diff3",-16.3
"diff3",-22.3
"diff3",-17.3
"diff3",-19.3
"diff3",-17.3
"diff3",-18.3
"diff3",-24.3
"diff3",-24.3
"diff3",-23.3
"diff3",-18.3
"diff3",-20.3
"diff3",-13.3
"diff3",-20.3
"diff3",-21.3
"diff3",-18.3
"diff3",-16.3
"diff3",-23.3
"diff3",-15.3
"diff3",-19.3
"diff3",-17.3
"diff3",-18.3
"diff3",-20.3
"diff3",-15.3
"diff3",-23.3
"diff3",-22.3
"diff3",-20.3
"diff3",-23.3
"diff3",-16.3
"diff3",-18.3
"diff3",-20.3
"diff3",-18.3
"diff3",-17.3
"diff3",-20.3
"diff3",-16.3
"diff3",-22.3
"diff3",-22.3
"diff3",-17.3
"diff3",-15.3
"diff3",-16.3
"diff3",-24.3
"diff3",-23.3
"diff3",-20.3
"diff3",-22.3
"diff3",-22.3
"diff3",-23.3
"diff3",-23.3
"diff3",-25.3
"diff3",-16.3
"diff3",-23.3
"diff3",-20.3
"diff3",-19.3
"diff3",-22.3
"diff3",-19.3
"diff3",-17.3
"diff3",-14.3
"diff3",-24.3
"diff3",-21.3
"diff3",-20.3
"diff3",-21.3
"diff3",-22.3
"diff3",-19.3
"diff3",-20.3
"diff3",-16.3
"diff3",-24.3
"diff3",-18.3
"diff3",-17.3
"diff3",-14.3
"diff3",-18.3
"diff3",-20.3
"diff3",-14.3
"diff3",-18.3
"diff3",-22.3
"diff3",-22.3
"diff3",-17.3
"diff3",-13.3
"diff3",-15.3
"diff3",-21.3
"diff3",-14.3
"diff3",-20.3
"diff3",-18.3
"diff3",-23.3
"diff3",-20.3
"diff3",-15.3
"diff3",-19.3
"diff3",-19.3
"diff3",-17.3
"diff3",-15.3
"diff3",-17.3
"diff3",-20.3
"diff3",-20.3
"diff3",-18.3
"diff3",-21.3
"diff3",-22.3
"diff3",-17.3
"diff3",-20.3
"diff3",-19.3
"diff3",-18.3
"diff3",-15.3
"diff3",-20.3
"diff3",-21.3
"diff3",-17.3
"diff3",-21.3
"diff3",-18.3
"diff3",-17.3
"diff3",-19.3
"diff3",-21.3
"diff3",-15.3
"diff3",-20.3
"diff3",-14.3
"diff3",-15.3
"diff3",-17.3
"diff3",-17.3
"diff3",-17.3
"diff3",-22.3
"diff3",-18.3
"diff3",-19.3
"diff3",-15.3
"diff3",-19.3
"diff3",-15.3
"diff3",-14.3
"diff3",-20.3
"diff3",-14.3
"diff3",-20.3
"diff3",-20.3
"diff3",-21.3
"diff3",-21.3
"diff3",-23.3
"diff3",-24.3
"diff3",-19.3
"diff3",-25.3
"diff3",-19.3
"diff3",-20.3
"diff3",-15.3
"diff3",-19.3
"diff3",-18.3
"diff3",-24.3
"diff3",-16.3
"diff3",-24.3
"diff3",-21.3
"diff3",-18.3
"diff3",-24.3
"diff3",-20.3
"diff3",-23.3
"diff3",-16.3
"diff3",-22.3
"diff3",-19.3
"diff3",-26.3
"diff3",-17.3
"diff3",-21.3
"diff3",-14.3
"diff3",-13.3
"diff3",-22.3
"diff3",-19.3
"diff3",-16.3
"diff3",-20.3
"diff3",-20.3
"diff3",-13.3
"diff3",-15.3
"diff3",-18.3
"diff3",-19.3
"diff3",-22.3
"diff3",-18.3
"diff3",-18.3
"diff3",-25.3
"diff3",-14.3
"diff3",-18.3
"diff3",-18.3
"diff3",-19.3
"diff3",-14.3
"diff3",-16.3
"diff3",-16.3
"diff3",-22.3
"diff3",-21.3
"diff3",-18.3
"diff3",-23.3
"diff3",-21.3
"diff3",-23.3
"diff3",-21.3
"diff3",-19.3
"diff3",-18.3
"diff3",-25.3
"diff3",-22.3
"diff3",-24.3
"diff3",-20.3
"diff3",-18.3
"diff3",-25.3
"diff3",-18.3
"diff3",-13.3
"diff3",-14.3
"diff3",-23.3
"diff3",-16.3
"diff3",-12.3
"diff3",-19.3
"diff3",-14.3
"diff3",-22.3
"diff3",-23.3
"diff3",-19.3
"diff3",-21.3
"diff3",-21.3
"diff3",-17.3
"diff3",-22.3
"diff3",-16.3
"diff3",-19.3
"diff3",-21.3
"diff3",-19.3
"diff3",-22.3
"diff3",-19.3
"diff3",-20.3
"diff3",-16.3
"diff3",-19.3
"diff3",-19.3
"diff3",-23.3
"diff3",-16.3
"diff3",-16.3
"diff3",-22.3
"diff3",-16.3
"diff3",-19.3
"diff3",-23.3
"diff3",-15.3
"diff3",-17.3
"diff3",-18.3
"diff3",-16.3
"diff3",-17.3
"diff3",-18.3
"diff3",-18.3
"diff3",-18.3
"diff3",-18.3
"diff3",-18.3
"diff3",-21.3
"diff3",-18.3
"diff3",-17.3
"diff3",-14.3
"diff3",-17.3
"diff3",-14.3
"diff3",-21.3
"diff3",-21.3
"diff3",-22.3
"diff3",-16.3
"diff3",-23.3
"diff3",-19.3
"diff3",-22.3
"diff3",-19.3
"diff3",-15.3
"diff3",-18.3
"diff3",-14.3
"diff3",-18.3
"diff3",-19.3
"diff3",-13.3
"diff3",-20.3
"diff3",-16.3
"diff3",-19.3
"diff3",-18.3
"diff3",-20.3
"diff3",-16.3
"diff3",-17.3
"diff3",-17.3
"diff3",-22.3
"diff3",-13.3
"diff3",-14.3
"diff3",-13.3
"diff3",-17.3
"diff3",-18.3
"diff3",-14.3
"diff3",-17.3
"diff3",-14.3
"diff3",-16.3
"diff3",-24.3
"diff3",-18.3
"diff3",-21.3
"diff3",-20.3
"diff3",-18.3
"diff3",-19.3
"diff3",-13.3
"diff3",-16.3
"diff3",-14.3
"diff3",-13.3
"diff3",-20.3
"diff3",-24.3
"diff3",-15.3
"diff3",-24.3
"diff3",-17.3
"diff3",-22.3
"diff3",-16.3
"diff3",-21.3
"diff3",-23.3
"diff3",-18.3
"diff3",-15.3
"diff3",-20.3
"diff3",-15.3
"diff3",-20.3
"diff3",-25.3
"diff3",-19.3
"diff3",-17.3
"diff3",-13.3
"diff3",-17.3
"diff3",-25.3
"diff3",-14.3
"diff3",-19.3
"diff3",-21.3
"diff3",-16.3
"diff3",-17.3
"diff3",-17.3
"diff3",-17.3
"diff3",-15.3
"diff3",-19.3
"diff3",-18.3
"diff3",-19.3
"diff3",-15.3
"diff3",-21.3
"diff3",-21.3
"diff3",-21.3
"diff3",-17.3
"diff3",-18.3
"diff3",-13.3
"diff3",-24.3
"diff3",-18.3
"diff3",-22.3
"diff3",-12.3
"diff3",-18.3
"diff3",-19.3
"diff3",-21.3
"diff3",-15.3
"diff3",-19.3
"diff3",-14.3
"diff3",-21.3
"diff3",-17.3
"diff3",-22.3
"diff3",-14.3
"diff3",-19.3
"diff3",-19.3
"diff3",-18.3
"diff3",-21.3
"diff3",-17.3
"diff3",-20.3
"diff3",-12.3
"diff3",-15.3
"diff3",-16.3
"diff3",-23.3
"diff3",-17.3
"diff3",-17.3
"diff3",-22.3
"diff3",-19.3
"diff3",-20.3
"diff3",-23.3
"diff3",-17.3
"diff3",-15.3
"diff3",-18.3
"diff3",-25.3
"diff3",-12.3
"diff3",-20.3
"diff3",-21.3
"diff3",-14.3
"diff3",-18.3
"diff3",-15.3
"diff3",-14.3
"diff3",-17.3
"diff3",-16.3
"diff3",-22.3
"diff3",-20.3
"diff3",-18.3
"diff3",-21.3
"diff3",-16.3
"diff3",-17.3
"diff3",-17.3
"diff3",-15.3
"diff3",-20.3
"diff3",-21.3
"diff3",-14.3
"diff3",-14.3
"diff3",-17.3
"diff3",-18.3
"diff3",-21.3
"diff3",-17.3
"diff3",-18.3
"diff3",-23.3
"diff3",-19.3
"diff3",-20.3
"diff3",-23.3
"diff3",-15.3
"diff3",-20.3
"diff3",-16.3
"diff3",-18.3
"diff3",-18.3
"diff3",-24.3
"diff3",-12.3
"diff3",-19.3
"diff3",-23.3
"diff3",-16.3
"diff3",-21.3
"diff3",-19.3
"diff3",-20.3
"diff3",-15.3
"diff3",-23.3
"diff3",-13.3
"diff3",-22.3
"diff3",-19.3
"diff3",-18.3
"diff3",-19.3
"diff3",-15.3
"diff3",-21.3
"diff3",-16.3
"diff3",-16.3
"diff3",-20.3
"diff3",-19.3
"diff3",-18.3
"diff3",-21.3
"diff3",-11.3
"diff3",-20.3
"diff3",-25.3
"diff3",-16.3
"diff3",-20.3
"diff3",-17.3
"diff3",-19.3
"diff3",-15.3
"diff3",-19.3
"diff3",-22.3
"diff3",-18.3
"diff3",-18.3
"diff3",-24.3
"diff3",-17.3
"diff3",-15.3
"diff3",-11.3
"diff3",-22.3
"diff3",-14.3
"diff3",-15.3
"diff3",-14.3
"diff3",-19.3
"diff3",-19.3
"diff3",-14.3
"diff3",-16.3
"diff3",-14.3
"diff3",-16.3
"diff3",-21.3
"diff3",-16.3
"diff3",-19.3
"diff3",-16.3
"diff3",-15.3
"diff3",-19.3
"diff3",-16.3
"diff3",-18.3
"diff3",-18.3
"diff3",-14.3
"diff3",-17.3
"diff3",-19.3
"diff3",-22.3
"diff3",-22.3
"diff3",-23.3
"diff3",-16.3
"diff3",-17.3
"diff3",-11.3
"diff3",-17.3
"diff3",-13.3
"diff3",-12.3
"diff3",-20.3
"diff3",-16.3
"diff3",-18.3
"diff3",-14.3
"diff3",-19.3
"diff3",-17.3
"diff3",-17.3
"diff3",-20.3
"diff3",-21.3
"diff3",-11.3
"diff3",-18.3
"diff3",-17.3
"diff3",-19.3
"diff3",-15.3
"diff3",-11.3
"diff3",-21.3
"diff3",-19.3
"diff3",-18.3
"diff3",-21.3
"diff3",-18.3
"diff3",-16.3
"diff3",-19.3
"diff3",-16.3
"diff3",-19.3
"diff3",-19.3
"diff3",-22.3
"diff3",-23.3
"diff3",-17.3
"diff3",-14.3
"diff3",-15.3
"diff3",-22.3
"diff3",-18.3
"diff3",-20.3
"diff3",-18.3
"diff3",-17.3
"diff3",-17.3
"diff3",-20.3
"diff3",-20.3
"diff3",-17.3
"diff3",-21.3
"diff3",-20.3
"diff3",-18.3
"diff3",-14.3
"diff3",-14.3
"diff3",-15.3
"diff3",-15.3
"diff3",-16.3
"diff3",-16.3
"diff3",-17.3
"diff3",-20.3
"diff3",-16.3
"diff3",-20.3
"diff3",-19.3
"diff3",-19.3
"diff3",-21.3
"diff3",-14.3
"diff3",-13.3
"diff3",-14.3
"diff3",-11.3
"diff3",-19.3
"diff3",-16.3
"diff3",-18.3
"diff3",-12.3
"diff3",-19.3
"diff3",-16.3
"diff3",-11.3
"diff3",-18.3
"diff3",-22.3
"diff3",-12.3
"diff3",-24.3
"diff3",-17.3
"diff3",-18.3
"diff3",-17.3
"diff3",-17.3
"diff3",-15.3
"diff3",-15.3
"diff3",-22.3
"diff3",-13.3
"diff3",-18.3
"diff3",-12.3
"diff3",-19.3
"diff3",-14.3
"diff3",-19.3
"diff3",-21.3
"diff3",-17.3
"diff3",-16.3
"diff3",-18.3
"diff3",-19.3
"diff3",-14.3
"diff3",-19.3
"diff3",-24.3
"diff3",-16.3
"diff3",-13.3
"diff3",-20.3
"diff3",-18.3
"diff3",-18.3
"diff3",-21.3
"diff3",-12.3
"diff3",-14.3
"diff3",-13.3
"diff3",-22.3
"diff3",-18.3
"diff3",-14.3
"diff3",-14.3
"diff3",-18.3
"diff3",-24.3
"diff3",-19.3
"diff3",-25.3
"diff3",-20.3
"diff3",-18.3
"diff3",-17.3
"diff3",-18.3
"diff3",-18.3
"diff3",-21.3
"diff3",-14.3
"diff3",-18.3
"diff3",-18.3
"diff3",-22.3
"diff3",-17.3
"diff3",-15.3
"diff3",-14.3
"diff3",-24.3
"diff3",-21.3
"diff3",-20.3
"diff3",-21.3
"diff3",-19.3
"diff3",-14.3
"diff3",-19.3
"diff3",-17.3
"diff3",-20.3
"diff3",-24.3
"diff3",-19.3
"diff3",-16.3
"diff3",-20.3
"diff3",-19.3
"diff3",-17.3
"diff3",-18.3
"diff3",-20.3
"diff3",-17.3
"diff3",-17.3
"diff3",-19.3
"diff3",-23.3
"diff3",-21.3
"diff3",-13.3
"diff3",-10.3
"diff3",-20.3
"diff3",-13.3
"diff3",-19.3
"diff3",-18.3
"diff3",-16.3
"diff3",-14.3
"diff3",-17.3
"diff3",-14.3
"diff3",-14.3
"diff3",-16.3
"diff3",-18.3
"diff3",-18.3
"diff3",-15.3
"diff3",-22.3
"diff3",-16.3
"diff3",-19.3
"diff3",-12.3
"diff3",-19.3
"diff3",-16.3
"diff3",-12.3
"diff3",-14.3
"diff3",-18.3
"diff3",-18.3
"diff3",-12.3
"diff3",-14.3
"diff3",-20.3
"diff3",-18.3
"diff3",-21.3
"diff3",-17.3
"diff3",-14.3
"diff3",-15.3
"diff3",-22.3
"diff3",-16.3
"diff3",-12.3
"diff3",-17.3
"diff3",-21.3
"diff3",-23.3
"diff3",-19.3
"diff3",-14.3
"diff3",-21.3
"diff3",-14.3
"diff3",-12.3
"diff3",-17.3
"diff3",-21.3
"diff3",-19.3
"diff3",-16.3
"diff3",-14.3
"diff3",-22.3
"diff3",-15.3
"diff3",-17.3
"diff3",-17.3
"diff3",-17.3
"diff3",-16.3
"diff3",-13.3
"diff3",-16.3
"diff3",-16.3
"diff3",-15.3
"diff3",-13.3
"diff3",-15.3
"diff3",-11.3
"diff3",-20.3
"diff3",-24.3
"diff3",-19.3
"diff3",-21.3
"diff3",-17.3
"diff3",-19.3
"diff3",-20.3
"diff3",-18.3
"diff3",-20.3
"diff3",-21.3
"diff3",-20.3
"diff3",-17.3
"diff3",-18.3
"diff3",-17.3
"diff3",-18.3
"diff3",-10.3
"diff3",-21.3
"diff3",-19.3
"diff3",-14.3
"diff3",-20.3
"diff3",-18.3
"diff3",-19.3
"diff3",-20.3
"diff3",-15.3
"diff3",-16.3
"diff3",-20.3
"diff3",-15.3
"diff3",-11.3
"diff3",-16.3
"diff3",-18.3
"diff3",-15.3
"diff3",-18.3
"diff3",-19.3
"diff3",-17.3
"diff3",-19.3
"diff3",-14.3
"diff3",-11.3
"diff3",-23.3
"diff3",-15.3
"diff3",-11.3
"diff3",-20.3
"diff3",-15.3
"diff3",-16.3
"diff3",-17.3
"diff3",-15.3
"diff3",-14.3
"diff3",-15.3
"diff3",-19.3
"diff3",-16.3
"diff3",-17.3
"diff3",-11.3
"diff3",-17.3
"diff3",-18.3
"diff3",-15.3
"diff3",-18.3
"diff3",-15.3
"diff3",-15.3
"diff3",-14.3
"diff3",-16.3
"diff3",-24.3
"diff3",-18.3
"diff3",-23.3
"diff3",-16.3
"diff3",-11.3
"diff3",-14.3
"diff3",-10.3
"diff3",-15.3
"diff3",-15.3
"diff3",-15.3
"diff3",-17.3
"diff3",-20.3
"diff3",-14.3
"diff3",-15.3
"diff3",-17.3
"diff3",-17.3
"diff3",-14.3
"diff3",-21.3
"diff3",-12.3
"diff3",-21.3
"diff3",-16.3
"diff3",-13.3
"diff3",-15.3
"diff3",-19.3
"diff3",-19.3
"diff3",-12.3
"diff3",-18.3
"diff3",-13.3
"diff3",-16.3
"diff3",-23.3
"diff3",-22.3
"diff3",-18.3
"diff3",-20.3
"diff3",-18.3
"diff3",-21.3
"diff3",-20.3
"diff3",-19.3
"diff3",-19.3
"diff3",-19.3
"diff3",-13.3
"diff3",-17.3
"diff3",-12.3
"diff3",-17.3
"diff3",-15.3
"diff3",-21.3
"diff3",-17.3
"diff3",-15.3
"diff3",-21.3
"diff3",-14.3
"diff3",-18.3
"diff3",-18.3
"diff3",-17.3
"diff3",-17.3
"diff3",-16.3
"diff3",-19.3
"diff3",-18.3
"diff3",-17.3
"diff3",-17.3
"diff3",-19.3
"diff3",-14.3
"diff3",-18.3
"diff3",-13.3
"diff3",-23.3
"diff3",-18.3
"diff3",-14.3
"diff3",-14.3
"diff3",-19.3
"diff3",-16.3
"diff3",-17.3
"diff3",-16.3
"diff3",-16.3
"diff3",-18.3
"diff3",-15.3
"diff3",-24.3
"diff3",-19.3
"diff3",-14.3
"diff3",-17.3
"diff3",-19.3
"diff3",-14.3
"diff3",-22.3
"diff3",-14.3
"diff3",-19.3
"diff3",-18.3
"diff3",-17.3
"diff3",-18.3
"diff3",-16.3
"diff3",-15.3
"diff3",-15.3
"diff3",-19.3
"diff3",-15.3
"diff3",-15.3
"diff3",-19.3
"diff3",-13.3
"diff3",-17.3
"diff3",-17.3
"diff3",-18.3
"diff3",-17.3
"diff3",-21.3
"diff3",-16.3
"diff3",-15.3
"diff3",-14.3
"diff3",-16.3
"diff3",-16.3
"diff3",-15.3
"diff3",-18.3
"diff3",-20.3
"diff3",-17.3
"diff3",-14.3
"diff3",-11.3
"diff3",-22.3
"diff3",-23.3
"diff3",-18.3
"diff3",-14.3
"diff3",-19.3
"diff3",-20.3
"diff3",-14.3
"diff3",-19.3
"diff3",-16.3
"diff3",-16.3
"diff3",-11.3
"diff3",-17.3
"diff3",-11.3
"diff3",-11.3
"diff3",-11.3
"diff3",-18.3
"diff3",-13.3
"diff3",-20.3
"diff3",-19.3
"diff3",-16.3
"diff3",-18.3
"diff3",-15.3
"diff3",-17.3
"diff3",-20.3
"diff3",-19.3
"diff3",-17.3
"diff3",-21.3
"diff3",-16.3
"diff3",-15.3
"diff3",-23.3
"diff3",-16.3
"diff3",-20.3
"diff3",-18.3
"diff3",-23.3
"diff3",-17.3
"diff3",-20.3
"diff3",-20.3
"diff3",-11.3
"diff3",-20.3
"diff3",-19.3
"diff3",-15.3
"diff3",-18.3
"diff3",-15.3
"diff3",-17.3
"diff3",-16.3
"diff3",-24.3
"diff3",-11.3
"diff3",-23.3
"diff3",-19.3
"diff3",-17.3
"diff3",-16.3
"diff3",-20.3
"diff3",-18.3
"diff3",-16.3
"diff3",-15.3
"diff3",-18.3
"diff3",-19.3
"diff3",-20.3
"diff3",-16.3
"diff3",-14.3
"diff3",-19.3
"diff3",-15.3
"diff3",-20.3
"diff3",-18.3
"diff3",-15.3
"diff3",-10.3
"diff3",-14.3
"diff3",-17.3
"diff3",-15.3
"diff3",-17.3
"diff3",-20.3
"diff3",-18.3
"diff3",-16.3
"diff3",-18.3
"diff3",-21.3
"diff3",-10.3
"diff3",-17.3
"diff3",-14.3
"diff3",-16.3
"diff3",-13.3
"diff3",-14.3
"diff3",-12.3
"diff3",-15.3
"diff3",-20.3
"diff3",-17.3
"diff3",-12.3
"diff3",-19.3
"diff3",-17.3
"diff3",-11.3
"diff3",-19.3
"diff3",-12.3
"diff3",-14.3
"diff3",-11.3
"diff3",-21.3
"diff3",-17.3
"diff3",-17.3
"diff3",-10.3
"diff3",-16.3
"diff3",-14.3
"diff3",-15.3
"diff3",-15.3
"diff3",-15.3
"diff3",-17.3
"diff3",-14.3
"diff3",-20.3
"diff3",-11.3
"diff3",-18.3
"diff3",-19.3
"diff3",-13.3
"diff3",-17.3
"diff3",-18.3
"diff3",-18.3
"diff3",-17.3
"diff3",-16.3
"diff3",-17.3
"diff3",-20.3
"diff3",-21.3
"diff3",-21.3
"diff3",-12.3
"diff3",-11.3
"diff3",-16.3
"diff3",-14.3
"diff3",-18.3
"diff3",-18.3
"diff3",-18.3
"diff3",-13.3
"diff3",-17.3
"diff3",-10.3
"diff3",-18.3
"diff3",-17.3
"diff3",-16.3
"diff3",-19.3
"diff3",-16.3
"diff3",-16.3
"diff3",-18.3
"diff3",-18.3
"diff3",-15.3
"diff3",-15.3
"diff3",-18.3
"diff3",-16.3
"diff3",-20.3
"diff3",-24.3
"diff3",-17.3
"diff3",-10.3
"diff3",-14.3
"diff3",-13.3
"diff3",-13.3
"diff3",-18.3
"diff3",-18.3
"diff3",-19.3
"diff3",-21.3
"diff3",-13.3
"diff3",-16.3
"diff3",-15.3
"diff3",-23.3
"diff3",-18.3
"diff3",-13.3
"diff3",-15.3
"diff3",-22.3
"diff3",-16.3
"diff3",-18.3
"diff3",-16.3
"diff3",-17.3
"diff3",-17.3
"diff3",-22.3
"diff3",-20.3
"diff3",-14.3
"diff3",-11.3
"diff3",-18.3
"diff3",-13.3
"diff3",-19.3
"diff3",-22.3
"diff3",-16.3
"diff3",-14.3
"diff3",-18.3
"diff3",-19.3
"diff3",-18.3
"diff3",-14.3
"diff3",-16.3
"diff3",-24.3
"diff3",-22.3
"diff3",-16.3
"diff3",-14.3
"diff3",-13.3
"diff3",-15.3
"diff3",-13.3
"diff3",-13.3
"diff3",-23.3
"diff3",-20.3
"diff3",-12.3
"diff3",-11.3
"diff3",-21.3
"diff3",-21.3
"diff3",-17.3
"diff3",-15.3
"diff3",-22.3
"diff3",-20.3
"diff3",-15.3
"diff3",-25.3
"diff3",-18.3
"diff3",-15.3
"diff3",-20.3
"diff3",-15.3
"diff3",-14.3
"diff3",-20.3
"diff3",-14.3
"diff3",-21.3
"diff3",-18.3
"diff3",-11.3
"diff3",-16.3
"diff3",-18.3
"diff3",-10.3
"diff3",-15.3
"diff3",-17.3
"diff3",-15.3
"diff3",-21.3
"diff3",-16.3
"diff3",-13.3
"diff3",-21.3
"diff3",-19.3
"diff3",-16.3
"diff3",-20.3
"diff3",-19.3
"diff3",-19.3
"diff3",-16.3
"diff3",-13.3
"diff3",-13.3
"diff3",-12.3
"diff3",-25.3
"diff3",-21.3
"diff3",-20.3
"diff3",-12.3
"diff3",-20.3
"diff3",-21.3
"diff3",-14.3
"diff3",-14.3
"diff3",-19.3
"diff3",-21.3
"diff3",-23.3
"diff3",-17.3
"diff3",-12.3
"diff3",-21.3
"diff3",-21.3
"diff3",-20.3
"diff3",-17.3
"diff3",-12.3
"diff3",-19.3
"diff3",-11.3
"diff3",-13.3
"diff3",-16.3
"diff3",-20.3
"diff3",-24.3
"diff3",-18.3
"diff3",-16.3
"diff3",-21.3
"diff3",-19.3
"diff3",-21.3
"diff3",-12.3
"diff3",-17.3
"diff3",-19.3
"diff3",-13.3
"diff3",-23.3
"diff3",-23.3
"diff3",-17.3
"diff3",-22.3
"diff3",-16.3
"diff3",-10.3
"diff3",-20.3
"diff3",-24.3
"diff3",-10.3
"diff3",-12.3
"diff3",-19.3
"diff3",-17.3
"diff3",-23.3
"diff3",-20.3
"diff3",-18.3
"diff3",-14.3
"diff3",-17.3
"diff3",-12.3
"diff3",-19.3
"diff3",-18.3
"diff3",-23.3
"diff3",-23.3
"diff3",-16.3
"diff3",-17.3
"diff3",-17.3
"diff3",-17.3
"diff3",-15.3
"diff3",-19.3
"diff3",-17.3
"diff3",-18.3
"diff3",-20.3
"diff3",-25.3
"diff3",-15.3
"diff3",-16.3
"diff3",-22.3
"diff3",-13.3
"diff3",-25.3
"diff3",-24.3
"diff3",-15.3
"diff3",-17.3
"diff3",-15.3
"diff3",-20.3
"diff3",-19.3
"diff3",-11.3
"diff3",-26.3
"diff3",-15.3
"diff3",-19.3
"diff3",-12.3
"diff3",-15.3
"diff3",-17.3
"diff3",-18.3
"diff3",-21.3
"diff3",-20.3
"diff3",-14.3
"diff3",-15.3
"diff3",-20.3
"diff3",-22.3
"diff3",-20.3
"diff3",-23.3
"diff3",-17.3
"diff3",-19.3
"diff3",-12.3
"diff3",-18.3
"diff3",-15.3
"diff3",-18.3
"diff3",-12.3
"diff3",-18.3
"diff3",-21.3
"diff3",-18.3
"diff3",-20.3
"diff3",-15.3
"diff3",-19.3
"diff3",-24.3
"diff3",-16.3
"diff3",-18.3
"diff3",-20.3
"diff3",-18.3
"diff3",-16.3
"diff3",-14.3
"diff3",-23.3
"diff3",-24.3
"diff3",-22.3
"diff3",-18.3
"diff3",-24.3
"diff3",-20.3
"diff3",-22.3
"diff3",-12.3
"diff3",-17.3
"diff3",-17.3
"diff3",-15.3
"diff3",-16.3
"diff3",-20.3
"diff3",-18.3
"diff3",-14.3
"diff3",-22.3
"diff3",-23.3
"diff3",-16.3
"diff3",-15.3
"diff3",-19.3
"diff3",-13.3
"diff3",-19.3
"diff3",-19.3
"diff3",-18.3
"diff3",-22.3
"diff3",-21.3
"diff3",-18.3
"diff3",-17.3
"diff3",-18.3
"diff3",-16.3
"diff3",-17.3
"diff3",-18.3
"diff3",-11.3
"diff3",-21.3
"diff3",-14.3
"diff3",-14.3
"diff3",-21.3
"diff3",-17.3
"diff3",-20.3
"diff3",-11.3
"diff3",-13.3
"diff3",-21.3
"diff3",-12.3
"diff3",-25.3
"diff3",-21.3
"diff3",-17.3
"diff3",-15.3
"diff3",-13.3
"diff3",-24.3
"diff3",-17.3
"diff3",-14.3
"diff3",-18.3
"diff3",-14.3
"diff3",-17.3
"diff3",-22.3
"diff3",-19.3
"diff3",-25.3
"diff3",-10.3
"diff3",-14.3
"diff3",-21.3
"diff3",-18.3
"diff3",-18.3
"diff3",-22.3
"diff3",-15.3
"diff3",-16.3
"diff3",-18.3
"diff3",-16.3
"diff3",-25.3
"diff3",-18.3
"diff3",-21.3
"diff3",-17.3
"diff3",-17.3
"diff3",-12.3
"diff3",-21.3
"diff3",-16.3
"diff3",-13.3
"diff3",-15.3
"diff3",-11.3
"diff3",-13.3
"diff3",-12.3
"diff3",-21.3
"diff3",-17.3
"diff3",-22.3
"diff3",-25.3
"diff3",-17.3
"diff3",-17.3
"diff3",-23.3
"diff3",-17.3
"diff3",-24.3
"diff3",-22.3
"diff3",-23.3
"diff3",-15.3
"diff3",-25.3
"diff3",-19.3
"diff3",-24.3
"diff3",-15.3
"diff3",-20.3
"diff3",-15.3
"diff3",-10.3
"diff3",-18.3
"diff3",-23.3
"diff3",-18.3
"diff3",-23.3
"diff3",-23.3
"diff3",-18.3
"diff3",-12.3
"diff3",-22.3
"diff3",-18.3
"diff3",-20.3
"diff3",-18.3
"diff3",-19.3
"diff3",-24.3
"diff3",-10.3
"diff3",-11.3
"diff3",-22.3
"diff3",-14.3
"diff3",-23.3
"diff3",-19.3
"diff3",-14.3
"diff3",-23.3
"diff3",-18.3
"diff3",-25.3
"diff3",-24.3
"diff3",-17.3
"diff3",-12.3
"diff3",-11.3
"diff3",-16.3
"diff3",-15.3
"diff3",-21.3
"diff3",-16.3
"diff3",-16.3
"diff3",-17.3
"diff3",-14.3
"diff3",-14.3
"diff3",-12.3
"diff3",-24.3
"diff3",-22.3
"diff3",-20.3
"diff3",-17.3
"diff3",-9.3
"diff3",-20.3
"diff3",-10.3
"diff3",-18.3
"diff3",-15.3
"diff3",-17.3
"diff3",-10.3
"diff3",-17.3
"diff3",-16.3
"diff3",-11.3
"diff3",-13.3
"diff3",-16.3
"diff3",-10.3
"diff3",-20.3
"diff3",-18.3
"diff3",-17.3
"diff3",-16.3
"diff3",-23.3
"diff3",-16.3
"diff3",-20.3
"diff3",-18.3
"diff3",-21.3
"diff3",-16.3
"diff3",-19.3
"diff3",-13.3
"diff3",-23.3
"diff3",-19.3
"diff3",-16.3
"diff3",-12.3
"diff3",-13.3
"diff3",-21.3
"diff3",-17.3
"diff3",-16.3
"diff3",-18.3
"diff3",-22.3
"diff3",-15.3
"diff3",-18.3
"diff3",-24.3
"diff3",-16.3
"diff3",-18.3
"diff3",-13.3
"diff3",-19.3
"diff3",-20.3
"diff3",-18.3
"diff3",-18.3
"diff3",-11.3
"diff3",-22.3
"diff3",-18.3
"diff3",-17.3
"diff3",-16.3
"diff3",-19.3
"diff3",-17.3
"diff3",-14.3
"diff3",-18.3
"diff3",-11.3
"diff3",-20.3
"diff3",-20.3
"diff3",-25.3
"diff3",-16.3
"diff3",-15.3
"diff3",-16.3
"diff3",-14.3
"diff3",-21.3
"diff3",-24.3
"diff3",-14.3
"diff3",-13.3
"diff3",-15.3
"diff3",-14.3
"diff3",-14.3
"diff3",-12.3
"diff3",-16.3
"diff3",-17.3
"diff3",-19.3
"diff3",-19.3
"diff3",-11.3
"diff3",-19.3
"diff3",-18.3
"diff3",-15.3
"diff3",-13.3
"diff3",-23.3
"diff3",-19.3
"diff3",-18.3
"diff3",-20.3
"diff3",-12.3
"diff3",-16.3
"diff3",-19.3
"diff3",-14.3
"diff3",-15.3
"diff3",-14.3
"diff3",-13.3
"diff3",-12.3
"diff3",-23.3
"diff3",-17.3
"diff3",-12.3
"diff3",-14.3
"diff3",-23.3
"diff3",-17.3
"diff3",-19.3
"diff3",-23.3
"diff3",-18.3
"diff3",-15.3
"diff3",-12.3
"diff3",-15.3
"diff3",-23.3
"diff3",-12.3
"diff3",-17.3
"diff3",-19.3
"diff3",-22.3
"diff3",-22.3
"diff3",-12.3
"diff3",-19.3
"diff3",-12.3
"diff3",-13.3
"diff3",-17.3
"diff3",-17.3
"diff3",-17.3
"diff3",-16.3
"diff3",-24.3
"diff3",-10.3
"diff3",-25.3
"diff3",-19.3
"diff3",-14.3
"diff3",-9.3
"diff3",-19.3
"diff3",-13.3
"diff3",-15.3
"diff3",-26.3
"diff3",-20.3
"diff3",-15.3
"diff3",-25.3
"diff3",-15.3
"diff3",-12.3
"diff3",-18.3
"diff3",-23.3
"diff3",-18.3
"diff3",-25.3
"diff3",-16.3
"diff3",-11.3
"diff3",-17.3
"diff3",-14.3
"diff3",-16.3
"diff3",-20.3
"diff3",-8.3
"diff3",-15.3
"diff3",-13.3
"diff3",-15.3
"diff3",-18.3
"diff3",-18.3
"diff3",-16.3
"diff3",-17.3
"diff3",-10.3
"diff3",-25.3
"diff3",-21.3
"diff3",-17.3
"diff3",-13.3
"diff3",-20.3
"diff3",-20.3
"diff3",-20.3
"diff3",-22.3
"diff3",-22.3
"diff3",-23.3
"diff3",-20.3
"diff3",-15.3
"diff3",-20.3
"diff3",-26.3
"diff3",-15.3
"diff3",-17.3
"diff3",-18.3
"diff3",-12.3
"diff3",-19.3
"diff3",-21.3
"diff3",-9.3
"diff3",-17.3
"diff3",-23.3
"diff3",-19.3
"diff3",-19.3
"diff3",-15.3
"diff3",-12.3
"diff3",-15.3
"diff3",-16.3
"diff3",-15.3
"diff3",-20.3
"diff3",-19.3
"diff3",-19.3
"diff3",-10.3
"diff3",-23.3
"diff3",-21.3
"diff3",-21.3
"diff3",-17.3
"diff3",-10.3
"diff3",-18.3
"diff3",-16.3
"diff3",-13.3
"diff3",-20.3
"diff3",-14.3
"diff3",-13.3
"diff3",-21.3
"diff3",-15.3
"diff3",-17.3
"diff3",-16.3
"diff3",-18.3
"diff3",-19.3
"diff3",-19.3
"diff3",-21.3
"diff3",-17.3
"diff3",-20.3
"diff3",-15.3
"diff3",-20.3
"diff3",-13.3
"diff3",-16.3
"diff3",-17.3
"diff3",-15.3
"diff3",-16.3
"diff3",-13.3
"diff3",-11.3
"diff3",-9.3
"diff3",-20.3
"diff3",-23.3
"diff3",-11.3
"diff3",-22.3
"diff3",-20.3
"diff3",-21.3
"diff3",-12.3
"diff3",-18.3
"diff3",-22.3
"diff3",-25.3
"diff3",-13.3
"diff3",-17.3
"diff3",-21.3
"diff3",-21.3
"diff3",-18.3
"diff3",-16.3
"diff3",-19.3
"diff3",-13.3
"diff3",-13.3
"diff3",-24.3
"diff3",-24.3
"diff3",-17.3
"diff3",-18.3
"diff3",-24.3
"diff3",-22.3
"diff3",-11.3
"diff3",-19.3
"diff3",-13.3
"diff3",-10.3
"diff3",-17.3
"diff3",-15.3
"diff3",-23.3
"diff3",-18.3
"diff3",-23.3
"diff3",-23.3
"diff3",-12.3
"diff3",-18.3
"diff3",-9.3
"diff3",-19.3
"diff3",-9.3
"diff3",-23.3
"diff3",-17.3
"diff3",-17.3
"diff3",-16.3
"diff3",-15.3
"diff3",-17.3
"diff3",-15.3
"diff3",-21.3
"diff3",-16.3
"diff3",-13.3
"diff3",-19.3
"diff3",-16.3
"diff3",-22.3
"diff3",-17.3
"diff3",-12.3
"diff3",-19.3
"diff3",-18.3
"diff3",-21.3
"diff3",-18.3
"diff3",-21.3
"diff3",-18.3
"diff3",-15.3
"diff3",-10.3
"diff3",-17.3
"diff3",-10.3
"diff3",-20.3
"diff3",-21.3
"diff3",-20.3
"diff3",-15.3
"diff3",-19.3
"diff3",-18.3
"diff3",-19.3
"diff3",-21.3
"diff3",-26.3
"diff3",-16.3
"diff3",-21.3
"diff3",-22.3
"diff3",-11.3
"diff3",-10.3
"diff3",-20.3
"diff3",-17.3
"diff3",-22.3
"diff3",-19.3
"diff3",-23.3
"diff3",-15.3
"diff3",-22.3
"diff3",-19.3
"diff3",-17.3
"diff3",-21.3
"diff3",-11.3
"diff3",-19.3
"diff3",-13.3
"diff3",-14.3
"diff3",-21.3
"diff3",-15.3
"diff3",-13.3
"diff3",-18.3
"diff3",-19.3
"diff3",-21.3
"diff3",-13.3
"diff3",-26.3
"diff3",-19.3
"diff3",-18.3
"diff3",-15.3
"diff3",-19.3
"diff3",-24.3
"diff3",-15.3
"diff3",-28.3
"diff3",-24.3
"diff3",-21.3
"diff3",-18.3
"diff3",-16.3
"diff3",-18.3
"diff3",-18.3
"diff3",-16.3
"diff3",-8.3
"diff3",-22.3
"diff3",-14.3
"diff3",-11.3
"diff3",-13.3
"diff3",-19.3
"diff3",-11.3
"diff3",-14.3
"diff3",-18.3
"diff3",-15.3
"diff3",-18.3
"diff3",-13.3
"diff3",-17.3
"diff3",-22.3
"diff3",-23.3
"diff3",-8.3
"diff3",-22.3
"diff3",-19.3
"diff3",-12.3
"diff3",-8.3
"diff3",-5.3
"diff3",-16.3
"diff3",-26.3
"diff3",-16.3
"diff3",-13.3
"diff3",-9.3
"diff3",-23.3
"diff3",-9.3
"diff3",-18.3
"diff3",-14.3
"diff3",-22.3
"diff3",-22.3
"diff3",-21.3
"diff3",-17.3
"diff3",-17.3
"diff3",-16.3
"diff3",-19.3
"diff3",-14.3
"diff3",-23.3
"diff3",-14.3
"diff3",-16.3
"diff3",-17.3
"diff3",-26.3
"diff3",-15.3
"diff3",-20.3
"diff3",-26.3
"diff3",-21.3
"diff3",-21.3
"diff3",-19.3
"diff3",-9.3
"diff3",-22.3
"diff3",-15.3
"diff3",-19.3
"diff3",-8.3
"diff3",-13.3
"diff3",-15.3
"diff3",-11.3
"diff3",-14.3
"diff3",-29.3
"diff3",-11.3
"diff3",-17.3
"diff3",-19.3
"diff3",-11.3
"diff3",-14.3
"diff3",-15.3
"diff3",-21.3
"diff3",-24.3
"diff3",-22.3
"diff3",-12.3
"diff3",-30.3
"diff3",-16.3
"diff3",-17.3
"diff3",-14.3
"diff3",-21.3
"diff3",-12.3
"diff3",-14.3
"diff3",-9.3
"diff3",-25.3
"diff3",-19.3
"diff3",-15.3
"diff3",-14.3
"diff3",-22.3
"diff3",-18.3
"diff3",-14.3
"diff3",-20.3
"diff3",-16.3
"diff3",-24.3
"diff3",-16.3
"diff3",-24.3
"diff3",-21.3
"diff3",-18.3
"diff3",-9.3
"diff3",-20.3
"diff3",-13.3
"diff3",-12.3
"diff3",-24.3
"diff3",-13.3
"diff3",-10.3
"diff3",-9.3
"diff3",-9.3
"diff3",-14.3
"diff3",-23.3
"diff3",-10.3
"diff3",-11.3
"diff3",-9.3
"diff3",-15.3
"diff3",-19.3
"diff3",-28.3
"diff3",-6.3
"diff3",-13.3
"diff3",-14.3
"diff3",-16.3
"diff3",-14.3
"diff3",-13.3
"diff3",-16.3
"diff3",-17.3
"diff3",-15.3
"diff3",-25.3
"diff3",-27.3
"diff3",-9.3
"diff3",-13.3
"diff3",-12.3
"diff3",-22.3
"diff3",-9.3
"diff3",-26.3
"diff3",-16.3
"diff3",-14.3
"diff3",-20.3
"diff3",-19.3
"diff3",-27.3
"diff3",-22.3
"diff3",-10.3
"diff3",-20.3
"diff3",-12.3
"diff3",-20.3
"diff3",-17.3
"diff3",-8.3
"diff3",-10.3
"diff3",-24.3
"diff3",-14.3
"diff3",-22.3
"diff3",-25.3
"diff3",-25.3
"diff3",-23.3
"diff3",-19.3
"diff3",-21.3
"diff3",-21.3
"diff3",-12.3
"diff3",-11.3
"diff3",-29.3
"diff3",-23.3
"diff3",-13.3
"diff3",-14.3
"diff3",-11.3
"diff3",-20.3
"diff3",-10.3
"diff3",-26.3
"diff3",-22.3
"diff3",-17.3
"diff3",-7.3
"diff3",-14.3
"diff3",-15.3
"diff3",-5.3
"diff3",-14.3
"diff3",-18.3
"diff3",-11.3
"diff3",-13.3
"diff3",-21.3
"diff3",-21.3
"diff3",-15.3
"diff3",-23.3
"diff3",-7.3
"diff3",-19.3
"diff3",-20.3
"diff3",-15.3
"diff3",-26.3
"diff3",-10.3
"diff3",-9.3
"diff3",-29.3
"diff3",-22.3
"diff3",-7.3
"diff3",-19.3
"diff3",-11.3
"diff3",-18.3
"diff3",-19.3
"diff3",-26.3
"diff3",-14.3
"diff3",-16.3
"diff3",-26.3
"diff3",-14.3
"diff3",-25.3
"diff3",-20.3
"diff3",-10.3
"diff3",-29.3
"diff3",-26.3
"diff3",-28.3
"diff3",-16.3
"diff3",-19.3
"diff3",-19.3
"diff3",-18.3
"diff3",-13.3
"diff3",-16.3
"diff3",-15.3
"diff3",-17.3
"diff3",-20.3
"diff3",-19.3
"diff3",-11.3
"diff3",-16.3
"diff3",-19.3
"diff3",-17.3
"diff3",-22.3
"diff3",-26.3
"diff3",-13.3
"diff3",-21.3
"diff3",-7.3
"diff3",-18.3
"diff3",-7.3
"diff3",-16.3
"diff3",-17.3
"diff3",-13.3
"diff3",-20.3
"diff3",-15.3
"diff3",-20.3
"diff3",-25.3
"diff3",-11.3
"diff3",-30.3
"diff3",-26.3
"diff3",-22.3
"diff3",-19.3
"diff3",-14.3
"diff3",-29.3
"diff3",-27.3
"diff3",-24.3
"diff3",-14.3
"diff3",-16.3
"diff3",-17.3
"diff3",-16.3
"diff3",-18.3
"diff3",-17.3
"diff3",-30.3
"diff3",-21.3
"diff3",-13.3
"diff3",-19.3
"diff3",-24.3
"diff3",-10.3
"diff3",-13.3
"diff3",-11.3
"diff3",-15.3
"diff3",-11.3
"diff3",-17.3
"diff3",-17.3
"diff3",-29.3
"diff3",-16.3
"diff3",-11.3
"diff3",-16.3
"diff3",-17.3
"diff3",-26.3
"diff3",-13.3
"diff3",-16.3
"diff3",-20.3
"diff3",-15.3
"diff3",-12.3
"diff3",-25.3
"diff3",-9.3
"diff3",-20.3
"diff3",-20.3
"diff3",-19.3
"diff3",-25.3
"diff3",-12.3
"diff3",-23.3
"diff3",-14.3
"diff3",-19.3
"diff3",-12.3
"diff3",-9.3
"diff3",-23.3
"diff3",-6.3
"diff3",-16.3
"diff3",-13.3
"diff3",-16.3
"diff3",-26.3
"diff3",-23.3
"diff3",-11.3
"diff3",-9.3
"diff3",-8.3
"diff3",-11.3
"diff3",-20.3
"diff3",-29.3
"diff3",-16.3
"diff3",-8.3
"diff3",-23.3
"diff3",-31.3
"diff3",-16.3
"diff3",-21.3
"diff3",-17.3
"diff3",-22.3
"diff3",-8.3
"diff3",-26.3
"diff3",-20.3
"diff3",-16.3
"diff3",-25.3
"diff3",-24.3
"diff3",-26.3
"diff3",-10.3
"diff3",-17.3
"diff3",-24.3
"diff3",-12.3
"diff3",-10.3
"diff3",-19.3
"diff3",-6.3
"diff3",-13.3
"diff3",-16.3
"diff3",-9.3
"diff3",-22.3
"diff3",-13.3
"diff3",-24.3
"diff3",-21.3
"diff3",-6.3
"diff3",-16.3
"diff3",-10.3
"diff3",-6.3
"diff3",-24.3
"diff3",-23.3
"diff3",-22.3
"diff3",-16.3
"diff3",-14.3
"diff3",-30.3
"diff3",-21.3
"diff3",-11.3
"diff3",-27.3
"diff3",-17.3
"diff3",-23.3
"diff3",-7.3
"diff3",-8.3
"diff3",-25.3
"diff3",-7.3
"diff3",-18.3
"diff3",-7.3
"diff3",-17.3
"diff3",-20.3
"diff3",-17.3
"diff3",-19.3
"diff3",-20.3
"diff3",-14.3
"diff3",-16.3
"diff3",-10.3
"diff3",-10.3
"diff3",-20.3
"diff3",-12.3
"diff3",-31.3
"diff3",-15.3
"diff3",-17.3
"diff3",-20.3
"diff3",-20.3
"diff3",-9.3
"diff3",-29.3
"diff3",-25.3
"diff3",-13.3
"diff3",-13.3
"diff3",-25.3
"diff3",-14.3
"diff3",-4.3
"diff3",-26.3
"diff3",-26.3
"diff3",-15.3
"diff3",-13.3
"diff3",-22.3
"diff3",-19.3
"diff3",-6.3
"diff3",-22.3
"diff3",-27.3
"diff3",-7.3
"diff3",-20.3
"diff3",-16.3
"diff3",-21.3
"diff3",-17.3
"diff3",-15.3
"diff3",-12.3
"diff3",-3.3
"diff3",-15.3
"diff3",-14.3
"diff3",-24.3
"diff3",-12.3
"diff3",-12.3
"diff3",-7.3
"diff3",-15.3
"diff3",-31.3
"diff3",-33.3
"diff3",-23.3
"diff3",-23.3
"diff3",-25.3
"diff3",-11.3
"diff3",-21.3
"diff3",-9.3
"diff3",-8.3
"diff3",-17.3
"diff3",-21.3
"diff3",-17.3
"diff3",-25.3
"diff3",-11.3
"diff3",-3.3
"diff3",-24.3
"diff3",-5.3
"diff3",-22.3
"diff3",-20.3
"diff3",-17.3
"diff3",-9.3
"diff3",-18.3
"diff3",-15.3
"diff3",-18.3
"diff3",-14.3
"diff3",-26.3
"diff3",-28.3
"diff3",-13.3
"diff3",-30.3
"diff3",-27.3
"diff3",-17.3
"diff3",-18.3
"diff3",-21.3
"diff3",-29.3
"diff3",-6.3
"diff3",-20.3
"diff3",-7.3
"diff3",-15.3
"diff3",-15.3
"diff3",-27.3
"diff3",-18.3
"diff3",-16.3
"diff3",-14.3
"diff3",-10.3
"diff3",-15.3
"diff3",-21.3
"diff3",-15.3
"diff3",-16.3
"diff3",-15.3
"diff3",-14.3
"diff3",-11.3
"diff3",-23.3
"diff3",-18.3
"diff3",-23.3
"diff3",-18.3
"diff3",-11.3
"diff3",-28.3
"diff3",-22.3
"diff3",-21.3
"diff3",-22.3
"diff3",-18.3
"diff3",-28.3
"diff3",-27.3
"diff3",-22.3
"diff3",-13.3
"diff3",-18.3
"diff3",-15.3
"diff3",-24.3
"diff3",-22.3
"diff3",-19.3
"diff3",-30.3
"diff3",-10.3
"diff3",-24.3
"diff3",-19.3
"diff3",-26.3
"diff3",-21.3
"diff3",-21.3
"diff3",-32.3
"diff3",-17.3
"diff3",-19.3
"diff3",-32.3
"diff3",-12.3
"diff3",-23.3
"diff3",-24.3
"diff3",-16.3
"diff3",-12.3
"diff3",-7.3
"diff3",-22.3
"diff3",-29.3
"diff3",-31.3
"diff3",-16.3
"diff3",-13.3
"diff3",-26.3
"diff3",-26.3
"diff3",-14.3
"diff3",-33.3
"diff3",-24.3
"diff3",-12.3
"diff3",-23.3
"diff3",-14.3
"diff3",-21.3
"diff3",-20.3
"diff3",-23.3
"diff3",-16.3
"diff3",-33.3
"diff3",-19.3
"diff3",-13.3
"diff3",-19.3
"diff3",-8.3
"diff3",-29.3
"diff3",-19.3
"diff3",-9.3
"diff3",-18.3
"diff3",-15.3
"diff3",-18.3
"diff3",-19.3
"diff3",-8.3
"diff3",-16.3
"diff3",-16.3
"diff3",-8.3
"diff3",-21.3
"diff3",-5.3
"diff3",-15.3
"diff3",-20.3
"diff3",-30.3
"diff3",-15.3
"diff3",-14.3
"diff3",-20.3
"diff3",-21.3
"diff3",-25.3
"diff3",-9.3
"diff3",-12.3
"diff3",-7.3
"diff3",-25.3
"diff3",-6.3
"diff3",-31.3
"diff3",-16.3
"diff3",-8.3
"diff3",-30.3
"diff3",-18.3
"diff3",-36.3
"diff3",-19.3
"diff3",-31.3
"diff3",-22.3
"diff3",-15.3
"diff3",-25.3
"diff3",-23.3
"diff3",-15.3
"diff3",-10.3
"diff3",-17.3
"diff3",-16.3
"diff3",-29.3
"diff3",-7.3
"diff3",-29.3
"diff3",-14.3
"diff3",-18.3
"diff3",-22.3
"diff3",-21.3
"diff3",-22.3
"diff3",-14.3
"diff3",-32.3
"diff3",-22.3
"diff3",-16.3
"diff3",-16.3
"diff3",-19.3
"diff3",-11.3
"diff3",-34.3
"diff3",-24.3
"diff3",-14.3
"diff3",-18.3
"diff3",-10.3
"diff3",-18.3
"diff3",-14.3
"diff3",-34.3
"diff3",-20.3
"diff3",-32.3
"diff3",-17.3
"diff3",-23.3
"diff3",-31.3
"diff3",-12.3
"diff3",-22.3
"diff3",-16.3
"diff3",-19.3
"diff3",-28.3
"diff3",-11.3
"diff3",-28.3
"diff3",-24.3
"diff3",-13.3
"diff3",-7.3
"diff3",-10.3
"diff3",-3.3
"diff3",-5.3
"diff3",-18.3
"diff3",-10.3
"diff3",-4.3
"diff3",-23.3
"diff3",-13.3
"diff3",-26.3
"diff3",-2.3
"diff3",-39.3
"diff3",-28.3
"diff3",-13.3
"diff3",-25.3
"diff3",-39.3
"diff3",-24.3
"diff3",-25.3
"diff3",-20.3
"diff3",-32.3
"diff3",-16.3
"diff3",-36.3
"diff3",-20.3
"diff3",-20.3
"diff3",-17.3
"diff3",-45.3
"diff3",-40.3
"diff3",-9.3
"diff3",-0.300000000000001
"diff3",-17.3
"diff3",3.7
"diff3",-17.3
"diff3",-37.3
"diff3",6.7
"diff3",-31.3
"diff3",-26.3
"diff3",6.7
"diff3",-26.3
"diff3",-33.3
"diff3",-17.3
"diff3",-27.3
"diff3",-6.3
"diff3",-18.3
"diff3",-33.3
"diff3",-23.3
"diff3",-7.3
"diff3",-44.3
"diff3",-29.3
"diff3",-20.3
"diff3",-43.3
"diff3",-21.3
"diff3",-15.3
"diff3",-30.3
"diff3",-29.3
"diff3",-28.3
"diff3",-43.3
"diff3",-9.3
"diff3",-18.3
"diff3",-23.3
"diff3",-18.3
"diff3",-26.3
"diff3",-15.3
"diff3",-22.3
"diff3",-34.3
"diff3",-2.3
"diff3",-30.3
"diff3",-14.3
"diff3",-12.3
"diff3",-25.3
"diff3",-27.3
"diff3",-13.3
"diff3",-23.3
"diff3",-28.3
"diff3",-12.3
"diff3",-26.3
"diff3",-6.3
"diff3",-40.3
"diff3",-5.3
"diff3",-32.3
"diff3",-7.3
"diff3",-17.3
"diff3",-3.3
"diff3",-19.3
"diff3",-4.3
"diff3",-22.3
"diff3",-44.3
"diff3",-18.3
"diff3",-41.3
"diff3",-27.3
"diff3",-6.3
"diff3",-38.3
"diff3",-25.3
"diff3",-1.3
"diff3",-32.3
"diff3",-25.3
"diff3",-44.3
"diff3",-4.3
"diff3",-21.3
"diff3",1.7
"diff3",-1.3
"diff3",-14.3
"diff3",-24.3
"diff3",-29.3
"diff3",-12.3
"diff3",-12.3
"diff3",-24.3
"diff3",-23.3
"diff3",-23.3
"diff3",-28.3
"diff3",-19.3
"diff3",-33.3
"diff3",-22.3
"diff3",-3.3
"diff3",-27.3
"diff3",-44.3
"diff3",-15.3
"diff3",-9.3
"diff3",-16.3
"diff3",-8.3
"diff3",-22.3
"diff3",-10.3
"diff3",-13.3
"diff3",-16.3
"diff3",-1.3
"diff3",-19.3
"diff3",-39.3
"diff3",-21.3
"diff3",-31.3
"diff3",-4.3
"diff3",-47.3
"diff3",-25.3
"diff3",-20.3
"diff3",-14.3
"diff3",-8.3
"diff3",-24.3
"diff3",-26.3
"diff3",-6.3
"diff3",-34.3
"diff3",-12.3
"diff3",-8.3
"diff3",-26.3
"diff3",-22.3
"diff3",-13.3
"diff3",-35.3
"diff3",-3.3
"diff3",-21.3
"diff3",-17.3
"diff3",-23.3
"diff3",-20.3
"diff3",-31.3
"diff3",-26.3
"diff3",-1.3
"diff3",-45.3
"diff3",-13.3
"diff3",-16.3
"diff3",-29.3
"diff3",-50.3
"diff3",-18.3
"diff3",-17.3
"diff3",-38.3
"diff3",-13.3
"diff3",-41.3
"diff3",-22.3
"diff3",-23.3
"diff3",-32.3
"diff3",-6.3
"diff3",-30.3
"diff3",-44.3
"diff3",-22.3
"diff3",-30.3
"diff3",-16.3
"diff3",-38.3
"diff3",-44.3
"diff3",-20.3
"diff3",3.7
"diff3",-23.3
"diff3",-42.3
"diff3",-42.3
"diff3",-4.3
"diff3",3.7
"diff3",-29.3
"diff3",-17.3
"diff3",-23.3
"diff3",-1.3
"diff3",-3.3
"diff3",-6.3
"diff3",-43.3
"diff3",-13.3
"diff3",-47.3
"diff3",-2.3
"diff3",-5.3
"diff3",-41.3
"diff3",5.7
"diff3",-32.3
"diff3",-26.3
"diff3",-34.3
"diff3",-20.3
"diff3",-22.3
"diff3",-39.3
"diff3",4.7
"diff3",-23.3
"diff3",-10.3
"diff3",-44.3
"diff3",-34.3
"diff3",-23.3
"diff3",-24.3
"diff3",-32.3
"diff3",-39.3
"diff3",-15.3
"diff3",-32.3
"diff3",-73.3
"diff3",-5.3
"diff3",18.7
"diff3",-24.3
"diff3",-18.3
"diff3",-18.3
"diff3",-54.3
"diff3",49.7
"diff3",52.7
"diff3",-14.3
"diff3",9.7
"diff3",6.7
"diff3",-35.3
"diff3",57.7
"diff3",-22.3
"diff3",12.7
"diff3",-23.3
"diff3",-35.3
"diff3",-5.3
"diff3",-16.3
"diff3",12.7
"diff3",3.7
"diff3",-9.3
"diff3",-13.3
"diff3",-49.3
"diff3",-30.3
"diff3",-44.3
"diff3",-14.3
"diff3",-18.3
"diff3",19.7
"diff3",43.7
"diff3",-52.3
"diff3",-37.3
"diff3",-4.3
"diff3",-0.300000000000001
"diff3",-2.3
"diff3",30.7
"diff3",-36.3
"diff3",-16.3
"diff3",15.7
"diff3",8.7
"diff3",-51.3
"diff3",18.7
"diff3",-29.3
"diff3",32.7
"diff3",-173.3
"diff3",102.7
"diff3",-23.3
"diff3",-27.3
"diff3",-43.3
"diff3",-54.3
"diff3",15.7
"diff3",-61.3
"diff3",125.7
"diff3",-42.3
"diff3",-18.3
"diff3",-56.3
"diff3",-29.3
"diff3",-33.3
"diff3",-20.3
"diff3",22.7
"diff3",-175.3
"diff3",5.7
"diff3",-22.3
"diff3",-32.3
"diff3",-20.3
"diff3",37.7
"diff3",-26.3
"diff3",24.7
"diff3",-7.3
"diff3",-22.3
"diff3",10.7
"diff3",49.7
"diff3",-4.3
"diff3",-104.3
"diff3",-27.3
"diff3",-62.3
"diff3",-47.3
"diff3",-36.3
"diff3",-32.3
"diff3",6.7
"diff3",-25.3
"diff3",-4.3
"diff3",-42.3
"diff3",-22.3
"diff3",-8.3
"diff3",-61.3
"diff3",-73.3
"diff3",-48.3
"diff3",-5.3
"diff3",-20.3
"diff3",-12.3
"diff3",-107.3
"diff3",-32.3
"diff3",52.7
"diff3",-41.3
"diff3",-49.3
"diff3",-49.3
"diff3",-7.3
"diff3",25.7
"diff3",-27.3
"diff3",7.7
"diff3",-2.3
"diff3",39.7
"diff3",1.7
"diff3",36.7
"diff3",-20.3
"diff3",-63.3
"diff3",33.7
"diff3",22.7
"diff3",24.7
"diff3",-54.3
"diff3",-27.3
"diff3",-29.3
"diff3",-8.3
"diff3",-123.3
"diff3",-11.3
"diff3",10.7
"diff3",2.7
"diff3",-32.3
"diff3",7.7
"diff3",32.7
"diff3",5.7
"diff3",-66.3
"diff3",-7.3
"diff3",-10.3
"diff3",-48.3
"diff3",-16.3
"diff3",-37.3
"diff3",-18.3
"diff3",10.7
"diff3",-11.3
"diff3",-30.3
"diff3",-47.3
"diff3",-6.3
"diff3",31.7
"diff3",-2.3
"diff3",-13.3
"diff3",-25.3
"diff3",-20.3
"diff3",-23.3
"diff3",-54.3
"diff3",-17.3
"diff3",-35.3
"diff3",-9.3
"diff3",-61.3
"diff3",-24.3
"diff3",-35.3
"diff3",-16.3
"diff3",-7.3
"diff3",-6.3
"diff3",-9.3
"diff3",-26.3
"diff3",-49.3
"diff3",-49.3
"diff3",73.7
"diff3",-9.3
"diff3",-38.3
"diff3",34.7
"diff3",-42.3
"diff3",-38.3
"diff3",-96.3
"diff3",-26.3
"diff3",-33.3
"diff3",-59.3
"diff3",-67.3
"diff3",-56.3
"diff3",-8.3
"diff3",-12.3
"diff4",-20.3
"diff4",33.7
"diff4",40.7
"diff4",94.7
"diff4",-40.3
"diff4",113.7
"diff4",-38.3
"diff4",112.7
"diff4",-47.3
"diff4",-37.3
"diff4",9.7
"diff4",-25.3
"diff4",28.7
"diff4",-5.3
"diff4",84.7
"diff4",-23.3
"diff4",36.7
"diff4",-30.3
"diff4",-28.3
"diff4",-48.3
"diff4",86.7
"diff4",-47.3
"diff4",-87.3
"diff4",-72.3
"diff4",-42.3
"diff4",-17.3
"diff4",-45.3
"diff4",-0.300000000000001
"diff4",-96.3
"diff4",-139.3
"diff4",-140.3
"diff4",-45.3
"diff4",114.7
"diff4",-41.3
"diff4",-15.3
"diff4",-69.3
"diff4",-33.3
"diff4",83.7
"diff4",-8.3
"diff4",5.7
"diff4",-8.3
"diff4",14.7
"diff4",70.7
"diff4",-43.3
"diff4",14.7
"diff4",-31.3
"diff4",-17.3
"diff4",-5.3
"diff4",-3.3
"diff4",21.7
"diff4",-145.3
"diff4",-17.3
"diff4",86.7
"diff4",3.7
"diff4",-43.3
"diff4",-19.3
"diff4",-141.3
"diff4",20.7
"diff4",103.7
"diff4",-47.3
"diff4",-25.3
"diff4",30.7
"diff4",83.7
"diff4",6.7
"diff4",-20.3
"diff4",18.7
"diff4",-5.3
"diff4",111.7
"diff4",14.7
"diff4",-101.3
"diff4",32.7
"diff4",14.7
"diff4",10.7
"diff4",96.7
"diff4",-1.3
"diff4",-4.3
"diff4",8.7
"diff4",-10.3
"diff4",78.7
"diff4",-16.3
"diff4",60.7
"diff4",-80.3
"diff4",0.699999999999999
"diff4",-7.3
"diff4",-12.3
"diff4",-1.3
"diff4",103.7
"diff4",-39.3
"diff4",-26.3
"diff4",-42.3
"diff4",5.7
"diff4",-91.3
"diff4",54.7
"diff4",-35.3
"diff4",-22.3
"diff4",6.7
"diff4",-10.3
"diff4",-33.3
"diff4",-100.3
"diff4",-41.3
"diff4",-17.3
"diff4",93.7
"diff4",-19.3
"diff4",-17.3
"diff4",-72.3
"diff4",107.7
"diff4",113.7
"diff4",18.7
"diff4",22.7
"diff4",-74.3
"diff4",23.7
"diff4",-126.3
"diff4",19.7
"diff4",57.7
"diff4",15.7
"diff4",-28.3
"diff4",18.7
"diff4",74.7
"diff4",90.7
"diff4",-4.3
"diff4",-27.3
"diff4",58.7
"diff4",-132.3
"diff4",-54.3
"diff4",41.7
"diff4",-21.3
"diff4",-19.3
"diff4",-44.3
"diff4",-141.3
"diff4",-17.3
"diff4",-52.3
"diff4",-50.3
"diff4",-17.3
"diff4",13.7
"diff4",59.7
"diff4",-60.3
"diff4",-6.3
"diff4",75.7
"diff4",-25.3
"diff4",-35.3
"diff4",79.7
"diff4",40.7
"diff4",-34.3
"diff4",-22.3
"diff4",-22.3
"diff4",-19.3
"diff4",-134.3
"diff4",-13.3
"diff4",11.7
"diff4",87.7
"diff4",-120.3
"diff4",0.699999999999999
"diff4",-74.3
"diff4",-26.3
"diff4",-6.3
"diff4",9.7
"diff4",-14.3
"diff4",-94.3
"diff4",-27.3
"diff4",-100.3
"diff4",-34.3
"diff4",113.7
"diff4",-22.3
"diff4",-8.3
"diff4",11.7
"diff4",-34.3
"diff4",-58.3
"diff4",-121.3
"diff4",103.7
"diff4",-144.3
"diff4",14.7
"diff4",85.7
"diff4",-62.3
"diff4",37.7
"diff4",-14.3
"diff4",-116.3
"diff4",-12.3
"diff4",-59.3
"diff4",-63.3
"diff4",-133.3
"diff4",-13.3
"diff4",17.7
"diff4",77.7
"diff4",-137.3
"diff4",4.7
"diff4",-138.3
"diff4",-64.3
"diff4",-3.3
"diff4",-26.3
"diff4",-6.3
"diff4",-27.3
"diff4",19.7
"diff4",-67.3
"diff4",-59.3
"diff4",-55.3
"diff4",107.7
"diff4",1.7
"diff4",-107.3
"diff4",1.7
"diff4",-97.3
"diff4",-34.3
"diff4",-0.300000000000001
"diff4",4.7
"diff4",-20.3
"diff4",-24.3
"diff4",-10.3
"diff4",-25.3
"diff4",-29.3
"diff4",-1.3
"diff4",9.7
"diff4",-20.3
"diff4",5.7
"diff4",-13.3
"diff4",-27.3
"diff4",-28.3
"diff4",-18.3
"diff4",11.7
"diff4",-10.3
"diff4",-3.3
"diff4",-4.3
"diff4",-2.3
"diff4",-28.3
"diff4",6.7
"diff4",-17.3
"diff4",-4.3
"diff4",-17.3
"diff4",-10.3
"diff4",5.7
"diff4",-15.3
"diff4",-26.3
"diff4",-9.3
"diff4",6.7
"diff4",-15.3
"diff4",-21.3
"diff4",-13.3
"diff4",-8.3
"diff4",3.7
"diff4",-23.3
"diff4",-18.3
"diff4",-24.3
"diff4",-31.3
"diff4",-10.3
"diff4",-33.3
"diff4",-3.3
"diff4",-34.3
"diff4",-31.3
"diff4",-4.3
"diff4",-35.3
"diff4",-14.3
"diff4",5.7
"diff4",-7.3
"diff4",-25.3
"diff4",-31.3
"diff4",-29.3
"diff4",-17.3
"diff4",7.7
"diff4",-10.3
"diff4",-10.3
"diff4",-10.3
"diff4",-14.3
"diff4",-12.3
"diff4",0.699999999999999
"diff4",-1.3
"diff4",0.699999999999999
"diff4",-22.3
"diff4",-22.3
"diff4",4.7
"diff4",-16.3
"diff4",-0.300000000000001
"diff4",-2.3
"diff4",-13.3
"diff4",-5.3
"diff4",-23.3
"diff4",-32.3
"diff4",13.7
"diff4",-6.3
"diff4",2.7
"diff4",0.699999999999999
"diff4",-17.3
"diff4",-9.3
"diff4",-11.3
"diff4",-25.3
"diff4",-0.300000000000001
"diff4",13.7
"diff4",-14.3
"diff4",-5.3
"diff4",-15.3
"diff4",-16.3
"diff4",-5.3
"diff4",-19.3
"diff4",-4.3
"diff4",-13.3
"diff4",-11.3
"diff4",-6.3
"diff4",-8.3
"diff4",10.7
"diff4",-17.3
"diff4",-32.3
"diff4",-26.3
"diff4",-0.300000000000001
"diff4",5.7
"diff4",6.7
"diff4",-21.3
"diff4",-24.3
"diff4",-21.3
"diff4",-26.3
"diff4",-12.3
"diff4",-11.3
"diff4",-1.3
"diff4",-12.3
"diff4",-15.3
"diff4",-22.3
"diff4",-14.3
"diff4",-14.3
"diff4",-18.3
"diff4",-18.3
"diff4",-20.3
"diff4",-9.3
"diff4",-22.3
"diff4",-32.3
"diff4",-0.300000000000001
"diff4",-12.3
"diff4",-17.3
"diff4",-20.3
"diff4",-10.3
"diff4",-1.3
"diff4",3.7
"diff4",-30.3
"diff4",-6.3
"diff4",-17.3
"diff4",-17.3
"diff4",-17.3
"diff4",-31.3
"diff4",-31.3
"diff4",-30.3
"diff4",-12.3
"diff4",-12.3
"diff4",-17.3
"diff4",-21.3
"diff4",-5.3
"diff4",3.7
"diff4",-11.3
"diff4",0.699999999999999
"diff4",7.7
"diff4",6.7
"diff4",-11.3
"diff4",-9.3
"diff4",-13.3
"diff4",8.7
"diff4",-17.3
"diff4",-1.3
"diff4",-38.3
"diff4",-18.3
"diff4",-35.3
"diff4",-27.3
"diff4",-19.3
"diff4",9.7
"diff4",-24.3
"diff4",-16.3
"diff4",16.7
"diff4",-24.3
"diff4",-27.3
"diff4",-6.3
"diff4",-5.3
"diff4",-7.3
"diff4",6.7
"diff4",-8.3
"diff4",1.7
"diff4",-12.3
"diff4",-37.3
"diff4",0.699999999999999
"diff4",-39.3
"diff4",-2.3
"diff4",-16.3
"diff4",-22.3
"diff4",-6.3
"diff4",-24.3
"diff4",-33.3
"diff4",-7.3
"diff4",-6.3
"diff4",-7.3
"diff4",-16.3
"diff4",-37.3
"diff4",-19.3
"diff4",7.7
"diff4",-3.3
"diff4",-23.3
"diff4",-10.3
"diff4",-18.3
"diff4",-7.3
"diff4",-2.3
"diff4",-0.300000000000001
"diff4",-20.3
"diff4",-31.3
"diff4",-9.3
"diff4",-13.3
"diff4",-12.3
"diff4",-0.300000000000001
"diff4",-10.3
"diff4",-34.3
"diff4",-15.3
"diff4",-10.3
"diff4",-8.3
"diff4",-25.3
"diff4",-22.3
"diff4",-5.3
"diff4",-24.3
"diff4",-28.3
"diff4",-12.3
"diff4",-19.3
"diff4",-25.3
"diff4",-13.3
"diff4",-6.3
"diff4",-13.3
"diff4",-16.3
"diff4",-13.3
"diff4",-8.3
"diff4",0.699999999999999
"diff4",1.7
"diff4",0.699999999999999
"diff4",-9.3
"diff4",-5.3
"diff4",-8.3
"diff4",-7.3
"diff4",-18.3
"diff4",-15.3
"diff4",-1.3
"diff4",-11.3
"diff4",-12.3
"diff4",-6.3
"diff4",-21.3
"diff4",-18.3
"diff4",-21.3
"diff4",-15.3
"diff4",5.7
"diff4",-11.3
"diff4",-1.3
"diff4",-1.3
"diff4",-23.3
"diff4",-18.3
"diff4",-17.3
"diff4",-7.3
"diff4",-22.3
"diff4",-18.3
"diff4",-13.3
"diff4",-8.3
"diff4",1.7
"diff4",-8.3
"diff4",-28.3
"diff4",-14.3
"diff4",-8.3
"diff4",-18.3
"diff4",-6.3
"diff4",-6.3
"diff4",-26.3
"diff4",-12.3
"diff4",-26.3
"diff4",-21.3
"diff4",0.699999999999999
"diff4",-6.3
"diff4",-20.3
"diff4",-13.3
"diff4",-19.3
"diff4",-18.3
"diff4",-1.3
"diff4",-17.3
"diff4",-16.3
"diff4",-10.3
"diff4",-17.3
"diff4",-10.3
"diff4",-13.3
"diff4",-20.3
"diff4",-28.3
"diff4",-12.3
"diff4",-23.3
"diff4",-2.3
"diff4",-7.3
"diff4",-21.3
"diff4",-13.3
"diff4",-16.3
"diff4",-12.3
"diff4",-12.3
"diff4",-11.3
"diff4",-4.3
"diff4",-23.3
"diff4",-26.3
"diff4",-18.3
"diff4",-9.3
"diff4",-10.3
"diff4",-3.3
"diff4",-1.3
"diff4",-18.3
"diff4",-23.3
"diff4",-7.3
"diff4",-8.3
"diff4",-26.3
"diff4",-7.3
"diff4",-14.3
"diff4",-2.3
"diff4",-17.3
"diff4",-14.3
"diff4",-17.3
"diff4",-18.3
"diff4",-11.3
"diff4",-19.3
"diff4",-4.3
"diff4",-24.3
"diff4",-13.3
"diff4",-3.3
"diff4",-25.3
"diff4",-26.3
"diff4",-10.3
"diff4",-2.3
"diff4",-12.3
"diff4",-11.3
"diff4",3.7
"diff4",-12.3
"diff4",-19.3
"diff4",-6.3
"diff4",-10.3
"diff4",-4.3
"diff4",-14.3
"diff4",-14.3
"diff4",-10.3
"diff4",-23.3
"diff4",-20.3
"diff4",-16.3
"diff4",-24.3
"diff4",-1.3
"diff4",4.7
"diff4",-17.3
"diff4",-11.3
"diff4",-14.3
"diff4",1.7
"diff4",-12.3
"diff4",-26.3
"diff4",-23.3
"diff4",-11.3
"diff4",1.7
"diff4",-5.3
"diff4",-10.3
"diff4",-3.3
"diff4",-10.3
"diff4",3.7
"diff4",0.699999999999999
"diff4",-7.3
"diff4",-16.3
"diff4",-8.3
"diff4",-13.3
"diff4",-28.3
"diff4",-14.3
"diff4",-8.3
"diff4",-18.3
"diff4",-15.3
"diff4",-14.3
"diff4",-31.3
"diff4",-14.3
"diff4",1.7
"diff4",-13.3
"diff4",-18.3
"diff4",-7.3
"diff4",2.7
"diff4",-14.3
"diff4",-12.3
"diff4",-20.3
"diff4",-20.3
"diff4",-2.3
"diff4",-19.3
"diff4",-23.3
"diff4",-12.3
"diff4",-3.3
"diff4",-11.3
"diff4",-26.3
"diff4",-21.3
"diff4",-23.3
"diff4",-26.3
"diff4",-9.3
"diff4",-24.3
"diff4",-18.3
"diff4",-15.3
"diff4",-8.3
"diff4",-19.3
"diff4",-5.3
"diff4",-12.3
"diff4",-6.3
"diff4",-17.3
"diff4",-14.3
"diff4",-9.3
"diff4",-1.3
"diff4",-11.3
"diff4",-22.3
"diff4",-5.3
"diff4",-10.3
"diff4",-1.3
"diff4",-29.3
"diff4",-10.3
"diff4",-10.3
"diff4",-21.3
"diff4",-4.3
"diff4",-12.3
"diff4",-14.3
"diff4",-14.3
"diff4",-10.3
"diff4",-22.3
"diff4",-18.3
"diff4",-13.3
"diff4",-2.3
"diff4",-11.3
"diff4",-21.3
"diff4",-13.3
"diff4",-3.3
"diff4",-21.3
"diff4",-13.3
"diff4",-10.3
"diff4",-8.3
"diff4",-12.3
"diff4",-13.3
"diff4",-15.3
"diff4",-9.3
"diff4",-11.3
"diff4",-8.3
"diff4",-13.3
"diff4",-14.3
"diff4",-18.3
"diff4",-7.3
"diff4",-7.3
"diff4",-3.3
"diff4",-2.3
"diff4",-13.3
"diff4",-18.3
"diff4",-7.3
"diff4",-12.3
"diff4",-21.3
"diff4",-10.3
"diff4",-14.3
"diff4",-6.3
"diff4",-9.3
"diff4",-11.3
"diff4",-17.3
"diff4",-12.3
"diff4",-6.3
"diff4",-14.3
"diff4",-5.3
"diff4",-4.3
"diff4",-17.3
"diff4",-13.3
"diff4",-9.3
"diff4",-16.3
"diff4",-21.3
"diff4",-18.3
"diff4",-7.3
"diff4",-11.3
"diff4",-13.3
"diff4",-9.3
"diff4",-18.3
"diff4",-16.3
"diff4",-16.3
"diff4",-17.3
"diff4",-18.3
"diff4",-9.3
"diff4",-16.3
"diff4",-7.3
"diff4",-5.3
"diff4",-6.3
"diff4",-7.3
"diff4",-14.3
"diff4",-12.3
"diff4",-14.3
"diff4",-9.3
"diff4",-9.3
"diff4",-21.3
"diff4",-8.3
"diff4",-20.3
"diff4",-13.3
"diff4",-0.300000000000001
"diff4",-17.3
"diff4",-11.3
"diff4",-16.3
"diff4",-11.3
"diff4",-18.3
"diff4",-17.3
"diff4",-12.3
"diff4",-16.3
"diff4",-25.3
"diff4",-24.3
"diff4",-13.3
"diff4",-20.3
"diff4",-6.3
"diff4",-10.3
"diff4",-10.3
"diff4",-21.3
"diff4",-4.3
"diff4",-6.3
"diff4",-17.3
"diff4",-20.3
"diff4",-8.3
"diff4",-22.3
"diff4",-18.3
"diff4",-12.3
"diff4",-22.3
"diff4",-16.3
"diff4",-11.3
"diff4",-12.3
"diff4",-17.3
"diff4",-12.3
"diff4",-14.3
"diff4",-7.3
"diff4",-22.3
"diff4",-11.3
"diff4",-25.3
"diff4",-18.3
"diff4",-11.3
"diff4",-24.3
"diff4",-8.3
"diff4",-11.3
"diff4",-10.3
"diff4",-7.3
"diff4",-21.3
"diff4",-1.3
"diff4",-16.3
"diff4",-8.3
"diff4",-10.3
"diff4",-13.3
"diff4",-16.3
"diff4",-15.3
"diff4",-13.3
"diff4",-8.3
"diff4",-9.3
"diff4",-13.3
"diff4",-25.3
"diff4",-18.3
"diff4",-1.3
"diff4",-8.3
"diff4",-12.3
"diff4",-11.3
"diff4",-11.3
"diff4",-8.3
"diff4",-2.3
"diff4",-12.3
"diff4",-13.3
"diff4",-13.3
"diff4",-16.3
"diff4",-8.3
"diff4",-14.3
"diff4",-14.3
"diff4",-13.3
"diff4",-15.3
"diff4",-6.3
"diff4",-7.3
"diff4",-8.3
"diff4",-4.3
"diff4",-17.3
"diff4",-13.3
"diff4",-9.3
"diff4",-13.3
"diff4",-23.3
"diff4",-20.3
"diff4",-5.3
"diff4",-4.3
"diff4",-4.3
"diff4",-14.3
"diff4",-16.3
"diff4",-19.3
"diff4",-13.3
"diff4",-4.3
"diff4",-14.3
"diff4",-8.3
"diff4",-14.3
"diff4",-19.3
"diff4",-11.3
"diff4",-12.3
"diff4",-1.3
"diff4",-20.3
"diff4",-9.3
"diff4",-23.3
"diff4",-11.3
"diff4",-16.3
"diff4",-20.3
"diff4",-16.3
"diff4",-15.3
"diff4",-9.3
"diff4",-21.3
"diff4",-19.3
"diff4",-14.3
"diff4",-21.3
"diff4",-17.3
"diff4",-9.3
"diff4",-7.3
"diff4",-9.3
"diff4",-11.3
"diff4",-13.3
"diff4",-16.3
"diff4",-23.3
"diff4",-22.3
"diff4",-10.3
"diff4",-15.3
"diff4",-11.3
"diff4",-10.3
"diff4",-5.3
"diff4",-19.3
"diff4",-22.3
"diff4",-22.3
"diff4",-13.3
"diff4",-14.3
"diff4",-10.3
"diff4",-14.3
"diff4",-12.3
"diff4",-22.3
"diff4",-14.3
"diff4",-18.3
"diff4",-18.3
"diff4",-11.3
"diff4",-9.3
"diff4",-17.3
"diff4",-9.3
"diff4",-15.3
"diff4",-22.3
"diff4",-18.3
"diff4",-5.3
"diff4",-4.3
"diff4",-13.3
"diff4",-14.3
"diff4",-11.3
"diff4",-23.3
"diff4",-7.3
"diff4",-17.3
"diff4",-21.3
"diff4",-11.3
"diff4",-17.3
"diff4",-12.3
"diff4",-10.3
"diff4",-4.3
"diff4",-17.3
"diff4",-9.3
"diff4",-1.3
"diff4",-6.3
"diff4",-3.3
"diff4",-9.3
"diff4",-18.3
"diff4",-11.3
"diff4",-14.3
"diff4",-11.3
"diff4",-16.3
"diff4",-9.3
"diff4",-7.3
"diff4",-21.3
"diff4",-13.3
"diff4",-15.3
"diff4",-3.3
"diff4",-23.3
"diff4",-13.3
"diff4",-11.3
"diff4",-12.3
"diff4",-17.3
"diff4",-5.3
"diff4",-11.3
"diff4",-11.3
"diff4",-5.3
"diff4",-9.3
"diff4",-13.3
"diff4",-8.3
"diff4",-12.3
"diff4",-9.3
"diff4",-12.3
"diff4",-16.3
"diff4",-14.3
"diff4",-5.3
"diff4",-11.3
"diff4",-6.3
"diff4",-8.3
"diff4",-15.3
"diff4",-6.3
"diff4",-19.3
"diff4",-6.3
"diff4",-11.3
"diff4",-9.3
"diff4",-8.3
"diff4",-22.3
"diff4",-19.3
"diff4",-20.3
"diff4",-12.3
"diff4",-13.3
"diff4",-13.3
"diff4",-22.3
"diff4",-13.3
"diff4",-6.3
"diff4",-10.3
"diff4",-9.3
"diff4",-11.3
"diff4",-5.3
"diff4",-23.3
"diff4",-4.3
"diff4",-3.3
"diff4",-14.3
"diff4",-18.3
"diff4",-8.3
"diff4",-6.3
"diff4",-22.3
"diff4",-8.3
"diff4",-14.3
"diff4",-17.3
"diff4",-6.3
"diff4",-16.3
"diff4",-14.3
"diff4",-15.3
"diff4",-15.3
"diff4",-11.3
"diff4",-16.3
"diff4",-3.3
"diff4",-8.3
"diff4",-9.3
"diff4",-10.3
"diff4",-18.3
"diff4",-10.3
"diff4",-6.3
"diff4",-6.3
"diff4",-16.3
"diff4",-12.3
"diff4",-12.3
"diff4",-12.3
"diff4",-15.3
"diff4",-15.3
"diff4",-15.3
"diff4",-11.3
"diff4",-18.3
"diff4",-23.3
"diff4",-18.3
"diff4",-16.3
"diff4",-5.3
"diff4",-13.3
"diff4",-16.3
"diff4",-5.3
"diff4",-9.3
"diff4",-14.3
"diff4",-12.3
"diff4",-13.3
"diff4",-18.3
"diff4",-6.3
"diff4",-11.3
"diff4",-14.3
"diff4",-9.3
"diff4",-15.3
"diff4",-12.3
"diff4",-18.3
"diff4",-7.3
"diff4",-10.3
"diff4",-18.3
"diff4",-9.3
"diff4",-3.3
"diff4",-18.3
"diff4",-4.3
"diff4",-11.3
"diff4",-9.3
"diff4",-20.3
"diff4",-19.3
"diff4",-10.3
"diff4",-18.3
"diff4",-13.3
"diff4",-21.3
"diff4",-3.3
"diff4",-13.3
"diff4",-10.3
"diff4",-6.3
"diff4",-6.3
"diff4",-8.3
"diff4",-16.3
"diff4",-2.3
"diff4",-15.3
"diff4",-2.3
"diff4",-22.3
"diff4",-14.3
"diff4",-9.3
"diff4",-13.3
"diff4",-12.3
"diff4",-4.3
"diff4",-9.3
"diff4",-21.3
"diff4",-7.3
"diff4",-4.3
"diff4",-17.3
"diff4",-15.3
"diff4",-16.3
"diff4",-13.3
"diff4",-4.3
"diff4",-15.3
"diff4",-15.3
"diff4",-6.3
"diff4",-14.3
"diff4",-17.3
"diff4",-9.3
"diff4",-14.3
"diff4",-6.3
"diff4",-3.3
"diff4",-16.3
"diff4",-17.3
"diff4",-8.3
"diff4",-11.3
"diff4",-21.3
"diff4",-14.3
"diff4",-5.3
"diff4",-16.3
"diff4",-15.3
"diff4",-7.3
"diff4",-13.3
"diff4",-10.3
"diff4",-11.3
"diff4",-15.3
"diff4",-14.3
"diff4",-15.3
"diff4",-13.3
"diff4",-20.3
"diff4",-11.3
"diff4",-5.3
"diff4",-13.3
"diff4",-19.3
"diff4",-8.3
"diff4",-14.3
"diff4",-15.3
"diff4",-7.3
"diff4",-5.3
"diff4",-11.3
"diff4",-3.3
"diff4",-3.3
"diff4",-14.3
"diff4",-8.3
"diff4",-12.3
"diff4",-9.3
"diff4",-9.3
"diff4",-19.3
"diff4",-3.3
"diff4",-3.3
"diff4",-13.3
"diff4",-5.3
"diff4",-14.3
"diff4",-12.3
"diff4",-10.3
"diff4",-16.3
"diff4",-19.3
"diff4",-6.3
"diff4",-4.3
"diff4",-14.3
"diff4",-10.3
"diff4",-3.3
"diff4",-12.3
"diff4",-8.3
"diff4",-18.3
"diff4",-17.3
"diff4",-16.3
"diff4",-7.3
"diff4",-15.3
"diff4",-7.3
"diff4",-18.3
"diff4",-17.3
"diff4",-9.3
"diff4",-14.3
"diff4",-5.3
"diff4",-3.3
"diff4",-9.3
"diff4",-6.3
"diff4",-9.3
"diff4",-11.3
"diff4",-7.3
"diff4",-16.3
"diff4",-9.3
"diff4",-15.3
"diff4",-12.3
"diff4",-11.3
"diff4",-17.3
"diff4",-10.3
"diff4",-21.3
"diff4",-15.3
"diff4",-11.3
"diff4",-12.3
"diff4",-13.3
"diff4",-12.3
"diff4",-19.3
"diff4",-17.3
"diff4",-13.3
"diff4",-13.3
"diff4",-15.3
"diff4",-11.3
"diff4",-18.3
"diff4",-14.3
"diff4",-20.3
"diff4",-7.3
"diff4",-14.3
"diff4",-9.3
"diff4",-13.3
"diff4",-14.3
"diff4",-12.3
"diff4",-13.3
"diff4",-15.3
"diff4",-18.3
"diff4",-8.3
"diff4",-7.3
"diff4",-14.3
"diff4",-13.3
"diff4",-11.3
"diff4",-17.3
"diff4",-8.3
"diff4",-16.3
"diff4",-14.3
"diff4",-9.3
"diff4",-4.3
"diff4",-15.3
"diff4",-7.3
"diff4",-19.3
"diff4",-7.3
"diff4",-12.3
"diff4",-16.3
"diff4",-7.3
"diff4",-13.3
"diff4",-4.3
"diff4",-12.3
"diff4",-13.3
"diff4",-15.3
"diff4",-16.3
"diff4",-19.3
"diff4",-16.3
"diff4",-20.3
"diff4",-6.3
"diff4",-13.3
"diff4",-9.3
"diff4",-10.3
"diff4",-6.3
"diff4",-6.3
"diff4",-17.3
"diff4",-12.3
"diff4",-12.3
"diff4",-5.3
"diff4",-6.3
"diff4",-5.3
"diff4",-14.3
"diff4",-4.3
"diff4",-9.3
"diff4",-11.3
"diff4",-15.3
"diff4",-20.3
"diff4",-10.3
"diff4",-11.3
"diff4",-12.3
"diff4",-17.3
"diff4",-13.3
"diff4",-4.3
"diff4",-14.3
"diff4",-8.3
"diff4",-16.3
"diff4",-5.3
"diff4",-9.3
"diff4",-5.3
"diff4",-15.3
"diff4",-14.3
"diff4",-18.3
"diff4",-6.3
"diff4",-12.3
"diff4",-10.3
"diff4",-12.3
"diff4",-17.3
"diff4",-10.3
"diff4",-15.3
"diff4",-10.3
"diff4",-11.3
"diff4",-8.3
"diff4",-15.3
"diff4",-12.3
"diff4",-10.3
"diff4",-9.3
"diff4",-4.3
"diff4",-6.3
"diff4",-15.3
"diff4",-12.3
"diff4",-14.3
"diff4",-13.3
"diff4",-15.3
"diff4",-5.3
"diff4",-12.3
"diff4",-6.3
"diff4",-13.3
"diff4",-10.3
"diff4",-7.3
"diff4",-9.3
"diff4",-21.3
"diff4",-19.3
"diff4",-15.3
"diff4",-17.3
"diff4",-8.3
"diff4",-15.3
"diff4",-15.3
"diff4",-8.3
"diff4",-7.3
"diff4",-8.3
"diff4",-12.3
"diff4",-7.3
"diff4",-12.3
"diff4",-13.3
"diff4",-6.3
"diff4",-12.3
"diff4",-19.3
"diff4",-11.3
"diff4",-12.3
"diff4",-10.3
"diff4",-12.3
"diff4",-12.3
"diff4",-19.3
"diff4",-21.3
"diff4",-5.3
"diff4",-10.3
"diff4",-19.3
"diff4",-20.3
"diff4",-6.3
"diff4",-14.3
"diff4",-18.3
"diff4",-5.3
"diff4",-17.3
"diff4",-14.3
"diff4",-12.3
"diff4",-14.3
"diff4",-6.3
"diff4",-7.3
"diff4",-11.3
"diff4",-7.3
"diff4",-17.3
"diff4",-15.3
"diff4",-16.3
"diff4",-13.3
"diff4",-3.3
"diff4",-13.3
"diff4",-17.3
"diff4",-15.3
"diff4",-9.3
"diff4",-10.3
"diff4",-8.3
"diff4",-16.3
"diff4",-18.3
"diff4",-14.3
"diff4",-12.3
"diff4",-9.3
"diff4",-14.3
"diff4",-8.3
"diff4",-16.3
"diff4",-14.3
"diff4",-14.3
"diff4",-7.3
"diff4",-9.3
"diff4",-7.3
"diff4",-11.3
"diff4",-5.3
"diff4",-5.3
"diff4",-8.3
"diff4",-17.3
"diff4",-11.3
"diff4",-17.3
"diff4",-12.3
"diff4",-14.3
"diff4",-14.3
"diff4",-9.3
"diff4",-8.3
"diff4",-15.3
"diff4",-9.3
"diff4",-7.3
"diff4",-11.3
"diff4",-17.3
"diff4",-7.3
"diff4",-11.3
"diff4",-9.3
"diff4",-12.3
"diff4",-14.3
"diff4",-18.3
"diff4",-11.3
"diff4",-10.3
"diff4",-10.3
"diff4",-15.3
"diff4",-20.3
"diff4",-12.3
"diff4",-7.3
"diff4",-5.3
"diff4",-15.3
"diff4",-18.3
"diff4",-9.3
"diff4",-16.3
"diff4",-14.3
"diff4",-11.3
"diff4",-16.3
"diff4",-11.3
"diff4",-15.3
"diff4",-6.3
"diff4",-16.3
"diff4",-8.3
"diff4",-14.3
"diff4",-17.3
"diff4",-12.3
"diff4",-21.3
"diff4",-10.3
"diff4",-14.3
"diff4",-13.3
"diff4",-12.3
"diff4",-6.3
"diff4",-15.3
"diff4",-14.3
"diff4",-12.3
"diff4",-11.3
"diff4",-17.3
"diff4",-12.3
"diff4",-12.3
"diff4",-10.3
"diff4",-13.3
"diff4",-14.3
"diff4",-12.3
"diff4",-14.3
"diff4",-12.3
"diff4",-7.3
"diff4",-16.3
"diff4",-10.3
"diff4",-11.3
"diff4",-14.3
"diff4",-12.3
"diff4",-7.3
"diff4",-7.3
"diff4",-8.3
"diff4",-14.3
"diff4",-14.3
"diff4",-16.3
"diff4",-20.3
"diff4",-10.3
"diff4",-17.3
"diff4",-11.3
"diff4",-8.3
"diff4",-10.3
"diff4",-16.3
"diff4",-17.3
"diff4",-11.3
"diff4",-8.3
"diff4",-17.3
"diff4",-16.3
"diff4",-12.3
"diff4",-18.3
"diff4",-19.3
"diff4",-13.3
"diff4",-8.3
"diff4",-8.3
"diff4",-15.3
"diff4",-14.3
"diff4",-7.3
"diff4",-9.3
"diff4",-14.3
"diff4",-13.3
"diff4",-13.3
"diff4",-10.3
"diff4",-6.3
"diff4",-20.3
"diff4",-12.3
"diff4",-13.3
"diff4",-15.3
"diff4",-15.3
"diff4",-10.3
"diff4",-12.3
"diff4",-9.3
"diff4",-15.3
"diff4",-16.3
"diff4",-15.3
"diff4",-16.3
"diff4",-19.3
"diff4",-18.3
"diff4",-15.3
"diff4",-14.3
"diff4",-10.3
"diff4",-12.3
"diff4",-17.3
"diff4",-13.3
"diff4",-13.3
"diff4",-12.3
"diff4",-7.3
"diff4",-8.3
"diff4",-13.3
"diff4",-14.3
"diff4",-5.3
"diff4",-12.3
"diff4",-19.3
"diff4",-11.3
"diff4",-12.3
"diff4",-17.3
"diff4",-17.3
"diff4",-15.3
"diff4",-19.3
"diff4",-16.3
"diff4",-11.3
"diff4",-7.3
"diff4",-12.3
"diff4",-12.3
"diff4",-18.3
"diff4",-10.3
"diff4",-6.3
"diff4",-18.3
"diff4",-10.3
"diff4",-20.3
"diff4",-11.3
"diff4",-16.3
"diff4",-10.3
"diff4",-17.3
"diff4",-11.3
"diff4",-14.3
"diff4",-21.3
"diff4",-14.3
"diff4",-20.3
"diff4",-14.3
"diff4",-18.3
"diff4",-20.3
"diff4",-14.3
"diff4",-6.3
"diff4",-11.3
"diff4",-15.3
"diff4",-8.3
"diff4",-10.3
"diff4",-13.3
"diff4",-18.3
"diff4",-8.3
"diff4",-11.3
"diff4",-15.3
"diff4",-10.3
"diff4",-18.3
"diff4",-13.3
"diff4",-11.3
"diff4",-13.3
"diff4",-14.3
"diff4",-14.3
"diff4",-10.3
"diff4",-13.3
"diff4",-17.3
"diff4",-9.3
"diff4",-13.3
"diff4",-14.3
"diff4",-12.3
"diff4",-17.3
"diff4",-13.3
"diff4",-15.3
"diff4",-19.3
"diff4",-18.3
"diff4",-15.3
"diff4",-11.3
"diff4",-11.3
"diff4",-11.3
"diff4",-14.3
"diff4",-20.3
"diff4",-12.3
"diff4",-15.3
"diff4",-16.3
"diff4",-10.3
"diff4",-20.3
"diff4",-12.3
"diff4",-15.3
"diff4",-16.3
"diff4",-16.3
"diff4",-14.3
"diff4",-11.3
"diff4",-13.3
"diff4",-12.3
"diff4",-13.3
"diff4",-13.3
"diff4",-15.3
"diff4",-15.3
"diff4",-14.3
"diff4",-12.3
"diff4",-20.3
"diff4",-17.3
"diff4",-14.3
"diff4",-18.3
"diff4",-12.3
"diff4",-13.3
"diff4",-9.3
"diff4",-10.3
"diff4",-11.3
"diff4",-17.3
"diff4",-10.3
"diff4",-9.3
"diff4",-18.3
"diff4",-14.3
"diff4",-20.3
"diff4",-17.3
"diff4",-15.3
"diff4",-16.3
"diff4",-8.3
"diff4",-12.3
"diff4",-8.3
"diff4",-15.3
"diff4",-13.3
"diff4",-18.3
"diff4",-13.3
"diff4",-15.3
"diff4",-11.3
"diff4",-13.3
"diff4",-13.3
"diff4",-19.3
"diff4",-7.3
"diff4",-16.3
"diff4",-17.3
"diff4",-14.3
"diff4",-13.3
"diff4",-21.3
"diff4",-16.3
"diff4",-14.3
"diff4",-12.3
"diff4",-10.3
"diff4",-15.3
"diff4",-10.3
"diff4",-13.3
"diff4",-13.3
"diff4",-15.3
"diff4",-10.3
"diff4",-10.3
"diff4",-12.3
"diff4",-13.3
"diff4",-9.3
"diff4",-14.3
"diff4",-17.3
"diff4",-20.3
"diff4",-15.3
"diff4",-8.3
"diff4",-16.3
"diff4",-12.3
"diff4",-12.3
"diff4",-14.3
"diff4",-10.3
"diff4",-17.3
"diff4",-8.3
"diff4",-7.3
"diff4",-9.3
"diff4",-19.3
"diff4",-12.3
"diff4",-17.3
"diff4",-13.3
"diff4",-10.3
"diff4",-9.3
"diff4",-18.3
"diff4",-8.3
"diff4",-13.3
"diff4",-12.3
"diff4",-13.3
"diff4",-11.3
"diff4",-13.3
"diff4",-12.3
"diff4",-15.3
"diff4",-15.3
"diff4",-9.3
"diff4",-8.3
"diff4",-9.3
"diff4",-12.3
"diff4",-7.3
"diff4",-17.3
"diff4",-19.3
"diff4",-14.3
"diff4",-15.3
"diff4",-20.3
"diff4",-10.3
"diff4",-15.3
"diff4",-7.3
"diff4",-12.3
"diff4",-11.3
"diff4",-17.3
"diff4",-17.3
"diff4",-20.3
"diff4",-10.3
"diff4",-11.3
"diff4",-17.3
"diff4",-5.3
"diff4",-12.3
"diff4",-12.3
"diff4",-15.3
"diff4",-11.3
"diff4",-19.3
"diff4",-19.3
"diff4",-15.3
"diff4",-11.3
"diff4",-9.3
"diff4",-8.3
"diff4",-10.3
"diff4",-11.3
"diff4",-14.3
"diff4",-11.3
"diff4",-15.3
"diff4",-9.3
"diff4",-12.3
"diff4",-8.3
"diff4",-8.3
"diff4",-19.3
"diff4",-13.3
"diff4",-17.3
"diff4",-13.3
"diff4",-14.3
"diff4",-14.3
"diff4",-10.3
"diff4",-18.3
"diff4",-13.3
"diff4",-14.3
"diff4",-12.3
"diff4",-11.3
"diff4",-10.3
"diff4",-13.3
"diff4",-17.3
"diff4",-13.3
"diff4",-14.3
"diff4",-17.3
"diff4",-14.3
"diff4",-15.3
"diff4",-14.3
"diff4",-13.3
"diff4",-10.3
"diff4",-15.3
"diff4",-15.3
"diff4",-12.3
"diff4",-12.3
"diff4",-16.3
"diff4",-9.3
"diff4",-13.3
"diff4",-10.3
"diff4",-8.3
"diff4",-6.3
"diff4",-13.3
"diff4",-15.3
"diff4",-8.3
"diff4",-15.3
"diff4",-11.3
"diff4",-17.3
"diff4",-14.3
"diff4",-12.3
"diff4",-16.3
"diff4",-7.3
"diff4",-15.3
"diff4",-12.3
"diff4",-14.3
"diff4",-7.3
"diff4",-12.3
"diff4",-19.3
"diff4",-12.3
"diff4",-14.3
"diff4",-17.3
"diff4",-12.3
"diff4",-14.3
"diff4",-11.3
"diff4",-12.3
"diff4",-8.3
"diff4",-17.3
"diff4",-18.3
"diff4",-16.3
"diff4",-10.3
"diff4",-16.3
"diff4",-16.3
"diff4",-18.3
"diff4",-11.3
"diff4",-11.3
"diff4",-16.3
"diff4",-12.3
"diff4",-14.3
"diff4",-11.3
"diff4",-12.3
"diff4",-18.3
"diff4",-14.3
"diff4",-15.3
"diff4",-17.3
"diff4",-11.3
"diff4",-11.3
"diff4",-11.3
"diff4",-13.3
"diff4",-14.3
"diff4",-10.3
"diff4",-9.3
"diff4",-14.3
"diff4",-14.3
"diff4",-13.3
"diff4",-18.3
"diff4",-8.3
"diff4",-12.3
"diff4",-14.3
"diff4",-8.3
"diff4",-13.3
"diff4",-20.3
"diff4",-10.3
"diff4",-11.3
"diff4",-6.3
"diff4",-19.3
"diff4",-19.3
"diff4",-16.3
"diff4",-17.3
"diff4",-12.3
"diff4",-11.3
"diff4",-13.3
"diff4",-13.3
"diff4",-20.3
"diff4",-14.3
"diff4",-11.3
"diff4",-12.3
"diff4",-17.3
"diff4",-14.3
"diff4",-13.3
"diff4",-8.3
"diff4",-14.3
"diff4",-14.3
"diff4",-17.3
"diff4",-17.3
"diff4",-9.3
"diff4",-13.3
"diff4",-13.3
"diff4",-14.3
"diff4",-11.3
"diff4",-9.3
"diff4",-11.3
"diff4",-8.3
"diff4",-12.3
"diff4",-12.3
"diff4",-14.3
"diff4",-8.3
"diff4",-11.3
"diff4",-14.3
"diff4",-15.3
"diff4",-15.3
"diff4",-14.3
"diff4",-10.3
"diff4",-9.3
"diff4",-18.3
"diff4",-15.3
"diff4",-10.3
"diff4",-9.3
"diff4",-11.3
"diff4",-10.3
"diff4",-20.3
"diff4",-10.3
"diff4",-15.3
"diff4",-16.3
"diff4",-12.3
"diff4",-14.3
"diff4",-9.3
"diff4",-11.3
"diff4",-6.3
"diff4",-20.3
"diff4",-12.3
"diff4",-12.3
"diff4",-13.3
"diff4",-13.3
"diff4",-17.3
"diff4",-14.3
"diff4",-11.3
"diff4",-12.3
"diff4",-15.3
"diff4",-7.3
"diff4",-17.3
"diff4",-11.3
"diff4",-11.3
"diff4",-18.3
"diff4",-11.3
"diff4",-11.3
"diff4",-14.3
"diff4",-11.3
"diff4",-12.3
"diff4",-13.3
"diff4",-13.3
"diff4",-15.3
"diff4",-15.3
"diff4",-17.3
"diff4",-14.3
"diff4",-15.3
"diff4",-12.3
"diff4",-15.3
"diff4",-11.3
"diff4",-21.3
"diff4",-11.3
"diff4",-9.3
"diff4",-17.3
"diff4",-14.3
"diff4",-9.3
"diff4",-14.3
"diff4",-16.3
"diff4",-13.3
"diff4",-13.3
"diff4",-13.3
"diff4",-16.3
"diff4",-19.3
"diff4",-18.3
"diff4",-13.3
"diff4",-15.3
"diff4",-11.3
"diff4",-13.3
"diff4",-13.3
"diff4",-12.3
"diff4",-20.3
"diff4",-20.3
"diff4",-12.3
"diff4",-16.3
"diff4",-19.3
"diff4",-11.3
"diff4",-10.3
"diff4",-17.3
"diff4",-16.3
"diff4",-19.3
"diff4",-15.3
"diff4",-14.3
"diff4",-12.3
"diff4",-8.3
"diff4",-8.3
"diff4",-18.3
"diff4",-13.3
"diff4",-7.3
"diff4",-15.3
"diff4",-15.3
"diff4",-14.3
"diff4",-13.3
"diff4",-12.3
"diff4",-18.3
"diff4",-13.3
"diff4",-9.3
"diff4",-11.3
"diff4",-12.3
"diff4",-11.3
"diff4",-13.3
"diff4",-18.3
"diff4",-18.3
"diff4",-12.3
"diff4",-11.3
"diff4",-17.3
"diff4",-21.3
"diff4",-11.3
"diff4",-11.3
"diff4",-14.3
"diff4",-15.3
"diff4",-12.3
"diff4",-13.3
"diff4",-17.3
"diff4",-21.3
"diff4",-18.3
"diff4",-11.3
"diff4",-16.3
"diff4",-15.3
"diff4",-17.3
"diff4",-14.3
"diff4",-12.3
"diff4",-11.3
"diff4",-9.3
"diff4",-12.3
"diff4",-11.3
"diff4",-13.3
"diff4",-15.3
"diff4",-17.3
"diff4",-17.3
"diff4",-14.3
"diff4",-13.3
"diff4",-11.3
"diff4",-10.3
"diff4",-16.3
"diff4",-13.3
"diff4",-18.3
"diff4",-11.3
"diff4",-11.3
"diff4",-9.3
"diff4",-18.3
"diff4",-11.3
"diff4",-14.3
"diff4",-20.3
"diff4",-10.3
"diff4",-12.3
"diff4",-13.3
"diff4",-18.3
"diff4",-11.3
"diff4",-16.3
"diff4",-19.3
"diff4",-18.3
"diff4",-12.3
"diff4",-11.3
"diff4",-13.3
"diff4",-9.3
"diff4",-19.3
"diff4",-12.3
"diff4",-14.3
"diff4",-11.3
"diff4",-14.3
"diff4",-18.3
"diff4",-13.3
"diff4",-15.3
"diff4",-18.3
"diff4",-12.3
"diff4",-18.3
"diff4",-15.3
"diff4",-14.3
"diff4",-10.3
"diff4",-17.3
"diff4",-18.3
"diff4",-7.3
"diff4",-13.3
"diff4",-11.3
"diff4",-13.3
"diff4",-13.3
"diff4",-11.3
"diff4",-9.3
"diff4",-19.3
"diff4",-14.3
"diff4",-13.3
"diff4",-12.3
"diff4",-17.3
"diff4",-19.3
"diff4",-14.3
"diff4",-12.3
"diff4",-11.3
"diff4",-8.3
"diff4",-14.3
"diff4",-13.3
"diff4",-19.3
"diff4",-14.3
"diff4",-17.3
"diff4",-12.3
"diff4",-18.3
"diff4",-17.3
"diff4",-16.3
"diff4",-11.3
"diff4",-17.3
"diff4",-16.3
"diff4",-16.3
"diff4",-21.3
"diff4",-15.3
"diff4",-16.3
"diff4",-15.3
"diff4",-21.3
"diff4",-9.3
"diff4",-14.3
"diff4",-14.3
"diff4",-14.3
"diff4",-14.3
"diff4",-12.3
"diff4",-11.3
"diff4",-19.3
"diff4",-15.3
"diff4",-16.3
"diff4",-13.3
"diff4",-10.3
"diff4",-10.3
"diff4",-10.3
"diff4",-12.3
"diff4",-16.3
"diff4",-17.3
"diff4",-15.3
"diff4",-16.3
"diff4",-14.3
"diff4",-12.3
"diff4",-17.3
"diff4",-14.3
"diff4",-16.3
"diff4",-20.3
"diff4",-16.3
"diff4",-20.3
"diff4",-10.3
"diff4",-22.3
"diff4",-11.3
"diff4",-18.3
"diff4",-16.3
"diff4",-15.3
"diff4",-11.3
"diff4",-15.3
"diff4",-11.3
"diff4",-12.3
"diff4",-18.3
"diff4",-21.3
"diff4",-13.3
"diff4",-13.3
"diff4",-17.3
"diff4",-15.3
"diff4",-13.3
"diff4",-14.3
"diff4",-14.3
"diff4",-19.3
"diff4",-9.3
"diff4",-12.3
"diff4",-12.3
"diff4",-11.3
"diff4",-20.3
"diff4",-14.3
"diff4",-15.3
"diff4",-8.3
"diff4",-11.3
"diff4",-9.3
"diff4",-16.3
"diff4",-15.3
"diff4",-10.3
"diff4",-14.3
"diff4",-12.3
"diff4",-19.3
"diff4",-15.3
"diff4",-17.3
"diff4",-14.3
"diff4",-15.3
"diff4",-12.3
"diff4",-10.3
"diff4",-17.3
"diff4",-12.3
"diff4",-13.3
"diff4",-16.3
"diff4",-11.3
"diff4",-20.3
"diff4",-12.3
"diff4",-16.3
"diff4",-12.3
"diff4",-18.3
"diff4",-20.3
"diff4",-18.3
"diff4",-12.3
"diff4",-20.3
"diff4",-16.3
"diff4",-14.3
"diff4",-17.3
"diff4",-19.3
"diff4",-19.3
"diff4",-19.3
"diff4",-15.3
"diff4",-11.3
"diff4",-9.3
"diff4",-13.3
"diff4",-13.3
"diff4",-14.3
"diff4",-18.3
"diff4",-15.3
"diff4",-16.3
"diff4",-14.3
"diff4",-16.3
"diff4",-19.3
"diff4",-9.3
"diff4",-18.3
"diff4",-11.3
"diff4",-14.3
"diff4",-13.3
"diff4",-13.3
"diff4",-14.3
"diff4",-20.3
"diff4",-9.3
"diff4",-11.3
"diff4",-12.3
"diff4",-15.3
"diff4",-18.3
"diff4",-15.3
"diff4",-15.3
"diff4",-18.3
"diff4",-10.3
"diff4",-18.3
"diff4",-17.3
"diff4",-9.3
"diff4",-18.3
"diff4",-15.3
"diff4",-14.3
"diff4",-11.3
"diff4",-17.3
"diff4",-9.3
"diff4",-17.3
"diff4",-12.3
"diff4",-15.3
"diff4",-13.3
"diff4",-17.3
"diff4",-8.3
"diff4",-16.3
"diff4",-14.3
"diff4",-17.3
"diff4",-13.3
"diff4",-19.3
"diff4",-17.3
"diff4",-15.3
"diff4",-16.3
"diff4",-11.3
"diff4",-12.3
"diff4",-11.3
"diff4",-15.3
"diff4",-11.3
"diff4",-16.3
"diff4",-12.3
"diff4",-11.3
"diff4",-15.3
"diff4",-14.3
"diff4",-19.3
"diff4",-16.3
"diff4",-17.3
"diff4",-17.3
"diff4",-14.3
"diff4",-11.3
"diff4",-18.3
"diff4",-12.3
"diff4",-15.3
"diff4",-15.3
"diff4",-17.3
"diff4",-17.3
"diff4",-14.3
"diff4",-14.3
"diff4",-14.3
"diff4",-13.3
"diff4",-16.3
"diff4",-14.3
"diff4",-18.3
"diff4",-18.3
"diff4",-18.3
"diff4",-16.3
"diff4",-14.3
"diff4",-20.3
"diff4",-18.3
"diff4",-13.3
"diff4",-16.3
"diff4",-15.3
"diff4",-17.3
"diff4",-14.3
"diff4",-11.3
"diff4",-11.3
"diff4",-15.3
"diff4",-14.3
"diff4",-15.3
"diff4",-18.3
"diff4",-14.3
"diff4",-14.3
"diff4",-10.3
"diff4",-19.3
"diff4",-19.3
"diff4",-10.3
"diff4",-10.3
"diff4",-18.3
"diff4",-12.3
"diff4",-12.3
"diff4",-10.3
"diff4",-15.3
"diff4",-12.3
"diff4",-14.3
"diff4",-12.3
"diff4",-20.3
"diff4",-19.3
"diff4",-19.3
"diff4",-11.3
"diff4",-18.3
"diff4",-14.3
"diff4",-14.3
"diff4",-10.3
"diff4",-11.3
"diff4",-9.3
"diff4",-15.3
"diff4",-12.3
"diff4",-17.3
"diff4",-12.3
"diff4",-17.3
"diff4",-16.3
"diff4",-12.3
"diff4",-15.3
"diff4",-16.3
"diff4",-20.3
"diff4",-12.3
"diff4",-16.3
"diff4",-14.3
"diff4",-13.3
"diff4",-19.3
"diff4",-17.3
"diff4",-10.3
"diff4",-18.3
"diff4",-16.3
"diff4",-16.3
"diff4",-12.3
"diff4",-13.3
"diff4",-12.3
"diff4",-16.3
"diff4",-14.3
"diff4",-13.3
"diff4",-10.3
"diff4",-16.3
"diff4",-18.3
"diff4",-14.3
"diff4",-17.3
"diff4",-14.3
"diff4",-16.3
"diff4",-11.3
"diff4",-13.3
"diff4",-14.3
"diff4",-12.3
"diff4",-20.3
"diff4",-10.3
"diff4",-19.3
"diff4",-17.3
"diff4",-12.3
"diff4",-19.3
"diff4",-19.3
"diff4",-11.3
"diff4",-15.3
"diff4",-9.3
"diff4",-13.3
"diff4",-16.3
"diff4",-13.3
"diff4",-17.3
"diff4",-18.3
"diff4",-18.3
"diff4",-15.3
"diff4",-13.3
"diff4",-13.3
"diff4",-10.3
"diff4",-17.3
"diff4",-20.3
"diff4",-19.3
"diff4",-17.3
"diff4",-9.3
"diff4",-15.3
"diff4",-13.3
"diff4",-17.3
"diff4",-10.3
"diff4",-17.3
"diff4",-14.3
"diff4",-10.3
"diff4",-16.3
"diff4",-18.3
"diff4",-14.3
"diff4",-13.3
"diff4",-13.3
"diff4",-13.3
"diff4",-15.3
"diff4",-13.3
"diff4",-21.3
"diff4",-17.3
"diff4",-10.3
"diff4",-16.3
"diff4",-13.3
"diff4",-20.3
"diff4",-20.3
"diff4",-13.3
"diff4",-10.3
"diff4",-15.3
"diff4",-18.3
"diff4",-15.3
"diff4",-16.3
"diff4",-14.3
"diff4",-15.3
"diff4",-17.3
"diff4",-10.3
"diff4",-16.3
"diff4",-17.3
"diff4",-9.3
"diff4",-13.3
"diff4",-11.3
"diff4",-12.3
"diff4",-17.3
"diff4",-14.3
"diff4",-12.3
"diff4",-19.3
"diff4",-14.3
"diff4",-12.3
"diff4",-13.3
"diff4",-15.3
"diff4",-16.3
"diff4",-16.3
"diff4",-9.3
"diff4",-13.3
"diff4",-15.3
"diff4",-14.3
"diff4",-14.3
"diff4",-12.3
"diff4",-16.3
"diff4",-7.3
"diff4",-12.3
"diff4",-14.3
"diff4",-18.3
"diff4",-14.3
"diff4",-14.3
"diff4",-14.3
"diff4",-13.3
"diff4",-12.3
"diff4",-14.3
"diff4",-11.3
"diff4",-11.3
"diff4",-14.3
"diff4",-14.3
"diff4",-12.3
"diff4",-18.3
"diff4",-12.3
"diff4",-15.3
"diff4",-13.3
"diff4",-17.3
"diff4",-14.3
"diff4",-14.3
"diff4",-15.3
"diff4",-11.3
"diff4",-13.3
"diff4",-14.3
"diff4",-13.3
"diff4",-10.3
"diff4",-18.3
"diff4",-16.3
"diff4",-15.3
"diff4",-18.3
"diff4",-9.3
"diff4",-11.3
"diff4",-16.3
"diff4",-13.3
"diff4",-8.3
"diff4",-14.3
"diff4",-14.3
"diff4",-14.3
"diff4",-13.3
"diff4",-18.3
"diff4",-12.3
"diff4",-17.3
"diff4",-14.3
"diff4",-14.3
"diff4",-12.3
"diff4",-16.3
"diff4",-15.3
"diff4",-17.3
"diff4",-16.3
"diff4",-15.3
"diff4",-19.3
"diff4",-14.3
"diff4",-14.3
"diff4",-15.3
"diff4",-14.3
"diff4",-19.3
"diff4",-17.3
"diff4",-14.3
"diff4",-15.3
"diff4",-15.3
"diff4",-12.3
"diff4",-15.3
"diff4",-19.3
"diff4",-13.3
"diff4",-10.3
"diff4",-16.3
"diff4",-10.3
"diff4",-14.3
"diff4",-10.3
"diff4",-13.3
"diff4",-18.3
"diff4",-13.3
"diff4",-18.3
"diff4",-11.3
"diff4",-14.3
"diff4",-15.3
"diff4",-15.3
"diff4",-18.3
"diff4",-13.3
"diff4",-10.3
"diff4",-16.3
"diff4",-15.3
"diff4",-14.3
"diff4",-13.3
"diff4",-13.3
"diff4",-16.3
"diff4",-9.3
"diff4",-11.3
"diff4",-7.3
"diff4",-18.3
"diff4",-13.3
"diff4",-13.3
"diff4",-8.3
"diff4",-14.3
"diff4",-17.3
"diff4",-13.3
"diff4",-12.3
"diff4",-16.3
"diff4",-12.3
"diff4",-15.3
"diff4",-9.3
"diff4",-10.3
"diff4",-18.3
"diff4",-14.3
"diff4",-18.3
"diff4",-14.3
"diff4",-15.3
"diff4",-14.3
"diff4",-14.3
"diff4",-15.3
"diff4",-13.3
"diff4",-15.3
"diff4",-20.3
"diff4",-17.3
"diff4",-11.3
"diff4",-11.3
"diff4",-7.3
"diff4",-13.3
"diff4",-17.3
"diff4",-14.3
"diff4",-9.3
"diff4",-20.3
"diff4",-14.3
"diff4",-10.3
"diff4",-11.3
"diff4",-11.3
"diff4",-13.3
"diff4",-15.3
"diff4",-12.3
"diff4",-20.3
"diff4",-13.3
"diff4",-13.3
"diff4",-11.3
"diff4",-16.3
"diff4",-19.3
"diff4",-16.3
"diff4",-10.3
"diff4",-19.3
"diff4",-17.3
"diff4",-19.3
"diff4",-15.3
"diff4",-16.3
"diff4",-12.3
"diff4",-13.3
"diff4",-10.3
"diff4",-10.3
"diff4",-16.3
"diff4",-15.3
"diff4",-16.3
"diff4",-14.3
"diff4",-10.3
"diff4",-8.3
"diff4",-9.3
"diff4",-13.3
"diff4",-15.3
"diff4",-10.3
"diff4",-15.3
"diff4",-12.3
"diff4",-9.3
"diff4",-16.3
"diff4",-12.3
"diff4",-12.3
"diff4",-16.3
"diff4",-8.3
"diff4",-15.3
"diff4",-13.3
"diff4",-11.3
"diff4",-17.3
"diff4",-11.3
"diff4",-14.3
"diff4",-11.3
"diff4",-14.3
"diff4",-17.3
"diff4",-11.3
"diff4",-19.3
"diff4",-15.3
"diff4",-16.3
"diff4",-17.3
"diff4",-15.3
"diff4",-11.3
"diff4",-10.3
"diff4",-19.3
"diff4",-15.3
"diff4",-14.3
"diff4",-15.3
"diff4",-17.3
"diff4",-18.3
"diff4",-13.3
"diff4",-14.3
"diff4",-12.3
"diff4",-15.3
"diff4",-13.3
"diff4",-16.3
"diff4",-18.3
"diff4",-15.3
"diff4",-16.3
"diff4",-12.3
"diff4",-20.3
"diff4",-15.3
"diff4",-18.3
"diff4",-14.3
"diff4",-19.3
"diff4",-10.3
"diff4",-13.3
"diff4",-11.3
"diff4",-18.3
"diff4",-16.3
"diff4",-12.3
"diff4",-11.3
"diff4",-12.3
"diff4",-14.3
"diff4",-12.3
"diff4",-15.3
"diff4",-15.3
"diff4",-16.3
"diff4",-13.3
"diff4",-14.3
"diff4",-10.3
"diff4",-14.3
"diff4",-10.3
"diff4",-11.3
"diff4",-17.3
"diff4",-11.3
"diff4",-17.3
"diff4",-14.3
"diff4",-17.3
"diff4",-16.3
"diff4",-20.3
"diff4",-15.3
"diff4",-9.3
"diff4",-15.3
"diff4",-14.3
"diff4",-15.3
"diff4",-17.3
"diff4",-11.3
"diff4",-12.3
"diff4",-13.3
"diff4",-18.3
"diff4",-15.3
"diff4",-10.3
"diff4",-13.3
"diff4",-15.3
"diff4",-12.3
"diff4",-18.3
"diff4",-9.3
"diff4",-13.3
"diff4",-14.3
"diff4",-12.3
"diff4",-18.3
"diff4",-18.3
"diff4",-11.3
"diff4",-11.3
"diff4",-13.3
"diff4",-11.3
"diff4",-18.3
"diff4",-13.3
"diff4",-20.3
"diff4",-14.3
"diff4",-18.3
"diff4",-15.3
"diff4",-14.3
"diff4",-15.3
"diff4",-13.3
"diff4",-11.3
"diff4",-13.3
"diff4",-13.3
"diff4",-15.3
"diff4",-12.3
"diff4",-9.3
"diff4",-20.3
"diff4",-19.3
"diff4",-15.3
"diff4",-9.3
"diff4",-19.3
"diff4",-14.3
"diff4",-19.3
"diff4",-14.3
"diff4",-12.3
"diff4",-14.3
"diff4",-9.3
"diff4",-11.3
"diff4",-13.3
"diff4",-14.3
"diff4",-15.3
"diff4",-15.3
"diff4",-12.3
"diff4",-17.3
"diff4",-14.3
"diff4",-17.3
"diff4",-13.3
"diff4",-20.3
"diff4",-14.3
"diff4",-13.3
"diff4",-16.3
"diff4",-15.3
"diff4",-13.3
"diff4",-16.3
"diff4",-13.3
"diff4",-18.3
"diff4",-15.3
"diff4",-20.3
"diff4",-12.3
"diff4",-15.3
"diff4",-10.3
"diff4",-16.3
"diff4",-14.3
"diff4",-10.3
"diff4",-13.3
"diff4",-20.3
"diff4",-16.3
"diff4",-12.3
"diff4",-10.3
"diff4",-13.3
"diff4",-15.3
"diff4",-15.3
"diff4",-16.3
"diff4",-12.3
"diff4",-11.3
"diff4",-14.3
"diff4",-11.3
"diff4",-15.3
"diff4",-15.3
"diff4",-8.3
"diff4",-17.3
"diff4",-10.3
"diff4",-13.3
"diff4",-12.3
"diff4",-17.3
"diff4",-13.3
"diff4",-14.3
"diff4",-13.3
"diff4",-20.3
"diff4",-10.3
"diff4",-13.3
"diff4",-20.3
"diff4",-20.3
"diff4",-19.3
"diff4",-13.3
"diff4",-14.3
"diff4",-16.3
"diff4",-14.3
"diff4",-15.3
"diff4",-18.3
"diff4",-15.3
"diff4",-15.3
"diff4",-16.3
"diff4",-17.3
"diff4",-18.3
"diff4",-18.3
"diff4",-15.3
"diff4",-14.3
"diff4",-14.3
"diff4",-17.3
"diff4",-15.3
"diff4",-12.3
"diff4",-9.3
"diff4",-13.3
"diff4",-20.3
"diff4",-14.3
"diff4",-13.3
"diff4",-11.3
"diff4",-20.3
"diff4",-16.3
"diff4",-16.3
"diff4",-11.3
"diff4",-15.3
"diff4",-13.3
"diff4",-19.3
"diff4",-15.3
"diff4",-17.3
"diff4",-17.3
"diff4",-10.3
"diff4",-14.3
"diff4",-19.3
"diff4",-14.3
"diff4",-15.3
"diff4",-14.3
"diff4",-12.3
"diff4",-12.3
"diff4",-16.3
"diff4",-17.3
"diff4",-14.3
"diff4",-20.3
"diff4",-19.3
"diff4",-16.3
"diff4",-9.3
"diff4",-12.3
"diff4",-18.3
"diff4",-18.3
"diff4",-16.3
"diff4",-16.3
"diff4",-17.3
"diff4",-18.3
"diff4",-17.3
"diff4",-19.3
"diff4",-19.3
"diff4",-13.3
"diff4",-20.3
"diff4",-13.3
"diff4",-18.3
"diff4",-19.3
"diff4",-17.3
"diff4",-19.3
"diff4",-12.3
"diff4",-14.3
"diff4",-16.3
"diff4",-9.3
"diff4",-18.3
"diff4",-15.3
"diff4",-15.3
"diff4",-16.3
"diff4",-14.3
"diff4",-16.3
"diff4",-18.3
"diff4",-16.3
"diff4",-17.3
"diff4",-16.3
"diff4",-19.3
"diff4",-15.3
"diff4",-10.3
"diff4",-16.3
"diff4",-16.3
"diff4",-15.3
"diff4",-12.3
"diff4",-21.3
"diff4",-11.3
"diff4",-18.3
"diff4",-14.3
"diff4",-11.3
"diff4",-10.3
"diff4",-12.3
"diff4",-12.3
"diff4",-16.3
"diff4",-15.3
"diff4",-13.3
"diff4",-10.3
"diff4",-15.3
"diff4",-17.3
"diff4",-16.3
"diff4",-10.3
"diff4",-16.3
"diff4",-15.3
"diff4",-20.3
"diff4",-15.3
"diff4",-15.3
"diff4",-16.3
"diff4",-15.3
"diff4",-20.3
"diff4",-14.3
"diff4",-14.3
"diff4",-15.3
"diff4",-13.3
"diff4",-17.3
"diff4",-17.3
"diff4",-15.3
"diff4",-18.3
"diff4",-11.3
"diff4",-20.3
"diff4",-17.3
"diff4",-17.3
"diff4",-15.3
"diff4",-17.3
"diff4",-16.3
"diff4",-17.3
"diff4",-11.3
"diff4",-16.3
"diff4",-15.3
"diff4",-16.3
"diff4",-12.3
"diff4",-10.3
"diff4",-10.3
"diff4",-15.3
"diff4",-13.3
"diff4",-19.3
"diff4",-17.3
"diff4",-10.3
"diff4",-15.3
"diff4",-17.3
"diff4",-12.3
"diff4",-16.3
"diff4",-18.3
"diff4",-13.3
"diff4",-16.3
"diff4",-17.3
"diff4",-13.3
"diff4",-19.3
"diff4",-15.3
"diff4",-14.3
"diff4",-16.3
"diff4",-12.3
"diff4",-12.3
"diff4",-18.3
"diff4",-13.3
"diff4",-17.3
"diff4",-15.3
"diff4",-19.3
"diff4",-16.3
"diff4",-11.3
"diff4",-21.3
"diff4",-9.3
"diff4",-18.3
"diff4",-13.3
"diff4",-17.3
"diff4",-15.3
"diff4",-11.3
"diff4",-15.3
"diff4",-12.3
"diff4",-13.3
"diff4",-13.3
"diff4",-13.3
"diff4",-18.3
"diff4",-13.3
"diff4",-12.3
"diff4",-13.3
"diff4",-10.3
"diff4",-18.3
"diff4",-15.3
"diff4",-16.3
"diff4",-10.3
"diff4",-13.3
"diff4",-13.3
"diff4",-17.3
"diff4",-13.3
"diff4",-13.3
"diff4",-19.3
"diff4",-16.3
"diff4",-13.3
"diff4",-18.3
"diff4",-15.3
"diff4",-15.3
"diff4",-20.3
"diff4",-13.3
"diff4",-15.3
"diff4",-12.3
"diff4",-13.3
"diff4",-16.3
"diff4",-13.3
"diff4",-15.3
"diff4",-20.3
"diff4",-16.3
"diff4",-11.3
"diff4",-12.3
"diff4",-14.3
"diff4",-15.3
"diff4",-16.3
"diff4",-11.3
"diff4",-18.3
"diff4",-15.3
"diff4",-14.3
"diff4",-14.3
"diff4",-17.3
"diff4",-12.3
"diff4",-13.3
"diff4",-20.3
"diff4",-18.3
"diff4",-12.3
"diff4",-15.3
"diff4",-10.3
"diff4",-20.3
"diff4",-15.3
"diff4",-15.3
"diff4",-13.3
"diff4",-14.3
"diff4",-16.3
"diff4",-21.3
"diff4",-15.3
"diff4",-13.3
"diff4",-18.3
"diff4",-17.3
"diff4",-18.3
"diff4",-19.3
"diff4",-15.3
"diff4",-13.3
"diff4",-11.3
"diff4",-15.3
"diff4",-19.3
"diff4",-14.3
"diff4",-14.3
"diff4",-16.3
"diff4",-16.3
"diff4",-17.3
"diff4",-16.3
"diff4",-18.3
"diff4",-19.3
"diff4",-16.3
"diff4",-14.3
"diff4",-15.3
"diff4",-15.3
"diff4",-11.3
"diff4",-20.3
"diff4",-16.3
"diff4",-17.3
"diff4",-12.3
"diff4",-16.3
"diff4",-17.3
"diff4",-18.3
"diff4",-15.3
"diff4",-15.3
"diff4",-15.3
"diff4",-17.3
"diff4",-10.3
"diff4",-15.3
"diff4",-17.3
"diff4",-19.3
"diff4",-15.3
"diff4",-16.3
"diff4",-19.3
"diff4",-12.3
"diff4",-18.3
"diff4",-16.3
"diff4",-17.3
"diff4",-20.3
"diff4",-14.3
"diff4",-18.3
"diff4",-12.3
"diff4",-16.3
"diff4",-14.3
"diff4",-14.3
"diff4",-13.3
"diff4",-16.3
"diff4",-16.3
"diff4",-14.3
"diff4",-16.3
"diff4",-18.3
"diff4",-15.3
"diff4",-14.3
"diff4",-16.3
"diff4",-18.3
"diff4",-12.3
"diff4",-17.3
"diff4",-12.3
"diff4",-14.3
"diff4",-17.3
"diff4",-17.3
"diff4",-17.3
"diff4",-17.3
"diff4",-19.3
"diff4",-15.3
"diff4",-17.3
"diff4",-17.3
"diff4",-15.3
"diff4",-15.3
"diff4",-16.3
"diff4",-11.3
"diff4",-18.3
"diff4",-14.3
"diff4",-20.3
"diff4",-14.3
"diff4",-14.3
"diff4",-18.3
"diff4",-12.3
"diff4",-18.3
"diff4",-19.3
"diff4",-14.3
"diff4",-15.3
"diff4",-18.3
"diff4",-18.3
"diff4",-17.3
"diff4",-13.3
"diff4",-18.3
"diff4",-11.3
"diff4",-17.3
"diff4",-15.3
"diff4",-19.3
"diff4",-14.3
"diff4",-16.3
"diff4",-15.3
"diff4",-14.3
"diff4",-13.3
"diff4",-19.3
"diff4",-16.3
"diff4",-20.3
"diff4",-15.3
"diff4",-16.3
"diff4",-13.3
"diff4",-16.3
"diff4",-20.3
"diff4",-15.3
"diff4",-14.3
"diff4",-18.3
"diff4",-13.3
"diff4",-11.3
"diff4",-13.3
"diff4",-19.3
"diff4",-12.3
"diff4",-14.3
"diff4",-17.3
"diff4",-14.3
"diff4",-11.3
"diff4",-16.3
"diff4",-19.3
"diff4",-15.3
"diff4",-17.3
"diff4",-17.3
"diff4",-17.3
"diff4",-16.3
"diff4",-17.3
"diff4",-19.3
"diff4",-14.3
"diff4",-14.3
"diff4",-15.3
"diff4",-11.3
"diff4",-19.3
"diff4",-12.3
"diff4",-19.3
"diff4",-20.3
"diff4",-19.3
"diff4",-15.3
"diff4",-15.3
"diff4",-19.3
"diff4",-17.3
"diff4",-11.3
"diff4",-13.3
"diff4",-15.3
"diff4",-15.3
"diff4",-17.3
"diff4",-16.3
"diff4",-14.3
"diff4",-12.3
"diff4",-16.3
"diff4",-14.3
"diff4",-19.3
"diff4",-17.3
"diff4",-20.3
"diff4",-13.3
"diff4",-14.3
"diff4",-13.3
"diff4",-14.3
"diff4",-16.3
"diff4",-14.3
"diff4",-14.3
"diff4",-11.3
"diff4",-14.3
"diff4",-13.3
"diff4",-15.3
"diff4",-12.3
"diff4",-15.3
"diff4",-19.3
"diff4",-20.3
"diff4",-18.3
"diff4",-15.3
"diff4",-14.3
"diff4",-18.3
"diff4",-17.3
"diff4",-16.3
"diff4",-13.3
"diff4",-19.3
"diff4",-13.3
"diff4",-12.3
"diff4",-15.3
"diff4",-15.3
"diff4",-16.3
"diff4",-10.3
"diff4",-14.3
"diff4",-16.3
"diff4",-16.3
"diff4",-19.3
"diff4",-18.3
"diff4",-18.3
"diff4",-20.3
"diff4",-17.3
"diff4",-15.3
"diff4",-18.3
"diff4",-13.3
"diff4",-14.3
"diff4",-12.3
"diff4",-20.3
"diff4",-14.3
"diff4",-19.3
"diff4",-14.3
"diff4",-20.3
"diff4",-11.3
"diff4",-13.3
"diff4",-15.3
"diff4",-10.3
"diff4",-15.3
"diff4",-15.3
"diff4",-15.3
"diff4",-17.3
"diff4",-21.3
"diff4",-18.3
"diff4",-14.3
"diff4",-18.3
"diff4",-15.3
"diff4",-16.3
"diff4",-20.3
"diff4",-16.3
"diff4",-13.3
"diff4",-15.3
"diff4",-16.3
"diff4",-17.3
"diff4",-21.3
"diff4",-14.3
"diff4",-18.3
"diff4",-11.3
"diff4",-13.3
"diff4",-18.3
"diff4",-15.3
"diff4",-14.3
"diff4",-18.3
"diff4",-19.3
"diff4",-10.3
"diff4",-19.3
"diff4",-10.3
"diff4",-16.3
"diff4",-13.3
"diff4",-19.3
"diff4",-10.3
"diff4",-14.3
"diff4",-15.3
"diff4",-19.3
"diff4",-11.3
"diff4",-19.3
"diff4",-15.3
"diff4",-16.3
"diff4",-15.3
"diff4",-12.3
"diff4",-17.3
"diff4",-9.3
"diff4",-15.3
"diff4",-16.3
"diff4",-18.3
"diff4",-13.3
"diff4",-13.3
"diff4",-17.3
"diff4",-16.3
"diff4",-17.3
"diff4",-16.3
"diff4",-14.3
"diff4",-16.3
"diff4",-20.3
"diff4",-16.3
"diff4",-13.3
"diff4",-21.3
"diff4",-15.3
"diff4",-17.3
"diff4",-21.3
"diff4",-16.3
"diff4",-21.3
"diff4",-18.3
"diff4",-21.3
"diff4",-15.3
"diff4",-19.3
"diff4",-21.3
"diff4",-12.3
"diff4",-21.3
"diff4",-13.3
"diff4",-15.3
"diff4",-16.3
"diff4",-19.3
"diff4",-19.3
"diff4",-18.3
"diff4",-20.3
"diff4",-20.3
"diff4",-14.3
"diff4",-12.3
"diff4",-17.3
"diff4",-19.3
"diff4",-13.3
"diff4",-17.3
"diff4",-15.3
"diff4",-14.3
"diff4",-16.3
"diff4",-12.3
"diff4",-18.3
"diff4",-18.3
"diff4",-15.3
"diff4",-13.3
"diff4",-18.3
"diff4",-11.3
"diff4",-19.3
"diff4",-15.3
"diff4",-10.3
"diff4",-20.3
"diff4",-17.3
"diff4",-14.3
"diff4",-12.3
"diff4",-13.3
"diff4",-17.3
"diff4",-13.3
"diff4",-18.3
"diff4",-17.3
"diff4",-21.3
"diff4",-18.3
"diff4",-20.3
"diff4",-15.3
"diff4",-17.3
"diff4",-19.3
"diff4",-19.3
"diff4",-18.3
"diff4",-19.3
"diff4",-15.3
"diff4",-13.3
"diff4",-18.3
"diff4",-10.3
"diff4",-14.3
"diff4",-21.3
"diff4",-19.3
"diff4",-14.3
"diff4",-17.3
"diff4",-17.3
"diff4",-13.3
"diff4",-17.3
"diff4",-10.3
"diff4",-12.3
"diff4",-20.3
"diff4",-17.3
"diff4",-19.3
"diff4",-12.3
"diff4",-11.3
"diff4",-18.3
"diff4",-18.3
"diff4",-15.3
"diff4",-19.3
"diff4",-15.3
"diff4",-14.3
"diff4",-17.3
"diff4",-14.3
"diff4",-18.3
"diff4",-19.3
"diff4",-14.3
"diff4",-16.3
"diff4",-13.3
"diff4",-16.3
"diff4",-20.3
"diff4",-11.3
"diff4",-17.3
"diff4",-17.3
"diff4",-10.3
"diff4",-16.3
"diff4",-17.3
"diff4",-12.3
"diff4",-13.3
"diff4",-12.3
"diff4",-15.3
"diff4",-16.3
"diff4",-14.3
"diff4",-15.3
"diff4",-20.3
"diff4",-17.3
"diff4",-17.3
"diff4",-20.3
"diff4",-17.3
"diff4",-12.3
"diff4",-21.3
"diff4",-14.3
"diff4",-16.3
"diff4",-15.3
"diff4",-17.3
"diff4",-13.3
"diff4",-11.3
"diff4",-11.3
"diff4",-19.3
"diff4",-17.3
"diff4",-12.3
"diff4",-17.3
"diff4",-17.3
"diff4",-15.3
"diff4",-15.3
"diff4",-16.3
"diff4",-18.3
"diff4",-15.3
"diff4",-15.3
"diff4",-15.3
"diff4",-18.3
"diff4",-13.3
"diff4",-15.3
"diff4",-20.3
"diff4",-13.3
"diff4",-19.3
"diff4",-14.3
"diff4",-19.3
"diff4",-16.3
"diff4",-16.3
"diff4",-11.3
"diff4",-17.3
"diff4",-15.3
"diff4",-15.3
"diff4",-18.3
"diff4",-16.3
"diff4",-19.3
"diff4",-12.3
"diff4",-17.3
"diff4",-12.3
"diff4",-18.3
"diff4",-17.3
"diff4",-15.3
"diff4",-12.3
"diff4",-16.3
"diff4",-12.3
"diff4",-15.3
"diff4",-16.3
"diff4",-17.3
"diff4",-12.3
"diff4",-16.3
"diff4",-15.3
"diff4",-19.3
"diff4",-15.3
"diff4",-17.3
"diff4",-15.3
"diff4",-18.3
"diff4",-16.3
"diff4",-17.3
"diff4",-19.3
"diff4",-14.3
"diff4",-17.3
"diff4",-11.3
"diff4",-14.3
"diff4",-14.3
"diff4",-18.3
"diff4",-15.3
"diff4",-16.3
"diff4",-10.3
"diff4",-16.3
"diff4",-14.3
"diff4",-14.3
"diff4",-19.3
"diff4",-12.3
"diff4",-11.3
"diff4",-14.3
"diff4",-20.3
"diff4",-17.3
"diff4",-17.3
"diff4",-15.3
"diff4",-14.3
"diff4",-17.3
"diff4",-10.3
"diff4",-17.3
"diff4",-17.3
"diff4",-14.3
"diff4",-18.3
"diff4",-18.3
"diff4",-15.3
"diff4",-11.3
"diff4",-18.3
"diff4",-13.3
"diff4",-11.3
"diff4",-12.3
"diff4",-17.3
"diff4",-14.3
"diff4",-16.3
"diff4",-16.3
"diff4",-19.3
"diff4",-13.3
"diff4",-13.3
"diff4",-19.3
"diff4",-16.3
"diff4",-15.3
"diff4",-15.3
"diff4",-14.3
"diff4",-17.3
"diff4",-15.3
"diff4",-15.3
"diff4",-13.3
"diff4",-13.3
"diff4",-19.3
"diff4",-18.3
"diff4",-17.3
"diff4",-16.3
"diff4",-14.3
"diff4",-11.3
"diff4",-10.3
"diff4",-14.3
"diff4",-11.3
"diff4",-20.3
"diff4",-18.3
"diff4",-16.3
"diff4",-11.3
"diff4",-17.3
"diff4",-15.3
"diff4",-14.3
"diff4",-12.3
"diff4",-13.3
"diff4",-15.3
"diff4",-12.3
"diff4",-16.3
"diff4",-14.3
"diff4",-17.3
"diff4",-13.3
"diff4",-18.3
"diff4",-19.3
"diff4",-21.3
"diff4",-20.3
"diff4",-16.3
"diff4",-16.3
"diff4",-10.3
"diff4",-17.3
"diff4",-11.3
"diff4",-16.3
"diff4",-18.3
"diff4",-16.3
"diff4",-18.3
"diff4",-17.3
"diff4",-18.3
"diff4",-19.3
"diff4",-18.3
"diff4",-13.3
"diff4",-11.3
"diff4",-15.3
"diff4",-17.3
"diff4",-14.3
"diff4",-17.3
"diff4",-14.3
"diff4",-16.3
"diff4",-14.3
"diff4",-16.3
"diff4",-16.3
"diff4",-15.3
"diff4",-18.3
"diff4",-17.3
"diff4",-11.3
"diff4",-14.3
"diff4",-18.3
"diff4",-14.3
"diff4",-11.3
"diff4",-20.3
"diff4",-15.3
"diff4",-17.3
"diff4",-16.3
"diff4",-12.3
"diff4",-20.3
"diff4",-12.3
"diff4",-15.3
"diff4",-17.3
"diff4",-19.3
"diff4",-17.3
"diff4",-14.3
"diff4",-17.3
"diff4",-14.3
"diff4",-16.3
"diff4",-18.3
"diff4",-16.3
"diff4",-14.3
"diff4",-18.3
"diff4",-16.3
"diff4",-16.3
"diff4",-12.3
"diff4",-14.3
"diff4",-12.3
"diff4",-12.3
"diff4",-18.3
"diff4",-13.3
"diff4",-18.3
"diff4",-15.3
"diff4",-13.3
"diff4",-13.3
"diff4",-11.3
"diff4",-18.3
"diff4",-15.3
"diff4",-17.3
"diff4",-17.3
"diff4",-16.3
"diff4",-14.3
"diff4",-14.3
"diff4",-17.3
"diff4",-15.3
"diff4",-11.3
"diff4",-18.3
"diff4",-12.3
"diff4",-13.3
"diff4",-13.3
"diff4",-21.3
"diff4",-15.3
"diff4",-17.3
"diff4",-14.3
"diff4",-13.3
"diff4",-16.3
"diff4",-13.3
"diff4",-14.3
"diff4",-17.3
"diff4",-15.3
"diff4",-17.3
"diff4",-18.3
"diff4",-15.3
"diff4",-20.3
"diff4",-10.3
"diff4",-12.3
"diff4",-18.3
"diff4",-12.3
"diff4",-18.3
"diff4",-14.3
"diff4",-17.3
"diff4",-17.3
"diff4",-10.3
"diff4",-10.3
"diff4",-19.3
"diff4",-19.3
"diff4",-11.3
"diff4",-16.3
"diff4",-15.3
"diff4",-20.3
"diff4",-13.3
"diff4",-16.3
"diff4",-17.3
"diff4",-14.3
"diff4",-13.3
"diff4",-15.3
"diff4",-14.3
"diff4",-15.3
"diff4",-14.3
"diff4",-21.3
"diff4",-19.3
"diff4",-17.3
"diff4",-11.3
"diff4",-20.3
"diff4",-16.3
"diff4",-13.3
"diff4",-16.3
"diff4",-17.3
"diff4",-16.3
"diff4",-15.3
"diff4",-11.3
"diff4",-17.3
"diff4",-14.3
"diff4",-13.3
"diff4",-17.3
"diff4",-9.3
"diff4",-10.3
"diff4",-16.3
"diff4",-17.3
"diff4",-15.3
"diff4",-12.3
"diff4",-14.3
"diff4",-9.3
"diff4",-14.3
"diff4",-14.3
"diff4",-9.3
"diff4",-21.3
"diff4",-16.3
"diff4",-18.3
"diff4",-16.3
"diff4",-11.3
"diff4",-17.3
"diff4",-13.3
"diff4",-13.3
"diff4",-20.3
"diff4",-14.3
"diff4",-16.3
"diff4",-19.3
"diff4",-21.3
"diff4",-14.3
"diff4",-11.3
"diff4",-17.3
"diff4",-18.3
"diff4",-15.3
"diff4",-14.3
"diff4",-20.3
"diff4",-14.3
"diff4",-16.3
"diff4",-22.3
"diff4",-15.3
"diff4",-17.3
"diff4",-21.3
"diff4",-9.3
"diff4",-13.3
"diff4",-15.3
"diff4",-20.3
"diff4",-14.3
"diff4",-17.3
"diff4",-16.3
"diff4",-13.3
"diff4",-13.3
"diff4",-20.3
"diff4",-11.3
"diff4",-15.3
"diff4",-19.3
"diff4",-17.3
"diff4",-15.3
"diff4",-17.3
"diff4",-14.3
"diff4",-19.3
"diff4",-16.3
"diff4",-12.3
"diff4",-21.3
"diff4",-13.3
"diff4",-15.3
"diff4",-13.3
"diff4",-9.3
"diff4",-13.3
"diff4",-15.3
"diff4",-18.3
"diff4",-20.3
"diff4",-17.3
"diff4",-19.3
"diff4",-10.3
"diff4",-14.3
"diff4",-13.3
"diff4",-16.3
"diff4",-15.3
"diff4",-18.3
"diff4",-17.3
"diff4",-13.3
"diff4",-10.3
"diff4",-15.3
"diff4",-13.3
"diff4",-20.3
"diff4",-12.3
"diff4",-15.3
"diff4",-17.3
"diff4",-17.3
"diff4",-13.3
"diff4",-8.3
"diff4",-14.3
"diff4",-14.3
"diff4",-18.3
"diff4",-15.3
"diff4",-12.3
"diff4",-14.3
"diff4",-12.3
"diff4",-10.3
"diff4",-15.3
"diff4",-13.3
"diff4",-11.3
"diff4",-15.3
"diff4",-14.3
"diff4",-14.3
"diff4",-12.3
"diff4",-21.3
"diff4",-12.3
"diff4",-14.3
"diff4",-13.3
"diff4",-14.3
"diff4",-13.3
"diff4",-15.3
"diff4",-18.3
"diff4",-15.3
"diff4",-20.3
"diff4",-18.3
"diff4",-15.3
"diff4",-15.3
"diff4",-17.3
"diff4",-18.3
"diff4",-15.3
"diff4",-15.3
"diff4",-19.3
"diff4",-12.3
"diff4",-15.3
"diff4",-13.3
"diff4",-10.3
"diff4",-14.3
"diff4",-13.3
"diff4",-18.3
"diff4",-14.3
"diff4",-17.3
"diff4",-16.3
"diff4",-14.3
"diff4",-15.3
"diff4",-17.3
"diff4",-13.3
"diff4",-19.3
"diff4",-10.3
"diff4",-18.3
"diff4",-12.3
"diff4",-18.3
"diff4",-18.3
"diff4",-8.3
"diff4",-12.3
"diff4",-12.3
"diff4",-17.3
"diff4",-17.3
"diff4",-17.3
"diff4",-17.3
"diff4",-15.3
"diff4",-18.3
"diff4",-20.3
"diff4",-16.3
"diff4",-15.3
"diff4",-9.3
"diff4",-12.3
"diff4",-10.3
"diff4",-13.3
"diff4",-12.3
"diff4",-15.3
"diff4",-16.3
"diff4",-12.3
"diff4",-15.3
"diff4",-11.3
"diff4",-10.3
"diff4",-13.3
"diff4",-11.3
"diff4",-14.3
"diff4",-12.3
"diff4",-11.3
"diff4",-15.3
"diff4",-18.3
"diff4",-10.3
"diff4",-9.3
"diff4",-13.3
"diff4",-12.3
"diff4",-21.3
"diff4",-16.3
"diff4",-17.3
"diff4",-14.3
"diff4",-14.3
"diff4",-12.3
"diff4",-12.3
"diff4",-14.3
"diff4",-16.3
"diff4",-9.3
"diff4",-19.3
"diff4",-10.3
"diff4",-18.3
"diff4",-9.3
"diff4",-19.3
"diff4",-13.3
"diff4",-16.3
"diff4",-16.3
"diff4",-17.3
"diff4",-14.3
"diff4",-15.3
"diff4",-21.3
"diff4",-16.3
"diff4",-11.3
"diff4",-15.3
"diff4",-15.3
"diff4",-15.3
"diff4",-20.3
"diff4",-15.3
"diff4",-15.3
"diff4",-14.3
"diff4",-11.3
"diff4",-10.3
"diff4",-17.3
"diff4",-11.3
"diff4",-20.3
"diff4",-12.3
"diff4",-13.3
"diff4",-10.3
"diff4",-13.3
"diff4",-13.3
"diff4",-17.3
"diff4",-8.3
"diff4",-12.3
"diff4",-15.3
"diff4",-17.3
"diff4",-12.3
"diff4",-14.3
"diff4",-13.3
"diff4",-15.3
"diff4",-17.3
"diff4",-15.3
"diff4",-12.3
"diff4",-17.3
"diff4",-11.3
"diff4",-13.3
"diff4",-10.3
"diff4",-9.3
"diff4",-10.3
"diff4",-12.3
"diff4",-13.3
"diff4",-15.3
"diff4",-16.3
"diff4",-11.3
"diff4",-15.3
"diff4",-15.3
"diff4",-16.3
"diff4",-14.3
"diff4",-17.3
"diff4",-9.3
"diff4",-13.3
"diff4",-15.3
"diff4",-14.3
"diff4",-14.3
"diff4",-13.3
"diff4",-10.3
"diff4",-15.3
"diff4",-18.3
"diff4",-13.3
"diff4",-13.3
"diff4",-11.3
"diff4",-10.3
"diff4",-11.3
"diff4",-15.3
"diff4",-12.3
"diff4",-7.3
"diff4",-12.3
"diff4",-11.3
"diff4",-13.3
"diff4",-10.3
"diff4",-13.3
"diff4",-12.3
"diff4",-12.3
"diff4",-16.3
"diff4",-8.3
"diff4",-13.3
"diff4",-15.3
"diff4",-17.3
"diff4",-15.3
"diff4",-11.3
"diff4",-10.3
"diff4",-18.3
"diff4",-15.3
"diff4",-9.3
"diff4",-19.3
"diff4",-11.3
"diff4",-16.3
"diff4",-14.3
"diff4",-12.3
"diff4",-16.3
"diff4",-15.3
"diff4",-16.3
"diff4",-12.3
"diff4",-10.3
"diff4",-18.3
"diff4",-18.3
"diff4",-10.3
"diff4",-20.3
"diff4",-16.3
"diff4",-19.3
"diff4",-15.3
"diff4",-15.3
"diff4",-17.3
"diff4",-15.3
"diff4",-19.3
"diff4",-9.3
"diff4",-14.3
"diff4",-11.3
"diff4",-10.3
"diff4",-14.3
"diff4",-18.3
"diff4",-10.3
"diff4",-15.3
"diff4",-16.3
"diff4",-15.3
"diff4",-17.3
"diff4",-9.3
"diff4",-14.3
"diff4",-17.3
"diff4",-16.3
"diff4",-12.3
"diff4",-16.3
"diff4",-19.3
"diff4",-17.3
"diff4",-13.3
"diff4",-14.3
"diff4",-15.3
"diff4",-16.3
"diff4",-15.3
"diff4",-14.3
"diff4",-12.3
"diff4",-19.3
"diff4",-14.3
"diff4",-13.3
"diff4",-18.3
"diff4",-16.3
"diff4",-14.3
"diff4",-14.3
"diff4",-17.3
"diff4",-15.3
"diff4",-19.3
"diff4",-16.3
"diff4",-18.3
"diff4",-18.3
"diff4",-13.3
"diff4",-15.3
"diff4",-15.3
"diff4",-15.3
"diff4",-11.3
"diff4",-11.3
"diff4",-16.3
"diff4",-16.3
"diff4",-17.3
"diff4",-10.3
"diff4",-17.3
"diff4",-16.3
"diff4",-15.3
"diff4",-15.3
"diff4",-16.3
"diff4",-10.3
"diff4",-15.3
"diff4",-12.3
"diff4",-19.3
"diff4",-17.3
"diff4",-14.3
"diff4",-9.3
"diff4",-12.3
"diff4",-21.3
"diff4",-15.3
"diff4",-12.3
"diff4",-15.3
"diff4",-11.3
"diff4",-8.3
"diff4",-15.3
"diff4",-14.3
"diff4",-15.3
"diff4",-12.3
"diff4",-19.3
"diff4",-15.3
"diff4",-10.3
"diff4",-15.3
"diff4",-18.3
"diff4",-18.3
"diff4",-13.3
"diff4",-15.3
"diff4",-21.3
"diff4",-11.3
"diff4",-11.3
"diff4",-9.3
"diff4",-12.3
"diff4",-11.3
"diff4",-14.3
"diff4",-14.3
"diff4",-14.3
"diff4",-17.3
"diff4",-15.3
"diff4",-14.3
"diff4",-14.3
"diff4",-11.3
"diff4",-18.3
"diff4",-18.3
"diff4",-16.3
"diff4",-13.3
"diff4",-17.3
"diff4",-15.3
"diff4",-19.3
"diff4",-17.3
"diff4",-11.3
"diff4",-11.3
"diff4",-14.3
"diff4",-9.3
"diff4",-16.3
"diff4",-15.3
"diff4",-20.3
"diff4",-17.3
"diff4",-15.3
"diff4",-15.3
"diff4",-13.3
"diff4",-17.3
"diff4",-17.3
"diff4",-15.3
"diff4",-19.3
"diff4",-17.3
"diff4",-17.3
"diff4",-17.3
"diff4",-12.3
"diff4",-14.3
"diff4",-14.3
"diff4",-14.3
"diff4",-12.3
"diff4",-15.3
"diff4",-16.3
"diff4",-8.3
"diff4",-18.3
"diff4",-17.3
"diff4",-11.3
"diff4",-20.3
"diff4",-12.3
"diff4",-14.3
"diff4",-13.3
"diff4",-13.3
"diff4",-19.3
"diff4",-10.3
"diff4",-16.3
"diff4",-15.3
"diff4",-13.3
"diff4",-19.3
"diff4",-14.3
"diff4",-17.3
"diff4",-7.3
"diff4",-13.3
"diff4",-15.3
"diff4",-15.3
"diff4",-15.3
"diff4",-17.3
"diff4",-17.3
"diff4",-8.3
"diff4",-13.3
"diff4",-11.3
"diff4",-15.3
"diff4",-14.3
"diff4",-17.3
"diff4",-8.3
"diff4",-17.3
"diff4",-22.3
"diff4",-15.3
"diff4",-21.3
"diff4",-11.3
"diff4",-15.3
"diff4",-14.3
"diff4",-10.3
"diff4",-16.3
"diff4",-11.3
"diff4",-13.3
"diff4",-20.3
"diff4",-16.3
"diff4",-10.3
"diff4",-17.3
"diff4",-17.3
"diff4",-15.3
"diff4",-11.3
"diff4",-12.3
"diff4",-10.3
"diff4",-10.3
"diff4",-18.3
"diff4",-14.3
"diff4",-13.3
"diff4",-10.3
"diff4",-9.3
"diff4",-14.3
"diff4",-15.3
"diff4",-15.3
"diff4",-14.3
"diff4",-13.3
"diff4",-15.3
"diff4",-20.3
"diff4",-10.3
"diff4",-10.3
"diff4",-16.3
"diff4",-16.3
"diff4",-14.3
"diff4",-16.3
"diff4",-13.3
"diff4",-15.3
"diff4",-15.3
"diff4",-17.3
"diff4",-16.3
"diff4",-16.3
"diff4",-20.3
"diff4",-14.3
"diff4",-21.3
"diff4",-18.3
"diff4",-20.3
"diff4",-14.3
"diff4",-14.3
"diff4",-13.3
"diff4",-13.3
"diff4",-14.3
"diff4",-12.3
"diff4",-12.3
"diff4",-11.3
"diff4",-11.3
"diff4",-14.3
"diff4",-11.3
"diff4",-14.3
"diff4",-17.3
"diff4",-11.3
"diff4",-9.3
"diff4",-14.3
"diff4",-13.3
"diff4",-14.3
"diff4",-12.3
"diff4",-15.3
"diff4",-10.3
"diff4",-12.3
"diff4",-18.3
"diff4",-14.3
"diff4",-16.3
"diff4",-13.3
"diff4",-14.3
"diff4",-18.3
"diff4",-20.3
"diff4",-16.3
"diff4",-15.3
"diff4",-17.3
"diff4",-18.3
"diff4",-9.3
"diff4",-16.3
"diff4",-16.3
"diff4",-11.3
"diff4",-13.3
"diff4",-9.3
"diff4",-15.3
"diff4",-20.3
"diff4",-16.3
"diff4",-16.3
"diff4",-15.3
"diff4",-13.3
"diff4",-12.3
"diff4",-17.3
"diff4",-17.3
"diff4",-11.3
"diff4",-14.3
"diff4",-10.3
"diff4",-10.3
"diff4",-18.3
"diff4",-16.3
"diff4",-11.3
"diff4",-16.3
"diff4",-22.3
"diff4",-15.3
"diff4",-20.3
"diff4",-18.3
"diff4",-15.3
"diff4",-14.3
"diff4",-17.3
"diff4",-14.3
"diff4",-9.3
"diff4",-13.3
"diff4",-13.3
"diff4",-16.3
"diff4",-15.3
"diff4",-16.3
"diff4",-13.3
"diff4",-9.3
"diff4",-15.3
"diff4",-15.3
"diff4",-21.3
"diff4",-12.3
"diff4",-16.3
"diff4",-21.3
"diff4",-15.3
"diff4",-14.3
"diff4",-16.3
"diff4",-13.3
"diff4",-9.3
"diff4",-13.3
"diff4",-17.3
"diff4",-20.3
"diff4",-16.3
"diff4",-12.3
"diff4",-10.3
"diff4",-15.3
"diff4",-11.3
"diff4",-16.3
"diff4",-14.3
"diff4",-12.3
"diff4",-16.3
"diff4",-12.3
"diff4",-22.3
"diff4",-15.3
"diff4",-18.3
"diff4",-16.3
"diff4",-14.3
"diff4",-20.3
"diff4",-15.3
"diff4",-18.3
"diff4",-12.3
"diff4",-18.3
"diff4",-16.3
"diff4",-17.3
"diff4",-11.3
"diff4",-17.3
"diff4",-20.3
"diff4",-18.3
"diff4",-19.3
"diff4",-15.3
"diff4",-12.3
"diff4",-8.3
"diff4",-16.3
"diff4",-17.3
"diff4",-9.3
"diff4",-10.3
"diff4",-19.3
"diff4",-20.3
"diff4",-14.3
"diff4",-14.3
"diff4",-14.3
"diff4",-19.3
"diff4",-14.3
"diff4",-13.3
"diff4",-15.3
"diff4",-11.3
"diff4",-10.3
"diff4",-16.3
"diff4",-12.3
"diff4",-16.3
"diff4",-20.3
"diff4",-13.3
"diff4",-15.3
"diff4",-16.3
"diff4",-15.3
"diff4",-14.3
"diff4",-16.3
"diff4",-21.3
"diff4",-22.3
"diff4",-17.3
"diff4",-10.3
"diff4",-9.3
"diff4",-21.3
"diff4",-13.3
"diff4",-16.3
"diff4",-16.3
"diff4",-16.3
"diff4",-19.3
"diff4",-7.3
"diff4",-16.3
"diff4",-10.3
"diff4",-16.3
"diff4",-19.3
"diff4",-21.3
"diff4",-18.3
"diff4",-22.3
"diff4",-17.3
"diff4",-12.3
"diff4",-20.3
"diff4",-13.3
"diff4",-16.3
"diff4",-14.3
"diff4",-13.3
"diff4",-21.3
"diff4",-11.3
"diff4",-17.3
"diff4",-15.3
"diff4",-17.3
"diff4",-15.3
"diff4",-14.3
"diff4",-17.3
"diff4",-14.3
"diff4",-15.3
"diff4",-13.3
"diff4",-20.3
"diff4",-23.3
"diff4",-12.3
"diff4",-15.3
"diff4",-15.3
"diff4",-10.3
"diff4",-17.3
"diff4",-19.3
"diff4",-14.3
"diff4",-14.3
"diff4",-23.3
"diff4",-15.3
"diff4",-14.3
"diff4",-21.3
"diff4",-14.3
"diff4",-12.3
"diff4",-20.3
"diff4",-18.3
"diff4",-16.3
"diff4",-18.3
"diff4",-15.3
"diff4",-10.3
"diff4",-9.3
"diff4",-16.3
"diff4",-17.3
"diff4",-17.3
"diff4",-11.3
"diff4",-16.3
"diff4",-17.3
"diff4",-12.3
"diff4",-20.3
"diff4",-18.3
"diff4",-17.3
"diff4",-14.3
"diff4",-19.3
"diff4",-17.3
"diff4",-14.3
"diff4",-15.3
"diff4",-15.3
"diff4",-16.3
"diff4",-18.3
"diff4",-18.3
"diff4",-13.3
"diff4",-12.3
"diff4",-21.3
"diff4",-23.3
"diff4",-20.3
"diff4",-12.3
"diff4",-12.3
"diff4",-19.3
"diff4",-10.3
"diff4",-9.3
"diff4",-14.3
"diff4",-22.3
"diff4",-18.3
"diff4",-20.3
"diff4",-18.3
"diff4",-23.3
"diff4",-11.3
"diff4",-12.3
"diff4",-19.3
"diff4",-16.3
"diff4",-8.3
"diff4",-15.3
"diff4",-15.3
"diff4",-12.3
"diff4",-15.3
"diff4",-17.3
"diff4",-9.3
"diff4",-16.3
"diff4",-10.3
"diff4",-8.3
"diff4",-18.3
"diff4",-20.3
"diff4",-16.3
"diff4",-9.3
"diff4",-15.3
"diff4",-17.3
"diff4",-11.3
"diff4",-14.3
"diff4",-9.3
"diff4",-13.3
"diff4",-9.3
"diff4",-14.3
"diff4",-16.3
"diff4",-10.3
"diff4",-16.3
"diff4",-14.3
"diff4",-14.3
"diff4",-15.3
"diff4",-10.3
"diff4",-19.3
"diff4",-13.3
"diff4",-20.3
"diff4",-20.3
"diff4",-11.3
"diff4",-14.3
"diff4",-17.3
"diff4",-16.3
"diff4",-13.3
"diff4",-16.3
"diff4",-12.3
"diff4",-16.3
"diff4",-20.3
"diff4",-17.3
"diff4",-17.3
"diff4",-16.3
"diff4",-15.3
"diff4",-17.3
"diff4",-17.3
"diff4",-11.3
"diff4",-16.3
"diff4",-10.3
"diff4",-14.3
"diff4",-14.3
"diff4",-13.3
"diff4",-12.3
"diff4",-13.3
"diff4",-9.3
"diff4",-18.3
"diff4",-7.3
"diff4",-20.3
"diff4",-23.3
"diff4",-18.3
"diff4",-17.3
"diff4",-11.3
"diff4",-12.3
"diff4",-20.3
"diff4",-15.3
"diff4",-16.3
"diff4",-20.3
"diff4",-11.3
"diff4",-16.3
"diff4",-10.3
"diff4",-16.3
"diff4",-11.3
"diff4",-13.3
"diff4",-17.3
"diff4",-13.3
"diff4",-17.3
"diff4",-14.3
"diff4",-13.3
"diff4",-15.3
"diff4",-13.3
"diff4",-9.3
"diff4",-16.3
"diff4",-22.3
"diff4",-18.3
"diff4",-18.3
"diff4",-22.3
"diff4",-14.3
"diff4",-22.3
"diff4",-16.3
"diff4",-12.3
"diff4",-18.3
"diff4",-20.3
"diff4",-19.3
"diff4",-20.3
"diff4",-16.3
"diff4",-12.3
"diff4",-20.3
"diff4",-20.3
"diff4",-17.3
"diff4",-21.3
"diff4",-16.3
"diff4",-14.3
"diff4",-24.3
"diff4",-11.3
"diff4",-13.3
"diff4",-9.3
"diff4",-15.3
"diff4",-17.3
"diff4",-18.3
"diff4",-15.3
"diff4",-15.3
"diff4",-18.3
"diff4",-11.3
"diff4",-16.3
"diff4",-12.3
"diff4",-15.3
"diff4",-11.3
"diff4",-19.3
"diff4",-10.3
"diff4",-16.3
"diff4",-22.3
"diff4",-17.3
"diff4",-13.3
"diff4",-18.3
"diff4",-13.3
"diff4",-9.3
"diff4",-21.3
"diff4",-17.3
"diff4",-22.3
"diff4",-12.3
"diff4",-17.3
"diff4",-14.3
"diff4",-11.3
"diff4",-20.3
"diff4",-18.3
"diff4",-15.3
"diff4",-9.3
"diff4",-15.3
"diff4",-19.3
"diff4",-21.3
"diff4",-15.3
"diff4",-19.3
"diff4",-18.3
"diff4",-16.3
"diff4",-12.3
"diff4",-13.3
"diff4",-10.3
"diff4",-15.3
"diff4",-13.3
"diff4",-18.3
"diff4",-22.3
"diff4",-11.3
"diff4",-13.3
"diff4",-19.3
"diff4",-13.3
"diff4",-8.3
"diff4",-18.3
"diff4",-17.3
"diff4",-14.3
"diff4",-17.3
"diff4",-20.3
"diff4",-13.3
"diff4",-17.3
"diff4",-14.3
"diff4",-19.3
"diff4",-16.3
"diff4",-16.3
"diff4",-15.3
"diff4",-12.3
"diff4",-22.3
"diff4",-15.3
"diff4",-20.3
"diff4",-18.3
"diff4",-19.3
"diff4",-10.3
"diff4",-12.3
"diff4",-12.3
"diff4",-20.3
"diff4",-13.3
"diff4",-14.3
"diff4",-12.3
"diff4",-10.3
"diff4",-13.3
"diff4",-10.3
"diff4",-12.3
"diff4",-23.3
"diff4",-21.3
"diff4",-12.3
"diff4",-16.3
"diff4",-14.3
"diff4",-15.3
"diff4",-12.3
"diff4",-12.3
"diff4",-16.3
"diff4",-16.3
"diff4",-9.3
"diff4",-18.3
"diff4",-12.3
"diff4",-14.3
"diff4",-17.3
"diff4",-15.3
"diff4",-17.3
"diff4",-18.3
"diff4",-13.3
"diff4",-18.3
"diff4",-14.3
"diff4",-14.3
"diff4",-12.3
"diff4",-14.3
"diff4",-24.3
"diff4",-22.3
"diff4",-17.3
"diff4",-17.3
"diff4",-18.3
"diff4",-20.3
"diff4",-10.3
"diff4",-9.3
"diff4",-17.3
"diff4",-12.3
"diff4",-17.3
"diff4",-25.3
"diff4",-13.3
"diff4",-15.3
"diff4",-15.3
"diff4",-12.3
"diff4",-19.3
"diff4",-17.3
"diff4",-20.3
"diff4",-11.3
"diff4",-14.3
"diff4",-20.3
"diff4",-11.3
"diff4",-13.3
"diff4",-12.3
"diff4",-8.3
"diff4",-11.3
"diff4",-22.3
"diff4",-20.3
"diff4",-14.3
"diff4",-12.3
"diff4",-15.3
"diff4",-20.3
"diff4",-10.3
"diff4",-21.3
"diff4",-13.3
"diff4",-13.3
"diff4",-17.3
"diff4",-16.3
"diff4",-16.3
"diff4",-14.3
"diff4",-10.3
"diff4",-7.3
"diff4",-12.3
"diff4",-14.3
"diff4",-19.3
"diff4",-12.3
"diff4",-16.3
"diff4",-16.3
"diff4",-21.3
"diff4",-25.3
"diff4",-16.3
"diff4",-14.3
"diff4",-9.3
"diff4",-11.3
"diff4",-15.3
"diff4",-22.3
"diff4",-13.3
"diff4",-18.3
"diff4",-14.3
"diff4",-18.3
"diff4",-15.3
"diff4",-15.3
"diff4",-22.3
"diff4",-16.3
"diff4",-12.3
"diff4",-15.3
"diff4",-15.3
"diff4",-13.3
"diff4",-20.3
"diff4",-16.3
"diff4",-8.3
"diff4",-14.3
"diff4",-17.3
"diff4",-10.3
"diff4",-19.3
"diff4",-16.3
"diff4",-13.3
"diff4",-13.3
"diff4",-5.3
"diff4",-10.3
"diff4",-15.3
"diff4",-10.3
"diff4",-19.3
"diff4",-18.3
"diff4",-18.3
"diff4",-16.3
"diff4",-11.3
"diff4",-12.3
"diff4",-17.3
"diff4",-17.3
"diff4",-12.3
"diff4",-19.3
"diff4",-15.3
"diff4",-20.3
"diff4",-14.3
"diff4",-21.3
"diff4",-8.3
"diff4",-20.3
"diff4",-14.3
"diff4",-15.3
"diff4",-14.3
"diff4",-22.3
"diff4",-17.3
"diff4",-20.3
"diff4",-20.3
"diff4",-22.3
"diff4",-7.3
"diff4",-19.3
"diff4",-22.3
"diff4",-23.3
"diff4",-17.3
"diff4",-14.3
"diff4",-21.3
"diff4",-10.3
"diff4",-17.3
"diff4",-17.3
"diff4",-12.3
"diff4",-18.3
"diff4",-21.3
"diff4",-23.3
"diff4",-22.3
"diff4",-19.3
"diff4",-20.3
"diff4",-10.3
"diff4",-13.3
"diff4",-8.3
"diff4",-14.3
"diff4",-12.3
"diff4",-15.3
"diff4",-21.3
"diff4",-15.3
"diff4",-14.3
"diff4",-13.3
"diff4",-19.3
"diff4",-10.3
"diff4",-23.3
"diff4",-13.3
"diff4",-13.3
"diff4",-13.3
"diff4",-12.3
"diff4",-19.3
"diff4",-19.3
"diff4",-12.3
"diff4",-23.3
"diff4",-12.3
"diff4",-12.3
"diff4",-16.3
"diff4",-12.3
"diff4",-14.3
"diff4",-10.3
"diff4",-9.3
"diff4",-9.3
"diff4",-18.3
"diff4",-15.3
"diff4",-16.3
"diff4",-17.3
"diff4",-15.3
"diff4",-22.3
"diff4",-15.3
"diff4",-9.3
"diff4",-12.3
"diff4",-19.3
"diff4",-20.3
"diff4",-14.3
"diff4",-14.3
"diff4",-8.3
"diff4",-11.3
"diff4",-18.3
"diff4",-16.3
"diff4",-14.3
"diff4",-13.3
"diff4",-19.3
"diff4",-16.3
"diff4",-8.3
"diff4",-10.3
"diff4",-19.3
"diff4",-15.3
"diff4",-14.3
"diff4",-14.3
"diff4",-11.3
"diff4",-17.3
"diff4",-14.3
"diff4",-13.3
"diff4",-16.3
"diff4",-22.3
"diff4",-16.3
"diff4",-15.3
"diff4",-13.3
"diff4",-21.3
"diff4",-16.3
"diff4",-18.3
"diff4",-17.3
"diff4",-10.3
"diff4",-21.3
"diff4",-12.3
"diff4",-19.3
"diff4",-14.3
"diff4",-18.3
"diff4",-18.3
"diff4",-18.3
"diff4",-10.3
"diff4",-17.3
"diff4",-21.3
"diff4",-8.3
"diff4",-18.3
"diff4",-19.3
"diff4",-7.3
"diff4",-12.3
"diff4",-15.3
"diff4",-10.3
"diff4",-10.3
"diff4",-20.3
"diff4",-9.3
"diff4",-16.3
"diff4",-15.3
"diff4",-12.3
"diff4",-13.3
"diff4",-8.3
"diff4",-18.3
"diff4",-11.3
"diff4",-12.3
"diff4",-9.3
"diff4",-23.3
"diff4",-11.3
"diff4",-16.3
"diff4",-14.3
"diff4",-15.3
"diff4",-24.3
"diff4",-13.3
"diff4",-14.3
"diff4",-17.3
"diff4",-16.3
"diff4",-19.3
"diff4",-24.3
"diff4",-15.3
"diff4",-9.3
"diff4",-13.3
"diff4",-15.3
"diff4",-20.3
"diff4",-13.3
"diff4",-14.3
"diff4",-8.3
"diff4",-19.3
"diff4",-15.3
"diff4",-15.3
"diff4",-13.3
"diff4",-14.3
"diff4",-13.3
"diff4",-9.3
"diff4",-13.3
"diff4",-15.3
"diff4",-18.3
"diff4",-20.3
"diff4",-8.3
"diff4",-19.3
"diff4",-13.3
"diff4",-9.3
"diff4",-13.3
"diff4",-17.3
"diff4",-12.3
"diff4",-19.3
"diff4",-15.3
"diff4",-20.3
"diff4",-18.3
"diff4",-9.3
"diff4",-14.3
"diff4",-13.3
"diff4",-12.3
"diff4",-15.3
"diff4",-11.3
"diff4",-17.3
"diff4",-6.3
"diff4",-12.3
"diff4",-20.3
"diff4",-24.3
"diff4",-11.3
"diff4",-14.3
"diff4",-7.3
"diff4",-16.3
"diff4",-10.3
"diff4",-19.3
"diff4",-13.3
"diff4",-21.3
"diff4",-21.3
"diff4",-15.3
"diff4",-15.3
"diff4",-14.3
"diff4",-12.3
"diff4",-15.3
"diff4",-15.3
"diff4",-10.3
"diff4",-16.3
"diff4",-23.3
"diff4",-9.3
"diff4",-19.3
"diff4",-7.3
"diff4",-13.3
"diff4",-17.3
"diff4",-8.3
"diff4",-14.3
"diff4",-13.3
"diff4",-7.3
"diff4",-9.3
"diff4",-16.3
"diff4",-22.3
"diff4",-16.3
"diff4",-19.3
"diff4",-11.3
"diff4",-14.3
"diff4",-15.3
"diff4",-8.3
"diff4",-15.3
"diff4",-7.3
"diff4",-12.3
"diff4",-7.3
"diff4",-11.3
"diff4",-18.3
"diff4",-22.3
"diff4",-13.3
"diff4",-17.3
"diff4",-11.3
"diff4",-17.3
"diff4",-16.3
"diff4",-13.3
"diff4",-15.3
"diff4",-14.3
"diff4",-11.3
"diff4",-10.3
"diff4",-19.3
"diff4",-20.3
"diff4",-8.3
"diff4",-12.3
"diff4",-22.3
"diff4",-8.3
"diff4",-8.3
"diff4",-20.3
"diff4",-21.3
"diff4",-14.3
"diff4",-20.3
"diff4",-13.3
"diff4",-9.3
"diff4",-6.3
"diff4",-22.3
"diff4",-14.3
"diff4",-17.3
"diff4",-21.3
"diff4",-18.3
"diff4",-16.3
"diff4",-22.3
"diff4",-14.3
"diff4",-14.3
"diff4",-16.3
"diff4",-14.3
"diff4",-18.3
"diff4",-9.3
"diff4",-15.3
"diff4",-19.3
"diff4",-13.3
"diff4",-19.3
"diff4",-15.3
"diff4",-21.3
"diff4",-18.3
"diff4",-22.3
"diff4",-9.3
"diff4",-15.3
"diff4",-12.3
"diff4",-22.3
"diff4",-11.3
"diff4",-18.3
"diff4",-18.3
"diff4",-15.3
"diff4",-12.3
"diff4",-15.3
"diff4",-17.3
"diff4",-17.3
"diff4",-17.3
"diff4",-13.3
"diff4",-13.3
"diff4",-19.3
"diff4",-8.3
"diff4",-19.3
"diff4",-7.3
"diff4",-17.3
"diff4",-19.3
"diff4",-10.3
"diff4",-12.3
"diff4",-17.3
"diff4",-17.3
"diff4",-12.3
"diff4",-19.3
"diff4",-18.3
"diff4",-18.3
"diff4",-14.3
"diff4",-12.3
"diff4",-17.3
"diff4",-23.3
"diff4",-16.3
"diff4",-14.3
"diff4",-9.3
"diff4",-18.3
"diff4",-16.3
"diff4",-3.3
"diff4",-12.3
"diff4",-6.3
"diff4",-8.3
"diff4",-13.3
"diff4",-13.3
"diff4",-19.3
"diff4",-19.3
"diff4",-18.3
"diff4",-13.3
"diff4",-18.3
"diff4",-19.3
"diff4",-13.3
"diff4",-17.3
"diff4",-13.3
"diff4",-19.3
"diff4",-22.3
"diff4",-15.3
"diff4",-20.3
"diff4",-18.3
"diff4",-12.3
"diff4",-14.3
"diff4",-22.3
"diff4",-12.3
"diff4",-11.3
"diff4",-8.3
"diff4",-22.3
"diff4",-17.3
"diff4",-25.3
"diff4",-16.3
"diff4",-12.3
"diff4",-9.3
"diff4",-23.3
"diff4",-26.3
"diff4",-18.3
"diff4",-14.3
"diff4",-24.3
"diff4",-18.3
"diff4",-20.3
"diff4",-22.3
"diff4",-10.3
"diff4",-10.3
"diff4",-9.3
"diff4",-13.3
"diff4",-13.3
"diff4",-8.3
"diff4",-19.3
"diff4",-23.3
"diff4",-10.3
"diff4",-22.3
"diff4",-12.3
"diff4",-15.3
"diff4",-20.3
"diff4",-15.3
"diff4",-16.3
"diff4",-19.3
"diff4",-10.3
"diff4",-15.3
"diff4",-20.3
"diff4",-15.3
"diff4",-15.3
"diff4",-7.3
"diff4",-17.3
"diff4",-12.3
"diff4",-20.3
"diff4",-26.3
"diff4",-9.3
"diff4",-23.3
"diff4",-21.3
"diff4",-6.3
"diff4",-9.3
"diff4",-12.3
"diff4",-22.3
"diff4",-11.3
"diff4",-23.3
"diff4",-18.3
"diff4",-14.3
"diff4",-22.3
"diff4",-14.3
"diff4",-21.3
"diff4",-25.3
"diff4",-7.3
"diff4",-8.3
"diff4",-13.3
"diff4",-19.3
"diff4",-13.3
"diff4",-7.3
"diff4",-3.3
"diff4",-7.3
"diff4",-13.3
"diff4",-18.3
"diff4",-22.3
"diff4",-9.3
"diff4",-21.3
"diff4",-25.3
"diff4",-5.3
"diff4",-6.3
"diff4",-7.3
"diff4",-15.3
"diff4",-23.3
"diff4",-9.3
"diff4",-16.3
"diff4",-24.3
"diff4",-23.3
"diff4",-12.3
"diff4",-20.3
"diff4",-7.3
"diff4",-14.3
"diff4",-5.3
"diff4",-25.3
"diff4",-7.3
"diff4",-8.3
"diff4",-27.3
"diff4",-25.3
"diff4",-22.3
"diff4",-15.3
"diff4",-16.3
"diff4",-17.3
"diff4",-23.3
"diff4",-8.3
"diff4",-20.3
"diff4",-16.3
"diff4",-12.3
"diff4",-13.3
"diff4",-14.3
"diff4",-23.3
"diff4",-7.3
"diff4",-20.3
"diff4",-21.3
"diff4",-15.3
"diff4",-19.3
"diff4",-9.3
"diff4",-13.3
"diff4",-23.3
"diff4",-20.3
"diff4",-15.3
"diff4",-6.3
"diff4",-14.3
"diff4",-18.3
"diff4",-22.3
"diff4",-8.3
"diff4",-8.3
"diff4",-12.3
"diff4",-14.3
"diff4",-17.3
"diff4",-8.3
"diff4",-21.3
"diff4",-21.3
"diff4",-22.3
"diff4",-13.3
"diff4",-25.3
"diff4",-19.3
"diff4",-16.3
"diff4",-18.3
"diff4",-19.3
"diff4",-11.3
"diff4",-10.3
"diff4",-13.3
"diff4",-14.3
"diff4",-15.3
"diff4",-4.3
"diff4",-20.3
"diff4",-26.3
"diff4",-13.3
"diff4",-9.3
"diff4",-20.3
"diff4",-12.3
"diff4",-16.3
"diff4",-15.3
"diff4",-5.3
"diff4",-10.3
"diff4",-15.3
"diff4",-16.3
"diff4",-13.3
"diff4",-18.3
"diff4",-23.3
"diff4",-19.3
"diff4",-10.3
"diff4",-13.3
"diff4",-25.3
"diff4",-17.3
"diff4",-8.3
"diff4",-19.3
"diff4",-6.3
"diff4",-13.3
"diff4",-14.3
"diff4",-22.3
"diff4",-23.3
"diff4",-24.3
"diff4",-4.3
"diff4",-13.3
"diff4",-11.3
"diff4",-9.3
"diff4",-15.3
"diff4",-20.3
"diff4",-17.3
"diff4",-16.3
"diff4",-6.3
"diff4",-5.3
"diff4",-22.3
"diff4",-12.3
"diff4",-8.3
"diff4",-12.3
"diff4",-13.3
"diff4",-26.3
"diff4",-10.3
"diff4",-24.3
"diff4",-8.3
"diff4",-26.3
"diff4",-21.3
"diff4",-4.3
"diff4",-22.3
"diff4",-16.3
"diff4",-18.3
"diff4",-14.3
"diff4",-16.3
"diff4",-20.3
"diff4",-15.3
"diff4",-12.3
"diff4",-5.3
"diff4",-16.3
"diff4",-11.3
"diff4",-19.3
"diff4",-22.3
"diff4",-24.3
"diff4",-3.3
"diff4",-19.3
"diff4",-12.3
"diff4",-14.3
"diff4",-12.3
"diff4",-20.3
"diff4",-9.3
"diff4",-5.3
"diff4",-2.3
"diff4",-24.3
"diff4",-28.3
"diff4",-7.3
"diff4",-4.3
"diff4",-22.3
"diff4",-10.3
"diff4",-17.3
"diff4",-25.3
"diff4",-10.3
"diff4",-12.3
"diff4",-20.3
"diff4",-18.3
"diff4",-11.3
"diff4",-22.3
"diff4",-20.3
"diff4",-2.3
"diff4",-5.3
"diff4",-19.3
"diff4",-18.3
"diff4",-10.3
"diff4",-13.3
"diff4",-18.3
"diff4",-5.3
"diff4",-7.3
"diff4",-24.3
"diff4",-19.3
"diff4",-23.3
"diff4",-26.3
"diff4",-10.3
"diff4",-6.3
"diff4",-16.3
"diff4",-21.3
"diff4",-8.3
"diff4",-8.3
"diff4",-5.3
"diff4",-20.3
"diff4",-11.3
"diff4",-23.3
"diff4",-7.3
"diff4",-12.3
"diff4",-19.3
"diff4",-14.3
"diff4",-18.3
"diff4",-10.3
"diff4",-16.3
"diff4",-17.3
"diff4",-17.3
"diff4",-15.3
"diff4",-28.3
"diff4",-16.3
"diff4",-9.3
"diff4",-13.3
"diff4",-22.3
"diff4",-18.3
"diff4",-16.3
"diff4",-13.3
"diff4",-19.3
"diff4",-15.3
"diff4",-14.3
"diff4",-14.3
"diff4",-4.3
"diff4",-13.3
"diff4",-16.3
"diff4",-11.3
"diff4",-3.3
"diff4",-18.3
"diff4",-7.3
"diff4",-1.3
"diff4",-23.3
"diff4",-16.3
"diff4",-20.3
"diff4",-14.3
"diff4",-23.3
"diff4",-9.3
"diff4",-22.3
"diff4",-5.3
"diff4",-19.3
"diff4",-7.3
"diff4",-24.3
"diff4",-21.3
"diff4",-28.3
"diff4",-26.3
"diff4",-20.3
"diff4",-16.3
"diff4",-17.3
"diff4",-21.3
"diff4",-8.3
"diff4",-8.3
"diff4",-14.3
"diff4",-22.3
"diff4",-10.3
"diff4",-21.3
"diff4",-18.3
"diff4",-15.3
"diff4",-18.3
"diff4",-14.3
"diff4",-14.3
"diff4",-2.3
"diff4",-20.3
"diff4",-10.3
"diff4",-9.3
"diff4",-1.3
"diff4",-12.3
"diff4",-13.3
"diff4",-12.3
"diff4",-24.3
"diff4",-7.3
"diff4",-9.3
"diff4",-0.300000000000001
"diff4",-24.3
"diff4",-20.3
"diff4",-14.3
"diff4",-12.3
"diff4",-5.3
"diff4",-19.3
"diff4",-12.3
"diff4",-17.3
"diff4",-24.3
"diff4",-22.3
"diff4",-16.3
"diff4",-13.3
"diff4",-13.3
"diff4",-1.3
"diff4",-13.3
"diff4",-20.3
"diff4",-16.3
"diff4",-6.3
"diff4",-21.3
"diff4",-3.3
"diff4",-19.3
"diff4",-5.3
"diff4",-26.3
"diff4",-17.3
"diff4",-25.3
"diff4",-18.3
"diff4",-4.3
"diff4",-5.3
"diff4",-23.3
"diff4",-13.3
"diff4",-15.3
"diff4",-13.3
"diff4",-11.3
"diff4",-1.3
"diff4",-0.300000000000001
"diff4",-4.3
"diff4",-23.3
"diff4",-23.3
"diff4",-11.3
"diff4",-27.3
"diff4",-7.3
"diff4",-20.3
"diff4",-12.3
"diff4",-9.3
"diff4",-5.3
"diff4",-9.3
"diff4",-13.3
"diff4",-27.3
"diff4",-18.3
"diff4",-7.3
"diff4",-17.3
"diff4",-27.3
"diff4",-27.3
"diff4",-18.3
"diff4",-12.3
"diff4",-17.3
"diff4",-8.3
"diff4",-12.3
"diff4",-15.3
"diff4",-14.3
"diff4",-10.3
"diff4",-12.3
"diff4",-12.3
"diff4",-15.3
"diff4",-27.3
"diff4",-13.3
"diff4",-13.3
"diff4",-8.3
"diff4",-9.3
"diff4",-17.3
"diff4",-28.3
"diff4",-10.3
"diff4",-24.3
"diff4",-0.300000000000001
"diff4",-20.3
"diff4",-18.3
"diff4",-19.3
"diff4",-8.3
"diff4",-12.3
"diff4",-12.3
"diff4",-17.3
"diff4",-17.3
"diff4",-11.3
"diff4",-12.3
"diff4",-19.3
"diff4",-9.3
"diff4",-14.3
"diff4",-14.3
"diff4",-10.3
"diff4",-25.3
"diff4",-3.3
"diff4",-15.3
"diff4",-23.3
"diff4",-13.3
"diff4",-14.3
"diff4",-18.3
"diff4",-14.3
"diff4",-17.3
"diff4",-18.3
"diff4",-15.3
"diff4",-17.3
"diff4",-15.3
"diff4",-24.3
"diff4",-22.3
"diff4",-4.3
"diff4",-5.3
"diff4",-3.3
"diff4",-3.3
"diff4",-11.3
"diff4",-18.3
"diff4",-25.3
"diff4",-9.3
"diff4",-16.3
"diff4",-17.3
"diff4",-5.3
"diff4",-13.3
"diff4",-13.3
"diff4",-12.3
"diff4",-2.3
"diff4",-14.3
"diff4",-23.3
"diff4",-4.3
"diff4",-25.3
"diff4",-14.3
"diff4",-12.3
"diff4",-7.3
"diff4",-14.3
"diff4",-7.3
"diff4",-16.3
"diff4",-20.3
"diff4",-14.3
"diff4",-15.3
"diff4",-19.3
"diff4",-12.3
"diff4",-24.3
"diff4",-15.3
"diff4",0.699999999999999
"diff4",-21.3
"diff4",-23.3
"diff4",-15.3
"diff4",-29.3
"diff4",-29.3
"diff4",-15.3
"diff4",-13.3
"diff4",-12.3
"diff4",-12.3
"diff4",-14.3
"diff4",-18.3
"diff4",-29.3
"diff4",-8.3
"diff4",-24.3
"diff4",-7.3
"diff4",-19.3
"diff4",-9.3
"diff4",-10.3
"diff4",-26.3
"diff4",-17.3
"diff4",-3.3
"diff4",-9.3
"diff4",-22.3
"diff4",-8.3
"diff4",-15.3
"diff4",-22.3
"diff4",-10.3
"diff4",-22.3
"diff4",-16.3
"diff4",-5.3
"diff4",-6.3
"diff4",-16.3
"diff4",-12.3
"diff4",-18.3
"diff4",-19.3
"diff4",-16.3
"diff4",-8.3
"diff4",-17.3
"diff4",-8.3
"diff4",-14.3
"diff4",-17.3
"diff4",-18.3
"diff4",-2.3
"diff4",-22.3
"diff4",-5.3
"diff4",-2.3
"diff4",-25.3
"diff4",-8.3
"diff4",-4.3
"diff4",-24.3
"diff4",-30.3
"diff4",-27.3
"diff4",-20.3
"diff4",-18.3
"diff4",-16.3
"diff4",-16.3
"diff4",-15.3
"diff4",-8.3
"diff4",-10.3
"diff4",-0.300000000000001
"diff4",-25.3
"diff4",-22.3
"diff4",-22.3
"diff4",-10.3
"diff4",-15.3
"diff4",-12.3
"diff4",-19.3
"diff4",-11.3
"diff4",-21.3
"diff4",-7.3
"diff4",-19.3
"diff4",-2.3
"diff4",-17.3
"diff4",-7.3
"diff4",-22.3
"diff4",-18.3
"diff4",-7.3
"diff4",-0.300000000000001
"diff4",-5.3
"diff4",-8.3
"diff4",-20.3
"diff4",-6.3
"diff4",-23.3
"diff4",-22.3
"diff4",-17.3
"diff4",-21.3
"diff4",-12.3
"diff4",-12.3
"diff4",-25.3
"diff4",-14.3
"diff4",-17.3
"diff4",-6.3
"diff4",-22.3
"diff4",-19.3
"diff4",-11.3
"diff4",-18.3
"diff4",-26.3
"diff4",-2.3
"diff4",-12.3
"diff4",-10.3
"diff4",-17.3
"diff4",-24.3
"diff4",-17.3
"diff4",6.7
"diff4",-5.3
"diff4",-23.3
"diff4",11.7
"diff4",-20.3
"diff4",-13.3
"diff4",-10.3
"diff4",-23.3
"diff4",-28.3
"diff4",-26.3
"diff4",-11.3
"diff4",-26.3
"diff4",-7.3
"diff4",-10.3
"diff4",5.7
"diff4",-2.3
"diff4",-13.3
"diff4",-20.3
"diff4",-10.3
"diff4",-24.3
"diff4",-3.3
"diff4",-10.3
"diff4",-21.3
"diff4",-17.3
"diff4",-25.3
"diff4",-20.3
"diff4",-34.3
"diff4",-3.3
"diff4",-1.3
"diff4",-9.3
"diff4",-1.3
"diff4",-15.3
"diff4",-4.3
"diff4",-11.3
"diff4",-15.3
"diff4",6.7
"diff4",-33.3
"diff4",8.7
"diff4",1.7
"diff4",-2.3
"diff4",-6.3
"diff4",-14.3
"diff4",-11.3
"diff4",-31.3
"diff4",-11.3
"diff4",-3.3
"diff4",6.7
"diff4",-20.3
"diff4",-17.3
"diff4",-18.3
"diff4",-2.3
"diff4",-19.3
"diff4",-12.3
"diff4",-12.3
"diff4",-22.3
"diff4",-17.3
"diff4",-25.3
"diff4",-6.3
"diff4",-29.3
"diff4",-10.3
"diff4",-34.3
"diff4",-22.3
"diff4",-28.3
"diff4",-2.3
"diff4",-9.3
"diff4",-36.3
"diff4",1.7
"diff4",-25.3
"diff4",-34.3
"diff4",-26.3
"diff4",-9.3
"diff4",-25.3
"diff4",12.7
"diff4",-24.3
"diff4",-8.3
"diff4",-22.3
"diff4",-26.3
"diff4",-8.3
"diff4",-21.3
"diff4",-28.3
"diff4",0.699999999999999
"diff4",-18.3
"diff4",-10.3
"diff4",-1.3
"diff4",-26.3
"diff4",-8.3
"diff4",-13.3
"diff4",-10.3
"diff4",-12.3
"diff4",-21.3
"diff4",-8.3
"diff4",-26.3
"diff4",-10.3
"diff4",5.7
"diff4",-35.3
"diff4",-43.3
"diff4",-17.3
"diff4",-9.3
"diff4",-21.3
"diff4",-12.3
"diff4",-14.3
"diff4",-25.3
"diff4",-32.3
"diff4",-22.3
"diff4",-24.3
"diff4",-35.3
"diff4",-9.3
"diff4",-20.3
"diff4",-14.3
"diff4",-24.3
"diff4",-38.3
"diff4",-15.3
"diff4",1.7
"diff4",0.699999999999999
"diff4",-22.3
"diff4",-10.3
"diff4",-2.3
"diff4",-19.3
"diff4",-13.3
"diff4",-6.3
"diff4",-13.3
"diff4",-20.3
"diff4",-26.3
"diff4",-12.3
"diff4",-31.3
"diff4",-8.3
"diff4",-21.3
"diff4",-21.3
"diff4",-20.3
"diff4",-1.3
"diff4",-14.3
"diff4",-19.3
"diff4",-12.3
"diff4",-0.300000000000001
"diff4",-15.3
"diff4",2.7
"diff4",-14.3
"diff4",-3.3
"diff4",-21.3
"diff4",-4.3
"diff4",0.699999999999999
"diff4",-23.3
"diff4",-4.3
"diff4",-17.3
"diff4",-37.3
"diff4",-16.3
"diff4",-30.3
"diff4",-9.3
"diff4",-41.3
"diff4",-0.300000000000001
"diff4",-15.3
"diff4",-20.3
"diff4",-9.3
"diff4",-32.3
"diff4",-16.3
"diff4",-1.3
"diff4",-21.3
"diff4",2.7
"diff4",2.7
"diff4",-8.3
"diff4",-18.3
"diff4",-39.3
"diff4",-34.3
"diff4",4.7
"diff4",-30.3
"diff4",-5.3
"diff4",-21.3
"diff4",5.7
"diff4",8.7
"diff4",-34.3
"diff4",-5.3
"diff4",11.7
"diff4",-36.3
"diff4",-21.3
"diff4",-14.3
"diff4",-26.3
"diff4",-19.3
"diff4",3.7
"diff4",-23.3
"diff4",0.699999999999999
"diff4",10.7
"diff4",-33.3
"diff4",-27.3
"diff4",-6.3
"diff4",-0.300000000000001
"diff4",-13.3
"diff4",-5.3
"diff4",6.7
"diff4",-2.3
"diff4",0.699999999999999
"diff4",-30.3
"diff4",5.7
"diff4",-21.3
"diff4",-37.3
"diff4",-2.3
"diff4",5.7
"diff4",18.7
"diff4",-21.3
"diff4",-49.3
"diff4",20.7
"diff4",-35.3
"diff4",20.7
"diff4",-14.3
"diff4",0.699999999999999
"diff4",-21.3
"diff4",27.7
"diff4",-70.3
"diff4",-32.3
"diff4",-44.3
"diff4",-103.3
"diff4",-36.3
"diff4",-31.3
"diff4",43.7
"diff4",53.7
"diff4",-60.3
"diff4",-21.3
"diff4",-7.3
"diff4",38.7
"diff4",36.7
"diff4",-34.3
"diff4",-18.3
"diff4",-18.3
"diff4",-20.3
"diff4",-32.3
"diff4",-32.3
"diff4",-9.3
"diff4",16.7
"diff4",-5.3
"diff4",75.7
"diff4",44.7
"diff4",41.7
"diff4",-13.3
"diff4",22.7
"diff4",15.7
"diff4",51.7
"diff4",-69.3
"diff4",37.7
"diff4",-47.3
"diff4",-8.3
"diff4",-11.3
"diff4",48.7
"diff4",-40.3
"diff4",-13.3
"diff4",-1.3
"diff4",-5.3
"diff4",-47.3
"diff4",-123.3
"diff4",-30.3
"diff4",14.7
"diff4",56.7
"diff4",-1.3
"diff4",-13.3
"diff4",-0.300000000000001
"diff4",-16.3
"diff4",-40.3
"diff4",-81.3
"diff4",-3.3
"diff4",190.7
"diff4",-40.3
"diff4",-13.3
"diff4",-36.3
"diff4",-43.3
"diff4",-30.3
"diff4",-34.3
"diff4",0.699999999999999
"diff4",-10.3
"diff4",-19.3
"diff4",-92.3
"diff4",14.7
"diff4",-9.3
"diff4",6.7
"diff4",66.7
"diff4",-58.3
"diff4",7.7
"diff4",1.7
"diff4",-29.3
"diff4",-10.3
"diff4",-41.3
"diff4",-12.3
"diff4",86.7
"diff4",8.7
"diff4",-40.3
"diff4",23.7
"diff4",-32.3
"diff4",18.7
"diff4",-81.3
"diff4",-29.3
"diff4",-6.3
"diff4",-32.3
"diff4",-38.3
"diff4",-26.3
"diff4",3.7
"diff4",-40.3
"diff4",-52.3
"diff4",2.7
"diff4",-8.3
"diff4",-9.3
"diff4",-22.3
"diff4",-38.3
"diff4",-31.3
"diff4",-86.3
"diff4",-2.3
"diff4",62.7
"diff4",-38.3
"diff4",45.7
"diff4",-51.3
"diff4",-84.3
"diff4",18.7
"diff4",155.7
"diff4",-18.3
"diff4",6.7
"diff4",-64.3
"diff4",-16.3
"diff4",-8.3
"diff4",14.7
"diff4",-74.3
"diff4",24.7
"diff4",36.7
"diff4",-48.3
"diff4",-4.3
"diff4",-4.3
"diff4",-25.3
"diff4",-21.3
"diff4",3.7
"diff4",12.7
"diff4",-20.3
"diff4",-20.3
"diff4",17.7
"diff4",-4.3
"diff4",19.7
"diff4",-2.3
"diff4",-14.3
"diff4",-24.3
"diff4",-82.3
"diff4",-15.3
"diff4",-7.3
"diff4",7.7
"diff4",-45.3
"diff4",-19.3
"diff4",-49.3
"diff4",8.7
"diff4",-25.3
"diff4",-69.3
"diff4",37.7
"diff4",3.7
"diff4",2.7
"diff4",-5.3
"diff4",-18.3
"diff4",-45.3
"diff4",-7.3
"diff4",-39.3
"diff4",-67.3
"diff4",-28.3
"diff4",-32.3
"diff4",-23.3
"diff4",-4.3
"diff4",2.7
"diff4",14.7
"diff4",-50.3
"diff4",-28.3
"diff4",-67.3
"diff4",-36.3
"diff5",-32.3
"diff5",-20.3
"diff5",56.7
"diff5",-20.3
"diff5",-41.3
"diff5",-21.3
"diff5",-93.3
"diff5",-71.3
"diff5",-16.3
"diff5",-142.3
"diff5",-1.3
"diff5",-10.3
"diff5",-21.3
"diff5",-32.3
"diff5",42.7
"diff5",-148.3
"diff5",10.7
"diff5",-26.3
"diff5",-95.3
"diff5",-138.3
"diff5",-49.3
"diff5",-41.3
"diff5",-18.3
"diff5",-136.3
"diff5",-65.3
"diff5",-50.3
"diff5",-31.3
"diff5",-36.3
"diff5",21.7
"diff5",8.7
"diff5",-81.3
"diff5",-95.3
"diff5",-66.3
"diff5",-42.3
"diff5",83.7
"diff5",-43.3
"diff5",-8.3
"diff5",11.7
"diff5",-34.3
"diff5",-17.3
"diff5",-28.3
"diff5",-32.3
"diff5",-16.3
"diff5",85.7
"diff5",-45.3
"diff5",-147.3
"diff5",-144.3
"diff5",37.7
"diff5",-41.3
"diff5",95.7
"diff5",-43.3
"diff5",99.7
"diff5",99.7
"diff5",45.7
"diff5",6.7
"diff5",-30.3
"diff5",-20.3
"diff5",-140.3
"diff5",91.7
"diff5",-57.3
"diff5",-87.3
"diff5",82.7
"diff5",6.7
"diff5",96.7
"diff5",-17.3
"diff5",28.7
"diff5",-41.3
"diff5",-71.3
"diff5",-34.3
"diff5",-14.3
"diff5",-12.3
"diff5",-17.3
"diff5",-43.3
"diff5",-56.3
"diff5",-22.3
"diff5",-25.3
"diff5",44.7
"diff5",-26.3
"diff5",-19.3
"diff5",-27.3
"diff5",-68.3
"diff5",52.7
"diff5",-5.3
"diff5",-121.3
"diff5",-17.3
"diff5",-21.3
"diff5",19.7
"diff5",-61.3
"diff5",-9.3
"diff5",-55.3
"diff5",-27.3
"diff5",-45.3
"diff5",-126.3
"diff5",-18.3
"diff5",-21.3
"diff5",24.7
"diff5",-14.3
"diff5",35.7
"diff5",-40.3
"diff5",-11.3
"diff5",87.7
"diff5",27.7
"diff5",-137.3
"diff5",-104.3
"diff5",99.7
"diff5",-23.3
"diff5",-96.3
"diff5",43.7
"diff5",-16.3
"diff5",58.7
"diff5",61.7
"diff5",-25.3
"diff5",-11.3
"diff5",-10.3
"diff5",60.7
"diff5",-69.3
"diff5",97.7
"diff5",-120.3
"diff5",-32.3
"diff5",-3.3
"diff5",-86.3
"diff5",-13.3
"diff5",-58.3
"diff5",-56.3
"diff5",-19.3
"diff5",14.7
"diff5",-79.3
"diff5",12.7
"diff5",-115.3
"diff5",-30.3
"diff5",82.7
"diff5",105.7
"diff5",10.7
"diff5",1.7
"diff5",-75.3
"diff5",-134.3
"diff5",11.7
"diff5",-18.3
"diff5",-73.3
"diff5",-48.3
"diff5",-77.3
"diff5",-38.3
"diff5",-3.3
"diff5",-7.3
"diff5",-14.3
"diff5",-96.3
"diff5",25.7
"diff5",-30.3
"diff5",-113.3
"diff5",-17.3
"diff5",-64.3
"diff5",11.7
"diff5",105.7
"diff5",-0.300000000000001
"diff5",-40.3
"diff5",-17.3
"diff5",9.7
"diff5",-59.3
"diff5",-13.3
"diff5",-21.3
"diff5",-20.3
"diff5",-29.3
"diff5",-97.3
"diff5",-61.3
"diff5",-143.3
"diff5",-29.3
"diff5",-61.3
"diff5",-43.3
"diff5",66.7
"diff5",70.7
"diff5",91.7
"diff5",-21.3
"diff5",-75.3
"diff5",-89.3
"diff5",-10.3
"diff5",89.7
"diff5",-138.3
"diff5",-24.3
"diff5",-60.3
"diff5",-53.3
"diff5",-25.3
"diff5",-26.3
"diff5",-27.3
"diff5",-25.3
"diff5",-147.3
"diff5",-64.3
"diff5",-17.3
"diff5",-2.3
"diff5",-4.3
"diff5",-62.3
"diff5",96.7
"diff5",-19.3
"diff5",-40.3
"diff5",-14.3
"diff5",-146.3
"diff5",-17.3
"diff5",-17.3
"diff5",-129.3
"diff5",-10.3
"diff5",102.7
"diff5",-2.3
"diff5",-22.3
"diff5",-13.3
"diff5",-32.3
"diff5",-22.3
"diff5",-26.3
"diff5",-26.3
"diff5",-16.3
"diff5",-26.3
"diff5",-27.3
"diff5",-14.3
"diff5",-10.3
"diff5",-3.3
"diff5",-4.3
"diff5",-52.3
"diff5",-37.3
"diff5",-36.3
"diff5",-39.3
"diff5",-32.3
"diff5",-36.3
"diff5",-9.3
"diff5",-17.3
"diff5",-17.3
"diff5",-39.3
"diff5",-15.3
"diff5",-47.3
"diff5",-14.3
"diff5",-44.3
"diff5",-3.3
"diff5",-15.3
"diff5",-26.3
"diff5",-3.3
"diff5",-2.3
"diff5",-2.3
"diff5",-8.3
"diff5",-26.3
"diff5",-12.3
"diff5",-31.3
"diff5",-19.3
"diff5",-11.3
"diff5",-30.3
"diff5",-4.3
"diff5",-6.3
"diff5",-26.3
"diff5",-14.3
"diff5",-26.3
"diff5",-15.3
"diff5",-19.3
"diff5",-7.3
"diff5",-19.3
"diff5",-11.3
"diff5",-18.3
"diff5",-11.3
"diff5",4.7
"diff5",-12.3
"diff5",-6.3
"diff5",-27.3
"diff5",-15.3
"diff5",-17.3
"diff5",-30.3
"diff5",-12.3
"diff5",-27.3
"diff5",-10.3
"diff5",-26.3
"diff5",-8.3
"diff5",-15.3
"diff5",-25.3
"diff5",-28.3
"diff5",-2.3
"diff5",-18.3
"diff5",-14.3
"diff5",-17.3
"diff5",-22.3
"diff5",-27.3
"diff5",-21.3
"diff5",-26.3
"diff5",-20.3
"diff5",-0.300000000000001
"diff5",-33.3
"diff5",-47.3
"diff5",-9.3
"diff5",-11.3
"diff5",-21.3
"diff5",-15.3
"diff5",-12.3
"diff5",-37.3
"diff5",-27.3
"diff5",-25.3
"diff5",2.7
"diff5",-8.3
"diff5",-22.3
"diff5",-8.3
"diff5",-17.3
"diff5",-13.3
"diff5",-4.3
"diff5",-11.3
"diff5",-22.3
"diff5",-37.3
"diff5",-31.3
"diff5",-5.3
"diff5",-27.3
"diff5",-8.3
"diff5",-17.3
"diff5",-22.3
"diff5",-34.3
"diff5",-5.3
"diff5",-17.3
"diff5",-30.3
"diff5",-6.3
"diff5",-4.3
"diff5",-11.3
"diff5",-33.3
"diff5",-38.3
"diff5",-6.3
"diff5",-18.3
"diff5",-43.3
"diff5",-44.3
"diff5",-36.3
"diff5",-4.3
"diff5",-34.3
"diff5",-19.3
"diff5",-17.3
"diff5",-25.3
"diff5",-14.3
"diff5",-24.3
"diff5",-28.3
"diff5",-8.3
"diff5",-43.3
"diff5",0.699999999999999
"diff5",-13.3
"diff5",-27.3
"diff5",-12.3
"diff5",-47.3
"diff5",-27.3
"diff5",-6.3
"diff5",-4.3
"diff5",-25.3
"diff5",-18.3
"diff5",-24.3
"diff5",-15.3
"diff5",-18.3
"diff5",-14.3
"diff5",-29.3
"diff5",-7.3
"diff5",-17.3
"diff5",-17.3
"diff5",0.699999999999999
"diff5",-20.3
"diff5",-13.3
"diff5",-19.3
"diff5",-7.3
"diff5",-28.3
"diff5",-27.3
"diff5",3.7
"diff5",-26.3
"diff5",-13.3
"diff5",-26.3
"diff5",-24.3
"diff5",-13.3
"diff5",-19.3
"diff5",0.699999999999999
"diff5",-29.3
"diff5",-23.3
"diff5",-16.3
"diff5",-36.3
"diff5",-4.3
"diff5",-1.3
"diff5",-39.3
"diff5",-22.3
"diff5",-26.3
"diff5",-21.3
"diff5",-50.3
"diff5",-8.3
"diff5",-25.3
"diff5",-48.3
"diff5",-1.3
"diff5",-13.3
"diff5",-30.3
"diff5",-26.3
"diff5",-15.3
"diff5",-14.3
"diff5",-25.3
"diff5",-28.3
"diff5",-5.3
"diff5",-12.3
"diff5",-6.3
"diff5",-31.3
"diff5",3.7
"diff5",6.7
"diff5",-31.3
"diff5",-15.3
"diff5",-24.3
"diff5",-17.3
"diff5",-27.3
"diff5",-25.3
"diff5",-29.3
"diff5",-48.3
"diff5",-14.3
"diff5",-23.3
"diff5",-14.3
"diff5",-30.3
"diff5",-30.3
"diff5",-16.3
"diff5",-13.3
"diff5",-37.3
"diff5",-35.3
"diff5",-20.3
"diff5",-25.3
"diff5",-14.3
"diff5",-17.3
"diff5",-34.3
"diff5",-13.3
"diff5",-24.3
"diff5",-25.3
"diff5",-11.3
"diff5",-25.3
"diff5",-11.3
"diff5",-15.3
"diff5",-35.3
"diff5",-8.3
"diff5",-13.3
"diff5",-19.3
"diff5",-23.3
"diff5",-26.3
"diff5",-23.3
"diff5",-34.3
"diff5",-20.3
"diff5",-20.3
"diff5",-15.3
"diff5",-18.3
"diff5",-14.3
"diff5",-16.3
"diff5",-16.3
"diff5",-23.3
"diff5",-33.3
"diff5",-28.3
"diff5",-15.3
"diff5",-20.3
"diff5",-14.3
"diff5",-6.3
"diff5",-34.3
"diff5",-34.3
"diff5",-13.3
"diff5",-11.3
"diff5",-33.3
"diff5",-22.3
"diff5",-11.3
"diff5",-10.3
"diff5",-15.3
"diff5",-30.3
"diff5",-13.3
"diff5",-9.3
"diff5",-28.3
"diff5",-16.3
"diff5",-13.3
"diff5",-20.3
"diff5",-32.3
"diff5",-31.3
"diff5",-19.3
"diff5",-23.3
"diff5",-15.3
"diff5",-32.3
"diff5",-38.3
"diff5",-17.3
"diff5",-25.3
"diff5",-23.3
"diff5",-24.3
"diff5",-11.3
"diff5",-22.3
"diff5",-19.3
"diff5",-25.3
"diff5",-33.3
"diff5",-27.3
"diff5",-21.3
"diff5",-19.3
"diff5",-21.3
"diff5",-29.3
"diff5",-4.3
"diff5",-9.3
"diff5",-32.3
"diff5",-35.3
"diff5",-22.3
"diff5",-29.3
"diff5",-23.3
"diff5",-26.3
"diff5",-18.3
"diff5",-21.3
"diff5",-21.3
"diff5",-27.3
"diff5",-21.3
"diff5",-21.3
"diff5",-20.3
"diff5",-27.3
"diff5",-17.3
"diff5",-31.3
"diff5",-34.3
"diff5",-19.3
"diff5",-13.3
"diff5",-19.3
"diff5",-16.3
"diff5",-18.3
"diff5",-30.3
"diff5",-7.3
"diff5",-35.3
"diff5",-14.3
"diff5",-17.3
"diff5",-9.3
"diff5",-31.3
"diff5",-11.3
"diff5",-30.3
"diff5",-16.3
"diff5",-12.3
"diff5",-35.3
"diff5",-16.3
"diff5",-30.3
"diff5",-21.3
"diff5",-5.3
"diff5",-36.3
"diff5",-24.3
"diff5",-29.3
"diff5",-26.3
"diff5",-15.3
"diff5",-16.3
"diff5",-25.3
"diff5",-21.3
"diff5",-11.3
"diff5",-8.3
"diff5",-15.3
"diff5",-19.3
"diff5",-33.3
"diff5",-28.3
"diff5",-21.3
"diff5",-28.3
"diff5",-33.3
"diff5",-12.3
"diff5",-21.3
"diff5",-20.3
"diff5",-14.3
"diff5",-23.3
"diff5",-8.3
"diff5",-30.3
"diff5",-26.3
"diff5",-28.3
"diff5",-29.3
"diff5",-25.3
"diff5",-26.3
"diff5",-25.3
"diff5",-10.3
"diff5",-22.3
"diff5",-23.3
"diff5",-22.3
"diff5",-10.3
"diff5",-4.3
"diff5",-18.3
"diff5",-24.3
"diff5",-25.3
"diff5",-27.3
"diff5",-26.3
"diff5",-18.3
"diff5",-23.3
"diff5",-15.3
"diff5",-20.3
"diff5",-20.3
"diff5",-15.3
"diff5",-28.3
"diff5",-19.3
"diff5",-21.3
"diff5",-25.3
"diff5",-20.3
"diff5",-29.3
"diff5",-21.3
"diff5",-25.3
"diff5",-26.3
"diff5",-19.3
"diff5",-12.3
"diff5",-19.3
"diff5",-22.3
"diff5",-18.3
"diff5",-19.3
"diff5",-31.3
"diff5",-27.3
"diff5",-23.3
"diff5",-11.3
"diff5",-20.3
"diff5",-30.3
"diff5",-22.3
"diff5",-17.3
"diff5",-31.3
"diff5",-11.3
"diff5",-12.3
"diff5",-9.3
"diff5",-20.3
"diff5",-27.3
"diff5",-8.3
"diff5",-30.3
"diff5",-27.3
"diff5",-23.3
"diff5",-5.3
"diff5",-10.3
"diff5",-21.3
"diff5",-21.3
"diff5",-14.3
"diff5",-6.3
"diff5",-14.3
"diff5",-23.3
"diff5",-28.3
"diff5",-25.3
"diff5",-33.3
"diff5",-22.3
"diff5",-11.3
"diff5",-27.3
"diff5",-22.3
"diff5",-12.3
"diff5",-20.3
"diff5",-32.3
"diff5",-24.3
"diff5",-23.3
"diff5",-29.3
"diff5",-20.3
"diff5",-12.3
"diff5",-29.3
"diff5",-27.3
"diff5",-15.3
"diff5",-29.3
"diff5",-20.3
"diff5",-19.3
"diff5",-30.3
"diff5",-31.3
"diff5",-19.3
"diff5",-24.3
"diff5",-20.3
"diff5",-19.3
"diff5",-13.3
"diff5",-15.3
"diff5",-19.3
"diff5",-17.3
"diff5",-19.3
"diff5",-22.3
"diff5",-21.3
"diff5",-17.3
"diff5",-18.3
"diff5",-33.3
"diff5",-23.3
"diff5",-13.3
"diff5",-18.3
"diff5",-16.3
"diff5",-13.3
"diff5",-31.3
"diff5",-22.3
"diff5",-14.3
"diff5",-25.3
"diff5",-19.3
"diff5",-29.3
"diff5",-21.3
"diff5",-28.3
"diff5",-28.3
"diff5",-8.3
"diff5",-17.3
"diff5",-22.3
"diff5",-22.3
"diff5",-27.3
"diff5",-24.3
"diff5",-29.3
"diff5",-19.3
"diff5",-22.3
"diff5",-8.3
"diff5",-18.3
"diff5",-32.3
"diff5",-21.3
"diff5",-33.3
"diff5",-24.3
"diff5",-16.3
"diff5",-20.3
"diff5",-26.3
"diff5",-14.3
"diff5",-21.3
"diff5",-23.3
"diff5",-18.3
"diff5",-19.3
"diff5",-14.3
"diff5",-14.3
"diff5",-18.3
"diff5",-22.3
"diff5",-28.3
"diff5",-24.3
"diff5",-18.3
"diff5",-17.3
"diff5",-26.3
"diff5",-26.3
"diff5",-21.3
"diff5",-15.3
"diff5",-25.3
"diff5",-19.3
"diff5",-17.3
"diff5",-13.3
"diff5",-18.3
"diff5",-29.3
"diff5",-25.3
"diff5",-13.3
"diff5",-14.3
"diff5",-9.3
"diff5",-23.3
"diff5",-20.3
"diff5",-17.3
"diff5",-19.3
"diff5",-21.3
"diff5",-19.3
"diff5",-16.3
"diff5",-17.3
"diff5",-25.3
"diff5",-20.3
"diff5",-28.3
"diff5",-32.3
"diff5",-25.3
"diff5",-25.3
"diff5",-24.3
"diff5",-17.3
"diff5",-15.3
"diff5",-19.3
"diff5",-33.3
"diff5",-18.3
"diff5",-21.3
"diff5",-16.3
"diff5",-22.3
"diff5",-16.3
"diff5",-13.3
"diff5",-20.3
"diff5",-26.3
"diff5",-24.3
"diff5",-20.3
"diff5",-31.3
"diff5",-8.3
"diff5",-27.3
"diff5",-12.3
"diff5",-27.3
"diff5",-18.3
"diff5",-13.3
"diff5",-18.3
"diff5",-14.3
"diff5",-24.3
"diff5",-28.3
"diff5",-25.3
"diff5",-15.3
"diff5",-25.3
"diff5",-9.3
"diff5",-29.3
"diff5",-17.3
"diff5",-27.3
"diff5",-29.3
"diff5",-14.3
"diff5",-33.3
"diff5",-21.3
"diff5",-24.3
"diff5",-11.3
"diff5",-16.3
"diff5",-21.3
"diff5",-15.3
"diff5",-16.3
"diff5",-23.3
"diff5",-20.3
"diff5",-20.3
"diff5",-25.3
"diff5",-20.3
"diff5",-22.3
"diff5",-12.3
"diff5",-16.3
"diff5",-25.3
"diff5",-29.3
"diff5",-32.3
"diff5",-25.3
"diff5",-21.3
"diff5",-16.3
"diff5",-22.3
"diff5",-33.3
"diff5",-23.3
"diff5",-25.3
"diff5",-14.3
"diff5",-22.3
"diff5",-21.3
"diff5",-19.3
"diff5",-14.3
"diff5",-22.3
"diff5",-24.3
"diff5",-21.3
"diff5",-24.3
"diff5",-30.3
"diff5",-26.3
"diff5",-23.3
"diff5",-19.3
"diff5",-20.3
"diff5",-35.3
"diff5",-20.3
"diff5",-24.3
"diff5",-20.3
"diff5",-20.3
"diff5",-12.3
"diff5",-21.3
"diff5",-9.3
"diff5",-25.3
"diff5",-30.3
"diff5",-24.3
"diff5",-19.3
"diff5",-21.3
"diff5",-17.3
"diff5",-22.3
"diff5",-18.3
"diff5",-19.3
"diff5",-13.3
"diff5",-29.3
"diff5",-23.3
"diff5",-17.3
"diff5",-19.3
"diff5",-16.3
"diff5",-14.3
"diff5",-21.3
"diff5",-19.3
"diff5",-15.3
"diff5",-22.3
"diff5",-21.3
"diff5",-14.3
"diff5",-19.3
"diff5",-13.3
"diff5",-19.3
"diff5",-13.3
"diff5",-21.3
"diff5",-15.3
"diff5",-28.3
"diff5",-23.3
"diff5",-24.3
"diff5",-15.3
"diff5",-22.3
"diff5",-22.3
"diff5",-19.3
"diff5",-13.3
"diff5",-18.3
"diff5",-23.3
"diff5",-18.3
"diff5",-13.3
"diff5",-26.3
"diff5",-26.3
"diff5",-18.3
"diff5",-16.3
"diff5",-16.3
"diff5",-21.3
"diff5",-19.3
"diff5",-18.3
"diff5",-16.3
"diff5",-22.3
"diff5",-21.3
"diff5",-19.3
"diff5",-14.3
"diff5",-22.3
"diff5",-19.3
"diff5",-19.3
"diff5",-26.3
"diff5",-21.3
"diff5",-18.3
"diff5",-11.3
"diff5",-23.3
"diff5",-11.3
"diff5",-17.3
"diff5",-18.3
"diff5",-14.3
"diff5",-17.3
"diff5",-19.3
"diff5",-18.3
"diff5",-19.3
"diff5",-22.3
"diff5",-18.3
"diff5",-26.3
"diff5",-12.3
"diff5",-24.3
"diff5",-30.3
"diff5",-22.3
"diff5",-9.3
"diff5",-22.3
"diff5",-13.3
"diff5",-19.3
"diff5",-25.3
"diff5",-15.3
"diff5",-22.3
"diff5",-17.3
"diff5",-13.3
"diff5",-24.3
"diff5",-18.3
"diff5",-19.3
"diff5",-9.3
"diff5",-20.3
"diff5",-13.3
"diff5",-21.3
"diff5",-23.3
"diff5",-12.3
"diff5",-28.3
"diff5",-16.3
"diff5",-12.3
"diff5",-23.3
"diff5",-27.3
"diff5",-20.3
"diff5",-25.3
"diff5",-16.3
"diff5",-20.3
"diff5",-15.3
"diff5",-19.3
"diff5",-27.3
"diff5",-18.3
"diff5",-21.3
"diff5",-27.3
"diff5",-21.3
"diff5",-17.3
"diff5",-23.3
"diff5",-9.3
"diff5",-14.3
"diff5",-27.3
"diff5",-13.3
"diff5",-24.3
"diff5",-26.3
"diff5",-16.3
"diff5",-19.3
"diff5",-22.3
"diff5",-17.3
"diff5",-12.3
"diff5",-15.3
"diff5",-17.3
"diff5",-15.3
"diff5",-20.3
"diff5",-13.3
"diff5",-19.3
"diff5",-20.3
"diff5",-15.3
"diff5",-20.3
"diff5",-13.3
"diff5",-12.3
"diff5",-18.3
"diff5",-17.3
"diff5",-23.3
"diff5",-19.3
"diff5",-17.3
"diff5",-28.3
"diff5",-18.3
"diff5",-13.3
"diff5",-11.3
"diff5",-15.3
"diff5",-26.3
"diff5",-19.3
"diff5",-13.3
"diff5",-22.3
"diff5",-15.3
"diff5",-11.3
"diff5",-22.3
"diff5",-13.3
"diff5",-18.3
"diff5",-21.3
"diff5",-17.3
"diff5",-19.3
"diff5",-17.3
"diff5",-14.3
"diff5",-21.3
"diff5",-28.3
"diff5",-13.3
"diff5",-18.3
"diff5",-23.3
"diff5",-12.3
"diff5",-14.3
"diff5",-21.3
"diff5",-30.3
"diff5",-24.3
"diff5",-22.3
"diff5",-16.3
"diff5",-22.3
"diff5",-20.3
"diff5",-19.3
"diff5",-19.3
"diff5",-20.3
"diff5",-15.3
"diff5",-21.3
"diff5",-17.3
"diff5",-16.3
"diff5",-18.3
"diff5",-18.3
"diff5",-18.3
"diff5",-28.3
"diff5",-20.3
"diff5",-22.3
"diff5",-14.3
"diff5",-21.3
"diff5",-29.3
"diff5",-23.3
"diff5",-10.3
"diff5",-16.3
"diff5",-12.3
"diff5",-22.3
"diff5",-13.3
"diff5",-25.3
"diff5",-15.3
"diff5",-21.3
"diff5",-18.3
"diff5",-13.3
"diff5",-16.3
"diff5",-20.3
"diff5",-22.3
"diff5",-17.3
"diff5",-17.3
"diff5",-23.3
"diff5",-22.3
"diff5",-19.3
"diff5",-11.3
"diff5",-22.3
"diff5",-25.3
"diff5",-25.3
"diff5",-15.3
"diff5",-13.3
"diff5",-15.3
"diff5",-18.3
"diff5",-28.3
"diff5",-20.3
"diff5",-11.3
"diff5",-15.3
"diff5",-16.3
"diff5",-8.3
"diff5",-18.3
"diff5",-10.3
"diff5",-22.3
"diff5",-23.3
"diff5",-26.3
"diff5",-25.3
"diff5",-24.3
"diff5",-28.3
"diff5",-14.3
"diff5",-8.3
"diff5",-21.3
"diff5",-19.3
"diff5",-23.3
"diff5",-26.3
"diff5",-16.3
"diff5",-15.3
"diff5",-18.3
"diff5",-11.3
"diff5",-11.3
"diff5",-24.3
"diff5",-19.3
"diff5",-11.3
"diff5",-9.3
"diff5",-20.3
"diff5",-18.3
"diff5",-16.3
"diff5",-24.3
"diff5",-23.3
"diff5",-19.3
"diff5",-20.3
"diff5",-20.3
"diff5",-9.3
"diff5",-10.3
"diff5",-21.3
"diff5",-21.3
"diff5",-20.3
"diff5",-19.3
"diff5",-23.3
"diff5",-19.3
"diff5",-10.3
"diff5",-16.3
"diff5",-16.3
"diff5",-19.3
"diff5",-9.3
"diff5",-20.3
"diff5",-10.3
"diff5",-19.3
"diff5",-25.3
"diff5",-27.3
"diff5",-24.3
"diff5",-18.3
"diff5",-16.3
"diff5",-9.3
"diff5",-22.3
"diff5",-25.3
"diff5",-17.3
"diff5",-8.3
"diff5",-19.3
"diff5",-12.3
"diff5",-26.3
"diff5",-15.3
"diff5",-20.3
"diff5",-25.3
"diff5",-13.3
"diff5",-18.3
"diff5",-28.3
"diff5",-17.3
"diff5",-12.3
"diff5",-16.3
"diff5",-21.3
"diff5",-26.3
"diff5",-26.3
"diff5",-25.3
"diff5",-22.3
"diff5",-23.3
"diff5",-19.3
"diff5",-25.3
"diff5",-29.3
"diff5",-17.3
"diff5",-23.3
"diff5",-27.3
"diff5",-12.3
"diff5",-19.3
"diff5",-14.3
"diff5",-18.3
"diff5",-26.3
"diff5",-21.3
"diff5",-21.3
"diff5",-24.3
"diff5",-19.3
"diff5",-14.3
"diff5",-17.3
"diff5",-14.3
"diff5",-18.3
"diff5",-17.3
"diff5",-15.3
"diff5",-15.3
"diff5",-13.3
"diff5",-27.3
"diff5",-21.3
"diff5",-15.3
"diff5",-25.3
"diff5",-15.3
"diff5",-23.3
"diff5",-16.3
"diff5",-18.3
"diff5",-26.3
"diff5",-17.3
"diff5",-25.3
"diff5",-15.3
"diff5",-8.3
"diff5",-18.3
"diff5",-21.3
"diff5",-22.3
"diff5",-13.3
"diff5",-21.3
"diff5",-20.3
"diff5",-19.3
"diff5",-8.3
"diff5",-14.3
"diff5",-13.3
"diff5",-14.3
"diff5",-16.3
"diff5",-15.3
"diff5",-21.3
"diff5",-12.3
"diff5",-18.3
"diff5",-25.3
"diff5",-23.3
"diff5",-19.3
"diff5",-14.3
"diff5",-23.3
"diff5",-20.3
"diff5",-21.3
"diff5",-21.3
"diff5",-27.3
"diff5",-14.3
"diff5",-14.3
"diff5",-30.3
"diff5",-17.3
"diff5",-15.3
"diff5",-27.3
"diff5",-19.3
"diff5",-22.3
"diff5",-26.3
"diff5",-11.3
"diff5",-20.3
"diff5",-14.3
"diff5",-22.3
"diff5",-21.3
"diff5",-19.3
"diff5",-19.3
"diff5",-19.3
"diff5",-14.3
"diff5",-29.3
"diff5",-25.3
"diff5",-26.3
"diff5",-18.3
"diff5",-19.3
"diff5",-25.3
"diff5",-15.3
"diff5",-27.3
"diff5",-20.3
"diff5",-20.3
"diff5",-11.3
"diff5",-16.3
"diff5",-27.3
"diff5",-25.3
"diff5",-15.3
"diff5",-24.3
"diff5",-20.3
"diff5",-14.3
"diff5",-20.3
"diff5",-18.3
"diff5",-20.3
"diff5",-12.3
"diff5",-12.3
"diff5",-13.3
"diff5",-11.3
"diff5",-26.3
"diff5",-23.3
"diff5",-17.3
"diff5",-16.3
"diff5",-24.3
"diff5",-13.3
"diff5",-13.3
"diff5",-21.3
"diff5",-23.3
"diff5",-19.3
"diff5",-16.3
"diff5",-22.3
"diff5",-20.3
"diff5",-12.3
"diff5",-18.3
"diff5",-17.3
"diff5",-19.3
"diff5",-14.3
"diff5",-11.3
"diff5",-19.3
"diff5",-18.3
"diff5",-17.3
"diff5",-18.3
"diff5",-18.3
"diff5",-15.3
"diff5",-22.3
"diff5",-15.3
"diff5",-14.3
"diff5",-26.3
"diff5",-21.3
"diff5",-14.3
"diff5",-25.3
"diff5",-19.3
"diff5",-25.3
"diff5",-15.3
"diff5",-18.3
"diff5",-21.3
"diff5",-15.3
"diff5",-11.3
"diff5",-16.3
"diff5",-12.3
"diff5",-21.3
"diff5",-18.3
"diff5",-20.3
"diff5",-19.3
"diff5",-17.3
"diff5",-18.3
"diff5",-23.3
"diff5",-21.3
"diff5",-20.3
"diff5",-19.3
"diff5",-14.3
"diff5",-19.3
"diff5",-17.3
"diff5",-19.3
"diff5",-13.3
"diff5",-14.3
"diff5",-18.3
"diff5",-24.3
"diff5",-25.3
"diff5",-18.3
"diff5",-16.3
"diff5",-16.3
"diff5",-25.3
"diff5",-24.3
"diff5",-20.3
"diff5",-18.3
"diff5",-21.3
"diff5",-22.3
"diff5",-25.3
"diff5",-19.3
"diff5",-22.3
"diff5",-16.3
"diff5",-16.3
"diff5",-12.3
"diff5",-15.3
"diff5",-22.3
"diff5",-20.3
"diff5",-16.3
"diff5",-22.3
"diff5",-23.3
"diff5",-17.3
"diff5",-23.3
"diff5",-20.3
"diff5",-14.3
"diff5",-25.3
"diff5",-14.3
"diff5",-16.3
"diff5",-15.3
"diff5",-18.3
"diff5",-19.3
"diff5",-17.3
"diff5",-15.3
"diff5",-21.3
"diff5",-10.3
"diff5",-19.3
"diff5",-19.3
"diff5",-23.3
"diff5",-21.3
"diff5",-15.3
"diff5",-18.3
"diff5",-15.3
"diff5",-16.3
"diff5",-23.3
"diff5",-19.3
"diff5",-13.3
"diff5",-17.3
"diff5",-16.3
"diff5",-16.3
"diff5",-17.3
"diff5",-13.3
"diff5",-21.3
"diff5",-20.3
"diff5",-23.3
"diff5",-11.3
"diff5",-21.3
"diff5",-18.3
"diff5",-18.3
"diff5",-18.3
"diff5",-12.3
"diff5",-16.3
"diff5",-24.3
"diff5",-16.3
"diff5",-14.3
"diff5",-15.3
"diff5",-15.3
"diff5",-22.3
"diff5",-22.3
"diff5",-16.3
"diff5",-17.3
"diff5",-15.3
"diff5",-14.3
"diff5",-18.3
"diff5",-21.3
"diff5",-15.3
"diff5",-19.3
"diff5",-13.3
"diff5",-17.3
"diff5",-19.3
"diff5",-22.3
"diff5",-13.3
"diff5",-17.3
"diff5",-22.3
"diff5",-13.3
"diff5",-23.3
"diff5",-21.3
"diff5",-21.3
"diff5",-20.3
"diff5",-20.3
"diff5",-18.3
"diff5",-15.3
"diff5",-25.3
"diff5",-24.3
"diff5",-16.3
"diff5",-14.3
"diff5",-16.3
"diff5",-21.3
"diff5",-16.3
"diff5",-17.3
"diff5",-23.3
"diff5",-19.3
"diff5",-18.3
"diff5",-15.3
"diff5",-20.3
"diff5",-18.3
"diff5",-21.3
"diff5",-21.3
"diff5",-14.3
"diff5",-15.3
"diff5",-16.3
"diff5",-16.3
"diff5",-16.3
"diff5",-18.3
"diff5",-19.3
"diff5",-22.3
"diff5",-18.3
"diff5",-19.3
"diff5",-19.3
"diff5",-21.3
"diff5",-17.3
"diff5",-21.3
"diff5",-17.3
"diff5",-23.3
"diff5",-17.3
"diff5",-22.3
"diff5",-17.3
"diff5",-20.3
"diff5",-14.3
"diff5",-15.3
"diff5",-24.3
"diff5",-19.3
"diff5",-11.3
"diff5",-12.3
"diff5",-12.3
"diff5",-24.3
"diff5",-17.3
"diff5",-17.3
"diff5",-9.3
"diff5",-25.3
"diff5",-16.3
"diff5",-12.3
"diff5",-16.3
"diff5",-11.3
"diff5",-10.3
"diff5",-19.3
"diff5",-12.3
"diff5",-19.3
"diff5",-19.3
"diff5",-15.3
"diff5",-18.3
"diff5",-23.3
"diff5",-18.3
"diff5",-12.3
"diff5",-18.3
"diff5",-14.3
"diff5",-14.3
"diff5",-14.3
"diff5",-17.3
"diff5",-21.3
"diff5",-15.3
"diff5",-12.3
"diff5",-21.3
"diff5",-24.3
"diff5",-10.3
"diff5",-17.3
"diff5",-17.3
"diff5",-16.3
"diff5",-21.3
"diff5",-11.3
"diff5",-21.3
"diff5",-19.3
"diff5",-16.3
"diff5",-21.3
"diff5",-21.3
"diff5",-19.3
"diff5",-17.3
"diff5",-16.3
"diff5",-22.3
"diff5",-18.3
"diff5",-16.3
"diff5",-18.3
"diff5",-20.3
"diff5",-19.3
"diff5",-19.3
"diff5",-19.3
"diff5",-14.3
"diff5",-14.3
"diff5",-14.3
"diff5",-23.3
"diff5",-20.3
"diff5",-15.3
"diff5",-24.3
"diff5",-17.3
"diff5",-12.3
"diff5",-22.3
"diff5",-17.3
"diff5",-19.3
"diff5",-13.3
"diff5",-19.3
"diff5",-22.3
"diff5",-21.3
"diff5",-13.3
"diff5",-20.3
"diff5",-18.3
"diff5",-15.3
"diff5",-15.3
"diff5",-13.3
"diff5",-16.3
"diff5",-17.3
"diff5",-23.3
"diff5",-26.3
"diff5",-18.3
"diff5",-25.3
"diff5",-11.3
"diff5",-15.3
"diff5",-22.3
"diff5",-20.3
"diff5",-20.3
"diff5",-19.3
"diff5",-17.3
"diff5",-15.3
"diff5",-13.3
"diff5",-15.3
"diff5",-18.3
"diff5",-10.3
"diff5",-16.3
"diff5",-9.3
"diff5",-19.3
"diff5",-21.3
"diff5",-19.3
"diff5",-17.3
"diff5",-18.3
"diff5",-14.3
"diff5",-19.3
"diff5",-21.3
"diff5",-14.3
"diff5",-14.3
"diff5",-15.3
"diff5",-18.3
"diff5",-10.3
"diff5",-17.3
"diff5",-23.3
"diff5",-18.3
"diff5",-17.3
"diff5",-18.3
"diff5",-14.3
"diff5",-15.3
"diff5",-13.3
"diff5",-13.3
"diff5",-17.3
"diff5",-16.3
"diff5",-16.3
"diff5",-19.3
"diff5",-17.3
"diff5",-16.3
"diff5",-16.3
"diff5",-19.3
"diff5",-16.3
"diff5",-13.3
"diff5",-22.3
"diff5",-20.3
"diff5",-18.3
"diff5",-20.3
"diff5",-18.3
"diff5",-16.3
"diff5",-14.3
"diff5",-12.3
"diff5",-21.3
"diff5",-24.3
"diff5",-12.3
"diff5",-15.3
"diff5",-19.3
"diff5",-18.3
"diff5",-14.3
"diff5",-17.3
"diff5",-14.3
"diff5",-25.3
"diff5",-20.3
"diff5",-20.3
"diff5",-13.3
"diff5",-15.3
"diff5",-19.3
"diff5",-18.3
"diff5",-19.3
"diff5",-14.3
"diff5",-21.3
"diff5",-19.3
"diff5",-19.3
"diff5",-19.3
"diff5",-21.3
"diff5",-24.3
"diff5",-9.3
"diff5",-18.3
"diff5",-16.3
"diff5",-17.3
"diff5",-18.3
"diff5",-20.3
"diff5",-12.3
"diff5",-18.3
"diff5",-22.3
"diff5",-15.3
"diff5",-13.3
"diff5",-23.3
"diff5",-12.3
"diff5",-19.3
"diff5",-24.3
"diff5",-13.3
"diff5",-24.3
"diff5",-16.3
"diff5",-13.3
"diff5",-14.3
"diff5",-17.3
"diff5",-20.3
"diff5",-18.3
"diff5",-13.3
"diff5",-20.3
"diff5",-16.3
"diff5",-11.3
"diff5",-22.3
"diff5",-18.3
"diff5",-20.3
"diff5",-25.3
"diff5",-15.3
"diff5",-10.3
"diff5",-18.3
"diff5",-18.3
"diff5",-19.3
"diff5",-11.3
"diff5",-23.3
"diff5",-16.3
"diff5",-11.3
"diff5",-18.3
"diff5",-15.3
"diff5",-17.3
"diff5",-19.3
"diff5",-16.3
"diff5",-17.3
"diff5",-16.3
"diff5",-23.3
"diff5",-18.3
"diff5",-14.3
"diff5",-24.3
"diff5",-17.3
"diff5",-19.3
"diff5",-16.3
"diff5",-17.3
"diff5",-14.3
"diff5",-17.3
"diff5",-22.3
"diff5",-12.3
"diff5",-15.3
"diff5",-16.3
"diff5",-19.3
"diff5",-16.3
"diff5",-16.3
"diff5",-21.3
"diff5",-18.3
"diff5",-10.3
"diff5",-22.3
"diff5",-20.3
"diff5",-18.3
"diff5",-18.3
"diff5",-21.3
"diff5",-17.3
"diff5",-19.3
"diff5",-21.3
"diff5",-15.3
"diff5",-14.3
"diff5",-16.3
"diff5",-13.3
"diff5",-16.3
"diff5",-12.3
"diff5",-24.3
"diff5",-20.3
"diff5",-13.3
"diff5",-14.3
"diff5",-24.3
"diff5",-20.3
"diff5",-19.3
"diff5",-16.3
"diff5",-13.3
"diff5",-14.3
"diff5",-14.3
"diff5",-13.3
"diff5",-16.3
"diff5",-16.3
"diff5",-23.3
"diff5",-20.3
"diff5",-14.3
"diff5",-21.3
"diff5",-19.3
"diff5",-21.3
"diff5",-15.3
"diff5",-18.3
"diff5",-15.3
"diff5",-15.3
"diff5",-17.3
"diff5",-19.3
"diff5",-21.3
"diff5",-14.3
"diff5",-21.3
"diff5",-16.3
"diff5",-20.3
"diff5",-16.3
"diff5",-15.3
"diff5",-20.3
"diff5",-20.3
"diff5",-16.3
"diff5",-18.3
"diff5",-22.3
"diff5",-23.3
"diff5",-23.3
"diff5",-22.3
"diff5",-22.3
"diff5",-23.3
"diff5",-17.3
"diff5",-18.3
"diff5",-15.3
"diff5",-15.3
"diff5",-14.3
"diff5",-14.3
"diff5",-20.3
"diff5",-21.3
"diff5",-24.3
"diff5",-17.3
"diff5",-17.3
"diff5",-19.3
"diff5",-16.3
"diff5",-16.3
"diff5",-14.3
"diff5",-24.3
"diff5",-16.3
"diff5",-19.3
"diff5",-15.3
"diff5",-16.3
"diff5",-16.3
"diff5",-12.3
"diff5",-20.3
"diff5",-24.3
"diff5",-12.3
"diff5",-19.3
"diff5",-19.3
"diff5",-23.3
"diff5",-15.3
"diff5",-11.3
"diff5",-18.3
"diff5",-19.3
"diff5",-15.3
"diff5",-23.3
"diff5",-23.3
"diff5",-13.3
"diff5",-18.3
"diff5",-16.3
"diff5",-19.3
"diff5",-23.3
"diff5",-20.3
"diff5",-15.3
"diff5",-12.3
"diff5",-12.3
"diff5",-19.3
"diff5",-16.3
"diff5",-11.3
"diff5",-15.3
"diff5",-17.3
"diff5",-17.3
"diff5",-25.3
"diff5",-15.3
"diff5",-22.3
"diff5",-21.3
"diff5",-14.3
"diff5",-22.3
"diff5",-12.3
"diff5",-15.3
"diff5",-13.3
"diff5",-18.3
"diff5",-17.3
"diff5",-20.3
"diff5",-19.3
"diff5",-14.3
"diff5",-13.3
"diff5",-17.3
"diff5",-12.3
"diff5",-21.3
"diff5",-17.3
"diff5",-23.3
"diff5",-17.3
"diff5",-12.3
"diff5",-19.3
"diff5",-15.3
"diff5",-16.3
"diff5",-18.3
"diff5",-20.3
"diff5",-15.3
"diff5",-26.3
"diff5",-19.3
"diff5",-11.3
"diff5",-18.3
"diff5",-19.3
"diff5",-11.3
"diff5",-19.3
"diff5",-19.3
"diff5",-19.3
"diff5",-15.3
"diff5",-22.3
"diff5",-20.3
"diff5",-14.3
"diff5",-14.3
"diff5",-24.3
"diff5",-18.3
"diff5",-16.3
"diff5",-19.3
"diff5",-15.3
"diff5",-20.3
"diff5",-19.3
"diff5",-21.3
"diff5",-12.3
"diff5",-22.3
"diff5",-21.3
"diff5",-22.3
"diff5",-12.3
"diff5",-15.3
"diff5",-22.3
"diff5",-22.3
"diff5",-17.3
"diff5",-24.3
"diff5",-17.3
"diff5",-23.3
"diff5",-14.3
"diff5",-20.3
"diff5",-19.3
"diff5",-24.3
"diff5",-18.3
"diff5",-19.3
"diff5",-15.3
"diff5",-24.3
"diff5",-21.3
"diff5",-12.3
"diff5",-21.3
"diff5",-21.3
"diff5",-16.3
"diff5",-15.3
"diff5",-15.3
"diff5",-23.3
"diff5",-20.3
"diff5",-20.3
"diff5",-19.3
"diff5",-15.3
"diff5",-17.3
"diff5",-21.3
"diff5",-20.3
"diff5",-16.3
"diff5",-18.3
"diff5",-21.3
"diff5",-15.3
"diff5",-17.3
"diff5",-16.3
"diff5",-13.3
"diff5",-23.3
"diff5",-21.3
"diff5",-12.3
"diff5",-19.3
"diff5",-13.3
"diff5",-17.3
"diff5",-17.3
"diff5",-18.3
"diff5",-20.3
"diff5",-18.3
"diff5",-19.3
"diff5",-16.3
"diff5",-19.3
"diff5",-18.3
"diff5",-19.3
"diff5",-24.3
"diff5",-16.3
"diff5",-17.3
"diff5",-17.3
"diff5",-25.3
"diff5",-18.3
"diff5",-25.3
"diff5",-18.3
"diff5",-16.3
"diff5",-23.3
"diff5",-20.3
"diff5",-15.3
"diff5",-17.3
"diff5",-20.3
"diff5",-12.3
"diff5",-16.3
"diff5",-19.3
"diff5",-21.3
"diff5",-19.3
"diff5",-15.3
"diff5",-22.3
"diff5",-17.3
"diff5",-14.3
"diff5",-17.3
"diff5",-18.3
"diff5",-17.3
"diff5",-19.3
"diff5",-21.3
"diff5",-21.3
"diff5",-20.3
"diff5",-21.3
"diff5",-18.3
"diff5",-17.3
"diff5",-11.3
"diff5",-19.3
"diff5",-20.3
"diff5",-14.3
"diff5",-13.3
"diff5",-17.3
"diff5",-22.3
"diff5",-18.3
"diff5",-16.3
"diff5",-19.3
"diff5",-15.3
"diff5",-24.3
"diff5",-21.3
"diff5",-19.3
"diff5",-21.3
"diff5",-19.3
"diff5",-22.3
"diff5",-13.3
"diff5",-20.3
"diff5",-18.3
"diff5",-18.3
"diff5",-19.3
"diff5",-15.3
"diff5",-16.3
"diff5",-20.3
"diff5",-26.3
"diff5",-23.3
"diff5",-22.3
"diff5",-16.3
"diff5",-16.3
"diff5",-17.3
"diff5",-22.3
"diff5",-10.3
"diff5",-17.3
"diff5",-17.3
"diff5",-18.3
"diff5",-19.3
"diff5",-14.3
"diff5",-17.3
"diff5",-19.3
"diff5",-18.3
"diff5",-19.3
"diff5",-22.3
"diff5",-21.3
"diff5",-16.3
"diff5",-19.3
"diff5",-22.3
"diff5",-19.3
"diff5",-18.3
"diff5",-20.3
"diff5",-24.3
"diff5",-14.3
"diff5",-14.3
"diff5",-19.3
"diff5",-19.3
"diff5",-15.3
"diff5",-19.3
"diff5",-16.3
"diff5",-12.3
"diff5",-21.3
"diff5",-16.3
"diff5",-24.3
"diff5",-19.3
"diff5",-14.3
"diff5",-20.3
"diff5",-18.3
"diff5",-21.3
"diff5",-15.3
"diff5",-22.3
"diff5",-20.3
"diff5",-17.3
"diff5",-21.3
"diff5",-15.3
"diff5",-15.3
"diff5",-13.3
"diff5",-19.3
"diff5",-19.3
"diff5",-22.3
"diff5",-22.3
"diff5",-17.3
"diff5",-13.3
"diff5",-18.3
"diff5",-14.3
"diff5",-25.3
"diff5",-19.3
"diff5",-17.3
"diff5",-19.3
"diff5",-22.3
"diff5",-22.3
"diff5",-26.3
"diff5",-17.3
"diff5",-16.3
"diff5",-17.3
"diff5",-20.3
"diff5",-17.3
"diff5",-14.3
"diff5",-20.3
"diff5",-25.3
"diff5",-21.3
"diff5",-18.3
"diff5",-20.3
"diff5",-16.3
"diff5",-21.3
"diff5",-16.3
"diff5",-13.3
"diff5",-15.3
"diff5",-18.3
"diff5",-25.3
"diff5",-17.3
"diff5",-21.3
"diff5",-19.3
"diff5",-17.3
"diff5",-15.3
"diff5",-20.3
"diff5",-17.3
"diff5",-18.3
"diff5",-21.3
"diff5",-17.3
"diff5",-12.3
"diff5",-23.3
"diff5",-22.3
"diff5",-21.3
"diff5",-18.3
"diff5",-23.3
"diff5",-18.3
"diff5",-21.3
"diff5",-15.3
"diff5",-16.3
"diff5",-22.3
"diff5",-15.3
"diff5",-21.3
"diff5",-13.3
"diff5",-18.3
"diff5",-14.3
"diff5",-22.3
"diff5",-24.3
"diff5",-14.3
"diff5",-17.3
"diff5",-20.3
"diff5",-23.3
"diff5",-15.3
"diff5",-23.3
"diff5",-18.3
"diff5",-21.3
"diff5",-23.3
"diff5",-19.3
"diff5",-16.3
"diff5",-18.3
"diff5",-17.3
"diff5",-17.3
"diff5",-16.3
"diff5",-16.3
"diff5",-20.3
"diff5",-20.3
"diff5",-18.3
"diff5",-24.3
"diff5",-16.3
"diff5",-22.3
"diff5",-22.3
"diff5",-17.3
"diff5",-22.3
"diff5",-23.3
"diff5",-15.3
"diff5",-21.3
"diff5",-21.3
"diff5",-17.3
"diff5",-20.3
"diff5",-22.3
"diff5",-18.3
"diff5",-19.3
"diff5",-17.3
"diff5",-22.3
"diff5",-21.3
"diff5",-19.3
"diff5",-22.3
"diff5",-15.3
"diff5",-21.3
"diff5",-18.3
"diff5",-16.3
"diff5",-19.3
"diff5",-15.3
"diff5",-20.3
"diff5",-23.3
"diff5",-23.3
"diff5",-22.3
"diff5",-20.3
"diff5",-20.3
"diff5",-18.3
"diff5",-16.3
"diff5",-14.3
"diff5",-14.3
"diff5",-22.3
"diff5",-16.3
"diff5",-14.3
"diff5",-21.3
"diff5",-16.3
"diff5",-14.3
"diff5",-17.3
"diff5",-18.3
"diff5",-18.3
"diff5",-16.3
"diff5",-23.3
"diff5",-21.3
"diff5",-22.3
"diff5",-16.3
"diff5",-21.3
"diff5",-24.3
"diff5",-16.3
"diff5",-18.3
"diff5",-16.3
"diff5",-22.3
"diff5",-18.3
"diff5",-15.3
"diff5",-19.3
"diff5",-18.3
"diff5",-15.3
"diff5",-24.3
"diff5",-22.3
"diff5",-21.3
"diff5",-24.3
"diff5",-18.3
"diff5",-19.3
"diff5",-19.3
"diff5",-24.3
"diff5",-19.3
"diff5",-14.3
"diff5",-16.3
"diff5",-23.3
"diff5",-14.3
"diff5",-21.3
"diff5",-15.3
"diff5",-25.3
"diff5",-25.3
"diff5",-15.3
"diff5",-17.3
"diff5",-16.3
"diff5",-19.3
"diff5",-22.3
"diff5",-25.3
"diff5",-16.3
"diff5",-21.3
"diff5",-14.3
"diff5",-22.3
"diff5",-16.3
"diff5",-19.3
"diff5",-20.3
"diff5",-17.3
"diff5",-20.3
"diff5",-17.3
"diff5",-23.3
"diff5",-17.3
"diff5",-21.3
"diff5",-20.3
"diff5",-21.3
"diff5",-14.3
"diff5",-16.3
"diff5",-17.3
"diff5",-22.3
"diff5",-15.3
"diff5",-22.3
"diff5",-17.3
"diff5",-22.3
"diff5",-19.3
"diff5",-21.3
"diff5",-24.3
"diff5",-19.3
"diff5",-23.3
"diff5",-20.3
"diff5",-20.3
"diff5",-16.3
"diff5",-22.3
"diff5",-23.3
"diff5",-19.3
"diff5",-14.3
"diff5",-23.3
"diff5",-18.3
"diff5",-16.3
"diff5",-14.3
"diff5",-16.3
"diff5",-21.3
"diff5",-24.3
"diff5",-21.3
"diff5",-21.3
"diff5",-21.3
"diff5",-22.3
"diff5",-16.3
"diff5",-13.3
"diff5",-17.3
"diff5",-16.3
"diff5",-15.3
"diff5",-18.3
"diff5",-21.3
"diff5",-16.3
"diff5",-17.3
"diff5",-25.3
"diff5",-18.3
"diff5",-19.3
"diff5",-16.3
"diff5",-17.3
"diff5",-17.3
"diff5",-23.3
"diff5",-15.3
"diff5",-16.3
"diff5",-23.3
"diff5",-19.3
"diff5",-21.3
"diff5",-18.3
"diff5",-20.3
"diff5",-14.3
"diff5",-23.3
"diff5",-17.3
"diff5",-13.3
"diff5",-20.3
"diff5",-21.3
"diff5",-20.3
"diff5",-23.3
"diff5",-22.3
"diff5",-21.3
"diff5",-20.3
"diff5",-22.3
"diff5",-17.3
"diff5",-15.3
"diff5",-17.3
"diff5",-19.3
"diff5",-17.3
"diff5",-21.3
"diff5",-19.3
"diff5",-22.3
"diff5",-19.3
"diff5",-18.3
"diff5",-20.3
"diff5",-20.3
"diff5",-18.3
"diff5",-24.3
"diff5",-19.3
"diff5",-21.3
"diff5",-12.3
"diff5",-17.3
"diff5",-18.3
"diff5",-24.3
"diff5",-20.3
"diff5",-18.3
"diff5",-23.3
"diff5",-15.3
"diff5",-17.3
"diff5",-18.3
"diff5",-20.3
"diff5",-18.3
"diff5",-18.3
"diff5",-19.3
"diff5",-18.3
"diff5",-15.3
"diff5",-23.3
"diff5",-21.3
"diff5",-20.3
"diff5",-18.3
"diff5",-21.3
"diff5",-17.3
"diff5",-18.3
"diff5",-18.3
"diff5",-19.3
"diff5",-18.3
"diff5",-21.3
"diff5",-18.3
"diff5",-23.3
"diff5",-20.3
"diff5",-15.3
"diff5",-17.3
"diff5",-13.3
"diff5",-18.3
"diff5",-23.3
"diff5",-16.3
"diff5",-21.3
"diff5",-19.3
"diff5",-19.3
"diff5",-12.3
"diff5",-21.3
"diff5",-17.3
"diff5",-19.3
"diff5",-21.3
"diff5",-22.3
"diff5",-18.3
"diff5",-18.3
"diff5",-16.3
"diff5",-19.3
"diff5",-16.3
"diff5",-21.3
"diff5",-18.3
"diff5",-19.3
"diff5",-14.3
"diff5",-20.3
"diff5",-22.3
"diff5",-22.3
"diff5",-17.3
"diff5",-14.3
"diff5",-13.3
"diff5",-21.3
"diff5",-16.3
"diff5",-17.3
"diff5",-20.3
"diff5",-19.3
"diff5",-16.3
"diff5",-19.3
"diff5",-23.3
"diff5",-19.3
"diff5",-13.3
"diff5",-19.3
"diff5",-18.3
"diff5",-14.3
"diff5",-20.3
"diff5",-15.3
"diff5",-19.3
"diff5",-17.3
"diff5",-22.3
"diff5",-19.3
"diff5",-19.3
"diff5",-15.3
"diff5",-21.3
"diff5",-16.3
"diff5",-24.3
"diff5",-22.3
"diff5",-15.3
"diff5",-14.3
"diff5",-16.3
"diff5",-18.3
"diff5",-18.3
"diff5",-19.3
"diff5",-17.3
"diff5",-14.3
"diff5",-19.3
"diff5",-16.3
"diff5",-14.3
"diff5",-24.3
"diff5",-18.3
"diff5",-18.3
"diff5",-24.3
"diff5",-16.3
"diff5",-16.3
"diff5",-21.3
"diff5",-18.3
"diff5",-24.3
"diff5",-17.3
"diff5",-16.3
"diff5",-21.3
"diff5",-24.3
"diff5",-14.3
"diff5",-19.3
"diff5",-22.3
"diff5",-16.3
"diff5",-15.3
"diff5",-20.3
"diff5",-14.3
"diff5",-13.3
"diff5",-21.3
"diff5",-16.3
"diff5",-19.3
"diff5",-14.3
"diff5",-23.3
"diff5",-18.3
"diff5",-18.3
"diff5",-16.3
"diff5",-21.3
"diff5",-14.3
"diff5",-22.3
"diff5",-23.3
"diff5",-23.3
"diff5",-15.3
"diff5",-17.3
"diff5",-18.3
"diff5",-16.3
"diff5",-19.3
"diff5",-16.3
"diff5",-15.3
"diff5",-21.3
"diff5",-18.3
"diff5",-16.3
"diff5",-17.3
"diff5",-18.3
"diff5",-18.3
"diff5",-20.3
"diff5",-20.3
"diff5",-21.3
"diff5",-16.3
"diff5",-14.3
"diff5",-22.3
"diff5",-23.3
"diff5",-22.3
"diff5",-20.3
"diff5",-19.3
"diff5",-22.3
"diff5",-25.3
"diff5",-20.3
"diff5",-17.3
"diff5",-17.3
"diff5",-17.3
"diff5",-23.3
"diff5",-23.3
"diff5",-23.3
"diff5",-14.3
"diff5",-18.3
"diff5",-19.3
"diff5",-16.3
"diff5",-18.3
"diff5",-12.3
"diff5",-15.3
"diff5",-22.3
"diff5",-13.3
"diff5",-24.3
"diff5",-23.3
"diff5",-19.3
"diff5",-15.3
"diff5",-21.3
"diff5",-20.3
"diff5",-15.3
"diff5",-22.3
"diff5",-15.3
"diff5",-22.3
"diff5",-20.3
"diff5",-22.3
"diff5",-17.3
"diff5",-21.3
"diff5",-22.3
"diff5",-19.3
"diff5",-17.3
"diff5",-19.3
"diff5",-21.3
"diff5",-15.3
"diff5",-20.3
"diff5",-18.3
"diff5",-18.3
"diff5",-23.3
"diff5",-23.3
"diff5",-21.3
"diff5",-18.3
"diff5",-20.3
"diff5",-18.3
"diff5",-15.3
"diff5",-13.3
"diff5",-16.3
"diff5",-23.3
"diff5",-19.3
"diff5",-24.3
"diff5",-19.3
"diff5",-22.3
"diff5",-16.3
"diff5",-20.3
"diff5",-15.3
"diff5",-14.3
"diff5",-21.3
"diff5",-19.3
"diff5",-22.3
"diff5",-14.3
"diff5",-12.3
"diff5",-22.3
"diff5",-15.3
"diff5",-11.3
"diff5",-21.3
"diff5",-18.3
"diff5",-21.3
"diff5",-14.3
"diff5",-18.3
"diff5",-20.3
"diff5",-19.3
"diff5",-13.3
"diff5",-18.3
"diff5",-20.3
"diff5",-20.3
"diff5",-18.3
"diff5",-12.3
"diff5",-17.3
"diff5",-18.3
"diff5",-17.3
"diff5",-20.3
"diff5",-14.3
"diff5",-21.3
"diff5",-17.3
"diff5",-16.3
"diff5",-18.3
"diff5",-14.3
"diff5",-16.3
"diff5",-21.3
"diff5",-17.3
"diff5",-13.3
"diff5",-19.3
"diff5",-15.3
"diff5",-19.3
"diff5",-15.3
"diff5",-12.3
"diff5",-23.3
"diff5",-20.3
"diff5",-14.3
"diff5",-19.3
"diff5",-13.3
"diff5",-20.3
"diff5",-22.3
"diff5",-11.3
"diff5",-18.3
"diff5",-16.3
"diff5",-18.3
"diff5",-25.3
"diff5",-21.3
"diff5",-21.3
"diff5",-17.3
"diff5",-17.3
"diff5",-15.3
"diff5",-18.3
"diff5",-14.3
"diff5",-24.3
"diff5",-15.3
"diff5",-13.3
"diff5",-16.3
"diff5",-22.3
"diff5",-19.3
"diff5",-19.3
"diff5",-20.3
"diff5",-24.3
"diff5",-13.3
"diff5",-22.3
"diff5",-17.3
"diff5",-23.3
"diff5",-18.3
"diff5",-20.3
"diff5",-15.3
"diff5",-14.3
"diff5",-18.3
"diff5",-17.3
"diff5",-17.3
"diff5",-17.3
"diff5",-13.3
"diff5",-16.3
"diff5",-18.3
"diff5",-22.3
"diff5",-17.3
"diff5",-17.3
"diff5",-14.3
"diff5",-17.3
"diff5",-18.3
"diff5",-17.3
"diff5",-14.3
"diff5",-20.3
"diff5",-18.3
"diff5",-12.3
"diff5",-19.3
"diff5",-16.3
"diff5",-19.3
"diff5",-20.3
"diff5",-19.3
"diff5",-11.3
"diff5",-19.3
"diff5",-18.3
"diff5",-19.3
"diff5",-20.3
"diff5",-18.3
"diff5",-19.3
"diff5",-19.3
"diff5",-15.3
"diff5",-19.3
"diff5",-24.3
"diff5",-20.3
"diff5",-22.3
"diff5",-20.3
"diff5",-20.3
"diff5",-19.3
"diff5",-17.3
"diff5",-18.3
"diff5",-18.3
"diff5",-23.3
"diff5",-14.3
"diff5",-12.3
"diff5",-15.3
"diff5",-15.3
"diff5",-21.3
"diff5",-19.3
"diff5",-22.3
"diff5",-18.3
"diff5",-21.3
"diff5",-18.3
"diff5",-22.3
"diff5",-17.3
"diff5",-14.3
"diff5",-15.3
"diff5",-20.3
"diff5",-21.3
"diff5",-11.3
"diff5",-14.3
"diff5",-20.3
"diff5",-22.3
"diff5",-22.3
"diff5",-21.3
"diff5",-19.3
"diff5",-18.3
"diff5",-21.3
"diff5",-22.3
"diff5",-15.3
"diff5",-18.3
"diff5",-18.3
"diff5",-17.3
"diff5",-20.3
"diff5",-17.3
"diff5",-13.3
"diff5",-18.3
"diff5",-22.3
"diff5",-15.3
"diff5",-14.3
"diff5",-20.3
"diff5",-17.3
"diff5",-15.3
"diff5",-21.3
"diff5",-19.3
"diff5",-22.3
"diff5",-12.3
"diff5",-13.3
"diff5",-16.3
"diff5",-12.3
"diff5",-18.3
"diff5",-17.3
"diff5",-21.3
"diff5",-19.3
"diff5",-17.3
"diff5",-23.3
"diff5",-18.3
"diff5",-14.3
"diff5",-14.3
"diff5",-22.3
"diff5",-16.3
"diff5",-15.3
"diff5",-21.3
"diff5",-12.3
"diff5",-14.3
"diff5",-15.3
"diff5",-19.3
"diff5",-21.3
"diff5",-22.3
"diff5",-20.3
"diff5",-17.3
"diff5",-17.3
"diff5",-15.3
"diff5",-16.3
"diff5",-20.3
"diff5",-15.3
"diff5",-21.3
"diff5",-21.3
"diff5",-14.3
"diff5",-22.3
"diff5",-17.3
"diff5",-19.3
"diff5",-19.3
"diff5",-17.3
"diff5",-17.3
"diff5",-18.3
"diff5",-20.3
"diff5",-17.3
"diff5",-19.3
"diff5",-22.3
"diff5",-18.3
"diff5",-17.3
"diff5",-22.3
"diff5",-16.3
"diff5",-17.3
"diff5",-23.3
"diff5",-24.3
"diff5",-20.3
"diff5",-17.3
"diff5",-19.3
"diff5",-25.3
"diff5",-16.3
"diff5",-23.3
"diff5",-21.3
"diff5",-18.3
"diff5",-14.3
"diff5",-13.3
"diff5",-14.3
"diff5",-18.3
"diff5",-16.3
"diff5",-19.3
"diff5",-18.3
"diff5",-23.3
"diff5",-19.3
"diff5",-24.3
"diff5",-16.3
"diff5",-15.3
"diff5",-18.3
"diff5",-21.3
"diff5",-21.3
"diff5",-21.3
"diff5",-23.3
"diff5",-21.3
"diff5",-14.3
"diff5",-19.3
"diff5",-17.3
"diff5",-20.3
"diff5",-17.3
"diff5",-15.3
"diff5",-19.3
"diff5",-16.3
"diff5",-18.3
"diff5",-21.3
"diff5",-16.3
"diff5",-16.3
"diff5",-17.3
"diff5",-18.3
"diff5",-18.3
"diff5",-24.3
"diff5",-17.3
"diff5",-18.3
"diff5",-12.3
"diff5",-18.3
"diff5",-16.3
"diff5",-17.3
"diff5",-17.3
"diff5",-20.3
"diff5",-16.3
"diff5",-17.3
"diff5",-19.3
"diff5",-16.3
"diff5",-15.3
"diff5",-13.3
"diff5",-18.3
"diff5",-18.3
"diff5",-19.3
"diff5",-19.3
"diff5",-13.3
"diff5",-20.3
"diff5",-14.3
"diff5",-18.3
"diff5",-14.3
"diff5",-19.3
"diff5",-16.3
"diff5",-18.3
"diff5",-12.3
"diff5",-11.3
"diff5",-17.3
"diff5",-15.3
"diff5",-24.3
"diff5",-13.3
"diff5",-17.3
"diff5",-22.3
"diff5",-21.3
"diff5",-21.3
"diff5",-18.3
"diff5",-20.3
"diff5",-18.3
"diff5",-22.3
"diff5",-22.3
"diff5",-19.3
"diff5",-18.3
"diff5",-16.3
"diff5",-21.3
"diff5",-19.3
"diff5",-14.3
"diff5",-22.3
"diff5",-21.3
"diff5",-19.3
"diff5",-18.3
"diff5",-24.3
"diff5",-22.3
"diff5",-13.3
"diff5",-19.3
"diff5",-13.3
"diff5",-16.3
"diff5",-15.3
"diff5",-13.3
"diff5",-22.3
"diff5",-17.3
"diff5",-17.3
"diff5",-16.3
"diff5",-20.3
"diff5",-24.3
"diff5",-15.3
"diff5",-12.3
"diff5",-20.3
"diff5",-19.3
"diff5",-20.3
"diff5",-18.3
"diff5",-18.3
"diff5",-15.3
"diff5",-20.3
"diff5",-14.3
"diff5",-17.3
"diff5",-20.3
"diff5",-22.3
"diff5",-21.3
"diff5",-17.3
"diff5",-18.3
"diff5",-18.3
"diff5",-22.3
"diff5",-16.3
"diff5",-13.3
"diff5",-19.3
"diff5",-16.3
"diff5",-18.3
"diff5",-19.3
"diff5",-17.3
"diff5",-13.3
"diff5",-23.3
"diff5",-18.3
"diff5",-20.3
"diff5",-20.3
"diff5",-19.3
"diff5",-23.3
"diff5",-19.3
"diff5",-22.3
"diff5",-13.3
"diff5",-18.3
"diff5",-17.3
"diff5",-15.3
"diff5",-19.3
"diff5",-14.3
"diff5",-14.3
"diff5",-16.3
"diff5",-18.3
"diff5",-15.3
"diff5",-17.3
"diff5",-13.3
"diff5",-23.3
"diff5",-20.3
"diff5",-18.3
"diff5",-17.3
"diff5",-22.3
"diff5",-19.3
"diff5",-21.3
"diff5",-19.3
"diff5",-19.3
"diff5",-21.3
"diff5",-17.3
"diff5",-17.3
"diff5",-18.3
"diff5",-17.3
"diff5",-19.3
"diff5",-17.3
"diff5",-23.3
"diff5",-15.3
"diff5",-14.3
"diff5",-15.3
"diff5",-12.3
"diff5",-19.3
"diff5",-20.3
"diff5",-14.3
"diff5",-19.3
"diff5",-15.3
"diff5",-19.3
"diff5",-19.3
"diff5",-18.3
"diff5",-21.3
"diff5",-16.3
"diff5",-21.3
"diff5",-19.3
"diff5",-16.3
"diff5",-18.3
"diff5",-17.3
"diff5",-20.3
"diff5",-15.3
"diff5",-20.3
"diff5",-24.3
"diff5",-20.3
"diff5",-15.3
"diff5",-15.3
"diff5",-14.3
"diff5",-16.3
"diff5",-23.3
"diff5",-21.3
"diff5",-16.3
"diff5",-16.3
"diff5",-13.3
"diff5",-17.3
"diff5",-21.3
"diff5",-20.3
"diff5",-18.3
"diff5",-21.3
"diff5",-17.3
"diff5",-20.3
"diff5",-18.3
"diff5",-20.3
"diff5",-17.3
"diff5",-17.3
"diff5",-17.3
"diff5",-22.3
"diff5",-18.3
"diff5",-14.3
"diff5",-24.3
"diff5",-20.3
"diff5",-13.3
"diff5",-12.3
"diff5",-20.3
"diff5",-25.3
"diff5",-21.3
"diff5",-20.3
"diff5",-22.3
"diff5",-24.3
"diff5",-15.3
"diff5",-19.3
"diff5",-18.3
"diff5",-22.3
"diff5",-14.3
"diff5",-17.3
"diff5",-20.3
"diff5",-17.3
"diff5",-22.3
"diff5",-20.3
"diff5",-17.3
"diff5",-14.3
"diff5",-20.3
"diff5",-18.3
"diff5",-17.3
"diff5",-18.3
"diff5",-17.3
"diff5",-13.3
"diff5",-20.3
"diff5",-23.3
"diff5",-14.3
"diff5",-19.3
"diff5",-24.3
"diff5",-21.3
"diff5",-20.3
"diff5",-23.3
"diff5",-15.3
"diff5",-22.3
"diff5",-19.3
"diff5",-16.3
"diff5",-22.3
"diff5",-17.3
"diff5",-16.3
"diff5",-20.3
"diff5",-14.3
"diff5",-22.3
"diff5",-21.3
"diff5",-13.3
"diff5",-15.3
"diff5",-24.3
"diff5",-19.3
"diff5",-14.3
"diff5",-19.3
"diff5",-13.3
"diff5",-20.3
"diff5",-25.3
"diff5",-24.3
"diff5",-23.3
"diff5",-17.3
"diff5",-21.3
"diff5",-21.3
"diff5",-12.3
"diff5",-19.3
"diff5",-24.3
"diff5",-19.3
"diff5",-15.3
"diff5",-14.3
"diff5",-22.3
"diff5",-15.3
"diff5",-19.3
"diff5",-19.3
"diff5",-18.3
"diff5",-17.3
"diff5",-12.3
"diff5",-18.3
"diff5",-23.3
"diff5",-20.3
"diff5",-22.3
"diff5",-17.3
"diff5",-18.3
"diff5",-18.3
"diff5",-21.3
"diff5",-18.3
"diff5",-20.3
"diff5",-20.3
"diff5",-19.3
"diff5",-17.3
"diff5",-18.3
"diff5",-19.3
"diff5",-16.3
"diff5",-18.3
"diff5",-17.3
"diff5",-21.3
"diff5",-20.3
"diff5",-19.3
"diff5",-17.3
"diff5",-17.3
"diff5",-18.3
"diff5",-19.3
"diff5",-20.3
"diff5",-17.3
"diff5",-18.3
"diff5",-20.3
"diff5",-16.3
"diff5",-24.3
"diff5",-15.3
"diff5",-15.3
"diff5",-19.3
"diff5",-20.3
"diff5",-18.3
"diff5",-19.3
"diff5",-16.3
"diff5",-20.3
"diff5",-18.3
"diff5",-18.3
"diff5",-11.3
"diff5",-15.3
"diff5",-15.3
"diff5",-21.3
"diff5",-12.3
"diff5",-17.3
"diff5",-19.3
"diff5",-16.3
"diff5",-21.3
"diff5",-14.3
"diff5",-15.3
"diff5",-15.3
"diff5",-14.3
"diff5",-18.3
"diff5",-18.3
"diff5",-16.3
"diff5",-19.3
"diff5",-13.3
"diff5",-14.3
"diff5",-20.3
"diff5",-17.3
"diff5",-16.3
"diff5",-19.3
"diff5",-19.3
"diff5",-18.3
"diff5",-18.3
"diff5",-14.3
"diff5",-22.3
"diff5",-24.3
"diff5",-21.3
"diff5",-15.3
"diff5",-19.3
"diff5",-19.3
"diff5",-23.3
"diff5",-20.3
"diff5",-21.3
"diff5",-19.3
"diff5",-18.3
"diff5",-19.3
"diff5",-20.3
"diff5",-20.3
"diff5",-17.3
"diff5",-23.3
"diff5",-22.3
"diff5",-18.3
"diff5",-20.3
"diff5",-17.3
"diff5",-21.3
"diff5",-22.3
"diff5",-12.3
"diff5",-15.3
"diff5",-18.3
"diff5",-13.3
"diff5",-17.3
"diff5",-18.3
"diff5",-16.3
"diff5",-19.3
"diff5",-16.3
"diff5",-17.3
"diff5",-18.3
"diff5",-21.3
"diff5",-20.3
"diff5",-18.3
"diff5",-17.3
"diff5",-18.3
"diff5",-18.3
"diff5",-18.3
"diff5",-17.3
"diff5",-18.3
"diff5",-20.3
"diff5",-16.3
"diff5",-17.3
"diff5",-18.3
"diff5",-20.3
"diff5",-18.3
"diff5",-13.3
"diff5",-13.3
"diff5",-19.3
"diff5",-16.3
"diff5",-13.3
"diff5",-16.3
"diff5",-13.3
"diff5",-16.3
"diff5",-22.3
"diff5",-15.3
"diff5",-14.3
"diff5",-18.3
"diff5",-21.3
"diff5",-17.3
"diff5",-17.3
"diff5",-17.3
"diff5",-16.3
"diff5",-19.3
"diff5",-15.3
"diff5",-15.3
"diff5",-14.3
"diff5",-18.3
"diff5",-15.3
"diff5",-13.3
"diff5",-18.3
"diff5",-17.3
"diff5",-21.3
"diff5",-16.3
"diff5",-15.3
"diff5",-15.3
"diff5",-19.3
"diff5",-15.3
"diff5",-17.3
"diff5",-17.3
"diff5",-12.3
"diff5",-16.3
"diff5",-23.3
"diff5",-19.3
"diff5",-23.3
"diff5",-17.3
"diff5",-18.3
"diff5",-25.3
"diff5",-19.3
"diff5",-16.3
"diff5",-19.3
"diff5",-18.3
"diff5",-18.3
"diff5",-19.3
"diff5",-20.3
"diff5",-18.3
"diff5",-16.3
"diff5",-18.3
"diff5",-14.3
"diff5",-17.3
"diff5",-17.3
"diff5",-21.3
"diff5",-14.3
"diff5",-13.3
"diff5",-18.3
"diff5",-15.3
"diff5",-17.3
"diff5",-18.3
"diff5",-22.3
"diff5",-18.3
"diff5",-18.3
"diff5",-23.3
"diff5",-17.3
"diff5",-15.3
"diff5",-20.3
"diff5",-17.3
"diff5",-15.3
"diff5",-16.3
"diff5",-13.3
"diff5",-19.3
"diff5",-17.3
"diff5",-16.3
"diff5",-13.3
"diff5",-20.3
"diff5",-12.3
"diff5",-17.3
"diff5",-15.3
"diff5",-18.3
"diff5",-16.3
"diff5",-17.3
"diff5",-14.3
"diff5",-13.3
"diff5",-17.3
"diff5",-15.3
"diff5",-22.3
"diff5",-19.3
"diff5",-11.3
"diff5",-18.3
"diff5",-19.3
"diff5",-21.3
"diff5",-17.3
"diff5",-17.3
"diff5",-15.3
"diff5",-21.3
"diff5",-15.3
"diff5",-18.3
"diff5",-15.3
"diff5",-18.3
"diff5",-17.3
"diff5",-18.3
"diff5",-21.3
"diff5",-18.3
"diff5",-18.3
"diff5",-21.3
"diff5",-15.3
"diff5",-19.3
"diff5",-23.3
"diff5",-21.3
"diff5",-15.3
"diff5",-18.3
"diff5",-15.3
"diff5",-22.3
"diff5",-22.3
"diff5",-22.3
"diff5",-17.3
"diff5",-17.3
"diff5",-17.3
"diff5",-15.3
"diff5",-22.3
"diff5",-18.3
"diff5",-17.3
"diff5",-19.3
"diff5",-20.3
"diff5",-14.3
"diff5",-17.3
"diff5",-14.3
"diff5",-19.3
"diff5",-24.3
"diff5",-16.3
"diff5",-12.3
"diff5",-14.3
"diff5",-19.3
"diff5",-14.3
"diff5",-21.3
"diff5",-22.3
"diff5",-19.3
"diff5",-17.3
"diff5",-13.3
"diff5",-19.3
"diff5",-20.3
"diff5",-15.3
"diff5",-24.3
"diff5",-12.3
"diff5",-19.3
"diff5",-15.3
"diff5",-12.3
"diff5",-18.3
"diff5",-22.3
"diff5",-15.3
"diff5",-23.3
"diff5",-19.3
"diff5",-12.3
"diff5",-17.3
"diff5",-14.3
"diff5",-16.3
"diff5",-24.3
"diff5",-18.3
"diff5",-17.3
"diff5",-19.3
"diff5",-16.3
"diff5",-19.3
"diff5",-20.3
"diff5",-17.3
"diff5",-15.3
"diff5",-19.3
"diff5",-18.3
"diff5",-22.3
"diff5",-22.3
"diff5",-18.3
"diff5",-21.3
"diff5",-12.3
"diff5",-15.3
"diff5",-12.3
"diff5",-17.3
"diff5",-13.3
"diff5",-20.3
"diff5",-18.3
"diff5",-21.3
"diff5",-16.3
"diff5",-18.3
"diff5",-12.3
"diff5",-16.3
"diff5",-17.3
"diff5",-15.3
"diff5",-17.3
"diff5",-21.3
"diff5",-15.3
"diff5",-21.3
"diff5",-17.3
"diff5",-16.3
"diff5",-14.3
"diff5",-22.3
"diff5",-14.3
"diff5",-22.3
"diff5",-13.3
"diff5",-13.3
"diff5",-13.3
"diff5",-16.3
"diff5",-14.3
"diff5",-17.3
"diff5",-18.3
"diff5",-18.3
"diff5",-21.3
"diff5",-12.3
"diff5",-20.3
"diff5",-17.3
"diff5",-18.3
"diff5",-21.3
"diff5",-20.3
"diff5",-21.3
"diff5",-17.3
"diff5",-19.3
"diff5",-16.3
"diff5",-13.3
"diff5",-21.3
"diff5",-18.3
"diff5",-19.3
"diff5",-16.3
"diff5",-20.3
"diff5",-22.3
"diff5",-20.3
"diff5",-15.3
"diff5",-15.3
"diff5",-17.3
"diff5",-17.3
"diff5",-12.3
"diff5",-16.3
"diff5",-18.3
"diff5",-18.3
"diff5",-15.3
"diff5",-16.3
"diff5",-18.3
"diff5",-12.3
"diff5",-16.3
"diff5",-18.3
"diff5",-16.3
"diff5",-23.3
"diff5",-19.3
"diff5",-17.3
"diff5",-15.3
"diff5",-17.3
"diff5",-18.3
"diff5",-14.3
"diff5",-13.3
"diff5",-20.3
"diff5",-18.3
"diff5",-18.3
"diff5",-14.3
"diff5",-19.3
"diff5",-15.3
"diff5",-19.3
"diff5",-13.3
"diff5",-15.3
"diff5",-14.3
"diff5",-17.3
"diff5",-11.3
"diff5",-17.3
"diff5",-14.3
"diff5",-19.3
"diff5",-16.3
"diff5",-12.3
"diff5",-20.3
"diff5",-18.3
"diff5",-16.3
"diff5",-17.3
"diff5",-14.3
"diff5",-21.3
"diff5",-17.3
"diff5",-12.3
"diff5",-19.3
"diff5",-15.3
"diff5",-23.3
"diff5",-17.3
"diff5",-17.3
"diff5",-13.3
"diff5",-14.3
"diff5",-19.3
"diff5",-19.3
"diff5",-15.3
"diff5",-21.3
"diff5",-18.3
"diff5",-13.3
"diff5",-16.3
"diff5",-16.3
"diff5",-15.3
"diff5",-14.3
"diff5",-22.3
"diff5",-15.3
"diff5",-19.3
"diff5",-16.3
"diff5",-17.3
"diff5",-22.3
"diff5",-22.3
"diff5",-20.3
"diff5",-18.3
"diff5",-23.3
"diff5",-20.3
"diff5",-20.3
"diff5",-20.3
"diff5",-21.3
"diff5",-15.3
"diff5",-15.3
"diff5",-21.3
"diff5",-16.3
"diff5",-21.3
"diff5",-18.3
"diff5",-17.3
"diff5",-15.3
"diff5",-22.3
"diff5",-18.3
"diff5",-17.3
"diff5",-18.3
"diff5",-13.3
"diff5",-21.3
"diff5",-18.3
"diff5",-15.3
"diff5",-20.3
"diff5",-14.3
"diff5",-17.3
"diff5",-14.3
"diff5",-16.3
"diff5",-20.3
"diff5",-19.3
"diff5",-17.3
"diff5",-16.3
"diff5",-21.3
"diff5",-18.3
"diff5",-19.3
"diff5",-19.3
"diff5",-19.3
"diff5",-16.3
"diff5",-16.3
"diff5",-18.3
"diff5",-11.3
"diff5",-16.3
"diff5",-19.3
"diff5",-23.3
"diff5",-11.3
"diff5",-20.3
"diff5",-19.3
"diff5",-14.3
"diff5",-16.3
"diff5",-19.3
"diff5",-17.3
"diff5",-14.3
"diff5",-20.3
"diff5",-11.3
"diff5",-13.3
"diff5",-19.3
"diff5",-13.3
"diff5",-16.3
"diff5",-20.3
"diff5",-22.3
"diff5",-12.3
"diff5",-22.3
"diff5",-19.3
"diff5",-18.3
"diff5",-14.3
"diff5",-14.3
"diff5",-24.3
"diff5",-13.3
"diff5",-19.3
"diff5",-20.3
"diff5",-20.3
"diff5",-19.3
"diff5",-22.3
"diff5",-19.3
"diff5",-15.3
"diff5",-15.3
"diff5",-17.3
"diff5",-17.3
"diff5",-17.3
"diff5",-19.3
"diff5",-19.3
"diff5",-15.3
"diff5",-15.3
"diff5",-20.3
"diff5",-18.3
"diff5",-16.3
"diff5",-20.3
"diff5",-18.3
"diff5",-16.3
"diff5",-17.3
"diff5",-19.3
"diff5",-16.3
"diff5",-22.3
"diff5",-13.3
"diff5",-18.3
"diff5",-21.3
"diff5",-16.3
"diff5",-18.3
"diff5",-19.3
"diff5",-19.3
"diff5",-18.3
"diff5",-13.3
"diff5",-13.3
"diff5",-16.3
"diff5",-15.3
"diff5",-24.3
"diff5",-13.3
"diff5",-14.3
"diff5",-17.3
"diff5",-16.3
"diff5",-17.3
"diff5",-12.3
"diff5",-20.3
"diff5",-14.3
"diff5",-17.3
"diff5",-20.3
"diff5",-18.3
"diff5",-20.3
"diff5",-16.3
"diff5",-19.3
"diff5",-19.3
"diff5",-20.3
"diff5",-17.3
"diff5",-14.3
"diff5",-11.3
"diff5",-16.3
"diff5",-19.3
"diff5",-18.3
"diff5",-14.3
"diff5",-16.3
"diff5",-18.3
"diff5",-12.3
"diff5",-19.3
"diff5",-19.3
"diff5",-12.3
"diff5",-22.3
"diff5",-17.3
"diff5",-17.3
"diff5",-17.3
"diff5",-21.3
"diff5",-17.3
"diff5",-13.3
"diff5",-19.3
"diff5",-16.3
"diff5",-22.3
"diff5",-16.3
"diff5",-20.3
"diff5",-20.3
"diff5",-12.3
"diff5",-13.3
"diff5",-16.3
"diff5",-16.3
"diff5",-15.3
"diff5",-16.3
"diff5",-19.3
"diff5",-18.3
"diff5",-23.3
"diff5",-15.3
"diff5",-17.3
"diff5",-18.3
"diff5",-17.3
"diff5",-20.3
"diff5",-14.3
"diff5",-17.3
"diff5",-19.3
"diff5",-18.3
"diff5",-12.3
"diff5",-19.3
"diff5",-19.3
"diff5",-19.3
"diff5",-18.3
"diff5",-15.3
"diff5",-17.3
"diff5",-16.3
"diff5",-21.3
"diff5",-23.3
"diff5",-17.3
"diff5",-20.3
"diff5",-13.3
"diff5",-15.3
"diff5",-15.3
"diff5",-17.3
"diff5",-17.3
"diff5",-17.3
"diff5",-21.3
"diff5",-20.3
"diff5",-15.3
"diff5",-12.3
"diff5",-14.3
"diff5",-20.3
"diff5",-19.3
"diff5",-20.3
"diff5",-17.3
"diff5",-19.3
"diff5",-16.3
"diff5",-15.3
"diff5",-21.3
"diff5",-13.3
"diff5",-17.3
"diff5",-22.3
"diff5",-18.3
"diff5",-14.3
"diff5",-12.3
"diff5",-16.3
"diff5",-24.3
"diff5",-15.3
"diff5",-17.3
"diff5",-18.3
"diff5",-15.3
"diff5",-20.3
"diff5",-20.3
"diff5",-19.3
"diff5",-19.3
"diff5",-23.3
"diff5",-17.3
"diff5",-16.3
"diff5",-12.3
"diff5",-20.3
"diff5",-18.3
"diff5",-16.3
"diff5",-22.3
"diff5",-18.3
"diff5",-20.3
"diff5",-13.3
"diff5",-18.3
"diff5",-17.3
"diff5",-18.3
"diff5",-17.3
"diff5",-19.3
"diff5",-20.3
"diff5",-15.3
"diff5",-12.3
"diff5",-20.3
"diff5",-23.3
"diff5",-12.3
"diff5",-14.3
"diff5",-18.3
"diff5",-13.3
"diff5",-15.3
"diff5",-14.3
"diff5",-17.3
"diff5",-18.3
"diff5",-17.3
"diff5",-16.3
"diff5",-14.3
"diff5",-21.3
"diff5",-18.3
"diff5",-17.3
"diff5",-14.3
"diff5",-19.3
"diff5",-17.3
"diff5",-16.3
"diff5",-15.3
"diff5",-17.3
"diff5",-18.3
"diff5",-17.3
"diff5",-18.3
"diff5",-17.3
"diff5",-15.3
"diff5",-15.3
"diff5",-16.3
"diff5",-17.3
"diff5",-12.3
"diff5",-17.3
"diff5",-17.3
"diff5",-15.3
"diff5",-18.3
"diff5",-16.3
"diff5",-20.3
"diff5",-17.3
"diff5",-15.3
"diff5",-17.3
"diff5",-13.3
"diff5",-19.3
"diff5",-16.3
"diff5",-12.3
"diff5",-19.3
"diff5",-16.3
"diff5",-16.3
"diff5",-17.3
"diff5",-13.3
"diff5",-14.3
"diff5",-14.3
"diff5",-20.3
"diff5",-16.3
"diff5",-20.3
"diff5",-19.3
"diff5",-17.3
"diff5",-19.3
"diff5",-13.3
"diff5",-18.3
"diff5",-22.3
"diff5",-18.3
"diff5",-18.3
"diff5",-21.3
"diff5",-18.3
"diff5",-14.3
"diff5",-16.3
"diff5",-19.3
"diff5",-22.3
"diff5",-12.3
"diff5",-13.3
"diff5",-22.3
"diff5",-16.3
"diff5",-15.3
"diff5",-25.3
"diff5",-24.3
"diff5",-20.3
"diff5",-14.3
"diff5",-18.3
"diff5",-15.3
"diff5",-26.3
"diff5",-19.3
"diff5",-21.3
"diff5",-14.3
"diff5",-15.3
"diff5",-20.3
"diff5",-22.3
"diff5",-16.3
"diff5",-13.3
"diff5",-22.3
"diff5",-19.3
"diff5",-20.3
"diff5",-22.3
"diff5",-14.3
"diff5",-19.3
"diff5",-16.3
"diff5",-17.3
"diff5",-16.3
"diff5",-18.3
"diff5",-25.3
"diff5",-23.3
"diff5",-20.3
"diff5",-22.3
"diff5",-21.3
"diff5",-22.3
"diff5",-18.3
"diff5",-18.3
"diff5",-20.3
"diff5",-21.3
"diff5",-17.3
"diff5",-19.3
"diff5",-15.3
"diff5",-25.3
"diff5",-20.3
"diff5",-18.3
"diff5",-19.3
"diff5",-15.3
"diff5",-18.3
"diff5",-14.3
"diff5",-19.3
"diff5",-16.3
"diff5",-12.3
"diff5",-21.3
"diff5",-24.3
"diff5",-19.3
"diff5",-14.3
"diff5",-11.3
"diff5",-20.3
"diff5",-18.3
"diff5",-13.3
"diff5",-18.3
"diff5",-16.3
"diff5",-17.3
"diff5",-24.3
"diff5",-13.3
"diff5",-19.3
"diff5",-18.3
"diff5",-20.3
"diff5",-18.3
"diff5",-16.3
"diff5",-17.3
"diff5",-18.3
"diff5",-19.3
"diff5",-17.3
"diff5",-17.3
"diff5",-15.3
"diff5",-13.3
"diff5",-20.3
"diff5",-17.3
"diff5",-13.3
"diff5",-17.3
"diff5",-17.3
"diff5",-23.3
"diff5",-20.3
"diff5",-14.3
"diff5",-21.3
"diff5",-18.3
"diff5",-17.3
"diff5",-22.3
"diff5",-12.3
"diff5",-16.3
"diff5",-15.3
"diff5",-19.3
"diff5",-17.3
"diff5",-19.3
"diff5",-12.3
"diff5",-14.3
"diff5",-16.3
"diff5",-20.3
"diff5",-22.3
"diff5",-17.3
"diff5",-16.3
"diff5",-11.3
"diff5",-17.3
"diff5",-14.3
"diff5",-20.3
"diff5",-21.3
"diff5",-17.3
"diff5",-17.3
"diff5",-16.3
"diff5",-12.3
"diff5",-20.3
"diff5",-20.3
"diff5",-20.3
"diff5",-17.3
"diff5",-21.3
"diff5",-15.3
"diff5",-14.3
"diff5",-17.3
"diff5",-22.3
"diff5",-15.3
"diff5",-15.3
"diff5",-13.3
"diff5",-13.3
"diff5",-12.3
"diff5",-15.3
"diff5",-19.3
"diff5",-20.3
"diff5",-21.3
"diff5",-17.3
"diff5",-18.3
"diff5",-22.3
"diff5",-20.3
"diff5",-22.3
"diff5",-20.3
"diff5",-12.3
"diff5",-18.3
"diff5",-19.3
"diff5",-20.3
"diff5",-19.3
"diff5",-19.3
"diff5",-20.3
"diff5",-17.3
"diff5",-20.3
"diff5",-17.3
"diff5",-15.3
"diff5",-17.3
"diff5",-22.3
"diff5",-18.3
"diff5",-24.3
"diff5",-17.3
"diff5",-18.3
"diff5",-18.3
"diff5",-18.3
"diff5",-21.3
"diff5",-17.3
"diff5",-21.3
"diff5",-20.3
"diff5",-18.3
"diff5",-17.3
"diff5",-19.3
"diff5",-18.3
"diff5",-22.3
"diff5",-17.3
"diff5",-16.3
"diff5",-20.3
"diff5",-21.3
"diff5",-13.3
"diff5",-13.3
"diff5",-21.3
"diff5",-23.3
"diff5",-16.3
"diff5",-16.3
"diff5",-20.3
"diff5",-18.3
"diff5",-19.3
"diff5",-20.3
"diff5",-21.3
"diff5",-24.3
"diff5",-22.3
"diff5",-21.3
"diff5",-16.3
"diff5",-15.3
"diff5",-19.3
"diff5",-24.3
"diff5",-24.3
"diff5",-23.3
"diff5",-18.3
"diff5",-20.3
"diff5",-22.3
"diff5",-19.3
"diff5",-20.3
"diff5",-21.3
"diff5",-17.3
"diff5",-14.3
"diff5",-16.3
"diff5",-18.3
"diff5",-16.3
"diff5",-23.3
"diff5",-22.3
"diff5",-14.3
"diff5",-19.3
"diff5",-20.3
"diff5",-19.3
"diff5",-21.3
"diff5",-25.3
"diff5",-19.3
"diff5",-17.3
"diff5",-18.3
"diff5",-21.3
"diff5",-23.3
"diff5",-20.3
"diff5",-19.3
"diff5",-20.3
"diff5",-24.3
"diff5",-24.3
"diff5",-19.3
"diff5",-21.3
"diff5",-21.3
"diff5",-20.3
"diff5",-17.3
"diff5",-13.3
"diff5",-14.3
"diff5",-18.3
"diff5",-17.3
"diff5",-13.3
"diff5",-19.3
"diff5",-23.3
"diff5",-18.3
"diff5",-23.3
"diff5",-14.3
"diff5",-16.3
"diff5",-12.3
"diff5",-17.3
"diff5",-19.3
"diff5",-21.3
"diff5",-21.3
"diff5",-23.3
"diff5",-24.3
"diff5",-19.3
"diff5",-23.3
"diff5",-23.3
"diff5",-22.3
"diff5",-17.3
"diff5",-15.3
"diff5",-18.3
"diff5",-17.3
"diff5",-15.3
"diff5",-20.3
"diff5",-16.3
"diff5",-13.3
"diff5",-18.3
"diff5",-17.3
"diff5",-20.3
"diff5",-20.3
"diff5",-22.3
"diff5",-18.3
"diff5",-17.3
"diff5",-21.3
"diff5",-23.3
"diff5",-19.3
"diff5",-18.3
"diff5",-15.3
"diff5",-16.3
"diff5",-14.3
"diff5",-17.3
"diff5",-13.3
"diff5",-21.3
"diff5",-16.3
"diff5",-24.3
"diff5",-19.3
"diff5",-17.3
"diff5",-19.3
"diff5",-22.3
"diff5",-21.3
"diff5",-18.3
"diff5",-20.3
"diff5",-23.3
"diff5",-18.3
"diff5",-13.3
"diff5",-15.3
"diff5",-16.3
"diff5",-16.3
"diff5",-22.3
"diff5",-14.3
"diff5",-20.3
"diff5",-18.3
"diff5",-20.3
"diff5",-21.3
"diff5",-20.3
"diff5",-19.3
"diff5",-20.3
"diff5",-23.3
"diff5",-22.3
"diff5",-17.3
"diff5",-22.3
"diff5",-22.3
"diff5",-21.3
"diff5",-18.3
"diff5",-20.3
"diff5",-14.3
"diff5",-19.3
"diff5",-19.3
"diff5",-17.3
"diff5",-19.3
"diff5",-18.3
"diff5",-20.3
"diff5",-23.3
"diff5",-20.3
"diff5",-22.3
"diff5",-17.3
"diff5",-18.3
"diff5",-17.3
"diff5",-22.3
"diff5",-16.3
"diff5",-19.3
"diff5",-22.3
"diff5",-19.3
"diff5",-20.3
"diff5",-13.3
"diff5",-22.3
"diff5",-17.3
"diff5",-21.3
"diff5",-18.3
"diff5",-19.3
"diff5",-19.3
"diff5",-17.3
"diff5",-18.3
"diff5",-16.3
"diff5",-17.3
"diff5",-15.3
"diff5",-24.3
"diff5",-17.3
"diff5",-25.3
"diff5",-14.3
"diff5",-22.3
"diff5",-17.3
"diff5",-18.3
"diff5",-21.3
"diff5",-17.3
"diff5",-17.3
"diff5",-16.3
"diff5",-17.3
"diff5",-15.3
"diff5",-17.3
"diff5",-16.3
"diff5",-22.3
"diff5",-20.3
"diff5",-23.3
"diff5",-15.3
"diff5",-15.3
"diff5",-18.3
"diff5",-22.3
"diff5",-21.3
"diff5",-21.3
"diff5",-19.3
"diff5",-19.3
"diff5",-20.3
"diff5",-20.3
"diff5",-19.3
"diff5",-21.3
"diff5",-15.3
"diff5",-13.3
"diff5",-13.3
"diff5",-23.3
"diff5",-17.3
"diff5",-15.3
"diff5",-24.3
"diff5",-19.3
"diff5",-22.3
"diff5",-17.3
"diff5",-15.3
"diff5",-21.3
"diff5",-18.3
"diff5",-22.3
"diff5",-20.3
"diff5",-23.3
"diff5",-17.3
"diff5",-26.3
"diff5",-16.3
"diff5",-19.3
"diff5",-17.3
"diff5",-18.3
"diff5",-16.3
"diff5",-20.3
"diff5",-22.3
"diff5",-15.3
"diff5",-18.3
"diff5",-17.3
"diff5",-16.3
"diff5",-23.3
"diff5",-15.3
"diff5",-18.3
"diff5",-19.3
"diff5",-13.3
"diff5",-17.3
"diff5",-20.3
"diff5",-20.3
"diff5",-15.3
"diff5",-22.3
"diff5",-21.3
"diff5",-20.3
"diff5",-16.3
"diff5",-15.3
"diff5",-15.3
"diff5",-20.3
"diff5",-18.3
"diff5",-19.3
"diff5",-16.3
"diff5",-23.3
"diff5",-22.3
"diff5",-21.3
"diff5",-18.3
"diff5",-24.3
"diff5",-20.3
"diff5",-20.3
"diff5",-24.3
"diff5",-22.3
"diff5",-22.3
"diff5",-18.3
"diff5",-22.3
"diff5",-23.3
"diff5",-18.3
"diff5",-18.3
"diff5",-23.3
"diff5",-22.3
"diff5",-22.3
"diff5",-18.3
"diff5",-17.3
"diff5",-19.3
"diff5",-15.3
"diff5",-13.3
"diff5",-19.3
"diff5",-23.3
"diff5",-13.3
"diff5",-21.3
"diff5",-18.3
"diff5",-23.3
"diff5",-18.3
"diff5",-21.3
"diff5",-22.3
"diff5",-12.3
"diff5",-25.3
"diff5",-20.3
"diff5",-19.3
"diff5",-20.3
"diff5",-14.3
"diff5",-15.3
"diff5",-18.3
"diff5",-19.3
"diff5",-18.3
"diff5",-17.3
"diff5",-21.3
"diff5",-17.3
"diff5",-15.3
"diff5",-22.3
"diff5",-21.3
"diff5",-16.3
"diff5",-21.3
"diff5",-16.3
"diff5",-21.3
"diff5",-19.3
"diff5",-16.3
"diff5",-23.3
"diff5",-23.3
"diff5",-17.3
"diff5",-23.3
"diff5",-17.3
"diff5",-22.3
"diff5",-23.3
"diff5",-24.3
"diff5",-18.3
"diff5",-17.3
"diff5",-19.3
"diff5",-22.3
"diff5",-23.3
"diff5",-17.3
"diff5",-14.3
"diff5",-25.3
"diff5",-22.3
"diff5",-14.3
"diff5",-16.3
"diff5",-25.3
"diff5",-25.3
"diff5",-18.3
"diff5",-21.3
"diff5",-19.3
"diff5",-19.3
"diff5",-19.3
"diff5",-19.3
"diff5",-25.3
"diff5",-20.3
"diff5",-15.3
"diff5",-16.3
"diff5",-18.3
"diff5",-16.3
"diff5",-23.3
"diff5",-15.3
"diff5",-22.3
"diff5",-21.3
"diff5",-23.3
"diff5",-21.3
"diff5",-14.3
"diff5",-16.3
"diff5",-17.3
"diff5",-20.3
"diff5",-12.3
"diff5",-23.3
"diff5",-24.3
"diff5",-18.3
"diff5",-15.3
"diff5",-20.3
"diff5",-20.3
"diff5",-20.3
"diff5",-20.3
"diff5",-15.3
"diff5",-25.3
"diff5",-19.3
"diff5",-21.3
"diff5",-15.3
"diff5",-23.3
"diff5",-18.3
"diff5",-20.3
"diff5",-21.3
"diff5",-23.3
"diff5",-20.3
"diff5",-23.3
"diff5",-22.3
"diff5",-19.3
"diff5",-20.3
"diff5",-18.3
"diff5",-19.3
"diff5",-23.3
"diff5",-16.3
"diff5",-21.3
"diff5",-19.3
"diff5",-24.3
"diff5",-15.3
"diff5",-24.3
"diff5",-13.3
"diff5",-23.3
"diff5",-17.3
"diff5",-20.3
"diff5",-19.3
"diff5",-17.3
"diff5",-19.3
"diff5",-20.3
"diff5",-20.3
"diff5",-22.3
"diff5",-19.3
"diff5",-14.3
"diff5",-19.3
"diff5",-19.3
"diff5",-17.3
"diff5",-20.3
"diff5",-21.3
"diff5",-15.3
"diff5",-24.3
"diff5",-13.3
"diff5",-19.3
"diff5",-16.3
"diff5",-17.3
"diff5",-21.3
"diff5",-14.3
"diff5",-17.3
"diff5",-17.3
"diff5",-13.3
"diff5",-22.3
"diff5",-19.3
"diff5",-15.3
"diff5",-24.3
"diff5",-16.3
"diff5",-15.3
"diff5",-21.3
"diff5",-16.3
"diff5",-18.3
"diff5",-18.3
"diff5",-24.3
"diff5",-18.3
"diff5",-21.3
"diff5",-19.3
"diff5",-19.3
"diff5",-21.3
"diff5",-24.3
"diff5",-12.3
"diff5",-13.3
"diff5",-17.3
"diff5",-18.3
"diff5",-15.3
"diff5",-21.3
"diff5",-18.3
"diff5",-25.3
"diff5",-22.3
"diff5",-12.3
"diff5",-22.3
"diff5",-16.3
"diff5",-19.3
"diff5",-25.3
"diff5",-24.3
"diff5",-18.3
"diff5",-16.3
"diff5",-22.3
"diff5",-16.3
"diff5",-18.3
"diff5",-27.3
"diff5",-12.3
"diff5",-20.3
"diff5",-19.3
"diff5",-22.3
"diff5",-15.3
"diff5",-17.3
"diff5",-18.3
"diff5",-19.3
"diff5",-18.3
"diff5",-20.3
"diff5",-12.3
"diff5",-18.3
"diff5",-18.3
"diff5",-23.3
"diff5",-20.3
"diff5",-21.3
"diff5",-18.3
"diff5",-22.3
"diff5",-13.3
"diff5",-20.3
"diff5",-19.3
"diff5",-19.3
"diff5",-17.3
"diff5",-22.3
"diff5",-22.3
"diff5",-19.3
"diff5",-25.3
"diff5",-18.3
"diff5",-15.3
"diff5",-13.3
"diff5",-22.3
"diff5",-13.3
"diff5",-22.3
"diff5",-17.3
"diff5",-20.3
"diff5",-13.3
"diff5",-23.3
"diff5",-22.3
"diff5",-18.3
"diff5",-18.3
"diff5",-18.3
"diff5",-25.3
"diff5",-26.3
"diff5",-15.3
"diff5",-20.3
"diff5",-17.3
"diff5",-19.3
"diff5",-17.3
"diff5",-23.3
"diff5",-20.3
"diff5",-15.3
"diff5",-20.3
"diff5",-13.3
"diff5",-23.3
"diff5",-17.3
"diff5",-23.3
"diff5",-20.3
"diff5",-20.3
"diff5",-20.3
"diff5",-20.3
"diff5",-23.3
"diff5",-13.3
"diff5",-20.3
"diff5",-19.3
"diff5",-17.3
"diff5",-18.3
"diff5",-18.3
"diff5",-12.3
"diff5",-22.3
"diff5",-16.3
"diff5",-17.3
"diff5",-16.3
"diff5",-18.3
"diff5",-23.3
"diff5",-19.3
"diff5",-18.3
"diff5",-27.3
"diff5",-14.3
"diff5",-27.3
"diff5",-16.3
"diff5",-15.3
"diff5",-23.3
"diff5",-20.3
"diff5",-19.3
"diff5",-21.3
"diff5",-22.3
"diff5",-16.3
"diff5",-24.3
"diff5",-16.3
"diff5",-17.3
"diff5",-11.3
"diff5",-18.3
"diff5",-20.3
"diff5",-15.3
"diff5",-21.3
"diff5",-15.3
"diff5",-15.3
"diff5",-14.3
"diff5",-24.3
"diff5",-28.3
"diff5",-15.3
"diff5",-19.3
"diff5",-13.3
"diff5",-27.3
"diff5",-22.3
"diff5",-13.3
"diff5",-21.3
"diff5",-17.3
"diff5",-13.3
"diff5",-24.3
"diff5",-21.3
"diff5",-14.3
"diff5",-25.3
"diff5",-15.3
"diff5",-26.3
"diff5",-16.3
"diff5",-21.3
"diff5",-26.3
"diff5",-20.3
"diff5",-19.3
"diff5",-21.3
"diff5",-20.3
"diff5",-14.3
"diff5",-21.3
"diff5",-25.3
"diff5",-21.3
"diff5",-17.3
"diff5",-15.3
"diff5",-16.3
"diff5",-20.3
"diff5",-22.3
"diff5",-23.3
"diff5",-13.3
"diff5",-12.3
"diff5",-20.3
"diff5",-17.3
"diff5",-24.3
"diff5",-20.3
"diff5",-20.3
"diff5",-14.3
"diff5",-16.3
"diff5",-13.3
"diff5",-18.3
"diff5",-18.3
"diff5",-14.3
"diff5",-20.3
"diff5",-21.3
"diff5",-22.3
"diff5",-26.3
"diff5",-23.3
"diff5",-16.3
"diff5",-17.3
"diff5",-11.3
"diff5",-14.3
"diff5",-14.3
"diff5",-22.3
"diff5",-18.3
"diff5",-21.3
"diff5",-17.3
"diff5",-21.3
"diff5",-15.3
"diff5",-20.3
"diff5",-21.3
"diff5",-18.3
"diff5",-25.3
"diff5",-19.3
"diff5",-18.3
"diff5",-21.3
"diff5",-20.3
"diff5",-16.3
"diff5",-21.3
"diff5",-17.3
"diff5",-21.3
"diff5",-16.3
"diff5",-21.3
"diff5",-19.3
"diff5",-15.3
"diff5",-22.3
"diff5",-17.3
"diff5",-15.3
"diff5",-19.3
"diff5",-20.3
"diff5",-21.3
"diff5",-13.3
"diff5",-21.3
"diff5",-17.3
"diff5",-17.3
"diff5",-21.3
"diff5",-16.3
"diff5",-12.3
"diff5",-21.3
"diff5",-17.3
"diff5",-20.3
"diff5",-20.3
"diff5",-17.3
"diff5",-11.3
"diff5",-22.3
"diff5",-13.3
"diff5",-18.3
"diff5",-17.3
"diff5",-18.3
"diff5",-14.3
"diff5",-18.3
"diff5",-19.3
"diff5",-22.3
"diff5",-26.3
"diff5",-18.3
"diff5",-18.3
"diff5",-11.3
"diff5",-19.3
"diff5",-20.3
"diff5",-18.3
"diff5",-17.3
"diff5",-15.3
"diff5",-18.3
"diff5",-14.3
"diff5",-20.3
"diff5",-22.3
"diff5",-18.3
"diff5",-10.3
"diff5",-25.3
"diff5",-23.3
"diff5",-18.3
"diff5",-22.3
"diff5",-19.3
"diff5",-23.3
"diff5",-24.3
"diff5",-22.3
"diff5",-24.3
"diff5",-21.3
"diff5",-15.3
"diff5",-21.3
"diff5",-17.3
"diff5",-23.3
"diff5",-20.3
"diff5",-22.3
"diff5",-17.3
"diff5",-16.3
"diff5",-16.3
"diff5",-16.3
"diff5",-24.3
"diff5",-20.3
"diff5",-18.3
"diff5",-20.3
"diff5",-17.3
"diff5",-11.3
"diff5",-21.3
"diff5",-26.3
"diff5",-19.3
"diff5",-27.3
"diff5",-15.3
"diff5",-16.3
"diff5",-16.3
"diff5",-20.3
"diff5",-16.3
"diff5",-18.3
"diff5",-21.3
"diff5",-15.3
"diff5",-19.3
"diff5",-19.3
"diff5",-20.3
"diff5",-21.3
"diff5",-16.3
"diff5",-25.3
"diff5",-23.3
"diff5",-12.3
"diff5",-15.3
"diff5",-12.3
"diff5",-18.3
"diff5",-17.3
"diff5",-20.3
"diff5",-23.3
"diff5",-17.3
"diff5",-22.3
"diff5",-18.3
"diff5",-24.3
"diff5",-13.3
"diff5",-21.3
"diff5",-23.3
"diff5",-18.3
"diff5",-14.3
"diff5",-21.3
"diff5",-22.3
"diff5",-11.3
"diff5",-12.3
"diff5",-23.3
"diff5",-22.3
"diff5",-16.3
"diff5",-14.3
"diff5",-18.3
"diff5",-20.3
"diff5",-17.3
"diff5",-20.3
"diff5",-16.3
"diff5",-22.3
"diff5",-19.3
"diff5",-25.3
"diff5",-17.3
"diff5",-12.3
"diff5",-12.3
"diff5",-17.3
"diff5",-13.3
"diff5",-17.3
"diff5",-23.3
"diff5",-23.3
"diff5",-21.3
"diff5",-17.3
"diff5",-13.3
"diff5",-15.3
"diff5",-21.3
"diff5",-13.3
"diff5",-16.3
"diff5",-10.3
"diff5",-13.3
"diff5",-21.3
"diff5",-16.3
"diff5",-19.3
"diff5",-20.3
"diff5",-18.3
"diff5",-26.3
"diff5",-17.3
"diff5",-20.3
"diff5",-22.3
"diff5",-18.3
"diff5",-12.3
"diff5",-18.3
"diff5",-17.3
"diff5",-22.3
"diff5",-15.3
"diff5",-12.3
"diff5",-19.3
"diff5",-16.3
"diff5",-22.3
"diff5",-24.3
"diff5",-19.3
"diff5",-16.3
"diff5",-18.3
"diff5",-15.3
"diff5",-25.3
"diff5",-17.3
"diff5",-17.3
"diff5",-19.3
"diff5",-23.3
"diff5",-21.3
"diff5",-17.3
"diff5",-26.3
"diff5",-20.3
"diff5",-21.3
"diff5",-22.3
"diff5",-15.3
"diff5",-18.3
"diff5",-22.3
"diff5",-22.3
"diff5",-20.3
"diff5",-13.3
"diff5",-27.3
"diff5",-17.3
"diff5",-19.3
"diff5",-15.3
"diff5",-17.3
"diff5",-14.3
"diff5",-15.3
"diff5",-12.3
"diff5",-15.3
"diff5",-21.3
"diff5",-22.3
"diff5",-17.3
"diff5",-14.3
"diff5",-15.3
"diff5",-21.3
"diff5",-20.3
"diff5",-15.3
"diff5",-18.3
"diff5",-22.3
"diff5",-15.3
"diff5",-24.3
"diff5",-18.3
"diff5",-20.3
"diff5",-15.3
"diff5",-21.3
"diff5",-21.3
"diff5",-17.3
"diff5",-20.3
"diff5",-18.3
"diff5",-20.3
"diff5",-17.3
"diff5",-19.3
"diff5",-16.3
"diff5",-21.3
"diff5",-14.3
"diff5",-18.3
"diff5",-20.3
"diff5",-14.3
"diff5",-18.3
"diff5",-19.3
"diff5",-13.3
"diff5",-14.3
"diff5",-19.3
"diff5",-19.3
"diff5",-12.3
"diff5",-22.3
"diff5",-17.3
"diff5",-17.3
"diff5",-18.3
"diff5",-14.3
"diff5",-20.3
"diff5",-12.3
"diff5",-12.3
"diff5",-24.3
"diff5",-17.3
"diff5",-17.3
"diff5",-17.3
"diff5",-16.3
"diff5",-16.3
"diff5",-22.3
"diff5",-15.3
"diff5",-12.3
"diff5",-14.3
"diff5",-21.3
"diff5",-20.3
"diff5",-18.3
"diff5",-12.3
"diff5",-19.3
"diff5",-22.3
"diff5",-22.3
"diff5",-16.3
"diff5",-15.3
"diff5",-15.3
"diff5",-19.3
"diff5",-14.3
"diff5",-18.3
"diff5",-20.3
"diff5",-23.3
"diff5",-12.3
"diff5",-14.3
"diff5",-15.3
"diff5",-21.3
"diff5",-10.3
"diff5",-18.3
"diff5",-20.3
"diff5",-11.3
"diff5",-18.3
"diff5",-16.3
"diff5",-18.3
"diff5",-17.3
"diff5",-23.3
"diff5",-18.3
"diff5",-25.3
"diff5",-14.3
"diff5",-13.3
"diff5",-26.3
"diff5",-19.3
"diff5",-22.3
"diff5",-24.3
"diff5",-24.3
"diff5",-18.3
"diff5",-18.3
"diff5",-17.3
"diff5",-14.3
"diff5",-12.3
"diff5",-13.3
"diff5",-23.3
"diff5",-18.3
"diff5",-20.3
"diff5",-18.3
"diff5",-21.3
"diff5",-13.3
"diff5",-19.3
"diff5",-23.3
"diff5",-15.3
"diff5",-17.3
"diff5",-10.3
"diff5",-18.3
"diff5",-22.3
"diff5",-19.3
"diff5",-11.3
"diff5",-17.3
"diff5",-20.3
"diff5",-19.3
"diff5",-14.3
"diff5",-15.3
"diff5",-21.3
"diff5",-14.3
"diff5",-13.3
"diff5",-23.3
"diff5",-9.3
"diff5",-14.3
"diff5",-13.3
"diff5",-16.3
"diff5",-23.3
"diff5",-16.3
"diff5",-15.3
"diff5",-13.3
"diff5",-16.3
"diff5",-16.3
"diff5",-11.3
"diff5",-17.3
"diff5",-16.3
"diff5",-25.3
"diff5",-15.3
"diff5",-17.3
"diff5",-14.3
"diff5",-17.3
"diff5",-17.3
"diff5",-16.3
"diff5",-18.3
"diff5",-9.3
"diff5",-15.3
"diff5",-24.3
"diff5",-21.3
"diff5",-17.3
"diff5",-17.3
"diff5",-22.3
"diff5",-25.3
"diff5",-22.3
"diff5",-19.3
"diff5",-25.3
"diff5",-19.3
"diff5",-17.3
"diff5",-25.3
"diff5",-25.3
"diff5",-10.3
"diff5",-13.3
"diff5",-13.3
"diff5",-20.3
"diff5",-22.3
"diff5",-12.3
"diff5",-11.3
"diff5",-16.3
"diff5",-23.3
"diff5",-13.3
"diff5",-15.3
"diff5",-18.3
"diff5",-11.3
"diff5",-18.3
"diff5",-18.3
"diff5",-17.3
"diff5",-21.3
"diff5",-14.3
"diff5",-20.3
"diff5",-17.3
"diff5",-21.3
"diff5",-16.3
"diff5",-20.3
"diff5",-20.3
"diff5",-17.3
"diff5",-17.3
"diff5",-17.3
"diff5",-15.3
"diff5",-13.3
"diff5",-19.3
"diff5",-23.3
"diff5",-21.3
"diff5",-20.3
"diff5",-20.3
"diff5",-16.3
"diff5",-26.3
"diff5",-17.3
"diff5",-20.3
"diff5",-21.3
"diff5",-23.3
"diff5",-17.3
"diff5",-18.3
"diff5",-17.3
"diff5",-14.3
"diff5",-13.3
"diff5",-19.3
"diff5",-20.3
"diff5",-15.3
"diff5",-29.3
"diff5",-17.3
"diff5",-22.3
"diff5",-19.3
"diff5",-28.3
"diff5",-19.3
"diff5",-20.3
"diff5",-22.3
"diff5",-24.3
"diff5",-9.3
"diff5",-13.3
"diff5",-19.3
"diff5",-18.3
"diff5",-18.3
"diff5",-26.3
"diff5",-26.3
"diff5",-29.3
"diff5",-17.3
"diff5",-11.3
"diff5",-8.3
"diff5",-10.3
"diff5",-23.3
"diff5",-28.3
"diff5",-12.3
"diff5",-18.3
"diff5",-17.3
"diff5",-25.3
"diff5",-24.3
"diff5",-22.3
"diff5",-15.3
"diff5",-25.3
"diff5",-14.3
"diff5",-26.3
"diff5",-18.3
"diff5",-19.3
"diff5",-17.3
"diff5",-20.3
"diff5",-14.3
"diff5",-23.3
"diff5",-18.3
"diff5",-15.3
"diff5",-19.3
"diff5",-16.3
"diff5",-13.3
"diff5",-9.3
"diff5",-20.3
"diff5",-26.3
"diff5",-12.3
"diff5",-20.3
"diff5",-16.3
"diff5",-12.3
"diff5",-17.3
"diff5",-16.3
"diff5",-21.3
"diff5",-19.3
"diff5",-21.3
"diff5",-24.3
"diff5",-27.3
"diff5",-21.3
"diff5",-18.3
"diff5",-21.3
"diff5",-28.3
"diff5",-23.3
"diff5",-21.3
"diff5",-10.3
"diff5",-17.3
"diff5",-18.3
"diff5",-10.3
"diff5",-19.3
"diff5",-18.3
"diff5",-13.3
"diff5",-15.3
"diff5",-11.3
"diff5",-17.3
"diff5",-7.3
"diff5",-11.3
"diff5",-9.3
"diff5",-27.3
"diff5",-18.3
"diff5",-22.3
"diff5",-15.3
"diff5",-7.3
"diff5",-19.3
"diff5",-22.3
"diff5",-25.3
"diff5",-19.3
"diff5",-23.3
"diff5",-21.3
"diff5",-10.3
"diff5",-18.3
"diff5",-29.3
"diff5",-16.3
"diff5",-27.3
"diff5",-8.3
"diff5",-25.3
"diff5",-14.3
"diff5",-26.3
"diff5",-20.3
"diff5",-16.3
"diff5",-21.3
"diff5",-15.3
"diff5",-19.3
"diff5",-22.3
"diff5",-19.3
"diff5",-18.3
"diff5",-12.3
"diff5",-21.3
"diff5",-20.3
"diff5",-16.3
"diff5",-19.3
"diff5",-7.3
"diff5",-24.3
"diff5",-14.3
"diff5",-25.3
"diff5",-8.3
"diff5",-7.3
"diff5",-22.3
"diff5",-10.3
"diff5",-23.3
"diff5",-19.3
"diff5",-23.3
"diff5",-21.3
"diff5",-19.3
"diff5",-25.3
"diff5",-15.3
"diff5",-20.3
"diff5",-22.3
"diff5",-25.3
"diff5",-16.3
"diff5",-25.3
"diff5",-29.3
"diff5",-28.3
"diff5",-18.3
"diff5",-24.3
"diff5",-21.3
"diff5",-18.3
"diff5",-26.3
"diff5",-15.3
"diff5",-16.3
"diff5",-17.3
"diff5",-20.3
"diff5",-18.3
"diff5",-17.3
"diff5",-17.3
"diff5",-21.3
"diff5",-22.3
"diff5",-7.3
"diff5",-13.3
"diff5",-19.3
"diff5",-20.3
"diff5",-10.3
"diff5",-19.3
"diff5",-18.3
"diff5",-17.3
"diff5",-16.3
"diff5",-16.3
"diff5",-20.3
"diff5",-13.3
"diff5",-20.3
"diff5",-12.3
"diff5",-20.3
"diff5",-14.3
"diff5",-24.3
"diff5",-24.3
"diff5",-25.3
"diff5",-23.3
"diff5",-22.3
"diff5",-17.3
"diff5",-22.3
"diff5",-19.3
"diff5",-29.3
"diff5",-23.3
"diff5",-15.3
"diff5",-14.3
"diff5",-15.3
"diff5",-13.3
"diff5",-14.3
"diff5",-20.3
"diff5",-21.3
"diff5",-13.3
"diff5",-20.3
"diff5",-14.3
"diff5",-14.3
"diff5",-10.3
"diff5",-21.3
"diff5",-14.3
"diff5",-16.3
"diff5",-18.3
"diff5",-23.3
"diff5",-12.3
"diff5",-24.3
"diff5",-19.3
"diff5",-19.3
"diff5",-11.3
"diff5",-21.3
"diff5",-17.3
"diff5",-24.3
"diff5",-20.3
"diff5",-18.3
"diff5",-27.3
"diff5",-6.3
"diff5",-31.3
"diff5",-18.3
"diff5",-6.3
"diff5",-9.3
"diff5",-28.3
"diff5",-8.3
"diff5",-24.3
"diff5",-9.3
"diff5",-14.3
"diff5",-20.3
"diff5",-10.3
"diff5",-22.3
"diff5",-21.3
"diff5",-13.3
"diff5",-21.3
"diff5",-13.3
"diff5",-12.3
"diff5",-22.3
"diff5",-14.3
"diff5",-23.3
"diff5",-25.3
"diff5",-21.3
"diff5",-8.3
"diff5",-18.3
"diff5",-19.3
"diff5",-15.3
"diff5",-19.3
"diff5",-23.3
"diff5",-7.3
"diff5",-20.3
"diff5",-16.3
"diff5",-22.3
"diff5",-23.3
"diff5",-17.3
"diff5",-13.3
"diff5",-18.3
"diff5",-18.3
"diff5",-18.3
"diff5",-4.3
"diff5",-14.3
"diff5",-32.3
"diff5",-4.3
"diff5",-21.3
"diff5",-19.3
"diff5",-27.3
"diff5",-22.3
"diff5",-14.3
"diff5",-14.3
"diff5",-21.3
"diff5",-30.3
"diff5",-22.3
"diff5",-14.3
"diff5",-22.3
"diff5",-19.3
"diff5",-21.3
"diff5",-8.3
"diff5",-8.3
"diff5",-23.3
"diff5",-17.3
"diff5",-17.3
"diff5",-23.3
"diff5",-28.3
"diff5",-12.3
"diff5",-7.3
"diff5",-22.3
"diff5",-7.3
"diff5",-18.3
"diff5",-19.3
"diff5",-19.3
"diff5",-14.3
"diff5",-27.3
"diff5",-25.3
"diff5",-18.3
"diff5",-10.3
"diff5",-22.3
"diff5",-16.3
"diff5",-17.3
"diff5",-20.3
"diff5",-18.3
"diff5",-11.3
"diff5",-30.3
"diff5",-25.3
"diff5",-22.3
"diff5",-10.3
"diff5",-14.3
"diff5",-18.3
"diff5",-13.3
"diff5",-24.3
"diff5",-20.3
"diff5",-17.3
"diff5",-17.3
"diff5",-19.3
"diff5",-2.3
"diff5",-17.3
"diff5",-28.3
"diff5",-26.3
"diff5",-2.3
"diff5",-13.3
"diff5",-26.3
"diff5",-8.3
"diff5",-15.3
"diff5",-13.3
"diff5",-32.3
"diff5",-16.3
"diff5",-7.3
"diff5",-18.3
"diff5",-19.3
"diff5",-24.3
"diff5",-12.3
"diff5",-23.3
"diff5",-12.3
"diff5",-19.3
"diff5",-18.3
"diff5",-27.3
"diff5",-29.3
"diff5",-13.3
"diff5",-20.3
"diff5",-7.3
"diff5",-5.3
"diff5",-16.3
"diff5",-25.3
"diff5",-5.3
"diff5",-20.3
"diff5",-10.3
"diff5",-30.3
"diff5",-21.3
"diff5",-26.3
"diff5",-23.3
"diff5",-19.3
"diff5",-15.3
"diff5",-10.3
"diff5",-15.3
"diff5",-29.3
"diff5",-13.3
"diff5",-28.3
"diff5",-21.3
"diff5",-16.3
"diff5",-17.3
"diff5",-6.3
"diff5",-2.3
"diff5",-17.3
"diff5",-17.3
"diff5",-14.3
"diff5",-19.3
"diff5",-13.3
"diff5",-26.3
"diff5",-25.3
"diff5",-19.3
"diff5",-20.3
"diff5",-16.3
"diff5",-25.3
"diff5",-23.3
"diff5",-10.3
"diff5",-28.3
"diff5",-11.3
"diff5",-13.3
"diff5",-19.3
"diff5",-16.3
"diff5",-16.3
"diff5",-10.3
"diff5",-5.3
"diff5",-17.3
"diff5",-31.3
"diff5",-25.3
"diff5",-20.3
"diff5",-27.3
"diff5",-18.3
"diff5",-22.3
"diff5",-9.3
"diff5",-14.3
"diff5",-14.3
"diff5",-12.3
"diff5",-15.3
"diff5",-7.3
"diff5",-11.3
"diff5",-28.3
"diff5",-13.3
"diff5",-5.3
"diff5",-14.3
"diff5",-11.3
"diff5",-14.3
"diff5",-9.3
"diff5",-19.3
"diff5",-11.3
"diff5",-11.3
"diff5",-17.3
"diff5",-8.3
"diff5",-24.3
"diff5",-23.3
"diff5",-18.3
"diff5",-7.3
"diff5",-15.3
"diff5",-23.3
"diff5",-17.3
"diff5",-17.3
"diff5",-26.3
"diff5",-18.3
"diff5",-17.3
"diff5",-10.3
"diff5",-23.3
"diff5",-12.3
"diff5",-9.3
"diff5",-16.3
"diff5",-6.3
"diff5",-28.3
"diff5",-9.3
"diff5",-15.3
"diff5",-12.3
"diff5",-15.3
"diff5",-10.3
"diff5",-10.3
"diff5",-16.3
"diff5",-7.3
"diff5",-19.3
"diff5",-9.3
"diff5",-15.3
"diff5",-26.3
"diff5",-3.3
"diff5",-18.3
"diff5",-21.3
"diff5",-29.3
"diff5",-29.3
"diff5",-25.3
"diff5",-24.3
"diff5",-11.3
"diff5",-28.3
"diff5",-21.3
"diff5",-26.3
"diff5",-20.3
"diff5",-12.3
"diff5",-9.3
"diff5",-20.3
"diff5",-21.3
"diff5",-20.3
"diff5",-23.3
"diff5",-19.3
"diff5",-27.3
"diff5",-4.3
"diff5",-21.3
"diff5",-10.3
"diff5",-14.3
"diff5",-20.3
"diff5",-26.3
"diff5",-31.3
"diff5",-17.3
"diff5",-25.3
"diff5",-12.3
"diff5",-12.3
"diff5",-22.3
"diff5",-25.3
"diff5",-26.3
"diff5",-31.3
"diff5",-7.3
"diff5",-11.3
"diff5",-16.3
"diff5",-30.3
"diff5",-16.3
"diff5",-31.3
"diff5",-25.3
"diff5",-30.3
"diff5",-21.3
"diff5",-9.3
"diff5",-29.3
"diff5",-21.3
"diff5",-11.3
"diff5",-16.3
"diff5",-9.3
"diff5",-13.3
"diff5",-20.3
"diff5",-15.3
"diff5",-12.3
"diff5",-32.3
"diff5",-25.3
"diff5",-29.3
"diff5",-15.3
"diff5",-11.3
"diff5",-27.3
"diff5",-17.3
"diff5",-9.3
"diff5",-20.3
"diff5",-22.3
"diff5",-0.300000000000001
"diff5",-19.3
"diff5",-12.3
"diff5",-22.3
"diff5",-12.3
"diff5",-23.3
"diff5",-4.3
"diff5",-12.3
"diff5",-18.3
"diff5",-17.3
"diff5",-22.3
"diff5",-5.3
"diff5",-9.3
"diff5",-27.3
"diff5",-13.3
"diff5",-15.3
"diff5",-28.3
"diff5",-22.3
"diff5",-23.3
"diff5",-7.3
"diff5",-17.3
"diff5",-2.3
"diff5",-12.3
"diff5",-26.3
"diff5",-30.3
"diff5",-19.3
"diff5",-4.3
"diff5",-22.3
"diff5",-10.3
"diff5",-25.3
"diff5",-13.3
"diff5",-20.3
"diff5",-16.3
"diff5",-26.3
"diff5",-22.3
"diff5",-18.3
"diff5",-24.3
"diff5",-19.3
"diff5",-18.3
"diff5",-16.3
"diff5",-26.3
"diff5",-12.3
"diff5",-23.3
"diff5",-26.3
"diff5",-21.3
"diff5",-19.3
"diff5",-14.3
"diff5",-1.3
"diff5",-8.3
"diff5",-27.3
"diff5",-13.3
"diff5",-10.3
"diff5",-19.3
"diff5",-2.3
"diff5",-14.3
"diff5",-27.3
"diff5",-17.3
"diff5",-29.3
"diff5",-17.3
"diff5",-28.3
"diff5",-31.3
"diff5",-16.3
"diff5",-18.3
"diff5",-28.3
"diff5",-15.3
"diff5",-13.3
"diff5",-8.3
"diff5",-20.3
"diff5",-11.3
"diff5",-19.3
"diff5",-20.3
"diff5",-24.3
"diff5",-30.3
"diff5",-10.3
"diff5",-17.3
"diff5",-13.3
"diff5",-20.3
"diff5",-21.3
"diff5",-16.3
"diff5",-21.3
"diff5",-17.3
"diff5",-9.3
"diff5",-26.3
"diff5",-17.3
"diff5",-18.3
"diff5",-11.3
"diff5",-16.3
"diff5",-16.3
"diff5",-15.3
"diff5",-19.3
"diff5",-14.3
"diff5",-23.3
"diff5",-1.3
"diff5",-14.3
"diff5",-17.3
"diff5",-10.3
"diff5",-7.3
"diff5",-17.3
"diff5",-10.3
"diff5",-22.3
"diff5",-15.3
"diff5",-25.3
"diff5",-15.3
"diff5",-26.3
"diff5",-20.3
"diff5",-11.3
"diff5",-26.3
"diff5",-17.3
"diff5",-5.3
"diff5",-16.3
"diff5",-19.3
"diff5",-5.3
"diff5",-15.3
"diff5",-18.3
"diff5",-35.3
"diff5",-12.3
"diff5",-12.3
"diff5",-15.3
"diff5",-28.3
"diff5",-23.3
"diff5",-9.3
"diff5",-36.3
"diff5",-19.3
"diff5",-7.3
"diff5",-40.3
"diff5",-35.3
"diff5",4.7
"diff5",-21.3
"diff5",-13.3
"diff5",-44.3
"diff5",-15.3
"diff5",-20.3
"diff5",-12.3
"diff5",-12.3
"diff5",-19.3
"diff5",-16.3
"diff5",2.7
"diff5",-19.3
"diff5",-20.3
"diff5",-26.3
"diff5",-43.3
"diff5",-29.3
"diff5",-18.3
"diff5",-17.3
"diff5",-13.3
"diff5",-19.3
"diff5",-27.3
"diff5",-16.3
"diff5",3.7
"diff5",-21.3
"diff5",-4.3
"diff5",-32.3
"diff5",-15.3
"diff5",-32.3
"diff5",-7.3
"diff5",-24.3
"diff5",-13.3
"diff5",-39.3
"diff5",-21.3
"diff5",-22.3
"diff5",-16.3
"diff5",-21.3
"diff5",-12.3
"diff5",-8.3
"diff5",-6.3
"diff5",-5.3
"diff5",-27.3
"diff5",-15.3
"diff5",-19.3
"diff5",-16.3
"diff5",-12.3
"diff5",-26.3
"diff5",-35.3
"diff5",-8.3
"diff5",-22.3
"diff5",-4.3
"diff5",-12.3
"diff5",-15.3
"diff5",-18.3
"diff5",-29.3
"diff5",-11.3
"diff5",-7.3
"diff5",-7.3
"diff5",-34.3
"diff5",-14.3
"diff5",-20.3
"diff5",-9.3
"diff5",-17.3
"diff5",-13.3
"diff5",0.699999999999999
"diff5",-40.3
"diff5",-15.3
"diff5",-37.3
"diff5",9.7
"diff5",-13.3
"diff5",-11.3
"diff5",9.7
"diff5",-12.3
"diff5",-30.3
"diff5",-14.3
"diff5",-13.3
"diff5",-24.3
"diff5",-6.3
"diff5",-22.3
"diff5",-38.3
"diff5",-36.3
"diff5",-1.3
"diff5",-7.3
"diff5",-21.3
"diff5",-21.3
"diff5",-13.3
"diff5",-2.3
"diff5",2.7
"diff5",-8.3
"diff5",-22.3
"diff5",-14.3
"diff5",-22.3
"diff5",-12.3
"diff5",-34.3
"diff5",-11.3
"diff5",-13.3
"diff5",-24.3
"diff5",-22.3
"diff5",-1.3
"diff5",-16.3
"diff5",-28.3
"diff5",-21.3
"diff5",-5.3
"diff5",-21.3
"diff5",-15.3
"diff5",-17.3
"diff5",-3.3
"diff5",-4.3
"diff5",-28.3
"diff5",-28.3
"diff5",-41.3
"diff5",-32.3
"diff5",-35.3
"diff5",-15.3
"diff5",-18.3
"diff5",-15.3
"diff5",-1.3
"diff5",-3.3
"diff5",-34.3
"diff5",-22.3
"diff5",-37.3
"diff5",-26.3
"diff5",-14.3
"diff5",-6.3
"diff5",-19.3
"diff5",-20.3
"diff5",-15.3
"diff5",-1.3
"diff5",-0.300000000000001
"diff5",-21.3
"diff5",-20.3
"diff5",-12.3
"diff5",-31.3
"diff5",-11.3
"diff5",-39.3
"diff5",-26.3
"diff5",-30.3
"diff5",-3.3
"diff5",-25.3
"diff5",4.7
"diff5",-1.3
"diff5",-11.3
"diff5",-17.3
"diff5",-20.3
"diff5",-32.3
"diff5",-14.3
"diff5",-20.3
"diff5",-21.3
"diff5",-16.3
"diff5",-25.3
"diff5",-34.3
"diff5",-9.3
"diff5",-5.3
"diff5",-30.3
"diff5",-10.3
"diff5",-15.3
"diff5",-33.3
"diff5",-16.3
"diff5",-15.3
"diff5",-17.3
"diff5",-6.3
"diff5",-37.3
"diff5",-33.3
"diff5",-1.3
"diff5",-18.3
"diff5",-16.3
"diff5",-14.3
"diff5",-16.3
"diff5",-14.3
"diff5",-0.300000000000001
"diff5",-18.3
"diff5",-15.3
"diff5",-15.3
"diff5",-9.3
"diff5",-5.3
"diff5",-11.3
"diff5",1.7
"diff5",-13.3
"diff5",-11.3
"diff5",-1.3
"diff5",-10.3
"diff5",-35.3
"diff5",-12.3
"diff5",-35.3
"diff5",-16.3
"diff5",-13.3
"diff5",-36.3
"diff5",-15.3
"diff5",-23.3
"diff5",-23.3
"diff5",-49.3
"diff5",-59.3
"diff5",-4.3
"diff5",5.7
"diff5",19.7
"diff5",-15.3
"diff5",3.7
"diff5",52.7
"diff5",-13.3
"diff5",-17.3
"diff5",59.7
"diff5",10.7
"diff5",-10.3
"diff5",-53.3
"diff5",-6.3
"diff5",-59.3
"diff5",-9.3
"diff5",35.7
"diff5",13.7
"diff5",29.7
"diff5",-20.3
"diff5",-17.3
"diff5",-25.3
"diff5",-20.3
"diff5",-40.3
"diff5",-34.3
"diff5",-45.3
"diff5",-15.3
"diff5",-32.3
"diff5",37.7
"diff5",-22.3
"diff5",27.7
"diff5",-60.3
"diff5",22.7
"diff5",11.7
"diff5",-8.3
"diff5",-67.3
"diff5",-2.3
"diff5",-30.3
"diff5",-23.3
"diff5",-17.3
"diff5",-40.3
"diff5",-45.3
"diff5",-12.3
"diff5",32.7
"diff5",-28.3
"diff5",-20.3
"diff5",-40.3
"diff5",1.7
"diff5",-32.3
"diff5",9.7
"diff5",-32.3
"diff5",-7.3
"diff5",25.7
"diff5",-22.3
"diff5",-78.3
"diff5",26.7
"diff5",-23.3
"diff5",-137.3
"diff5",3.7
"diff5",-5.3
"diff5",-34.3
"diff5",-25.3
"diff5",-16.3
"diff5",-25.3
"diff5",-105.3
"diff5",-42.3
"diff5",2.7
"diff5",24.7
"diff5",0.699999999999999
"diff5",-21.3
"diff5",-1.3
"diff5",-8.3
"diff5",-21.3
"diff5",-47.3
"diff5",3.7
"diff5",-52.3
"diff5",-60.3
"diff5",-48.3
"diff5",-22.3
"diff5",-55.3
"diff5",-3.3
"diff5",-22.3
"diff5",-17.3
"diff5",-32.3
"diff5",0.699999999999999
"diff5",-2.3
"diff5",-48.3
"diff5",-31.3
"diff5",-52.3
"diff5",-51.3
"diff5",-19.3
"diff5",2.7
"diff5",-5.3
"diff5",-15.3
"diff5",-49.3
"diff5",-32.3
"diff5",-4.3
"diff5",-27.3
"diff5",-47.3
"diff5",-59.3
"diff5",26.7
"diff5",6.7
"diff5",56.7
"diff5",-74.3
"diff5",-15.3
"diff5",-21.3
"diff5",-60.3
"diff5",-27.3
"diff5",-25.3
"diff5",5.7
"diff5",-23.3
"diff5",-16.3
"diff5",-18.3
"diff5",-28.3
"diff5",-37.3
"diff5",-19.3
"diff5",24.7
"diff5",-26.3
"diff5",12.7
"diff5",-92.3
"diff5",-73.3
"diff5",-48.3
"diff5",5.7
"diff5",4.7
"diff5",-70.3
"diff5",-35.3
"diff5",13.7
"diff5",20.7
"diff5",-46.3
"diff5",-107.3
"diff5",-15.3
"diff5",-17.3
"diff5",12.7
"diff5",11.7
"diff5",36.7
"diff5",-33.3
"diff5",12.7
"diff5",-37.3
"diff5",-61.3
"diff5",-77.3
"diff5",38.7
"diff5",-10.3
"diff5",-10.3
"diff5",-19.3
"diff5",-25.3
"diff5",-19.3
"diff5",-87.3
"diff5",-67.3
"diff5",-26.3
"diff5",-48.3
"diff5",-15.3
"diff5",-28.3
"diff5",20.7
"diff5",37.7
"diff5",56.7
"diff5",-16.3
"diff5",-32.3
"diff5",-5.3
"diff5",-20.3
"diff5",-50.3
"diff5",1.7
"diff5",-37.3
"diff5",7.7
"diff5",54.7
"diff5",24.7
"diff5",-35.3
"diff5",45.7
