"","variable","value"
"1","diff2",0.067
"2","diff2",0.028
"3","diff2",0.074
"4","diff2",0.09
"5","diff2",0.098
"6","diff2",0.072
"7","diff2",0.047
"8","diff2",0.091
"9","diff2",0.109
"10","diff2",0.052
"11","diff2",0.028
"12","diff2",0.079
"13","diff2",0.069
"14","diff2",0.112
"15","diff2",0.062
"16","diff2",0.057
"17","diff2",0.055
"18","diff2",0.069
"19","diff2",0.07
"20","diff2",0.085
"21","diff2",0.108
"22","diff2",0.073
"23","diff2",0.112
"24","diff2",0.046
"25","diff2",0.094
"26","diff2",0.075
"27","diff2",0.074
"28","diff2",0.066
"29","diff2",0.091
"30","diff2",0.099
"31","diff2",0.05
"32","diff2",0.083
"33","diff2",0.096
"34","diff2",0.074
"35","diff2",0.057
"36","diff2",0.06
"37","diff2",0.103
"38","diff2",0.101
"39","diff2",0.104
"40","diff2",0.076
"41","diff2",0.051
"42","diff2",0.071
"43","diff2",0.056
"44","diff2",0.064
"45","diff2",0.058
"46","diff2",0.057
"47","diff2",0.091
"48","diff2",0.059
"49","diff2",0.087
"50","diff2",0.065
"51","diff2",0.059
"52","diff2",0.095
"53","diff2",0.103
"54","diff2",0.065
"55","diff2",0.052
"56","diff2",0.075
"57","diff2",0.09
"58","diff2",0.095
"59","diff2",0.062
"60","diff2",0.069
"61","diff2",0.114
"62","diff2",0.088
"63","diff2",0.0189999999999999
"64","diff2",0.048
"65","diff2",0.093
"66","diff2",0.022
"67","diff2",0.051
"68","diff2",0.059
"69","diff2",0.067
"70","diff2",0.064
"71","diff2",0.025
"72","diff2",0.052
"73","diff2",0.086
"74","diff2",0.089
"75","diff2",0.042
"76","diff2",0.059
"77","diff2",0.091
"78","diff2",0.053
"79","diff2",0.108
"80","diff2",0.087
"81","diff2",0.097
"82","diff2",0.067
"83","diff2",0.073
"84","diff2",0.076
"85","diff2",0.098
"86","diff2",0.063
"87","diff2",0.087
"88","diff2",0.056
"89","diff2",0.125
"90","diff2",0.096
"91","diff2",0.074
"92","diff2",0.096
"93","diff2",0.065
"94","diff2",0.081
"95","diff2",0.097
"96","diff2",0.096
"97","diff2",0.071
"98","diff2",0.087
"99","diff2",0.069
"100","diff2",0.075
"101","diff2",0.06
"102","diff2",0.079
"103","diff2",0.062
"104","diff2",0.072
"105","diff2",0.071
"106","diff2",0.044
"107","diff2",0.08
"108","diff2",0.059
"109","diff2",0.067
"110","diff2",0.065
"111","diff2",0.105
"112","diff2",0.066
"113","diff2",0.057
"114","diff2",0.086
"115","diff2",0.071
"116","diff2",0.071
"117","diff2",0.058
"118","diff2",0.091
"119","diff2",0.069
"120","diff2",0.078
"121","diff2",0.088
"122","diff2",0.064
"123","diff2",0.092
"124","diff2",0.092
"125","diff2",0.09
"126","diff2",0.077
"127","diff2",0.068
"128","diff2",0.066
"129","diff2",0.096
"130","diff2",0.066
"131","diff2",0.092
"132","diff2",0.116
"133","diff2",0.087
"134","diff2",0.074
"135","diff2",0.051
"136","diff2",0.076
"137","diff2",0.055
"138","diff2",0.088
"139","diff2",0.075
"140","diff2",0.08
"141","diff2",0.089
"142","diff2",0.072
"143","diff2",0.104
"144","diff2",0.094
"145","diff2",0.09
"146","diff2",0.078
"147","diff2",0.106
"148","diff2",0.066
"149","diff2",0.057
"150","diff2",0.058
"151","diff2",0.0209999999999999
"152","diff2",0.091
"153","diff2",0.082
"154","diff2",0.082
"155","diff2",0.068
"156","diff2",0.085
"157","diff2",0.054
"158","diff2",0.093
"159","diff2",0.087
"160","diff2",0.102
"161","diff2",0.064
"162","diff2",0.077
"163","diff2",0.105
"164","diff2",0.092
"165","diff2",0.052
"166","diff2",0.113
"167","diff2",0.058
"168","diff2",0.079
"169","diff2",0.093
"170","diff2",0.076
"171","diff2",0.079
"172","diff2",0.095
"173","diff2",0.101
"174","diff2",0.114
"175","diff2",0.067
"176","diff2",0.086
"177","diff2",0.024
"178","diff2",0.049
"179","diff2",0.082
"180","diff2",0.095
"181","diff2",0.081
"182","diff2",0.088
"183","diff2",0.062
"184","diff2",0.1
"185","diff2",0.057
"186","diff2",0.081
"187","diff2",0.109
"188","diff2",0.097
"189","diff2",0.079
"190","diff2",0.047
"191","diff2",0.083
"192","diff2",0.08
"193","diff2",0.104
"194","diff2",0.085
"195","diff2",0.075
"196","diff2",0.059
"197","diff2",0.064
"198","diff2",0.056
"199","diff2",0.083
"200","diff2",0.096
"201","diff2",0.071
"202","diff2",0.09
"203","diff2",0.102
"204","diff2",0.049
"205","diff2",0.094
"206","diff2",0.085
"207","diff2",0.053
"208","diff2",0.076
"209","diff2",0.038
"210","diff2",0.072
"211","diff2",0.068
"212","diff2",0.064
"213","diff2",0.083
"214","diff2",0.036
"215","diff2",0.093
"216","diff2",0.071
"217","diff2",0.091
"218","diff2",0.05
"219","diff2",0.09
"220","diff2",0.073
"221","diff2",0.073
"222","diff2",0.064
"223","diff2",0.114
"224","diff2",0.137
"225","diff2",0.068
"226","diff2",0.057
"227","diff2",0.06
"228","diff2",0.089
"229","diff2",0.061
"230","diff2",0.071
"231","diff2",0.099
"232","diff2",0.092
"233","diff2",0.068
"234","diff2",0.056
"235","diff2",0.057
"236","diff2",0.1
"237","diff2",0.115
"238","diff2",0.101
"239","diff2",0.123
"240","diff2",0.103
"241","diff2",0.066
"242","diff2",0.069
"243","diff2",0.087
"244","diff2",0.085
"245","diff2",0.126
"246","diff2",0.069
"247","diff2",0.068
"248","diff2",0.088
"249","diff2",0.054
"250","diff2",0.077
"251","diff2",0.102
"252","diff2",0.041
"253","diff2",0.099
"254","diff2",0.073
"255","diff2",0.095
"256","diff2",0.08
"257","diff2",0.082
"258","diff2",0.08
"259","diff2",0.09
"260","diff2",0.052
"261","diff2",0.086
"262","diff2",0.079
"263","diff2",0.063
"264","diff2",0.083
"265","diff2",0.095
"266","diff2",0.051
"267","diff2",0.085
"268","diff2",0.126
"269","diff2",0.095
"270","diff2",0.089
"271","diff2",0.13
"272","diff2",0.061
"273","diff2",0.11
"274","diff2",0.089
"275","diff2",0.091
"276","diff2",0.062
"277","diff2",0.102
"278","diff2",0.087
"279","diff2",0.071
"280","diff2",0.051
"281","diff2",0.081
"282","diff2",0.089
"283","diff2",0.092
"284","diff2",0.071
"285","diff2",0.064
"286","diff2",0.087
"287","diff2",0.068
"288","diff2",0.111
"289","diff2",0.035
"290","diff2",0.055
"291","diff2",0.086
"292","diff2",0.05
"293","diff2",0.086
"294","diff2",0.043
"295","diff2",0.088
"296","diff2",0.073
"297","diff2",0.079
"298","diff2",0.047
"299","diff2",0.041
"300","diff2",0.061
"301","diff2",0.061
"302","diff2",0.064
"303","diff2",0.051
"304","diff2",0.06
"305","diff2",0.044
"306","diff2",0.087
"307","diff2",0.083
"308","diff2",0.028
"309","diff2",0.069
"310","diff2",0.069
"311","diff2",0.071
"312","diff2",0.092
"313","diff2",0.083
"314","diff2",0.062
"315","diff2",0.075
"316","diff2",0.0119999999999999
"317","diff2",0.054
"318","diff2",0.056
"319","diff2",0.051
"320","diff2",0.057
"321","diff2",0.091
"322","diff2",0.057
"323","diff2",0.079
"324","diff2",0.074
"325","diff2",0.075
"326","diff2",0.089
"327","diff2",0.073
"328","diff2",0.048
"329","diff2",0.063
"330","diff2",0.112
"331","diff2",0.069
"332","diff2",0.075
"333","diff2",0.064
"334","diff2",0.074
"335","diff2",0.09
"336","diff2",0.08
"337","diff2",0.063
"338","diff2",0.062
"339","diff2",0.117
"340","diff2",0.064
"341","diff2",0.081
"342","diff2",0.06
"343","diff2",0.099
"344","diff2",0.097
"345","diff2",0.101
"346","diff2",0.091
"347","diff2",0.108
"348","diff2",0.058
"349","diff2",0.077
"350","diff2",0.049
"351","diff2",0.057
"352","diff2",0.099
"353","diff2",0.1
"354","diff2",0.071
"355","diff2",0.085
"356","diff2",0.056
"357","diff2",0.072
"358","diff2",0.112
"359","diff2",0.076
"360","diff2",0.06
"361","diff2",0.074
"362","diff2",0.072
"363","diff2",0.036
"364","diff2",0.056
"365","diff2",0.069
"366","diff2",0.05
"367","diff2",0.104
"368","diff2",0.078
"369","diff2",0.094
"370","diff2",0.086
"371","diff2",0.063
"372","diff2",0.044
"373","diff2",0.059
"374","diff2",0.089
"375","diff2",0.071
"376","diff2",0.091
"377","diff2",0.081
"378","diff2",0.076
"379","diff2",0.031
"380","diff2",0.071
"381","diff2",0.073
"382","diff2",0.085
"383","diff2",0.094
"384","diff2",0.095
"385","diff2",0.07
"386","diff2",0.089
"387","diff2",0.071
"388","diff2",0.102
"389","diff2",0.061
"390","diff2",0.091
"391","diff2",0.054
"392","diff2",0.075
"393","diff2",0.086
"394","diff2",0.093
"395","diff2",0.114
"396","diff2",0.064
"397","diff2",0.035
"398","diff2",0.093
"399","diff2",0.059
"400","diff2",0.07
"401","diff2",0.057
"402","diff2",0.073
"403","diff2",0.09
"404","diff2",0.072
"405","diff2",0.1
"406","diff2",0.071
"407","diff2",0.066
"408","diff2",0.068
"409","diff2",0.072
"410","diff2",0.062
"411","diff2",0.073
"412","diff2",0.08
"413","diff2",0.107
"414","diff2",0.089
"415","diff2",0.099
"416","diff2",0.07
"417","diff2",0.037
"418","diff2",0.087
"419","diff2",0.078
"420","diff2",0.074
"421","diff2",0.055
"422","diff2",0.039
"423","diff2",0.054
"424","diff2",0.07
"425","diff2",0.084
"426","diff2",0.044
"427","diff2",0.047
"428","diff2",0.063
"429","diff2",0.057
"430","diff2",0.05
"431","diff2",0.087
"432","diff2",0.09
"433","diff2",0.099
"434","diff2",0.067
"435","diff2",0.102
"436","diff2",0.057
"437","diff2",0.06
"438","diff2",0.082
"439","diff2",0.058
"440","diff2",0.093
"441","diff2",0.054
"442","diff2",0.071
"443","diff2",0.054
"444","diff2",0.055
"445","diff2",0.068
"446","diff2",0.092
"447","diff2",0.105
"448","diff2",0.086
"449","diff2",0.089
"450","diff2",0.077
"451","diff2",0.049
"452","diff2",0.072
"453","diff2",0.044
"454","diff2",0.077
"455","diff2",0.063
"456","diff2",0.064
"457","diff2",0.057
"458","diff2",0.095
"459","diff2",0.075
"460","diff2",0.065
"461","diff2",0.097
"462","diff2",0.081
"463","diff2",0.123
"464","diff2",0.074
"465","diff2",0.08
"466","diff2",0.066
"467","diff2",0.049
"468","diff2",0.073
"469","diff2",0.0199999999999999
"470","diff2",0.1
"471","diff2",0.074
"472","diff2",0.091
"473","diff2",0.074
"474","diff2",0.096
"475","diff2",0.079
"476","diff2",0.083
"477","diff2",0.089
"478","diff2",0.066
"479","diff2",0.057
"480","diff2",0.088
"481","diff2",0.069
"482","diff2",0.061
"483","diff2",0.093
"484","diff2",0.096
"485","diff2",0.064
"486","diff2",0.08
"487","diff2",0.117
"488","diff2",0.099
"489","diff2",0.074
"490","diff2",0.099
"491","diff2",0.058
"492","diff2",0.077
"493","diff2",0.052
"494","diff2",0.091
"495","diff2",0.084
"496","diff2",0.041
"497","diff2",0.074
"498","diff2",0.075
"499","diff2",0.07
"500","diff2",0.076
"501","diff2",0.076
"502","diff2",0.076
"503","diff2",0.076
"504","diff2",0.076
"505","diff2",0.076
"506","diff2",0.076
"507","diff2",0.076
"508","diff2",0.076
"509","diff2",0.076
"510","diff2",0.076
"511","diff2",0.076
"512","diff2",0.076
"513","diff2",0.076
"514","diff2",0.076
"515","diff2",0.076
"516","diff2",0.076
"517","diff2",0.076
"518","diff2",0.076
"519","diff2",0.076
"520","diff2",0.076
"521","diff2",0.076
"522","diff2",0.076
"523","diff2",0.076
"524","diff2",0.076
"525","diff2",0.076
"526","diff2",0.076
"527","diff2",0.076
"528","diff2",0.076
"529","diff2",0.076
"530","diff2",0.076
"531","diff2",0.097
"532","diff2",0.058
"533","diff2",0.082
"534","diff2",0.074
"535","diff2",0.089
"536","diff2",0.074
"537","diff2",0.063
"538","diff2",0.062
"539","diff2",0.101
"540","diff2",0.064
"541","diff2",0.086
"542","diff2",0.076
"543","diff2",0.106
"544","diff2",0.079
"545","diff2",0.048
"546","diff2",0.044
"547","diff2",0.104
"548","diff2",0.028
"549","diff2",0.066
"550","diff2",0.092
"551","diff2",0.069
"552","diff2",0.073
"553","diff2",0.079
"554","diff2",0.028
"555","diff2",0.118
"556","diff2",0.086
"557","diff2",0.104
"558","diff2",0.083
"559","diff2",0.077
"560","diff2",0.115
"561","diff2",0.064
"562","diff2",0.036
"563","diff2",0.0139999999999999
"564","diff2",0.038
"565","diff2",0.108
"566","diff2",0.079
"567","diff2",0.07
"568","diff2",0.091
"569","diff2",0.084
"570","diff2",0.066
"571","diff2",0.096
"572","diff2",0.058
"573","diff2",0.063
"574","diff2",0.057
"575","diff2",0.091
"576","diff2",0.13
"577","diff2",0.064
"578","diff2",0.056
"579","diff2",0.076
"580","diff2",0.084
"581","diff2",0.063
"582","diff2",0.046
"583","diff2",0.049
"584","diff2",0.079
"585","diff2",0.071
"586","diff2",0.102
"587","diff2",0.064
"588","diff2",0.051
"589","diff2",0.076
"590","diff2",0.115
"591","diff2",0.109
"592","diff2",0.086
"593","diff2",0.05
"594","diff2",0.12
"595","diff2",0.082
"596","diff2",0.061
"597","diff2",0.052
"598","diff2",0.098
"599","diff2",0.077
"600","diff2",0.065
"601","diff2",0.057
"602","diff2",0.066
"603","diff2",0.066
"604","diff2",0.05
"605","diff2",0.081
"606","diff2",0.102
"607","diff2",0.076
"608","diff2",0.073
"609","diff2",0.069
"610","diff2",0.068
"611","diff2",0.091
"612","diff2",0.099
"613","diff2",0.08
"614","diff2",0.107
"615","diff2",0.111
"616","diff2",0.072
"617","diff2",0.085
"618","diff2",0.069
"619","diff2",0.075
"620","diff2",0.073
"621","diff2",0.08
"622","diff2",0.091
"623","diff2",0.072
"624","diff2",0.037
"625","diff2",0.083
"626","diff2",0.045
"627","diff2",0.104
"628","diff2",0.092
"629","diff2",0.083
"630","diff2",0.073
"631","diff2",0.043
"632","diff2",0.07
"633","diff2",0.031
"634","diff2",0.101
"635","diff2",0.083
"636","diff2",0.091
"637","diff2",0.095
"638","diff2",0.099
"639","diff2",0.085
"640","diff2",0.067
"641","diff2",0.099
"642","diff2",0.087
"643","diff2",0.057
"644","diff2",0.053
"645","diff2",0.096
"646","diff2",0.052
"647","diff2",0.108
"648","diff2",0.1
"649","diff2",0.059
"650","diff2",0.129
"651","diff2",0.06
"652","diff2",0.068
"653","diff2",0.046
"654","diff2",0.054
"655","diff2",0.052
"656","diff2",0.069
"657","diff2",0.089
"658","diff2",0.09
"659","diff2",0.056
"660","diff2",0.081
"661","diff2",0.076
"662","diff2",0.062
"663","diff2",0.104
"664","diff2",0.067
"665","diff2",0.078
"666","diff2",0.101
"667","diff2",0.068
"668","diff2",0.103
"669","diff2",0.067
"670","diff2",0.1
"671","diff2",0.083
"672","diff2",0.073
"673","diff2",0.104
"674","diff2",0.076
"675","diff2",0.087
"676","diff2",0.062
"677","diff2",0.069
"678","diff2",0.101
"679","diff2",0.076
"680","diff2",0.065
"681","diff2",0.067
"682","diff2",0.067
"683","diff2",0.064
"684","diff2",0.108
"685","diff2",0.118
"686","diff2",0.088
"687","diff2",0.07
"688","diff2",0.046
"689","diff2",0.061
"690","diff2",0.099
"691","diff2",0.098
"692","diff2",0.091
"693","diff2",0.094
"694","diff2",0.12
"695","diff2",0.061
"696","diff2",0.078
"697","diff2",0.06
"698","diff2",0.072
"699","diff2",0.043
"700","diff2",0.095
"701","diff2",0.09
"702","diff2",0.069
"703","diff2",0.085
"704","diff2",0.055
"705","diff2",0.089
"706","diff2",0.084
"707","diff2",0.087
"708","diff2",0.06
"709","diff2",0.066
"710","diff2",0.09
"711","diff2",0.072
"712","diff2",0.086
"713","diff2",0.066
"714","diff2",0.099
"715","diff2",0.082
"716","diff2",0.089
"717","diff2",0.096
"718","diff2",0.081
"719","diff2",0.056
"720","diff2",0.096
"721","diff2",0.07
"722","diff2",0.093
"723","diff2",0.074
"724","diff2",0.033
"725","diff2",0.09
"726","diff2",0.081
"727","diff2",0.078
"728","diff2",0.062
"729","diff2",0.067
"730","diff2",0.104
"731","diff2",0.088
"732","diff2",0.095
"733","diff2",0.035
"734","diff2",0.063
"735","diff2",0.055
"736","diff2",0.054
"737","diff2",0.068
"738","diff2",0.101
"739","diff2",0.091
"740","diff2",0.107
"741","diff2",0.051
"742","diff2",0.051
"743","diff2",0.065
"744","diff2",0.071
"745","diff2",0.076
"746","diff2",0.104
"747","diff2",0.054
"748","diff2",0.093
"749","diff2",0.095
"750","diff2",0.072
"751","diff2",0.047
"752","diff2",0.117
"753","diff2",0.043
"754","diff2",0.068
"755","diff2",0.103
"756","diff2",0.064
"757","diff2",0.073
"758","diff2",0.086
"759","diff2",0.093
"760","diff2",0.091
"761","diff2",0.075
"762","diff2",0.078
"763","diff2",0.042
"764","diff2",0.069
"765","diff2",0.13
"766","diff2",0.12
"767","diff2",0.081
"768","diff2",0.076
"769","diff2",0.066
"770","diff2",0.084
"771","diff2",0.058
"772","diff2",0.055
"773","diff2",0.045
"774","diff2",0.072
"775","diff2",0.079
"776","diff2",0.069
"777","diff2",0.083
"778","diff2",0.075
"779","diff2",0.08
"780","diff2",0.061
"781","diff2",0.079
"782","diff2",0.1
"783","diff2",0.051
"784","diff2",0.081
"785","diff2",0.059
"786","diff2",0.099
"787","diff2",0.058
"788","diff2",0.078
"789","diff2",0.094
"790","diff2",0.096
"791","diff2",0.078
"792","diff2",0.088
"793","diff2",0.085
"794","diff2",0.046
"795","diff2",0.109
"796","diff2",0.08
"797","diff2",0.109
"798","diff2",0.111
"799","diff2",0.076
"800","diff2",0.099
"801","diff2",0.058
"802","diff2",0.064
"803","diff2",0.069
"804","diff2",0.098
"805","diff2",0.09
"806","diff2",0.086
"807","diff2",0.063
"808","diff2",0.058
"809","diff2",0.068
"810","diff2",0.102
"811","diff2",0.077
"812","diff2",0.059
"813","diff2",0.066
"814","diff2",0.025
"815","diff2",0.081
"816","diff2",0.041
"817","diff2",0.079
"818","diff2",0.116
"819","diff2",0.074
"820","diff2",0.09
"821","diff2",0.099
"822","diff2",0.126
"823","diff2",0.084
"824","diff2",0.072
"825","diff2",0.062
"826","diff2",0.045
"827","diff2",0.082
"828","diff2",0.093
"829","diff2",0.105
"830","diff2",0.095
"831","diff2",0.077
"832","diff2",0.097
"833","diff2",0.112
"834","diff2",0.073
"835","diff2",0.053
"836","diff2",0.096
"837","diff2",0.103
"838","diff2",0.043
"839","diff2",0.093
"840","diff2",0.043
"841","diff2",0.0149999999999999
"842","diff2",0.043
"843","diff2",0.065
"844","diff2",0.111
"845","diff2",0.068
"846","diff2",0.083
"847","diff2",0.062
"848","diff2",0.065
"849","diff2",0.089
"850","diff2",0.058
"851","diff2",0.077
"852","diff2",0.047
"853","diff2",0.094
"854","diff2",0.044
"855","diff2",0.057
"856","diff2",0.121
"857","diff2",0.106
"858","diff2",0.077
"859","diff2",0.06
"860","diff2",0.086
"861","diff2",0.086
"862","diff2",0.067
"863","diff2",0.074
"864","diff2",0.095
"865","diff2",0.078
"866","diff2",0.08
"867","diff2",0.084
"868","diff2",0.055
"869","diff2",0.057
"870","diff2",0.07
"871","diff2",0.06
"872","diff2",0.087
"873","diff2",0.084
"874","diff2",0.039
"875","diff2",0.086
"876","diff2",0.079
"877","diff2",0.098
"878","diff2",0.06
"879","diff2",0.049
"880","diff2",0.074
"881","diff2",0.088
"882","diff2",0.115
"883","diff2",0.101
"884","diff2",0.103
"885","diff2",0.054
"886","diff2",0.075
"887","diff2",0.091
"888","diff2",0.037
"889","diff2",0.086
"890","diff2",0.027
"891","diff2",0.058
"892","diff2",0.0260000000000001
"893","diff2",0.078
"894","diff2",0.09
"895","diff2",0.11
"896","diff2",0.057
"897","diff2",0.077
"898","diff2",0.115
"899","diff2",0.1
"900","diff2",0.087
"901","diff2",0.078
"902","diff2",0.104
"903","diff2",0.076
"904","diff2",0.058
"905","diff2",0.051
"906","diff2",0.078
"907","diff2",0.066
"908","diff2",0.067
"909","diff2",0.067
"910","diff2",0.107
"911","diff2",0.081
"912","diff2",0.068
"913","diff2",0.08
"914","diff2",0.063
"915","diff2",0.091
"916","diff2",0.075
"917","diff2",0.092
"918","diff2",0.059
"919","diff2",0.085
"920","diff2",0.099
"921","diff2",0.095
"922","diff2",0.092
"923","diff2",0.055
"924","diff2",0.048
"925","diff2",0.062
"926","diff2",0.04
"927","diff2",0.075
"928","diff2",0.093
"929","diff2",0.11
"930","diff2",0.071
"931","diff2",0.061
"932","diff2",0.09
"933","diff2",0.074
"934","diff2",0.071
"935","diff2",0.083
"936","diff2",0.12
"937","diff2",0.078
"938","diff2",0.092
"939","diff2",0.105
"940","diff2",0.049
"941","diff2",0.091
"942","diff2",0.059
"943","diff2",0.091
"944","diff2",0.063
"945","diff2",0.047
"946","diff2",0.042
"947","diff2",0.062
"948","diff2",0.024
"949","diff2",0.111
"950","diff2",0.115
"951","diff2",0.101
"952","diff2",0.059
"953","diff2",0.074
"954","diff2",0.063
"955","diff2",0.039
"956","diff2",0.081
"957","diff2",0.092
"958","diff2",0.059
"959","diff2",0.092
"960","diff2",0.075
"961","diff2",0.101
"962","diff2",0.041
"963","diff2",0.042
"964","diff2",0.04
"965","diff2",0.029
"966","diff2",0.061
"967","diff2",0.085
"968","diff2",0.101
"969","diff2",0.093
"970","diff2",0.051
"971","diff2",0.05
"972","diff2",0.101
"973","diff2",0.076
"974","diff2",0.074
"975","diff2",0.052
"976","diff2",0.09
"977","diff2",0.092
"978","diff2",0.057
"979","diff2",0.082
"980","diff2",0.069
"981","diff2",0.068
"982","diff2",0.088
"983","diff2",0.096
"984","diff2",0.091
"985","diff2",0.056
"986","diff2",0.039
"987","diff2",0.079
"988","diff2",0.082
"989","diff2",0.085
"990","diff2",0.088
"991","diff2",0.052
"992","diff2",0.035
"993","diff2",0.049
"994","diff2",0.061
"995","diff2",0.073
"996","diff2",0.089
"997","diff2",0.08
"998","diff2",0.062
"999","diff2",0.088
"1000","diff2",0.112
"1001","diff2",0.086
"1002","diff2",0.08
"1003","diff2",0.075
"1004","diff2",0.095
"1005","diff2",0.042
"1006","diff2",0.068
"1007","diff2",0.081
"1008","diff2",0.06
"1009","diff2",0.076
"1010","diff2",0.08
"1011","diff2",0.115
"1012","diff2",0.107
"1013","diff2",0.108
"1014","diff2",0.06
"1015","diff2",0.105
"1016","diff2",0.057
"1017","diff2",0.056
"1018","diff2",0.085
"1019","diff2",0.06
"1020","diff2",0.115
"1021","diff2",0.088
"1022","diff2",0.04
"1023","diff2",0.072
"1024","diff2",0.056
"1025","diff2",0.092
"1026","diff2",0.116
"1027","diff2",0.079
"1028","diff2",0.073
"1029","diff2",0.094
"1030","diff2",0.091
"1031","diff2",0.101
"1032","diff2",0.075
"1033","diff2",0.091
"1034","diff2",0.057
"1035","diff2",0.073
"1036","diff2",0.089
"1037","diff2",0.089
"1038","diff2",0.067
"1039","diff2",0.046
"1040","diff2",0.096
"1041","diff2",0.093
"1042","diff2",0.055
"1043","diff2",0.049
"1044","diff2",0.068
"1045","diff2",0.076
"1046","diff2",0.077
"1047","diff2",0.111
"1048","diff2",0.053
"1049","diff2",0.05
"1050","diff2",0.087
"1051","diff2",0.071
"1052","diff2",0.102
"1053","diff2",0.068
"1054","diff2",0.082
"1055","diff2",0.0189999999999999
"1056","diff2",0.09
"1057","diff2",0.077
"1058","diff2",0.102
"1059","diff2",0.048
"1060","diff2",0.033
"1061","diff2",0.077
"1062","diff2",0.05
"1063","diff2",0.087
"1064","diff2",0.091
"1065","diff2",0.083
"1066","diff2",0.049
"1067","diff2",0.065
"1068","diff2",0.094
"1069","diff2",0.072
"1070","diff2",0.085
"1071","diff2",0.038
"1072","diff2",0.085
"1073","diff2",0.076
"1074","diff2",0.058
"1075","diff2",0.117
"1076","diff2",0.07
"1077","diff2",0.06
"1078","diff2",0.049
"1079","diff2",0.108
"1080","diff2",0.059
"1081","diff2",0.077
"1082","diff2",0.045
"1083","diff2",0.075
"1084","diff2",0.062
"1085","diff2",0.062
"1086","diff2",0.1
"1087","diff2",0.093
"1088","diff2",0.09
"1089","diff2",0.085
"1090","diff2",0.079
"1091","diff2",0.053
"1092","diff2",0.057
"1093","diff2",0.029
"1094","diff2",0.092
"1095","diff2",0.089
"1096","diff2",0.103
"1097","diff2",0.082
"1098","diff2",0.075
"1099","diff2",0.058
"1100","diff2",0.119
"1101","diff2",0.085
"1102","diff2",0.059
"1103","diff2",0.086
"1104","diff2",0.11
"1105","diff2",0.029
"1106","diff2",0.064
"1107","diff2",0.064
"1108","diff2",0.052
"1109","diff2",0.109
"1110","diff2",0.131
"1111","diff2",0.075
"1112","diff2",0.105
"1113","diff2",0.051
"1114","diff2",0.066
"1115","diff2",0.045
"1116","diff2",0.094
"1117","diff2",0.073
"1118","diff2",0.088
"1119","diff2",0.068
"1120","diff2",0.034
"1121","diff2",0.104
"1122","diff2",0.076
"1123","diff2",0.069
"1124","diff2",0.102
"1125","diff2",0.037
"1126","diff2",0.101
"1127","diff2",0.094
"1128","diff2",0.071
"1129","diff2",0.074
"1130","diff2",0.06
"1131","diff2",0.052
"1132","diff2",0.034
"1133","diff2",0.084
"1134","diff2",0.064
"1135","diff2",0.099
"1136","diff2",0.085
"1137","diff2",0.102
"1138","diff2",0.095
"1139","diff2",0.077
"1140","diff2",0.097
"1141","diff2",0.105
"1142","diff2",0.091
"1143","diff2",0.065
"1144","diff2",0.104
"1145","diff2",0.073
"1146","diff2",0.072
"1147","diff2",0.084
"1148","diff2",0.088
"1149","diff2",0.076
"1150","diff2",0.068
"1151","diff2",0.06
"1152","diff2",0.05
"1153","diff2",0.105
"1154","diff2",0.083
"1155","diff2",0.086
"1156","diff2",0.08
"1157","diff2",0.097
"1158","diff2",0.107
"1159","diff2",0.072
"1160","diff2",0.093
"1161","diff2",0.025
"1162","diff2",0.083
"1163","diff2",0.046
"1164","diff2",0.088
"1165","diff2",0.079
"1166","diff2",0.053
"1167","diff2",0.096
"1168","diff2",0.063
"1169","diff2",0.036
"1170","diff2",0.075
"1171","diff2",0.061
"1172","diff2",0.062
"1173","diff2",0.064
"1174","diff2",0.061
"1175","diff2",0.085
"1176","diff2",0.075
"1177","diff2",0.064
"1178","diff2",0.086
"1179","diff2",0.072
"1180","diff2",0.08
"1181","diff2",0.104
"1182","diff2",0.081
"1183","diff2",0.071
"1184","diff2",0.082
"1185","diff2",0.121
"1186","diff2",0.06
"1187","diff2",0.085
"1188","diff2",0.058
"1189","diff2",0.114
"1190","diff2",0.09
"1191","diff2",0.048
"1192","diff2",0.06
"1193","diff2",0.078
"1194","diff2",0.068
"1195","diff2",0.091
"1196","diff2",0.113
"1197","diff2",0.055
"1198","diff2",0.088
"1199","diff2",0.077
"1200","diff2",0.085
"1201","diff2",0.102
"1202","diff2",0.097
"1203","diff2",0.07
"1204","diff2",0.029
"1205","diff2",0.072
"1206","diff2",0.104
"1207","diff2",0.087
"1208","diff2",0.092
"1209","diff2",0.075
"1210","diff2",0.068
"1211","diff2",0.109
"1212","diff2",0.063
"1213","diff2",0.049
"1214","diff2",0.087
"1215","diff2",0.105
"1216","diff2",0.08
"1217","diff2",0.057
"1218","diff2",0.069
"1219","diff2",0.081
"1220","diff2",0.065
"1221","diff2",0.085
"1222","diff2",0.094
"1223","diff2",0.081
"1224","diff2",0.101
"1225","diff2",0.08
"1226","diff2",0.042
"1227","diff2",0.092
"1228","diff2",0.074
"1229","diff2",0.118
"1230","diff2",0.106
"1231","diff2",0.069
"1232","diff2",0.053
"1233","diff2",0.069
"1234","diff2",0.052
"1235","diff2",0.078
"1236","diff2",0.093
"1237","diff2",0.065
"1238","diff2",0.09
"1239","diff2",0.067
"1240","diff2",0.115
"1241","diff2",0.057
"1242","diff2",0.071
"1243","diff2",0.058
"1244","diff2",0.1
"1245","diff2",0.095
"1246","diff2",0.108
"1247","diff2",0.062
"1248","diff2",0.035
"1249","diff2",0.059
"1250","diff2",0.073
"1251","diff2",0.068
"1252","diff2",0.067
"1253","diff2",0.061
"1254","diff2",0.08
"1255","diff2",0.085
"1256","diff2",0.087
"1257","diff2",0.103
"1258","diff2",0.079
"1259","diff2",0.073
"1260","diff2",0.082
"1261","diff2",0.081
"1262","diff2",0.102
"1263","diff2",0.083
"1264","diff2",0.118
"1265","diff2",0.069
"1266","diff2",0.048
"1267","diff2",0.034
"1268","diff2",0.077
"1269","diff2",0.081
"1270","diff2",0.068
"1271","diff2",0.106
"1272","diff2",0.1
"1273","diff2",0.08
"1274","diff2",0.079
"1275","diff2",0.046
"1276","diff2",0.049
"1277","diff2",0.079
"1278","diff2",0.065
"1279","diff2",0.074
"1280","diff2",0.062
"1281","diff2",0.054
"1282","diff2",0.081
"1283","diff2",0.088
"1284","diff2",0.096
"1285","diff2",0.08
"1286","diff2",0.117
"1287","diff2",0.106
"1288","diff2",0.074
"1289","diff2",0.064
"1290","diff2",0.061
"1291","diff2",0.08
"1292","diff2",0.042
"1293","diff2",0.095
"1294","diff2",0.085
"1295","diff2",0.094
"1296","diff2",0.041
"1297","diff2",0.108
"1298","diff2",0.065
"1299","diff2",0.056
"1300","diff2",0.114
"1301","diff2",0.107
"1302","diff2",0.07
"1303","diff2",0.105
"1304","diff2",0.067
"1305","diff2",0.091
"1306","diff2",0.063
"1307","diff2",0.068
"1308","diff2",0.074
"1309","diff2",0.091
"1310","diff2",0.097
"1311","diff2",0.09
"1312","diff2",0.071
"1313","diff2",0.092
"1314","diff2",0.088
"1315","diff2",0.063
"1316","diff2",0.057
"1317","diff2",0.068
"1318","diff2",0.044
"1319","diff2",0.055
"1320","diff2",0.045
"1321","diff2",0.069
"1322","diff2",0.087
"1323","diff2",0.046
"1324","diff2",0.06
"1325","diff2",0.05
"1326","diff2",0.108
"1327","diff2",0.083
"1328","diff2",0.067
"1329","diff2",0.058
"1330","diff2",0.079
"1331","diff2",0.114
"1332","diff2",0.081
"1333","diff2",0.057
"1334","diff2",0.066
"1335","diff2",0.121
"1336","diff2",0.047
"1337","diff2",0.091
"1338","diff2",0.085
"1339","diff2",0.065
"1340","diff2",0.083
"1341","diff2",0.054
"1342","diff2",0.121
"1343","diff2",0.061
"1344","diff2",0.074
"1345","diff2",0.067
"1346","diff2",0.08
"1347","diff2",0.084
"1348","diff2",0.109
"1349","diff2",0.102
"1350","diff2",0.074
"1351","diff2",0.071
"1352","diff2",0.089
"1353","diff2",0.085
"1354","diff2",0.036
"1355","diff2",0.059
"1356","diff2",0.095
"1357","diff2",0.097
"1358","diff2",0.041
"1359","diff2",0.1
"1360","diff2",0.063
"1361","diff2",0.058
"1362","diff2",0.084
"1363","diff2",0.082
"1364","diff2",0.079
"1365","diff2",0.082
"1366","diff2",0.088
"1367","diff2",0.08
"1368","diff2",0.087
"1369","diff2",0.106
"1370","diff2",0.044
"1371","diff2",0.056
"1372","diff2",0.113
"1373","diff2",0.08
"1374","diff2",0.066
"1375","diff2",0.096
"1376","diff2",0.07
"1377","diff2",0.069
"1378","diff2",0.072
"1379","diff2",0.089
"1380","diff2",0.067
"1381","diff2",0.06
"1382","diff2",0.057
"1383","diff2",0.065
"1384","diff2",0.053
"1385","diff2",0.098
"1386","diff2",0.099
"1387","diff2",0.091
"1388","diff2",0.036
"1389","diff2",0.092
"1390","diff2",0.081
"1391","diff2",0.101
"1392","diff2",0.063
"1393","diff2",0.07
"1394","diff2",0.068
"1395","diff2",0.067
"1396","diff2",0.089
"1397","diff2",0.072
"1398","diff2",0.066
"1399","diff2",0.111
"1400","diff2",0.076
"1401","diff2",0.075
"1402","diff2",0.074
"1403","diff2",0.085
"1404","diff2",0.081
"1405","diff2",0.072
"1406","diff2",0.046
"1407","diff2",0.103
"1408","diff2",0.094
"1409","diff2",0.105
"1410","diff2",0.076
"1411","diff2",0.091
"1412","diff2",0.06
"1413","diff2",0.101
"1414","diff2",0.089
"1415","diff2",0.058
"1416","diff2",0.054
"1417","diff2",0.064
"1418","diff2",0.122
"1419","diff2",0.086
"1420","diff2",0.093
"1421","diff2",0.0190000000000001
"1422","diff2",0.076
"1423","diff2",0.088
"1424","diff2",0.087
"1425","diff2",0.082
"1426","diff2",0.059
"1427","diff2",0.075
"1428","diff2",0.069
"1429","diff2",0.078
"1430","diff2",0.102
"1431","diff2",0.117
"1432","diff2",0.07
"1433","diff2",0.062
"1434","diff2",0.108
"1435","diff2",0.089
"1436","diff2",0.08
"1437","diff2",0.121
"1438","diff2",0.051
"1439","diff2",0.071
"1440","diff2",0.062
"1441","diff2",0.048
"1442","diff2",0.054
"1443","diff2",0.092
"1444","diff2",0.08
"1445","diff2",0.064
"1446","diff2",0.076
"1447","diff2",0.049
"1448","diff2",0.036
"1449","diff2",0.088
"1450","diff2",0.086
"1451","diff2",0.094
"1452","diff2",0.057
"1453","diff2",0.077
"1454","diff2",0.093
"1455","diff2",0.06
"1456","diff2",0.069
"1457","diff2",0.071
"1458","diff2",0.085
"1459","diff2",0.118
"1460","diff2",0.081
"1461","diff2",0.087
"1462","diff2",0.079
"1463","diff2",0.06
"1464","diff2",0.062
"1465","diff2",0.082
"1466","diff2",0.072
"1467","diff2",0.072
"1468","diff2",0.103
"1469","diff2",0.068
"1470","diff2",0.069
"1471","diff2",0.093
"1472","diff2",0.082
"1473","diff2",0.068
"1474","diff2",0.086
"1475","diff2",0.1
"1476","diff2",0.078
"1477","diff2",0.065
"1478","diff2",0.073
"1479","diff2",0.076
"1480","diff2",0.072
"1481","diff2",0.06
"1482","diff2",0.094
"1483","diff2",0.057
"1484","diff2",0.103
"1485","diff2",0.034
"1486","diff2",0.108
"1487","diff2",0.094
"1488","diff2",0.078
"1489","diff2",0.104
"1490","diff2",0.126
"1491","diff2",0.057
"1492","diff2",0.113
"1493","diff2",0.073
"1494","diff2",0.089
"1495","diff2",0.088
"1496","diff2",0.073
"1497","diff2",0.066
"1498","diff2",0.078
"1499","diff2",0.079
"1500","diff2",0.092
"1501","diff2",0.055
"1502","diff2",0.07
"1503","diff2",0.106
"1504","diff2",0.089
"1505","diff2",0.051
"1506","diff2",0.044
"1507","diff2",0.1
"1508","diff2",0.086
"1509","diff2",0.084
"1510","diff2",0.081
"1511","diff2",0.069
"1512","diff2",0.067
"1513","diff2",0.058
"1514","diff2",0.061
"1515","diff2",0.075
"1516","diff2",0.095
"1517","diff2",0.099
"1518","diff2",0.079
"1519","diff2",0.065
"1520","diff2",0.111
"1521","diff2",0.122
"1522","diff2",0.105
"1523","diff2",0.05
"1524","diff2",0.083
"1525","diff2",0.045
"1526","diff2",0.095
"1527","diff2",0.056
"1528","diff2",0.094
"1529","diff2",0.1
"1530","diff2",0.086
"1531","diff2",0.108
"1532","diff2",0.092
"1533","diff2",0.09
"1534","diff2",0.06
"1535","diff2",0.091
"1536","diff2",0.07
"1537","diff2",0.048
"1538","diff2",0.084
"1539","diff2",0.08
"1540","diff2",0.08
"1541","diff2",0.068
"1542","diff2",0.059
"1543","diff2",0.069
"1544","diff2",0.072
"1545","diff2",0.062
"1546","diff2",0.076
"1547","diff2",0.068
"1548","diff2",0.087
"1549","diff2",0.118
"1550","diff2",0.057
"1551","diff2",0.054
"1552","diff2",0.061
"1553","diff2",0.057
"1554","diff2",0.093
"1555","diff2",0.067
"1556","diff2",0.066
"1557","diff2",0.079
"1558","diff2",0.051
"1559","diff2",0.023
"1560","diff2",0.09
"1561","diff2",0.083
"1562","diff2",0.076
"1563","diff2",0.098
"1564","diff2",0.052
"1565","diff2",0.076
"1566","diff2",0.102
"1567","diff2",0.095
"1568","diff2",0.069
"1569","diff2",0.083
"1570","diff2",0.049
"1571","diff2",0.066
"1572","diff2",0.063
"1573","diff2",0.085
"1574","diff2",0.093
"1575","diff2",0.064
"1576","diff2",0.072
"1577","diff2",0.106
"1578","diff2",0.087
"1579","diff2",0.055
"1580","diff2",0.093
"1581","diff2",0.134
"1582","diff2",0.065
"1583","diff2",0.093
"1584","diff2",0.071
"1585","diff2",0.065
"1586","diff2",0.066
"1587","diff2",0.064
"1588","diff2",0.081
"1589","diff2",0.11
"1590","diff2",0.061
"1591","diff2",0.077
"1592","diff2",0.069
"1593","diff2",0.05
"1594","diff2",0.055
"1595","diff2",0.041
"1596","diff2",0.08
"1597","diff2",0.097
"1598","diff2",0.06
"1599","diff2",0.063
"1600","diff2",0.047
"1601","diff2",0.083
"1602","diff2",0.062
"1603","diff2",0.028
"1604","diff2",0.071
"1605","diff2",0.074
"1606","diff2",0.096
"1607","diff2",0.077
"1608","diff2",0.0420000000000001
"1609","diff2",0.101
"1610","diff2",0.102
"1611","diff2",0.066
"1612","diff2",0.056
"1613","diff2",0.086
"1614","diff2",0.077
"1615","diff2",0.099
"1616","diff2",0.107
"1617","diff2",0.085
"1618","diff2",0.102
"1619","diff2",0.087
"1620","diff2",0.079
"1621","diff2",0.074
"1622","diff2",0.077
"1623","diff2",0.057
"1624","diff2",0.0189999999999999
"1625","diff2",0.071
"1626","diff2",0.114
"1627","diff2",0.065
"1628","diff2",0.069
"1629","diff2",0.051
"1630","diff2",0.066
"1631","diff2",0.106
"1632","diff2",0.074
"1633","diff2",0.045
"1634","diff2",0.107
"1635","diff2",0.074
"1636","diff2",0.036
"1637","diff2",0.087
"1638","diff2",0.112
"1639","diff2",0.077
"1640","diff2",0.112
"1641","diff2",0.083
"1642","diff2",0.092
"1643","diff2",0.061
"1644","diff2",0.077
"1645","diff2",0.108
"1646","diff2",0.054
"1647","diff2",0.063
"1648","diff2",0.074
"1649","diff2",0.052
"1650","diff2",0.103
"1651","diff2",0.082
"1652","diff2",0.073
"1653","diff2",0.063
"1654","diff2",0.066
"1655","diff2",0.06
"1656","diff2",0.046
"1657","diff2",0.106
"1658","diff2",0.042
"1659","diff2",0.04
"1660","diff2",0.091
"1661","diff2",0.08
"1662","diff2",0.096
"1663","diff2",0.071
"1664","diff2",0.084
"1665","diff2",0.054
"1666","diff2",0.091
"1667","diff2",0.08
"1668","diff2",0.037
"1669","diff2",0.075
"1670","diff2",0.104
"1671","diff2",0.074
"1672","diff2",0.078
"1673","diff2",0.063
"1674","diff2",0.12
"1675","diff2",0.075
"1676","diff2",0.094
"1677","diff2",0.102
"1678","diff2",0.094
"1679","diff2",0.082
"1680","diff2",0.114
"1681","diff2",0.102
"1682","diff2",0.106
"1683","diff2",0.074
"1684","diff2",0.076
"1685","diff2",0.079
"1686","diff2",0.11
"1687","diff2",0.122
"1688","diff2",0.043
"1689","diff2",0.046
"1690","diff2",0.081
"1691","diff2",0.058
"1692","diff2",0.085
"1693","diff2",0.049
"1694","diff2",0.068
"1695","diff2",0.063
"1696","diff2",0.075
"1697","diff2",0.085
"1698","diff2",0.063
"1699","diff2",0.078
"1700","diff2",0.039
"1701","diff2",0.119
"1702","diff2",0.105
"1703","diff2",0.076
"1704","diff2",0.115
"1705","diff2",0.054
"1706","diff2",0.101
"1707","diff2",0.094
"1708","diff2",0.082
"1709","diff2",0.08
"1710","diff2",0.067
"1711","diff2",0.064
"1712","diff2",0.084
"1713","diff2",0.091
"1714","diff2",0.076
"1715","diff2",0.096
"1716","diff2",0.041
"1717","diff2",0.06
"1718","diff2",0.092
"1719","diff2",0.059
"1720","diff2",0.086
"1721","diff2",0.096
"1722","diff2",0.071
"1723","diff2",0.064
"1724","diff2",0.052
"1725","diff2",0.118
"1726","diff2",0.066
"1727","diff2",0.032
"1728","diff2",0.04
"1729","diff2",0.08
"1730","diff2",0.053
"1731","diff2",0.058
"1732","diff2",0.074
"1733","diff2",0.1
"1734","diff2",0.081
"1735","diff2",0.056
"1736","diff2",0.053
"1737","diff2",0.071
"1738","diff2",0.1
"1739","diff2",0.057
"1740","diff2",0.073
"1741","diff2",0.049
"1742","diff2",0.1
"1743","diff2",0.074
"1744","diff2",0.078
"1745","diff2",0.078
"1746","diff2",0.042
"1747","diff2",0.081
"1748","diff2",0.109
"1749","diff2",0.06
"1750","diff2",0.1
"1751","diff2",0.053
"1752","diff2",0.095
"1753","diff2",0.075
"1754","diff2",0.024
"1755","diff2",0.101
"1756","diff2",0.095
"1757","diff2",0.024
"1758","diff2",0.052
"1759","diff2",0.093
"1760","diff2",0.086
"1761","diff2",0.077
"1762","diff2",0.069
"1763","diff2",0.059
"1764","diff2",0.098
"1765","diff2",0.101
"1766","diff2",0.085
"1767","diff2",0.079
"1768","diff2",0.069
"1769","diff2",0.036
"1770","diff2",0.09
"1771","diff2",0.071
"1772","diff2",0.151
"1773","diff2",0.106
"1774","diff2",0.097
"1775","diff2",0.063
"1776","diff2",0.041
"1777","diff2",0.085
"1778","diff2",0.043
"1779","diff2",0.099
"1780","diff2",0.069
"1781","diff2",0.028
"1782","diff2",0.036
"1783","diff2",0.055
"1784","diff2",0.048
"1785","diff2",0.06
"1786","diff2",0.086
"1787","diff2",0.059
"1788","diff2",0.081
"1789","diff2",0.084
"1790","diff2",0.086
"1791","diff2",0.06
"1792","diff2",0.049
"1793","diff2",0.068
"1794","diff2",0.097
"1795","diff2",0.08
"1796","diff2",0.076
"1797","diff2",0.088
"1798","diff2",0.085
"1799","diff2",0.055
"1800","diff2",0.078
"1801","diff2",0.038
"1802","diff2",0.088
"1803","diff2",0.065
"1804","diff2",0.033
"1805","diff2",0.068
"1806","diff2",0.096
"1807","diff2",0.048
"1808","diff2",0.079
"1809","diff2",0.088
"1810","diff2",0.085
"1811","diff2",0.07
"1812","diff2",0.099
"1813","diff2",0.081
"1814","diff2",0.122
"1815","diff2",0.0209999999999999
"1816","diff2",0.05
"1817","diff2",0.072
"1818","diff2",0.073
"1819","diff2",0.053
"1820","diff2",0.106
"1821","diff2",0.07
"1822","diff2",0.11
"1823","diff2",0.077
"1824","diff2",0.056
"1825","diff2",0.104
"1826","diff2",0.093
"1827","diff2",0.057
"1828","diff2",0.048
"1829","diff2",0.061
"1830","diff2",0.068
"1831","diff2",0.074
"1832","diff2",0.093
"1833","diff2",0.042
"1834","diff2",0.075
"1835","diff2",0.058
"1836","diff2",0.084
"1837","diff2",0.05
"1838","diff2",0.108
"1839","diff2",0.115
"1840","diff2",0.09
"1841","diff2",0.05
"1842","diff2",0.099
"1843","diff2",0.091
"1844","diff2",0.088
"1845","diff2",0.058
"1846","diff2",0.072
"1847","diff2",0.059
"1848","diff2",0.104
"1849","diff2",0.094
"1850","diff2",0.077
"1851","diff2",0.063
"1852","diff2",0.082
"1853","diff2",0.069
"1854","diff2",0.038
"1855","diff2",0.063
"1856","diff2",0.078
"1857","diff2",0.095
"1858","diff2",0.073
"1859","diff2",0.097
"1860","diff2",0.076
"1861","diff2",0.076
"1862","diff2",0.101
"1863","diff2",0.06
"1864","diff2",0.051
"1865","diff2",0.056
"1866","diff2",0.087
"1867","diff2",0.079
"1868","diff2",0.085
"1869","diff2",0.077
"1870","diff2",0.068
"1871","diff2",0.101
"1872","diff2",0.132
"1873","diff2",0.096
"1874","diff2",0.068
"1875","diff2",0.09
"1876","diff2",0.078
"1877","diff2",0.079
"1878","diff2",0.06
"1879","diff2",0.082
"1880","diff2",0.077
"1881","diff2",0.049
"1882","diff2",0.089
"1883","diff2",0.082
"1884","diff2",0.042
"1885","diff2",0.08
"1886","diff2",0.095
"1887","diff2",0.073
"1888","diff2",0.085
"1889","diff2",0.092
"1890","diff2",0.064
"1891","diff2",0.059
"1892","diff2",0.067
"1893","diff2",0.094
"1894","diff2",0.041
"1895","diff2",0.116
"1896","diff2",0.056
"1897","diff2",0.05
"1898","diff2",0.063
"1899","diff2",0.087
"1900","diff2",0.097
"1901","diff2",0.071
"1902","diff2",0.064
"1903","diff2",0.077
"1904","diff2",0.073
"1905","diff2",0.099
"1906","diff2",0.053
"1907","diff2",0.046
"1908","diff2",0.064
"1909","diff2",0.09
"1910","diff2",0.104
"1911","diff2",0.078
"1912","diff2",0.086
"1913","diff2",0.071
"1914","diff2",0.065
"1915","diff2",0.037
"1916","diff2",0.053
"1917","diff2",0.094
"1918","diff2",0.098
"1919","diff2",0.06
"1920","diff2",0.079
"1921","diff2",0.088
"1922","diff2",0.074
"1923","diff2",0.071
"1924","diff2",0.085
"1925","diff2",0.112
"1926","diff2",0.068
"1927","diff2",0.073
"1928","diff2",0.079
"1929","diff2",0.106
"1930","diff2",0.06
"1931","diff2",0.086
"1932","diff2",0.063
"1933","diff2",-0.00100000000000007
"1934","diff2",0.077
"1935","diff2",0.121
"1936","diff2",0.085
"1937","diff2",0.077
"1938","diff2",0.074
"1939","diff2",0.046
"1940","diff2",0.044
"1941","diff2",0.085
"1942","diff2",0.071
"1943","diff2",0.049
"1944","diff2",0.047
"1945","diff2",0.074
"1946","diff2",0.073
"1947","diff2",0.062
"1948","diff2",0.082
"1949","diff2",0.0199999999999999
"1950","diff2",0.053
"1951","diff2",0.041
"1952","diff2",0.052
"1953","diff2",0.113
"1954","diff2",0.097
"1955","diff2",0.073
"1956","diff2",0.064
"1957","diff2",0.064
"1958","diff2",0.097
"1959","diff2",0.121
"1960","diff2",0.096
"1961","diff2",0.088
"1962","diff2",0.08
"1963","diff2",0.102
"1964","diff2",0.062
"1965","diff2",0.061
"1966","diff2",0.065
"1967","diff2",0.071
"1968","diff2",0.069
"1969","diff2",0.073
"1970","diff2",0.056
"1971","diff2",0.084
"1972","diff2",0.064
"1973","diff2",0.066
"1974","diff2",0.071
"1975","diff2",0.067
"1976","diff2",0.085
"1977","diff2",0.079
"1978","diff2",0.045
"1979","diff2",0.1
"1980","diff2",0.101
"1981","diff2",0.089
"1982","diff2",0.104
"1983","diff2",0.105
"1984","diff2",0.072
"1985","diff2",0.054
"1986","diff2",0.077
"1987","diff2",0.042
"1988","diff2",0.083
"1989","diff2",0.09
"1990","diff2",0.044
"1991","diff2",0.087
"1992","diff2",0.065
"1993","diff2",0.052
"1994","diff2",0.075
"1995","diff2",0.133
"1996","diff2",0.071
"1997","diff2",0.077
"1998","diff2",0.041
"1999","diff2",0.096
"2000","diff2",0.046
"2001","diff2",0.105
"2002","diff2",0.071
"2003","diff2",0.091
"2004","diff2",0.063
"2005","diff2",0.046
"2006","diff2",0.085
"2007","diff2",0.07
"2008","diff2",0.074
"2009","diff2",0.073
"2010","diff2",0.095
"2011","diff2",0.08
"2012","diff2",0.085
"2013","diff2",0.071
"2014","diff2",0.077
"2015","diff2",0.064
"2016","diff2",0.079
"2017","diff2",0.061
"2018","diff2",0.09
"2019","diff2",0.062
"2020","diff2",0.063
"2021","diff2",0.079
"2022","diff2",0.057
"2023","diff2",0.126
"2024","diff2",0.055
"2025","diff2",0.08
"2026","diff2",0.056
"2027","diff2",0.056
"2028","diff2",0.072
"2029","diff2",0.086
"2030","diff2",0.062
"2031","diff2",0.084
"2032","diff2",0.075
"2033","diff2",0.084
"2034","diff2",0.102
"2035","diff2",0.052
"2036","diff2",0.092
"2037","diff2",0.094
"2038","diff2",0.12
"2039","diff2",0.069
"2040","diff2",0.069
"2041","diff2",0.088
"2042","diff2",0.092
"2043","diff2",0.059
"2044","diff2",0.076
"2045","diff2",0.072
"2046","diff2",0.076
"2047","diff2",0.061
"2048","diff2",0.061
"2049","diff2",0.088
"2050","diff2",0.081
"2051","diff2",0.092
"2052","diff2",0.067
"2053","diff2",0.065
"2054","diff2",0.069
"2055","diff2",0.12
"2056","diff2",0.052
"2057","diff2",0.097
"2058","diff2",0.073
"2059","diff2",0.06
"2060","diff2",0.052
"2061","diff2",0.052
"2062","diff2",0.099
"2063","diff2",0.076
"2064","diff2",0.078
"2065","diff2",0.111
"2066","diff2",0.117
"2067","diff2",0.079
"2068","diff2",0.09
"2069","diff2",0.102
"2070","diff2",0.063
"2071","diff2",0.101
"2072","diff2",0.06
"2073","diff2",0.049
"2074","diff2",0.067
"2075","diff2",0.105
"2076","diff2",0.078
"2077","diff2",0.048
"2078","diff2",0.054
"2079","diff2",0.053
"2080","diff2",0.07
"2081","diff2",0.042
"2082","diff2",0.049
"2083","diff2",0.073
"2084","diff2",0.085
"2085","diff2",0.049
"2086","diff2",0.073
"2087","diff2",0.076
"2088","diff2",0.11
"2089","diff2",0.085
"2090","diff2",0.06
"2091","diff2",0.077
"2092","diff2",0.075
"2093","diff2",0.047
"2094","diff2",0.078
"2095","diff2",0.082
"2096","diff2",0.044
"2097","diff2",0.067
"2098","diff2",0.075
"2099","diff2",0.064
"2100","diff2",0.094
"2101","diff2",0.107
"2102","diff2",0.082
"2103","diff2",0.082
"2104","diff2",0.076
"2105","diff2",0.073
"2106","diff2",0.05
"2107","diff2",0.1
"2108","diff2",0.051
"2109","diff2",0.093
"2110","diff2",0.101
"2111","diff2",0.076
"2112","diff2",0.067
"2113","diff2",0.067
"2114","diff2",0.0189999999999999
"2115","diff2",0.085
"2116","diff2",0.096
"2117","diff2",0.086
"2118","diff2",0.085
"2119","diff2",0.109
"2120","diff2",0.061
"2121","diff2",0.08
"2122","diff2",0.068
"2123","diff2",0.046
"2124","diff2",0.088
"2125","diff2",0.112
"2126","diff2",0.071
"2127","diff2",0.049
"2128","diff2",0.095
"2129","diff2",0.065
"2130","diff2",0.059
"2131","diff2",0.044
"2132","diff2",0.022
"2133","diff2",0.074
"2134","diff2",0.064
"2135","diff2",0.04
"2136","diff2",0.094
"2137","diff2",0.073
"2138","diff2",0.048
"2139","diff2",0.076
"2140","diff2",0.094
"2141","diff2",0.091
"2142","diff2",0.122
"2143","diff2",0.104
"2144","diff2",0.075
"2145","diff2",0.075
"2146","diff2",0.067
"2147","diff2",0.064
"2148","diff2",0.087
"2149","diff2",0.11
"2150","diff2",0.061
"2151","diff2",0.072
"2152","diff2",0.038
"2153","diff2",0.081
"2154","diff2",0.098
"2155","diff2",0.054
"2156","diff2",0.089
"2157","diff2",0.053
"2158","diff2",0.075
"2159","diff2",0.061
"2160","diff2",0.081
"2161","diff2",0.066
"2162","diff2",0.059
"2163","diff2",0.043
"2164","diff2",0.075
"2165","diff2",0.023
"2166","diff2",0.089
"2167","diff2",0.057
"2168","diff2",0.079
"2169","diff2",0.043
"2170","diff2",0.056
"2171","diff2",0.068
"2172","diff2",0.1
"2173","diff2",0.119
"2174","diff2",0.078
"2175","diff2",0.066
"2176","diff2",0.073
"2177","diff2",0.091
"2178","diff2",0.045
"2179","diff2",0.046
"2180","diff2",0.102
"2181","diff2",0.074
"2182","diff2",0.086
"2183","diff2",0.076
"2184","diff2",0.087
"2185","diff2",0.053
"2186","diff2",0.089
"2187","diff2",0.031
"2188","diff2",0.08
"2189","diff2",0.08
"2190","diff2",0.04
"2191","diff2",0.074
"2192","diff2",0.105
"2193","diff2",0.087
"2194","diff2",0.071
"2195","diff2",0.101
"2196","diff2",0.095
"2197","diff2",0.09
"2198","diff2",0.073
"2199","diff2",0.058
"2200","diff2",0.099
"2201","diff2",0.047
"2202","diff2",0.088
"2203","diff2",0.1
"2204","diff2",0.101
"2205","diff2",0.05
"2206","diff2",0.087
"2207","diff2",0.081
"2208","diff2",0.107
"2209","diff2",0.099
"2210","diff2",0.115
"2211","diff2",0.058
"2212","diff2",0.06
"2213","diff2",0.084
"2214","diff2",0.065
"2215","diff2",0.083
"2216","diff2",0.12
"2217","diff2",0.056
"2218","diff2",0.102
"2219","diff2",0.083
"2220","diff2",0.068
"2221","diff2",0.083
"2222","diff2",0.114
"2223","diff2",0.125
"2224","diff2",0.051
"2225","diff2",0.04
"2226","diff2",0.061
"2227","diff2",0.088
"2228","diff2",0.03
"2229","diff2",0.067
"2230","diff2",0.064
"2231","diff2",0.108
"2232","diff2",0.039
"2233","diff2",0.058
"2234","diff2",0.066
"2235","diff2",0.089
"2236","diff2",0.093
"2237","diff2",0.082
"2238","diff2",0.098
"2239","diff2",0.091
"2240","diff2",0.064
"2241","diff2",0.066
"2242","diff2",0.091
"2243","diff2",0.08
"2244","diff2",0.058
"2245","diff2",0.066
"2246","diff2",0.054
"2247","diff2",0.085
"2248","diff2",0.075
"2249","diff2",0.113
"2250","diff2",0.084
"2251","diff2",0.039
"2252","diff2",0.072
"2253","diff2",0.047
"2254","diff2",0.089
"2255","diff2",0.072
"2256","diff2",0.06
"2257","diff2",0.105
"2258","diff2",0.063
"2259","diff2",0.072
"2260","diff2",0.054
"2261","diff2",0.107
"2262","diff2",0.107
"2263","diff2",0.067
"2264","diff2",0.052
"2265","diff2",0.091
"2266","diff2",0.074
"2267","diff2",0.091
"2268","diff2",0.042
"2269","diff2",0.081
"2270","diff2",0.062
"2271","diff2",0.042
"2272","diff2",0.068
"2273","diff2",0.043
"2274","diff2",0.116
"2275","diff2",0.082
"2276","diff2",0.0180000000000001
"2277","diff2",0.096
"2278","diff2",0.0260000000000001
"2279","diff2",0.048
"2280","diff2",0.096
"2281","diff2",0.057
"2282","diff2",0.076
"2283","diff2",0.079
"2284","diff2",0.059
"2285","diff2",0.055
"2286","diff2",0.103
"2287","diff2",0.044
"2288","diff2",0.07
"2289","diff2",0.074
"2290","diff2",0.076
"2291","diff2",0.059
"2292","diff2",0.058
"2293","diff2",0.09
"2294","diff2",0.042
"2295","diff2",0.082
"2296","diff2",0.047
"2297","diff2",0.057
"2298","diff2",0.068
"2299","diff2",0.039
"2300","diff2",0.08
"2301","diff2",0.072
"2302","diff2",0.072
"2303","diff2",0.07
"2304","diff2",0.098
"2305","diff2",0.085
"2306","diff2",0.067
"2307","diff2",0.091
"2308","diff2",0.06
"2309","diff2",0.063
"2310","diff2",0.065
"2311","diff2",0.087
"2312","diff2",0.069
"2313","diff2",0.061
"2314","diff2",0.066
"2315","diff2",0.077
"2316","diff2",0.055
"2317","diff2",0.113
"2318","diff2",0.058
"2319","diff2",0.04
"2320","diff2",0.081
"2321","diff2",0.087
"2322","diff2",0.05
"2323","diff2",0.101
"2324","diff2",0.075
"2325","diff2",0.113
"2326","diff2",0.082
"2327","diff2",0.093
"2328","diff2",0.065
"2329","diff2",0.076
"2330","diff2",0.081
"2331","diff2",0.053
"2332","diff2",0.058
"2333","diff2",0.045
"2334","diff2",0.058
"2335","diff2",0.049
"2336","diff2",0.076
"2337","diff2",0.076
"2338","diff2",0.076
"2339","diff2",0.115
"2340","diff2",0.078
"2341","diff2",0.097
"2342","diff2",0.105
"2343","diff2",0.055
"2344","diff2",0.068
"2345","diff2",0.066
"2346","diff2",0.059
"2347","diff2",0.08
"2348","diff2",0.104
"2349","diff2",0.092
"2350","diff2",0.09
"2351","diff2",0.079
"2352","diff2",0.076
"2353","diff2",0.092
"2354","diff2",0.084
"2355","diff2",0.087
"2356","diff2",0.075
"2357","diff2",0.069
"2358","diff2",0.082
"2359","diff2",0.067
"2360","diff2",0.065
"2361","diff2",0.075
"2362","diff2",0.11
"2363","diff2",0.094
"2364","diff2",0.075
"2365","diff2",0.056
"2366","diff2",0.059
"2367","diff2",0.061
"2368","diff2",0.039
"2369","diff2",0.116
"2370","diff2",0.053
"2371","diff2",0.086
"2372","diff2",0.083
"2373","diff2",0.084
"2374","diff2",0.074
"2375","diff2",0.049
"2376","diff2",0.072
"2377","diff2",0.085
"2378","diff2",0.061
"2379","diff2",0.098
"2380","diff2",0.065
"2381","diff2",0.101
"2382","diff2",0.106
"2383","diff2",0.071
"2384","diff2",0.091
"2385","diff2",0.036
"2386","diff2",0.085
"2387","diff2",0.047
"2388","diff2",0.061
"2389","diff2",0.074
"2390","diff2",0.086
"2391","diff2",0.08
"2392","diff2",0.059
"2393","diff2",0.072
"2394","diff2",0.063
"2395","diff2",0.065
"2396","diff2",0.09
"2397","diff2",0.083
"2398","diff2",0.067
"2399","diff2",0.073
"2400","diff2",0.059
"2401","diff2",0.056
"2402","diff2",0.055
"2403","diff2",0.123
"2404","diff2",0.076
"2405","diff2",0.082
"2406","diff2",0.038
"2407","diff2",0.079
"2408","diff2",0.087
"2409","diff2",0.066
"2410","diff2",0.073
"2411","diff2",0.063
"2412","diff2",0.064
"2413","diff2",0.082
"2414","diff2",0.066
"2415","diff2",0.06
"2416","diff2",0.057
"2417","diff2",0.086
"2418","diff2",0.062
"2419","diff2",0.057
"2420","diff2",0.0169999999999999
"2421","diff2",0.059
"2422","diff2",0.054
"2423","diff2",0.061
"2424","diff2",0.091
"2425","diff2",0.054
"2426","diff2",0.067
"2427","diff2",0.097
"2428","diff2",0.083
"2429","diff2",0.057
"2430","diff2",0.078
"2431","diff2",0.048
"2432","diff2",0.098
"2433","diff2",0.063
"2434","diff2",0.064
"2435","diff2",0.065
"2436","diff2",0.059
"2437","diff2",0.047
"2438","diff2",0.039
"2439","diff2",0.062
"2440","diff2",0.058
"2441","diff2",0.058
"2442","diff2",0.059
"2443","diff2",0.11
"2444","diff2",0.102
"2445","diff2",0.083
"2446","diff2",0.101
"2447","diff2",0.071
"2448","diff2",0.046
"2449","diff2",0.064
"2450","diff2",0.092
"2451","diff2",0.081
"2452","diff2",0.055
"2453","diff2",0.09
"2454","diff2",0.133
"2455","diff2",0.058
"2456","diff2",0.112
"2457","diff2",0.063
"2458","diff2",0.102
"2459","diff2",0.074
"2460","diff2",0.065
"2461","diff2",0.059
"2462","diff2",0.071
"2463","diff2",0.063
"2464","diff2",0.067
"2465","diff2",0.092
"2466","diff2",0.059
"2467","diff2",0.077
"2468","diff2",0.054
"2469","diff2",0.094
"2470","diff2",0.092
"2471","diff2",0.08
"2472","diff2",0.064
"2473","diff2",0.045
"2474","diff2",0.136
"2475","diff2",0.078
"2476","diff2",0.083
"2477","diff2",0.054
"2478","diff2",0.078
"2479","diff2",0.096
"2480","diff2",0.081
"2481","diff2",0.104
"2482","diff2",0.095
"2483","diff2",0.1
"2484","diff2",0.116
"2485","diff2",0.073
"2486","diff2",0.068
"2487","diff2",0.082
"2488","diff2",0.078
"2489","diff2",0.031
"2490","diff2",0.066
"2491","diff2",0.088
"2492","diff2",0.078
"2493","diff2",0.105
"2494","diff2",0.106
"2495","diff2",0.085
"2496","diff2",0.076
"2497","diff2",0.048
"2498","diff2",0.082
"2499","diff2",0.063
"2500","diff2",0.057
"2501","diff2",0.068
"2502","diff2",0.06
"2503","diff2",0.083
"2504","diff2",0.067
"2505","diff2",0.067
"2506","diff2",0.075
"2507","diff2",0.049
"2508","diff2",0.041
"2509","diff2",0.045
"2510","diff2",0.085
"2511","diff2",0.108
"2512","diff2",0.055
"2513","diff2",0.0209999999999999
"2514","diff2",0.08
"2515","diff2",0.097
"2516","diff2",0.066
"2517","diff2",0.026
"2518","diff2",0.069
"2519","diff2",0.066
"2520","diff2",0.05
"2521","diff2",0.028
"2522","diff2",0.104
"2523","diff2",0.057
"2524","diff2",0.058
"2525","diff2",0.094
"2526","diff2",0.08
"2527","diff2",0.04
"2528","diff2",0.077
"2529","diff2",0.073
"2530","diff2",0.095
"2531","diff2",0.091
"2532","diff2",0.109
"2533","diff2",0.045
"2534","diff2",0.104
"2535","diff2",0.04
"2536","diff2",0.045
"2537","diff2",0.042
"2538","diff2",0.09
"2539","diff2",0.09
"2540","diff2",0.039
"2541","diff2",0.079
"2542","diff2",0.079
"2543","diff2",0.094
"2544","diff2",0.06
"2545","diff2",0.079
"2546","diff2",0.113
"2547","diff2",0.083
"2548","diff2",0.073
"2549","diff2",0.061
"2550","diff2",0.091
"2551","diff2",0.11
"2552","diff2",0.08
"2553","diff2",0.095
"2554","diff2",0.081
"2555","diff2",0.055
"2556","diff2",0.049
"2557","diff2",0.071
"2558","diff2",0.06
"2559","diff2",0.083
"2560","diff2",0.067
"2561","diff2",0.056
"2562","diff2",0.065
"2563","diff2",0.039
"2564","diff2",0.052
"2565","diff2",0.064
"2566","diff2",0.111
"2567","diff2",0.05
"2568","diff2",0.083
"2569","diff2",0.073
"2570","diff2",0.036
"2571","diff2",0.094
"2572","diff2",0.057
"2573","diff2",0.057
"2574","diff2",0.066
"2575","diff2",0.088
"2576","diff2",0.059
"2577","diff2",0.087
"2578","diff2",0.09
"2579","diff2",0.091
"2580","diff2",0.054
"2581","diff2",0.09
"2582","diff2",0.068
"2583","diff2",0.102
"2584","diff2",0.117
"2585","diff2",0.085
"2586","diff2",0.103
"2587","diff2",0.073
"2588","diff2",0.084
"2589","diff2",0.08
"2590","diff2",0.045
"2591","diff2",0.093
"2592","diff2",0.057
"2593","diff2",0.096
"2594","diff2",0.051
"2595","diff2",0.075
"2596","diff2",0.081
"2597","diff2",0.032
"2598","diff2",0.064
"2599","diff2",0.098
"2600","diff2",0.059
"2601","diff2",0.106
"2602","diff2",0.059
"2603","diff2",0.082
"2604","diff2",0.067
"2605","diff2",0.076
"2606","diff2",0.086
"2607","diff2",0.076
"2608","diff2",0.079
"2609","diff2",0.076
"2610","diff2",0.069
"2611","diff2",0.096
"2612","diff2",0.092
"2613","diff2",0.052
"2614","diff2",0.083
"2615","diff2",0.09
"2616","diff2",0.049
"2617","diff2",0.066
"2618","diff2",0.089
"2619","diff2",0.056
"2620","diff2",0.087
"2621","diff2",0.068
"2622","diff2",0.112
"2623","diff2",0.069
"2624","diff2",0.086
"2625","diff2",0.085
"2626","diff2",0.056
"2627","diff2",0.081
"2628","diff2",0.07
"2629","diff2",0.134
"2630","diff2",0.085
"2631","diff2",0.089
"2632","diff2",0.034
"2633","diff2",0.067
"2634","diff2",0.07
"2635","diff2",0.07
"2636","diff2",0.098
"2637","diff2",0.062
"2638","diff2",0.097
"2639","diff2",0.069
"2640","diff2",0.071
"2641","diff2",0.078
"2642","diff2",0.09
"2643","diff2",0.051
"2644","diff2",0.07
"2645","diff2",0.052
"2646","diff2",0.069
"2647","diff2",0.095
"2648","diff2",0.051
"2649","diff2",0.085
"2650","diff2",0.034
"2651","diff2",0.084
"2652","diff2",0.074
"2653","diff2",0.103
"2654","diff2",0.082
"2655","diff2",0.051
"2656","diff2",0.051
"2657","diff2",0.033
"2658","diff2",0.03
"2659","diff2",0.069
"2660","diff2",0.035
"2661","diff2",0.045
"2662","diff2",0.063
"2663","diff2",0.052
"2664","diff2",0.068
"2665","diff2",0.074
"2666","diff2",0.058
"2667","diff2",0.106
"2668","diff2",0.038
"2669","diff2",0.086
"2670","diff2",0.068
"2671","diff2",0.055
"2672","diff2",0.098
"2673","diff2",0.123
"2674","diff2",0.087
"2675","diff2",0.076
"2676","diff2",0.044
"2677","diff2",0.07
"2678","diff2",0.077
"2679","diff2",0.082
"2680","diff2",0.105
"2681","diff2",0.066
"2682","diff2",0.091
"2683","diff2",0.063
"2684","diff2",0.0220000000000001
"2685","diff2",0.084
"2686","diff2",0.08
"2687","diff2",0.092
"2688","diff2",0.097
"2689","diff2",0.1
"2690","diff2",0.059
"2691","diff2",0.05
"2692","diff2",0.1
"2693","diff2",0.095
"2694","diff2",0.066
"2695","diff2",0.071
"2696","diff2",0.06
"2697","diff2",0.092
"2698","diff2",0.052
"2699","diff2",0.082
"2700","diff2",0.116
"2701","diff2",0.083
"2702","diff2",0.066
"2703","diff2",0.091
"2704","diff2",0.077
"2705","diff2",0.079
"2706","diff2",0.043
"2707","diff2",0.074
"2708","diff2",0.102
"2709","diff2",0.085
"2710","diff2",0.047
"2711","diff2",0.042
"2712","diff2",0.095
"2713","diff2",0.045
"2714","diff2",0.089
"2715","diff2",0.031
"2716","diff2",0.055
"2717","diff2",0.089
"2718","diff2",0.109
"2719","diff2",0.086
"2720","diff2",0.104
"2721","diff2",0.088
"2722","diff2",0.089
"2723","diff2",0.124
"2724","diff2",0.059
"2725","diff2",0.049
"2726","diff2",0.095
"2727","diff2",0.103
"2728","diff2",0.058
"2729","diff2",0.086
"2730","diff2",0.071
"2731","diff2",0.076
"2732","diff2",0.063
"2733","diff2",0.103
"2734","diff2",0.069
"2735","diff2",0.055
"2736","diff2",0.064
"2737","diff2",0.102
"2738","diff2",0.108
"2739","diff2",0.074
"2740","diff2",0.12
"2741","diff2",0.061
"2742","diff2",0.06
"2743","diff2",0.049
"2744","diff2",0.059
"2745","diff2",0.11
"2746","diff2",0.064
"2747","diff2",0.093
"2748","diff2",0.079
"2749","diff2",0.072
"2750","diff2",0.067
"2751","diff2",0.067
"2752","diff2",0.108
"2753","diff2",0.086
"2754","diff2",0.066
"2755","diff2",0.058
"2756","diff2",0.105
"2757","diff2",0.059
"2758","diff2",0.053
"2759","diff2",0.114
"2760","diff2",0.057
"2761","diff2",0.089
"2762","diff2",0.115
"2763","diff2",0.082
"2764","diff2",0.051
"2765","diff2",0.052
"2766","diff2",0.093
"2767","diff2",0.077
"2768","diff2",0.11
"2769","diff2",0.096
"2770","diff2",0.086
"2771","diff2",0.116
"2772","diff2",0.085
"2773","diff2",0.094
"2774","diff2",0.119
"2775","diff2",0.069
"2776","diff2",0.087
"2777","diff2",0.058
"2778","diff2",0.08
"2779","diff2",0.05
"2780","diff2",0.091
"2781","diff2",0.071
"2782","diff2",0.082
"2783","diff2",0.05
"2784","diff2",0.082
"2785","diff2",0.073
"2786","diff2",0.071
"2787","diff2",0.065
"2788","diff2",0.052
"2789","diff2",0.092
"2790","diff2",0.053
"2791","diff2",0.073
"2792","diff2",0.075
"2793","diff2",0.096
"2794","diff2",0.084
"2795","diff2",0.088
"2796","diff2",0.065
"2797","diff2",0.047
"2798","diff2",0.08
"2799","diff2",0.052
"2800","diff2",0.068
"2801","diff2",0.069
"2802","diff2",0.055
"2803","diff2",0.087
"2804","diff2",0.079
"2805","diff2",0.048
"2806","diff2",0.088
"2807","diff2",0.105
"2808","diff2",0.057
"2809","diff2",0.081
"2810","diff2",0.056
"2811","diff2",0.053
"2812","diff2",0.064
"2813","diff2",0.066
"2814","diff2",0.081
"2815","diff2",0.101
"2816","diff2",0.076
"2817","diff2",0.125
"2818","diff2",0.075
"2819","diff2",0.094
"2820","diff2",0.075
"2821","diff2",0.063
"2822","diff2",0.101
"2823","diff2",0.086
"2824","diff2",0.087
"2825","diff2",0.054
"2826","diff2",0.079
"2827","diff2",0.07
"2828","diff2",0.063
"2829","diff2",0.079
"2830","diff2",0.078
"2831","diff2",0.064
"2832","diff2",0.107
"2833","diff2",0.056
"2834","diff2",0.097
"2835","diff2",0.095
"2836","diff2",0.063
"2837","diff2",0.097
"2838","diff2",0.059
"2839","diff2",0.034
"2840","diff2",0.049
"2841","diff2",0.066
"2842","diff2",0.118
"2843","diff2",0.072
"2844","diff2",0.067
"2845","diff2",0.09
"2846","diff2",0.042
"2847","diff2",0.045
"2848","diff2",0.09
"2849","diff2",0.063
"2850","diff2",0.087
"2851","diff2",0.072
"2852","diff2",0.105
"2853","diff2",0.071
"2854","diff2",0.063
"2855","diff2",0.068
"2856","diff2",0.041
"2857","diff2",0.099
"2858","diff2",0.063
"2859","diff2",0.087
"2860","diff2",0.08
"2861","diff2",0.043
"2862","diff2",0.051
"2863","diff2",0.087
"2864","diff2",0.085
"2865","diff2",0.076
"2866","diff2",0.07
"2867","diff2",0.082
"2868","diff2",0.036
"2869","diff2",0.086
"2870","diff2",0.062
"2871","diff2",0.086
"2872","diff2",0.083
"2873","diff2",0.033
"2874","diff2",0.051
"2875","diff2",0.105
"2876","diff2",0.09
"2877","diff2",0.07
"2878","diff2",0.113
"2879","diff2",0.079
"2880","diff2",0.087
"2881","diff2",0.103
"2882","diff2",0.074
"2883","diff2",0.058
"2884","diff2",0.1
"2885","diff2",0.037
"2886","diff2",0.066
"2887","diff2",0.097
"2888","diff2",0.063
"2889","diff2",0.062
"2890","diff2",0.083
"2891","diff2",0.087
"2892","diff2",0.022
"2893","diff2",0.049
"2894","diff2",0.074
"2895","diff2",0.089
"2896","diff2",0.064
"2897","diff2",0.071
"2898","diff2",0.061
"2899","diff2",0.097
"2900","diff2",0.14
"2901","diff2",0.069
"2902","diff2",0.079
"2903","diff2",0.135
"2904","diff2",0.078
"2905","diff2",0.053
"2906","diff2",0.068
"2907","diff2",0.092
"2908","diff2",0.106
"2909","diff2",0.034
"2910","diff2",0.089
"2911","diff2",0.07
"2912","diff2",0.056
"2913","diff2",0.075
"2914","diff2",0.061
"2915","diff2",0.087
"2916","diff2",0.05
"2917","diff2",0.087
"2918","diff2",0.073
"2919","diff2",0.08
"2920","diff2",0.043
"2921","diff2",0.088
"2922","diff2",0.081
"2923","diff2",0.047
"2924","diff2",0.08
"2925","diff2",0.091
"2926","diff2",0.071
"2927","diff2",0.048
"2928","diff2",0.066
"2929","diff2",0.078
"2930","diff2",0.063
"2931","diff2",0.067
"2932","diff2",0.102
"2933","diff2",0.115
"2934","diff2",0.09
"2935","diff2",0.078
"2936","diff2",0.079
"2937","diff2",0.09
"2938","diff2",0.074
"2939","diff2",0.085
"2940","diff2",0.077
"2941","diff2",0.114
"2942","diff2",0.056
"2943","diff2",0.058
"2944","diff2",0.064
"2945","diff2",0.059
"2946","diff2",0.076
"2947","diff2",0.081
"2948","diff2",0.036
"2949","diff2",0.044
"2950","diff2",0.069
"2951","diff2",0.085
"2952","diff2",0.068
"2953","diff2",0.105
"2954","diff2",0.056
"2955","diff2",0.063
"2956","diff2",0.059
"2957","diff2",0.087
"2958","diff2",0.083
"2959","diff2",0.056
"2960","diff2",0.101
"2961","diff2",0.086
"2962","diff2",0.052
"2963","diff2",0.069
"2964","diff2",0.1
"2965","diff2",0.066
"2966","diff2",0.071
"2967","diff2",0.061
"2968","diff2",0.107
"2969","diff2",0.052
"2970","diff2",0.065
"2971","diff2",0.067
"2972","diff2",0.073
"2973","diff2",0.067
"2974","diff2",0.06
"2975","diff2",0.092
"2976","diff2",0.073
"2977","diff2",0.06
"2978","diff2",0.107
"2979","diff2",0.083
"2980","diff2",0.075
"2981","diff2",0.127
"2982","diff2",0.056
"2983","diff2",0.076
"2984","diff2",0.04
"2985","diff2",0.053
"2986","diff2",0.08
"2987","diff2",0.061
"2988","diff2",0.096
"2989","diff2",0.067
"2990","diff2",0.076
"2991","diff2",0.162
"2992","diff2",0.088
"2993","diff2",0.055
"2994","diff2",0.082
"2995","diff2",0.043
"2996","diff2",0.075
"2997","diff2",0.051
"2998","diff2",0.077
"2999","diff2",0.089
"3000","diff2",0.086
"3001","diff2",0.095
"3002","diff2",0.075
"3003","diff2",0.106
"3004","diff2",0.089
"3005","diff2",0.061
"3006","diff2",0.031
"3007","diff2",0.08
"3008","diff2",0.105
"3009","diff2",0.079
"3010","diff2",0.077
"3011","diff2",0.062
"3012","diff2",0.072
"3013","diff2",0.061
"3014","diff2",0.079
"3015","diff2",0.064
"3016","diff2",0.079
"3017","diff2",0.068
"3018","diff2",0.073
"3019","diff2",0.098
"3020","diff2",0.095
"3021","diff2",0.101
"3022","diff2",0.072
"3023","diff2",0.091
"3024","diff2",0.093
"3025","diff2",0.061
"3026","diff2",0.052
"3027","diff2",0.082
"3028","diff2",0.07
"3029","diff2",0.06
"3030","diff2",0.094
"3031","diff2",0.059
"3032","diff2",0.078
"3033","diff2",0.106
"3034","diff2",0.058
"3035","diff2",0.09
"3036","diff2",0.062
"3037","diff2",0.096
"3038","diff2",0.092
"3039","diff2",0.101
"3040","diff2",0.069
"3041","diff2",0.056
"3042","diff2",0.065
"3043","diff2",0.092
"3044","diff2",0.069
"3045","diff2",0.118
"3046","diff2",0.072
"3047","diff2",0.052
"3048","diff2",0.06
"3049","diff2",0.068
"3050","diff2",0.045
"3051","diff2",0.058
"3052","diff2",0.046
"3053","diff2",0.079
"3054","diff2",0.122
"3055","diff2",0.105
"3056","diff2",0.084
"3057","diff2",0.023
"3058","diff2",0.067
"3059","diff2",0.116
"3060","diff2",0.045
"3061","diff2",0.066
"3062","diff2",0.093
"3063","diff2",0.057
"3064","diff2",0.056
"3065","diff2",0.093
"3066","diff2",0.085
"3067","diff2",0.088
"3068","diff2",0.075
"3069","diff2",0.089
"3070","diff2",0.1
"3071","diff2",0.036
"3072","diff2",0.032
"3073","diff2",0.1
"3074","diff2",0.081
"3075","diff2",0.078
"3076","diff2",0.101
"3077","diff2",0.083
"3078","diff2",0.085
"3079","diff2",0.08
"3080","diff2",0.087
"3081","diff2",0.06
"3082","diff2",0.061
"3083","diff2",0.083
"3084","diff2",0.085
"3085","diff2",0.067
"3086","diff2",0.039
"3087","diff2",0.082
"3088","diff2",0.088
"3089","diff2",0.071
"3090","diff2",0.093
"3091","diff2",0.046
"3092","diff2",0.053
"3093","diff2",0.057
"3094","diff2",0.066
"3095","diff2",0.087
"3096","diff2",0.057
"3097","diff2",0.051
"3098","diff2",0.105
"3099","diff2",0.087
"3100","diff2",0.048
"3101","diff2",0.082
"3102","diff2",0.072
"3103","diff2",0.087
"3104","diff2",0.068
"3105","diff2",0.074
"3106","diff2",0.049
"3107","diff2",0.094
"3108","diff2",0.047
"3109","diff2",0.059
"3110","diff2",0.094
"3111","diff2",0.09
"3112","diff2",0.113
"3113","diff2",0.076
"3114","diff2",0.106
"3115","diff2",0.066
"3116","diff2",0.095
"3117","diff2",0.086
"3118","diff2",0.065
"3119","diff2",0.094
"3120","diff2",0.073
"3121","diff2",0.068
"3122","diff2",0.074
"3123","diff2",0.091
"3124","diff2",0.095
"3125","diff2",0.08
"3126","diff2",0.101
"3127","diff2",0.083
"3128","diff2",0.139
"3129","diff2",0.093
"3130","diff2",0.074
"3131","diff2",0.073
"3132","diff2",0.082
"3133","diff2",0.056
"3134","diff2",0.127
"3135","diff2",0.1
"3136","diff2",0.118
"3137","diff2",0.056
"3138","diff2",0.076
"3139","diff2",0.071
"3140","diff2",0.068
"3141","diff2",0.051
"3142","diff2",0.059
"3143","diff2",0.089
"3144","diff2",0.062
"3145","diff2",0.05
"3146","diff2",0.081
"3147","diff2",0.088
"3148","diff2",0.09
"3149","diff2",0.056
"3150","diff2",0.079
"3151","diff2",0.085
"3152","diff2",0.068
"3153","diff2",0.103
"3154","diff2",0.06
"3155","diff2",0.063
"3156","diff2",0.069
"3157","diff2",0.054
"3158","diff2",0.07
"3159","diff2",0.095
"3160","diff2",0.059
"3161","diff2",0.059
"3162","diff2",0.047
"3163","diff2",0.099
"3164","diff2",0.066
"3165","diff2",0.056
"3166","diff2",0.068
"3167","diff2",0.066
"3168","diff2",0.097
"3169","diff2",0.044
"3170","diff2",0.037
"3171","diff2",0.078
"3172","diff2",0.089
"3173","diff2",0.083
"3174","diff2",0.09
"3175","diff2",0.087
"3176","diff2",0.131
"3177","diff2",0.031
"3178","diff2",0.058
"3179","diff2",0.066
"3180","diff2",0.077
"3181","diff2",0.123
"3182","diff2",0.078
"3183","diff2",0.084
"3184","diff2",0.07
"3185","diff2",0.046
"3186","diff2",0.074
"3187","diff2",0.036
"3188","diff2",0.116
"3189","diff2",0.088
"3190","diff2",0.064
"3191","diff2",0.053
"3192","diff2",0.058
"3193","diff2",0.096
"3194","diff2",0.059
"3195","diff2",0.091
"3196","diff2",0.124
"3197","diff2",0.07
"3198","diff2",0.138
"3199","diff2",0.067
"3200","diff2",0.098
"3201","diff2",0.033
"3202","diff2",0.062
"3203","diff2",0.084
"3204","diff2",0.078
"3205","diff2",0.071
"3206","diff2",0.1
"3207","diff2",0.049
"3208","diff2",0.075
"3209","diff2",0.074
"3210","diff2",0.072
"3211","diff2",0.101
"3212","diff2",0.077
"3213","diff2",0.102
"3214","diff2",0.104
"3215","diff2",0.072
"3216","diff2",0.08
"3217","diff2",0.08
"3218","diff2",0.058
"3219","diff2",0.081
"3220","diff2",0.083
"3221","diff2",0.065
"3222","diff2",0.081
"3223","diff2",0.061
"3224","diff2",0.117
"3225","diff2",0.077
"3226","diff2",0.101
"3227","diff2",0.07
"3228","diff2",0.091
"3229","diff2",0.088
"3230","diff2",0.094
"3231","diff2",0.09
"3232","diff2",0.106
"3233","diff2",0.119
"3234","diff2",0.119
"3235","diff2",0.07
"3236","diff2",0.11
"3237","diff2",0.096
"3238","diff2",0.067
"3239","diff2",0.115
"3240","diff2",0.053
"3241","diff2",0.069
"3242","diff2",0.071
"3243","diff2",0.065
"3244","diff2",0.093
"3245","diff2",0.07
"3246","diff2",0.116
"3247","diff2",0.095
"3248","diff2",0.089
"3249","diff2",0.099
"3250","diff2",0.08
"3251","diff2",0.085
"3252","diff2",0.047
"3253","diff2",0.089
"3254","diff2",0.094
"3255","diff2",0.058
"3256","diff2",0.089
"3257","diff2",0.057
"3258","diff2",0.047
"3259","diff2",0.105
"3260","diff2",0.079
"3261","diff2",0.063
"3262","diff2",0.068
"3263","diff2",0.064
"3264","diff2",0.087
"3265","diff2",0.039
"3266","diff2",0.049
"3267","diff2",0.046
"3268","diff2",0.104
"3269","diff2",0.069
"3270","diff2",0.079
"3271","diff2",0.072
"3272","diff2",0.079
"3273","diff2",0.063
"3274","diff2",0.088
"3275","diff2",0.051
"3276","diff2",0.078
"3277","diff2",0.089
"3278","diff2",0.048
"3279","diff2",0.089
"3280","diff2",0.081
"3281","diff2",0.085
"3282","diff2",0.054
"3283","diff2",0.117
"3284","diff2",0.1
"3285","diff2",0.109
"3286","diff2",0.062
"3287","diff2",0.083
"3288","diff2",0.037
"3289","diff2",0.096
"3290","diff2",0.084
"3291","diff2",0.106
"3292","diff2",0.072
"3293","diff2",0.089
"3294","diff2",0.079
"3295","diff2",0.056
"3296","diff2",0.11
"3297","diff2",0.033
"3298","diff2",0.059
"3299","diff2",0.052
"3300","diff2",0.073
"3301","diff2",0.086
"3302","diff2",0.083
"3303","diff2",0.068
"3304","diff2",0.055
"3305","diff2",0.105
"3306","diff2",0.119
"3307","diff2",0.091
"3308","diff2",0.064
"3309","diff2",0.079
"3310","diff2",0.111
"3311","diff2",0.131
"3312","diff2",0.075
"3313","diff2",0.0450000000000001
"3314","diff2",0.08
"3315","diff2",0.087
"3316","diff2",0.069
"3317","diff2",0.077
"3318","diff2",0.077
"3319","diff2",0.094
"3320","diff2",0.1
"3321","diff2",0.114
"3322","diff2",0.055
"3323","diff2",0.045
"3324","diff2",0.039
"3325","diff2",0.048
"3326","diff2",0.087
"3327","diff2",0.101
"3328","diff2",0.091
"3329","diff2",0.081
"3330","diff2",0.074
"3331","diff2",0.051
"3332","diff2",0.063
"3333","diff2",0.095
"3334","diff2",0.062
"3335","diff2",0.079
"3336","diff2",0.061
"3337","diff2",0.089
"3338","diff2",0.083
"3339","diff2",0.028
"3340","diff2",0.088
"3341","diff2",0.04
"3342","diff2",0.08
"3343","diff2",0.101
"3344","diff2",0.058
"3345","diff2",0.042
"3346","diff2",0.093
"3347","diff2",0.1
"3348","diff2",0.068
"3349","diff2",0.094
"3350","diff2",0.087
"3351","diff2",0.08
"3352","diff2",0.088
"3353","diff2",0.065
"3354","diff2",0.081
"3355","diff2",0.091
"3356","diff2",0.101
"3357","diff2",0.098
"3358","diff2",0.069
"3359","diff2",0.118
"3360","diff2",0.09
"3361","diff2",0.062
"3362","diff2",0.069
"3363","diff2",0.085
"3364","diff2",0.086
"3365","diff2",0.04
"3366","diff2",0.097
"3367","diff2",0.078
"3368","diff2",0.088
"3369","diff2",0.078
"3370","diff2",0.0189999999999999
"3371","diff2",0.063
"3372","diff2",0.092
"3373","diff2",0.104
"3374","diff2",0.073
"3375","diff2",0.062
"3376","diff2",0.067
"3377","diff2",0.076
"3378","diff2",0.099
"3379","diff2",0.081
"3380","diff2",0.076
"3381","diff2",0.057
"3382","diff2",0.096
"3383","diff2",0.101
"3384","diff2",0.079
"3385","diff2",0.03
"3386","diff2",0.078
"3387","diff2",0.077
"3388","diff2",0.072
"3389","diff2",0.038
"3390","diff2",0.076
"3391","diff2",0.105
"3392","diff2",0.074
"3393","diff2",0.09
"3394","diff2",0.073
"3395","diff2",0.098
"3396","diff2",0.099
"3397","diff2",0.079
"3398","diff2",0.093
"3399","diff2",0.07
"3400","diff2",0.083
"3401","diff2",0.08
"3402","diff2",0.113
"3403","diff2",0.084
"3404","diff2",0.087
"3405","diff2",0.067
"3406","diff2",0.09
"3407","diff2",0.056
"3408","diff2",0.048
"3409","diff2",0.066
"3410","diff2",0.063
"3411","diff2",0.057
"3412","diff2",0.052
"3413","diff2",0.052
"3414","diff2",0.06
"3415","diff2",0.076
"3416","diff2",0.044
"3417","diff2",0.062
"3418","diff2",0.08
"3419","diff2",0.069
"3420","diff2",0.069
"3421","diff2",0.091
"3422","diff2",0.1
"3423","diff2",0.079
"3424","diff2",0.086
"3425","diff2",0.044
"3426","diff2",0.068
"3427","diff2",0.062
"3428","diff2",0.067
"3429","diff2",0.098
"3430","diff2",0.053
"3431","diff2",0.077
"3432","diff2",0.056
"3433","diff2",0.075
"3434","diff2",0.085
"3435","diff2",0.078
"3436","diff2",0.034
"3437","diff2",0.033
"3438","diff2",0.069
"3439","diff2",0.058
"3440","diff2",0.044
"3441","diff2",0.039
"3442","diff2",0.081
"3443","diff2",0.068
"3444","diff2",0.089
"3445","diff2",0.048
"3446","diff2",0.06
"3447","diff2",0.037
"3448","diff2",0.086
"3449","diff2",0.077
"3450","diff2",0.075
"3451","diff2",0.107
"3452","diff2",0.086
"3453","diff2",0.079
"3454","diff2",0.052
"3455","diff2",0.09
"3456","diff2",0.042
"3457","diff2",0.065
"3458","diff2",0.068
"3459","diff2",0.083
"3460","diff2",0.072
"3461","diff2",0.096
"3462","diff2",0.062
"3463","diff2",0.087
"3464","diff2",0.071
"3465","diff2",0.08
"3466","diff2",0.061
"3467","diff2",0.097
"3468","diff2",0.063
"3469","diff2",0.049
"3470","diff2",0.111
"3471","diff2",0.063
"3472","diff2",0.049
"3473","diff2",0.082
"3474","diff2",0.096
"3475","diff2",0.059
"3476","diff2",0.093
"3477","diff2",0.046
"3478","diff2",0.071
"3479","diff2",0.084
"3480","diff2",0.082
"3481","diff2",0.099
"3482","diff2",0.095
"3483","diff2",0.055
"3484","diff2",0.111
"3485","diff2",0.091
"3486","diff2",0.076
"3487","diff2",0.066
"3488","diff2",0.093
"3489","diff2",0.086
"3490","diff2",0.106
"3491","diff2",0.078
"3492","diff2",0.081
"3493","diff2",0.107
"3494","diff2",0.093
"3495","diff2",0.068
"3496","diff2",0.093
"3497","diff2",0.057
"3498","diff2",0.07
"3499","diff2",0.077
"3500","diff2",0.053
"3501","diff2",0.046
"3502","diff2",0.077
"3503","diff2",0.071
"3504","diff2",0.085
"3505","diff2",0.045
"3506","diff2",0.073
"3507","diff2",0.085
"3508","diff2",0.06
"3509","diff2",0.045
"3510","diff2",0.067
"3511","diff2",0.071
"3512","diff2",0.088
"3513","diff2",0.105
"3514","diff2",0.046
"3515","diff2",0.082
"3516","diff2",0.075
"3517","diff2",0.082
"3518","diff2",0.073
"3519","diff2",0.06
"3520","diff2",0.069
"3521","diff2",0.109
"3522","diff2",0.056
"3523","diff2",0.069
"3524","diff2",0.058
"3525","diff2",0.064
"3526","diff2",0.051
"3527","diff2",0.094
"3528","diff2",0.104
"3529","diff2",0.091
"3530","diff2",0.049
"3531","diff2",0.13
"3532","diff2",0.053
"3533","diff2",0.079
"3534","diff2",0.105
"3535","diff2",0.083
"3536","diff2",0.059
"3537","diff2",0.089
"3538","diff2",0.087
"3539","diff2",0.069
"3540","diff2",0.062
"3541","diff2",0.102
"3542","diff2",0.095
"3543","diff2",0.094
"3544","diff2",0.071
"3545","diff2",0.077
"3546","diff2",0.105
"3547","diff2",0.095
"3548","diff2",0.068
"3549","diff2",0.085
"3550","diff2",0.078
"3551","diff2",0.031
"3552","diff2",0.062
"3553","diff2",0.062
"3554","diff2",0.087
"3555","diff2",0.045
"3556","diff2",0.034
"3557","diff2",0.107
"3558","diff2",0.077
"3559","diff2",0.073
"3560","diff2",0.099
"3561","diff2",0.055
"3562","diff2",0.089
"3563","diff2",0.094
"3564","diff2",0.074
"3565","diff2",0.053
"3566","diff2",0.081
"3567","diff2",0.064
"3568","diff2",0.105
"3569","diff2",0.075
"3570","diff2",0.054
"3571","diff2",0.063
"3572","diff2",0.067
"3573","diff2",0.053
"3574","diff2",0.037
"3575","diff2",0.116
"3576","diff2",0.096
"3577","diff2",0.078
"3578","diff2",0.044
"3579","diff2",0.1
"3580","diff2",0.091
"3581","diff2",0.078
"3582","diff2",0.066
"3583","diff2",0.058
"3584","diff2",0.065
"3585","diff2",0.076
"3586","diff2",0.087
"3587","diff2",0.076
"3588","diff2",0.087
"3589","diff2",0.069
"3590","diff2",0.065
"3591","diff2",0.05
"3592","diff2",0.089
"3593","diff2",0.033
"3594","diff2",0.087
"3595","diff2",0.101
"3596","diff2",0.048
"3597","diff2",0.092
"3598","diff2",0.069
"3599","diff2",0.09
"3600","diff2",0.088
"3601","diff2",0.075
"3602","diff2",0.068
"3603","diff2",0.092
"3604","diff2",0.073
"3605","diff2",0.089
"3606","diff2",0.093
"3607","diff2",0.063
"3608","diff2",0.103
"3609","diff2",0.082
"3610","diff2",0.072
"3611","diff2",0.025
"3612","diff2",0.094
"3613","diff2",0.022
"3614","diff2",0.072
"3615","diff2",0.079
"3616","diff2",0.061
"3617","diff2",0.092
"3618","diff2",0.074
"3619","diff2",0.09
"3620","diff2",0.116
"3621","diff2",0.086
"3622","diff2",0.081
"3623","diff2",0.09
"3624","diff2",0.071
"3625","diff2",0.048
"3626","diff2",0.103
"3627","diff2",0.043
"3628","diff2",0.079
"3629","diff2",0.099
"3630","diff2",0.058
"3631","diff2",0.069
"3632","diff2",0.095
"3633","diff2",0.048
"3634","diff2",0.09
"3635","diff2",0.068
"3636","diff2",0.071
"3637","diff2",0.091
"3638","diff2",0.11
"3639","diff2",0.068
"3640","diff2",0.107
"3641","diff2",0.057
"3642","diff2",0.11
"3643","diff2",0.055
"3644","diff2",0.072
"3645","diff2",0.084
"3646","diff2",0.064
"3647","diff2",0.045
"3648","diff2",0.084
"3649","diff2",0.085
"3650","diff2",0.081
"3651","diff2",0.053
"3652","diff2",0.081
"3653","diff2",0.045
"3654","diff2",0.075
"3655","diff2",0.055
"3656","diff2",0.084
"3657","diff2",0.093
"3658","diff2",0.059
"3659","diff2",0.057
"3660","diff2",0.062
"3661","diff2",0.086
"3662","diff2",0.077
"3663","diff2",0.077
"3664","diff2",0.096
"3665","diff2",0.069
"3666","diff2",0.051
"3667","diff2",0.086
"3668","diff2",0.106
"3669","diff2",0.092
"3670","diff2",0.062
"3671","diff2",0.061
"3672","diff2",0.077
"3673","diff2",0.062
"3674","diff2",0.089
"3675","diff2",0.065
"3676","diff2",0.075
"3677","diff2",0.082
"3678","diff2",0.091
"3679","diff2",0.083
"3680","diff2",0.091
"3681","diff2",0.098
"3682","diff2",0.052
"3683","diff2",0.096
"3684","diff2",0.08
"3685","diff2",0.061
"3686","diff2",0.06
"3687","diff2",0.088
"3688","diff2",0.065
"3689","diff2",0.089
"3690","diff2",0.092
"3691","diff2",0.066
"3692","diff2",0.065
"3693","diff2",0.055
"3694","diff2",0.064
"3695","diff2",0.118
"3696","diff2",0.038
"3697","diff2",0.072
"3698","diff2",0.09
"3699","diff2",0.07
"3700","diff2",0.097
"3701","diff2",0.085
"3702","diff2",0.106
"3703","diff2",0.081
"3704","diff2",0.073
"3705","diff2",0.073
"3706","diff2",0.089
"3707","diff2",0.053
"3708","diff2",0.057
"3709","diff2",0.092
"3710","diff2",0.073
"3711","diff2",0.073
"3712","diff2",0.046
"3713","diff2",0.085
"3714","diff2",0.082
"3715","diff2",0.093
"3716","diff2",0.061
"3717","diff2",0.096
"3718","diff2",0.095
"3719","diff2",0.13
"3720","diff2",0.0129999999999999
"3721","diff2",0.089
"3722","diff2",0.089
"3723","diff2",0.08
"3724","diff2",0.085
"3725","diff2",0.111
"3726","diff2",0.083
"3727","diff2",0.078
"3728","diff2",0.07
"3729","diff2",0.091
"3730","diff2",0.063
"3731","diff2",0.063
"3732","diff2",0.095
"3733","diff2",0.082
"3734","diff2",0.057
"3735","diff2",0.055
"3736","diff2",0.065
"3737","diff2",0.107
"3738","diff2",0.04
"3739","diff2",0.034
"3740","diff2",0.076
"3741","diff2",0.047
"3742","diff2",0.092
"3743","diff2",0.063
"3744","diff2",0.083
"3745","diff2",0.027
"3746","diff2",0.094
"3747","diff2",0.119
"3748","diff2",0.088
"3749","diff2",0.047
"3750","diff2",0.093
"3751","diff2",0.054
"3752","diff2",0.12
"3753","diff2",0.065
"3754","diff2",0.087
"3755","diff2",0.07
"3756","diff2",0.06
"3757","diff2",0.118
"3758","diff2",0.085
"3759","diff2",0.082
"3760","diff2",0.103
"3761","diff2",0.074
"3762","diff2",0.106
"3763","diff2",0.092
"3764","diff2",0.119
"3765","diff2",0.067
"3766","diff2",0.088
"3767","diff2",0.04
"3768","diff2",0.074
"3769","diff2",0.107
"3770","diff2",0.067
"3771","diff2",0.109
"3772","diff2",0.071
"3773","diff2",0.058
"3774","diff2",0.063
"3775","diff2",0.085
"3776","diff2",0.0189999999999999
"3777","diff2",0.074
"3778","diff2",0.067
"3779","diff2",0.061
"3780","diff2",0.061
"3781","diff2",0.111
"3782","diff2",0.082
"3783","diff2",0.08
"3784","diff2",0.091
"3785","diff2",0.074
"3786","diff2",0.084
"3787","diff2",0.093
"3788","diff2",0.079
"3789","diff2",0.067
"3790","diff2",0.079
"3791","diff2",0.068
"3792","diff2",0.088
"3793","diff2",0.07
"3794","diff2",0.075
"3795","diff2",0.098
"3796","diff2",0.066
"3797","diff2",0.064
"3798","diff2",0.075
"3799","diff2",0.078
"3800","diff2",0.06
"3801","diff2",0.052
"3802","diff2",0.082
"3803","diff2",0.066
"3804","diff2",0.113
"3805","diff2",0.07
"3806","diff2",0.075
"3807","diff2",0.072
"3808","diff2",0.0270000000000001
"3809","diff2",0.091
"3810","diff2",0.039
"3811","diff2",0.106
"3812","diff2",0.092
"3813","diff2",0.104
"3814","diff2",0.077
"3815","diff2",0.116
"3816","diff2",0.088
"3817","diff2",0.067
"3818","diff2",0.049
"3819","diff2",0.039
"3820","diff2",0.109
"3821","diff2",0.062
"3822","diff2",0.056
"3823","diff2",0.074
"3824","diff2",0.064
"3825","diff2",0.096
"3826","diff2",0.04
"3827","diff2",0.093
"3828","diff2",0.094
"3829","diff2",0.048
"3830","diff2",0.059
"3831","diff2",0.083
"3832","diff2",0.074
"3833","diff2",0.078
"3834","diff2",0.069
"3835","diff2",0.068
"3836","diff2",0.061
"3837","diff2",0.065
"3838","diff2",0.083
"3839","diff2",0.092
"3840","diff2",0.051
"3841","diff2",0.102
"3842","diff2",0.102
"3843","diff2",0.063
"3844","diff2",0.047
"3845","diff2",0.072
"3846","diff2",0.089
"3847","diff2",0.073
"3848","diff2",0.084
"3849","diff2",0.084
"3850","diff2",0.061
"3851","diff2",0.034
"3852","diff2",0.109
"3853","diff2",0.073
"3854","diff2",0.0109999999999999
"3855","diff2",0.094
"3856","diff2",0.051
"3857","diff2",0.084
"3858","diff2",0.084
"3859","diff2",0.108
"3860","diff2",0.089
"3861","diff2",0.085
"3862","diff2",0.08
"3863","diff2",0.089
"3864","diff2",0.085
"3865","diff2",0.065
"3866","diff2",0.074
"3867","diff2",0.054
"3868","diff2",0.071
"3869","diff2",0.064
"3870","diff2",0.076
"3871","diff2",0.08
"3872","diff2",0.08
"3873","diff2",0.088
"3874","diff2",0.07
"3875","diff2",0.048
"3876","diff2",0.055
"3877","diff2",0.074
"3878","diff2",0.056
"3879","diff2",0.067
"3880","diff2",0.069
"3881","diff2",0.076
"3882","diff2",0.075
"3883","diff2",0.093
"3884","diff2",0.045
"3885","diff2",0.081
"3886","diff2",0.078
"3887","diff2",0.085
"3888","diff2",0.075
"3889","diff2",0.096
"3890","diff2",0.065
"3891","diff2",0.106
"3892","diff2",0.092
"3893","diff2",0.066
"3894","diff2",0.086
"3895","diff2",0.049
"3896","diff2",0.099
"3897","diff2",0.085
"3898","diff2",0.074
"3899","diff2",0.066
"3900","diff2",0.097
"3901","diff2",0.047
"3902","diff2",0.024
"3903","diff2",0.065
"3904","diff2",0.109
"3905","diff2",0.065
"3906","diff2",0.076
"3907","diff2",0.078
"3908","diff2",0.079
"3909","diff2",0.062
"3910","diff2",0.094
"3911","diff2",0.057
"3912","diff2",0.112
"3913","diff2",0.098
"3914","diff2",0.07
"3915","diff2",0.068
"3916","diff2",0.079
"3917","diff2",0.085
"3918","diff2",0.14
"3919","diff2",0.05
"3920","diff2",0.06
"3921","diff2",0.095
"3922","diff2",0.065
"3923","diff2",0.069
"3924","diff2",0.096
"3925","diff2",0.034
"3926","diff2",0.086
"3927","diff2",0.058
"3928","diff2",0.065
"3929","diff2",0.067
"3930","diff2",0.061
"3931","diff2",0.08
"3932","diff2",0.067
"3933","diff2",0.072
"3934","diff2",0.049
"3935","diff2",0.064
"3936","diff2",0.055
"3937","diff2",0.092
"3938","diff2",0.095
"3939","diff2",0.094
"3940","diff2",0.066
"3941","diff2",0.09
"3942","diff2",0.086
"3943","diff2",0.082
"3944","diff2",0.099
"3945","diff2",0.091
"3946","diff2",0.073
"3947","diff2",0.058
"3948","diff2",0.059
"3949","diff2",0.104
"3950","diff2",0.102
"3951","diff2",0.086
"3952","diff2",0.031
"3953","diff2",0.071
"3954","diff2",0.061
"3955","diff2",0.072
"3956","diff2",0.061
"3957","diff2",0.121
"3958","diff2",0.064
"3959","diff2",0.086
"3960","diff2",0.077
"3961","diff2",0.131
"3962","diff2",0.042
"3963","diff2",0.085
"3964","diff2",0.083
"3965","diff2",0.056
"3966","diff2",0.065
"3967","diff2",0.083
"3968","diff2",0.053
"3969","diff2",0.067
"3970","diff2",0.094
"3971","diff2",0.047
"3972","diff2",0.07
"3973","diff2",0.065
"3974","diff2",0.075
"3975","diff2",0.057
"3976","diff2",0.095
"3977","diff2",0.064
"3978","diff2",0.059
"3979","diff2",0.06
"3980","diff2",0.075
"3981","diff2",0.075
"3982","diff2",0.053
"3983","diff2",0.082
"3984","diff2",0.1
"3985","diff2",0.086
"3986","diff2",0.08
"3987","diff2",0.07
"3988","diff2",0.081
"3989","diff2",0.085
"3990","diff2",0.045
"3991","diff2",0.051
"3992","diff2",0.087
"3993","diff2",0.034
"3994","diff2",0.065
"3995","diff2",0.073
"3996","diff2",0.103
"3997","diff2",0.068
"3998","diff2",0.074
"3999","diff2",0.075
"4000","diff2",0.063
"4001","diff2",0.063
"4002","diff2",0.072
"4003","diff2",0.103
"4004","diff2",0.044
"4005","diff2",0.057
"4006","diff2",0.076
"4007","diff2",0.095
"4008","diff2",0.042
"4009","diff2",0.086
"4010","diff2",0.11
"4011","diff2",0.038
"4012","diff2",0.09
"4013","diff2",0.099
"4014","diff2",0.064
"4015","diff2",0.076
"4016","diff2",0.091
"4017","diff2",0.059
"4018","diff2",0.07
"4019","diff2",0.078
"4020","diff2",0.12
"4021","diff2",0.113
"4022","diff2",0.069
"4023","diff2",0.032
"4024","diff2",0.099
"4025","diff2",0.045
"4026","diff2",0.065
"4027","diff2",0.033
"4028","diff2",0.098
"4029","diff2",0.07
"4030","diff2",0.055
"4031","diff2",0.081
"4032","diff2",0.085
"4033","diff2",0.043
"4034","diff2",0.081
"4035","diff2",0.06
"4036","diff2",0.088
"4037","diff2",0.103
"4038","diff2",0.058
"4039","diff2",0.08
"4040","diff2",0.056
"4041","diff2",0.05
"4042","diff2",0.089
"4043","diff2",0.093
"4044","diff2",0.08
"4045","diff2",0.083
"4046","diff2",0.053
"4047","diff2",0.077
"4048","diff2",0.076
"4049","diff2",0.075
"4050","diff2",0.07
"4051","diff2",0.107
"4052","diff2",0.084
"4053","diff2",0.112
"4054","diff2",0.061
"4055","diff2",0.062
"4056","diff2",0.048
"4057","diff2",0.08
"4058","diff2",0.068
"4059","diff2",0.03
"4060","diff2",0.072
"4061","diff2",0.061
"4062","diff2",0.071
"4063","diff2",0.074
"4064","diff2",0.089
"4065","diff2",0.101
"4066","diff2",0.088
"4067","diff2",0.064
"4068","diff2",0.094
"4069","diff2",0.091
"4070","diff2",0.105
"4071","diff2",0.0189999999999999
"4072","diff2",0.075
"4073","diff2",0.107
"4074","diff2",0.051
"4075","diff2",0.081
"4076","diff2",0.074
"4077","diff2",0.07
"4078","diff2",0.041
"4079","diff2",0.073
"4080","diff2",0.064
"4081","diff2",0.083
"4082","diff2",0.059
"4083","diff2",0.087
"4084","diff2",0.066
"4085","diff2",0.024
"4086","diff2",0.088
"4087","diff2",0.085
"4088","diff2",0.06
"4089","diff2",0.061
"4090","diff2",0.084
"4091","diff2",0.082
"4092","diff2",0.101
"4093","diff2",0.087
"4094","diff2",0.097
"4095","diff2",0.107
"4096","diff2",0.056
"4097","diff2",0.064
"4098","diff2",0.077
"4099","diff2",0.09
"4100","diff2",0.11
"4101","diff2",0.106
"4102","diff2",0.082
"4103","diff2",0.053
"4104","diff2",0.084
"4105","diff2",0.094
"4106","diff2",0.049
"4107","diff2",0.096
"4108","diff2",0.089
"4109","diff2",0.109
"4110","diff2",0.098
"4111","diff2",0.093
"4112","diff2",0.102
"4113","diff2",0.067
"4114","diff2",0.073
"4115","diff2",0.106
"4116","diff2",0.11
"4117","diff2",0.054
"4118","diff2",0.093
"4119","diff2",0.084
"4120","diff2",0.06
"4121","diff2",0.092
"4122","diff2",0.066
"4123","diff2",0.093
"4124","diff2",0.063
"4125","diff2",0.06
"4126","diff2",0.059
"4127","diff2",0.081
"4128","diff2",0.083
"4129","diff2",0.05
"4130","diff2",0.056
"4131","diff2",0.095
"4132","diff2",0.063
"4133","diff2",0.059
"4134","diff2",0.069
"4135","diff2",0.07
"4136","diff2",0.077
"4137","diff2",0.061
"4138","diff2",0.103
"4139","diff2",0.038
"4140","diff2",0.056
"4141","diff2",0.124
"4142","diff2",0.044
"4143","diff2",0.083
"4144","diff2",0.073
"4145","diff2",0.085
"4146","diff2",0.109
"4147","diff2",0.083
"4148","diff2",0.047
"4149","diff2",0.065
"4150","diff2",0.082
"4151","diff2",0.083
"4152","diff2",0.086
"4153","diff2",0.097
"4154","diff2",0.066
"4155","diff2",0.092
"4156","diff2",0.1
"4157","diff2",0.087
"4158","diff2",0.114
"4159","diff2",0.097
"4160","diff2",0.087
"4161","diff2",0.084
"4162","diff2",0.054
"4163","diff2",0.098
"4164","diff2",0.051
"4165","diff2",0.068
"4166","diff2",0.066
"4167","diff2",0.058
"4168","diff2",0.105
"4169","diff2",0.095
"4170","diff2",0.105
"4171","diff2",0.083
"4172","diff2",0.078
"4173","diff2",0.094
"4174","diff2",0.087
"4175","diff2",0.098
"4176","diff2",0.089
"4177","diff2",0.081
"4178","diff2",0.06
"4179","diff2",0.074
"4180","diff2",0.069
"4181","diff2",0.083
"4182","diff2",0.097
"4183","diff2",0.063
"4184","diff2",0.082
"4185","diff2",0.063
"4186","diff2",0.067
"4187","diff2",0.078
"4188","diff2",0.09
"4189","diff2",0.072
"4190","diff2",0.054
"4191","diff2",0.101
"4192","diff2",0.135
"4193","diff2",0.076
"4194","diff2",0.068
"4195","diff2",0.077
"4196","diff2",0.087
"4197","diff2",0.051
"4198","diff2",0.1
"4199","diff2",0.08
"4200","diff2",0.095
"4201","diff2",0.057
"4202","diff2",0.039
"4203","diff2",0.093
"4204","diff2",0.051
"4205","diff2",0.067
"4206","diff2",0.083
"4207","diff2",0.064
"4208","diff2",0.083
"4209","diff2",0.076
"4210","diff2",0.121
"4211","diff2",0.097
"4212","diff2",0.059
"4213","diff2",0.063
"4214","diff2",0.056
"4215","diff2",0.11
"4216","diff2",0.033
"4217","diff2",0.106
"4218","diff2",0.069
"4219","diff2",0.057
"4220","diff2",0.107
"4221","diff2",0.101
"4222","diff2",0.111
"4223","diff2",0.112
"4224","diff2",0.079
"4225","diff2",0.075
"4226","diff2",0.083
"4227","diff2",0.059
"4228","diff2",0.065
"4229","diff2",0.06
"4230","diff2",0.063
"4231","diff2",0.07
"4232","diff2",0.076
"4233","diff2",0.057
"4234","diff2",0.085
"4235","diff2",0.058
"4236","diff2",0.034
"4237","diff2",0.109
"4238","diff2",0.052
"4239","diff2",0.073
"4240","diff2",0.091
"4241","diff2",0.087
"4242","diff2",0.084
"4243","diff2",0.09
"4244","diff2",0.067
"4245","diff2",0.067
"4246","diff2",0.095
"4247","diff2",0.056
"4248","diff2",0.114
"4249","diff2",0.076
"4250","diff2",0.057
"4251","diff2",0.078
"4252","diff2",0.127
"4253","diff2",0.082
"4254","diff2",0.052
"4255","diff2",0.057
"4256","diff2",0.094
"4257","diff2",0.062
"4258","diff2",0.062
"4259","diff2",0.066
"4260","diff2",0.047
"4261","diff2",0.106
"4262","diff2",0.076
"4263","diff2",0.107
"4264","diff2",0.031
"4265","diff2",0.087
"4266","diff2",0.081
"4267","diff2",0.082
"4268","diff2",0.104
"4269","diff2",0.07
"4270","diff2",0.099
"4271","diff2",0.067
"4272","diff2",0.069
"4273","diff2",0.099
"4274","diff2",0.084
"4275","diff2",0.074
"4276","diff2",0.085
"4277","diff2",0.096
"4278","diff2",0.043
"4279","diff2",0.108
"4280","diff2",0.046
"4281","diff2",0.049
"4282","diff2",0.081
"4283","diff2",0.065
"4284","diff2",0.044
"4285","diff2",0.033
"4286","diff2",0.079
"4287","diff2",0.109
"4288","diff2",0.07
"4289","diff2",0.079
"4290","diff2",0.058
"4291","diff2",0.094
"4292","diff2",0.079
"4293","diff2",0.098
"4294","diff2",0.086
"4295","diff2",0.084
"4296","diff2",0.069
"4297","diff2",0.082
"4298","diff2",0.078
"4299","diff2",0.09
"4300","diff2",0.091
"4301","diff2",0.068
"4302","diff2",0.072
"4303","diff2",0.055
"4304","diff2",0.078
"4305","diff2",0.085
"4306","diff2",0.1
"4307","diff2",0.095
"4308","diff2",0.084
"4309","diff2",0.067
"4310","diff2",0.089
"4311","diff2",0.084
"4312","diff2",0.083
"4313","diff2",0.094
"4314","diff2",0.09
"4315","diff2",0.083
"4316","diff2",0.108
"4317","diff2",0.054
"4318","diff2",0.044
"4319","diff2",0.069
"4320","diff2",0.076
"4321","diff2",0.08
"4322","diff2",0.037
"4323","diff2",0.088
"4324","diff2",0.093
"4325","diff2",0.05
"4326","diff2",0.117
"4327","diff2",0.059
"4328","diff2",0.055
"4329","diff2",0.036
"4330","diff2",0.052
"4331","diff2",0.077
"4332","diff2",0.051
"4333","diff2",0.066
"4334","diff2",0.081
"4335","diff2",0.063
"4336","diff2",0.088
"4337","diff2",0.052
"4338","diff2",0.094
"4339","diff2",0.056
"4340","diff2",0.07
"4341","diff2",0.046
"4342","diff2",0.092
"4343","diff2",0.05
"4344","diff2",0.067
"4345","diff2",0.078
"4346","diff2",0.095
"4347","diff2",0.072
"4348","diff2",0.077
"4349","diff2",0.063
"4350","diff2",0.042
"4351","diff2",0.066
"4352","diff2",0.067
"4353","diff2",0.091
"4354","diff2",0.116
"4355","diff2",0.089
"4356","diff2",0.081
"4357","diff2",0.079
"4358","diff2",0.052
"4359","diff2",0.035
"4360","diff2",0.078
"4361","diff2",0.052
"4362","diff2",0.097
"4363","diff2",0.046
"4364","diff2",0.043
"4365","diff2",0.104
"4366","diff2",0.099
"4367","diff2",0.046
"4368","diff2",0.069
"4369","diff2",0.076
"4370","diff2",0.067
"4371","diff2",0.075
"4372","diff2",0.094
"4373","diff2",0.055
"4374","diff2",0.097
"4375","diff2",0.086
"4376","diff2",0.082
"4377","diff2",0.061
"4378","diff2",0.086
"4379","diff2",0.06
"4380","diff2",0.0199999999999999
"4381","diff2",0.068
"4382","diff2",0.038
"4383","diff2",0.095
"4384","diff2",0.089
"4385","diff2",0.091
"4386","diff2",0.098
"4387","diff2",0.058
"4388","diff2",0.107
"4389","diff2",0.097
"4390","diff2",0.061
"4391","diff2",0.081
"4392","diff2",0.09
"4393","diff2",0.05
"4394","diff2",0.081
"4395","diff2",0.036
"4396","diff2",0.094
"4397","diff2",0.059
"4398","diff2",0.086
"4399","diff2",0.085
"4400","diff2",0.075
"4401","diff2",0.078
"4402","diff2",0.087
"4403","diff2",0.118
"4404","diff2",0.047
"4405","diff2",0.108
"4406","diff2",0.064
"4407","diff2",0.093
"4408","diff2",0.051
"4409","diff2",0.07
"4410","diff2",0.092
"4411","diff2",0.1
"4412","diff2",0.078
"4413","diff2",0.074
"4414","diff2",0.091
"4415","diff2",0.062
"4416","diff2",0.082
"4417","diff2",0.073
"4418","diff2",0.093
"4419","diff2",0.125
"4420","diff2",0.068
"4421","diff2",0.061
"4422","diff2",0.056
"4423","diff2",0.061
"4424","diff2",0.053
"4425","diff2",0.084
"4426","diff2",0.113
"4427","diff2",0.104
"4428","diff2",0.067
"4429","diff2",0.05
"4430","diff2",0.056
"4431","diff2",0.085
"4432","diff2",0.07
"4433","diff2",0.103
"4434","diff2",0.06
"4435","diff2",0.051
"4436","diff2",0.069
"4437","diff2",0.073
"4438","diff2",0.1
"4439","diff2",0.053
"4440","diff2",0.102
"4441","diff2",0.108
"4442","diff2",0.098
"4443","diff2",0.057
"4444","diff2",0.077
"4445","diff2",0.049
"4446","diff2",0.045
"4447","diff2",0.095
"4448","diff2",0.072
"4449","diff2",0.102
"4450","diff2",0.086
"4451","diff2",0.081
"4452","diff2",0.047
"4453","diff2",0.089
"4454","diff2",0.083
"4455","diff2",0.071
"4456","diff2",0.081
"4457","diff2",0.062
"4458","diff2",0.082
"4459","diff2",0.061
"4460","diff2",0.048
"4461","diff2",0.111
"4462","diff2",0.091
"4463","diff2",0.073
"4464","diff2",0.12
"4465","diff2",0.092
"4466","diff2",0.067
"4467","diff2",0.076
"4468","diff2",0.0169999999999999
"4469","diff2",0.067
"4470","diff2",0.093
"4471","diff2",0.029
"4472","diff2",0.058
"4473","diff2",0.114
"4474","diff2",0.095
"4475","diff2",0.081
"4476","diff2",0.099
"4477","diff2",0.036
"4478","diff2",0.029
"4479","diff2",0.066
"4480","diff2",0.102
"4481","diff2",0.104
"4482","diff2",0.062
"4483","diff2",0.101
"4484","diff2",0.064
"4485","diff2",0.065
"4486","diff2",0.075
"4487","diff2",0.098
"4488","diff2",0.069
"4489","diff2",0.084
"4490","diff2",0.053
"4491","diff2",0.111
"4492","diff2",0.072
"4493","diff2",0.093
"4494","diff2",0.07
"4495","diff2",0.073
"4496","diff2",0.046
"4497","diff2",0.091
"4498","diff2",0.094
"4499","diff2",0.089
"4500","diff2",0.08
"4501","diff2",0.061
"4502","diff2",0.083
"4503","diff2",0.081
"4504","diff2",0.121
"4505","diff2",0.057
"4506","diff2",0.098
"4507","diff2",0.056
"4508","diff2",0.059
"4509","diff2",0.065
"4510","diff2",0.056
"4511","diff2",0.095
"4512","diff2",0.071
"4513","diff2",0.103
"4514","diff2",0.07
"4515","diff2",0.087
"4516","diff2",0.08
"4517","diff2",0.081
"4518","diff2",0.106
"4519","diff2",0.064
"4520","diff2",0.083
"4521","diff2",0.062
"4522","diff2",0.082
"4523","diff2",0.082
"4524","diff2",0.056
"4525","diff2",0.131
"4526","diff2",0.054
"4527","diff2",0.082
"4528","diff2",0.048
"4529","diff2",0.086
"4530","diff2",0.081
"4531","diff2",0.069
"4532","diff2",0.063
"4533","diff2",0.063
"4534","diff2",0.061
"4535","diff2",0.046
"4536","diff2",0.103
"4537","diff2",0.054
"4538","diff2",0.039
"4539","diff2",0.058
"4540","diff2",0.092
"4541","diff2",0.086
"4542","diff2",0.077
"4543","diff2",0.086
"4544","diff2",0.078
"4545","diff2",0.045
"4546","diff2",0.057
"4547","diff2",0.072
"4548","diff2",0.078
"4549","diff2",0.063
"4550","diff2",0.089
"4551","diff2",0.086
"4552","diff2",0.083
"4553","diff2",0.038
"4554","diff2",0.058
"4555","diff2",0.092
"4556","diff2",0.093
"4557","diff2",0.054
"4558","diff2",0.069
"4559","diff2",0.096
"4560","diff2",0.053
"4561","diff2",0.07
"4562","diff2",0.049
"4563","diff2",0.102
"4564","diff2",0.036
"4565","diff2",0.066
"4566","diff2",0.046
"4567","diff2",0.079
"4568","diff2",0.086
"4569","diff2",0.064
"4570","diff2",0.078
"4571","diff2",0.078
"4572","diff2",0.08
"4573","diff2",0.056
"4574","diff2",0.072
"4575","diff2",0.041
"4576","diff2",0.084
"4577","diff2",0.127
"4578","diff2",0.108
"4579","diff2",0.07
"4580","diff2",0.086
"4581","diff2",0.082
"4582","diff2",0.079
"4583","diff2",0.081
"4584","diff2",0.049
"4585","diff2",0.078
"4586","diff2",0.116
"4587","diff2",0.025
"4588","diff2",0.091
"4589","diff2",0.059
"4590","diff2",0.035
"4591","diff2",0.101
"4592","diff2",0.069
"4593","diff2",0.074
"4594","diff2",0.059
"4595","diff2",0.041
"4596","diff2",0.113
"4597","diff2",0.075
"4598","diff2",0.061
"4599","diff2",0.083
"4600","diff2",0.086
"4601","diff2",0.096
"4602","diff2",0.097
"4603","diff2",0.08
"4604","diff2",0.085
"4605","diff2",0.082
"4606","diff2",0.059
"4607","diff2",0.102
"4608","diff2",0.076
"4609","diff2",0.054
"4610","diff2",0.047
"4611","diff2",0.054
"4612","diff2",0.062
"4613","diff2",0.077
"4614","diff2",0.053
"4615","diff2",0.084
"4616","diff2",0.037
"4617","diff2",0.066
"4618","diff2",0.086
"4619","diff2",0.085
"4620","diff2",0.076
"4621","diff2",0.082
"4622","diff2",0.064
"4623","diff2",0.063
"4624","diff2",0.084
"4625","diff2",0.089
"4626","diff2",0.124
"4627","diff2",0.054
"4628","diff2",0.04
"4629","diff2",0.074
"4630","diff2",0.124
"4631","diff2",0.114
"4632","diff2",0.08
"4633","diff2",0.067
"4634","diff2",0.113
"4635","diff2",0.099
"4636","diff2",0.068
"4637","diff2",0.059
"4638","diff2",0.036
"4639","diff2",0.059
"4640","diff2",0.082
"4641","diff2",0.11
"4642","diff2",0.103
"4643","diff2",0.045
"4644","diff2",0.093
"4645","diff2",0.097
"4646","diff2",0.063
"4647","diff2",0.069
"4648","diff2",0.085
"4649","diff2",0.07
"4650","diff2",0.122
"4651","diff2",0.071
"4652","diff2",0.092
"4653","diff2",0.068
"4654","diff2",0.09
"4655","diff2",0.064
"4656","diff2",0.098
"4657","diff2",0.075
"4658","diff2",0.051
"4659","diff2",0.053
"4660","diff2",0.093
"4661","diff2",0.036
"4662","diff2",0.075
"4663","diff2",0.083
"4664","diff2",0.066
"4665","diff2",0.055
"4666","diff2",0.079
"4667","diff2",0.082
"4668","diff2",0.057
"4669","diff2",0.062
"4670","diff2",0.093
"4671","diff2",0.089
"4672","diff2",0.068
"4673","diff2",0.098
"4674","diff2",0.073
"4675","diff2",0.087
"4676","diff2",0.025
"4677","diff2",0.067
"4678","diff2",0.078
"4679","diff2",0.069
"4680","diff2",0.064
"4681","diff2",0.082
"4682","diff2",0.1
"4683","diff2",0.086
"4684","diff2",0.062
"4685","diff2",0.079
"4686","diff2",0.07
"4687","diff2",0.026
"4688","diff2",0.113
"4689","diff2",0.069
"4690","diff2",0.064
"4691","diff2",0.083
"4692","diff2",0.076
"4693","diff2",0.067
"4694","diff2",0.041
"4695","diff2",0.065
"4696","diff2",0.056
"4697","diff2",0.108
"4698","diff2",0.062
"4699","diff2",0.1
"4700","diff2",0.062
"4701","diff2",0.084
"4702","diff2",0.089
"4703","diff2",0.1
"4704","diff2",0.093
"4705","diff2",0.075
"4706","diff2",0.067
"4707","diff2",0.055
"4708","diff2",0.065
"4709","diff2",0.065
"4710","diff2",0.057
"4711","diff2",0.078
"4712","diff2",0.058
"4713","diff2",0.096
"4714","diff2",0.086
"4715","diff2",0.067
"4716","diff2",0.09
"4717","diff2",0.039
"4718","diff2",0.077
"4719","diff2",0.116
"4720","diff2",0.082
"4721","diff2",0.086
"4722","diff2",0.082
"4723","diff2",0.054
"4724","diff2",0.097
"4725","diff2",0.072
"4726","diff2",0.072
"4727","diff2",0.07
"4728","diff2",0.082
"4729","diff2",0.078
"4730","diff2",0.092
"4731","diff2",0.089
"4732","diff2",0.094
"4733","diff2",0.057
"4734","diff2",0.068
"4735","diff2",0.084
"4736","diff2",0.101
"4737","diff2",0.037
"4738","diff2",0.066
"4739","diff2",0.069
"4740","diff2",0.072
"4741","diff2",0.079
"4742","diff2",0.067
"4743","diff2",0.081
"4744","diff2",0.074
"4745","diff2",0.085
"4746","diff2",0.054
"4747","diff2",0.064
"4748","diff2",0.056
"4749","diff2",0.051
"4750","diff2",0.053
"4751","diff2",0.043
"4752","diff2",0.091
"4753","diff2",0.078
"4754","diff2",0.07
"4755","diff2",0.078
"4756","diff2",0.114
"4757","diff2",0.08
"4758","diff2",0.093
"4759","diff2",0.083
"4760","diff2",0.092
"4761","diff2",0.114
"4762","diff2",0.067
"4763","diff2",0.061
"4764","diff2",0.065
"4765","diff2",0.112
"4766","diff2",0.099
"4767","diff2",0.064
"4768","diff2",0.082
"4769","diff2",0.069
"4770","diff2",0.078
"4771","diff2",0.117
"4772","diff2",0.083
"4773","diff2",0.077
"4774","diff2",0.037
"4775","diff2",0.059
"4776","diff2",0.11
"4777","diff2",0.094
"4778","diff2",0.135
"4779","diff2",0.076
"4780","diff2",0.066
"4781","diff2",0.068
"4782","diff2",0.082
"4783","diff2",0.106
"4784","diff2",0.072
"4785","diff2",0.074
"4786","diff2",0.068
"4787","diff2",0.091
"4788","diff2",0.06
"4789","diff2",0.049
"4790","diff2",0.073
"4791","diff2",0.1
"4792","diff2",0.093
"4793","diff2",0.031
"4794","diff2",0.045
"4795","diff2",0.058
"4796","diff2",0.126
"4797","diff2",0.042
"4798","diff2",0.086
"4799","diff2",0.062
"4800","diff2",0.083
"4801","diff2",0.069
"4802","diff2",0.058
"4803","diff2",0.085
"4804","diff2",0.075
"4805","diff2",0.102
"4806","diff2",0.087
"4807","diff2",0.087
"4808","diff2",0.091
"4809","diff2",0.097
"4810","diff2",0.075
"4811","diff2",0.09
"4812","diff2",0.075
"4813","diff2",0.063
"4814","diff2",0.056
"4815","diff2",0.07
"4816","diff2",0.082
"4817","diff2",0.069
"4818","diff2",0.072
"4819","diff2",0.092
"4820","diff2",0.109
"4821","diff2",0.048
"4822","diff2",0.073
"4823","diff2",0.087
"4824","diff2",0.061
"4825","diff2",0.071
"4826","diff2",0.034
"4827","diff2",0.072
"4828","diff2",0.07
"4829","diff2",0.055
"4830","diff2",0.069
"4831","diff2",0.072
"4832","diff2",0.081
"4833","diff2",0.062
"4834","diff2",0.087
"4835","diff2",0.078
"4836","diff2",0.097
"4837","diff2",0.043
"4838","diff2",0.066
"4839","diff2",0.071
"4840","diff2",0.083
"4841","diff2",0.054
"4842","diff2",0.077
"4843","diff2",0.064
"4844","diff2",0.07
"4845","diff2",0.085
"4846","diff2",0.098
"4847","diff2",0.083
"4848","diff2",0.095
"4849","diff2",0.059
"4850","diff2",0.036
"4851","diff2",0.091
"4852","diff2",0.084
"4853","diff2",0.093
"4854","diff2",0.094
"4855","diff2",0.061
"4856","diff2",0.023
"4857","diff2",0.096
"4858","diff2",0.066
"4859","diff2",0.105
"4860","diff2",0.047
"4861","diff2",0.077
"4862","diff2",0.091
"4863","diff2",0.094
"4864","diff2",0.113
"4865","diff2",0.057
"4866","diff2",0.083
"4867","diff2",0.081
"4868","diff2",0.061
"4869","diff2",0.042
"4870","diff2",0.103
"4871","diff2",0.078
"4872","diff2",0.069
"4873","diff2",0.06
"4874","diff2",0.072
"4875","diff2",0.068
"4876","diff2",0.064
"4877","diff2",0.081
"4878","diff2",0.058
"4879","diff2",0.076
"4880","diff2",0.114
"4881","diff2",0.092
"4882","diff2",0.074
"4883","diff2",0.071
"4884","diff2",0.066
"4885","diff2",0.111
"4886","diff2",0.053
"4887","diff2",0.084
"4888","diff2",0.041
"4889","diff2",0.069
"4890","diff2",0.054
"4891","diff2",0.077
"4892","diff2",0.064
"4893","diff2",0.089
"4894","diff2",0.087
"4895","diff2",0.115
"4896","diff2",0.106
"4897","diff2",0.039
"4898","diff2",0.092
"4899","diff2",0.047
"4900","diff2",0.098
"4901","diff2",0.069
"4902","diff2",0.056
"4903","diff2",0.067
"4904","diff2",0.054
"4905","diff2",0.058
"4906","diff2",0.083
"4907","diff2",0.068
"4908","diff2",0.089
"4909","diff2",0.083
"4910","diff2",0.08
"4911","diff2",0.095
"4912","diff2",0.084
"4913","diff2",0.083
"4914","diff2",0.055
"4915","diff2",0.068
"4916","diff2",0.079
"4917","diff2",0.042
"4918","diff2",0.069
"4919","diff2",0.08
"4920","diff2",0.079
"4921","diff2",0.066
"4922","diff2",0.073
"4923","diff2",0.071
"4924","diff2",0.037
"4925","diff2",0.064
"4926","diff2",0.078
"4927","diff2",0.061
"4928","diff2",0.086
"4929","diff2",0.049
"4930","diff2",0.075
"4931","diff2",0.064
"4932","diff2",0.097
"4933","diff2",0.105
"4934","diff2",0.101
"4935","diff2",0.063
"4936","diff2",0.061
"4937","diff2",0.082
"4938","diff2",0.071
"4939","diff2",0.07
"4940","diff2",0.053
"4941","diff2",0.093
"4942","diff2",0.077
"4943","diff2",0.089
"4944","diff2",0.085
"4945","diff2",0.117
"4946","diff2",0.061
"4947","diff2",0.022
"4948","diff2",0.045
"4949","diff2",0.055
"4950","diff2",0.09
"4951","diff2",0.064
"4952","diff2",0.065
"4953","diff2",0.104
"4954","diff2",0.075
"4955","diff2",0.076
"4956","diff2",0.086
"4957","diff2",0.069
"4958","diff2",0.082
"4959","diff2",0.09
"4960","diff2",0.093
"4961","diff2",0.066
"4962","diff2",0.052
"4963","diff2",0.072
"4964","diff2",0.096
"4965","diff2",0.074
"4966","diff2",0.098
"4967","diff2",0.089
"4968","diff2",0.084
"4969","diff2",0.099
"4970","diff2",0.116
"4971","diff2",0.058
"4972","diff2",0.1
"4973","diff2",0.087
"4974","diff2",0.101
"4975","diff2",0.089
"4976","diff2",0.083
"4977","diff2",0.07
"4978","diff2",0.063
"4979","diff2",0.082
"4980","diff2",0.076
"4981","diff2",0.094
"4982","diff2",0.097
"4983","diff2",0.068
"4984","diff2",0.104
"4985","diff2",0.077
"4986","diff2",0.081
"4987","diff2",0.058
"4988","diff2",0.065
"4989","diff2",0.059
"4990","diff2",0.057
"4991","diff2",0.08
"4992","diff2",0.029
"4993","diff2",0.085
"4994","diff2",0.077
"4995","diff2",0.067
"4996","diff2",0.103
"4997","diff2",0.087
"4998","diff2",0.09
"4999","diff2",0.105
"5000","diff2",0.056
"5001","diff2",0.08
"5002","diff2",0.051
"5003","diff2",0.072
"5004","diff2",0.096
"5005","diff2",0.042
"5006","diff2",0.096
"5007","diff2",0.071
"5008","diff2",0.069
"5009","diff2",0.096
"5010","diff2",0.052
"5011","diff2",0.086
"5012","diff2",0.023
"5013","diff2",0.092
"5014","diff2",0.082
"5015","diff2",0.092
"5016","diff2",0.09
"5017","diff2",0.077
"5018","diff2",0.047
"5019","diff2",0.125
"5020","diff2",0.124
"5021","diff2",0.048
"5022","diff2",0.041
"5023","diff2",0.057
"5024","diff2",0.069
"5025","diff2",0.097
"5026","diff2",0.078
"5027","diff2",0.042
"5028","diff2",0.09
"5029","diff2",0.063
"5030","diff2",0.052
"5031","diff2",0.065
"5032","diff2",0.097
"5033","diff2",0.081
"5034","diff2",0.083
"5035","diff2",0.048
"5036","diff2",0.095
"5037","diff2",0.092
"5038","diff2",0.032
"5039","diff2",0.047
"5040","diff2",0.076
"5041","diff2",0.08
"5042","diff2",0.053
"5043","diff2",0.101
"5044","diff2",0.088
"5045","diff2",0.068
"5046","diff2",0.071
"5047","diff2",0.076
"5048","diff2",0.057
"5049","diff2",0.087
"5050","diff2",0.089
"5051","diff2",0.087
"5052","diff2",0.107
"5053","diff2",0.036
"5054","diff2",0.083
"5055","diff2",0.074
"5056","diff2",0.078
"5057","diff2",0.065
"5058","diff2",0.088
"5059","diff2",0.067
"5060","diff2",0.079
"5061","diff2",0.084
"5062","diff2",0.075
"5063","diff2",0.0189999999999999
"5064","diff2",0.084
"5065","diff2",0.103
"5066","diff2",0.054
"5067","diff2",0.07
"5068","diff2",0.081
"5069","diff2",0.104
"5070","diff2",0.049
"5071","diff2",0.099
"5072","diff2",0.099
"5073","diff2",0.067
"5074","diff2",0.054
"5075","diff2",0.071
"5076","diff2",0.089
"5077","diff2",0.063
"5078","diff2",0.074
"5079","diff2",0.043
"5080","diff2",0.106
"5081","diff2",0.07
"5082","diff2",0.094
"5083","diff2",0.112
"5084","diff2",0.057
"5085","diff2",0.072
"5086","diff2",0.1
"5087","diff2",0.065
"5088","diff2",0.057
"5089","diff2",0.081
"5090","diff2",0.067
"5091","diff2",0.085
"5092","diff2",0.077
"5093","diff2",0.085
"5094","diff2",0.101
"5095","diff2",0.056
"5096","diff2",0.077
"5097","diff2",0.079
"5098","diff2",0.078
"5099","diff2",0.069
"5100","diff2",0.061
"5101","diff2",0.102
"5102","diff2",0.054
"5103","diff2",0.07
"5104","diff2",0.068
"5105","diff2",0.069
"5106","diff2",0.071
"5107","diff2",0.076
"5108","diff2",0.086
"5109","diff2",0.108
"5110","diff2",0.11
"5111","diff2",0.067
"5112","diff2",0.05
"5113","diff2",0.059
"5114","diff2",0.05
"5115","diff2",0.098
"5116","diff2",0.089
"5117","diff2",0.081
"5118","diff2",0.113
"5119","diff2",0.074
"5120","diff2",0.087
"5121","diff2",0.073
"5122","diff2",0.097
"5123","diff2",0.088
"5124","diff2",0.083
"5125","diff2",0.073
"5126","diff2",0.05
"5127","diff2",0.081
"5128","diff2",0.056
"5129","diff2",0.061
"5130","diff2",0.063
"5131","diff2",0.068
"5132","diff2",0.099
"5133","diff2",0.055
"5134","diff2",0.041
"5135","diff2",0.076
"5136","diff2",0.108
"5137","diff2",0.101
"5138","diff2",0.103
"5139","diff2",0.075
"5140","diff2",0.053
"5141","diff2",0.076
"5142","diff2",0.061
"5143","diff2",0.067
"5144","diff2",0.026
"5145","diff2",0.061
"5146","diff2",0.111
"5147","diff2",0.058
"5148","diff2",0.079
"5149","diff2",0.088
"5150","diff2",0.112
"5151","diff2",0.078
"5152","diff2",0.09
"5153","diff2",0.086
"5154","diff2",0.09
"5155","diff2",0.064
"5156","diff2",0.074
"5157","diff2",0.072
"5158","diff2",0.06
"5159","diff2",0.038
"5160","diff2",0.084
"5161","diff2",0.088
"5162","diff2",0.085
"5163","diff2",0.075
"5164","diff2",0.101
"5165","diff2",0.07
"5166","diff2",0.095
"5167","diff2",0.105
"5168","diff2",0.094
"5169","diff2",0.044
"5170","diff2",0.083
"5171","diff2",0.098
"5172","diff2",0.086
"5173","diff2",0.098
"5174","diff2",0.09
"5175","diff2",0.046
"5176","diff2",0.074
"5177","diff2",0.091
"5178","diff2",0.08
"5179","diff2",0.096
"5180","diff2",0.094
"5181","diff2",0.074
"5182","diff2",0.069
"5183","diff2",0.053
"5184","diff2",0.088
"5185","diff2",0.111
"5186","diff2",0.073
"5187","diff2",0.102
"5188","diff2",0.078
"5189","diff2",0.111
"5190","diff2",0.047
"5191","diff2",0.066
"5192","diff2",0.052
"5193","diff2",0.05
"5194","diff2",0.095
"5195","diff2",0.087
"5196","diff2",0.064
"5197","diff2",0.103
"5198","diff2",0.069
"5199","diff2",0.097
"5200","diff2",0.092
"5201","diff2",0.075
"5202","diff2",0.11
"5203","diff2",0.106
"5204","diff2",0.068
"5205","diff2",0.081
"5206","diff2",0.064
"5207","diff2",0.087
"5208","diff2",0.096
"5209","diff2",0.083
"5210","diff2",0.109
"5211","diff2",0.078
"5212","diff2",0.099
"5213","diff2",0.094
"5214","diff2",0.047
"5215","diff2",0.12
"5216","diff2",0.073
"5217","diff2",0.083
"5218","diff2",0.071
"5219","diff2",0.067
"5220","diff2",0.098
"5221","diff2",0.124
"5222","diff2",0.094
"5223","diff2",0.053
"5224","diff2",0.078
"5225","diff2",0.092
"5226","diff2",0.071
"5227","diff2",0.102
"5228","diff2",0.104
"5229","diff2",0.066
"5230","diff2",0.078
"5231","diff2",0.046
"5232","diff2",0.086
"5233","diff2",0.052
"5234","diff2",0.112
"5235","diff2",0.048
"5236","diff2",0.095
"5237","diff2",0.086
"5238","diff2",0.101
"5239","diff2",0.051
"5240","diff2",0.091
"5241","diff2",0.074
"5242","diff2",0.027
"5243","diff2",0.056
"5244","diff2",0.052
"5245","diff2",0.079
"5246","diff2",0.079
"5247","diff2",0.053
"5248","diff2",0.081
"5249","diff2",0.069
"5250","diff2",0.099
"5251","diff2",0.069
"5252","diff2",0.053
"5253","diff2",0.111
"5254","diff2",0.086
"5255","diff2",0.061
"5256","diff2",0.09
"5257","diff2",0.106
"5258","diff2",0.083
"5259","diff2",0.051
"5260","diff2",0.067
"5261","diff2",0.07
"5262","diff2",0.073
"5263","diff2",0.083
"5264","diff2",0.085
"5265","diff2",0.095
"5266","diff2",0.036
"5267","diff2",0.071
"5268","diff2",0.079
"5269","diff2",0.063
"5270","diff2",0.072
"5271","diff2",0.099
"5272","diff2",0.098
"5273","diff2",0.058
"5274","diff2",0.065
"5275","diff2",0.066
"5276","diff2",0.08
"5277","diff2",0.06
"5278","diff2",0.094
"5279","diff2",0.074
"5280","diff2",0.051
"5281","diff2",0.086
"5282","diff2",0.096
"5283","diff2",0.081
"5284","diff2",0.067
"5285","diff2",0.039
"5286","diff2",0.086
"5287","diff2",0.081
"5288","diff2",0.099
"5289","diff2",0.056
"5290","diff2",0.082
"5291","diff2",0.054
"5292","diff2",0.063
"5293","diff2",0.082
"5294","diff2",0.073
"5295","diff2",0.058
"5296","diff2",0.077
"5297","diff2",0.088
"5298","diff2",0.108
"5299","diff2",0.073
"5300","diff2",0.088
"5301","diff2",0.048
"5302","diff2",0.054
"5303","diff2",0.072
"5304","diff2",0.074
"5305","diff2",0.095
"5306","diff2",0.093
"5307","diff2",0.11
"5308","diff2",0.06
"5309","diff2",0.054
"5310","diff2",0.049
"5311","diff2",0.061
"5312","diff2",0.076
"5313","diff2",0.058
"5314","diff2",0.076
"5315","diff2",0.063
"5316","diff2",0.066
"5317","diff2",0.057
"5318","diff2",0.094
"5319","diff2",0.083
"5320","diff2",0.083
"5321","diff2",0.106
"5322","diff2",0.085
"5323","diff2",0.081
"5324","diff2",0.085
"5325","diff2",0.092
"5326","diff2",0.093
"5327","diff2",0.049
"5328","diff2",0.057
"5329","diff2",0.115
"5330","diff2",0.044
"5331","diff2",0.028
"5332","diff2",0.075
"5333","diff2",0.086
"5334","diff2",0.112
"5335","diff2",0.1
"5336","diff2",0.106
"5337","diff2",0.076
"5338","diff2",0.079
"5339","diff2",0.073
"5340","diff2",0.062
"5341","diff2",0.082
"5342","diff2",0.134
"5343","diff2",0.095
"5344","diff2",0.114
"5345","diff2",0.1
"5346","diff2",0.06
"5347","diff2",0.092
"5348","diff2",0.102
"5349","diff2",0.06
"5350","diff2",0.041
"5351","diff2",0.076
"5352","diff2",0.08
"5353","diff2",0.085
"5354","diff2",0.083
"5355","diff2",0.044
"5356","diff2",0.067
"5357","diff2",0.058
"5358","diff2",0.061
"5359","diff2",0.078
"5360","diff2",0.089
"5361","diff2",0.088
"5362","diff2",0.07
"5363","diff2",0.095
"5364","diff2",0.064
"5365","diff2",0.084
"5366","diff2",0.074
"5367","diff2",0.079
"5368","diff2",0.103
"5369","diff2",0.081
"5370","diff2",0.073
"5371","diff2",0.092
"5372","diff2",0.065
"5373","diff2",0.044
"5374","diff2",0.08
"5375","diff2",0.091
"5376","diff2",0.051
"5377","diff2",0.061
"5378","diff2",0.088
"5379","diff2",0.091
"5380","diff2",0.059
"5381","diff2",0.053
"5382","diff2",0.062
"5383","diff2",0.065
"5384","diff2",0.064
"5385","diff2",0.07
"5386","diff2",0.123
"5387","diff2",0.06
"5388","diff2",0.097
"5389","diff2",0.067
"5390","diff2",0.088
"5391","diff2",0.085
"5392","diff2",0.028
"5393","diff2",0.075
"5394","diff2",0.102
"5395","diff2",0.1
"5396","diff2",0.077
"5397","diff2",0.08
"5398","diff2",0.076
"5399","diff2",0.079
"5400","diff2",0.073
"5401","diff2",0.123
"5402","diff2",0.069
"5403","diff2",0.095
"5404","diff2",0.059
"5405","diff2",0.065
"5406","diff2",0.063
"5407","diff2",0.097
"5408","diff2",0.097
"5409","diff2",0.083
"5410","diff2",0.044
"5411","diff2",0.074
"5412","diff2",0.057
"5413","diff2",0.094
"5414","diff2",0.105
"5415","diff2",0.101
"5416","diff2",0.036
"5417","diff2",0.076
"5418","diff2",0.076
"5419","diff2",0.082
"5420","diff2",0.058
"5421","diff2",0.076
"5422","diff2",0.064
"5423","diff2",0.094
"5424","diff2",0.127
"5425","diff2",0.09
"5426","diff2",0.036
"5427","diff2",0.056
"5428","diff2",0.091
"5429","diff2",0.107
"5430","diff2",0.108
"5431","diff2",0.071
"5432","diff2",0.065
"5433","diff2",0.104
"5434","diff2",0.078
"5435","diff2",0.064
"5436","diff2",0.035
"5437","diff2",0.083
"5438","diff2",0.09
"5439","diff2",0.072
"5440","diff2",0.04
"5441","diff2",0.091
"5442","diff2",0.079
"5443","diff2",0.079
"5444","diff2",0.048
"5445","diff2",0.085
"5446","diff2",0.05
"5447","diff2",0.102
"5448","diff2",0.068
"5449","diff2",0.094
"5450","diff2",0.073
"5451","diff2",0.085
"5452","diff2",0.078
"5453","diff2",0.119
"5454","diff2",0.056
"5455","diff2",0.07
"5456","diff2",0.075
"5457","diff2",0.048
"5458","diff2",0.057
"5459","diff2",0.072
"5460","diff2",0.046
"5461","diff2",0.075
"5462","diff2",0.046
"5463","diff2",0.087
"5464","diff2",0.076
"5465","diff2",0.088
"5466","diff2",0.062
"5467","diff2",0.081
"5468","diff2",0.071
"5469","diff2",0.071
"5470","diff2",0.066
"5471","diff2",0.047
"5472","diff2",0.098
"5473","diff2",0.068
"5474","diff2",0.077
"5475","diff2",0.064
"5476","diff2",0.091
"5477","diff2",0.068
"5478","diff2",0.074
"5479","diff2",0.064
"5480","diff2",0.062
"5481","diff2",0.079
"5482","diff2",0.081
"5483","diff2",0.065
"5484","diff2",0.086
"5485","diff2",0.088
"5486","diff2",0.06
"5487","diff2",0.107
"5488","diff2",0.096
"5489","diff2",0.079
"5490","diff2",0.08
"5491","diff2",0.099
"5492","diff2",0.065
"5493","diff2",0.062
"5494","diff2",0.086
"5495","diff2",0.067
"5496","diff2",0.089
"5497","diff2",0.048
"5498","diff2",0.063
"5499","diff2",0.099
"5500","diff2",0.061
"5501","diff2",0.064
"5502","diff2",0.085
"5503","diff2",0.082
"5504","diff2",0.097
"5505","diff2",0.118
"5506","diff2",0.057
"5507","diff2",0.105
"5508","diff2",0.086
"5509","diff2",0.1
"5510","diff2",0.056
"5511","diff2",0.098
"5512","diff2",0.087
"5513","diff2",0.054
"5514","diff2",0.083
"5515","diff2",0.022
"5516","diff2",0.051
"5517","diff2",0.114
"5518","diff2",0.073
"5519","diff2",0.069
"5520","diff2",0.087
"5521","diff2",0.111
"5522","diff2",0.079
"5523","diff2",0.055
"5524","diff2",0.084
"5525","diff2",0.08
"5526","diff2",0.075
"5527","diff2",0.076
"5528","diff2",0.114
"5529","diff2",0.073
"5530","diff2",0.106
"5531","diff2",0.065
"5532","diff2",0.059
"5533","diff2",0.099
"5534","diff2",0.071
"5535","diff2",0.06
"5536","diff2",0.082
"5537","diff2",0.0129999999999999
"5538","diff2",0.076
"5539","diff2",0.073
"5540","diff2",0.051
"5541","diff2",0.076
"5542","diff2",0.109
"5543","diff2",0.081
"5544","diff2",0.087
"5545","diff2",0.061
"5546","diff2",0.067
"5547","diff2",0.062
"5548","diff2",0.069
"5549","diff2",0.064
"5550","diff2",0.087
"5551","diff2",0.104
"5552","diff2",0.082
"5553","diff2",0.075
"5554","diff2",0.042
"5555","diff2",0.063
"5556","diff2",0.061
"5557","diff2",0.089
"5558","diff2",0.05
"5559","diff2",0.061
"5560","diff2",0.078
"5561","diff2",0.051
"5562","diff2",0.096
"5563","diff2",0.081
"5564","diff2",0.061
"5565","diff2",0.127
"5566","diff2",0.084
"5567","diff2",0.112
"5568","diff2",0.073
"5569","diff2",0.086
"5570","diff2",0.081
"5571","diff2",0.077
"5572","diff2",0.125
"5573","diff2",0.066
"5574","diff2",0.088
"5575","diff2",0.032
"5576","diff2",0.077
"5577","diff2",0.081
"5578","diff2",0.068
"5579","diff2",0.074
"5580","diff2",0.08
"5581","diff2",0.087
"5582","diff2",0.079
"5583","diff2",0.103
"5584","diff2",0.111
"5585","diff2",0.078
"5586","diff2",0.104
"5587","diff2",0.127
"5588","diff2",0.073
"5589","diff2",0.103
"5590","diff2",0.11
"5591","diff2",0.067
"5592","diff2",0.085
"5593","diff2",0.044
"5594","diff2",0.104
"5595","diff2",0.037
"5596","diff2",0.058
"5597","diff2",0.083
"5598","diff2",0.078
"5599","diff2",0.063
"5600","diff2",0.078
"5601","diff2",0.066
"5602","diff2",0.067
"5603","diff2",0.0169999999999999
"5604","diff2",0.047
"5605","diff2",0.047
"5606","diff2",0.102
"5607","diff2",0.049
"5608","diff2",0.067
"5609","diff2",0.084
"5610","diff2",0.076
"5611","diff2",0.096
"5612","diff2",0.036
"5613","diff2",0.068
"5614","diff2",0.098
"5615","diff2",0.053
"5616","diff2",0.083
"5617","diff2",0.071
"5618","diff2",0.064
"5619","diff2",0.078
"5620","diff2",0.076
"5621","diff2",0.116
"5622","diff2",0.061
"5623","diff2",0.068
"5624","diff2",0.102
"5625","diff2",0.054
"5626","diff2",0.038
"5627","diff2",0.089
"5628","diff2",0.099
"5629","diff2",0.068
"5630","diff2",0.053
"5631","diff2",0.073
"5632","diff2",0.084
"5633","diff2",0.045
"5634","diff2",0.104
"5635","diff2",0.069
"5636","diff2",0.072
"5637","diff2",0.065
"5638","diff2",0.077
"5639","diff2",0.118
"5640","diff2",0.071
"5641","diff2",0.074
"5642","diff2",0.07
"5643","diff2",0.079
"5644","diff2",0.038
"5645","diff2",0.083
"5646","diff2",0.066
"5647","diff2",0.073
"5648","diff2",0.059
"5649","diff2",0.077
"5650","diff2",0.109
"5651","diff2",0.073
"5652","diff2",0.07
"5653","diff2",0.123
"5654","diff2",0.069
"5655","diff2",0.067
"5656","diff2",0.135
"5657","diff2",0.114
"5658","diff2",0.068
"5659","diff2",0.086
"5660","diff2",0.092
"5661","diff2",0.043
"5662","diff2",0.035
"5663","diff2",0.041
"5664","diff2",0.118
"5665","diff2",0.066
"5666","diff2",0.035
"5667","diff2",0.069
"5668","diff2",0.093
"5669","diff2",0.107
"5670","diff2",0.069
"5671","diff2",0.085
"5672","diff2",0.054
"5673","diff2",0.102
"5674","diff2",0.092
"5675","diff2",0.065
"5676","diff2",0.093
"5677","diff2",0.058
"5678","diff2",0.106
"5679","diff2",0.049
"5680","diff2",0.077
"5681","diff2",0.066
"5682","diff2",0.057
"5683","diff2",0.103
"5684","diff2",0.07
"5685","diff2",0.077
"5686","diff2",0.089
"5687","diff2",0.072
"5688","diff2",0.056
"5689","diff2",0.067
"5690","diff2",0.072
"5691","diff2",0.035
"5692","diff2",0.074
"5693","diff2",0.067
"5694","diff2",0.053
"5695","diff2",0.084
"5696","diff2",0.043
"5697","diff2",0.059
"5698","diff2",0.093
"5699","diff2",0.036
"5700","diff2",0.045
"5701","diff2",0.048
"5702","diff2",0.109
"5703","diff2",0.056
"5704","diff2",0.093
"5705","diff2",0.077
"5706","diff2",0.089
"5707","diff2",0.07
"5708","diff2",0.106
"5709","diff2",0.106
"5710","diff2",0.117
"5711","diff2",0.0209999999999999
"5712","diff2",0.081
"5713","diff2",0.072
"5714","diff2",0.089
"5715","diff2",0.062
"5716","diff2",0.094
"5717","diff2",0.085
"5718","diff2",0.07
"5719","diff2",0.081
"5720","diff2",0.062
"5721","diff2",0.087
"5722","diff2",0.049
"5723","diff2",0.048
"5724","diff2",0.044
"5725","diff2",0.074
"5726","diff2",0.04
"5727","diff2",0.058
"5728","diff2",0.071
"5729","diff2",0.094
"5730","diff2",0.074
"5731","diff2",0.061
"5732","diff2",0.044
"5733","diff2",0.058
"5734","diff2",0.078
"5735","diff2",0.079
"5736","diff2",0.065
"5737","diff2",0.11
"5738","diff2",0.097
"5739","diff2",0.056
"5740","diff2",0.08
"5741","diff2",0.093
"5742","diff2",0.087
"5743","diff2",0.094
"5744","diff2",0.092
"5745","diff2",0.071
"5746","diff2",0.056
"5747","diff2",0.044
"5748","diff2",0.064
"5749","diff2",0.073
"5750","diff2",0.112
"5751","diff2",0.095
"5752","diff2",0.081
"5753","diff2",0.096
"5754","diff2",0.138
"5755","diff2",0.114
"5756","diff2",0.051
"5757","diff2",0.075
"5758","diff2",0.08
"5759","diff2",0.059
"5760","diff2",0.052
"5761","diff2",0.112
"5762","diff2",0.063
"5763","diff2",0.084
"5764","diff2",0.093
"5765","diff2",0.103
"5766","diff2",0.085
"5767","diff2",0.052
"5768","diff2",0.072
"5769","diff2",0.085
